1029,15.84,67,100,4.63,41,0,10000,13,46,18,4,1029,15.84,67,100,4.63,41,0,10000,1029,15.84,67,100,4.63,41,0,10000,1029,15.84,67,100,4.63,41,0,10000,1029,15.84,67,100,4.63,41,0,10000,1029,15.84,67,100,4.63,41,0,10000,1029,15.84,67,100,4.63,41,0,10000,1029,15.84,67,100,4.63,41,0,10000,1029,15.84,67,100,4.63,41,0,10000,1029,15.84,67,100,4.63,41,0,10000,1029,15.84,67,100,4.63,41,0,10000,1029,15.84,67,100,4.63,41,0,10000,1029,15.84,67,100,4.63,41,0,10000
1029,15.84,67,100,4.63,41,0,10000,14,46,18,4,1029,15.84,67,100,4.63,41,0,10000,1029,15.84,67,100,4.63,41,0,10000,1029,15.84,67,100,4.63,41,0,10000,1029,15.84,67,100,4.63,41,0,10000,1029,15.84,67,100,4.63,41,0,10000,1029,15.84,67,100,4.63,41,0,10000,1029,15.84,67,100,4.63,41,0,10000,1029,15.84,67,100,4.63,41,0,10000,1029,15.84,67,100,4.63,41,0,10000,1029,15.84,67,100,4.63,41,0,10000,1029,15.84,67,100,4.63,41,0,10000,1029,15.84,67,100,4.63,41,0,10000
1029,15.84,67,100,4.63,41,0,10000,15,46,18,4,1029,15.84,67,100,4.63,41,0,10000,1029,15.84,67,100,4.63,41,0,10000,1029,15.84,67,100,4.63,41,0,10000,1029,15.84,67,100,4.63,41,0,10000,1029,15.84,67,100,4.63,41,0,10000,1029,15.84,67,100,4.63,41,0,10000,1029,15.84,67,100,4.63,41,0,10000,1029,15.84,67,100,4.63,41,0,10000,1029,15.84,67,100,4.63,41,0,10000,1029,15.84,67,100,4.63,41,0,10000,1029,15.84,67,100,4.63,41,0,10000,1029,15.84,67,100,4.63,41,0,10000
1029,15.84,67,100,4.63,41,0,10000,16,46,18,4,1029,15.84,67,100,4.63,41,0,10000,1029,15.84,67,100,4.63,41,0,10000,1029,15.84,67,100,4.63,41,0,10000,1029,15.84,67,100,4.63,41,0,10000,1029,15.84,67,100,4.63,41,0,10000,1029,15.84,67,100,4.63,41,0,10000,1029,15.84,67,100,4.63,41,0,10000,1029,15.84,67,100,4.63,41,0,10000,1029,15.84,67,100,4.63,41,0,10000,1029,15.84,67,100,4.63,41,0,10000,1029,15.84,67,100,4.63,41,0,10000,1029,15.84,67,100,4.63,41,0,10000
1029,15.84,67,100,4.63,41,0,10000,17,46,18,4,1029,15.84,67,100,4.63,41,0,10000,1029,15.84,67,100,4.63,41,0,10000,1029,15.84,67,100,4.63,41,0,10000,1029,15.84,67,100,4.63,41,0,10000,1029,15.84,67,100,4.63,41,0,10000,1029,15.84,67,100,4.63,41,0,10000,1029,15.84,67,100,4.63,41,0,10000,1029,15.84,67,100,4.63,41,0,10000,1029,15.84,67,100,4.63,41,0,10000,1029,15.84,67,100,4.63,41,0,10000,1029,15.84,67,100,4.63,41,0,10000,1029,15.84,67,100,4.63,41,0,10000
1029,15.84,67,100,4.63,41,0,10000,18,46,18,4,1029,15.84,67,100,4.63,41,0,10000,1029,15.84,67,100,4.63,41,0,10000,1029,15.84,67,100,4.63,41,0,10000,1029,15.84,67,100,4.63,41,0,10000,1029,15.84,67,100,4.63,41,0,10000,1029,15.84,67,100,4.63,41,0,10000,1029,15.84,67,100,4.63,41,0,10000,1029,15.84,67,100,4.63,41,0,10000,1029,15.84,67,100,4.63,41,0,10000,1029,15.84,67,100,4.63,41,0,10000,1029,15.84,67,100,4.63,41,0,10000,1029,15.84,67,100,4.63,41,0,10000
1029,15.84,67,100,4.63,41,0,10000,19,46,18,4,1029,15.84,67,100,4.63,41,0,10000,1029,15.84,67,100,4.63,41,0,10000,1029,15.84,67,100,4.63,41,0,10000,1029,15.84,67,100,4.63,41,0,10000,1029,15.84,67,100,4.63,41,0,10000,1029,15.84,67,100,4.63,41,0,10000,1029,15.84,67,100,4.63,41,0,10000,1029,15.84,67,100,4.63,41,0,10000,1029,15.84,67,100,4.63,41,0,10000,1029,15.84,67,100,4.63,41,0,10000,1029,15.84,67,100,4.63,41,0,10000,1029,15.84,67,100,4.63,41,0,10000
1029,15.84,67,100,4.63,41,0,10000,20,46,18,4,1029,15.84,67,100,4.63,41,0,10000,1029,15.84,67,100,4.63,41,0,10000,1029,15.84,67,100,4.63,41,0,10000,1029,15.84,67,100,4.63,41,0,10000,1029,15.84,67,100,4.63,41,0,10000,1029,15.84,67,100,4.63,41,0,10000,1029,15.84,67,100,4.63,41,0,10000,1029,15.84,67,100,4.63,41,0,10000,1029,15.84,67,100,4.63,41,0,10000,1029,15.84,67,100,4.63,41,0,10000,1029,15.84,67,100,4.63,41,0,10000,1029,15.84,67,100,4.63,41,0,10000
1029,15.84,67,100,4.63,41,0,10000,21,46,18,4,1029,15.84,67,100,4.63,41,0,10000,1029,15.84,67,100,4.63,41,0,10000,1029,15.84,67,100,4.63,41,0,10000,1029,15.84,67,100,4.63,41,0,10000,1029,15.84,67,100,4.63,41,0,10000,1029,15.84,67,100,4.63,41,0,10000,1029,15.84,67,100,4.63,41,0,10000,1029,15.84,67,100,4.63,41,0,10000,1029,15.84,67,100,4.63,41,0,10000,1029,15.84,67,100,4.63,41,0,10000,1029,15.84,67,100,4.63,41,0,10000,1029,15.84,67,100,4.63,41,0,10000
1029,15.84,67,100,4.63,41,0,10000,22,46,18,4,1029,15.84,67,100,4.63,41,0,10000,1029,15.84,67,100,4.63,41,0,10000,1029,15.84,67,100,4.63,41,0,10000,1029,15.84,67,100,4.63,41,0,10000,1029,15.84,67,100,4.63,41,0,10000,1029,15.84,67,100,4.63,41,0,10000,1029,15.84,67,100,4.63,41,0,10000,1029,15.84,67,100,4.63,41,0,10000,1029,15.84,67,100,4.63,41,0,10000,1029,15.84,67,100,4.63,41,0,10000,1029,15.84,67,100,4.63,41,0,10000,1029,15.84,67,100,4.63,41,0,10000
1029,15.84,67,100,4.63,41,0,10000,23,46,18,4,1029,15.84,67,100,4.63,41,0,10000,1029,15.84,67,100,4.63,41,0,10000,1029,15.84,67,100,4.63,41,0,10000,1029,15.84,67,100,4.63,41,0,10000,1029,15.84,67,100,4.63,41,0,10000,1029,15.84,67,100,4.63,41,0,10000,1029,15.84,67,100,4.63,41,0,10000,1029,15.84,67,100,4.63,41,0,10000,1029,15.84,67,100,4.63,41,0,10000,1029,15.84,67,100,4.63,41,0,10000,1029,15.84,67,100,4.63,41,0,10000,1029,15.84,67,100,4.63,41,0,10000
1029,15.84,67,100,4.63,41,0,10000,0,46,19,4,1029,15.84,67,100,4.63,41,0,10000,1029,15.84,67,100,4.63,41,0,10000,1029,15.84,67,100,4.63,41,0,10000,1029,15.84,67,100,4.63,41,0,10000,1029,15.84,67,100,4.63,41,0,10000,1029,15.84,67,100,4.63,41,0,10000,1029,15.84,67,100,4.63,41,0,10000,1029,15.84,67,100,4.63,41,0,10000,1029,15.84,67,100,4.63,41,0,10000,1029,15.84,67,100,4.63,41,0,10000,1029,15.84,67,100,4.63,41,0,10000,1029,15.84,67,100,4.63,41,0,10000
1029,15.84,67,100,4.63,41,0,10000,1,46,19,4,1029,15.84,67,100,4.63,41,0,10000,1029,15.84,67,100,4.63,41,0,10000,1029,15.84,67,100,4.63,41,0,10000,1029,15.84,67,100,4.63,41,0,10000,1029,15.84,67,100,4.63,41,0,10000,1029,15.84,67,100,4.63,41,0,10000,1029,15.84,67,100,4.63,41,0,10000,1029,15.84,67,100,4.63,41,0,10000,1029,15.84,67,100,4.63,41,0,10000,1029,15.84,67,100,4.63,41,0,10000,1029,15.84,67,100,4.63,41,0,10000,1029,15.84,67,100,4.63,41,0,10000
1029,15.84,67,100,4.63,41,0,10000,2,46,19,4,1029,15.84,67,100,4.63,41,0,10000,1029,15.84,67,100,4.63,41,0,10000,1029,15.84,67,100,4.63,41,0,10000,1029,15.84,67,100,4.63,41,0,10000,1029,15.84,67,100,4.63,41,0,10000,1029,15.84,67,100,4.63,41,0,10000,1029,15.84,67,100,4.63,41,0,10000,1029,15.84,67,100,4.63,41,0,10000,1029,15.84,67,100,4.63,41,0,10000,1029,15.84,67,100,4.63,41,0,10000,1029,15.84,67,100,4.63,41,0,10000,1029,15.84,67,100,4.63,41,0,10000
1029,15.84,67,100,4.63,41,0,10000,3,46,19,4,1029,15.84,67,100,4.63,41,0,10000,1029,15.84,67,100,4.63,41,0,10000,1029,15.84,67,100,4.63,41,0,10000,1029,15.84,67,100,4.63,41,0,10000,1029,15.84,67,100,4.63,41,0,10000,1029,15.84,67,100,4.63,41,0,10000,1029,15.84,67,100,4.63,41,0,10000,1029,15.84,67,100,4.63,41,0,10000,1029,15.84,67,100,4.63,41,0,10000,1029,15.84,67,100,4.63,41,0,10000,1029,15.84,67,100,4.63,41,0,10000,1029,15.84,67,100,4.63,41,0,10000
1029,15.84,67,100,4.63,41,0,10000,4,46,19,4,1029,15.84,67,100,4.63,41,0,10000,1029,15.84,67,100,4.63,41,0,10000,1029,15.84,67,100,4.63,41,0,10000,1029,15.84,67,100,4.63,41,0,10000,1029,15.84,67,100,4.63,41,0,10000,1029,15.84,67,100,4.63,41,0,10000,1029,15.84,67,100,4.63,41,0,10000,1029,15.84,67,100,4.63,41,0,10000,1029,15.84,67,100,4.63,41,0,10000,1029,15.84,67,100,4.63,41,0,10000,1029,15.84,67,100,4.63,41,0,10000,1029,15.84,67,100,4.63,41,0,10000
1029,15.84,67,100,4.63,41,0,10000,5,46,19,4,1029,15.84,67,100,4.63,41,0,10000,1029,15.84,67,100,4.63,41,0,10000,1029,15.84,67,100,4.63,41,0,10000,1029,15.84,67,100,4.63,41,0,10000,1029,15.84,67,100,4.63,41,0,10000,1029,15.84,67,100,4.63,41,0,10000,1029,15.84,67,100,4.63,41,0,10000,1029,15.84,67,100,4.63,41,0,10000,1029,15.84,67,100,4.63,41,0,10000,1029,15.84,67,100,4.63,41,0,10000,1029,15.84,67,100,4.63,41,0,10000,1029,15.84,67,100,4.63,41,0,10000
1029,15.84,67,100,4.63,41,0,10000,6,46,19,4,1029,15.84,67,100,4.63,41,0,10000,1029,15.84,67,100,4.63,41,0,10000,1029,15.84,67,100,4.63,41,0,10000,1029,15.84,67,100,4.63,41,0,10000,1029,15.84,67,100,4.63,41,0,10000,1029,15.84,67,100,4.63,41,0,10000,1029,15.84,67,100,4.63,41,0,10000,1029,15.84,67,100,4.63,41,0,10000,1029,15.84,67,100,4.63,41,0,10000,1029,15.84,67,100,4.63,41,0,10000,1029,15.84,67,100,4.63,41,0,10000,1029,15.84,67,100,4.63,41,0,10000
1029,15.84,67,100,4.63,41,0,10000,7,46,19,4,1029,15.84,67,100,4.63,41,0,10000,1029,15.84,67,100,4.63,41,0,10000,1029,15.84,67,100,4.63,41,0,10000,1029,15.84,67,100,4.63,41,0,10000,1029,15.84,67,100,4.63,41,0,10000,1029,15.84,67,100,4.63,41,0,10000,1029,15.84,67,100,4.63,41,0,10000,1029,15.84,67,100,4.63,41,0,10000,1029,15.84,67,100,4.63,41,0,10000,1029,15.84,67,100,4.63,41,0,10000,1029,15.84,67,100,4.63,41,0,10000,1029,15.84,67,100,4.63,41,0,10000
1029,15.84,67,100,4.63,41,0,10000,8,46,19,4,1029,15.84,67,100,4.63,41,0,10000,1029,15.84,67,100,4.63,41,0,10000,1029,15.84,67,100,4.63,41,0,10000,1029,15.84,67,100,4.63,41,0,10000,1029,15.84,67,100,4.63,41,0,10000,1029,15.84,67,100,4.63,41,0,10000,1029,15.84,67,100,4.63,41,0,10000,1029,15.84,67,100,4.63,41,0,10000,1029,15.84,67,100,4.63,41,0,10000,1029,15.84,67,100,4.63,41,0,10000,1029,15.84,67,100,4.63,41,0,10000,1029,15.84,67,100,4.63,41,0,10000
1029,15.84,67,100,4.63,41,0,10000,9,46,19,4,1029,15.84,67,100,4.63,41,0,10000,1029,15.84,67,100,4.63,41,0,10000,1029,15.84,67,100,4.63,41,0,10000,1029,15.84,67,100,4.63,41,0,10000,1029,15.84,67,100,4.63,41,0,10000,1029,15.84,67,100,4.63,41,0,10000,1029,15.84,67,100,4.63,41,0,10000,1029,15.84,67,100,4.63,41,0,10000,1029,15.84,67,100,4.63,41,0,10000,1029,15.84,67,100,4.63,41,0,10000,1029,15.84,67,100,4.63,41,0,10000,1029,15.84,67,100,4.63,41,0,10000
1029,15.84,67,100,4.63,41,0,10000,10,46,19,4,1029,15.84,67,100,4.63,41,0,10000,1029,15.84,67,100,4.63,41,0,10000,1029,15.84,67,100,4.63,41,0,10000,1029,15.84,67,100,4.63,41,0,10000,1029,15.84,67,100,4.63,41,0,10000,1029,15.84,67,100,4.63,41,0,10000,1029,15.84,67,100,4.63,41,0,10000,1029,15.84,67,100,4.63,41,0,10000,1029,15.84,67,100,4.63,41,0,10000,1029,15.84,67,100,4.63,41,0,10000,1029,15.84,67,100,4.63,41,0,10000,1029,15.84,67,100,4.63,41,0,10000
1029,15.84,67,100,4.63,41,0,10000,11,46,19,4,1029,15.84,67,100,4.63,41,0,10000,1029,15.84,67,100,4.63,41,0,10000,1029,15.84,67,100,4.63,41,0,10000,1029,15.84,67,100,4.63,41,0,10000,1029,15.84,67,100,4.63,41,0,10000,1029,15.84,67,100,4.63,41,0,10000,1029,15.84,67,100,4.63,41,0,10000,1029,15.84,67,100,4.63,41,0,10000,1029,15.84,67,100,4.63,41,0,10000,1029,15.84,67,100,4.63,41,0,10000,1029,15.84,67,100,4.63,41,0,10000,1029,15.84,67,100,4.63,41,0,10000
1029,15.84,67,100,4.63,41,0,10000,12,46,19,4,1029,15.84,67,100,4.63,41,0,10000,1029,15.84,67,100,4.63,41,0,10000,1029,15.84,67,100,4.63,41,0,10000,1029,15.84,67,100,4.63,41,0,10000,1029,15.84,67,100,4.63,41,0,10000,1029,15.84,67,100,4.63,41,0,10000,1029,15.84,67,100,4.63,41,0,10000,1029,15.84,67,100,4.63,41,0,10000,1029,15.84,67,100,4.63,41,0,10000,1029,15.84,67,100,4.63,41,0,10000,1029,15.84,67,100,4.63,41,0,10000,1029,15.84,67,100,4.63,41,0,10000
1029,15.84,67,100,4.63,41,0,10000,13,46,19,4,1029,15.84,67,100,4.63,41,0,10000,1029,15.84,67,100,4.63,41,0,10000,1029,15.84,67,100,4.63,41,0,10000,1029,15.84,67,100,4.63,41,0,10000,1029,15.84,67,100,4.63,41,0,10000,1029,15.84,67,100,4.63,41,0,10000,1029,15.84,67,100,4.63,41,0,10000,1029,15.84,67,100,4.63,41,0,10000,1029,15.84,67,100,4.63,41,0,10000,1029,15.84,67,100,4.63,41,0,10000,1029,15.84,67,100,4.63,41,0,10000,1029,15.84,67,100,4.63,41,0,10000
1029,15.84,67,100,4.63,41,0,10000,14,46,19,4,1029,15.84,67,100,4.63,41,0,10000,1029,15.84,67,100,4.63,41,0,10000,1029,15.84,67,100,4.63,41,0,10000,1029,15.84,67,100,4.63,41,0,10000,1029,15.84,67,100,4.63,41,0,10000,1029,15.84,67,100,4.63,41,0,10000,1029,15.84,67,100,4.63,41,0,10000,1029,15.84,67,100,4.63,41,0,10000,1029,15.84,67,100,4.63,41,0,10000,1029,15.84,67,100,4.63,41,0,10000,1029,15.84,67,100,4.63,41,0,10000,1029,15.84,67,100,4.63,41,0,10000
1029,15.84,67,100,4.63,41,0,10000,15,46,19,4,1029,15.84,67,100,4.63,41,0,10000,1029,15.84,67,100,4.63,41,0,10000,1029,15.84,67,100,4.63,41,0,10000,1029,15.84,67,100,4.63,41,0,10000,1029,15.84,67,100,4.63,41,0,10000,1029,15.84,67,100,4.63,41,0,10000,1029,15.84,67,100,4.63,41,0,10000,1029,15.84,67,100,4.63,41,0,10000,1029,15.84,67,100,4.63,41,0,10000,1029,15.84,67,100,4.63,41,0,10000,1029,15.84,67,100,4.63,41,0,10000,1029,15.84,67,100,4.63,41,0,10000
1029,15.84,67,100,4.63,41,0,10000,16,46,19,4,1029,15.84,67,100,4.63,41,0,10000,1029,15.84,67,100,4.63,41,0,10000,1029,15.84,67,100,4.63,41,0,10000,1029,15.84,67,100,4.63,41,0,10000,1029,15.84,67,100,4.63,41,0,10000,1029,15.84,67,100,4.63,41,0,10000,1029,15.84,67,100,4.63,41,0,10000,1029,15.84,67,100,4.63,41,0,10000,1029,15.84,67,100,4.63,41,0,10000,1029,15.84,67,100,4.63,41,0,10000,1029,15.84,67,100,4.63,41,0,10000,1029,15.84,67,100,4.63,41,0,10000
1029,15.84,67,100,4.63,41,0,10000,17,46,19,4,1029,15.84,67,100,4.63,41,0,10000,1029,15.84,67,100,4.63,41,0,10000,1029,15.84,67,100,4.63,41,0,10000,1029,15.84,67,100,4.63,41,0,10000,1029,15.84,67,100,4.63,41,0,10000,1029,15.84,67,100,4.63,41,0,10000,1029,15.84,67,100,4.63,41,0,10000,1029,15.84,67,100,4.63,41,0,10000,1029,15.84,67,100,4.63,41,0,10000,1029,15.84,67,100,4.63,41,0,10000,1029,15.84,67,100,4.63,41,0,10000,1029,15.84,67,100,4.63,41,0,10000
1029,15.84,67,100,4.63,41,0,10000,18,46,19,4,1029,15.84,67,100,4.63,41,0,10000,1029,15.84,67,100,4.63,41,0,10000,1029,15.84,67,100,4.63,41,0,10000,1029,15.84,67,100,4.63,41,0,10000,1029,15.84,67,100,4.63,41,0,10000,1029,15.84,67,100,4.63,41,0,10000,1029,15.84,67,100,4.63,41,0,10000,1029,15.84,67,100,4.63,41,0,10000,1029,15.84,67,100,4.63,41,0,10000,1029,15.84,67,100,4.63,41,0,10000,1029,15.84,67,100,4.63,41,0,10000,1029,15.84,67,100,4.63,41,0,10000
1029,15.84,67,100,4.63,41,0,10000,19,46,19,4,1029,15.84,67,100,4.63,41,0,10000,1029,15.84,67,100,4.63,41,0,10000,1029,15.84,67,100,4.63,41,0,10000,1029,15.84,67,100,4.63,41,0,10000,1029,15.84,67,100,4.63,41,0,10000,1029,15.84,67,100,4.63,41,0,10000,1029,15.84,67,100,4.63,41,0,10000,1029,15.84,67,100,4.63,41,0,10000,1029,15.84,67,100,4.63,41,0,10000,1029,15.84,67,100,4.63,41,0,10000,1029,15.84,67,100,4.63,41,0,10000,1029,15.84,67,100,4.63,41,0,10000
1029,15.84,67,100,4.63,41,0,10000,20,46,19,4,1029,15.84,67,100,4.63,41,0,10000,1029,15.84,67,100,4.63,41,0,10000,1029,15.84,67,100,4.63,41,0,10000,1029,15.84,67,100,4.63,41,0,10000,1029,15.84,67,100,4.63,41,0,10000,1029,15.84,67,100,4.63,41,0,10000,1029,15.84,67,100,4.63,41,0,10000,1029,15.84,67,100,4.63,41,0,10000,1029,15.84,67,100,4.63,41,0,10000,1029,15.84,67,100,4.63,41,0,10000,1029,15.84,67,100,4.63,41,0,10000,1029,15.84,67,100,4.63,41,0,10000
1029,15.84,67,100,4.63,41,0,10000,21,46,19,4,1029,15.84,67,100,4.63,41,0,10000,1029,15.84,67,100,4.63,41,0,10000,1029,15.84,67,100,4.63,41,0,10000,1029,15.84,67,100,4.63,41,0,10000,1029,15.84,67,100,4.63,41,0,10000,1029,15.84,67,100,4.63,41,0,10000,1029,15.84,67,100,4.63,41,0,10000,1029,15.84,67,100,4.63,41,0,10000,1029,15.84,67,100,4.63,41,0,10000,1029,15.84,67,100,4.63,41,0,10000,1029,15.84,67,100,4.63,41,0,10000,1029,15.84,67,100,4.63,41,0,10000
1029,15.84,67,100,4.63,41,0,10000,22,46,19,4,1029,15.84,67,100,4.63,41,0,10000,1029,15.84,67,100,4.63,41,0,10000,1029,15.84,67,100,4.63,41,0,10000,1029,15.84,67,100,4.63,41,0,10000,1029,15.84,67,100,4.63,41,0,10000,1029,15.84,67,100,4.63,41,0,10000,1029,15.84,67,100,4.63,41,0,10000,1029,15.84,67,100,4.63,41,0,10000,1029,15.84,67,100,4.63,41,0,10000,1029,15.84,67,100,4.63,41,0,10000,1029,15.84,67,100,4.63,41,0,10000,1029,15.84,67,100,4.63,41,0,10000
1029,15.84,67,100,4.63,41,0,10000,23,46,19,4,1029,15.84,67,100,4.63,41,0,10000,1029,15.84,67,100,4.63,41,0,10000,1029,15.84,67,100,4.63,41,0,10000,1029,15.84,67,100,4.63,41,0,10000,1029,15.84,67,100,4.63,41,0,10000,1029,15.84,67,100,4.63,41,0,10000,1029,15.84,67,100,4.63,41,0,10000,1029,15.84,67,100,4.63,41,0,10000,1029,15.84,67,100,4.63,41,0,10000,1029,15.84,67,100,4.63,41,0,10000,1029,15.84,67,100,4.63,41,0,10000,1029,15.84,67,100,4.63,41,0,10000
1029,15.84,67,100,4.63,41,0,10000,0,46,20,4,1029,15.84,67,100,4.63,41,0,10000,1029,15.84,67,100,4.63,41,0,10000,1029,15.84,67,100,4.63,41,0,10000,1029,15.84,67,100,4.63,41,0,10000,1029,15.84,67,100,4.63,41,0,10000,1029,15.84,67,100,4.63,41,0,10000,1029,15.84,67,100,4.63,41,0,10000,1029,15.84,67,100,4.63,41,0,10000,1029,15.84,67,100,4.63,41,0,10000,1029,15.84,67,100,4.63,41,0,10000,1029,15.84,67,100,4.63,41,0,10000,1029,15.84,67,100,4.63,41,0,10000
1029,15.84,67,100,4.63,41,0,10000,1,46,20,4,1029,15.84,67,100,4.63,41,0,10000,1029,15.84,67,100,4.63,41,0,10000,1029,15.84,67,100,4.63,41,0,10000,1029,15.84,67,100,4.63,41,0,10000,1029,15.84,67,100,4.63,41,0,10000,1029,15.84,67,100,4.63,41,0,10000,1029,15.84,67,100,4.63,41,0,10000,1029,15.84,67,100,4.63,41,0,10000,1029,15.84,67,100,4.63,41,0,10000,1029,15.84,67,100,4.63,41,0,10000,1029,15.84,67,100,4.63,41,0,10000,1029,15.84,67,100,4.63,41,0,10000
1029,15.84,67,100,4.63,41,0,10000,2,46,20,4,1029,15.84,67,100,4.63,41,0,10000,1029,15.84,67,100,4.63,41,0,10000,1029,15.84,67,100,4.63,41,0,10000,1029,15.84,67,100,4.63,41,0,10000,1029,15.84,67,100,4.63,41,0,10000,1029,15.84,67,100,4.63,41,0,10000,1029,15.84,67,100,4.63,41,0,10000,1029,15.84,67,100,4.63,41,0,10000,1029,15.84,67,100,4.63,41,0,10000,1029,15.84,67,100,4.63,41,0,10000,1029,15.84,67,100,4.63,41,0,10000,1029,15.84,67,100,4.63,41,0,10000
1029,15.84,67,100,4.63,41,0,10000,3,46,20,4,1029,15.84,67,100,4.63,41,0,10000,1029,15.84,67,100,4.63,41,0,10000,1029,15.84,67,100,4.63,41,0,10000,1029,15.84,67,100,4.63,41,0,10000,1029,15.84,67,100,4.63,41,0,10000,1029,15.84,67,100,4.63,41,0,10000,1029,15.84,67,100,4.63,41,0,10000,1029,15.84,67,100,4.63,41,0,10000,1029,15.84,67,100,4.63,41,0,10000,1029,15.84,67,100,4.63,41,0,10000,1029,15.84,67,100,4.63,41,0,10000,1029,15.84,67,100,4.63,41,0,10000
1029,15.84,67,100,4.63,41,0,10000,4,46,20,4,1029,15.84,67,100,4.63,41,0,10000,1029,15.84,67,100,4.63,41,0,10000,1029,15.84,67,100,4.63,41,0,10000,1029,15.84,67,100,4.63,41,0,10000,1029,15.84,67,100,4.63,41,0,10000,1029,15.84,67,100,4.63,41,0,10000,1029,15.84,67,100,4.63,41,0,10000,1029,15.84,67,100,4.63,41,0,10000,1029,15.84,67,100,4.63,41,0,10000,1029,15.84,67,100,4.63,41,0,10000,1029,15.84,67,100,4.63,41,0,10000,1029,15.84,67,100,4.63,41,0,10000
1029,15.84,67,100,4.63,41,0,10000,5,46,20,4,1029,15.84,67,100,4.63,41,0,10000,1029,15.84,67,100,4.63,41,0,10000,1029,15.84,67,100,4.63,41,0,10000,1029,15.84,67,100,4.63,41,0,10000,1029,15.84,67,100,4.63,41,0,10000,1029,15.84,67,100,4.63,41,0,10000,1029,15.84,67,100,4.63,41,0,10000,1029,15.84,67,100,4.63,41,0,10000,1029,15.84,67,100,4.63,41,0,10000,1029,15.84,67,100,4.63,41,0,10000,1029,15.84,67,100,4.63,41,0,10000,1029,15.84,67,100,4.63,41,0,10000
1029,15.84,67,100,4.63,41,0,10000,6,46,20,4,1029,15.84,67,100,4.63,41,0,10000,1029,15.84,67,100,4.63,41,0,10000,1029,15.84,67,100,4.63,41,0,10000,1029,15.84,67,100,4.63,41,0,10000,1029,15.84,67,100,4.63,41,0,10000,1029,15.84,67,100,4.63,41,0,10000,1029,15.84,67,100,4.63,41,0,10000,1029,15.84,67,100,4.63,41,0,10000,1029,15.84,67,100,4.63,41,0,10000,1029,15.84,67,100,4.63,41,0,10000,1029,15.84,67,100,4.63,41,0,10000,1029,15.84,67,100,4.63,41,0,10000
1029,15.84,67,100,4.63,41,0,10000,7,46,20,4,1029,15.84,67,100,4.63,41,0,10000,1029,15.84,67,100,4.63,41,0,10000,1029,15.84,67,100,4.63,41,0,10000,1029,15.84,67,100,4.63,41,0,10000,1029,15.84,67,100,4.63,41,0,10000,1029,15.84,67,100,4.63,41,0,10000,1029,15.84,67,100,4.63,41,0,10000,1029,15.84,67,100,4.63,41,0,10000,1029,15.84,67,100,4.63,41,0,10000,1029,15.84,67,100,4.63,41,0,10000,1029,15.84,67,100,4.63,41,0,10000,1029,15.84,67,100,4.63,41,0,10000
1029,15.84,67,100,4.63,41,0,10000,8,46,20,4,1029,15.84,67,100,4.63,41,0,10000,1029,15.84,67,100,4.63,41,0,10000,1029,15.84,67,100,4.63,41,0,10000,1029,15.84,67,100,4.63,41,0,10000,1029,15.84,67,100,4.63,41,0,10000,1029,15.84,67,100,4.63,41,0,10000,1029,15.84,67,100,4.63,41,0,10000,1029,15.84,67,100,4.63,41,0,10000,1029,15.84,67,100,4.63,41,0,10000,1029,15.84,67,100,4.63,41,0,10000,1029,15.84,67,100,4.63,41,0,10000,1029,15.84,67,100,4.63,41,0,10000
1029,15.84,67,100,4.63,41,0,10000,9,46,20,4,1029,15.84,67,100,4.63,41,0,10000,1029,15.84,67,100,4.63,41,0,10000,1029,15.84,67,100,4.63,41,0,10000,1029,15.84,67,100,4.63,41,0,10000,1029,15.84,67,100,4.63,41,0,10000,1029,15.84,67,100,4.63,41,0,10000,1029,15.84,67,100,4.63,41,0,10000,1029,15.84,67,100,4.63,41,0,10000,1029,15.84,67,100,4.63,41,0,10000,1029,15.84,67,100,4.63,41,0,10000,1029,15.84,67,100,4.63,41,0,10000,1029,15.84,67,100,4.63,41,0,10000
1029,15.84,67,100,4.63,41,0,10000,10,46,20,4,1029,15.84,67,100,4.63,41,0,10000,1029,15.84,67,100,4.63,41,0,10000,1029,15.84,67,100,4.63,41,0,10000,1029,15.84,67,100,4.63,41,0,10000,1029,15.84,67,100,4.63,41,0,10000,1029,15.84,67,100,4.63,41,0,10000,1029,15.84,67,100,4.63,41,0,10000,1029,15.84,67,100,4.63,41,0,10000,1029,15.84,67,100,4.63,41,0,10000,1029,15.84,67,100,4.63,41,0,10000,1029,15.84,67,100,4.63,41,0,10000,1029,15.84,67,100,4.63,41,0,10000
1029,15.84,67,100,4.63,41,0,10000,11,46,20,4,1029,15.84,67,100,4.63,41,0,10000,1029,15.84,67,100,4.63,41,0,10000,1029,15.84,67,100,4.63,41,0,10000,1029,15.84,67,100,4.63,41,0,10000,1029,15.84,67,100,4.63,41,0,10000,1029,15.84,67,100,4.63,41,0,10000,1029,15.84,67,100,4.63,41,0,10000,1029,15.84,67,100,4.63,41,0,10000,1029,15.84,67,100,4.63,41,0,10000,1029,15.84,67,100,4.63,41,0,10000,1029,15.84,67,100,4.63,41,0,10000,1029,15.84,67,100,4.63,41,0,10000
1029,15.84,67,100,4.63,41,0,10000,12,46,20,4,1029,15.84,67,100,4.63,41,0,10000,1029,15.84,67,100,4.63,41,0,10000,1029,15.84,67,100,4.63,41,0,10000,1029,15.84,67,100,4.63,41,0,10000,1029,15.84,67,100,4.63,41,0,10000,1029,15.84,67,100,4.63,41,0,10000,1029,15.84,67,100,4.63,41,0,10000,1029,15.84,67,100,4.63,41,0,10000,1029,15.84,67,100,4.63,41,0,10000,1029,15.84,67,100,4.63,41,0,10000,1029,15.84,67,100,4.63,41,0,10000,1029,15.84,67,100,4.63,41,0,10000
1029,15.84,67,100,4.63,41,0,10000,13,46,20,4,1029,15.84,67,100,4.63,41,0,10000,1029,15.84,67,100,4.63,41,0,10000,1029,15.84,67,100,4.63,41,0,10000,1029,15.84,67,100,4.63,41,0,10000,1029,15.84,67,100,4.63,41,0,10000,1029,15.84,67,100,4.63,41,0,10000,1029,15.84,67,100,4.63,41,0,10000,1029,15.84,67,100,4.63,41,0,10000,1029,15.84,67,100,4.63,41,0,10000,1029,15.84,67,100,4.63,41,0,10000,1029,15.84,67,100,4.63,41,0,10000,1029,15.84,67,100,4.63,41,0,10000
1029,15.84,67,100,4.63,41,0,10000,14,46,20,4,1029,15.84,67,100,4.63,41,0,10000,1029,15.84,67,100,4.63,41,0,10000,1029,15.84,67,100,4.63,41,0,10000,1029,15.84,67,100,4.63,41,0,10000,1029,15.84,67,100,4.63,41,0,10000,1029,15.84,67,100,4.63,41,0,10000,1029,15.84,67,100,4.63,41,0,10000,1029,15.84,67,100,4.63,41,0,10000,1029,15.84,67,100,4.63,41,0,10000,1029,15.84,67,100,4.63,41,0,10000,1029,15.84,67,100,4.63,41,0,10000,1029,15.84,67,100,4.63,41,0,10000
1029,15.84,67,100,4.63,41,0,10000,15,46,20,4,1029,15.84,67,100,4.63,41,0,10000,1029,15.84,67,100,4.63,41,0,10000,1029,15.84,67,100,4.63,41,0,10000,1029,15.84,67,100,4.63,41,0,10000,1029,15.84,67,100,4.63,41,0,10000,1029,15.84,67,100,4.63,41,0,10000,1029,15.84,67,100,4.63,41,0,10000,1029,15.84,67,100,4.63,41,0,10000,1029,15.84,67,100,4.63,41,0,10000,1029,15.84,67,100,4.63,41,0,10000,1029,15.84,67,100,4.63,41,0,10000,1029,15.84,67,100,4.63,41,0,10000
1029,15.84,67,100,4.63,41,0,10000,16,46,20,4,1029,15.84,67,100,4.63,41,0,10000,1029,15.84,67,100,4.63,41,0,10000,1029,15.84,67,100,4.63,41,0,10000,1029,15.84,67,100,4.63,41,0,10000,1029,15.84,67,100,4.63,41,0,10000,1029,15.84,67,100,4.63,41,0,10000,1029,15.84,67,100,4.63,41,0,10000,1029,15.84,67,100,4.63,41,0,10000,1029,15.84,67,100,4.63,41,0,10000,1029,15.84,67,100,4.63,41,0,10000,1029,15.84,67,100,4.63,41,0,10000,1029,15.84,67,100,4.63,41,0,10000
1029,15.84,67,100,4.63,41,0,10000,17,46,20,4,1029,15.84,67,100,4.63,41,0,10000,1029,15.84,67,100,4.63,41,0,10000,1029,15.84,67,100,4.63,41,0,10000,1029,15.84,67,100,4.63,41,0,10000,1029,15.84,67,100,4.63,41,0,10000,1029,15.84,67,100,4.63,41,0,10000,1029,15.84,67,100,4.63,41,0,10000,1029,15.84,67,100,4.63,41,0,10000,1029,15.84,67,100,4.63,41,0,10000,1029,15.84,67,100,4.63,41,0,10000,1029,15.84,67,100,4.63,41,0,10000,1029,15.84,67,100,4.63,41,0,10000
1029,15.84,67,100,4.63,41,0,10000,18,46,20,4,1029,15.84,67,100,4.63,41,0,10000,1029,15.84,67,100,4.63,41,0,10000,1029,15.84,67,100,4.63,41,0,10000,1029,15.84,67,100,4.63,41,0,10000,1029,15.84,67,100,4.63,41,0,10000,1029,15.84,67,100,4.63,41,0,10000,1029,15.84,67,100,4.63,41,0,10000,1029,15.84,67,100,4.63,41,0,10000,1029,15.84,67,100,4.63,41,0,10000,1029,15.84,67,100,4.63,41,0,10000,1029,15.84,67,100,4.63,41,0,10000,1029,15.84,67,100,4.63,41,0,10000
1029,15.84,67,100,4.63,41,0,10000,19,46,20,4,1029,15.84,67,100,4.63,41,0,10000,1029,15.84,67,100,4.63,41,0,10000,1029,15.84,67,100,4.63,41,0,10000,1029,15.84,67,100,4.63,41,0,10000,1029,15.84,67,100,4.63,41,0,10000,1029,15.84,67,100,4.63,41,0,10000,1029,15.84,67,100,4.63,41,0,10000,1029,15.84,67,100,4.63,41,0,10000,1029,15.84,67,100,4.63,41,0,10000,1029,15.84,67,100,4.63,41,0,10000,1029,15.84,67,100,4.63,41,0,10000,1029,15.84,67,100,4.63,41,0,10000
1029,15.84,67,100,4.63,41,0,10000,20,46,20,4,1029,15.84,67,100,4.63,41,0,10000,1029,15.84,67,100,4.63,41,0,10000,1029,15.84,67,100,4.63,41,0,10000,1029,15.84,67,100,4.63,41,0,10000,1029,15.84,67,100,4.63,41,0,10000,1029,15.84,67,100,4.63,41,0,10000,1029,15.84,67,100,4.63,41,0,10000,1029,15.84,67,100,4.63,41,0,10000,1029,15.84,67,100,4.63,41,0,10000,1029,15.84,67,100,4.63,41,0,10000,1029,15.84,67,100,4.63,41,0,10000,1029,15.84,67,100,4.63,41,0,10000
1029,15.84,67,100,4.63,41,0,10000,21,46,20,4,1029,15.84,67,100,4.63,41,0,10000,1029,15.84,67,100,4.63,41,0,10000,1029,15.84,67,100,4.63,41,0,10000,1029,15.84,67,100,4.63,41,0,10000,1029,15.84,67,100,4.63,41,0,10000,1029,15.84,67,100,4.63,41,0,10000,1029,15.84,67,100,4.63,41,0,10000,1029,15.84,67,100,4.63,41,0,10000,1029,15.84,67,100,4.63,41,0,10000,1029,15.84,67,100,4.63,41,0,10000,1029,15.84,67,100,4.63,41,0,10000,1029,15.84,67,100,4.63,41,0,10000
1029,15.84,67,100,4.63,41,0,10000,22,46,20,4,1029,15.84,67,100,4.63,41,0,10000,1029,15.84,67,100,4.63,41,0,10000,1029,15.84,67,100,4.63,41,0,10000,1029,15.84,67,100,4.63,41,0,10000,1029,15.84,67,100,4.63,41,0,10000,1029,15.84,67,100,4.63,41,0,10000,1029,15.84,67,100,4.63,41,0,10000,1029,15.84,67,100,4.63,41,0,10000,1029,15.84,67,100,4.63,41,0,10000,1029,15.84,67,100,4.63,41,0,10000,1029,15.84,67,100,4.63,41,0,10000,1029,15.84,67,100,4.63,41,0,10000
1029,15.84,67,100,4.63,41,0,10000,23,46,20,4,1029,15.84,67,100,4.63,41,0,10000,1029,15.84,67,100,4.63,41,0,10000,1029,15.84,67,100,4.63,41,0,10000,1029,15.84,67,100,4.63,41,0,10000,1029,15.84,67,100,4.63,41,0,10000,1029,15.84,67,100,4.63,41,0,10000,1029,15.84,67,100,4.63,41,0,10000,1029,15.84,67,100,4.63,41,0,10000,1029,15.84,67,100,4.63,41,0,10000,1029,15.84,67,100,4.63,41,0,10000,1029,15.84,67,100,4.63,41,0,10000,1029,15.84,67,100,4.63,41,0,10000
1029,15.84,67,100,4.63,41,0,10000,0,46,21,4,1029,15.84,67,100,4.63,41,0,10000,1029,15.84,67,100,4.63,41,0,10000,1029,15.84,67,100,4.63,41,0,10000,1029,15.84,67,100,4.63,41,0,10000,1029,15.84,67,100,4.63,41,0,10000,1029,15.84,67,100,4.63,41,0,10000,1029,15.84,67,100,4.63,41,0,10000,1029,15.84,67,100,4.63,41,0,10000,1029,15.84,67,100,4.63,41,0,10000,1029,15.84,67,100,4.63,41,0,10000,1029,15.84,67,100,4.63,41,0,10000,1029,15.84,67,100,4.63,41,0,10000
1029,15.84,67,100,4.63,41,0,10000,1,46,21,4,1029,15.84,67,100,4.63,41,0,10000,1029,15.84,67,100,4.63,41,0,10000,1029,15.84,67,100,4.63,41,0,10000,1029,15.84,67,100,4.63,41,0,10000,1029,15.84,67,100,4.63,41,0,10000,1029,15.84,67,100,4.63,41,0,10000,1029,15.84,67,100,4.63,41,0,10000,1029,15.84,67,100,4.63,41,0,10000,1029,15.84,67,100,4.63,41,0,10000,1029,15.84,67,100,4.63,41,0,10000,1029,15.84,67,100,4.63,41,0,10000,1029,15.84,67,100,4.63,41,0,10000
1029,15.84,67,100,4.63,41,0,10000,2,46,21,4,1029,15.84,67,100,4.63,41,0,10000,1029,15.84,67,100,4.63,41,0,10000,1029,15.84,67,100,4.63,41,0,10000,1029,15.84,67,100,4.63,41,0,10000,1029,15.84,67,100,4.63,41,0,10000,1029,15.84,67,100,4.63,41,0,10000,1029,15.84,67,100,4.63,41,0,10000,1029,15.84,67,100,4.63,41,0,10000,1029,15.84,67,100,4.63,41,0,10000,1029,15.84,67,100,4.63,41,0,10000,1029,15.84,67,100,4.63,41,0,10000,1029,15.84,67,100,4.63,41,0,10000
1029,15.84,67,100,4.63,41,0,10000,3,46,21,4,1029,15.84,67,100,4.63,41,0,10000,1029,15.84,67,100,4.63,41,0,10000,1029,15.84,67,100,4.63,41,0,10000,1029,15.84,67,100,4.63,41,0,10000,1029,15.84,67,100,4.63,41,0,10000,1029,15.84,67,100,4.63,41,0,10000,1029,15.84,67,100,4.63,41,0,10000,1029,15.84,67,100,4.63,41,0,10000,1029,15.84,67,100,4.63,41,0,10000,1029,15.84,67,100,4.63,41,0,10000,1029,15.84,67,100,4.63,41,0,10000,1029,15.84,67,100,4.63,41,0,10000
1029,15.84,67,100,4.63,41,0,10000,4,46,21,4,1029,15.84,67,100,4.63,41,0,10000,1029,15.84,67,100,4.63,41,0,10000,1029,15.84,67,100,4.63,41,0,10000,1029,15.84,67,100,4.63,41,0,10000,1029,15.84,67,100,4.63,41,0,10000,1029,15.84,67,100,4.63,41,0,10000,1029,15.84,67,100,4.63,41,0,10000,1029,15.84,67,100,4.63,41,0,10000,1029,15.84,67,100,4.63,41,0,10000,1029,15.84,67,100,4.63,41,0,10000,1029,15.84,67,100,4.63,41,0,10000,1029,15.84,67,100,4.63,41,0,10000
1029,15.84,67,100,4.63,41,0,10000,5,46,21,4,1029,15.84,67,100,4.63,41,0,10000,1029,15.84,67,100,4.63,41,0,10000,1029,15.84,67,100,4.63,41,0,10000,1029,15.84,67,100,4.63,41,0,10000,1029,15.84,67,100,4.63,41,0,10000,1029,15.84,67,100,4.63,41,0,10000,1029,15.84,67,100,4.63,41,0,10000,1029,15.84,67,100,4.63,41,0,10000,1029,15.84,67,100,4.63,41,0,10000,1029,15.84,67,100,4.63,41,0,10000,1029,15.84,67,100,4.63,41,0,10000,1029,15.84,67,100,4.63,41,0,10000
1029,15.84,67,100,4.63,41,0,10000,6,46,21,4,1029,15.84,67,100,4.63,41,0,10000,1029,15.84,67,100,4.63,41,0,10000,1029,15.84,67,100,4.63,41,0,10000,1029,15.84,67,100,4.63,41,0,10000,1029,15.84,67,100,4.63,41,0,10000,1029,15.84,67,100,4.63,41,0,10000,1029,15.84,67,100,4.63,41,0,10000,1029,15.84,67,100,4.63,41,0,10000,1029,15.84,67,100,4.63,41,0,10000,1029,15.84,67,100,4.63,41,0,10000,1029,15.84,67,100,4.63,41,0,10000,1029,15.84,67,100,4.63,41,0,10000
1029,15.84,67,100,4.63,41,0,10000,7,46,21,4,1029,15.84,67,100,4.63,41,0,10000,1029,15.84,67,100,4.63,41,0,10000,1029,15.84,67,100,4.63,41,0,10000,1029,15.84,67,100,4.63,41,0,10000,1029,15.84,67,100,4.63,41,0,10000,1029,15.84,67,100,4.63,41,0,10000,1029,15.84,67,100,4.63,41,0,10000,1029,15.84,67,100,4.63,41,0,10000,1029,15.84,67,100,4.63,41,0,10000,1029,15.84,67,100,4.63,41,0,10000,1029,15.84,67,100,4.63,41,0,10000,1029,15.84,67,100,4.63,41,0,10000
1029,15.84,67,100,4.63,41,0,10000,8,46,21,4,1029,15.84,67,100,4.63,41,0,10000,1029,15.84,67,100,4.63,41,0,10000,1029,15.84,67,100,4.63,41,0,10000,1029,15.84,67,100,4.63,41,0,10000,1029,15.84,67,100,4.63,41,0,10000,1029,15.84,67,100,4.63,41,0,10000,1029,15.84,67,100,4.63,41,0,10000,1029,15.84,67,100,4.63,41,0,10000,1029,15.84,67,100,4.63,41,0,10000,1029,15.84,67,100,4.63,41,0,10000,1029,15.84,67,100,4.63,41,0,10000,1029,15.84,67,100,4.63,41,0,10000
1029,15.84,67,100,4.63,41,0,10000,9,46,21,4,1029,15.84,67,100,4.63,41,0,10000,1029,15.84,67,100,4.63,41,0,10000,1029,15.84,67,100,4.63,41,0,10000,1029,15.84,67,100,4.63,41,0,10000,1029,15.84,67,100,4.63,41,0,10000,1029,15.84,67,100,4.63,41,0,10000,1029,15.84,67,100,4.63,41,0,10000,1029,15.84,67,100,4.63,41,0,10000,1029,15.84,67,100,4.63,41,0,10000,1029,15.84,67,100,4.63,41,0,10000,1029,15.84,67,100,4.63,41,0,10000,1029,15.84,67,100,4.63,41,0,10000
1029,15.84,67,100,4.63,41,0,10000,10,46,21,4,1029,15.84,67,100,4.63,41,0,10000,1029,15.84,67,100,4.63,41,0,10000,1029,15.84,67,100,4.63,41,0,10000,1029,15.84,67,100,4.63,41,0,10000,1029,15.84,67,100,4.63,41,0,10000,1029,15.84,67,100,4.63,41,0,10000,1029,15.84,67,100,4.63,41,0,10000,1029,15.84,67,100,4.63,41,0,10000,1029,15.84,67,100,4.63,41,0,10000,1029,15.84,67,100,4.63,41,0,10000,1029,15.84,67,100,4.63,41,0,10000,1029,15.84,67,100,4.63,41,0,10000
1029,15.84,67,100,4.63,41,0,10000,11,46,21,4,1029,15.84,67,100,4.63,41,0,10000,1029,15.84,67,100,4.63,41,0,10000,1029,15.84,67,100,4.63,41,0,10000,1029,15.84,67,100,4.63,41,0,10000,1029,15.84,67,100,4.63,41,0,10000,1029,15.84,67,100,4.63,41,0,10000,1029,15.84,67,100,4.63,41,0,10000,1029,15.84,67,100,4.63,41,0,10000,1029,15.84,67,100,4.63,41,0,10000,1029,15.84,67,100,4.63,41,0,10000,1029,15.84,67,100,4.63,41,0,10000,1029,15.84,67,100,4.63,41,0,10000
1029,15.84,67,100,4.63,41,0,10000,12,46,21,4,1029,15.84,67,100,4.63,41,0,10000,1029,15.84,67,100,4.63,41,0,10000,1029,15.84,67,100,4.63,41,0,10000,1029,15.84,67,100,4.63,41,0,10000,1029,15.84,67,100,4.63,41,0,10000,1029,15.84,67,100,4.63,41,0,10000,1029,15.84,67,100,4.63,41,0,10000,1029,15.84,67,100,4.63,41,0,10000,1029,15.84,67,100,4.63,41,0,10000,1029,15.84,67,100,4.63,41,0,10000,1029,15.84,67,100,4.63,41,0,10000,1029,15.84,67,100,4.63,41,0,10000
1029,15.84,67,100,4.63,41,0,10000,13,46,21,4,1029,15.84,67,100,4.63,41,0,10000,1029,15.84,67,100,4.63,41,0,10000,1029,15.84,67,100,4.63,41,0,10000,1029,15.84,67,100,4.63,41,0,10000,1029,15.84,67,100,4.63,41,0,10000,1029,15.84,67,100,4.63,41,0,10000,1029,15.84,67,100,4.63,41,0,10000,1029,15.84,67,100,4.63,41,0,10000,1029,15.84,67,100,4.63,41,0,10000,1029,15.84,67,100,4.63,41,0,10000,1029,15.84,67,100,4.63,41,0,10000,1029,15.84,67,100,4.63,41,0,10000
1029,15.84,67,100,4.63,41,0,10000,14,46,21,4,1029,15.84,67,100,4.63,41,0,10000,1029,15.84,67,100,4.63,41,0,10000,1029,15.84,67,100,4.63,41,0,10000,1029,15.84,67,100,4.63,41,0,10000,1029,15.84,67,100,4.63,41,0,10000,1029,15.84,67,100,4.63,41,0,10000,1029,15.84,67,100,4.63,41,0,10000,1029,15.84,67,100,4.63,41,0,10000,1029,15.84,67,100,4.63,41,0,10000,1029,15.84,67,100,4.63,41,0,10000,1029,15.84,67,100,4.63,41,0,10000,1029,15.84,67,100,4.63,41,0,10000
1029,15.84,67,100,4.63,41,0,10000,15,46,21,4,1029,15.84,67,100,4.63,41,0,10000,1029,15.84,67,100,4.63,41,0,10000,1029,15.84,67,100,4.63,41,0,10000,1029,15.84,67,100,4.63,41,0,10000,1029,15.84,67,100,4.63,41,0,10000,1029,15.84,67,100,4.63,41,0,10000,1029,15.84,67,100,4.63,41,0,10000,1029,15.84,67,100,4.63,41,0,10000,1029,15.84,67,100,4.63,41,0,10000,1029,15.84,67,100,4.63,41,0,10000,1029,15.84,67,100,4.63,41,0,10000,1029,15.84,67,100,4.63,41,0,10000
1029,15.84,67,100,4.63,41,0,10000,16,46,21,4,1029,15.84,67,100,4.63,41,0,10000,1029,15.84,67,100,4.63,41,0,10000,1029,15.84,67,100,4.63,41,0,10000,1029,15.84,67,100,4.63,41,0,10000,1029,15.84,67,100,4.63,41,0,10000,1029,15.84,67,100,4.63,41,0,10000,1029,15.84,67,100,4.63,41,0,10000,1029,15.84,67,100,4.63,41,0,10000,1029,15.84,67,100,4.63,41,0,10000,1029,15.84,67,100,4.63,41,0,10000,1029,15.84,67,100,4.63,41,0,10000,1029,15.84,67,100,4.63,41,0,10000
1029,15.84,67,100,4.63,41,0,10000,17,46,21,4,1029,15.84,67,100,4.63,41,0,10000,1029,15.84,67,100,4.63,41,0,10000,1029,15.84,67,100,4.63,41,0,10000,1029,15.84,67,100,4.63,41,0,10000,1029,15.84,67,100,4.63,41,0,10000,1029,15.84,67,100,4.63,41,0,10000,1029,15.84,67,100,4.63,41,0,10000,1029,15.84,67,100,4.63,41,0,10000,1029,15.84,67,100,4.63,41,0,10000,1029,15.84,67,100,4.63,41,0,10000,1029,15.84,67,100,4.63,41,0,10000,1029,15.84,67,100,4.63,41,0,10000
1029,15.84,67,100,4.63,41,0,10000,18,46,21,4,1029,15.84,67,100,4.63,41,0,10000,1029,15.84,67,100,4.63,41,0,10000,1029,15.84,67,100,4.63,41,0,10000,1029,15.84,67,100,4.63,41,0,10000,1029,15.84,67,100,4.63,41,0,10000,1029,15.84,67,100,4.63,41,0,10000,1029,15.84,67,100,4.63,41,0,10000,1029,15.84,67,100,4.63,41,0,10000,1029,15.84,67,100,4.63,41,0,10000,1029,15.84,67,100,4.63,41,0,10000,1029,15.84,67,100,4.63,41,0,10000,1029,15.84,67,100,4.63,41,0,10000
1029,15.84,67,100,4.63,41,0,10000,19,46,21,4,1029,15.84,67,100,4.63,41,0,10000,1029,15.84,67,100,4.63,41,0,10000,1029,15.84,67,100,4.63,41,0,10000,1029,15.84,67,100,4.63,41,0,10000,1029,15.84,67,100,4.63,41,0,10000,1029,15.84,67,100,4.63,41,0,10000,1029,15.84,67,100,4.63,41,0,10000,1029,15.84,67,100,4.63,41,0,10000,1029,15.84,67,100,4.63,41,0,10000,1029,15.84,67,100,4.63,41,0,10000,1029,15.84,67,100,4.63,41,0,10000,1029,15.84,67,100,4.63,41,0,10000
1029,15.84,67,100,4.63,41,0,10000,20,46,21,4,1029,15.84,67,100,4.63,41,0,10000,1029,15.84,67,100,4.63,41,0,10000,1029,15.84,67,100,4.63,41,0,10000,1029,15.84,67,100,4.63,41,0,10000,1029,15.84,67,100,4.63,41,0,10000,1029,15.84,67,100,4.63,41,0,10000,1029,15.84,67,100,4.63,41,0,10000,1029,15.84,67,100,4.63,41,0,10000,1029,15.84,67,100,4.63,41,0,10000,1029,15.84,67,100,4.63,41,0,10000,1029,15.84,67,100,4.63,41,0,10000,1029,15.84,67,100,4.63,41,0,10000
1029,15.84,67,100,4.63,41,0,10000,21,46,21,4,1029,15.84,67,100,4.63,41,0,10000,1029,15.84,67,100,4.63,41,0,10000,1029,15.84,67,100,4.63,41,0,10000,1029,15.84,67,100,4.63,41,0,10000,1029,15.84,67,100,4.63,41,0,10000,1029,15.84,67,100,4.63,41,0,10000,1029,15.84,67,100,4.63,41,0,10000,1029,15.84,67,100,4.63,41,0,10000,1029,15.84,67,100,4.63,41,0,10000,1029,15.84,67,100,4.63,41,0,10000,1029,15.84,67,100,4.63,41,0,10000,1029,15.84,67,100,4.63,41,0,10000
1029,15.84,67,100,4.63,41,0,10000,22,46,21,4,1029,15.84,67,100,4.63,41,0,10000,1029,15.84,67,100,4.63,41,0,10000,1029,15.84,67,100,4.63,41,0,10000,1029,15.84,67,100,4.63,41,0,10000,1029,15.84,67,100,4.63,41,0,10000,1029,15.84,67,100,4.63,41,0,10000,1029,15.84,67,100,4.63,41,0,10000,1029,15.84,67,100,4.63,41,0,10000,1029,15.84,67,100,4.63,41,0,10000,1029,15.84,67,100,4.63,41,0,10000,1029,15.84,67,100,4.63,41,0,10000,1029,15.84,67,100,4.63,41,0,10000
1029,15.84,67,100,4.63,41,0,10000,23,46,21,4,1029,15.84,67,100,4.63,41,0,10000,1029,15.84,67,100,4.63,41,0,10000,1029,15.84,67,100,4.63,41,0,10000,1029,15.84,67,100,4.63,41,0,10000,1029,15.84,67,100,4.63,41,0,10000,1029,15.84,67,100,4.63,41,0,10000,1029,15.84,67,100,4.63,41,0,10000,1029,15.84,67,100,4.63,41,0,10000,1029,15.84,67,100,4.63,41,0,10000,1029,15.84,67,100,4.63,41,0,10000,1029,15.84,67,100,4.63,41,0,10000,1029,15.84,67,100,4.63,41,0,10000
1029,15.84,67,100,4.63,41,0,10000,0,46,22,4,1029,15.84,67,100,4.63,41,0,10000,1029,15.84,67,100,4.63,41,0,10000,1029,15.84,67,100,4.63,41,0,10000,1029,15.84,67,100,4.63,41,0,10000,1029,15.84,67,100,4.63,41,0,10000,1029,15.84,67,100,4.63,41,0,10000,1029,15.84,67,100,4.63,41,0,10000,1029,15.84,67,100,4.63,41,0,10000,1029,15.84,67,100,4.63,41,0,10000,1029,15.84,67,100,4.63,41,0,10000,1029,15.84,67,100,4.63,41,0,10000,1029,15.84,67,100,4.63,41,0,10000
1029,15.84,67,100,4.63,41,0,10000,1,46,22,4,1029,15.84,67,100,4.63,41,0,10000,1029,15.84,67,100,4.63,41,0,10000,1029,15.84,67,100,4.63,41,0,10000,1029,15.84,67,100,4.63,41,0,10000,1029,15.84,67,100,4.63,41,0,10000,1029,15.84,67,100,4.63,41,0,10000,1029,15.84,67,100,4.63,41,0,10000,1029,15.84,67,100,4.63,41,0,10000,1029,15.84,67,100,4.63,41,0,10000,1029,15.84,67,100,4.63,41,0,10000,1029,15.84,67,100,4.63,41,0,10000,1029,15.84,67,100,4.63,41,0,10000
1029,15.84,67,100,4.63,41,0,10000,2,46,22,4,1029,15.84,67,100,4.63,41,0,10000,1029,15.84,67,100,4.63,41,0,10000,1029,15.84,67,100,4.63,41,0,10000,1029,15.84,67,100,4.63,41,0,10000,1029,15.84,67,100,4.63,41,0,10000,1029,15.84,67,100,4.63,41,0,10000,1029,15.84,67,100,4.63,41,0,10000,1029,15.84,67,100,4.63,41,0,10000,1029,15.84,67,100,4.63,41,0,10000,1029,15.84,67,100,4.63,41,0,10000,1029,15.84,67,100,4.63,41,0,10000,1029,15.84,67,100,4.63,41,0,10000
1029,15.84,67,100,4.63,41,0,10000,3,46,22,4,1029,15.84,67,100,4.63,41,0,10000,1029,15.84,67,100,4.63,41,0,10000,1029,15.84,67,100,4.63,41,0,10000,1029,15.84,67,100,4.63,41,0,10000,1029,15.84,67,100,4.63,41,0,10000,1029,15.84,67,100,4.63,41,0,10000,1029,15.84,67,100,4.63,41,0,10000,1029,15.84,67,100,4.63,41,0,10000,1029,15.84,67,100,4.63,41,0,10000,1029,15.84,67,100,4.63,41,0,10000,1029,15.84,67,100,4.63,41,0,10000,1029,15.84,67,100,4.63,41,0,10000
1029,15.84,67,100,4.63,41,0,10000,4,46,22,4,1029,15.84,67,100,4.63,41,0,10000,1029,15.84,67,100,4.63,41,0,10000,1029,15.84,67,100,4.63,41,0,10000,1029,15.84,67,100,4.63,41,0,10000,1029,15.84,67,100,4.63,41,0,10000,1029,15.84,67,100,4.63,41,0,10000,1029,15.84,67,100,4.63,41,0,10000,1029,15.84,67,100,4.63,41,0,10000,1029,15.84,67,100,4.63,41,0,10000,1029,15.84,67,100,4.63,41,0,10000,1029,15.84,67,100,4.63,41,0,10000,1029,15.84,67,100,4.63,41,0,10000
1029,15.84,67,100,4.63,41,0,10000,5,46,22,4,1029,15.84,67,100,4.63,41,0,10000,1029,15.84,67,100,4.63,41,0,10000,1029,15.84,67,100,4.63,41,0,10000,1029,15.84,67,100,4.63,41,0,10000,1029,15.84,67,100,4.63,41,0,10000,1029,15.84,67,100,4.63,41,0,10000,1029,15.84,67,100,4.63,41,0,10000,1029,15.84,67,100,4.63,41,0,10000,1029,15.84,67,100,4.63,41,0,10000,1029,15.84,67,100,4.63,41,0,10000,1029,15.84,67,100,4.63,41,0,10000,1029,15.84,67,100,4.63,41,0,10000
1029,15.84,67,100,4.63,41,0,10000,6,46,22,4,1029,15.84,67,100,4.63,41,0,10000,1029,15.84,67,100,4.63,41,0,10000,1029,15.84,67,100,4.63,41,0,10000,1029,15.84,67,100,4.63,41,0,10000,1029,15.84,67,100,4.63,41,0,10000,1029,15.84,67,100,4.63,41,0,10000,1029,15.84,67,100,4.63,41,0,10000,1029,15.84,67,100,4.63,41,0,10000,1029,15.84,67,100,4.63,41,0,10000,1029,15.84,67,100,4.63,41,0,10000,1029,15.84,67,100,4.63,41,0,10000,1029,15.84,67,100,4.63,41,0,10000
1029,15.84,67,100,4.63,41,0,10000,7,46,22,4,1029,15.84,67,100,4.63,41,0,10000,1029,15.84,67,100,4.63,41,0,10000,1029,15.84,67,100,4.63,41,0,10000,1029,15.84,67,100,4.63,41,0,10000,1029,15.84,67,100,4.63,41,0,10000,1029,15.84,67,100,4.63,41,0,10000,1029,15.84,67,100,4.63,41,0,10000,1029,15.84,67,100,4.63,41,0,10000,1029,15.84,67,100,4.63,41,0,10000,1029,15.84,67,100,4.63,41,0,10000,1029,15.84,67,100,4.63,41,0,10000,1029,15.84,67,100,4.63,41,0,10000
1029,15.84,67,100,4.63,41,0,10000,8,46,22,4,1029,15.84,67,100,4.63,41,0,10000,1029,15.84,67,100,4.63,41,0,10000,1029,15.84,67,100,4.63,41,0,10000,1029,15.84,67,100,4.63,41,0,10000,1029,15.84,67,100,4.63,41,0,10000,1029,15.84,67,100,4.63,41,0,10000,1029,15.84,67,100,4.63,41,0,10000,1029,15.84,67,100,4.63,41,0,10000,1029,15.84,67,100,4.63,41,0,10000,1029,15.84,67,100,4.63,41,0,10000,1029,15.84,67,100,4.63,41,0,10000,1029,15.84,67,100,4.63,41,0,10000
1029,15.84,67,100,4.63,41,0,10000,9,46,22,4,1029,15.84,67,100,4.63,41,0,10000,1029,15.84,67,100,4.63,41,0,10000,1029,15.84,67,100,4.63,41,0,10000,1029,15.84,67,100,4.63,41,0,10000,1029,15.84,67,100,4.63,41,0,10000,1029,15.84,67,100,4.63,41,0,10000,1029,15.84,67,100,4.63,41,0,10000,1029,15.84,67,100,4.63,41,0,10000,1029,15.84,67,100,4.63,41,0,10000,1029,15.84,67,100,4.63,41,0,10000,1029,15.84,67,100,4.63,41,0,10000,1029,15.84,67,100,4.63,41,0,10000
1029,15.84,67,100,4.63,41,0,10000,10,46,22,4,1029,15.84,67,100,4.63,41,0,10000,1029,15.84,67,100,4.63,41,0,10000,1029,15.84,67,100,4.63,41,0,10000,1029,15.84,67,100,4.63,41,0,10000,1029,15.84,67,100,4.63,41,0,10000,1029,15.84,67,100,4.63,41,0,10000,1029,15.84,67,100,4.63,41,0,10000,1029,15.84,67,100,4.63,41,0,10000,1029,15.84,67,100,4.63,41,0,10000,1029,15.84,67,100,4.63,41,0,10000,1029,15.84,67,100,4.63,41,0,10000,1029,15.84,67,100,4.63,41,0,10000
1029,15.84,67,100,4.63,41,0,10000,11,46,22,4,1029,15.84,67,100,4.63,41,0,10000,1029,15.84,67,100,4.63,41,0,10000,1029,15.84,67,100,4.63,41,0,10000,1029,15.84,67,100,4.63,41,0,10000,1029,15.84,67,100,4.63,41,0,10000,1029,15.84,67,100,4.63,41,0,10000,1029,15.84,67,100,4.63,41,0,10000,1029,15.84,67,100,4.63,41,0,10000,1029,15.84,67,100,4.63,41,0,10000,1029,15.84,67,100,4.63,41,0,10000,1029,15.84,67,100,4.63,41,0,10000,1029,15.84,67,100,4.63,41,0,10000
1029,15.84,67,100,4.63,41,0,10000,12,46,22,4,1029,15.84,67,100,4.63,41,0,10000,1029,15.84,67,100,4.63,41,0,10000,1029,15.84,67,100,4.63,41,0,10000,1029,15.84,67,100,4.63,41,0,10000,1029,15.84,67,100,4.63,41,0,10000,1029,15.84,67,100,4.63,41,0,10000,1029,15.84,67,100,4.63,41,0,10000,1029,15.84,67,100,4.63,41,0,10000,1029,15.84,67,100,4.63,41,0,10000,1029,15.84,67,100,4.63,41,0,10000,1029,15.84,67,100,4.63,41,0,10000,1029,15.84,67,100,4.63,41,0,10000
1029,15.84,67,100,4.63,41,0,10000,13,46,22,4,1029,15.84,67,100,4.63,41,0,10000,1029,15.84,67,100,4.63,41,0,10000,1029,15.84,67,100,4.63,41,0,10000,1029,15.84,67,100,4.63,41,0,10000,1029,15.84,67,100,4.63,41,0,10000,1029,15.84,67,100,4.63,41,0,10000,1029,15.84,67,100,4.63,41,0,10000,1029,15.84,67,100,4.63,41,0,10000,1029,15.84,67,100,4.63,41,0,10000,1029,15.84,67,100,4.63,41,0,10000,1029,15.84,67,100,4.63,41,0,10000,1029,15.84,67,100,4.63,41,0,10000
1029,15.84,67,100,4.63,41,0,10000,14,46,22,4,1029,15.84,67,100,4.63,41,0,10000,1029,15.84,67,100,4.63,41,0,10000,1029,15.84,67,100,4.63,41,0,10000,1029,15.84,67,100,4.63,41,0,10000,1029,15.84,67,100,4.63,41,0,10000,1029,15.84,67,100,4.63,41,0,10000,1029,15.84,67,100,4.63,41,0,10000,1029,15.84,67,100,4.63,41,0,10000,1029,15.84,67,100,4.63,41,0,10000,1029,15.84,67,100,4.63,41,0,10000,1029,15.84,67,100,4.63,41,0,10000,1029,15.84,67,100,4.63,41,0,10000
1029,15.84,67,100,4.63,41,0,10000,15,46,22,4,1029,15.84,67,100,4.63,41,0,10000,1029,15.84,67,100,4.63,41,0,10000,1029,15.84,67,100,4.63,41,0,10000,1029,15.84,67,100,4.63,41,0,10000,1029,15.84,67,100,4.63,41,0,10000,1029,15.84,67,100,4.63,41,0,10000,1029,15.84,67,100,4.63,41,0,10000,1029,15.84,67,100,4.63,41,0,10000,1029,15.84,67,100,4.63,41,0,10000,1029,15.84,67,100,4.63,41,0,10000,1029,15.84,67,100,4.63,41,0,10000,1029,15.84,67,100,4.63,41,0,10000
1029,15.84,67,100,4.63,41,0,10000,16,46,22,4,1029,15.84,67,100,4.63,41,0,10000,1029,15.84,67,100,4.63,41,0,10000,1029,15.84,67,100,4.63,41,0,10000,1029,15.84,67,100,4.63,41,0,10000,1029,15.84,67,100,4.63,41,0,10000,1029,15.84,67,100,4.63,41,0,10000,1029,15.84,67,100,4.63,41,0,10000,1029,15.84,67,100,4.63,41,0,10000,1029,15.84,67,100,4.63,41,0,10000,1029,15.84,67,100,4.63,41,0,10000,1029,15.84,67,100,4.63,41,0,10000,1029,15.84,67,100,4.63,41,0,10000
1029,15.84,67,100,4.63,41,0,10000,17,46,22,4,1029,15.84,67,100,4.63,41,0,10000,1029,15.84,67,100,4.63,41,0,10000,1029,15.84,67,100,4.63,41,0,10000,1029,15.84,67,100,4.63,41,0,10000,1029,15.84,67,100,4.63,41,0,10000,1029,15.84,67,100,4.63,41,0,10000,1029,15.84,67,100,4.63,41,0,10000,1029,15.84,67,100,4.63,41,0,10000,1029,15.84,67,100,4.63,41,0,10000,1029,15.84,67,100,4.63,41,0,10000,1029,15.84,67,100,4.63,41,0,10000,1029,15.84,67,100,4.63,41,0,10000
1029,15.84,67,100,4.63,41,0,10000,18,46,22,4,1029,15.84,67,100,4.63,41,0,10000,1029,15.84,67,100,4.63,41,0,10000,1029,15.84,67,100,4.63,41,0,10000,1029,15.84,67,100,4.63,41,0,10000,1029,15.84,67,100,4.63,41,0,10000,1029,15.84,67,100,4.63,41,0,10000,1029,15.84,67,100,4.63,41,0,10000,1029,15.84,67,100,4.63,41,0,10000,1029,15.84,67,100,4.63,41,0,10000,1029,15.84,67,100,4.63,41,0,10000,1029,15.84,67,100,4.63,41,0,10000,1029,15.84,67,100,4.63,41,0,10000
1029,15.84,67,100,4.63,41,0,10000,19,46,22,4,1029,15.84,67,100,4.63,41,0,10000,1029,15.84,67,100,4.63,41,0,10000,1029,15.84,67,100,4.63,41,0,10000,1029,15.84,67,100,4.63,41,0,10000,1029,15.84,67,100,4.63,41,0,10000,1029,15.84,67,100,4.63,41,0,10000,1029,15.84,67,100,4.63,41,0,10000,1029,15.84,67,100,4.63,41,0,10000,1029,15.84,67,100,4.63,41,0,10000,1029,15.84,67,100,4.63,41,0,10000,1029,15.84,67,100,4.63,41,0,10000,1029,15.84,67,100,4.63,41,0,10000
1029,15.84,67,100,4.63,41,0,10000,20,46,22,4,1029,15.84,67,100,4.63,41,0,10000,1029,15.84,67,100,4.63,41,0,10000,1029,15.84,67,100,4.63,41,0,10000,1029,15.84,67,100,4.63,41,0,10000,1029,15.84,67,100,4.63,41,0,10000,1029,15.84,67,100,4.63,41,0,10000,1029,15.84,67,100,4.63,41,0,10000,1029,15.84,67,100,4.63,41,0,10000,1029,15.84,67,100,4.63,41,0,10000,1029,15.84,67,100,4.63,41,0,10000,1029,15.84,67,100,4.63,41,0,10000,1029,15.84,67,100,4.63,41,0,10000
1029,15.84,67,100,4.63,41,0,10000,21,46,22,4,1029,15.84,67,100,4.63,41,0,10000,1029,15.84,67,100,4.63,41,0,10000,1029,15.84,67,100,4.63,41,0,10000,1029,15.84,67,100,4.63,41,0,10000,1029,15.84,67,100,4.63,41,0,10000,1029,15.84,67,100,4.63,41,0,10000,1029,15.84,67,100,4.63,41,0,10000,1029,15.84,67,100,4.63,41,0,10000,1029,15.84,67,100,4.63,41,0,10000,1029,15.84,67,100,4.63,41,0,10000,1029,15.84,67,100,4.63,41,0,10000,1029,15.84,67,100,4.63,41,0,10000
1029,15.84,67,100,4.63,41,0,10000,22,46,22,4,1029,15.84,67,100,4.63,41,0,10000,1029,15.84,67,100,4.63,41,0,10000,1029,15.84,67,100,4.63,41,0,10000,1029,15.84,67,100,4.63,41,0,10000,1029,15.84,67,100,4.63,41,0,10000,1029,15.84,67,100,4.63,41,0,10000,1029,15.84,67,100,4.63,41,0,10000,1029,15.84,67,100,4.63,41,0,10000,1029,15.84,67,100,4.63,41,0,10000,1029,15.84,67,100,4.63,41,0,10000,1029,15.84,67,100,4.63,41,0,10000,1029,15.84,67,100,4.63,41,0,10000
1029,15.84,67,100,4.63,41,0,10000,23,46,22,4,1029,15.84,67,100,4.63,41,0,10000,1029,15.84,67,100,4.63,41,0,10000,1029,15.84,67,100,4.63,41,0,10000,1029,15.84,67,100,4.63,41,0,10000,1029,15.84,67,100,4.63,41,0,10000,1029,15.84,67,100,4.63,41,0,10000,1029,15.84,67,100,4.63,41,0,10000,1029,15.84,67,100,4.63,41,0,10000,1029,15.84,67,100,4.63,41,0,10000,1029,15.84,67,100,4.63,41,0,10000,1029,15.84,67,100,4.63,41,0,10000,1029,15.84,67,100,4.63,41,0,10000
1029,15.84,67,100,4.63,41,0,10000,0,46,23,4,1029,15.84,67,100,4.63,41,0,10000,1029,15.84,67,100,4.63,41,0,10000,1029,15.84,67,100,4.63,41,0,10000,1029,15.84,67,100,4.63,41,0,10000,1029,15.84,67,100,4.63,41,0,10000,1029,15.84,67,100,4.63,41,0,10000,1029,15.84,67,100,4.63,41,0,10000,1029,15.84,67,100,4.63,41,0,10000,1029,15.84,67,100,4.63,41,0,10000,1029,15.84,67,100,4.63,41,0,10000,1029,15.84,67,100,4.63,41,0,10000,1029,15.84,67,100,4.63,41,0,10000
1029,15.84,67,100,4.63,41,0,10000,1,46,23,4,1029,15.84,67,100,4.63,41,0,10000,1029,15.84,67,100,4.63,41,0,10000,1029,15.84,67,100,4.63,41,0,10000,1029,15.84,67,100,4.63,41,0,10000,1029,15.84,67,100,4.63,41,0,10000,1029,15.84,67,100,4.63,41,0,10000,1029,15.84,67,100,4.63,41,0,10000,1029,15.84,67,100,4.63,41,0,10000,1029,15.84,67,100,4.63,41,0,10000,1029,15.84,67,100,4.63,41,0,10000,1029,15.84,67,100,4.63,41,0,10000,1029,15.84,67,100,4.63,41,0,10000
1029,15.84,67,100,4.63,41,0,10000,2,46,23,4,1029,15.84,67,100,4.63,41,0,10000,1029,15.84,67,100,4.63,41,0,10000,1029,15.84,67,100,4.63,41,0,10000,1029,15.84,67,100,4.63,41,0,10000,1029,15.84,67,100,4.63,41,0,10000,1029,15.84,67,100,4.63,41,0,10000,1029,15.84,67,100,4.63,41,0,10000,1029,15.84,67,100,4.63,41,0,10000,1029,15.84,67,100,4.63,41,0,10000,1029,15.84,67,100,4.63,41,0,10000,1029,15.84,67,100,4.63,41,0,10000,1029,15.84,67,100,4.63,41,0,10000
1029,15.84,67,100,4.63,41,0,10000,3,46,23,4,1029,15.84,67,100,4.63,41,0,10000,1029,15.84,67,100,4.63,41,0,10000,1029,15.84,67,100,4.63,41,0,10000,1029,15.84,67,100,4.63,41,0,10000,1029,15.84,67,100,4.63,41,0,10000,1029,15.84,67,100,4.63,41,0,10000,1029,15.84,67,100,4.63,41,0,10000,1029,15.84,67,100,4.63,41,0,10000,1029,15.84,67,100,4.63,41,0,10000,1029,15.84,67,100,4.63,41,0,10000,1029,15.84,67,100,4.63,41,0,10000,1029,15.84,67,100,4.63,41,0,10000
1029,15.84,67,100,4.63,41,0,10000,4,46,23,4,1029,15.84,67,100,4.63,41,0,10000,1029,15.84,67,100,4.63,41,0,10000,1029,15.84,67,100,4.63,41,0,10000,1029,15.84,67,100,4.63,41,0,10000,1029,15.84,67,100,4.63,41,0,10000,1029,15.84,67,100,4.63,41,0,10000,1029,15.84,67,100,4.63,41,0,10000,1029,15.84,67,100,4.63,41,0,10000,1029,15.84,67,100,4.63,41,0,10000,1029,15.84,67,100,4.63,41,0,10000,1029,15.84,67,100,4.63,41,0,10000,1029,15.84,67,100,4.63,41,0,10000
1029,15.84,67,100,4.63,41,0,10000,5,46,23,4,1029,15.84,67,100,4.63,41,0,10000,1029,15.84,67,100,4.63,41,0,10000,1029,15.84,67,100,4.63,41,0,10000,1029,15.84,67,100,4.63,41,0,10000,1029,15.84,67,100,4.63,41,0,10000,1029,15.84,67,100,4.63,41,0,10000,1029,15.84,67,100,4.63,41,0,10000,1029,15.84,67,100,4.63,41,0,10000,1029,15.84,67,100,4.63,41,0,10000,1029,15.84,67,100,4.63,41,0,10000,1029,15.84,67,100,4.63,41,0,10000,1029,15.84,67,100,4.63,41,0,10000
1029,15.84,67,100,4.63,41,0,10000,6,46,23,4,1029,15.84,67,100,4.63,41,0,10000,1029,15.84,67,100,4.63,41,0,10000,1029,15.84,67,100,4.63,41,0,10000,1029,15.84,67,100,4.63,41,0,10000,1029,15.84,67,100,4.63,41,0,10000,1029,15.84,67,100,4.63,41,0,10000,1029,15.84,67,100,4.63,41,0,10000,1029,15.84,67,100,4.63,41,0,10000,1029,15.84,67,100,4.63,41,0,10000,1029,15.84,67,100,4.63,41,0,10000,1029,15.84,67,100,4.63,41,0,10000,1029,15.84,67,100,4.63,41,0,10000
1029,15.84,67,100,4.63,41,0,10000,7,46,23,4,1029,15.84,67,100,4.63,41,0,10000,1029,15.84,67,100,4.63,41,0,10000,1029,15.84,67,100,4.63,41,0,10000,1029,15.84,67,100,4.63,41,0,10000,1029,15.84,67,100,4.63,41,0,10000,1029,15.84,67,100,4.63,41,0,10000,1029,15.84,67,100,4.63,41,0,10000,1029,15.84,67,100,4.63,41,0,10000,1029,15.84,67,100,4.63,41,0,10000,1029,15.84,67,100,4.63,41,0,10000,1029,15.84,67,100,4.63,41,0,10000,1029,15.84,67,100,4.63,41,0,10000
1029,15.84,67,100,4.63,41,0,10000,8,46,23,4,1029,15.84,67,100,4.63,41,0,10000,1029,15.84,67,100,4.63,41,0,10000,1029,15.84,67,100,4.63,41,0,10000,1029,15.84,67,100,4.63,41,0,10000,1029,15.84,67,100,4.63,41,0,10000,1029,15.84,67,100,4.63,41,0,10000,1029,15.84,67,100,4.63,41,0,10000,1029,15.84,67,100,4.63,41,0,10000,1029,15.84,67,100,4.63,41,0,10000,1029,15.84,67,100,4.63,41,0,10000,1029,15.84,67,100,4.63,41,0,10000,1029,15.84,67,100,4.63,41,0,10000
1029,15.84,67,100,4.63,41,0,10000,9,46,23,4,1029,15.84,67,100,4.63,41,0,10000,1029,15.84,67,100,4.63,41,0,10000,1029,15.84,67,100,4.63,41,0,10000,1029,15.84,67,100,4.63,41,0,10000,1029,15.84,67,100,4.63,41,0,10000,1029,15.84,67,100,4.63,41,0,10000,1029,15.84,67,100,4.63,41,0,10000,1029,15.84,67,100,4.63,41,0,10000,1029,15.84,67,100,4.63,41,0,10000,1029,15.84,67,100,4.63,41,0,10000,1029,15.84,67,100,4.63,41,0,10000,1029,15.84,67,100,4.63,41,0,10000
1029,15.84,67,100,4.63,41,0,10000,10,46,23,4,1029,15.84,67,100,4.63,41,0,10000,1029,15.84,67,100,4.63,41,0,10000,1029,15.84,67,100,4.63,41,0,10000,1029,15.84,67,100,4.63,41,0,10000,1029,15.84,67,100,4.63,41,0,10000,1029,15.84,67,100,4.63,41,0,10000,1029,15.84,67,100,4.63,41,0,10000,1029,15.84,67,100,4.63,41,0,10000,1029,15.84,67,100,4.63,41,0,10000,1029,15.84,67,100,4.63,41,0,10000,1029,15.84,67,100,4.63,41,0,10000,1029,15.84,67,100,4.63,41,0,10000
1029,15.84,67,100,4.63,41,0,10000,11,46,23,4,1029,15.84,67,100,4.63,41,0,10000,1029,15.84,67,100,4.63,41,0,10000,1029,15.84,67,100,4.63,41,0,10000,1029,15.84,67,100,4.63,41,0,10000,1029,15.84,67,100,4.63,41,0,10000,1029,15.84,67,100,4.63,41,0,10000,1029,15.84,67,100,4.63,41,0,10000,1029,15.84,67,100,4.63,41,0,10000,1029,15.84,67,100,4.63,41,0,10000,1029,15.84,67,100,4.63,41,0,10000,1029,15.84,67,100,4.63,41,0,10000,1029,15.84,67,100,4.63,41,0,10000
1029,15.84,67,100,4.63,41,0,10000,12,46,23,4,1029,15.84,67,100,4.63,41,0,10000,1029,15.84,67,100,4.63,41,0,10000,1029,15.84,67,100,4.63,41,0,10000,1029,15.84,67,100,4.63,41,0,10000,1029,15.84,67,100,4.63,41,0,10000,1029,15.84,67,100,4.63,41,0,10000,1029,15.84,67,100,4.63,41,0,10000,1029,15.84,67,100,4.63,41,0,10000,1029,15.84,67,100,4.63,41,0,10000,1029,15.84,67,100,4.63,41,0,10000,1029,15.84,67,100,4.63,41,0,10000,1029,15.84,67,100,4.63,41,0,10000
1029,15.84,67,100,4.63,41,0,10000,13,46,23,4,1029,15.84,67,100,4.63,41,0,10000,1029,15.84,67,100,4.63,41,0,10000,1029,15.84,67,100,4.63,41,0,10000,1029,15.84,67,100,4.63,41,0,10000,1029,15.84,67,100,4.63,41,0,10000,1029,15.84,67,100,4.63,41,0,10000,1029,15.84,67,100,4.63,41,0,10000,1029,15.84,67,100,4.63,41,0,10000,1029,15.84,67,100,4.63,41,0,10000,1029,15.84,67,100,4.63,41,0,10000,1029,15.84,67,100,4.63,41,0,10000,1029,15.84,67,100,4.63,41,0,10000
1029,15.84,67,100,4.63,41,0,10000,14,46,23,4,1029,15.84,67,100,4.63,41,0,10000,1029,15.84,67,100,4.63,41,0,10000,1029,15.84,67,100,4.63,41,0,10000,1029,15.84,67,100,4.63,41,0,10000,1029,15.84,67,100,4.63,41,0,10000,1029,15.84,67,100,4.63,41,0,10000,1029,15.84,67,100,4.63,41,0,10000,1029,15.84,67,100,4.63,41,0,10000,1029,15.84,67,100,4.63,41,0,10000,1029,15.84,67,100,4.63,41,0,10000,1029,15.84,67,100,4.63,41,0,10000,1029,15.84,67,100,4.63,41,0,10000
1029,15.84,67,100,4.63,41,0,10000,15,46,23,4,1029,15.84,67,100,4.63,41,0,10000,1029,15.84,67,100,4.63,41,0,10000,1029,15.84,67,100,4.63,41,0,10000,1029,15.84,67,100,4.63,41,0,10000,1029,15.84,67,100,4.63,41,0,10000,1029,15.84,67,100,4.63,41,0,10000,1029,15.84,67,100,4.63,41,0,10000,1029,15.84,67,100,4.63,41,0,10000,1029,15.84,67,100,4.63,41,0,10000,1029,15.84,67,100,4.63,41,0,10000,1029,15.84,67,100,4.63,41,0,10000,1029,15.84,67,100,4.63,41,0,10000
1029,15.84,67,100,4.63,41,0,10000,16,46,23,4,1029,15.84,67,100,4.63,41,0,10000,1029,15.84,67,100,4.63,41,0,10000,1029,15.84,67,100,4.63,41,0,10000,1029,15.84,67,100,4.63,41,0,10000,1029,15.84,67,100,4.63,41,0,10000,1029,15.84,67,100,4.63,41,0,10000,1029,15.84,67,100,4.63,41,0,10000,1029,15.84,67,100,4.63,41,0,10000,1029,15.84,67,100,4.63,41,0,10000,1029,15.84,67,100,4.63,41,0,10000,1029,15.84,67,100,4.63,41,0,10000,1029,15.84,67,100,4.63,41,0,10000
1029,15.84,67,100,4.63,41,0,10000,17,46,23,4,1029,15.84,67,100,4.63,41,0,10000,1029,15.84,67,100,4.63,41,0,10000,1029,15.84,67,100,4.63,41,0,10000,1029,15.84,67,100,4.63,41,0,10000,1029,15.84,67,100,4.63,41,0,10000,1029,15.84,67,100,4.63,41,0,10000,1029,15.84,67,100,4.63,41,0,10000,1029,15.84,67,100,4.63,41,0,10000,1029,15.84,67,100,4.63,41,0,10000,1029,15.84,67,100,4.63,41,0,10000,1029,15.84,67,100,4.63,41,0,10000,1029,15.84,67,100,4.63,41,0,10000
1029,15.84,67,100,4.63,41,0,10000,18,46,23,4,1029,15.84,67,100,4.63,41,0,10000,1029,15.84,67,100,4.63,41,0,10000,1029,15.84,67,100,4.63,41,0,10000,1029,15.84,67,100,4.63,41,0,10000,1029,15.84,67,100,4.63,41,0,10000,1029,15.84,67,100,4.63,41,0,10000,1029,15.84,67,100,4.63,41,0,10000,1029,15.84,67,100,4.63,41,0,10000,1029,15.84,67,100,4.63,41,0,10000,1029,15.84,67,100,4.63,41,0,10000,1029,15.84,67,100,4.63,41,0,10000,1029,15.84,67,100,4.63,41,0,10000
1029,15.84,67,100,4.63,41,0,10000,19,46,23,4,1029,15.84,67,100,4.63,41,0,10000,1029,15.84,67,100,4.63,41,0,10000,1029,15.84,67,100,4.63,41,0,10000,1029,15.84,67,100,4.63,41,0,10000,1029,15.84,67,100,4.63,41,0,10000,1029,15.84,67,100,4.63,41,0,10000,1029,15.84,67,100,4.63,41,0,10000,1029,15.84,67,100,4.63,41,0,10000,1029,15.84,67,100,4.63,41,0,10000,1029,15.84,67,100,4.63,41,0,10000,1029,15.84,67,100,4.63,41,0,10000,1029,15.84,67,100,4.63,41,0,10000
1029,15.84,67,100,4.63,41,0,10000,20,46,23,4,1029,15.84,67,100,4.63,41,0,10000,1029,15.84,67,100,4.63,41,0,10000,1029,15.84,67,100,4.63,41,0,10000,1029,15.84,67,100,4.63,41,0,10000,1029,15.84,67,100,4.63,41,0,10000,1029,15.84,67,100,4.63,41,0,10000,1029,15.84,67,100,4.63,41,0,10000,1029,15.84,67,100,4.63,41,0,10000,1029,15.84,67,100,4.63,41,0,10000,1029,15.84,67,100,4.63,41,0,10000,1029,15.84,67,100,4.63,41,0,10000,1029,15.84,67,100,4.63,41,0,10000
1029,15.84,67,100,4.63,41,0,10000,21,46,23,4,1029,15.84,67,100,4.63,41,0,10000,1029,15.84,67,100,4.63,41,0,10000,1029,15.84,67,100,4.63,41,0,10000,1029,15.84,67,100,4.63,41,0,10000,1029,15.84,67,100,4.63,41,0,10000,1029,15.84,67,100,4.63,41,0,10000,1029,15.84,67,100,4.63,41,0,10000,1029,15.84,67,100,4.63,41,0,10000,1029,15.84,67,100,4.63,41,0,10000,1029,15.84,67,100,4.63,41,0,10000,1029,15.84,67,100,4.63,41,0,10000,1029,15.84,67,100,4.63,41,0,10000
1029,15.84,67,100,4.63,41,0,10000,22,46,23,4,1029,15.84,67,100,4.63,41,0,10000,1029,15.84,67,100,4.63,41,0,10000,1029,15.84,67,100,4.63,41,0,10000,1029,15.84,67,100,4.63,41,0,10000,1029,15.84,67,100,4.63,41,0,10000,1029,15.84,67,100,4.63,41,0,10000,1029,15.84,67,100,4.63,41,0,10000,1029,15.84,67,100,4.63,41,0,10000,1029,15.84,67,100,4.63,41,0,10000,1029,15.84,67,100,4.63,41,0,10000,1029,15.84,67,100,4.63,41,0,10000,1029,15.84,67,100,4.63,41,0,10000
1029,15.84,67,100,4.63,41,0,10000,23,46,23,4,1029,15.84,67,100,4.63,41,0,10000,1029,15.84,67,100,4.63,41,0,10000,1029,15.84,67,100,4.63,41,0,10000,1029,15.84,67,100,4.63,41,0,10000,1029,15.84,67,100,4.63,41,0,10000,1029,15.84,67,100,4.63,41,0,10000,1029,15.84,67,100,4.63,41,0,10000,1029,15.84,67,100,4.63,41,0,10000,1029,15.84,67,100,4.63,41,0,10000,1029,15.84,67,100,4.63,41,0,10000,1029,15.84,67,100,4.63,41,0,10000,1029,15.84,67,100,4.63,41,0,10000
1029,15.84,67,100,4.63,41,0,10000,0,46,24,4,1029,15.84,67,100,4.63,41,0,10000,1029,15.84,67,100,4.63,41,0,10000,1029,15.84,67,100,4.63,41,0,10000,1029,15.84,67,100,4.63,41,0,10000,1029,15.84,67,100,4.63,41,0,10000,1029,15.84,67,100,4.63,41,0,10000,1029,15.84,67,100,4.63,41,0,10000,1029,15.84,67,100,4.63,41,0,10000,1029,15.84,67,100,4.63,41,0,10000,1029,15.84,67,100,4.63,41,0,10000,1029,15.84,67,100,4.63,41,0,10000,1029,15.84,67,100,4.63,41,0,10000
1029,15.84,67,100,4.63,41,0,10000,1,46,24,4,1029,15.84,67,100,4.63,41,0,10000,1029,15.84,67,100,4.63,41,0,10000,1029,15.84,67,100,4.63,41,0,10000,1029,15.84,67,100,4.63,41,0,10000,1029,15.84,67,100,4.63,41,0,10000,1029,15.84,67,100,4.63,41,0,10000,1029,15.84,67,100,4.63,41,0,10000,1029,15.84,67,100,4.63,41,0,10000,1029,15.84,67,100,4.63,41,0,10000,1029,15.84,67,100,4.63,41,0,10000,1029,15.84,67,100,4.63,41,0,10000,1029,15.84,67,100,4.63,41,0,10000
1029,15.84,67,100,4.63,41,0,10000,2,46,24,4,1029,15.84,67,100,4.63,41,0,10000,1029,15.84,67,100,4.63,41,0,10000,1029,15.84,67,100,4.63,41,0,10000,1029,15.84,67,100,4.63,41,0,10000,1029,15.84,67,100,4.63,41,0,10000,1029,15.84,67,100,4.63,41,0,10000,1029,15.84,67,100,4.63,41,0,10000,1029,15.84,67,100,4.63,41,0,10000,1029,15.84,67,100,4.63,41,0,10000,1029,15.84,67,100,4.63,41,0,10000,1029,15.84,67,100,4.63,41,0,10000,1029,15.84,67,100,4.63,41,0,10000
1029,15.84,67,100,4.63,41,0,10000,3,46,24,4,1029,15.84,67,100,4.63,41,0,10000,1029,15.84,67,100,4.63,41,0,10000,1029,15.84,67,100,4.63,41,0,10000,1029,15.84,67,100,4.63,41,0,10000,1029,15.84,67,100,4.63,41,0,10000,1029,15.84,67,100,4.63,41,0,10000,1029,15.84,67,100,4.63,41,0,10000,1029,15.84,67,100,4.63,41,0,10000,1029,15.84,67,100,4.63,41,0,10000,1029,15.84,67,100,4.63,41,0,10000,1029,15.84,67,100,4.63,41,0,10000,1029,15.84,67,100,4.63,41,0,10000
1029,15.84,67,100,4.63,41,0,10000,4,46,24,4,1029,15.84,67,100,4.63,41,0,10000,1029,15.84,67,100,4.63,41,0,10000,1029,15.84,67,100,4.63,41,0,10000,1029,15.84,67,100,4.63,41,0,10000,1029,15.84,67,100,4.63,41,0,10000,1029,15.84,67,100,4.63,41,0,10000,1029,15.84,67,100,4.63,41,0,10000,1029,15.84,67,100,4.63,41,0,10000,1029,15.84,67,100,4.63,41,0,10000,1029,15.84,67,100,4.63,41,0,10000,1029,15.84,67,100,4.63,41,0,10000,1029,15.84,67,100,4.63,41,0,10000
1029,15.84,67,100,4.63,41,0,10000,5,46,24,4,1029,15.84,67,100,4.63,41,0,10000,1029,15.84,67,100,4.63,41,0,10000,1029,15.84,67,100,4.63,41,0,10000,1029,15.84,67,100,4.63,41,0,10000,1029,15.84,67,100,4.63,41,0,10000,1029,15.84,67,100,4.63,41,0,10000,1029,15.84,67,100,4.63,41,0,10000,1029,15.84,67,100,4.63,41,0,10000,1029,15.84,67,100,4.63,41,0,10000,1029,15.84,67,100,4.63,41,0,10000,1029,15.84,67,100,4.63,41,0,10000,1029,15.84,67,100,4.63,41,0,10000
1029,15.84,67,100,4.63,41,0,10000,6,46,24,4,1029,15.84,67,100,4.63,41,0,10000,1029,15.84,67,100,4.63,41,0,10000,1029,15.84,67,100,4.63,41,0,10000,1029,15.84,67,100,4.63,41,0,10000,1029,15.84,67,100,4.63,41,0,10000,1029,15.84,67,100,4.63,41,0,10000,1029,15.84,67,100,4.63,41,0,10000,1029,15.84,67,100,4.63,41,0,10000,1029,15.84,67,100,4.63,41,0,10000,1029,15.84,67,100,4.63,41,0,10000,1029,15.84,67,100,4.63,41,0,10000,1029,15.84,67,100,4.63,41,0,10000
1029,15.84,67,100,4.63,41,0,10000,7,46,24,4,1029,15.84,67,100,4.63,41,0,10000,1029,15.84,67,100,4.63,41,0,10000,1029,15.84,67,100,4.63,41,0,10000,1029,15.84,67,100,4.63,41,0,10000,1029,15.84,67,100,4.63,41,0,10000,1029,15.84,67,100,4.63,41,0,10000,1029,15.84,67,100,4.63,41,0,10000,1029,15.84,67,100,4.63,41,0,10000,1029,15.84,67,100,4.63,41,0,10000,1029,15.84,67,100,4.63,41,0,10000,1029,15.84,67,100,4.63,41,0,10000,1029,15.84,67,100,4.63,41,0,10000
1029,15.84,67,100,4.63,41,0,10000,8,46,24,4,1029,15.84,67,100,4.63,41,0,10000,1029,15.84,67,100,4.63,41,0,10000,1029,15.84,67,100,4.63,41,0,10000,1029,15.84,67,100,4.63,41,0,10000,1029,15.84,67,100,4.63,41,0,10000,1029,15.84,67,100,4.63,41,0,10000,1029,15.84,67,100,4.63,41,0,10000,1029,15.84,67,100,4.63,41,0,10000,1029,15.84,67,100,4.63,41,0,10000,1029,15.84,67,100,4.63,41,0,10000,1029,15.84,67,100,4.63,41,0,10000,1029,15.84,67,100,4.63,41,0,10000
1029,15.84,67,100,4.63,41,0,10000,9,46,24,4,1029,15.84,67,100,4.63,41,0,10000,1029,15.84,67,100,4.63,41,0,10000,1029,15.84,67,100,4.63,41,0,10000,1029,15.84,67,100,4.63,41,0,10000,1029,15.84,67,100,4.63,41,0,10000,1029,15.84,67,100,4.63,41,0,10000,1029,15.84,67,100,4.63,41,0,10000,1029,15.84,67,100,4.63,41,0,10000,1029,15.84,67,100,4.63,41,0,10000,1029,15.84,67,100,4.63,41,0,10000,1029,15.84,67,100,4.63,41,0,10000,1029,15.84,67,100,4.63,41,0,10000
1029,15.84,67,100,4.63,41,0,10000,10,46,24,4,1029,15.84,67,100,4.63,41,0,10000,1029,15.84,67,100,4.63,41,0,10000,1029,15.84,67,100,4.63,41,0,10000,1029,15.84,67,100,4.63,41,0,10000,1029,15.84,67,100,4.63,41,0,10000,1029,15.84,67,100,4.63,41,0,10000,1029,15.84,67,100,4.63,41,0,10000,1029,15.84,67,100,4.63,41,0,10000,1029,15.84,67,100,4.63,41,0,10000,1029,15.84,67,100,4.63,41,0,10000,1029,15.84,67,100,4.63,41,0,10000,1029,15.84,67,100,4.63,41,0,10000
1029,15.84,67,100,4.63,41,0,10000,11,46,24,4,1029,15.84,67,100,4.63,41,0,10000,1029,15.84,67,100,4.63,41,0,10000,1029,15.84,67,100,4.63,41,0,10000,1029,15.84,67,100,4.63,41,0,10000,1029,15.84,67,100,4.63,41,0,10000,1029,15.84,67,100,4.63,41,0,10000,1029,15.84,67,100,4.63,41,0,10000,1029,15.84,67,100,4.63,41,0,10000,1029,15.84,67,100,4.63,41,0,10000,1029,15.84,67,100,4.63,41,0,10000,1029,15.84,67,100,4.63,41,0,10000,1029,15.84,67,100,4.63,41,0,10000
1029,15.84,67,100,4.63,41,0,10000,12,46,24,4,1029,15.84,67,100,4.63,41,0,10000,1029,15.84,67,100,4.63,41,0,10000,1029,15.84,67,100,4.63,41,0,10000,1029,15.84,67,100,4.63,41,0,10000,1029,15.84,67,100,4.63,41,0,10000,1029,15.84,67,100,4.63,41,0,10000,1029,15.84,67,100,4.63,41,0,10000,1029,15.84,67,100,4.63,41,0,10000,1029,15.84,67,100,4.63,41,0,10000,1029,15.84,67,100,4.63,41,0,10000,1029,15.84,67,100,4.63,41,0,10000,1029,15.84,67,100,4.63,41,0,10000
1029,15.84,67,100,4.63,41,0,10000,13,46,24,4,1029,15.84,67,100,4.63,41,0,10000,1029,15.84,67,100,4.63,41,0,10000,1029,15.84,67,100,4.63,41,0,10000,1029,15.84,67,100,4.63,41,0,10000,1029,15.84,67,100,4.63,41,0,10000,1029,15.84,67,100,4.63,41,0,10000,1029,15.84,67,100,4.63,41,0,10000,1029,15.84,67,100,4.63,41,0,10000,1029,15.84,67,100,4.63,41,0,10000,1029,15.84,67,100,4.63,41,0,10000,1029,15.84,67,100,4.63,41,0,10000,1029,15.84,67,100,4.63,41,0,10000
1029,15.84,67,100,4.63,41,0,10000,14,46,24,4,1029,15.84,67,100,4.63,41,0,10000,1029,15.84,67,100,4.63,41,0,10000,1029,15.84,67,100,4.63,41,0,10000,1029,15.84,67,100,4.63,41,0,10000,1029,15.84,67,100,4.63,41,0,10000,1029,15.84,67,100,4.63,41,0,10000,1029,15.84,67,100,4.63,41,0,10000,1029,15.84,67,100,4.63,41,0,10000,1029,15.84,67,100,4.63,41,0,10000,1029,15.84,67,100,4.63,41,0,10000,1029,15.84,67,100,4.63,41,0,10000,1029,15.84,67,100,4.63,41,0,10000
1029,15.84,67,100,4.63,41,0,10000,15,46,24,4,1029,15.84,67,100,4.63,41,0,10000,1029,15.84,67,100,4.63,41,0,10000,1029,15.84,67,100,4.63,41,0,10000,1029,15.84,67,100,4.63,41,0,10000,1029,15.84,67,100,4.63,41,0,10000,1029,15.84,67,100,4.63,41,0,10000,1029,15.84,67,100,4.63,41,0,10000,1029,15.84,67,100,4.63,41,0,10000,1029,15.84,67,100,4.63,41,0,10000,1029,15.84,67,100,4.63,41,0,10000,1029,15.84,67,100,4.63,41,0,10000,1029,15.84,67,100,4.63,41,0,10000
1029,15.84,67,100,4.63,41,0,10000,16,46,24,4,1029,15.84,67,100,4.63,41,0,10000,1029,15.84,67,100,4.63,41,0,10000,1029,15.84,67,100,4.63,41,0,10000,1029,15.84,67,100,4.63,41,0,10000,1029,15.84,67,100,4.63,41,0,10000,1029,15.84,67,100,4.63,41,0,10000,1029,15.84,67,100,4.63,41,0,10000,1029,15.84,67,100,4.63,41,0,10000,1029,15.84,67,100,4.63,41,0,10000,1029,15.84,67,100,4.63,41,0,10000,1029,15.84,67,100,4.63,41,0,10000,1029,15.84,67,100,4.63,41,0,10000
1029,15.84,67,100,4.63,41,0,10000,17,46,24,4,1029,15.84,67,100,4.63,41,0,10000,1029,15.84,67,100,4.63,41,0,10000,1029,15.84,67,100,4.63,41,0,10000,1029,15.84,67,100,4.63,41,0,10000,1029,15.84,67,100,4.63,41,0,10000,1029,15.84,67,100,4.63,41,0,10000,1029,15.84,67,100,4.63,41,0,10000,1029,15.84,67,100,4.63,41,0,10000,1029,15.84,67,100,4.63,41,0,10000,1029,15.84,67,100,4.63,41,0,10000,1029,15.84,67,100,4.63,41,0,10000,1029,15.84,67,100,4.63,41,0,10000
1029,15.84,67,100,4.63,41,0,10000,18,46,24,4,1029,15.84,67,100,4.63,41,0,10000,1029,15.84,67,100,4.63,41,0,10000,1029,15.84,67,100,4.63,41,0,10000,1029,15.84,67,100,4.63,41,0,10000,1029,15.84,67,100,4.63,41,0,10000,1029,15.84,67,100,4.63,41,0,10000,1029,15.84,67,100,4.63,41,0,10000,1029,15.84,67,100,4.63,41,0,10000,1029,15.84,67,100,4.63,41,0,10000,1029,15.84,67,100,4.63,41,0,10000,1029,15.84,67,100,4.63,41,0,10000,1029,15.84,67,100,4.63,41,0,10000
1029,15.84,67,100,4.63,41,0,10000,19,46,24,4,1029,15.84,67,100,4.63,41,0,10000,1029,15.84,67,100,4.63,41,0,10000,1029,15.84,67,100,4.63,41,0,10000,1029,15.84,67,100,4.63,41,0,10000,1029,15.84,67,100,4.63,41,0,10000,1029,15.84,67,100,4.63,41,0,10000,1029,15.84,67,100,4.63,41,0,10000,1029,15.84,67,100,4.63,41,0,10000,1029,15.84,67,100,4.63,41,0,10000,1029,15.84,67,100,4.63,41,0,10000,1029,15.84,67,100,4.63,41,0,10000,1029,15.84,67,100,4.63,41,0,10000
1029,15.84,67,100,4.63,41,0,10000,20,46,24,4,1029,15.84,67,100,4.63,41,0,10000,1029,15.84,67,100,4.63,41,0,10000,1029,15.84,67,100,4.63,41,0,10000,1029,15.84,67,100,4.63,41,0,10000,1029,15.84,67,100,4.63,41,0,10000,1029,15.84,67,100,4.63,41,0,10000,1029,15.84,67,100,4.63,41,0,10000,1029,15.84,67,100,4.63,41,0,10000,1029,15.84,67,100,4.63,41,0,10000,1029,15.84,67,100,4.63,41,0,10000,1029,15.84,67,100,4.63,41,0,10000,1029,15.84,67,100,4.63,41,0,10000
1029,15.84,67,100,4.63,41,0,10000,21,46,24,4,1029,15.84,67,100,4.63,41,0,10000,1029,15.84,67,100,4.63,41,0,10000,1029,15.84,67,100,4.63,41,0,10000,1029,15.84,67,100,4.63,41,0,10000,1029,15.84,67,100,4.63,41,0,10000,1029,15.84,67,100,4.63,41,0,10000,1029,15.84,67,100,4.63,41,0,10000,1029,15.84,67,100,4.63,41,0,10000,1029,15.84,67,100,4.63,41,0,10000,1029,15.84,67,100,4.63,41,0,10000,1029,15.84,67,100,4.63,41,0,10000,1029,15.84,67,100,4.63,41,0,10000
1029,15.84,67,100,4.63,41,0,10000,22,46,24,4,1029,15.84,67,100,4.63,41,0,10000,1029,15.84,67,100,4.63,41,0,10000,1029,15.84,67,100,4.63,41,0,10000,1029,15.84,67,100,4.63,41,0,10000,1029,15.84,67,100,4.63,41,0,10000,1029,15.84,67,100,4.63,41,0,10000,1029,15.84,67,100,4.63,41,0,10000,1029,15.84,67,100,4.63,41,0,10000,1029,15.84,67,100,4.63,41,0,10000,1029,15.84,67,100,4.63,41,0,10000,1029,15.84,67,100,4.63,41,0,10000,1029,15.84,67,100,4.63,41,0,10000
1029,15.84,67,100,4.63,41,0,10000,23,46,24,4,1029,15.84,67,100,4.63,41,0,10000,1029,15.84,67,100,4.63,41,0,10000,1029,15.84,67,100,4.63,41,0,10000,1029,15.84,67,100,4.63,41,0,10000,1029,15.84,67,100,4.63,41,0,10000,1029,15.84,67,100,4.63,41,0,10000,1029,15.84,67,100,4.63,41,0,10000,1029,15.84,67,100,4.63,41,0,10000,1029,15.84,67,100,4.63,41,0,10000,1029,15.84,67,100,4.63,41,0,10000,1029,15.84,67,100,4.63,41,0,10000,1029,15.84,67,100,4.63,41,0,10000
1029,15.84,67,100,4.63,41,0,10000,0,46,25,4,1029,15.84,67,100,4.63,41,0,10000,1029,15.84,67,100,4.63,41,0,10000,1029,15.84,67,100,4.63,41,0,10000,1029,15.84,67,100,4.63,41,0,10000,1029,15.84,67,100,4.63,41,0,10000,1029,15.84,67,100,4.63,41,0,10000,1029,15.84,67,100,4.63,41,0,10000,1029,15.84,67,100,4.63,41,0,10000,1029,15.84,67,100,4.63,41,0,10000,1029,15.84,67,100,4.63,41,0,10000,1029,15.84,67,100,4.63,41,0,10000,1029,15.84,67,100,4.63,41,0,10000
1029,15.84,67,100,4.63,41,0,10000,1,46,25,4,1029,15.84,67,100,4.63,41,0,10000,1029,15.84,67,100,4.63,41,0,10000,1029,15.84,67,100,4.63,41,0,10000,1029,15.84,67,100,4.63,41,0,10000,1029,15.84,67,100,4.63,41,0,10000,1029,15.84,67,100,4.63,41,0,10000,1029,15.84,67,100,4.63,41,0,10000,1029,15.84,67,100,4.63,41,0,10000,1029,15.84,67,100,4.63,41,0,10000,1029,15.84,67,100,4.63,41,0,10000,1029,15.84,67,100,4.63,41,0,10000,1029,15.84,67,100,4.63,41,0,10000
1029,15.84,67,100,4.63,41,0,10000,2,46,25,4,1029,15.84,67,100,4.63,41,0,10000,1029,15.84,67,100,4.63,41,0,10000,1029,15.84,67,100,4.63,41,0,10000,1029,15.84,67,100,4.63,41,0,10000,1029,15.84,67,100,4.63,41,0,10000,1029,15.84,67,100,4.63,41,0,10000,1029,15.84,67,100,4.63,41,0,10000,1029,15.84,67,100,4.63,41,0,10000,1029,15.84,67,100,4.63,41,0,10000,1029,15.84,67,100,4.63,41,0,10000,1029,15.84,67,100,4.63,41,0,10000,1029,15.84,67,100,4.63,41,0,10000
1029,15.84,67,100,4.63,41,0,10000,3,46,25,4,1029,15.84,67,100,4.63,41,0,10000,1029,15.84,67,100,4.63,41,0,10000,1029,15.84,67,100,4.63,41,0,10000,1029,15.84,67,100,4.63,41,0,10000,1029,15.84,67,100,4.63,41,0,10000,1029,15.84,67,100,4.63,41,0,10000,1029,15.84,67,100,4.63,41,0,10000,1029,15.84,67,100,4.63,41,0,10000,1029,15.84,67,100,4.63,41,0,10000,1029,15.84,67,100,4.63,41,0,10000,1029,15.84,67,100,4.63,41,0,10000,1029,15.84,67,100,4.63,41,0,10000
1029,15.84,67,100,4.63,41,0,10000,4,46,25,4,1029,15.84,67,100,4.63,41,0,10000,1029,15.84,67,100,4.63,41,0,10000,1029,15.84,67,100,4.63,41,0,10000,1029,15.84,67,100,4.63,41,0,10000,1029,15.84,67,100,4.63,41,0,10000,1029,15.84,67,100,4.63,41,0,10000,1029,15.84,67,100,4.63,41,0,10000,1029,15.84,67,100,4.63,41,0,10000,1029,15.84,67,100,4.63,41,0,10000,1029,15.84,67,100,4.63,41,0,10000,1029,15.84,67,100,4.63,41,0,10000,1029,15.84,67,100,4.63,41,0,10000
1029,15.84,67,100,4.63,41,0,10000,5,46,25,4,1029,15.84,67,100,4.63,41,0,10000,1029,15.84,67,100,4.63,41,0,10000,1029,15.84,67,100,4.63,41,0,10000,1029,15.84,67,100,4.63,41,0,10000,1029,15.84,67,100,4.63,41,0,10000,1029,15.84,67,100,4.63,41,0,10000,1029,15.84,67,100,4.63,41,0,10000,1029,15.84,67,100,4.63,41,0,10000,1029,15.84,67,100,4.63,41,0,10000,1029,15.84,67,100,4.63,41,0,10000,1029,15.84,67,100,4.63,41,0,10000,1029,15.84,67,100,4.63,41,0,10000
1029,15.84,67,100,4.63,41,0,10000,6,46,25,4,1029,15.84,67,100,4.63,41,0,10000,1029,15.84,67,100,4.63,41,0,10000,1029,15.84,67,100,4.63,41,0,10000,1029,15.84,67,100,4.63,41,0,10000,1029,15.84,67,100,4.63,41,0,10000,1029,15.84,67,100,4.63,41,0,10000,1029,15.84,67,100,4.63,41,0,10000,1029,15.84,67,100,4.63,41,0,10000,1029,15.84,67,100,4.63,41,0,10000,1029,15.84,67,100,4.63,41,0,10000,1029,15.84,67,100,4.63,41,0,10000,1029,15.84,67,100,4.63,41,0,10000
1029,15.84,67,100,4.63,41,0,10000,7,46,25,4,1029,15.84,67,100,4.63,41,0,10000,1029,15.84,67,100,4.63,41,0,10000,1029,15.84,67,100,4.63,41,0,10000,1029,15.84,67,100,4.63,41,0,10000,1029,15.84,67,100,4.63,41,0,10000,1029,15.84,67,100,4.63,41,0,10000,1029,15.84,67,100,4.63,41,0,10000,1029,15.84,67,100,4.63,41,0,10000,1029,15.84,67,100,4.63,41,0,10000,1029,15.84,67,100,4.63,41,0,10000,1029,15.84,67,100,4.63,41,0,10000,1029,15.84,67,100,4.63,41,0,10000
1029,15.84,67,100,4.63,41,0,10000,8,46,25,4,1029,15.84,67,100,4.63,41,0,10000,1029,15.84,67,100,4.63,41,0,10000,1029,15.84,67,100,4.63,41,0,10000,1029,15.84,67,100,4.63,41,0,10000,1029,15.84,67,100,4.63,41,0,10000,1029,15.84,67,100,4.63,41,0,10000,1029,15.84,67,100,4.63,41,0,10000,1029,15.84,67,100,4.63,41,0,10000,1029,15.84,67,100,4.63,41,0,10000,1029,15.84,67,100,4.63,41,0,10000,1029,15.84,67,100,4.63,41,0,10000,1029,15.84,67,100,4.63,41,0,10000
1029,15.84,67,100,4.63,41,0,10000,9,46,25,4,1029,15.84,67,100,4.63,41,0,10000,1029,15.84,67,100,4.63,41,0,10000,1029,15.84,67,100,4.63,41,0,10000,1029,15.84,67,100,4.63,41,0,10000,1029,15.84,67,100,4.63,41,0,10000,1029,15.84,67,100,4.63,41,0,10000,1029,15.84,67,100,4.63,41,0,10000,1029,15.84,67,100,4.63,41,0,10000,1029,15.84,67,100,4.63,41,0,10000,1029,15.84,67,100,4.63,41,0,10000,1029,15.84,67,100,4.63,41,0,10000,1029,15.84,67,100,4.63,41,0,10000
1029,15.84,67,100,4.63,41,0,10000,10,46,25,4,1029,15.84,67,100,4.63,41,0,10000,1029,15.84,67,100,4.63,41,0,10000,1029,15.84,67,100,4.63,41,0,10000,1029,15.84,67,100,4.63,41,0,10000,1029,15.84,67,100,4.63,41,0,10000,1029,15.84,67,100,4.63,41,0,10000,1029,15.84,67,100,4.63,41,0,10000,1029,15.84,67,100,4.63,41,0,10000,1029,15.84,67,100,4.63,41,0,10000,1029,15.84,67,100,4.63,41,0,10000,1029,15.84,67,100,4.63,41,0,10000,1029,15.84,67,100,4.63,41,0,10000
1029,15.84,67,100,4.63,41,0,10000,11,46,25,4,1029,15.84,67,100,4.63,41,0,10000,1029,15.84,67,100,4.63,41,0,10000,1029,15.84,67,100,4.63,41,0,10000,1029,15.84,67,100,4.63,41,0,10000,1029,15.84,67,100,4.63,41,0,10000,1029,15.84,67,100,4.63,41,0,10000,1029,15.84,67,100,4.63,41,0,10000,1029,15.84,67,100,4.63,41,0,10000,1029,15.84,67,100,4.63,41,0,10000,1029,15.84,67,100,4.63,41,0,10000,1029,15.84,67,100,4.63,41,0,10000,1029,15.84,67,100,4.63,41,0,10000
1029,15.84,67,100,4.63,41,0,10000,12,46,25,4,1029,15.84,67,100,4.63,41,0,10000,1029,15.84,67,100,4.63,41,0,10000,1029,15.84,67,100,4.63,41,0,10000,1029,15.84,67,100,4.63,41,0,10000,1029,15.84,67,100,4.63,41,0,10000,1029,15.84,67,100,4.63,41,0,10000,1029,15.84,67,100,4.63,41,0,10000,1029,15.84,67,100,4.63,41,0,10000,1029,15.84,67,100,4.63,41,0,10000,1029,15.84,67,100,4.63,41,0,10000,1029,15.84,67,100,4.63,41,0,10000,1029,15.84,67,100,4.63,41,0,10000
1029,15.84,67,100,4.63,41,0,10000,13,46,25,4,1029,15.84,67,100,4.63,41,0,10000,1029,15.84,67,100,4.63,41,0,10000,1029,15.84,67,100,4.63,41,0,10000,1029,15.84,67,100,4.63,41,0,10000,1029,15.84,67,100,4.63,41,0,10000,1029,15.84,67,100,4.63,41,0,10000,1029,15.84,67,100,4.63,41,0,10000,1029,15.84,67,100,4.63,41,0,10000,1029,15.84,67,100,4.63,41,0,10000,1029,15.84,67,100,4.63,41,0,10000,1029,15.84,67,100,4.63,41,0,10000,1029,15.84,67,100,4.63,41,0,10000
1029,15.84,67,100,4.63,41,0,10000,14,46,25,4,1029,15.84,67,100,4.63,41,0,10000,1029,15.84,67,100,4.63,41,0,10000,1029,15.84,67,100,4.63,41,0,10000,1029,15.84,67,100,4.63,41,0,10000,1029,15.84,67,100,4.63,41,0,10000,1029,15.84,67,100,4.63,41,0,10000,1029,15.84,67,100,4.63,41,0,10000,1029,15.84,67,100,4.63,41,0,10000,1029,15.84,67,100,4.63,41,0,10000,1029,15.84,67,100,4.63,41,0,10000,1029,15.84,67,100,4.63,41,0,10000,1029,15.84,67,100,4.63,41,0,10000
1029,15.84,67,100,4.63,41,0,10000,15,46,25,4,1029,15.84,67,100,4.63,41,0,10000,1029,15.84,67,100,4.63,41,0,10000,1029,15.84,67,100,4.63,41,0,10000,1029,15.84,67,100,4.63,41,0,10000,1029,15.84,67,100,4.63,41,0,10000,1029,15.84,67,100,4.63,41,0,10000,1029,15.84,67,100,4.63,41,0,10000,1029,15.84,67,100,4.63,41,0,10000,1029,15.84,67,100,4.63,41,0,10000,1029,15.84,67,100,4.63,41,0,10000,1029,15.84,67,100,4.63,41,0,10000,1029,15.84,67,100,4.63,41,0,10000
1029,15.84,67,100,4.63,41,0,10000,16,46,25,4,1029,15.84,67,100,4.63,41,0,10000,1029,15.84,67,100,4.63,41,0,10000,1029,15.84,67,100,4.63,41,0,10000,1029,15.84,67,100,4.63,41,0,10000,1029,15.84,67,100,4.63,41,0,10000,1029,15.84,67,100,4.63,41,0,10000,1029,15.84,67,100,4.63,41,0,10000,1029,15.84,67,100,4.63,41,0,10000,1029,15.84,67,100,4.63,41,0,10000,1029,15.84,67,100,4.63,41,0,10000,1029,15.84,67,100,4.63,41,0,10000,1029,15.84,67,100,4.63,41,0,10000
1029,15.84,67,100,4.63,41,0,10000,17,46,25,4,1029,15.84,67,100,4.63,41,0,10000,1029,15.84,67,100,4.63,41,0,10000,1029,15.84,67,100,4.63,41,0,10000,1029,15.84,67,100,4.63,41,0,10000,1029,15.84,67,100,4.63,41,0,10000,1029,15.84,67,100,4.63,41,0,10000,1029,15.84,67,100,4.63,41,0,10000,1029,15.84,67,100,4.63,41,0,10000,1029,15.84,67,100,4.63,41,0,10000,1029,15.84,67,100,4.63,41,0,10000,1029,15.84,67,100,4.63,41,0,10000,1029,15.84,67,100,4.63,41,0,10000
1029,15.84,67,100,4.63,41,0,10000,18,46,25,4,1029,15.84,67,100,4.63,41,0,10000,1029,15.84,67,100,4.63,41,0,10000,1029,15.84,67,100,4.63,41,0,10000,1029,15.84,67,100,4.63,41,0,10000,1029,15.84,67,100,4.63,41,0,10000,1029,15.84,67,100,4.63,41,0,10000,1029,15.84,67,100,4.63,41,0,10000,1029,15.84,67,100,4.63,41,0,10000,1029,15.84,67,100,4.63,41,0,10000,1029,15.84,67,100,4.63,41,0,10000,1029,15.84,67,100,4.63,41,0,10000,1029,15.84,67,100,4.63,41,0,10000
1029,15.84,67,100,4.63,41,0,10000,19,46,25,4,1029,15.84,67,100,4.63,41,0,10000,1029,15.84,67,100,4.63,41,0,10000,1029,15.84,67,100,4.63,41,0,10000,1029,15.84,67,100,4.63,41,0,10000,1029,15.84,67,100,4.63,41,0,10000,1029,15.84,67,100,4.63,41,0,10000,1029,15.84,67,100,4.63,41,0,10000,1029,15.84,67,100,4.63,41,0,10000,1029,15.84,67,100,4.63,41,0,10000,1029,15.84,67,100,4.63,41,0,10000,1029,15.84,67,100,4.63,41,0,10000,1029,15.84,67,100,4.63,41,0,10000
1029,15.84,67,100,4.63,41,0,10000,20,46,25,4,1029,15.84,67,100,4.63,41,0,10000,1029,15.84,67,100,4.63,41,0,10000,1029,15.84,67,100,4.63,41,0,10000,1029,15.84,67,100,4.63,41,0,10000,1029,15.84,67,100,4.63,41,0,10000,1029,15.84,67,100,4.63,41,0,10000,1029,15.84,67,100,4.63,41,0,10000,1029,15.84,67,100,4.63,41,0,10000,1029,15.84,67,100,4.63,41,0,10000,1029,15.84,67,100,4.63,41,0,10000,1029,15.84,67,100,4.63,41,0,10000,1029,15.84,67,100,4.63,41,0,10000
1029,15.84,67,100,4.63,41,0,10000,21,46,25,4,1029,15.84,67,100,4.63,41,0,10000,1029,15.84,67,100,4.63,41,0,10000,1029,15.84,67,100,4.63,41,0,10000,1029,15.84,67,100,4.63,41,0,10000,1029,15.84,67,100,4.63,41,0,10000,1029,15.84,67,100,4.63,41,0,10000,1029,15.84,67,100,4.63,41,0,10000,1029,15.84,67,100,4.63,41,0,10000,1029,15.84,67,100,4.63,41,0,10000,1029,15.84,67,100,4.63,41,0,10000,1029,15.84,67,100,4.63,41,0,10000,1029,15.84,67,100,4.63,41,0,10000
1029,15.84,67,100,4.63,41,0,10000,22,46,25,4,1029,15.84,67,100,4.63,41,0,10000,1029,15.84,67,100,4.63,41,0,10000,1029,15.84,67,100,4.63,41,0,10000,1029,15.84,67,100,4.63,41,0,10000,1029,15.84,67,100,4.63,41,0,10000,1029,15.84,67,100,4.63,41,0,10000,1029,15.84,67,100,4.63,41,0,10000,1029,15.84,67,100,4.63,41,0,10000,1029,15.84,67,100,4.63,41,0,10000,1029,15.84,67,100,4.63,41,0,10000,1029,15.84,67,100,4.63,41,0,10000,1029,15.84,67,100,4.63,41,0,10000
1029,15.84,67,100,4.63,41,0,10000,23,46,25,4,1029,15.84,67,100,4.63,41,0,10000,1029,15.84,67,100,4.63,41,0,10000,1029,15.84,67,100,4.63,41,0,10000,1029,15.84,67,100,4.63,41,0,10000,1029,15.84,67,100,4.63,41,0,10000,1029,15.84,67,100,4.63,41,0,10000,1029,15.84,67,100,4.63,41,0,10000,1029,15.84,67,100,4.63,41,0,10000,1029,15.84,67,100,4.63,41,0,10000,1029,15.84,67,100,4.63,41,0,10000,1029,15.84,67,100,4.63,41,0,10000,1029,15.84,67,100,4.63,41,0,10000
1029,15.84,67,100,4.63,41,0,10000,0,46,26,4,1029,15.84,67,100,4.63,41,0,10000,1029,15.84,67,100,4.63,41,0,10000,1029,15.84,67,100,4.63,41,0,10000,1029,15.84,67,100,4.63,41,0,10000,1029,15.84,67,100,4.63,41,0,10000,1029,15.84,67,100,4.63,41,0,10000,1029,15.84,67,100,4.63,41,0,10000,1029,15.84,67,100,4.63,41,0,10000,1029,15.84,67,100,4.63,41,0,10000,1029,15.84,67,100,4.63,41,0,10000,1029,15.84,67,100,4.63,41,0,10000,1029,15.84,67,100,4.63,41,0,10000
1029,15.84,67,100,4.63,41,0,10000,1,46,26,4,1029,15.84,67,100,4.63,41,0,10000,1029,15.84,67,100,4.63,41,0,10000,1029,15.84,67,100,4.63,41,0,10000,1029,15.84,67,100,4.63,41,0,10000,1029,15.84,67,100,4.63,41,0,10000,1029,15.84,67,100,4.63,41,0,10000,1029,15.84,67,100,4.63,41,0,10000,1029,15.84,67,100,4.63,41,0,10000,1029,15.84,67,100,4.63,41,0,10000,1029,15.84,67,100,4.63,41,0,10000,1029,15.84,67,100,4.63,41,0,10000,1029,15.84,67,100,4.63,41,0,10000
1029,15.84,67,100,4.63,41,0,10000,2,46,26,4,1029,15.84,67,100,4.63,41,0,10000,1029,15.84,67,100,4.63,41,0,10000,1029,15.84,67,100,4.63,41,0,10000,1029,15.84,67,100,4.63,41,0,10000,1029,15.84,67,100,4.63,41,0,10000,1029,15.84,67,100,4.63,41,0,10000,1029,15.84,67,100,4.63,41,0,10000,1029,15.84,67,100,4.63,41,0,10000,1029,15.84,67,100,4.63,41,0,10000,1029,15.84,67,100,4.63,41,0,10000,1029,15.84,67,100,4.63,41,0,10000,1029,15.84,67,100,4.63,41,0,10000
1029,15.84,67,100,4.63,41,0,10000,3,46,26,4,1029,15.84,67,100,4.63,41,0,10000,1029,15.84,67,100,4.63,41,0,10000,1029,15.84,67,100,4.63,41,0,10000,1029,15.84,67,100,4.63,41,0,10000,1029,15.84,67,100,4.63,41,0,10000,1029,15.84,67,100,4.63,41,0,10000,1029,15.84,67,100,4.63,41,0,10000,1029,15.84,67,100,4.63,41,0,10000,1029,15.84,67,100,4.63,41,0,10000,1029,15.84,67,100,4.63,41,0,10000,1029,15.84,67,100,4.63,41,0,10000,1029,15.84,67,100,4.63,41,0,10000
1029,15.84,67,100,4.63,41,0,10000,4,46,26,4,1029,15.84,67,100,4.63,41,0,10000,1029,15.84,67,100,4.63,41,0,10000,1029,15.84,67,100,4.63,41,0,10000,1029,15.84,67,100,4.63,41,0,10000,1029,15.84,67,100,4.63,41,0,10000,1029,15.84,67,100,4.63,41,0,10000,1029,15.84,67,100,4.63,41,0,10000,1029,15.84,67,100,4.63,41,0,10000,1029,15.84,67,100,4.63,41,0,10000,1029,15.84,67,100,4.63,41,0,10000,1029,15.84,67,100,4.63,41,0,10000,1029,15.84,67,100,4.63,41,0,10000
1029,15.84,67,100,4.63,41,0,10000,5,46,26,4,1029,15.84,67,100,4.63,41,0,10000,1029,15.84,67,100,4.63,41,0,10000,1029,15.84,67,100,4.63,41,0,10000,1029,15.84,67,100,4.63,41,0,10000,1029,15.84,67,100,4.63,41,0,10000,1029,15.84,67,100,4.63,41,0,10000,1029,15.84,67,100,4.63,41,0,10000,1029,15.84,67,100,4.63,41,0,10000,1029,15.84,67,100,4.63,41,0,10000,1029,15.84,67,100,4.63,41,0,10000,1029,15.84,67,100,4.63,41,0,10000,1029,15.84,67,100,4.63,41,0,10000
1029,15.84,67,100,4.63,41,0,10000,6,46,26,4,1029,15.84,67,100,4.63,41,0,10000,1029,15.84,67,100,4.63,41,0,10000,1029,15.84,67,100,4.63,41,0,10000,1029,15.84,67,100,4.63,41,0,10000,1029,15.84,67,100,4.63,41,0,10000,1029,15.84,67,100,4.63,41,0,10000,1029,15.84,67,100,4.63,41,0,10000,1029,15.84,67,100,4.63,41,0,10000,1029,15.84,67,100,4.63,41,0,10000,1029,15.84,67,100,4.63,41,0,10000,1029,15.84,67,100,4.63,41,0,10000,1029,15.84,67,100,4.63,41,0,10000
1029,15.84,67,100,4.63,41,0,10000,7,46,26,4,1029,15.84,67,100,4.63,41,0,10000,1029,15.84,67,100,4.63,41,0,10000,1029,15.84,67,100,4.63,41,0,10000,1029,15.84,67,100,4.63,41,0,10000,1029,15.84,67,100,4.63,41,0,10000,1029,15.84,67,100,4.63,41,0,10000,1029,15.84,67,100,4.63,41,0,10000,1029,15.84,67,100,4.63,41,0,10000,1029,15.84,67,100,4.63,41,0,10000,1029,15.84,67,100,4.63,41,0,10000,1029,15.84,67,100,4.63,41,0,10000,1029,15.84,67,100,4.63,41,0,10000
1029,15.84,67,100,4.63,41,0,10000,8,46,26,4,1029,15.84,67,100,4.63,41,0,10000,1029,15.84,67,100,4.63,41,0,10000,1029,15.84,67,100,4.63,41,0,10000,1029,15.84,67,100,4.63,41,0,10000,1029,15.84,67,100,4.63,41,0,10000,1029,15.84,67,100,4.63,41,0,10000,1029,15.84,67,100,4.63,41,0,10000,1029,15.84,67,100,4.63,41,0,10000,1029,15.84,67,100,4.63,41,0,10000,1029,15.84,67,100,4.63,41,0,10000,1029,15.84,67,100,4.63,41,0,10000,1029,15.84,67,100,4.63,41,0,10000
1029,15.84,67,100,4.63,41,0,10000,9,46,26,4,1029,15.84,67,100,4.63,41,0,10000,1029,15.84,67,100,4.63,41,0,10000,1029,15.84,67,100,4.63,41,0,10000,1029,15.84,67,100,4.63,41,0,10000,1029,15.84,67,100,4.63,41,0,10000,1029,15.84,67,100,4.63,41,0,10000,1029,15.84,67,100,4.63,41,0,10000,1029,15.84,67,100,4.63,41,0,10000,1029,15.84,67,100,4.63,41,0,10000,1029,15.84,67,100,4.63,41,0,10000,1029,15.84,67,100,4.63,41,0,10000,1029,15.84,67,100,4.63,41,0,10000
1029,15.84,67,100,4.63,41,0,10000,10,46,26,4,1029,15.84,67,100,4.63,41,0,10000,1029,15.84,67,100,4.63,41,0,10000,1029,15.84,67,100,4.63,41,0,10000,1029,15.84,67,100,4.63,41,0,10000,1029,15.84,67,100,4.63,41,0,10000,1029,15.84,67,100,4.63,41,0,10000,1029,15.84,67,100,4.63,41,0,10000,1029,15.84,67,100,4.63,41,0,10000,1029,15.84,67,100,4.63,41,0,10000,1029,15.84,67,100,4.63,41,0,10000,1029,15.84,67,100,4.63,41,0,10000,1029,15.84,67,100,4.63,41,0,10000
1029,15.84,67,100,4.63,41,0,10000,11,46,26,4,1029,15.84,67,100,4.63,41,0,10000,1029,15.84,67,100,4.63,41,0,10000,1029,15.84,67,100,4.63,41,0,10000,1029,15.84,67,100,4.63,41,0,10000,1029,15.84,67,100,4.63,41,0,10000,1029,15.84,67,100,4.63,41,0,10000,1029,15.84,67,100,4.63,41,0,10000,1029,15.84,67,100,4.63,41,0,10000,1029,15.84,67,100,4.63,41,0,10000,1029,15.84,67,100,4.63,41,0,10000,1029,15.84,67,100,4.63,41,0,10000,1029,15.84,67,100,4.63,41,0,10000
1029,15.84,67,100,4.63,41,0,10000,12,46,26,4,1029,15.84,67,100,4.63,41,0,10000,1029,15.84,67,100,4.63,41,0,10000,1029,15.84,67,100,4.63,41,0,10000,1029,15.84,67,100,4.63,41,0,10000,1029,15.84,67,100,4.63,41,0,10000,1029,15.84,67,100,4.63,41,0,10000,1029,15.84,67,100,4.63,41,0,10000,1029,15.84,67,100,4.63,41,0,10000,1029,15.84,67,100,4.63,41,0,10000,1029,15.84,67,100,4.63,41,0,10000,1029,15.84,67,100,4.63,41,0,10000,1029,15.84,67,100,4.63,41,0,10000
1029,15.84,67,100,4.63,41,0,10000,13,46,26,4,1029,15.84,67,100,4.63,41,0,10000,1029,15.84,67,100,4.63,41,0,10000,1029,15.84,67,100,4.63,41,0,10000,1029,15.84,67,100,4.63,41,0,10000,1029,15.84,67,100,4.63,41,0,10000,1029,15.84,67,100,4.63,41,0,10000,1029,15.84,67,100,4.63,41,0,10000,1029,15.84,67,100,4.63,41,0,10000,1029,15.84,67,100,4.63,41,0,10000,1029,15.84,67,100,4.63,41,0,10000,1029,15.84,67,100,4.63,41,0,10000,1029,15.84,67,100,4.63,41,0,10000
1029,15.84,67,100,4.63,41,0,10000,14,46,26,4,1029,15.84,67,100,4.63,41,0,10000,1029,15.84,67,100,4.63,41,0,10000,1029,15.84,67,100,4.63,41,0,10000,1029,15.84,67,100,4.63,41,0,10000,1029,15.84,67,100,4.63,41,0,10000,1029,15.84,67,100,4.63,41,0,10000,1029,15.84,67,100,4.63,41,0,10000,1029,15.84,67,100,4.63,41,0,10000,1029,15.84,67,100,4.63,41,0,10000,1029,15.84,67,100,4.63,41,0,10000,1029,15.84,67,100,4.63,41,0,10000,1029,15.84,67,100,4.63,41,0,10000
1029,15.84,67,100,4.63,41,0,10000,15,46,26,4,1029,15.84,67,100,4.63,41,0,10000,1029,15.84,67,100,4.63,41,0,10000,1029,15.84,67,100,4.63,41,0,10000,1029,15.84,67,100,4.63,41,0,10000,1029,15.84,67,100,4.63,41,0,10000,1029,15.84,67,100,4.63,41,0,10000,1029,15.84,67,100,4.63,41,0,10000,1029,15.84,67,100,4.63,41,0,10000,1029,15.84,67,100,4.63,41,0,10000,1029,15.84,67,100,4.63,41,0,10000,1029,15.84,67,100,4.63,41,0,10000,1029,15.84,67,100,4.63,41,0,10000
1029,15.84,67,100,4.63,41,0,10000,16,46,26,4,1029,15.84,67,100,4.63,41,0,10000,1029,15.84,67,100,4.63,41,0,10000,1029,15.84,67,100,4.63,41,0,10000,1029,15.84,67,100,4.63,41,0,10000,1029,15.84,67,100,4.63,41,0,10000,1029,15.84,67,100,4.63,41,0,10000,1029,15.84,67,100,4.63,41,0,10000,1029,15.84,67,100,4.63,41,0,10000,1029,15.84,67,100,4.63,41,0,10000,1029,15.84,67,100,4.63,41,0,10000,1029,15.84,67,100,4.63,41,0,10000,1029,15.84,67,100,4.63,41,0,10000
1029,15.84,67,100,4.63,41,0,10000,17,46,26,4,1029,15.84,67,100,4.63,41,0,10000,1029,15.84,67,100,4.63,41,0,10000,1029,15.84,67,100,4.63,41,0,10000,1029,15.84,67,100,4.63,41,0,10000,1029,15.84,67,100,4.63,41,0,10000,1029,15.84,67,100,4.63,41,0,10000,1029,15.84,67,100,4.63,41,0,10000,1029,15.84,67,100,4.63,41,0,10000,1029,15.84,67,100,4.63,41,0,10000,1029,15.84,67,100,4.63,41,0,10000,1029,15.84,67,100,4.63,41,0,10000,1029,15.84,67,100,4.63,41,0,10000
1029,15.84,67,100,4.63,41,0,10000,18,46,26,4,1029,15.84,67,100,4.63,41,0,10000,1029,15.84,67,100,4.63,41,0,10000,1029,15.84,67,100,4.63,41,0,10000,1029,15.84,67,100,4.63,41,0,10000,1029,15.84,67,100,4.63,41,0,10000,1029,15.84,67,100,4.63,41,0,10000,1029,15.84,67,100,4.63,41,0,10000,1029,15.84,67,100,4.63,41,0,10000,1029,15.84,67,100,4.63,41,0,10000,1029,15.84,67,100,4.63,41,0,10000,1029,15.84,67,100,4.63,41,0,10000,1029,15.84,67,100,4.63,41,0,10000
1029,15.84,67,100,4.63,41,0,10000,19,46,26,4,1029,15.84,67,100,4.63,41,0,10000,1029,15.84,67,100,4.63,41,0,10000,1029,15.84,67,100,4.63,41,0,10000,1029,15.84,67,100,4.63,41,0,10000,1029,15.84,67,100,4.63,41,0,10000,1029,15.84,67,100,4.63,41,0,10000,1029,15.84,67,100,4.63,41,0,10000,1029,15.84,67,100,4.63,41,0,10000,1029,15.84,67,100,4.63,41,0,10000,1029,15.84,67,100,4.63,41,0,10000,1029,15.84,67,100,4.63,41,0,10000,1029,15.84,67,100,4.63,41,0,10000
1029,15.84,67,100,4.63,41,0,10000,20,46,26,4,1029,15.84,67,100,4.63,41,0,10000,1029,15.84,67,100,4.63,41,0,10000,1029,15.84,67,100,4.63,41,0,10000,1029,15.84,67,100,4.63,41,0,10000,1029,15.84,67,100,4.63,41,0,10000,1029,15.84,67,100,4.63,41,0,10000,1029,15.84,67,100,4.63,41,0,10000,1029,15.84,67,100,4.63,41,0,10000,1029,15.84,67,100,4.63,41,0,10000,1029,15.84,67,100,4.63,41,0,10000,1029,15.84,67,100,4.63,41,0,10000,1029,15.84,67,100,4.63,41,0,10000
1029,15.84,67,100,4.63,41,0,10000,21,46,26,4,1029,15.84,67,100,4.63,41,0,10000,1029,15.84,67,100,4.63,41,0,10000,1029,15.84,67,100,4.63,41,0,10000,1029,15.84,67,100,4.63,41,0,10000,1029,15.84,67,100,4.63,41,0,10000,1029,15.84,67,100,4.63,41,0,10000,1029,15.84,67,100,4.63,41,0,10000,1029,15.84,67,100,4.63,41,0,10000,1029,15.84,67,100,4.63,41,0,10000,1029,15.84,67,100,4.63,41,0,10000,1029,15.84,67,100,4.63,41,0,10000,1029,15.84,67,100,4.63,41,0,10000
1029,15.84,67,100,4.63,41,0,10000,22,46,26,4,1029,15.84,67,100,4.63,41,0,10000,1029,15.84,67,100,4.63,41,0,10000,1029,15.84,67,100,4.63,41,0,10000,1029,15.84,67,100,4.63,41,0,10000,1029,15.84,67,100,4.63,41,0,10000,1029,15.84,67,100,4.63,41,0,10000,1029,15.84,67,100,4.63,41,0,10000,1029,15.84,67,100,4.63,41,0,10000,1029,15.84,67,100,4.63,41,0,10000,1029,15.84,67,100,4.63,41,0,10000,1029,15.84,67,100,4.63,41,0,10000,1029,15.84,67,100,4.63,41,0,10000
1029,15.84,67,100,4.63,41,0,10000,23,46,26,4,1029,15.84,67,100,4.63,41,0,10000,1029,15.84,67,100,4.63,41,0,10000,1029,15.84,67,100,4.63,41,0,10000,1029,15.84,67,100,4.63,41,0,10000,1029,15.84,67,100,4.63,41,0,10000,1029,15.84,67,100,4.63,41,0,10000,1029,15.84,67,100,4.63,41,0,10000,1029,15.84,67,100,4.63,41,0,10000,1029,15.84,67,100,4.63,41,0,10000,1029,15.84,67,100,4.63,41,0,10000,1029,15.84,67,100,4.63,41,0,10000,1029,15.84,67,100,4.63,41,0,10000
1029,15.84,67,100,4.63,41,0,10000,0,46,27,4,1029,15.84,67,100,4.63,41,0,10000,1029,15.84,67,100,4.63,41,0,10000,1029,15.84,67,100,4.63,41,0,10000,1029,15.84,67,100,4.63,41,0,10000,1029,15.84,67,100,4.63,41,0,10000,1029,15.84,67,100,4.63,41,0,10000,1029,15.84,67,100,4.63,41,0,10000,1029,15.84,67,100,4.63,41,0,10000,1029,15.84,67,100,4.63,41,0,10000,1029,15.84,67,100,4.63,41,0,10000,1029,15.84,67,100,4.63,41,0,10000,1029,15.84,67,100,4.63,41,0,10000
1029,15.84,67,100,4.63,41,0,10000,1,46,27,4,1029,15.84,67,100,4.63,41,0,10000,1029,15.84,67,100,4.63,41,0,10000,1029,15.84,67,100,4.63,41,0,10000,1029,15.84,67,100,4.63,41,0,10000,1029,15.84,67,100,4.63,41,0,10000,1029,15.84,67,100,4.63,41,0,10000,1029,15.84,67,100,4.63,41,0,10000,1029,15.84,67,100,4.63,41,0,10000,1029,15.84,67,100,4.63,41,0,10000,1029,15.84,67,100,4.63,41,0,10000,1029,15.84,67,100,4.63,41,0,10000,1029,15.84,67,100,4.63,41,0,10000
1029,15.84,67,100,4.63,41,0,10000,2,46,27,4,1029,15.84,67,100,4.63,41,0,10000,1029,15.84,67,100,4.63,41,0,10000,1029,15.84,67,100,4.63,41,0,10000,1029,15.84,67,100,4.63,41,0,10000,1029,15.84,67,100,4.63,41,0,10000,1029,15.84,67,100,4.63,41,0,10000,1029,15.84,67,100,4.63,41,0,10000,1029,15.84,67,100,4.63,41,0,10000,1029,15.84,67,100,4.63,41,0,10000,1029,15.84,67,100,4.63,41,0,10000,1029,15.84,67,100,4.63,41,0,10000,1029,15.84,67,100,4.63,41,0,10000
1029,15.84,67,100,4.63,41,0,10000,3,46,27,4,1029,15.84,67,100,4.63,41,0,10000,1029,15.84,67,100,4.63,41,0,10000,1029,15.84,67,100,4.63,41,0,10000,1029,15.84,67,100,4.63,41,0,10000,1029,15.84,67,100,4.63,41,0,10000,1029,15.84,67,100,4.63,41,0,10000,1029,15.84,67,100,4.63,41,0,10000,1029,15.84,67,100,4.63,41,0,10000,1029,15.84,67,100,4.63,41,0,10000,1029,15.84,67,100,4.63,41,0,10000,1029,15.84,67,100,4.63,41,0,10000,1029,15.84,67,100,4.63,41,0,10000
1029,15.84,67,100,4.63,41,0,10000,4,46,27,4,1029,15.84,67,100,4.63,41,0,10000,1029,15.84,67,100,4.63,41,0,10000,1029,15.84,67,100,4.63,41,0,10000,1029,15.84,67,100,4.63,41,0,10000,1029,15.84,67,100,4.63,41,0,10000,1029,15.84,67,100,4.63,41,0,10000,1029,15.84,67,100,4.63,41,0,10000,1029,15.84,67,100,4.63,41,0,10000,1029,15.84,67,100,4.63,41,0,10000,1029,15.84,67,100,4.63,41,0,10000,1029,15.84,67,100,4.63,41,0,10000,1029,15.84,67,100,4.63,41,0,10000
1029,15.84,67,100,4.63,41,0,10000,5,46,27,4,1029,15.84,67,100,4.63,41,0,10000,1029,15.84,67,100,4.63,41,0,10000,1029,15.84,67,100,4.63,41,0,10000,1029,15.84,67,100,4.63,41,0,10000,1029,15.84,67,100,4.63,41,0,10000,1029,15.84,67,100,4.63,41,0,10000,1029,15.84,67,100,4.63,41,0,10000,1029,15.84,67,100,4.63,41,0,10000,1029,15.84,67,100,4.63,41,0,10000,1029,15.84,67,100,4.63,41,0,10000,1029,15.84,67,100,4.63,41,0,10000,1029,15.84,67,100,4.63,41,0,10000
1029,15.84,67,100,4.63,41,0,10000,6,46,27,4,1029,15.84,67,100,4.63,41,0,10000,1029,15.84,67,100,4.63,41,0,10000,1029,15.84,67,100,4.63,41,0,10000,1029,15.84,67,100,4.63,41,0,10000,1029,15.84,67,100,4.63,41,0,10000,1029,15.84,67,100,4.63,41,0,10000,1029,15.84,67,100,4.63,41,0,10000,1029,15.84,67,100,4.63,41,0,10000,1029,15.84,67,100,4.63,41,0,10000,1029,15.84,67,100,4.63,41,0,10000,1029,15.84,67,100,4.63,41,0,10000,1029,15.84,67,100,4.63,41,0,10000
1029,15.84,67,100,4.63,41,0,10000,7,46,27,4,1029,15.84,67,100,4.63,41,0,10000,1029,15.84,67,100,4.63,41,0,10000,1029,15.84,67,100,4.63,41,0,10000,1029,15.84,67,100,4.63,41,0,10000,1029,15.84,67,100,4.63,41,0,10000,1029,15.84,67,100,4.63,41,0,10000,1029,15.84,67,100,4.63,41,0,10000,1029,15.84,67,100,4.63,41,0,10000,1029,15.84,67,100,4.63,41,0,10000,1029,15.84,67,100,4.63,41,0,10000,1029,15.84,67,100,4.63,41,0,10000,1029,15.84,67,100,4.63,41,0,10000
1029,15.84,67,100,4.63,41,0,10000,8,46,27,4,1029,15.84,67,100,4.63,41,0,10000,1029,15.84,67,100,4.63,41,0,10000,1029,15.84,67,100,4.63,41,0,10000,1029,15.84,67,100,4.63,41,0,10000,1029,15.84,67,100,4.63,41,0,10000,1029,15.84,67,100,4.63,41,0,10000,1029,15.84,67,100,4.63,41,0,10000,1029,15.84,67,100,4.63,41,0,10000,1029,15.84,67,100,4.63,41,0,10000,1029,15.84,67,100,4.63,41,0,10000,1029,15.84,67,100,4.63,41,0,10000,1029,15.84,67,100,4.63,41,0,10000
1029,15.84,67,100,4.63,41,0,10000,9,46,27,4,1029,15.84,67,100,4.63,41,0,10000,1029,15.84,67,100,4.63,41,0,10000,1029,15.84,67,100,4.63,41,0,10000,1029,15.84,67,100,4.63,41,0,10000,1029,15.84,67,100,4.63,41,0,10000,1029,15.84,67,100,4.63,41,0,10000,1029,15.84,67,100,4.63,41,0,10000,1029,15.84,67,100,4.63,41,0,10000,1029,15.84,67,100,4.63,41,0,10000,1029,15.84,67,100,4.63,41,0,10000,1029,15.84,67,100,4.63,41,0,10000,1029,15.84,67,100,4.63,41,0,10000
1029,15.84,67,100,4.63,41,0,10000,10,46,27,4,1029,15.84,67,100,4.63,41,0,10000,1029,15.84,67,100,4.63,41,0,10000,1029,15.84,67,100,4.63,41,0,10000,1029,15.84,67,100,4.63,41,0,10000,1029,15.84,67,100,4.63,41,0,10000,1029,15.84,67,100,4.63,41,0,10000,1029,15.84,67,100,4.63,41,0,10000,1029,15.84,67,100,4.63,41,0,10000,1029,15.84,67,100,4.63,41,0,10000,1029,15.84,67,100,4.63,41,0,10000,1029,15.84,67,100,4.63,41,0,10000,1029,15.84,67,100,4.63,41,0,10000
1029,15.84,67,100,4.63,41,0,10000,11,46,27,4,1029,15.84,67,100,4.63,41,0,10000,1029,15.84,67,100,4.63,41,0,10000,1029,15.84,67,100,4.63,41,0,10000,1029,15.84,67,100,4.63,41,0,10000,1029,15.84,67,100,4.63,41,0,10000,1029,15.84,67,100,4.63,41,0,10000,1029,15.84,67,100,4.63,41,0,10000,1029,15.84,67,100,4.63,41,0,10000,1029,15.84,67,100,4.63,41,0,10000,1029,15.84,67,100,4.63,41,0,10000,1029,15.84,67,100,4.63,41,0,10000,1029,15.84,67,100,4.63,41,0,10000
1029,15.84,67,100,4.63,41,0,10000,12,46,27,4,1029,15.84,67,100,4.63,41,0,10000,1029,15.84,67,100,4.63,41,0,10000,1029,15.84,67,100,4.63,41,0,10000,1029,15.84,67,100,4.63,41,0,10000,1029,15.84,67,100,4.63,41,0,10000,1029,15.84,67,100,4.63,41,0,10000,1029,15.84,67,100,4.63,41,0,10000,1029,15.84,67,100,4.63,41,0,10000,1029,15.84,67,100,4.63,41,0,10000,1029,15.84,67,100,4.63,41,0,10000,1029,15.84,67,100,4.63,41,0,10000,1029,15.84,67,100,4.63,41,0,10000
1029,15.84,67,100,4.63,41,0,10000,13,46,27,4,1029,15.84,67,100,4.63,41,0,10000,1029,15.84,67,100,4.63,41,0,10000,1029,15.84,67,100,4.63,41,0,10000,1029,15.84,67,100,4.63,41,0,10000,1029,15.84,67,100,4.63,41,0,10000,1029,15.84,67,100,4.63,41,0,10000,1029,15.84,67,100,4.63,41,0,10000,1029,15.84,67,100,4.63,41,0,10000,1029,15.84,67,100,4.63,41,0,10000,1029,15.84,67,100,4.63,41,0,10000,1029,15.84,67,100,4.63,41,0,10000,1029,15.84,67,100,4.63,41,0,10000
1029,15.84,67,100,4.63,41,0,10000,14,46,27,4,1029,15.84,67,100,4.63,41,0,10000,1029,15.84,67,100,4.63,41,0,10000,1029,15.84,67,100,4.63,41,0,10000,1029,15.84,67,100,4.63,41,0,10000,1029,15.84,67,100,4.63,41,0,10000,1029,15.84,67,100,4.63,41,0,10000,1029,15.84,67,100,4.63,41,0,10000,1029,15.84,67,100,4.63,41,0,10000,1029,15.84,67,100,4.63,41,0,10000,1029,15.84,67,100,4.63,41,0,10000,1029,15.84,67,100,4.63,41,0,10000,1029,15.84,67,100,4.63,41,0,10000
1029,15.84,67,100,4.63,41,0,10000,15,46,27,4,1029,15.84,67,100,4.63,41,0,10000,1029,15.84,67,100,4.63,41,0,10000,1029,15.84,67,100,4.63,41,0,10000,1029,15.84,67,100,4.63,41,0,10000,1029,15.84,67,100,4.63,41,0,10000,1029,15.84,67,100,4.63,41,0,10000,1029,15.84,67,100,4.63,41,0,10000,1029,15.84,67,100,4.63,41,0,10000,1029,15.84,67,100,4.63,41,0,10000,1029,15.84,67,100,4.63,41,0,10000,1029,15.84,67,100,4.63,41,0,10000,1029,15.84,67,100,4.63,41,0,10000
1029,15.84,67,100,4.63,41,0,10000,16,46,27,4,1029,15.84,67,100,4.63,41,0,10000,1029,15.84,67,100,4.63,41,0,10000,1029,15.84,67,100,4.63,41,0,10000,1029,15.84,67,100,4.63,41,0,10000,1029,15.84,67,100,4.63,41,0,10000,1029,15.84,67,100,4.63,41,0,10000,1029,15.84,67,100,4.63,41,0,10000,1029,15.84,67,100,4.63,41,0,10000,1029,15.84,67,100,4.63,41,0,10000,1029,15.84,67,100,4.63,41,0,10000,1029,15.84,67,100,4.63,41,0,10000,1029,15.84,67,100,4.63,41,0,10000
1029,15.84,67,100,4.63,41,0,10000,17,46,27,4,1029,15.84,67,100,4.63,41,0,10000,1029,15.84,67,100,4.63,41,0,10000,1029,15.84,67,100,4.63,41,0,10000,1029,15.84,67,100,4.63,41,0,10000,1029,15.84,67,100,4.63,41,0,10000,1029,15.84,67,100,4.63,41,0,10000,1029,15.84,67,100,4.63,41,0,10000,1029,15.84,67,100,4.63,41,0,10000,1029,15.84,67,100,4.63,41,0,10000,1029,15.84,67,100,4.63,41,0,10000,1029,15.84,67,100,4.63,41,0,10000,1029,15.84,67,100,4.63,41,0,10000
1029,15.84,67,100,4.63,41,0,10000,18,46,27,4,1029,15.84,67,100,4.63,41,0,10000,1029,15.84,67,100,4.63,41,0,10000,1029,15.84,67,100,4.63,41,0,10000,1029,15.84,67,100,4.63,41,0,10000,1029,15.84,67,100,4.63,41,0,10000,1029,15.84,67,100,4.63,41,0,10000,1029,15.84,67,100,4.63,41,0,10000,1029,15.84,67,100,4.63,41,0,10000,1029,15.84,67,100,4.63,41,0,10000,1029,15.84,67,100,4.63,41,0,10000,1029,15.84,67,100,4.63,41,0,10000,1029,15.84,67,100,4.63,41,0,10000
1029,15.84,67,100,4.63,41,0,10000,19,46,27,4,1029,15.84,67,100,4.63,41,0,10000,1029,15.84,67,100,4.63,41,0,10000,1029,15.84,67,100,4.63,41,0,10000,1029,15.84,67,100,4.63,41,0,10000,1029,15.84,67,100,4.63,41,0,10000,1029,15.84,67,100,4.63,41,0,10000,1029,15.84,67,100,4.63,41,0,10000,1029,15.84,67,100,4.63,41,0,10000,1029,15.84,67,100,4.63,41,0,10000,1029,15.84,67,100,4.63,41,0,10000,1029,15.84,67,100,4.63,41,0,10000,1029,15.84,67,100,4.63,41,0,10000
1029,15.84,67,100,4.63,41,0,10000,20,46,27,4,1029,15.84,67,100,4.63,41,0,10000,1029,15.84,67,100,4.63,41,0,10000,1029,15.84,67,100,4.63,41,0,10000,1029,15.84,67,100,4.63,41,0,10000,1029,15.84,67,100,4.63,41,0,10000,1029,15.84,67,100,4.63,41,0,10000,1029,15.84,67,100,4.63,41,0,10000,1029,15.84,67,100,4.63,41,0,10000,1029,15.84,67,100,4.63,41,0,10000,1029,15.84,67,100,4.63,41,0,10000,1029,15.84,67,100,4.63,41,0,10000,1029,15.84,67,100,4.63,41,0,10000
1029,15.84,67,100,4.63,41,0,10000,21,46,27,4,1029,15.84,67,100,4.63,41,0,10000,1029,15.84,67,100,4.63,41,0,10000,1029,15.84,67,100,4.63,41,0,10000,1029,15.84,67,100,4.63,41,0,10000,1029,15.84,67,100,4.63,41,0,10000,1029,15.84,67,100,4.63,41,0,10000,1029,15.84,67,100,4.63,41,0,10000,1029,15.84,67,100,4.63,41,0,10000,1029,15.84,67,100,4.63,41,0,10000,1029,15.84,67,100,4.63,41,0,10000,1029,15.84,67,100,4.63,41,0,10000,1029,15.84,67,100,4.63,41,0,10000
1029,15.84,67,100,4.63,41,0,10000,22,46,27,4,1029,15.84,67,100,4.63,41,0,10000,1029,15.84,67,100,4.63,41,0,10000,1029,15.84,67,100,4.63,41,0,10000,1029,15.84,67,100,4.63,41,0,10000,1029,15.84,67,100,4.63,41,0,10000,1029,15.84,67,100,4.63,41,0,10000,1029,15.84,67,100,4.63,41,0,10000,1029,15.84,67,100,4.63,41,0,10000,1029,15.84,67,100,4.63,41,0,10000,1029,15.84,67,100,4.63,41,0,10000,1029,15.84,67,100,4.63,41,0,10000,1029,15.84,67,100,4.63,41,0,10000
1029,15.84,67,100,4.63,41,0,10000,23,46,27,4,1029,15.84,67,100,4.63,41,0,10000,1029,15.84,67,100,4.63,41,0,10000,1029,15.84,67,100,4.63,41,0,10000,1029,15.84,67,100,4.63,41,0,10000,1029,15.84,67,100,4.63,41,0,10000,1029,15.84,67,100,4.63,41,0,10000,1029,15.84,67,100,4.63,41,0,10000,1029,15.84,67,100,4.63,41,0,10000,1029,15.84,67,100,4.63,41,0,10000,1029,15.84,67,100,4.63,41,0,10000,1029,15.84,67,100,4.63,41,0,10000,1029,15.84,67,100,4.63,41,0,10000
1029,15.84,67,100,4.63,41,0,10000,0,46,28,4,1029,15.84,67,100,4.63,41,0,10000,1029,15.84,67,100,4.63,41,0,10000,1029,15.84,67,100,4.63,41,0,10000,1029,15.84,67,100,4.63,41,0,10000,1029,15.84,67,100,4.63,41,0,10000,1029,15.84,67,100,4.63,41,0,10000,1029,15.84,67,100,4.63,41,0,10000,1029,15.84,67,100,4.63,41,0,10000,1029,15.84,67,100,4.63,41,0,10000,1029,15.84,67,100,4.63,41,0,10000,1029,15.84,67,100,4.63,41,0,10000,1029,15.84,67,100,4.63,41,0,10000
1029,15.84,67,100,4.63,41,0,10000,1,46,28,4,1029,15.84,67,100,4.63,41,0,10000,1029,15.84,67,100,4.63,41,0,10000,1029,15.84,67,100,4.63,41,0,10000,1029,15.84,67,100,4.63,41,0,10000,1029,15.84,67,100,4.63,41,0,10000,1029,15.84,67,100,4.63,41,0,10000,1029,15.84,67,100,4.63,41,0,10000,1029,15.84,67,100,4.63,41,0,10000,1029,15.84,67,100,4.63,41,0,10000,1029,15.84,67,100,4.63,41,0,10000,1029,15.84,67,100,4.63,41,0,10000,1029,15.84,67,100,4.63,41,0,10000
1029,15.84,67,100,4.63,41,0,10000,2,46,28,4,1029,15.84,67,100,4.63,41,0,10000,1029,15.84,67,100,4.63,41,0,10000,1029,15.84,67,100,4.63,41,0,10000,1029,15.84,67,100,4.63,41,0,10000,1029,15.84,67,100,4.63,41,0,10000,1029,15.84,67,100,4.63,41,0,10000,1029,15.84,67,100,4.63,41,0,10000,1029,15.84,67,100,4.63,41,0,10000,1029,15.84,67,100,4.63,41,0,10000,1029,15.84,67,100,4.63,41,0,10000,1029,15.84,67,100,4.63,41,0,10000,1029,15.84,67,100,4.63,41,0,10000
1029,15.84,67,100,4.63,41,0,10000,3,46,28,4,1029,15.84,67,100,4.63,41,0,10000,1029,15.84,67,100,4.63,41,0,10000,1029,15.84,67,100,4.63,41,0,10000,1029,15.84,67,100,4.63,41,0,10000,1029,15.84,67,100,4.63,41,0,10000,1029,15.84,67,100,4.63,41,0,10000,1029,15.84,67,100,4.63,41,0,10000,1029,15.84,67,100,4.63,41,0,10000,1029,15.84,67,100,4.63,41,0,10000,1029,15.84,67,100,4.63,41,0,10000,1029,15.84,67,100,4.63,41,0,10000,1029,15.84,67,100,4.63,41,0,10000
1029,15.84,67,100,4.63,41,0,10000,4,46,28,4,1029,15.84,67,100,4.63,41,0,10000,1029,15.84,67,100,4.63,41,0,10000,1029,15.84,67,100,4.63,41,0,10000,1029,15.84,67,100,4.63,41,0,10000,1029,15.84,67,100,4.63,41,0,10000,1029,15.84,67,100,4.63,41,0,10000,1029,15.84,67,100,4.63,41,0,10000,1029,15.84,67,100,4.63,41,0,10000,1029,15.84,67,100,4.63,41,0,10000,1029,15.84,67,100,4.63,41,0,10000,1029,15.84,67,100,4.63,41,0,10000,1029,15.84,67,100,4.63,41,0,10000
1029,15.84,67,100,4.63,41,0,10000,5,46,28,4,1029,15.84,67,100,4.63,41,0,10000,1029,15.84,67,100,4.63,41,0,10000,1029,15.84,67,100,4.63,41,0,10000,1029,15.84,67,100,4.63,41,0,10000,1029,15.84,67,100,4.63,41,0,10000,1029,15.84,67,100,4.63,41,0,10000,1029,15.84,67,100,4.63,41,0,10000,1029,15.84,67,100,4.63,41,0,10000,1029,15.84,67,100,4.63,41,0,10000,1029,15.84,67,100,4.63,41,0,10000,1029,15.84,67,100,4.63,41,0,10000,1029,15.84,67,100,4.63,41,0,10000
1029,15.84,67,100,4.63,41,0,10000,6,46,28,4,1029,15.84,67,100,4.63,41,0,10000,1029,15.84,67,100,4.63,41,0,10000,1029,15.84,67,100,4.63,41,0,10000,1029,15.84,67,100,4.63,41,0,10000,1029,15.84,67,100,4.63,41,0,10000,1029,15.84,67,100,4.63,41,0,10000,1029,15.84,67,100,4.63,41,0,10000,1029,15.84,67,100,4.63,41,0,10000,1029,15.84,67,100,4.63,41,0,10000,1029,15.84,67,100,4.63,41,0,10000,1029,15.84,67,100,4.63,41,0,10000,1029,15.84,67,100,4.63,41,0,10000
1029,15.84,67,100,4.63,41,0,10000,7,46,28,4,1029,15.84,67,100,4.63,41,0,10000,1029,15.84,67,100,4.63,41,0,10000,1029,15.84,67,100,4.63,41,0,10000,1029,15.84,67,100,4.63,41,0,10000,1029,15.84,67,100,4.63,41,0,10000,1029,15.84,67,100,4.63,41,0,10000,1029,15.84,67,100,4.63,41,0,10000,1029,15.84,67,100,4.63,41,0,10000,1029,15.84,67,100,4.63,41,0,10000,1029,15.84,67,100,4.63,41,0,10000,1029,15.84,67,100,4.63,41,0,10000,1029,15.84,67,100,4.63,41,0,10000
1029,15.84,67,100,4.63,41,0,10000,8,46,28,4,1029,15.84,67,100,4.63,41,0,10000,1029,15.84,67,100,4.63,41,0,10000,1029,15.84,67,100,4.63,41,0,10000,1029,15.84,67,100,4.63,41,0,10000,1029,15.84,67,100,4.63,41,0,10000,1029,15.84,67,100,4.63,41,0,10000,1029,15.84,67,100,4.63,41,0,10000,1029,15.84,67,100,4.63,41,0,10000,1029,15.84,67,100,4.63,41,0,10000,1029,15.84,67,100,4.63,41,0,10000,1029,15.84,67,100,4.63,41,0,10000,1029,15.84,67,100,4.63,41,0,10000
1029,15.84,67,100,4.63,41,0,10000,9,46,28,4,1029,15.84,67,100,4.63,41,0,10000,1029,15.84,67,100,4.63,41,0,10000,1029,15.84,67,100,4.63,41,0,10000,1029,15.84,67,100,4.63,41,0,10000,1029,15.84,67,100,4.63,41,0,10000,1029,15.84,67,100,4.63,41,0,10000,1029,15.84,67,100,4.63,41,0,10000,1029,15.84,67,100,4.63,41,0,10000,1029,15.84,67,100,4.63,41,0,10000,1029,15.84,67,100,4.63,41,0,10000,1029,15.84,67,100,4.63,41,0,10000,1029,15.84,67,100,4.63,41,0,10000
1029,15.84,67,100,4.63,41,0,10000,10,46,28,4,1029,15.84,67,100,4.63,41,0,10000,1029,15.84,67,100,4.63,41,0,10000,1029,15.84,67,100,4.63,41,0,10000,1029,15.84,67,100,4.63,41,0,10000,1029,15.84,67,100,4.63,41,0,10000,1029,15.84,67,100,4.63,41,0,10000,1029,15.84,67,100,4.63,41,0,10000,1029,15.84,67,100,4.63,41,0,10000,1029,15.84,67,100,4.63,41,0,10000,1029,15.84,67,100,4.63,41,0,10000,1029,15.84,67,100,4.63,41,0,10000,1029,15.84,67,100,4.63,41,0,10000
1029,15.84,67,100,4.63,41,0,10000,11,46,28,4,1029,15.84,67,100,4.63,41,0,10000,1029,15.84,67,100,4.63,41,0,10000,1029,15.84,67,100,4.63,41,0,10000,1029,15.84,67,100,4.63,41,0,10000,1029,15.84,67,100,4.63,41,0,10000,1029,15.84,67,100,4.63,41,0,10000,1029,15.84,67,100,4.63,41,0,10000,1029,15.84,67,100,4.63,41,0,10000,1029,15.84,67,100,4.63,41,0,10000,1029,15.84,67,100,4.63,41,0,10000,1029,15.84,67,100,4.63,41,0,10000,1029,15.84,67,100,4.63,41,0,10000
1029,15.84,67,100,4.63,41,0,10000,12,46,28,4,1029,15.84,67,100,4.63,41,0,10000,1029,15.84,67,100,4.63,41,0,10000,1029,15.84,67,100,4.63,41,0,10000,1029,15.84,67,100,4.63,41,0,10000,1029,15.84,67,100,4.63,41,0,10000,1029,15.84,67,100,4.63,41,0,10000,1029,15.84,67,100,4.63,41,0,10000,1029,15.84,67,100,4.63,41,0,10000,1029,15.84,67,100,4.63,41,0,10000,1029,15.84,67,100,4.63,41,0,10000,1029,15.84,67,100,4.63,41,0,10000,1029,15.84,67,100,4.63,41,0,10000
1029,15.84,67,100,4.63,41,0,10000,13,46,28,4,1029,15.84,67,100,4.63,41,0,10000,1029,15.84,67,100,4.63,41,0,10000,1029,15.84,67,100,4.63,41,0,10000,1029,15.84,67,100,4.63,41,0,10000,1029,15.84,67,100,4.63,41,0,10000,1029,15.84,67,100,4.63,41,0,10000,1029,15.84,67,100,4.63,41,0,10000,1029,15.84,67,100,4.63,41,0,10000,1029,15.84,67,100,4.63,41,0,10000,1029,15.84,67,100,4.63,41,0,10000,1029,15.84,67,100,4.63,41,0,10000,1029,15.84,67,100,4.63,41,0,10000
1029,15.84,67,100,4.63,41,0,10000,14,46,28,4,1029,15.84,67,100,4.63,41,0,10000,1029,15.84,67,100,4.63,41,0,10000,1029,15.84,67,100,4.63,41,0,10000,1029,15.84,67,100,4.63,41,0,10000,1029,15.84,67,100,4.63,41,0,10000,1029,15.84,67,100,4.63,41,0,10000,1029,15.84,67,100,4.63,41,0,10000,1029,15.84,67,100,4.63,41,0,10000,1029,15.84,67,100,4.63,41,0,10000,1029,15.84,67,100,4.63,41,0,10000,1029,15.84,67,100,4.63,41,0,10000,1029,15.84,67,100,4.63,41,0,10000
1029,15.84,67,100,4.63,41,0,10000,15,46,28,4,1029,15.84,67,100,4.63,41,0,10000,1029,15.84,67,100,4.63,41,0,10000,1029,15.84,67,100,4.63,41,0,10000,1029,15.84,67,100,4.63,41,0,10000,1029,15.84,67,100,4.63,41,0,10000,1029,15.84,67,100,4.63,41,0,10000,1029,15.84,67,100,4.63,41,0,10000,1029,15.84,67,100,4.63,41,0,10000,1029,15.84,67,100,4.63,41,0,10000,1029,15.84,67,100,4.63,41,0,10000,1029,15.84,67,100,4.63,41,0,10000,1029,15.84,67,100,4.63,41,0,10000
1029,15.84,67,100,4.63,41,0,10000,16,46,28,4,1029,15.84,67,100,4.63,41,0,10000,1029,15.84,67,100,4.63,41,0,10000,1029,15.84,67,100,4.63,41,0,10000,1029,15.84,67,100,4.63,41,0,10000,1029,15.84,67,100,4.63,41,0,10000,1029,15.84,67,100,4.63,41,0,10000,1029,15.84,67,100,4.63,41,0,10000,1029,15.84,67,100,4.63,41,0,10000,1029,15.84,67,100,4.63,41,0,10000,1029,15.84,67,100,4.63,41,0,10000,1029,15.84,67,100,4.63,41,0,10000,1029,15.84,67,100,4.63,41,0,10000
1029,15.84,67,100,4.63,41,0,10000,17,46,28,4,1029,15.84,67,100,4.63,41,0,10000,1029,15.84,67,100,4.63,41,0,10000,1029,15.84,67,100,4.63,41,0,10000,1029,15.84,67,100,4.63,41,0,10000,1029,15.84,67,100,4.63,41,0,10000,1029,15.84,67,100,4.63,41,0,10000,1029,15.84,67,100,4.63,41,0,10000,1029,15.84,67,100,4.63,41,0,10000,1029,15.84,67,100,4.63,41,0,10000,1029,15.84,67,100,4.63,41,0,10000,1029,15.84,67,100,4.63,41,0,10000,1029,15.84,67,100,4.63,41,0,10000
1029,15.84,67,100,4.63,41,0,10000,18,46,28,4,1029,15.84,67,100,4.63,41,0,10000,1029,15.84,67,100,4.63,41,0,10000,1029,15.84,67,100,4.63,41,0,10000,1029,15.84,67,100,4.63,41,0,10000,1029,15.84,67,100,4.63,41,0,10000,1029,15.84,67,100,4.63,41,0,10000,1029,15.84,67,100,4.63,41,0,10000,1029,15.84,67,100,4.63,41,0,10000,1029,15.84,67,100,4.63,41,0,10000,1029,15.84,67,100,4.63,41,0,10000,1029,15.84,67,100,4.63,41,0,10000,1029,15.84,67,100,4.63,41,0,10000
1029,15.84,67,100,4.63,41,0,10000,19,46,28,4,1029,15.84,67,100,4.63,41,0,10000,1029,15.84,67,100,4.63,41,0,10000,1029,15.84,67,100,4.63,41,0,10000,1029,15.84,67,100,4.63,41,0,10000,1029,15.84,67,100,4.63,41,0,10000,1029,15.84,67,100,4.63,41,0,10000,1029,15.84,67,100,4.63,41,0,10000,1029,15.84,67,100,4.63,41,0,10000,1029,15.84,67,100,4.63,41,0,10000,1029,15.84,67,100,4.63,41,0,10000,1029,15.84,67,100,4.63,41,0,10000,1029,15.84,67,100,4.63,41,0,10000
1029,15.84,67,100,4.63,41,0,10000,20,46,28,4,1029,15.84,67,100,4.63,41,0,10000,1029,15.84,67,100,4.63,41,0,10000,1029,15.84,67,100,4.63,41,0,10000,1029,15.84,67,100,4.63,41,0,10000,1029,15.84,67,100,4.63,41,0,10000,1029,15.84,67,100,4.63,41,0,10000,1029,15.84,67,100,4.63,41,0,10000,1029,15.84,67,100,4.63,41,0,10000,1029,15.84,67,100,4.63,41,0,10000,1029,15.84,67,100,4.63,41,0,10000,1029,15.84,67,100,4.63,41,0,10000,1029,15.84,67,100,4.63,41,0,10000
1029,15.84,67,100,4.63,41,0,10000,21,46,28,4,1029,15.84,67,100,4.63,41,0,10000,1029,15.84,67,100,4.63,41,0,10000,1029,15.84,67,100,4.63,41,0,10000,1029,15.84,67,100,4.63,41,0,10000,1029,15.84,67,100,4.63,41,0,10000,1029,15.84,67,100,4.63,41,0,10000,1029,15.84,67,100,4.63,41,0,10000,1029,15.84,67,100,4.63,41,0,10000,1029,15.84,67,100,4.63,41,0,10000,1029,15.84,67,100,4.63,41,0,10000,1029,15.84,67,100,4.63,41,0,10000,1029,15.84,67,100,4.63,41,0,10000
1029,15.84,67,100,4.63,41,0,10000,22,46,28,4,1029,15.84,67,100,4.63,41,0,10000,1029,15.84,67,100,4.63,41,0,10000,1029,15.84,67,100,4.63,41,0,10000,1029,15.84,67,100,4.63,41,0,10000,1029,15.84,67,100,4.63,41,0,10000,1029,15.84,67,100,4.63,41,0,10000,1029,15.84,67,100,4.63,41,0,10000,1029,15.84,67,100,4.63,41,0,10000,1029,15.84,67,100,4.63,41,0,10000,1029,15.84,67,100,4.63,41,0,10000,1029,15.84,67,100,4.63,41,0,10000,1029,15.84,67,100,4.63,41,0,10000
1029,15.84,67,100,4.63,41,0,10000,23,46,28,4,1029,15.84,67,100,4.63,41,0,10000,1029,15.84,67,100,4.63,41,0,10000,1029,15.84,67,100,4.63,41,0,10000,1029,15.84,67,100,4.63,41,0,10000,1029,15.84,67,100,4.63,41,0,10000,1029,15.84,67,100,4.63,41,0,10000,1029,15.84,67,100,4.63,41,0,10000,1029,15.84,67,100,4.63,41,0,10000,1029,15.84,67,100,4.63,41,0,10000,1029,15.84,67,100,4.63,41,0,10000,1029,15.84,67,100,4.63,41,0,10000,1029,15.84,67,100,4.63,41,0,10000
1029,15.84,67,100,4.63,41,0,10000,0,46,29,4,1029,15.84,67,100,4.63,41,0,10000,1029,15.84,67,100,4.63,41,0,10000,1029,15.84,67,100,4.63,41,0,10000,1029,15.84,67,100,4.63,41,0,10000,1029,15.84,67,100,4.63,41,0,10000,1029,15.84,67,100,4.63,41,0,10000,1029,15.84,67,100,4.63,41,0,10000,1029,15.84,67,100,4.63,41,0,10000,1029,15.84,67,100,4.63,41,0,10000,1029,15.84,67,100,4.63,41,0,10000,1029,15.84,67,100,4.63,41,0,10000,1029,15.84,67,100,4.63,41,0,10000
1029,15.84,67,100,4.63,41,0,10000,1,46,29,4,1029,15.84,67,100,4.63,41,0,10000,1029,15.84,67,100,4.63,41,0,10000,1029,15.84,67,100,4.63,41,0,10000,1029,15.84,67,100,4.63,41,0,10000,1029,15.84,67,100,4.63,41,0,10000,1029,15.84,67,100,4.63,41,0,10000,1029,15.84,67,100,4.63,41,0,10000,1029,15.84,67,100,4.63,41,0,10000,1029,15.84,67,100,4.63,41,0,10000,1029,15.84,67,100,4.63,41,0,10000,1029,15.84,67,100,4.63,41,0,10000,1029,15.84,67,100,4.63,41,0,10000
1029,15.84,67,100,4.63,41,0,10000,2,46,29,4,1029,15.84,67,100,4.63,41,0,10000,1029,15.84,67,100,4.63,41,0,10000,1029,15.84,67,100,4.63,41,0,10000,1029,15.84,67,100,4.63,41,0,10000,1029,15.84,67,100,4.63,41,0,10000,1029,15.84,67,100,4.63,41,0,10000,1029,15.84,67,100,4.63,41,0,10000,1029,15.84,67,100,4.63,41,0,10000,1029,15.84,67,100,4.63,41,0,10000,1029,15.84,67,100,4.63,41,0,10000,1029,15.84,67,100,4.63,41,0,10000,1029,15.84,67,100,4.63,41,0,10000
1029,15.84,67,100,4.63,41,0,10000,3,46,29,4,1029,15.84,67,100,4.63,41,0,10000,1029,15.84,67,100,4.63,41,0,10000,1029,15.84,67,100,4.63,41,0,10000,1029,15.84,67,100,4.63,41,0,10000,1029,15.84,67,100,4.63,41,0,10000,1029,15.84,67,100,4.63,41,0,10000,1029,15.84,67,100,4.63,41,0,10000,1029,15.84,67,100,4.63,41,0,10000,1029,15.84,67,100,4.63,41,0,10000,1029,15.84,67,100,4.63,41,0,10000,1029,15.84,67,100,4.63,41,0,10000,1029,15.84,67,100,4.63,41,0,10000
1029,15.84,67,100,4.63,41,0,10000,4,46,29,4,1029,15.84,67,100,4.63,41,0,10000,1029,15.84,67,100,4.63,41,0,10000,1029,15.84,67,100,4.63,41,0,10000,1029,15.84,67,100,4.63,41,0,10000,1029,15.84,67,100,4.63,41,0,10000,1029,15.84,67,100,4.63,41,0,10000,1029,15.84,67,100,4.63,41,0,10000,1029,15.84,67,100,4.63,41,0,10000,1029,15.84,67,100,4.63,41,0,10000,1029,15.84,67,100,4.63,41,0,10000,1029,15.84,67,100,4.63,41,0,10000,1029,15.84,67,100,4.63,41,0,10000
1029,15.84,67,100,4.63,41,0,10000,5,46,29,4,1029,15.84,67,100,4.63,41,0,10000,1029,15.84,67,100,4.63,41,0,10000,1029,15.84,67,100,4.63,41,0,10000,1029,15.84,67,100,4.63,41,0,10000,1029,15.84,67,100,4.63,41,0,10000,1029,15.84,67,100,4.63,41,0,10000,1029,15.84,67,100,4.63,41,0,10000,1029,15.84,67,100,4.63,41,0,10000,1029,15.84,67,100,4.63,41,0,10000,1029,15.84,67,100,4.63,41,0,10000,1029,15.84,67,100,4.63,41,0,10000,1029,15.84,67,100,4.63,41,0,10000
1029,15.84,67,100,4.63,41,0,10000,6,46,29,4,1029,15.84,67,100,4.63,41,0,10000,1029,15.84,67,100,4.63,41,0,10000,1029,15.84,67,100,4.63,41,0,10000,1029,15.84,67,100,4.63,41,0,10000,1029,15.84,67,100,4.63,41,0,10000,1029,15.84,67,100,4.63,41,0,10000,1029,15.84,67,100,4.63,41,0,10000,1029,15.84,67,100,4.63,41,0,10000,1029,15.84,67,100,4.63,41,0,10000,1029,15.84,67,100,4.63,41,0,10000,1029,15.84,67,100,4.63,41,0,10000,1029,15.84,67,100,4.63,41,0,10000
1029,15.84,67,100,4.63,41,0,10000,7,46,29,4,1029,15.84,67,100,4.63,41,0,10000,1029,15.84,67,100,4.63,41,0,10000,1029,15.84,67,100,4.63,41,0,10000,1029,15.84,67,100,4.63,41,0,10000,1029,15.84,67,100,4.63,41,0,10000,1029,15.84,67,100,4.63,41,0,10000,1029,15.84,67,100,4.63,41,0,10000,1029,15.84,67,100,4.63,41,0,10000,1029,15.84,67,100,4.63,41,0,10000,1029,15.84,67,100,4.63,41,0,10000,1029,15.84,67,100,4.63,41,0,10000,1029,15.84,67,100,4.63,41,0,10000
1029,15.84,67,100,4.63,41,0,10000,8,46,29,4,1029,15.84,67,100,4.63,41,0,10000,1029,15.84,67,100,4.63,41,0,10000,1029,15.84,67,100,4.63,41,0,10000,1029,15.84,67,100,4.63,41,0,10000,1029,15.84,67,100,4.63,41,0,10000,1029,15.84,67,100,4.63,41,0,10000,1029,15.84,67,100,4.63,41,0,10000,1029,15.84,67,100,4.63,41,0,10000,1029,15.84,67,100,4.63,41,0,10000,1029,15.84,67,100,4.63,41,0,10000,1029,15.84,67,100,4.63,41,0,10000,1029,15.84,67,100,4.63,41,0,10000
1029,15.84,67,100,4.63,41,0,10000,9,46,29,4,1029,15.84,67,100,4.63,41,0,10000,1029,15.84,67,100,4.63,41,0,10000,1029,15.84,67,100,4.63,41,0,10000,1029,15.84,67,100,4.63,41,0,10000,1029,15.84,67,100,4.63,41,0,10000,1029,15.84,67,100,4.63,41,0,10000,1029,15.84,67,100,4.63,41,0,10000,1029,15.84,67,100,4.63,41,0,10000,1029,15.84,67,100,4.63,41,0,10000,1029,15.84,67,100,4.63,41,0,10000,1029,15.84,67,100,4.63,41,0,10000,1029,15.84,67,100,4.63,41,0,10000
1029,15.84,67,100,4.63,41,0,10000,10,46,29,4,1029,15.84,67,100,4.63,41,0,10000,1029,15.84,67,100,4.63,41,0,10000,1029,15.84,67,100,4.63,41,0,10000,1029,15.84,67,100,4.63,41,0,10000,1029,15.84,67,100,4.63,41,0,10000,1029,15.84,67,100,4.63,41,0,10000,1029,15.84,67,100,4.63,41,0,10000,1029,15.84,67,100,4.63,41,0,10000,1029,15.84,67,100,4.63,41,0,10000,1029,15.84,67,100,4.63,41,0,10000,1029,15.84,67,100,4.63,41,0,10000,1029,15.84,67,100,4.63,41,0,10000
1029,15.84,67,100,4.63,41,0,10000,11,46,29,4,1029,15.84,67,100,4.63,41,0,10000,1029,15.84,67,100,4.63,41,0,10000,1029,15.84,67,100,4.63,41,0,10000,1029,15.84,67,100,4.63,41,0,10000,1029,15.84,67,100,4.63,41,0,10000,1029,15.84,67,100,4.63,41,0,10000,1029,15.84,67,100,4.63,41,0,10000,1029,15.84,67,100,4.63,41,0,10000,1029,15.84,67,100,4.63,41,0,10000,1029,15.84,67,100,4.63,41,0,10000,1029,15.84,67,100,4.63,41,0,10000,1029,15.84,67,100,4.63,41,0,10000
1029,15.84,67,100,4.63,41,0,10000,12,46,29,4,1029,15.84,67,100,4.63,41,0,10000,1029,15.84,67,100,4.63,41,0,10000,1029,15.84,67,100,4.63,41,0,10000,1029,15.84,67,100,4.63,41,0,10000,1029,15.84,67,100,4.63,41,0,10000,1029,15.84,67,100,4.63,41,0,10000,1029,15.84,67,100,4.63,41,0,10000,1029,15.84,67,100,4.63,41,0,10000,1029,15.84,67,100,4.63,41,0,10000,1029,15.84,67,100,4.63,41,0,10000,1029,15.84,67,100,4.63,41,0,10000,1029,15.84,67,100,4.63,41,0,10000
1029,15.84,67,100,4.63,41,0,10000,13,46,29,4,1029,15.84,67,100,4.63,41,0,10000,1029,15.84,67,100,4.63,41,0,10000,1029,15.84,67,100,4.63,41,0,10000,1029,15.84,67,100,4.63,41,0,10000,1029,15.84,67,100,4.63,41,0,10000,1029,15.84,67,100,4.63,41,0,10000,1029,15.84,67,100,4.63,41,0,10000,1029,15.84,67,100,4.63,41,0,10000,1029,15.84,67,100,4.63,41,0,10000,1029,15.84,67,100,4.63,41,0,10000,1029,15.84,67,100,4.63,41,0,10000,1029,15.84,67,100,4.63,41,0,10000
1029,15.84,67,100,4.63,41,0,10000,14,46,29,4,1029,15.84,67,100,4.63,41,0,10000,1029,15.84,67,100,4.63,41,0,10000,1029,15.84,67,100,4.63,41,0,10000,1029,15.84,67,100,4.63,41,0,10000,1029,15.84,67,100,4.63,41,0,10000,1029,15.84,67,100,4.63,41,0,10000,1029,15.84,67,100,4.63,41,0,10000,1029,15.84,67,100,4.63,41,0,10000,1029,15.84,67,100,4.63,41,0,10000,1029,15.84,67,100,4.63,41,0,10000,1029,15.84,67,100,4.63,41,0,10000,1029,15.84,67,100,4.63,41,0,10000
1029,15.84,67,100,4.63,41,0,10000,15,46,29,4,1029,15.84,67,100,4.63,41,0,10000,1029,15.84,67,100,4.63,41,0,10000,1029,15.84,67,100,4.63,41,0,10000,1029,15.84,67,100,4.63,41,0,10000,1029,15.84,67,100,4.63,41,0,10000,1029,15.84,67,100,4.63,41,0,10000,1029,15.84,67,100,4.63,41,0,10000,1029,15.84,67,100,4.63,41,0,10000,1029,15.84,67,100,4.63,41,0,10000,1029,15.84,67,100,4.63,41,0,10000,1029,15.84,67,100,4.63,41,0,10000,1029,15.84,67,100,4.63,41,0,10000
1029,15.84,67,100,4.63,41,0,10000,16,46,29,4,1029,15.84,67,100,4.63,41,0,10000,1029,15.84,67,100,4.63,41,0,10000,1029,15.84,67,100,4.63,41,0,10000,1029,15.84,67,100,4.63,41,0,10000,1029,15.84,67,100,4.63,41,0,10000,1029,15.84,67,100,4.63,41,0,10000,1029,15.84,67,100,4.63,41,0,10000,1029,15.84,67,100,4.63,41,0,10000,1029,15.84,67,100,4.63,41,0,10000,1029,15.84,67,100,4.63,41,0,10000,1029,15.84,67,100,4.63,41,0,10000,1029,15.84,67,100,4.63,41,0,10000
1029,15.84,67,100,4.63,41,0,10000,17,46,29,4,1029,15.84,67,100,4.63,41,0,10000,1029,15.84,67,100,4.63,41,0,10000,1029,15.84,67,100,4.63,41,0,10000,1029,15.84,67,100,4.63,41,0,10000,1029,15.84,67,100,4.63,41,0,10000,1029,15.84,67,100,4.63,41,0,10000,1029,15.84,67,100,4.63,41,0,10000,1029,15.84,67,100,4.63,41,0,10000,1029,15.84,67,100,4.63,41,0,10000,1029,15.84,67,100,4.63,41,0,10000,1029,15.84,67,100,4.63,41,0,10000,1029,15.84,67,100,4.63,41,0,10000
1029,15.84,67,100,4.63,41,0,10000,18,46,29,4,1029,15.84,67,100,4.63,41,0,10000,1029,15.84,67,100,4.63,41,0,10000,1029,15.84,67,100,4.63,41,0,10000,1029,15.84,67,100,4.63,41,0,10000,1029,15.84,67,100,4.63,41,0,10000,1029,15.84,67,100,4.63,41,0,10000,1029,15.84,67,100,4.63,41,0,10000,1029,15.84,67,100,4.63,41,0,10000,1029,15.84,67,100,4.63,41,0,10000,1029,15.84,67,100,4.63,41,0,10000,1029,15.84,67,100,4.63,41,0,10000,1029,15.84,67,100,4.63,41,0,10000
1029,15.84,67,100,4.63,41,0,10000,19,46,29,4,1029,15.84,67,100,4.63,41,0,10000,1029,15.84,67,100,4.63,41,0,10000,1029,15.84,67,100,4.63,41,0,10000,1029,15.84,67,100,4.63,41,0,10000,1029,15.84,67,100,4.63,41,0,10000,1029,15.84,67,100,4.63,41,0,10000,1029,15.84,67,100,4.63,41,0,10000,1029,15.84,67,100,4.63,41,0,10000,1029,15.84,67,100,4.63,41,0,10000,1029,15.84,67,100,4.63,41,0,10000,1029,15.84,67,100,4.63,41,0,10000,1029,15.84,67,100,4.63,41,0,10000
1029,15.84,67,100,4.63,41,0,10000,20,46,29,4,1029,15.84,67,100,4.63,41,0,10000,1029,15.84,67,100,4.63,41,0,10000,1029,15.84,67,100,4.63,41,0,10000,1029,15.84,67,100,4.63,41,0,10000,1029,15.84,67,100,4.63,41,0,10000,1029,15.84,67,100,4.63,41,0,10000,1029,15.84,67,100,4.63,41,0,10000,1029,15.84,67,100,4.63,41,0,10000,1029,15.84,67,100,4.63,41,0,10000,1029,15.84,67,100,4.63,41,0,10000,1029,15.84,67,100,4.63,41,0,10000,1029,15.84,67,100,4.63,41,0,10000
1029,15.84,67,100,4.63,41,0,10000,21,46,29,4,1029,15.84,67,100,4.63,41,0,10000,1029,15.84,67,100,4.63,41,0,10000,1029,15.84,67,100,4.63,41,0,10000,1029,15.84,67,100,4.63,41,0,10000,1029,15.84,67,100,4.63,41,0,10000,1029,15.84,67,100,4.63,41,0,10000,1029,15.84,67,100,4.63,41,0,10000,1029,15.84,67,100,4.63,41,0,10000,1029,15.84,67,100,4.63,41,0,10000,1029,15.84,67,100,4.63,41,0,10000,1029,15.84,67,100,4.63,41,0,10000,1029,15.84,67,100,4.63,41,0,10000
1029,15.84,67,100,4.63,41,0,10000,22,46,29,4,1029,15.84,67,100,4.63,41,0,10000,1029,15.84,67,100,4.63,41,0,10000,1029,15.84,67,100,4.63,41,0,10000,1029,15.84,67,100,4.63,41,0,10000,1029,15.84,67,100,4.63,41,0,10000,1029,15.84,67,100,4.63,41,0,10000,1029,15.84,67,100,4.63,41,0,10000,1029,15.84,67,100,4.63,41,0,10000,1029,15.84,67,100,4.63,41,0,10000,1029,15.84,67,100,4.63,41,0,10000,1029,15.84,67,100,4.63,41,0,10000,1029,15.84,67,100,4.63,41,0,10000
1029,15.84,67,100,4.63,41,0,10000,23,46,29,4,1029,15.84,67,100,4.63,41,0,10000,1029,15.84,67,100,4.63,41,0,10000,1029,15.84,67,100,4.63,41,0,10000,1029,15.84,67,100,4.63,41,0,10000,1029,15.84,67,100,4.63,41,0,10000,1029,15.84,67,100,4.63,41,0,10000,1029,15.84,67,100,4.63,41,0,10000,1029,15.84,67,100,4.63,41,0,10000,1029,15.84,67,100,4.63,41,0,10000,1029,15.84,67,100,4.63,41,0,10000,1029,15.84,67,100,4.63,41,0,10000,1029,15.84,67,100,4.63,41,0,10000
1029,15.84,67,100,4.63,41,0,10000,0,46,30,4,1029,15.84,67,100,4.63,41,0,10000,1029,15.84,67,100,4.63,41,0,10000,1029,15.84,67,100,4.63,41,0,10000,1029,15.84,67,100,4.63,41,0,10000,1029,15.84,67,100,4.63,41,0,10000,1029,15.84,67,100,4.63,41,0,10000,1029,15.84,67,100,4.63,41,0,10000,1029,15.84,67,100,4.63,41,0,10000,1029,15.84,67,100,4.63,41,0,10000,1029,15.84,67,100,4.63,41,0,10000,1029,15.84,67,100,4.63,41,0,10000,1029,15.84,67,100,4.63,41,0,10000
1029,15.84,67,100,4.63,41,0,10000,1,46,30,4,1029,15.84,67,100,4.63,41,0,10000,1029,15.84,67,100,4.63,41,0,10000,1029,15.84,67,100,4.63,41,0,10000,1029,15.84,67,100,4.63,41,0,10000,1029,15.84,67,100,4.63,41,0,10000,1029,15.84,67,100,4.63,41,0,10000,1029,15.84,67,100,4.63,41,0,10000,1029,15.84,67,100,4.63,41,0,10000,1029,15.84,67,100,4.63,41,0,10000,1029,15.84,67,100,4.63,41,0,10000,1029,15.84,67,100,4.63,41,0,10000,1029,15.84,67,100,4.63,41,0,10000
1029,15.84,67,100,4.63,41,0,10000,2,46,30,4,1029,15.84,67,100,4.63,41,0,10000,1029,15.84,67,100,4.63,41,0,10000,1029,15.84,67,100,4.63,41,0,10000,1029,15.84,67,100,4.63,41,0,10000,1029,15.84,67,100,4.63,41,0,10000,1029,15.84,67,100,4.63,41,0,10000,1029,15.84,67,100,4.63,41,0,10000,1029,15.84,67,100,4.63,41,0,10000,1029,15.84,67,100,4.63,41,0,10000,1029,15.84,67,100,4.63,41,0,10000,1029,15.84,67,100,4.63,41,0,10000,1029,15.84,67,100,4.63,41,0,10000
1029,15.84,67,100,4.63,41,0,10000,3,46,30,4,1029,15.84,67,100,4.63,41,0,10000,1029,15.84,67,100,4.63,41,0,10000,1029,15.84,67,100,4.63,41,0,10000,1029,15.84,67,100,4.63,41,0,10000,1029,15.84,67,100,4.63,41,0,10000,1029,15.84,67,100,4.63,41,0,10000,1029,15.84,67,100,4.63,41,0,10000,1029,15.84,67,100,4.63,41,0,10000,1029,15.84,67,100,4.63,41,0,10000,1029,15.84,67,100,4.63,41,0,10000,1029,15.84,67,100,4.63,41,0,10000,1029,15.84,67,100,4.63,41,0,10000
1029,15.84,67,100,4.63,41,0,10000,4,46,30,4,1029,15.84,67,100,4.63,41,0,10000,1029,15.84,67,100,4.63,41,0,10000,1029,15.84,67,100,4.63,41,0,10000,1029,15.84,67,100,4.63,41,0,10000,1029,15.84,67,100,4.63,41,0,10000,1029,15.84,67,100,4.63,41,0,10000,1029,15.84,67,100,4.63,41,0,10000,1029,15.84,67,100,4.63,41,0,10000,1029,15.84,67,100,4.63,41,0,10000,1029,15.84,67,100,4.63,41,0,10000,1029,15.84,67,100,4.63,41,0,10000,1029,15.84,67,100,4.63,41,0,10000
1029,15.84,67,100,4.63,41,0,10000,5,46,30,4,1029,15.84,67,100,4.63,41,0,10000,1029,15.84,67,100,4.63,41,0,10000,1029,15.84,67,100,4.63,41,0,10000,1029,15.84,67,100,4.63,41,0,10000,1029,15.84,67,100,4.63,41,0,10000,1029,15.84,67,100,4.63,41,0,10000,1029,15.84,67,100,4.63,41,0,10000,1029,15.84,67,100,4.63,41,0,10000,1029,15.84,67,100,4.63,41,0,10000,1029,15.84,67,100,4.63,41,0,10000,1029,15.84,67,100,4.63,41,0,10000,1029,15.84,67,100,4.63,41,0,10000
1029,15.84,67,100,4.63,41,0,10000,6,46,30,4,1029,15.84,67,100,4.63,41,0,10000,1029,15.84,67,100,4.63,41,0,10000,1029,15.84,67,100,4.63,41,0,10000,1029,15.84,67,100,4.63,41,0,10000,1029,15.84,67,100,4.63,41,0,10000,1029,15.84,67,100,4.63,41,0,10000,1029,15.84,67,100,4.63,41,0,10000,1029,15.84,67,100,4.63,41,0,10000,1029,15.84,67,100,4.63,41,0,10000,1029,15.84,67,100,4.63,41,0,10000,1029,15.84,67,100,4.63,41,0,10000,1029,15.84,67,100,4.63,41,0,10000
1029,15.84,67,100,4.63,41,0,10000,7,46,30,4,1029,15.84,67,100,4.63,41,0,10000,1029,15.84,67,100,4.63,41,0,10000,1029,15.84,67,100,4.63,41,0,10000,1029,15.84,67,100,4.63,41,0,10000,1029,15.84,67,100,4.63,41,0,10000,1029,15.84,67,100,4.63,41,0,10000,1029,15.84,67,100,4.63,41,0,10000,1029,15.84,67,100,4.63,41,0,10000,1029,15.84,67,100,4.63,41,0,10000,1029,15.84,67,100,4.63,41,0,10000,1029,15.84,67,100,4.63,41,0,10000,1029,15.84,67,100,4.63,41,0,10000
1029,15.84,67,100,4.63,41,0,10000,8,46,30,4,1029,15.84,67,100,4.63,41,0,10000,1029,15.84,67,100,4.63,41,0,10000,1029,15.84,67,100,4.63,41,0,10000,1029,15.84,67,100,4.63,41,0,10000,1029,15.84,67,100,4.63,41,0,10000,1029,15.84,67,100,4.63,41,0,10000,1029,15.84,67,100,4.63,41,0,10000,1029,15.84,67,100,4.63,41,0,10000,1029,15.84,67,100,4.63,41,0,10000,1029,15.84,67,100,4.63,41,0,10000,1029,15.84,67,100,4.63,41,0,10000,1029,15.84,67,100,4.63,41,0,10000
1029,15.84,67,100,4.63,41,0,10000,9,46,30,4,1029,15.84,67,100,4.63,41,0,10000,1029,15.84,67,100,4.63,41,0,10000,1029,15.84,67,100,4.63,41,0,10000,1029,15.84,67,100,4.63,41,0,10000,1029,15.84,67,100,4.63,41,0,10000,1029,15.84,67,100,4.63,41,0,10000,1029,15.84,67,100,4.63,41,0,10000,1029,15.84,67,100,4.63,41,0,10000,1029,15.84,67,100,4.63,41,0,10000,1029,15.84,67,100,4.63,41,0,10000,1029,15.84,67,100,4.63,41,0,10000,1029,15.84,67,100,4.63,41,0,10000
1029,15.84,67,100,4.63,41,0,10000,10,46,30,4,1029,15.84,67,100,4.63,41,0,10000,1029,15.84,67,100,4.63,41,0,10000,1029,15.84,67,100,4.63,41,0,10000,1029,15.84,67,100,4.63,41,0,10000,1029,15.84,67,100,4.63,41,0,10000,1029,15.84,67,100,4.63,41,0,10000,1029,15.84,67,100,4.63,41,0,10000,1029,15.84,67,100,4.63,41,0,10000,1029,15.84,67,100,4.63,41,0,10000,1029,15.84,67,100,4.63,41,0,10000,1029,15.84,67,100,4.63,41,0,10000,1029,15.84,67,100,4.63,41,0,10000
1029,15.84,67,100,4.63,41,0,10000,11,46,30,4,1029,15.84,67,100,4.63,41,0,10000,1029,15.84,67,100,4.63,41,0,10000,1029,15.84,67,100,4.63,41,0,10000,1029,15.84,67,100,4.63,41,0,10000,1029,15.84,67,100,4.63,41,0,10000,1029,15.84,67,100,4.63,41,0,10000,1029,15.84,67,100,4.63,41,0,10000,1029,15.84,67,100,4.63,41,0,10000,1029,15.84,67,100,4.63,41,0,10000,1029,15.84,67,100,4.63,41,0,10000,1029,15.84,67,100,4.63,41,0,10000,1029,15.84,67,100,4.63,41,0,10000
1029,15.84,67,100,4.63,41,0,10000,12,46,30,4,1029,15.84,67,100,4.63,41,0,10000,1029,15.84,67,100,4.63,41,0,10000,1029,15.84,67,100,4.63,41,0,10000,1029,15.84,67,100,4.63,41,0,10000,1029,15.84,67,100,4.63,41,0,10000,1029,15.84,67,100,4.63,41,0,10000,1029,15.84,67,100,4.63,41,0,10000,1029,15.84,67,100,4.63,41,0,10000,1029,15.84,67,100,4.63,41,0,10000,1029,15.84,67,100,4.63,41,0,10000,1029,15.84,67,100,4.63,41,0,10000,1029,15.84,67,100,4.63,41,0,10000
1029,15.84,67,100,4.63,41,0,10000,13,46,30,4,1029,15.84,67,100,4.63,41,0,10000,1029,15.84,67,100,4.63,41,0,10000,1029,15.84,67,100,4.63,41,0,10000,1029,15.84,67,100,4.63,41,0,10000,1029,15.84,67,100,4.63,41,0,10000,1029,15.84,67,100,4.63,41,0,10000,1029,15.84,67,100,4.63,41,0,10000,1029,15.84,67,100,4.63,41,0,10000,1029,15.84,67,100,4.63,41,0,10000,1029,15.84,67,100,4.63,41,0,10000,1029,15.84,67,100,4.63,41,0,10000,1029,15.84,67,100,4.63,41,0,10000
1029,15.84,67,100,4.63,41,0,10000,14,46,30,4,1029,15.84,67,100,4.63,41,0,10000,1029,15.84,67,100,4.63,41,0,10000,1029,15.84,67,100,4.63,41,0,10000,1029,15.84,67,100,4.63,41,0,10000,1029,15.84,67,100,4.63,41,0,10000,1029,15.84,67,100,4.63,41,0,10000,1029,15.84,67,100,4.63,41,0,10000,1029,15.84,67,100,4.63,41,0,10000,1029,15.84,67,100,4.63,41,0,10000,1029,15.84,67,100,4.63,41,0,10000,1029,15.84,67,100,4.63,41,0,10000,1029,15.84,67,100,4.63,41,0,10000
1029,15.84,67,100,4.63,41,0,10000,15,46,30,4,1029,15.84,67,100,4.63,41,0,10000,1029,15.84,67,100,4.63,41,0,10000,1029,15.84,67,100,4.63,41,0,10000,1029,15.84,67,100,4.63,41,0,10000,1029,15.84,67,100,4.63,41,0,10000,1029,15.84,67,100,4.63,41,0,10000,1029,15.84,67,100,4.63,41,0,10000,1029,15.84,67,100,4.63,41,0,10000,1029,15.84,67,100,4.63,41,0,10000,1029,15.84,67,100,4.63,41,0,10000,1029,15.84,67,100,4.63,41,0,10000,1029,15.84,67,100,4.63,41,0,10000
1029,15.84,67,100,4.63,41,0,10000,16,46,30,4,1029,15.84,67,100,4.63,41,0,10000,1029,15.84,67,100,4.63,41,0,10000,1029,15.84,67,100,4.63,41,0,10000,1029,15.84,67,100,4.63,41,0,10000,1029,15.84,67,100,4.63,41,0,10000,1029,15.84,67,100,4.63,41,0,10000,1029,15.84,67,100,4.63,41,0,10000,1029,15.84,67,100,4.63,41,0,10000,1029,15.84,67,100,4.63,41,0,10000,1029,15.84,67,100,4.63,41,0,10000,1029,15.84,67,100,4.63,41,0,10000,1029,15.84,67,100,4.63,41,0,10000
1029,15.84,67,100,4.63,41,0,10000,17,46,30,4,1029,15.84,67,100,4.63,41,0,10000,1029,15.84,67,100,4.63,41,0,10000,1029,15.84,67,100,4.63,41,0,10000,1029,15.84,67,100,4.63,41,0,10000,1029,15.84,67,100,4.63,41,0,10000,1029,15.84,67,100,4.63,41,0,10000,1029,15.84,67,100,4.63,41,0,10000,1029,15.84,67,100,4.63,41,0,10000,1029,15.84,67,100,4.63,41,0,10000,1029,15.84,67,100,4.63,41,0,10000,1029,15.84,67,100,4.63,41,0,10000,1029,15.84,67,100,4.63,41,0,10000
1029,15.84,67,100,4.63,41,0,10000,18,46,30,4,1029,15.84,67,100,4.63,41,0,10000,1029,15.84,67,100,4.63,41,0,10000,1029,15.84,67,100,4.63,41,0,10000,1029,15.84,67,100,4.63,41,0,10000,1029,15.84,67,100,4.63,41,0,10000,1029,15.84,67,100,4.63,41,0,10000,1029,15.84,67,100,4.63,41,0,10000,1029,15.84,67,100,4.63,41,0,10000,1029,15.84,67,100,4.63,41,0,10000,1029,15.84,67,100,4.63,41,0,10000,1029,15.84,67,100,4.63,41,0,10000,1029,15.84,67,100,4.63,41,0,10000
1029,15.84,67,100,4.63,41,0,10000,19,46,30,4,1029,15.84,67,100,4.63,41,0,10000,1029,15.84,67,100,4.63,41,0,10000,1029,15.84,67,100,4.63,41,0,10000,1029,15.84,67,100,4.63,41,0,10000,1029,15.84,67,100,4.63,41,0,10000,1029,15.84,67,100,4.63,41,0,10000,1029,15.84,67,100,4.63,41,0,10000,1029,15.84,67,100,4.63,41,0,10000,1029,15.84,67,100,4.63,41,0,10000,1029,15.84,67,100,4.63,41,0,10000,1029,15.84,67,100,4.63,41,0,10000,1029,15.84,67,100,4.63,41,0,10000
1029,15.84,67,100,4.63,41,0,10000,20,46,30,4,1029,15.84,67,100,4.63,41,0,10000,1029,15.84,67,100,4.63,41,0,10000,1029,15.84,67,100,4.63,41,0,10000,1029,15.84,67,100,4.63,41,0,10000,1029,15.84,67,100,4.63,41,0,10000,1029,15.84,67,100,4.63,41,0,10000,1029,15.84,67,100,4.63,41,0,10000,1029,15.84,67,100,4.63,41,0,10000,1029,15.84,67,100,4.63,41,0,10000,1029,15.84,67,100,4.63,41,0,10000,1029,15.84,67,100,4.63,41,0,10000,1029,15.84,67,100,4.63,41,0,10000
1029,15.84,67,100,4.63,41,0,10000,21,46,30,4,1029,15.84,67,100,4.63,41,0,10000,1029,15.84,67,100,4.63,41,0,10000,1029,15.84,67,100,4.63,41,0,10000,1029,15.84,67,100,4.63,41,0,10000,1029,15.84,67,100,4.63,41,0,10000,1029,15.84,67,100,4.63,41,0,10000,1029,15.84,67,100,4.63,41,0,10000,1029,15.84,67,100,4.63,41,0,10000,1029,15.84,67,100,4.63,41,0,10000,1029,15.84,67,100,4.63,41,0,10000,1029,15.84,67,100,4.63,41,0,10000,1029,15.84,67,100,4.63,41,0,10000
1029,15.84,67,100,4.63,41,0,10000,22,46,30,4,1029,15.84,67,100,4.63,41,0,10000,1029,15.84,67,100,4.63,41,0,10000,1029,15.84,67,100,4.63,41,0,10000,1029,15.84,67,100,4.63,41,0,10000,1029,15.84,67,100,4.63,41,0,10000,1029,15.84,67,100,4.63,41,0,10000,1029,15.84,67,100,4.63,41,0,10000,1029,15.84,67,100,4.63,41,0,10000,1029,15.84,67,100,4.63,41,0,10000,1029,15.84,67,100,4.63,41,0,10000,1029,15.84,67,100,4.63,41,0,10000,1029,15.84,67,100,4.63,41,0,10000
1029,15.84,67,100,4.63,41,0,10000,23,46,30,4,1029,15.84,67,100,4.63,41,0,10000,1029,15.84,67,100,4.63,41,0,10000,1029,15.84,67,100,4.63,41,0,10000,1029,15.84,67,100,4.63,41,0,10000,1029,15.84,67,100,4.63,41,0,10000,1029,15.84,67,100,4.63,41,0,10000,1029,15.84,67,100,4.63,41,0,10000,1029,15.84,67,100,4.63,41,0,10000,1029,15.84,67,100,4.63,41,0,10000,1029,15.84,67,100,4.63,41,0,10000,1029,15.84,67,100,4.63,41,0,10000,1029,15.84,67,100,4.63,41,0,10000
1029,15.84,67,100,4.63,41,0,10000,0,46,1,5,1029,15.84,67,100,4.63,41,0,10000,1029,15.84,67,100,4.63,41,0,10000,1029,15.84,67,100,4.63,41,0,10000,1029,15.84,67,100,4.63,41,0,10000,1029,15.84,67,100,4.63,41,0,10000,1029,15.84,67,100,4.63,41,0,10000,1029,15.84,67,100,4.63,41,0,10000,1029,15.84,67,100,4.63,41,0,10000,1029,15.84,67,100,4.63,41,0,10000,1029,15.84,67,100,4.63,41,0,10000,1029,15.84,67,100,4.63,41,0,10000,1029,15.84,67,100,4.63,41,0,10000
1029,15.84,67,100,4.63,41,0,10000,1,46,1,5,1029,15.84,67,100,4.63,41,0,10000,1029,15.84,67,100,4.63,41,0,10000,1029,15.84,67,100,4.63,41,0,10000,1029,15.84,67,100,4.63,41,0,10000,1029,15.84,67,100,4.63,41,0,10000,1029,15.84,67,100,4.63,41,0,10000,1029,15.84,67,100,4.63,41,0,10000,1029,15.84,67,100,4.63,41,0,10000,1029,15.84,67,100,4.63,41,0,10000,1029,15.84,67,100,4.63,41,0,10000,1029,15.84,67,100,4.63,41,0,10000,1029,15.84,67,100,4.63,41,0,10000
1029,15.84,67,100,4.63,41,0,10000,2,46,1,5,1029,15.84,67,100,4.63,41,0,10000,1029,15.84,67,100,4.63,41,0,10000,1029,15.84,67,100,4.63,41,0,10000,1029,15.84,67,100,4.63,41,0,10000,1029,15.84,67,100,4.63,41,0,10000,1029,15.84,67,100,4.63,41,0,10000,1029,15.84,67,100,4.63,41,0,10000,1029,15.84,67,100,4.63,41,0,10000,1029,15.84,67,100,4.63,41,0,10000,1029,15.84,67,100,4.63,41,0,10000,1029,15.84,67,100,4.63,41,0,10000,1029,15.84,67,100,4.63,41,0,10000
1029,15.84,67,100,4.63,41,0,10000,3,46,1,5,1029,15.84,67,100,4.63,41,0,10000,1029,15.84,67,100,4.63,41,0,10000,1029,15.84,67,100,4.63,41,0,10000,1029,15.84,67,100,4.63,41,0,10000,1029,15.84,67,100,4.63,41,0,10000,1029,15.84,67,100,4.63,41,0,10000,1029,15.84,67,100,4.63,41,0,10000,1029,15.84,67,100,4.63,41,0,10000,1029,15.84,67,100,4.63,41,0,10000,1029,15.84,67,100,4.63,41,0,10000,1029,15.84,67,100,4.63,41,0,10000,1029,15.84,67,100,4.63,41,0,10000
1029,15.84,67,100,4.63,41,0,10000,4,46,1,5,1029,15.84,67,100,4.63,41,0,10000,1029,15.84,67,100,4.63,41,0,10000,1029,15.84,67,100,4.63,41,0,10000,1029,15.84,67,100,4.63,41,0,10000,1029,15.84,67,100,4.63,41,0,10000,1029,15.84,67,100,4.63,41,0,10000,1029,15.84,67,100,4.63,41,0,10000,1029,15.84,67,100,4.63,41,0,10000,1029,15.84,67,100,4.63,41,0,10000,1029,15.84,67,100,4.63,41,0,10000,1029,15.84,67,100,4.63,41,0,10000,1029,15.84,67,100,4.63,41,0,10000
1029,15.84,67,100,4.63,41,0,10000,5,46,1,5,1029,15.84,67,100,4.63,41,0,10000,1029,15.84,67,100,4.63,41,0,10000,1029,15.84,67,100,4.63,41,0,10000,1029,15.84,67,100,4.63,41,0,10000,1029,15.84,67,100,4.63,41,0,10000,1029,15.84,67,100,4.63,41,0,10000,1029,15.84,67,100,4.63,41,0,10000,1029,15.84,67,100,4.63,41,0,10000,1029,15.84,67,100,4.63,41,0,10000,1029,15.84,67,100,4.63,41,0,10000,1029,15.84,67,100,4.63,41,0,10000,1029,15.84,67,100,4.63,41,0,10000
1029,15.84,67,100,4.63,41,0,10000,6,46,1,5,1029,15.84,67,100,4.63,41,0,10000,1029,15.84,67,100,4.63,41,0,10000,1029,15.84,67,100,4.63,41,0,10000,1029,15.84,67,100,4.63,41,0,10000,1029,15.84,67,100,4.63,41,0,10000,1029,15.84,67,100,4.63,41,0,10000,1029,15.84,67,100,4.63,41,0,10000,1029,15.84,67,100,4.63,41,0,10000,1029,15.84,67,100,4.63,41,0,10000,1029,15.84,67,100,4.63,41,0,10000,1029,15.84,67,100,4.63,41,0,10000,1029,15.84,67,100,4.63,41,0,10000
1029,15.84,67,100,4.63,41,0,10000,7,46,1,5,1029,15.84,67,100,4.63,41,0,10000,1029,15.84,67,100,4.63,41,0,10000,1029,15.84,67,100,4.63,41,0,10000,1029,15.84,67,100,4.63,41,0,10000,1029,15.84,67,100,4.63,41,0,10000,1029,15.84,67,100,4.63,41,0,10000,1029,15.84,67,100,4.63,41,0,10000,1029,15.84,67,100,4.63,41,0,10000,1029,15.84,67,100,4.63,41,0,10000,1029,15.84,67,100,4.63,41,0,10000,1029,15.84,67,100,4.63,41,0,10000,1029,15.84,67,100,4.63,41,0,10000
1029,15.84,67,100,4.63,41,0,10000,8,46,1,5,1029,15.84,67,100,4.63,41,0,10000,1029,15.84,67,100,4.63,41,0,10000,1029,15.84,67,100,4.63,41,0,10000,1029,15.84,67,100,4.63,41,0,10000,1029,15.84,67,100,4.63,41,0,10000,1029,15.84,67,100,4.63,41,0,10000,1029,15.84,67,100,4.63,41,0,10000,1029,15.84,67,100,4.63,41,0,10000,1029,15.84,67,100,4.63,41,0,10000,1029,15.84,67,100,4.63,41,0,10000,1029,15.84,67,100,4.63,41,0,10000,1029,15.84,67,100,4.63,41,0,10000
1029,15.84,67,100,4.63,41,0,10000,9,46,1,5,1029,15.84,67,100,4.63,41,0,10000,1029,15.84,67,100,4.63,41,0,10000,1029,15.84,67,100,4.63,41,0,10000,1029,15.84,67,100,4.63,41,0,10000,1029,15.84,67,100,4.63,41,0,10000,1029,15.84,67,100,4.63,41,0,10000,1029,15.84,67,100,4.63,41,0,10000,1029,15.84,67,100,4.63,41,0,10000,1029,15.84,67,100,4.63,41,0,10000,1029,15.84,67,100,4.63,41,0,10000,1029,15.84,67,100,4.63,41,0,10000,1029,15.84,67,100,4.63,41,0,10000
1029,15.84,67,100,4.63,41,0,10000,10,46,1,5,1029,15.84,67,100,4.63,41,0,10000,1029,15.84,67,100,4.63,41,0,10000,1029,15.84,67,100,4.63,41,0,10000,1029,15.84,67,100,4.63,41,0,10000,1029,15.84,67,100,4.63,41,0,10000,1029,15.84,67,100,4.63,41,0,10000,1029,15.84,67,100,4.63,41,0,10000,1029,15.84,67,100,4.63,41,0,10000,1029,15.84,67,100,4.63,41,0,10000,1029,15.84,67,100,4.63,41,0,10000,1029,15.84,67,100,4.63,41,0,10000,1029,15.84,67,100,4.63,41,0,10000
1029,15.84,67,100,4.63,41,0,10000,11,46,1,5,1029,15.84,67,100,4.63,41,0,10000,1029,15.84,67,100,4.63,41,0,10000,1029,15.84,67,100,4.63,41,0,10000,1029,15.84,67,100,4.63,41,0,10000,1029,15.84,67,100,4.63,41,0,10000,1029,15.84,67,100,4.63,41,0,10000,1029,15.84,67,100,4.63,41,0,10000,1029,15.84,67,100,4.63,41,0,10000,1029,15.84,67,100,4.63,41,0,10000,1029,15.84,67,100,4.63,41,0,10000,1029,15.84,67,100,4.63,41,0,10000,1029,15.84,67,100,4.63,41,0,10000
1029,15.84,67,100,4.63,41,0,10000,12,46,1,5,1029,15.84,67,100,4.63,41,0,10000,1029,15.84,67,100,4.63,41,0,10000,1029,15.84,67,100,4.63,41,0,10000,1029,15.84,67,100,4.63,41,0,10000,1029,15.84,67,100,4.63,41,0,10000,1029,15.84,67,100,4.63,41,0,10000,1029,15.84,67,100,4.63,41,0,10000,1029,15.84,67,100,4.63,41,0,10000,1029,15.84,67,100,4.63,41,0,10000,1029,15.84,67,100,4.63,41,0,10000,1029,15.84,67,100,4.63,41,0,10000,1029,15.84,67,100,4.63,41,0,10000
1029,15.84,67,100,4.63,41,0,10000,13,46,1,5,1029,15.84,67,100,4.63,41,0,10000,1029,15.84,67,100,4.63,41,0,10000,1029,15.84,67,100,4.63,41,0,10000,1029,15.84,67,100,4.63,41,0,10000,1029,15.84,67,100,4.63,41,0,10000,1029,15.84,67,100,4.63,41,0,10000,1029,15.84,67,100,4.63,41,0,10000,1029,15.84,67,100,4.63,41,0,10000,1029,15.84,67,100,4.63,41,0,10000,1029,15.84,67,100,4.63,41,0,10000,1029,15.84,67,100,4.63,41,0,10000,1029,15.84,67,100,4.63,41,0,10000
1029,15.84,67,100,4.63,41,0,10000,14,46,1,5,1029,15.84,67,100,4.63,41,0,10000,1029,15.84,67,100,4.63,41,0,10000,1029,15.84,67,100,4.63,41,0,10000,1029,15.84,67,100,4.63,41,0,10000,1029,15.84,67,100,4.63,41,0,10000,1029,15.84,67,100,4.63,41,0,10000,1029,15.84,67,100,4.63,41,0,10000,1029,15.84,67,100,4.63,41,0,10000,1029,15.84,67,100,4.63,41,0,10000,1029,15.84,67,100,4.63,41,0,10000,1029,15.84,67,100,4.63,41,0,10000,1029,15.84,67,100,4.63,41,0,10000
1029,15.84,67,100,4.63,41,0,10000,15,46,1,5,1029,15.84,67,100,4.63,41,0,10000,1029,15.84,67,100,4.63,41,0,10000,1029,15.84,67,100,4.63,41,0,10000,1029,15.84,67,100,4.63,41,0,10000,1029,15.84,67,100,4.63,41,0,10000,1029,15.84,67,100,4.63,41,0,10000,1029,15.84,67,100,4.63,41,0,10000,1029,15.84,67,100,4.63,41,0,10000,1029,15.84,67,100,4.63,41,0,10000,1029,15.84,67,100,4.63,41,0,10000,1029,15.84,67,100,4.63,41,0,10000,1029,15.84,67,100,4.63,41,0,10000
1029,15.84,67,100,4.63,41,0,10000,16,46,1,5,1029,15.84,67,100,4.63,41,0,10000,1029,15.84,67,100,4.63,41,0,10000,1029,15.84,67,100,4.63,41,0,10000,1029,15.84,67,100,4.63,41,0,10000,1029,15.84,67,100,4.63,41,0,10000,1029,15.84,67,100,4.63,41,0,10000,1029,15.84,67,100,4.63,41,0,10000,1029,15.84,67,100,4.63,41,0,10000,1029,15.84,67,100,4.63,41,0,10000,1029,15.84,67,100,4.63,41,0,10000,1029,15.84,67,100,4.63,41,0,10000,1029,15.84,67,100,4.63,41,0,10000
1029,15.84,67,100,4.63,41,0,10000,17,46,1,5,1029,15.84,67,100,4.63,41,0,10000,1029,15.84,67,100,4.63,41,0,10000,1029,15.84,67,100,4.63,41,0,10000,1029,15.84,67,100,4.63,41,0,10000,1029,15.84,67,100,4.63,41,0,10000,1029,15.84,67,100,4.63,41,0,10000,1029,15.84,67,100,4.63,41,0,10000,1029,15.84,67,100,4.63,41,0,10000,1029,15.84,67,100,4.63,41,0,10000,1029,15.84,67,100,4.63,41,0,10000,1029,15.84,67,100,4.63,41,0,10000,1029,15.84,67,100,4.63,41,0,10000
1029,15.84,67,100,4.63,41,0,10000,18,46,1,5,1029,15.84,67,100,4.63,41,0,10000,1029,15.84,67,100,4.63,41,0,10000,1029,15.84,67,100,4.63,41,0,10000,1029,15.84,67,100,4.63,41,0,10000,1029,15.84,67,100,4.63,41,0,10000,1029,15.84,67,100,4.63,41,0,10000,1029,15.84,67,100,4.63,41,0,10000,1029,15.84,67,100,4.63,41,0,10000,1029,15.84,67,100,4.63,41,0,10000,1029,15.84,67,100,4.63,41,0,10000,1029,15.84,67,100,4.63,41,0,10000,1029,15.84,67,100,4.63,41,0,10000
1029,15.84,67,100,4.63,41,0,10000,19,46,1,5,1029,15.84,67,100,4.63,41,0,10000,1029,15.84,67,100,4.63,41,0,10000,1029,15.84,67,100,4.63,41,0,10000,1029,15.84,67,100,4.63,41,0,10000,1029,15.84,67,100,4.63,41,0,10000,1029,15.84,67,100,4.63,41,0,10000,1029,15.84,67,100,4.63,41,0,10000,1029,15.84,67,100,4.63,41,0,10000,1029,15.84,67,100,4.63,41,0,10000,1029,15.84,67,100,4.63,41,0,10000,1029,15.84,67,100,4.63,41,0,10000,1029,15.84,67,100,4.63,41,0,10000
1029,15.84,67,100,4.63,41,0,10000,20,46,1,5,1029,15.84,67,100,4.63,41,0,10000,1029,15.84,67,100,4.63,41,0,10000,1029,15.84,67,100,4.63,41,0,10000,1029,15.84,67,100,4.63,41,0,10000,1029,15.84,67,100,4.63,41,0,10000,1029,15.84,67,100,4.63,41,0,10000,1029,15.84,67,100,4.63,41,0,10000,1029,15.84,67,100,4.63,41,0,10000,1029,15.84,67,100,4.63,41,0,10000,1029,15.84,67,100,4.63,41,0,10000,1029,15.84,67,100,4.63,41,0,10000,1029,15.84,67,100,4.63,41,0,10000
1029,15.84,67,100,4.63,41,0,10000,21,46,1,5,1029,15.84,67,100,4.63,41,0,10000,1029,15.84,67,100,4.63,41,0,10000,1029,15.84,67,100,4.63,41,0,10000,1029,15.84,67,100,4.63,41,0,10000,1029,15.84,67,100,4.63,41,0,10000,1029,15.84,67,100,4.63,41,0,10000,1029,15.84,67,100,4.63,41,0,10000,1029,15.84,67,100,4.63,41,0,10000,1029,15.84,67,100,4.63,41,0,10000,1029,15.84,67,100,4.63,41,0,10000,1029,15.84,67,100,4.63,41,0,10000,1029,15.84,67,100,4.63,41,0,10000
1029,15.84,67,100,4.63,41,0,10000,22,46,1,5,1029,15.84,67,100,4.63,41,0,10000,1029,15.84,67,100,4.63,41,0,10000,1029,15.84,67,100,4.63,41,0,10000,1029,15.84,67,100,4.63,41,0,10000,1029,15.84,67,100,4.63,41,0,10000,1029,15.84,67,100,4.63,41,0,10000,1029,15.84,67,100,4.63,41,0,10000,1029,15.84,67,100,4.63,41,0,10000,1029,15.84,67,100,4.63,41,0,10000,1029,15.84,67,100,4.63,41,0,10000,1029,15.84,67,100,4.63,41,0,10000,1029,15.84,67,100,4.63,41,0,10000
1029,15.84,67,100,4.63,41,0,10000,23,46,1,5,1029,15.84,67,100,4.63,41,0,10000,1029,15.84,67,100,4.63,41,0,10000,1029,15.84,67,100,4.63,41,0,10000,1029,15.84,67,100,4.63,41,0,10000,1029,15.84,67,100,4.63,41,0,10000,1029,15.84,67,100,4.63,41,0,10000,1029,15.84,67,100,4.63,41,0,10000,1029,15.84,67,100,4.63,41,0,10000,1029,15.84,67,100,4.63,41,0,10000,1029,15.84,67,100,4.63,41,0,10000,1029,15.84,67,100,4.63,41,0,10000,1029,15.84,67,100,4.63,41,0,10000
1029,15.84,67,100,4.63,41,0,10000,0,46,2,5,1029,15.84,67,100,4.63,41,0,10000,1029,15.84,67,100,4.63,41,0,10000,1029,15.84,67,100,4.63,41,0,10000,1029,15.84,67,100,4.63,41,0,10000,1029,15.84,67,100,4.63,41,0,10000,1029,15.84,67,100,4.63,41,0,10000,1029,15.84,67,100,4.63,41,0,10000,1029,15.84,67,100,4.63,41,0,10000,1029,15.84,67,100,4.63,41,0,10000,1029,15.84,67,100,4.63,41,0,10000,1029,15.84,67,100,4.63,41,0,10000,1029,15.84,67,100,4.63,41,0,10000
1029,15.84,67,100,4.63,41,0,10000,1,46,2,5,1029,15.84,67,100,4.63,41,0,10000,1029,15.84,67,100,4.63,41,0,10000,1029,15.84,67,100,4.63,41,0,10000,1029,15.84,67,100,4.63,41,0,10000,1029,15.84,67,100,4.63,41,0,10000,1029,15.84,67,100,4.63,41,0,10000,1029,15.84,67,100,4.63,41,0,10000,1029,15.84,67,100,4.63,41,0,10000,1029,15.84,67,100,4.63,41,0,10000,1029,15.84,67,100,4.63,41,0,10000,1029,15.84,67,100,4.63,41,0,10000,1029,15.84,67,100,4.63,41,0,10000
1029,15.84,67,100,4.63,41,0,10000,2,46,2,5,1029,15.84,67,100,4.63,41,0,10000,1029,15.84,67,100,4.63,41,0,10000,1029,15.84,67,100,4.63,41,0,10000,1029,15.84,67,100,4.63,41,0,10000,1029,15.84,67,100,4.63,41,0,10000,1029,15.84,67,100,4.63,41,0,10000,1029,15.84,67,100,4.63,41,0,10000,1029,15.84,67,100,4.63,41,0,10000,1029,15.84,67,100,4.63,41,0,10000,1029,15.84,67,100,4.63,41,0,10000,1029,15.84,67,100,4.63,41,0,10000,1029,15.84,67,100,4.63,41,0,10000
1029,15.84,67,100,4.63,41,0,10000,3,46,2,5,1029,15.84,67,100,4.63,41,0,10000,1029,15.84,67,100,4.63,41,0,10000,1029,15.84,67,100,4.63,41,0,10000,1029,15.84,67,100,4.63,41,0,10000,1029,15.84,67,100,4.63,41,0,10000,1029,15.84,67,100,4.63,41,0,10000,1029,15.84,67,100,4.63,41,0,10000,1029,15.84,67,100,4.63,41,0,10000,1029,15.84,67,100,4.63,41,0,10000,1029,15.84,67,100,4.63,41,0,10000,1029,15.84,67,100,4.63,41,0,10000,1029,15.84,67,100,4.63,41,0,10000
1029,15.84,67,100,4.63,41,0,10000,4,46,2,5,1029,15.84,67,100,4.63,41,0,10000,1029,15.84,67,100,4.63,41,0,10000,1029,15.84,67,100,4.63,41,0,10000,1029,15.84,67,100,4.63,41,0,10000,1029,15.84,67,100,4.63,41,0,10000,1029,15.84,67,100,4.63,41,0,10000,1029,15.84,67,100,4.63,41,0,10000,1029,15.84,67,100,4.63,41,0,10000,1029,15.84,67,100,4.63,41,0,10000,1029,15.84,67,100,4.63,41,0,10000,1029,15.84,67,100,4.63,41,0,10000,1029,15.84,67,100,4.63,41,0,10000
1029,15.84,67,100,4.63,41,0,10000,5,46,2,5,1029,15.84,67,100,4.63,41,0,10000,1029,15.84,67,100,4.63,41,0,10000,1029,15.84,67,100,4.63,41,0,10000,1029,15.84,67,100,4.63,41,0,10000,1029,15.84,67,100,4.63,41,0,10000,1029,15.84,67,100,4.63,41,0,10000,1029,15.84,67,100,4.63,41,0,10000,1029,15.84,67,100,4.63,41,0,10000,1029,15.84,67,100,4.63,41,0,10000,1029,15.84,67,100,4.63,41,0,10000,1029,15.84,67,100,4.63,41,0,10000,1029,15.84,67,100,4.63,41,0,10000
1029,15.84,67,100,4.63,41,0,10000,6,46,2,5,1029,15.84,67,100,4.63,41,0,10000,1029,15.84,67,100,4.63,41,0,10000,1029,15.84,67,100,4.63,41,0,10000,1029,15.84,67,100,4.63,41,0,10000,1029,15.84,67,100,4.63,41,0,10000,1029,15.84,67,100,4.63,41,0,10000,1029,15.84,67,100,4.63,41,0,10000,1029,15.84,67,100,4.63,41,0,10000,1029,15.84,67,100,4.63,41,0,10000,1029,15.84,67,100,4.63,41,0,10000,1029,15.84,67,100,4.63,41,0,10000,1029,15.84,67,100,4.63,41,0,10000
1029,15.84,67,100,4.63,41,0,10000,7,46,2,5,1029,15.84,67,100,4.63,41,0,10000,1029,15.84,67,100,4.63,41,0,10000,1029,15.84,67,100,4.63,41,0,10000,1029,15.84,67,100,4.63,41,0,10000,1029,15.84,67,100,4.63,41,0,10000,1029,15.84,67,100,4.63,41,0,10000,1029,15.84,67,100,4.63,41,0,10000,1029,15.84,67,100,4.63,41,0,10000,1029,15.84,67,100,4.63,41,0,10000,1029,15.84,67,100,4.63,41,0,10000,1029,15.84,67,100,4.63,41,0,10000,1029,15.84,67,100,4.63,41,0,10000
1029,15.84,67,100,4.63,41,0,10000,8,46,2,5,1029,15.84,67,100,4.63,41,0,10000,1029,15.84,67,100,4.63,41,0,10000,1029,15.84,67,100,4.63,41,0,10000,1029,15.84,67,100,4.63,41,0,10000,1029,15.84,67,100,4.63,41,0,10000,1029,15.84,67,100,4.63,41,0,10000,1029,15.84,67,100,4.63,41,0,10000,1029,15.84,67,100,4.63,41,0,10000,1029,15.84,67,100,4.63,41,0,10000,1029,15.84,67,100,4.63,41,0,10000,1029,15.84,67,100,4.63,41,0,10000,1029,15.84,67,100,4.63,41,0,10000
1029,15.84,67,100,4.63,41,0,10000,9,46,2,5,1029,15.84,67,100,4.63,41,0,10000,1029,15.84,67,100,4.63,41,0,10000,1029,15.84,67,100,4.63,41,0,10000,1029,15.84,67,100,4.63,41,0,10000,1029,15.84,67,100,4.63,41,0,10000,1029,15.84,67,100,4.63,41,0,10000,1029,15.84,67,100,4.63,41,0,10000,1029,15.84,67,100,4.63,41,0,10000,1029,15.84,67,100,4.63,41,0,10000,1029,15.84,67,100,4.63,41,0,10000,1029,15.84,67,100,4.63,41,0,10000,1029,15.84,67,100,4.63,41,0,10000
1029,15.84,67,100,4.63,41,0,10000,10,46,2,5,1029,15.84,67,100,4.63,41,0,10000,1029,15.84,67,100,4.63,41,0,10000,1029,15.84,67,100,4.63,41,0,10000,1029,15.84,67,100,4.63,41,0,10000,1029,15.84,67,100,4.63,41,0,10000,1029,15.84,67,100,4.63,41,0,10000,1029,15.84,67,100,4.63,41,0,10000,1029,15.84,67,100,4.63,41,0,10000,1029,15.84,67,100,4.63,41,0,10000,1029,15.84,67,100,4.63,41,0,10000,1029,15.84,67,100,4.63,41,0,10000,1029,15.84,67,100,4.63,41,0,10000
1029,15.84,67,100,4.63,41,0,10000,11,46,2,5,1029,15.84,67,100,4.63,41,0,10000,1029,15.84,67,100,4.63,41,0,10000,1029,15.84,67,100,4.63,41,0,10000,1029,15.84,67,100,4.63,41,0,10000,1029,15.84,67,100,4.63,41,0,10000,1029,15.84,67,100,4.63,41,0,10000,1029,15.84,67,100,4.63,41,0,10000,1029,15.84,67,100,4.63,41,0,10000,1029,15.84,67,100,4.63,41,0,10000,1029,15.84,67,100,4.63,41,0,10000,1029,15.84,67,100,4.63,41,0,10000,1029,15.84,67,100,4.63,41,0,10000
1029,15.84,67,100,4.63,41,0,10000,12,46,2,5,1029,15.84,67,100,4.63,41,0,10000,1029,15.84,67,100,4.63,41,0,10000,1029,15.84,67,100,4.63,41,0,10000,1029,15.84,67,100,4.63,41,0,10000,1029,15.84,67,100,4.63,41,0,10000,1029,15.84,67,100,4.63,41,0,10000,1029,15.84,67,100,4.63,41,0,10000,1029,15.84,67,100,4.63,41,0,10000,1029,15.84,67,100,4.63,41,0,10000,1029,15.84,67,100,4.63,41,0,10000,1029,15.84,67,100,4.63,41,0,10000,1029,15.84,67,100,4.63,41,0,10000
1029,15.84,67,100,4.63,41,0,10000,13,46,2,5,1029,15.84,67,100,4.63,41,0,10000,1029,15.84,67,100,4.63,41,0,10000,1029,15.84,67,100,4.63,41,0,10000,1029,15.84,67,100,4.63,41,0,10000,1029,15.84,67,100,4.63,41,0,10000,1029,15.84,67,100,4.63,41,0,10000,1029,15.84,67,100,4.63,41,0,10000,1029,15.84,67,100,4.63,41,0,10000,1029,15.84,67,100,4.63,41,0,10000,1029,15.84,67,100,4.63,41,0,10000,1029,15.84,67,100,4.63,41,0,10000,1029,15.84,67,100,4.63,41,0,10000
1029,15.84,67,100,4.63,41,0,10000,14,46,2,5,1029,15.84,67,100,4.63,41,0,10000,1029,15.84,67,100,4.63,41,0,10000,1029,15.84,67,100,4.63,41,0,10000,1029,15.84,67,100,4.63,41,0,10000,1029,15.84,67,100,4.63,41,0,10000,1029,15.84,67,100,4.63,41,0,10000,1029,15.84,67,100,4.63,41,0,10000,1029,15.84,67,100,4.63,41,0,10000,1029,15.84,67,100,4.63,41,0,10000,1029,15.84,67,100,4.63,41,0,10000,1029,15.84,67,100,4.63,41,0,10000,1029,15.84,67,100,4.63,41,0,10000
1029,15.84,67,100,4.63,41,0,10000,15,46,2,5,1029,15.84,67,100,4.63,41,0,10000,1029,15.84,67,100,4.63,41,0,10000,1029,15.84,67,100,4.63,41,0,10000,1029,15.84,67,100,4.63,41,0,10000,1029,15.84,67,100,4.63,41,0,10000,1029,15.84,67,100,4.63,41,0,10000,1029,15.84,67,100,4.63,41,0,10000,1029,15.84,67,100,4.63,41,0,10000,1029,15.84,67,100,4.63,41,0,10000,1029,15.84,67,100,4.63,41,0,10000,1029,15.84,67,100,4.63,41,0,10000,1029,15.84,67,100,4.63,41,0,10000
1029,15.84,67,100,4.63,41,0,10000,16,46,2,5,1029,15.84,67,100,4.63,41,0,10000,1029,15.84,67,100,4.63,41,0,10000,1029,15.84,67,100,4.63,41,0,10000,1029,15.84,67,100,4.63,41,0,10000,1029,15.84,67,100,4.63,41,0,10000,1029,15.84,67,100,4.63,41,0,10000,1029,15.84,67,100,4.63,41,0,10000,1029,15.84,67,100,4.63,41,0,10000,1029,15.84,67,100,4.63,41,0,10000,1029,15.84,67,100,4.63,41,0,10000,1029,15.84,67,100,4.63,41,0,10000,1029,15.84,67,100,4.63,41,0,10000
1029,15.84,67,100,4.63,41,0,10000,17,46,2,5,1029,15.84,67,100,4.63,41,0,10000,1029,15.84,67,100,4.63,41,0,10000,1029,15.84,67,100,4.63,41,0,10000,1029,15.84,67,100,4.63,41,0,10000,1029,15.84,67,100,4.63,41,0,10000,1029,15.84,67,100,4.63,41,0,10000,1029,15.84,67,100,4.63,41,0,10000,1029,15.84,67,100,4.63,41,0,10000,1029,15.84,67,100,4.63,41,0,10000,1029,15.84,67,100,4.63,41,0,10000,1029,15.84,67,100,4.63,41,0,10000,1029,15.84,67,100,4.63,41,0,10000
1029,15.84,67,100,4.63,41,0,10000,18,46,2,5,1029,15.84,67,100,4.63,41,0,10000,1029,15.84,67,100,4.63,41,0,10000,1029,15.84,67,100,4.63,41,0,10000,1029,15.84,67,100,4.63,41,0,10000,1029,15.84,67,100,4.63,41,0,10000,1029,15.84,67,100,4.63,41,0,10000,1029,15.84,67,100,4.63,41,0,10000,1029,15.84,67,100,4.63,41,0,10000,1029,15.84,67,100,4.63,41,0,10000,1029,15.84,67,100,4.63,41,0,10000,1029,15.84,67,100,4.63,41,0,10000,1029,15.84,67,100,4.63,41,0,10000
1029,15.84,67,100,4.63,41,0,10000,19,46,2,5,1029,15.84,67,100,4.63,41,0,10000,1029,15.84,67,100,4.63,41,0,10000,1029,15.84,67,100,4.63,41,0,10000,1029,15.84,67,100,4.63,41,0,10000,1029,15.84,67,100,4.63,41,0,10000,1029,15.84,67,100,4.63,41,0,10000,1029,15.84,67,100,4.63,41,0,10000,1029,15.84,67,100,4.63,41,0,10000,1029,15.84,67,100,4.63,41,0,10000,1029,15.84,67,100,4.63,41,0,10000,1029,15.84,67,100,4.63,41,0,10000,1029,15.84,67,100,4.63,41,0,10000
1029,15.84,67,100,4.63,41,0,10000,20,46,2,5,1029,15.84,67,100,4.63,41,0,10000,1029,15.84,67,100,4.63,41,0,10000,1029,15.84,67,100,4.63,41,0,10000,1029,15.84,67,100,4.63,41,0,10000,1029,15.84,67,100,4.63,41,0,10000,1029,15.84,67,100,4.63,41,0,10000,1029,15.84,67,100,4.63,41,0,10000,1029,15.84,67,100,4.63,41,0,10000,1029,15.84,67,100,4.63,41,0,10000,1029,15.84,67,100,4.63,41,0,10000,1029,15.84,67,100,4.63,41,0,10000,1029,15.84,67,100,4.63,41,0,10000
1029,15.84,67,100,4.63,41,0,10000,21,46,2,5,1029,15.84,67,100,4.63,41,0,10000,1029,15.84,67,100,4.63,41,0,10000,1029,15.84,67,100,4.63,41,0,10000,1029,15.84,67,100,4.63,41,0,10000,1029,15.84,67,100,4.63,41,0,10000,1029,15.84,67,100,4.63,41,0,10000,1029,15.84,67,100,4.63,41,0,10000,1029,15.84,67,100,4.63,41,0,10000,1029,15.84,67,100,4.63,41,0,10000,1029,15.84,67,100,4.63,41,0,10000,1029,15.84,67,100,4.63,41,0,10000,1029,15.84,67,100,4.63,41,0,10000
1029,15.84,67,100,4.63,41,0,10000,22,46,2,5,1029,15.84,67,100,4.63,41,0,10000,1029,15.84,67,100,4.63,41,0,10000,1029,15.84,67,100,4.63,41,0,10000,1029,15.84,67,100,4.63,41,0,10000,1029,15.84,67,100,4.63,41,0,10000,1029,15.84,67,100,4.63,41,0,10000,1029,15.84,67,100,4.63,41,0,10000,1029,15.84,67,100,4.63,41,0,10000,1029,15.84,67,100,4.63,41,0,10000,1029,15.84,67,100,4.63,41,0,10000,1029,15.84,67,100,4.63,41,0,10000,1029,15.84,67,100,4.63,41,0,10000
1029,15.84,67,100,4.63,41,0,10000,23,46,2,5,1029,15.84,67,100,4.63,41,0,10000,1029,15.84,67,100,4.63,41,0,10000,1029,15.84,67,100,4.63,41,0,10000,1029,15.84,67,100,4.63,41,0,10000,1029,15.84,67,100,4.63,41,0,10000,1029,15.84,67,100,4.63,41,0,10000,1029,15.84,67,100,4.63,41,0,10000,1029,15.84,67,100,4.63,41,0,10000,1029,15.84,67,100,4.63,41,0,10000,1029,15.84,67,100,4.63,41,0,10000,1029,15.84,67,100,4.63,41,0,10000,1029,15.84,67,100,4.63,41,0,10000
1029,15.84,67,100,4.63,41,0,10000,0,46,3,5,1029,15.84,67,100,4.63,41,0,10000,1029,15.84,67,100,4.63,41,0,10000,1029,15.84,67,100,4.63,41,0,10000,1029,15.84,67,100,4.63,41,0,10000,1029,15.84,67,100,4.63,41,0,10000,1029,15.84,67,100,4.63,41,0,10000,1029,15.84,67,100,4.63,41,0,10000,1029,15.84,67,100,4.63,41,0,10000,1029,15.84,67,100,4.63,41,0,10000,1029,15.84,67,100,4.63,41,0,10000,1029,15.84,67,100,4.63,41,0,10000,1029,15.84,67,100,4.63,41,0,10000
1029,15.84,67,100,4.63,41,0,10000,1,46,3,5,1029,15.84,67,100,4.63,41,0,10000,1029,15.84,67,100,4.63,41,0,10000,1029,15.84,67,100,4.63,41,0,10000,1029,15.84,67,100,4.63,41,0,10000,1029,15.84,67,100,4.63,41,0,10000,1029,15.84,67,100,4.63,41,0,10000,1029,15.84,67,100,4.63,41,0,10000,1029,15.84,67,100,4.63,41,0,10000,1029,15.84,67,100,4.63,41,0,10000,1029,15.84,67,100,4.63,41,0,10000,1029,15.84,67,100,4.63,41,0,10000,1029,15.84,67,100,4.63,41,0,10000
1029,15.84,67,100,4.63,41,0,10000,2,46,3,5,1029,15.84,67,100,4.63,41,0,10000,1029,15.84,67,100,4.63,41,0,10000,1029,15.84,67,100,4.63,41,0,10000,1029,15.84,67,100,4.63,41,0,10000,1029,15.84,67,100,4.63,41,0,10000,1029,15.84,67,100,4.63,41,0,10000,1029,15.84,67,100,4.63,41,0,10000,1029,15.84,67,100,4.63,41,0,10000,1029,15.84,67,100,4.63,41,0,10000,1029,15.84,67,100,4.63,41,0,10000,1029,15.84,67,100,4.63,41,0,10000,1029,15.84,67,100,4.63,41,0,10000
1029,15.84,67,100,4.63,41,0,10000,3,46,3,5,1029,15.84,67,100,4.63,41,0,10000,1029,15.84,67,100,4.63,41,0,10000,1029,15.84,67,100,4.63,41,0,10000,1029,15.84,67,100,4.63,41,0,10000,1029,15.84,67,100,4.63,41,0,10000,1029,15.84,67,100,4.63,41,0,10000,1029,15.84,67,100,4.63,41,0,10000,1029,15.84,67,100,4.63,41,0,10000,1029,15.84,67,100,4.63,41,0,10000,1029,15.84,67,100,4.63,41,0,10000,1029,15.84,67,100,4.63,41,0,10000,1029,15.84,67,100,4.63,41,0,10000
1029,15.84,67,100,4.63,41,0,10000,4,46,3,5,1029,15.84,67,100,4.63,41,0,10000,1029,15.84,67,100,4.63,41,0,10000,1029,15.84,67,100,4.63,41,0,10000,1029,15.84,67,100,4.63,41,0,10000,1029,15.84,67,100,4.63,41,0,10000,1029,15.84,67,100,4.63,41,0,10000,1029,15.84,67,100,4.63,41,0,10000,1029,15.84,67,100,4.63,41,0,10000,1029,15.84,67,100,4.63,41,0,10000,1029,15.84,67,100,4.63,41,0,10000,1029,15.84,67,100,4.63,41,0,10000,1029,15.84,67,100,4.63,41,0,10000
1029,15.84,67,100,4.63,41,0,10000,5,46,3,5,1029,15.84,67,100,4.63,41,0,10000,1029,15.84,67,100,4.63,41,0,10000,1029,15.84,67,100,4.63,41,0,10000,1029,15.84,67,100,4.63,41,0,10000,1029,15.84,67,100,4.63,41,0,10000,1029,15.84,67,100,4.63,41,0,10000,1029,15.84,67,100,4.63,41,0,10000,1029,15.84,67,100,4.63,41,0,10000,1029,15.84,67,100,4.63,41,0,10000,1029,15.84,67,100,4.63,41,0,10000,1029,15.84,67,100,4.63,41,0,10000,1029,15.84,67,100,4.63,41,0,10000
1029,15.84,67,100,4.63,41,0,10000,6,46,3,5,1029,15.84,67,100,4.63,41,0,10000,1029,15.84,67,100,4.63,41,0,10000,1029,15.84,67,100,4.63,41,0,10000,1029,15.84,67,100,4.63,41,0,10000,1029,15.84,67,100,4.63,41,0,10000,1029,15.84,67,100,4.63,41,0,10000,1029,15.84,67,100,4.63,41,0,10000,1029,15.84,67,100,4.63,41,0,10000,1029,15.84,67,100,4.63,41,0,10000,1029,15.84,67,100,4.63,41,0,10000,1029,15.84,67,100,4.63,41,0,10000,1029,15.84,67,100,4.63,41,0,10000
1029,15.84,67,100,4.63,41,0,10000,7,46,3,5,1029,15.84,67,100,4.63,41,0,10000,1029,15.84,67,100,4.63,41,0,10000,1029,15.84,67,100,4.63,41,0,10000,1029,15.84,67,100,4.63,41,0,10000,1029,15.84,67,100,4.63,41,0,10000,1029,15.84,67,100,4.63,41,0,10000,1029,15.84,67,100,4.63,41,0,10000,1029,15.84,67,100,4.63,41,0,10000,1029,15.84,67,100,4.63,41,0,10000,1029,15.84,67,100,4.63,41,0,10000,1029,15.84,67,100,4.63,41,0,10000,1029,15.84,67,100,4.63,41,0,10000
1029,15.84,67,100,4.63,41,0,10000,8,46,3,5,1029,15.84,67,100,4.63,41,0,10000,1029,15.84,67,100,4.63,41,0,10000,1029,15.84,67,100,4.63,41,0,10000,1029,15.84,67,100,4.63,41,0,10000,1029,15.84,67,100,4.63,41,0,10000,1029,15.84,67,100,4.63,41,0,10000,1029,15.84,67,100,4.63,41,0,10000,1029,15.84,67,100,4.63,41,0,10000,1029,15.84,67,100,4.63,41,0,10000,1029,15.84,67,100,4.63,41,0,10000,1029,15.84,67,100,4.63,41,0,10000,1029,15.84,67,100,4.63,41,0,10000
1029,15.84,67,100,4.63,41,0,10000,9,46,3,5,1029,15.84,67,100,4.63,41,0,10000,1029,15.84,67,100,4.63,41,0,10000,1029,15.84,67,100,4.63,41,0,10000,1029,15.84,67,100,4.63,41,0,10000,1029,15.84,67,100,4.63,41,0,10000,1029,15.84,67,100,4.63,41,0,10000,1029,15.84,67,100,4.63,41,0,10000,1029,15.84,67,100,4.63,41,0,10000,1029,15.84,67,100,4.63,41,0,10000,1029,15.84,67,100,4.63,41,0,10000,1029,15.84,67,100,4.63,41,0,10000,1029,15.84,67,100,4.63,41,0,10000
1029,15.84,67,100,4.63,41,0,10000,10,46,3,5,1029,15.84,67,100,4.63,41,0,10000,1029,15.84,67,100,4.63,41,0,10000,1029,15.84,67,100,4.63,41,0,10000,1029,15.84,67,100,4.63,41,0,10000,1029,15.84,67,100,4.63,41,0,10000,1029,15.84,67,100,4.63,41,0,10000,1029,15.84,67,100,4.63,41,0,10000,1029,15.84,67,100,4.63,41,0,10000,1029,15.84,67,100,4.63,41,0,10000,1029,15.84,67,100,4.63,41,0,10000,1029,15.84,67,100,4.63,41,0,10000,1029,15.84,67,100,4.63,41,0,10000
1029,15.84,67,100,4.63,41,0,10000,11,46,3,5,1029,15.84,67,100,4.63,41,0,10000,1029,15.84,67,100,4.63,41,0,10000,1029,15.84,67,100,4.63,41,0,10000,1029,15.84,67,100,4.63,41,0,10000,1029,15.84,67,100,4.63,41,0,10000,1029,15.84,67,100,4.63,41,0,10000,1029,15.84,67,100,4.63,41,0,10000,1029,15.84,67,100,4.63,41,0,10000,1029,15.84,67,100,4.63,41,0,10000,1029,15.84,67,100,4.63,41,0,10000,1029,15.84,67,100,4.63,41,0,10000,1029,15.84,67,100,4.63,41,0,10000
1029,15.84,67,100,4.63,41,0,10000,12,46,3,5,1029,15.84,67,100,4.63,41,0,10000,1029,15.84,67,100,4.63,41,0,10000,1029,15.84,67,100,4.63,41,0,10000,1029,15.84,67,100,4.63,41,0,10000,1029,15.84,67,100,4.63,41,0,10000,1029,15.84,67,100,4.63,41,0,10000,1029,15.84,67,100,4.63,41,0,10000,1029,15.84,67,100,4.63,41,0,10000,1029,15.84,67,100,4.63,41,0,10000,1029,15.84,67,100,4.63,41,0,10000,1029,15.84,67,100,4.63,41,0,10000,1029,15.84,67,100,4.63,41,0,10000
1029,15.84,67,100,4.63,41,0,10000,13,46,3,5,1029,15.84,67,100,4.63,41,0,10000,1029,15.84,67,100,4.63,41,0,10000,1029,15.84,67,100,4.63,41,0,10000,1029,15.84,67,100,4.63,41,0,10000,1029,15.84,67,100,4.63,41,0,10000,1029,15.84,67,100,4.63,41,0,10000,1029,15.84,67,100,4.63,41,0,10000,1029,15.84,67,100,4.63,41,0,10000,1029,15.84,67,100,4.63,41,0,10000,1029,15.84,67,100,4.63,41,0,10000,1029,15.84,67,100,4.63,41,0,10000,1029,15.84,67,100,4.63,41,0,10000
1029,15.84,67,100,4.63,41,0,10000,14,46,3,5,1029,15.84,67,100,4.63,41,0,10000,1029,15.84,67,100,4.63,41,0,10000,1029,15.84,67,100,4.63,41,0,10000,1029,15.84,67,100,4.63,41,0,10000,1029,15.84,67,100,4.63,41,0,10000,1029,15.84,67,100,4.63,41,0,10000,1029,15.84,67,100,4.63,41,0,10000,1029,15.84,67,100,4.63,41,0,10000,1029,15.84,67,100,4.63,41,0,10000,1029,15.84,67,100,4.63,41,0,10000,1029,15.84,67,100,4.63,41,0,10000,1029,15.84,67,100,4.63,41,0,10000
1029,15.84,67,100,4.63,41,0,10000,15,46,3,5,1029,15.84,67,100,4.63,41,0,10000,1029,15.84,67,100,4.63,41,0,10000,1029,15.84,67,100,4.63,41,0,10000,1029,15.84,67,100,4.63,41,0,10000,1029,15.84,67,100,4.63,41,0,10000,1029,15.84,67,100,4.63,41,0,10000,1029,15.84,67,100,4.63,41,0,10000,1029,15.84,67,100,4.63,41,0,10000,1029,15.84,67,100,4.63,41,0,10000,1029,15.84,67,100,4.63,41,0,10000,1029,15.84,67,100,4.63,41,0,10000,1029,15.84,67,100,4.63,41,0,10000
1029,15.84,67,100,4.63,41,0,10000,16,46,3,5,1029,15.84,67,100,4.63,41,0,10000,1029,15.84,67,100,4.63,41,0,10000,1029,15.84,67,100,4.63,41,0,10000,1029,15.84,67,100,4.63,41,0,10000,1029,15.84,67,100,4.63,41,0,10000,1029,15.84,67,100,4.63,41,0,10000,1029,15.84,67,100,4.63,41,0,10000,1029,15.84,67,100,4.63,41,0,10000,1029,15.84,67,100,4.63,41,0,10000,1029,15.84,67,100,4.63,41,0,10000,1029,15.84,67,100,4.63,41,0,10000,1029,15.84,67,100,4.63,41,0,10000
1029,15.84,67,100,4.63,41,0,10000,17,46,3,5,1029,15.84,67,100,4.63,41,0,10000,1029,15.84,67,100,4.63,41,0,10000,1029,15.84,67,100,4.63,41,0,10000,1029,15.84,67,100,4.63,41,0,10000,1029,15.84,67,100,4.63,41,0,10000,1029,15.84,67,100,4.63,41,0,10000,1029,15.84,67,100,4.63,41,0,10000,1029,15.84,67,100,4.63,41,0,10000,1029,15.84,67,100,4.63,41,0,10000,1029,15.84,67,100,4.63,41,0,10000,1029,15.84,67,100,4.63,41,0,10000,1029,15.84,67,100,4.63,41,0,10000
1029,15.84,67,100,4.63,41,0,10000,18,46,3,5,1029,15.84,67,100,4.63,41,0,10000,1029,15.84,67,100,4.63,41,0,10000,1029,15.84,67,100,4.63,41,0,10000,1029,15.84,67,100,4.63,41,0,10000,1029,15.84,67,100,4.63,41,0,10000,1029,15.84,67,100,4.63,41,0,10000,1029,15.84,67,100,4.63,41,0,10000,1029,15.84,67,100,4.63,41,0,10000,1029,15.84,67,100,4.63,41,0,10000,1029,15.84,67,100,4.63,41,0,10000,1029,15.84,67,100,4.63,41,0,10000,1029,15.84,67,100,4.63,41,0,10000
1029,15.84,67,100,4.63,41,0,10000,19,46,3,5,1029,15.84,67,100,4.63,41,0,10000,1029,15.84,67,100,4.63,41,0,10000,1029,15.84,67,100,4.63,41,0,10000,1029,15.84,67,100,4.63,41,0,10000,1029,15.84,67,100,4.63,41,0,10000,1029,15.84,67,100,4.63,41,0,10000,1029,15.84,67,100,4.63,41,0,10000,1029,15.84,67,100,4.63,41,0,10000,1029,15.84,67,100,4.63,41,0,10000,1029,15.84,67,100,4.63,41,0,10000,1029,15.84,67,100,4.63,41,0,10000,1029,15.84,67,100,4.63,41,0,10000
1029,15.84,67,100,4.63,41,0,10000,20,46,3,5,1029,15.84,67,100,4.63,41,0,10000,1029,15.84,67,100,4.63,41,0,10000,1029,15.84,67,100,4.63,41,0,10000,1029,15.84,67,100,4.63,41,0,10000,1029,15.84,67,100,4.63,41,0,10000,1029,15.84,67,100,4.63,41,0,10000,1029,15.84,67,100,4.63,41,0,10000,1029,15.84,67,100,4.63,41,0,10000,1029,15.84,67,100,4.63,41,0,10000,1029,15.84,67,100,4.63,41,0,10000,1029,15.84,67,100,4.63,41,0,10000,1029,15.84,67,100,4.63,41,0,10000
1029,15.84,67,100,4.63,41,0,10000,21,46,3,5,1029,15.84,67,100,4.63,41,0,10000,1029,15.84,67,100,4.63,41,0,10000,1029,15.84,67,100,4.63,41,0,10000,1029,15.84,67,100,4.63,41,0,10000,1029,15.84,67,100,4.63,41,0,10000,1029,15.84,67,100,4.63,41,0,10000,1029,15.84,67,100,4.63,41,0,10000,1029,15.84,67,100,4.63,41,0,10000,1029,15.84,67,100,4.63,41,0,10000,1029,15.84,67,100,4.63,41,0,10000,1029,15.84,67,100,4.63,41,0,10000,1029,15.84,67,100,4.63,41,0,10000
1029,15.84,67,100,4.63,41,0,10000,22,46,3,5,1029,15.84,67,100,4.63,41,0,10000,1029,15.84,67,100,4.63,41,0,10000,1029,15.84,67,100,4.63,41,0,10000,1029,15.84,67,100,4.63,41,0,10000,1029,15.84,67,100,4.63,41,0,10000,1029,15.84,67,100,4.63,41,0,10000,1029,15.84,67,100,4.63,41,0,10000,1029,15.84,67,100,4.63,41,0,10000,1029,15.84,67,100,4.63,41,0,10000,1029,15.84,67,100,4.63,41,0,10000,1029,15.84,67,100,4.63,41,0,10000,1029,15.84,67,100,4.63,41,0,10000
1029,15.84,67,100,4.63,41,0,10000,23,46,3,5,1029,15.84,67,100,4.63,41,0,10000,1029,15.84,67,100,4.63,41,0,10000,1029,15.84,67,100,4.63,41,0,10000,1029,15.84,67,100,4.63,41,0,10000,1029,15.84,67,100,4.63,41,0,10000,1029,15.84,67,100,4.63,41,0,10000,1029,15.84,67,100,4.63,41,0,10000,1029,15.84,67,100,4.63,41,0,10000,1029,15.84,67,100,4.63,41,0,10000,1029,15.84,67,100,4.63,41,0,10000,1029,15.84,67,100,4.63,41,0,10000,1029,15.84,67,100,4.63,41,0,10000
1029,15.84,67,100,4.63,41,0,10000,0,46,4,5,1029,15.84,67,100,4.63,41,0,10000,1029,15.84,67,100,4.63,41,0,10000,1029,15.84,67,100,4.63,41,0,10000,1029,15.84,67,100,4.63,41,0,10000,1029,15.84,67,100,4.63,41,0,10000,1029,15.84,67,100,4.63,41,0,10000,1029,15.84,67,100,4.63,41,0,10000,1029,15.84,67,100,4.63,41,0,10000,1029,15.84,67,100,4.63,41,0,10000,1029,15.84,67,100,4.63,41,0,10000,1029,15.84,67,100,4.63,41,0,10000,1029,15.84,67,100,4.63,41,0,10000
1029,15.84,67,100,4.63,41,0,10000,1,46,4,5,1029,15.84,67,100,4.63,41,0,10000,1029,15.84,67,100,4.63,41,0,10000,1029,15.84,67,100,4.63,41,0,10000,1029,15.84,67,100,4.63,41,0,10000,1029,15.84,67,100,4.63,41,0,10000,1029,15.84,67,100,4.63,41,0,10000,1029,15.84,67,100,4.63,41,0,10000,1029,15.84,67,100,4.63,41,0,10000,1029,15.84,67,100,4.63,41,0,10000,1029,15.84,67,100,4.63,41,0,10000,1029,15.84,67,100,4.63,41,0,10000,1029,15.84,67,100,4.63,41,0,10000
1029,15.84,67,100,4.63,41,0,10000,2,46,4,5,1029,15.84,67,100,4.63,41,0,10000,1029,15.84,67,100,4.63,41,0,10000,1029,15.84,67,100,4.63,41,0,10000,1029,15.84,67,100,4.63,41,0,10000,1029,15.84,67,100,4.63,41,0,10000,1029,15.84,67,100,4.63,41,0,10000,1029,15.84,67,100,4.63,41,0,10000,1029,15.84,67,100,4.63,41,0,10000,1029,15.84,67,100,4.63,41,0,10000,1029,15.84,67,100,4.63,41,0,10000,1029,15.84,67,100,4.63,41,0,10000,1029,15.84,67,100,4.63,41,0,10000
1029,15.84,67,100,4.63,41,0,10000,3,46,4,5,1029,15.84,67,100,4.63,41,0,10000,1029,15.84,67,100,4.63,41,0,10000,1029,15.84,67,100,4.63,41,0,10000,1029,15.84,67,100,4.63,41,0,10000,1029,15.84,67,100,4.63,41,0,10000,1029,15.84,67,100,4.63,41,0,10000,1029,15.84,67,100,4.63,41,0,10000,1029,15.84,67,100,4.63,41,0,10000,1029,15.84,67,100,4.63,41,0,10000,1029,15.84,67,100,4.63,41,0,10000,1029,15.84,67,100,4.63,41,0,10000,1029,15.84,67,100,4.63,41,0,10000
1029,15.84,67,100,4.63,41,0,10000,4,46,4,5,1029,15.84,67,100,4.63,41,0,10000,1029,15.84,67,100,4.63,41,0,10000,1029,15.84,67,100,4.63,41,0,10000,1029,15.84,67,100,4.63,41,0,10000,1029,15.84,67,100,4.63,41,0,10000,1029,15.84,67,100,4.63,41,0,10000,1029,15.84,67,100,4.63,41,0,10000,1029,15.84,67,100,4.63,41,0,10000,1029,15.84,67,100,4.63,41,0,10000,1029,15.84,67,100,4.63,41,0,10000,1029,15.84,67,100,4.63,41,0,10000,1029,15.84,67,100,4.63,41,0,10000
1029,15.84,67,100,4.63,41,0,10000,5,46,4,5,1029,15.84,67,100,4.63,41,0,10000,1029,15.84,67,100,4.63,41,0,10000,1029,15.84,67,100,4.63,41,0,10000,1029,15.84,67,100,4.63,41,0,10000,1029,15.84,67,100,4.63,41,0,10000,1029,15.84,67,100,4.63,41,0,10000,1029,15.84,67,100,4.63,41,0,10000,1029,15.84,67,100,4.63,41,0,10000,1029,15.84,67,100,4.63,41,0,10000,1029,15.84,67,100,4.63,41,0,10000,1029,15.84,67,100,4.63,41,0,10000,1029,15.84,67,100,4.63,41,0,10000
1029,15.84,67,100,4.63,41,0,10000,6,46,4,5,1029,15.84,67,100,4.63,41,0,10000,1029,15.84,67,100,4.63,41,0,10000,1029,15.84,67,100,4.63,41,0,10000,1029,15.84,67,100,4.63,41,0,10000,1029,15.84,67,100,4.63,41,0,10000,1029,15.84,67,100,4.63,41,0,10000,1029,15.84,67,100,4.63,41,0,10000,1029,15.84,67,100,4.63,41,0,10000,1029,15.84,67,100,4.63,41,0,10000,1029,15.84,67,100,4.63,41,0,10000,1029,15.84,67,100,4.63,41,0,10000,1029,15.84,67,100,4.63,41,0,10000
1029,15.84,67,100,4.63,41,0,10000,7,46,4,5,1029,15.84,67,100,4.63,41,0,10000,1029,15.84,67,100,4.63,41,0,10000,1029,15.84,67,100,4.63,41,0,10000,1029,15.84,67,100,4.63,41,0,10000,1029,15.84,67,100,4.63,41,0,10000,1029,15.84,67,100,4.63,41,0,10000,1029,15.84,67,100,4.63,41,0,10000,1029,15.84,67,100,4.63,41,0,10000,1029,15.84,67,100,4.63,41,0,10000,1029,15.84,67,100,4.63,41,0,10000,1029,15.84,67,100,4.63,41,0,10000,1029,15.84,67,100,4.63,41,0,10000
1029,15.84,67,100,4.63,41,0,10000,8,46,4,5,1029,15.84,67,100,4.63,41,0,10000,1029,15.84,67,100,4.63,41,0,10000,1029,15.84,67,100,4.63,41,0,10000,1029,15.84,67,100,4.63,41,0,10000,1029,15.84,67,100,4.63,41,0,10000,1029,15.84,67,100,4.63,41,0,10000,1029,15.84,67,100,4.63,41,0,10000,1029,15.84,67,100,4.63,41,0,10000,1029,15.84,67,100,4.63,41,0,10000,1029,15.84,67,100,4.63,41,0,10000,1029,15.84,67,100,4.63,41,0,10000,1029,15.84,67,100,4.63,41,0,10000
1029,15.84,67,100,4.63,41,0,10000,9,46,4,5,1029,15.84,67,100,4.63,41,0,10000,1029,15.84,67,100,4.63,41,0,10000,1029,15.84,67,100,4.63,41,0,10000,1029,15.84,67,100,4.63,41,0,10000,1029,15.84,67,100,4.63,41,0,10000,1029,15.84,67,100,4.63,41,0,10000,1029,15.84,67,100,4.63,41,0,10000,1029,15.84,67,100,4.63,41,0,10000,1029,15.84,67,100,4.63,41,0,10000,1029,15.84,67,100,4.63,41,0,10000,1029,15.84,67,100,4.63,41,0,10000,1029,15.84,67,100,4.63,41,0,10000
1029,15.84,67,100,4.63,41,0,10000,10,46,4,5,1029,15.84,67,100,4.63,41,0,10000,1029,15.84,67,100,4.63,41,0,10000,1029,15.84,67,100,4.63,41,0,10000,1029,15.84,67,100,4.63,41,0,10000,1029,15.84,67,100,4.63,41,0,10000,1029,15.84,67,100,4.63,41,0,10000,1029,15.84,67,100,4.63,41,0,10000,1029,15.84,67,100,4.63,41,0,10000,1029,15.84,67,100,4.63,41,0,10000,1029,15.84,67,100,4.63,41,0,10000,1029,15.84,67,100,4.63,41,0,10000,1029,15.84,67,100,4.63,41,0,10000
1029,15.84,67,100,4.63,41,0,10000,11,46,4,5,1029,15.84,67,100,4.63,41,0,10000,1029,15.84,67,100,4.63,41,0,10000,1029,15.84,67,100,4.63,41,0,10000,1029,15.84,67,100,4.63,41,0,10000,1029,15.84,67,100,4.63,41,0,10000,1029,15.84,67,100,4.63,41,0,10000,1029,15.84,67,100,4.63,41,0,10000,1029,15.84,67,100,4.63,41,0,10000,1029,15.84,67,100,4.63,41,0,10000,1029,15.84,67,100,4.63,41,0,10000,1029,15.84,67,100,4.63,41,0,10000,1029,15.84,67,100,4.63,41,0,10000
1029,15.84,67,100,4.63,41,0,10000,12,46,4,5,1029,15.84,67,100,4.63,41,0,10000,1029,15.84,67,100,4.63,41,0,10000,1029,15.84,67,100,4.63,41,0,10000,1029,15.84,67,100,4.63,41,0,10000,1029,15.84,67,100,4.63,41,0,10000,1029,15.84,67,100,4.63,41,0,10000,1029,15.84,67,100,4.63,41,0,10000,1029,15.84,67,100,4.63,41,0,10000,1029,15.84,67,100,4.63,41,0,10000,1029,15.84,67,100,4.63,41,0,10000,1029,15.84,67,100,4.63,41,0,10000,1029,15.84,67,100,4.63,41,0,10000
1029,15.84,67,100,4.63,41,0,10000,13,46,4,5,1029,15.84,67,100,4.63,41,0,10000,1029,15.84,67,100,4.63,41,0,10000,1029,15.84,67,100,4.63,41,0,10000,1029,15.84,67,100,4.63,41,0,10000,1029,15.84,67,100,4.63,41,0,10000,1029,15.84,67,100,4.63,41,0,10000,1029,15.84,67,100,4.63,41,0,10000,1029,15.84,67,100,4.63,41,0,10000,1029,15.84,67,100,4.63,41,0,10000,1029,15.84,67,100,4.63,41,0,10000,1029,15.84,67,100,4.63,41,0,10000,1029,15.84,67,100,4.63,41,0,10000
1029,15.84,67,100,4.63,41,0,10000,14,46,4,5,1029,15.84,67,100,4.63,41,0,10000,1029,15.84,67,100,4.63,41,0,10000,1029,15.84,67,100,4.63,41,0,10000,1029,15.84,67,100,4.63,41,0,10000,1029,15.84,67,100,4.63,41,0,10000,1029,15.84,67,100,4.63,41,0,10000,1029,15.84,67,100,4.63,41,0,10000,1029,15.84,67,100,4.63,41,0,10000,1029,15.84,67,100,4.63,41,0,10000,1029,15.84,67,100,4.63,41,0,10000,1029,15.84,67,100,4.63,41,0,10000,1029,15.84,67,100,4.63,41,0,10000
1029,15.84,67,100,4.63,41,0,10000,15,46,4,5,1029,15.84,67,100,4.63,41,0,10000,1029,15.84,67,100,4.63,41,0,10000,1029,15.84,67,100,4.63,41,0,10000,1029,15.84,67,100,4.63,41,0,10000,1029,15.84,67,100,4.63,41,0,10000,1029,15.84,67,100,4.63,41,0,10000,1029,15.84,67,100,4.63,41,0,10000,1029,15.84,67,100,4.63,41,0,10000,1029,15.84,67,100,4.63,41,0,10000,1029,15.84,67,100,4.63,41,0,10000,1029,15.84,67,100,4.63,41,0,10000,1029,15.84,67,100,4.63,41,0,10000
1029,15.84,67,100,4.63,41,0,10000,16,46,4,5,1029,15.84,67,100,4.63,41,0,10000,1029,15.84,67,100,4.63,41,0,10000,1029,15.84,67,100,4.63,41,0,10000,1029,15.84,67,100,4.63,41,0,10000,1029,15.84,67,100,4.63,41,0,10000,1029,15.84,67,100,4.63,41,0,10000,1029,15.84,67,100,4.63,41,0,10000,1029,15.84,67,100,4.63,41,0,10000,1029,15.84,67,100,4.63,41,0,10000,1029,15.84,67,100,4.63,41,0,10000,1029,15.84,67,100,4.63,41,0,10000,1029,15.84,67,100,4.63,41,0,10000
1029,15.84,67,100,4.63,41,0,10000,17,46,4,5,1029,15.84,67,100,4.63,41,0,10000,1029,15.84,67,100,4.63,41,0,10000,1029,15.84,67,100,4.63,41,0,10000,1029,15.84,67,100,4.63,41,0,10000,1029,15.84,67,100,4.63,41,0,10000,1029,15.84,67,100,4.63,41,0,10000,1029,15.84,67,100,4.63,41,0,10000,1029,15.84,67,100,4.63,41,0,10000,1029,15.84,67,100,4.63,41,0,10000,1029,15.84,67,100,4.63,41,0,10000,1029,15.84,67,100,4.63,41,0,10000,1029,15.84,67,100,4.63,41,0,10000
1029,15.84,67,100,4.63,41,0,10000,18,46,4,5,1029,15.84,67,100,4.63,41,0,10000,1029,15.84,67,100,4.63,41,0,10000,1029,15.84,67,100,4.63,41,0,10000,1029,15.84,67,100,4.63,41,0,10000,1029,15.84,67,100,4.63,41,0,10000,1029,15.84,67,100,4.63,41,0,10000,1029,15.84,67,100,4.63,41,0,10000,1029,15.84,67,100,4.63,41,0,10000,1029,15.84,67,100,4.63,41,0,10000,1029,15.84,67,100,4.63,41,0,10000,1029,15.84,67,100,4.63,41,0,10000,1029,15.84,67,100,4.63,41,0,10000
1029,15.84,67,100,4.63,41,0,10000,19,46,4,5,1029,15.84,67,100,4.63,41,0,10000,1029,15.84,67,100,4.63,41,0,10000,1029,15.84,67,100,4.63,41,0,10000,1029,15.84,67,100,4.63,41,0,10000,1029,15.84,67,100,4.63,41,0,10000,1029,15.84,67,100,4.63,41,0,10000,1029,15.84,67,100,4.63,41,0,10000,1029,15.84,67,100,4.63,41,0,10000,1029,15.84,67,100,4.63,41,0,10000,1029,15.84,67,100,4.63,41,0,10000,1029,15.84,67,100,4.63,41,0,10000,1029,15.84,67,100,4.63,41,0,10000
1029,15.84,67,100,4.63,41,0,10000,20,46,4,5,1029,15.84,67,100,4.63,41,0,10000,1029,15.84,67,100,4.63,41,0,10000,1029,15.84,67,100,4.63,41,0,10000,1029,15.84,67,100,4.63,41,0,10000,1029,15.84,67,100,4.63,41,0,10000,1029,15.84,67,100,4.63,41,0,10000,1029,15.84,67,100,4.63,41,0,10000,1029,15.84,67,100,4.63,41,0,10000,1029,15.84,67,100,4.63,41,0,10000,1029,15.84,67,100,4.63,41,0,10000,1029,15.84,67,100,4.63,41,0,10000,1029,15.84,67,100,4.63,41,0,10000
1029,15.84,67,100,4.63,41,0,10000,21,46,4,5,1029,15.84,67,100,4.63,41,0,10000,1029,15.84,67,100,4.63,41,0,10000,1029,15.84,67,100,4.63,41,0,10000,1029,15.84,67,100,4.63,41,0,10000,1029,15.84,67,100,4.63,41,0,10000,1029,15.84,67,100,4.63,41,0,10000,1029,15.84,67,100,4.63,41,0,10000,1029,15.84,67,100,4.63,41,0,10000,1029,15.84,67,100,4.63,41,0,10000,1029,15.84,67,100,4.63,41,0,10000,1029,15.84,67,100,4.63,41,0,10000,1029,15.84,67,100,4.63,41,0,10000
1029,15.84,67,100,4.63,41,0,10000,22,46,4,5,1029,15.84,67,100,4.63,41,0,10000,1029,15.84,67,100,4.63,41,0,10000,1029,15.84,67,100,4.63,41,0,10000,1029,15.84,67,100,4.63,41,0,10000,1029,15.84,67,100,4.63,41,0,10000,1029,15.84,67,100,4.63,41,0,10000,1029,15.84,67,100,4.63,41,0,10000,1029,15.84,67,100,4.63,41,0,10000,1029,15.84,67,100,4.63,41,0,10000,1029,15.84,67,100,4.63,41,0,10000,1029,15.84,67,100,4.63,41,0,10000,1029,15.84,67,100,4.63,41,0,10000
1029,15.84,67,100,4.63,41,0,10000,23,46,4,5,1029,15.84,67,100,4.63,41,0,10000,1029,15.84,67,100,4.63,41,0,10000,1029,15.84,67,100,4.63,41,0,10000,1029,15.84,67,100,4.63,41,0,10000,1029,15.84,67,100,4.63,41,0,10000,1029,15.84,67,100,4.63,41,0,10000,1029,15.84,67,100,4.63,41,0,10000,1029,15.84,67,100,4.63,41,0,10000,1029,15.84,67,100,4.63,41,0,10000,1029,15.84,67,100,4.63,41,0,10000,1029,15.84,67,100,4.63,41,0,10000,1029,15.84,67,100,4.63,41,0,10000
1029,15.84,67,100,4.63,41,0,10000,0,46,5,5,1029,15.84,67,100,4.63,41,0,10000,1029,15.84,67,100,4.63,41,0,10000,1029,15.84,67,100,4.63,41,0,10000,1029,15.84,67,100,4.63,41,0,10000,1029,15.84,67,100,4.63,41,0,10000,1029,15.84,67,100,4.63,41,0,10000,1029,15.84,67,100,4.63,41,0,10000,1029,15.84,67,100,4.63,41,0,10000,1029,15.84,67,100,4.63,41,0,10000,1029,15.84,67,100,4.63,41,0,10000,1029,15.84,67,100,4.63,41,0,10000,1029,15.84,67,100,4.63,41,0,10000
1029,15.84,67,100,4.63,41,0,10000,1,46,5,5,1029,15.84,67,100,4.63,41,0,10000,1029,15.84,67,100,4.63,41,0,10000,1029,15.84,67,100,4.63,41,0,10000,1029,15.84,67,100,4.63,41,0,10000,1029,15.84,67,100,4.63,41,0,10000,1029,15.84,67,100,4.63,41,0,10000,1029,15.84,67,100,4.63,41,0,10000,1029,15.84,67,100,4.63,41,0,10000,1029,15.84,67,100,4.63,41,0,10000,1029,15.84,67,100,4.63,41,0,10000,1029,15.84,67,100,4.63,41,0,10000,1029,15.84,67,100,4.63,41,0,10000
1029,15.84,67,100,4.63,41,0,10000,2,46,5,5,1029,15.84,67,100,4.63,41,0,10000,1029,15.84,67,100,4.63,41,0,10000,1029,15.84,67,100,4.63,41,0,10000,1029,15.84,67,100,4.63,41,0,10000,1029,15.84,67,100,4.63,41,0,10000,1029,15.84,67,100,4.63,41,0,10000,1029,15.84,67,100,4.63,41,0,10000,1029,15.84,67,100,4.63,41,0,10000,1029,15.84,67,100,4.63,41,0,10000,1029,15.84,67,100,4.63,41,0,10000,1029,15.84,67,100,4.63,41,0,10000,1029,15.84,67,100,4.63,41,0,10000
1029,15.84,67,100,4.63,41,0,10000,3,46,5,5,1029,15.84,67,100,4.63,41,0,10000,1029,15.84,67,100,4.63,41,0,10000,1029,15.84,67,100,4.63,41,0,10000,1029,15.84,67,100,4.63,41,0,10000,1029,15.84,67,100,4.63,41,0,10000,1029,15.84,67,100,4.63,41,0,10000,1029,15.84,67,100,4.63,41,0,10000,1029,15.84,67,100,4.63,41,0,10000,1029,15.84,67,100,4.63,41,0,10000,1029,15.84,67,100,4.63,41,0,10000,1029,15.84,67,100,4.63,41,0,10000,1029,15.84,67,100,4.63,41,0,10000
1029,15.84,67,100,4.63,41,0,10000,4,46,5,5,1029,15.84,67,100,4.63,41,0,10000,1029,15.84,67,100,4.63,41,0,10000,1029,15.84,67,100,4.63,41,0,10000,1029,15.84,67,100,4.63,41,0,10000,1029,15.84,67,100,4.63,41,0,10000,1029,15.84,67,100,4.63,41,0,10000,1029,15.84,67,100,4.63,41,0,10000,1029,15.84,67,100,4.63,41,0,10000,1029,15.84,67,100,4.63,41,0,10000,1029,15.84,67,100,4.63,41,0,10000,1029,15.84,67,100,4.63,41,0,10000,1029,15.84,67,100,4.63,41,0,10000
1029,15.84,67,100,4.63,41,0,10000,5,46,5,5,1029,15.84,67,100,4.63,41,0,10000,1029,15.84,67,100,4.63,41,0,10000,1029,15.84,67,100,4.63,41,0,10000,1029,15.84,67,100,4.63,41,0,10000,1029,15.84,67,100,4.63,41,0,10000,1029,15.84,67,100,4.63,41,0,10000,1029,15.84,67,100,4.63,41,0,10000,1029,15.84,67,100,4.63,41,0,10000,1029,15.84,67,100,4.63,41,0,10000,1029,15.84,67,100,4.63,41,0,10000,1029,15.84,67,100,4.63,41,0,10000,1029,15.84,67,100,4.63,41,0,10000
1029,15.84,67,100,4.63,41,0,10000,6,46,5,5,1029,15.84,67,100,4.63,41,0,10000,1029,15.84,67,100,4.63,41,0,10000,1029,15.84,67,100,4.63,41,0,10000,1029,15.84,67,100,4.63,41,0,10000,1029,15.84,67,100,4.63,41,0,10000,1029,15.84,67,100,4.63,41,0,10000,1029,15.84,67,100,4.63,41,0,10000,1029,15.84,67,100,4.63,41,0,10000,1029,15.84,67,100,4.63,41,0,10000,1029,15.84,67,100,4.63,41,0,10000,1029,15.84,67,100,4.63,41,0,10000,1029,15.84,67,100,4.63,41,0,10000
1029,15.84,67,100,4.63,41,0,10000,7,46,5,5,1029,15.84,67,100,4.63,41,0,10000,1029,15.84,67,100,4.63,41,0,10000,1029,15.84,67,100,4.63,41,0,10000,1029,15.84,67,100,4.63,41,0,10000,1029,15.84,67,100,4.63,41,0,10000,1029,15.84,67,100,4.63,41,0,10000,1029,15.84,67,100,4.63,41,0,10000,1029,15.84,67,100,4.63,41,0,10000,1029,15.84,67,100,4.63,41,0,10000,1029,15.84,67,100,4.63,41,0,10000,1029,15.84,67,100,4.63,41,0,10000,1029,15.84,67,100,4.63,41,0,10000
1029,15.84,67,100,4.63,41,0,10000,8,46,5,5,1029,15.84,67,100,4.63,41,0,10000,1029,15.84,67,100,4.63,41,0,10000,1029,15.84,67,100,4.63,41,0,10000,1029,15.84,67,100,4.63,41,0,10000,1029,15.84,67,100,4.63,41,0,10000,1029,15.84,67,100,4.63,41,0,10000,1029,15.84,67,100,4.63,41,0,10000,1029,15.84,67,100,4.63,41,0,10000,1029,15.84,67,100,4.63,41,0,10000,1029,15.84,67,100,4.63,41,0,10000,1029,15.84,67,100,4.63,41,0,10000,1029,15.84,67,100,4.63,41,0,10000
1029,15.84,67,100,4.63,41,0,10000,9,46,5,5,1029,15.84,67,100,4.63,41,0,10000,1029,15.84,67,100,4.63,41,0,10000,1029,15.84,67,100,4.63,41,0,10000,1029,15.84,67,100,4.63,41,0,10000,1029,15.84,67,100,4.63,41,0,10000,1029,15.84,67,100,4.63,41,0,10000,1029,15.84,67,100,4.63,41,0,10000,1029,15.84,67,100,4.63,41,0,10000,1029,15.84,67,100,4.63,41,0,10000,1029,15.84,67,100,4.63,41,0,10000,1029,15.84,67,100,4.63,41,0,10000,1029,15.84,67,100,4.63,41,0,10000
1029,15.84,67,100,4.63,41,0,10000,10,46,5,5,1029,15.84,67,100,4.63,41,0,10000,1029,15.84,67,100,4.63,41,0,10000,1029,15.84,67,100,4.63,41,0,10000,1029,15.84,67,100,4.63,41,0,10000,1029,15.84,67,100,4.63,41,0,10000,1029,15.84,67,100,4.63,41,0,10000,1029,15.84,67,100,4.63,41,0,10000,1029,15.84,67,100,4.63,41,0,10000,1029,15.84,67,100,4.63,41,0,10000,1029,15.84,67,100,4.63,41,0,10000,1029,15.84,67,100,4.63,41,0,10000,1029,15.84,67,100,4.63,41,0,10000
1029,15.84,67,100,4.63,41,0,10000,11,46,5,5,1029,15.84,67,100,4.63,41,0,10000,1029,15.84,67,100,4.63,41,0,10000,1029,15.84,67,100,4.63,41,0,10000,1029,15.84,67,100,4.63,41,0,10000,1029,15.84,67,100,4.63,41,0,10000,1029,15.84,67,100,4.63,41,0,10000,1029,15.84,67,100,4.63,41,0,10000,1029,15.84,67,100,4.63,41,0,10000,1029,15.84,67,100,4.63,41,0,10000,1029,15.84,67,100,4.63,41,0,10000,1029,15.84,67,100,4.63,41,0,10000,1029,15.84,67,100,4.63,41,0,10000
1029,15.84,67,100,4.63,41,0,10000,12,46,5,5,1029,15.84,67,100,4.63,41,0,10000,1029,15.84,67,100,4.63,41,0,10000,1029,15.84,67,100,4.63,41,0,10000,1029,15.84,67,100,4.63,41,0,10000,1029,15.84,67,100,4.63,41,0,10000,1029,15.84,67,100,4.63,41,0,10000,1029,15.84,67,100,4.63,41,0,10000,1029,15.84,67,100,4.63,41,0,10000,1029,15.84,67,100,4.63,41,0,10000,1029,15.84,67,100,4.63,41,0,10000,1029,15.84,67,100,4.63,41,0,10000,1029,15.84,67,100,4.63,41,0,10000
1029,15.84,67,100,4.63,41,0,10000,13,46,5,5,1029,15.84,67,100,4.63,41,0,10000,1029,15.84,67,100,4.63,41,0,10000,1029,15.84,67,100,4.63,41,0,10000,1029,15.84,67,100,4.63,41,0,10000,1029,15.84,67,100,4.63,41,0,10000,1029,15.84,67,100,4.63,41,0,10000,1029,15.84,67,100,4.63,41,0,10000,1029,15.84,67,100,4.63,41,0,10000,1029,15.84,67,100,4.63,41,0,10000,1029,15.84,67,100,4.63,41,0,10000,1029,15.84,67,100,4.63,41,0,10000,1029,15.84,67,100,4.63,41,0,10000
1029,15.84,67,100,4.63,41,0,10000,14,46,5,5,1029,15.84,67,100,4.63,41,0,10000,1029,15.84,67,100,4.63,41,0,10000,1029,15.84,67,100,4.63,41,0,10000,1029,15.84,67,100,4.63,41,0,10000,1029,15.84,67,100,4.63,41,0,10000,1029,15.84,67,100,4.63,41,0,10000,1029,15.84,67,100,4.63,41,0,10000,1029,15.84,67,100,4.63,41,0,10000,1029,15.84,67,100,4.63,41,0,10000,1029,15.84,67,100,4.63,41,0,10000,1029,15.84,67,100,4.63,41,0,10000,1029,15.84,67,100,4.63,41,0,10000
1029,15.84,67,100,4.63,41,0,10000,15,46,5,5,1029,15.84,67,100,4.63,41,0,10000,1029,15.84,67,100,4.63,41,0,10000,1029,15.84,67,100,4.63,41,0,10000,1029,15.84,67,100,4.63,41,0,10000,1029,15.84,67,100,4.63,41,0,10000,1029,15.84,67,100,4.63,41,0,10000,1029,15.84,67,100,4.63,41,0,10000,1029,15.84,67,100,4.63,41,0,10000,1029,15.84,67,100,4.63,41,0,10000,1029,15.84,67,100,4.63,41,0,10000,1029,15.84,67,100,4.63,41,0,10000,1029,15.84,67,100,4.63,41,0,10000
1029,15.84,67,100,4.63,41,0,10000,16,46,5,5,1029,15.84,67,100,4.63,41,0,10000,1029,15.84,67,100,4.63,41,0,10000,1029,15.84,67,100,4.63,41,0,10000,1029,15.84,67,100,4.63,41,0,10000,1029,15.84,67,100,4.63,41,0,10000,1029,15.84,67,100,4.63,41,0,10000,1029,15.84,67,100,4.63,41,0,10000,1029,15.84,67,100,4.63,41,0,10000,1029,15.84,67,100,4.63,41,0,10000,1029,15.84,67,100,4.63,41,0,10000,1029,15.84,67,100,4.63,41,0,10000,1029,15.84,67,100,4.63,41,0,10000
1029,15.84,67,100,4.63,41,0,10000,17,46,5,5,1029,15.84,67,100,4.63,41,0,10000,1029,15.84,67,100,4.63,41,0,10000,1029,15.84,67,100,4.63,41,0,10000,1029,15.84,67,100,4.63,41,0,10000,1029,15.84,67,100,4.63,41,0,10000,1029,15.84,67,100,4.63,41,0,10000,1029,15.84,67,100,4.63,41,0,10000,1029,15.84,67,100,4.63,41,0,10000,1029,15.84,67,100,4.63,41,0,10000,1029,15.84,67,100,4.63,41,0,10000,1029,15.84,67,100,4.63,41,0,10000,1029,15.84,67,100,4.63,41,0,10000
1029,15.84,67,100,4.63,41,0,10000,18,46,5,5,1029,15.84,67,100,4.63,41,0,10000,1029,15.84,67,100,4.63,41,0,10000,1029,15.84,67,100,4.63,41,0,10000,1029,15.84,67,100,4.63,41,0,10000,1029,15.84,67,100,4.63,41,0,10000,1029,15.84,67,100,4.63,41,0,10000,1029,15.84,67,100,4.63,41,0,10000,1029,15.84,67,100,4.63,41,0,10000,1029,15.84,67,100,4.63,41,0,10000,1029,15.84,67,100,4.63,41,0,10000,1029,15.84,67,100,4.63,41,0,10000,1029,15.84,67,100,4.63,41,0,10000
1029,15.84,67,100,4.63,41,0,10000,19,46,5,5,1029,15.84,67,100,4.63,41,0,10000,1029,15.84,67,100,4.63,41,0,10000,1029,15.84,67,100,4.63,41,0,10000,1029,15.84,67,100,4.63,41,0,10000,1029,15.84,67,100,4.63,41,0,10000,1029,15.84,67,100,4.63,41,0,10000,1029,15.84,67,100,4.63,41,0,10000,1029,15.84,67,100,4.63,41,0,10000,1029,15.84,67,100,4.63,41,0,10000,1029,15.84,67,100,4.63,41,0,10000,1029,15.84,67,100,4.63,41,0,10000,1029,15.84,67,100,4.63,41,0,10000
1029,15.84,67,100,4.63,41,0,10000,20,46,5,5,1029,15.84,67,100,4.63,41,0,10000,1029,15.84,67,100,4.63,41,0,10000,1029,15.84,67,100,4.63,41,0,10000,1029,15.84,67,100,4.63,41,0,10000,1029,15.84,67,100,4.63,41,0,10000,1029,15.84,67,100,4.63,41,0,10000,1029,15.84,67,100,4.63,41,0,10000,1029,15.84,67,100,4.63,41,0,10000,1029,15.84,67,100,4.63,41,0,10000,1029,15.84,67,100,4.63,41,0,10000,1029,15.84,67,100,4.63,41,0,10000,1029,15.84,67,100,4.63,41,0,10000
1029,15.84,67,100,4.63,41,0,10000,21,46,5,5,1029,15.84,67,100,4.63,41,0,10000,1029,15.84,67,100,4.63,41,0,10000,1029,15.84,67,100,4.63,41,0,10000,1029,15.84,67,100,4.63,41,0,10000,1029,15.84,67,100,4.63,41,0,10000,1029,15.84,67,100,4.63,41,0,10000,1029,15.84,67,100,4.63,41,0,10000,1029,15.84,67,100,4.63,41,0,10000,1029,15.84,67,100,4.63,41,0,10000,1029,15.84,67,100,4.63,41,0,10000,1029,15.84,67,100,4.63,41,0,10000,1029,15.84,67,100,4.63,41,0,10000
1029,15.84,67,100,4.63,41,0,10000,22,46,5,5,1029,15.84,67,100,4.63,41,0,10000,1029,15.84,67,100,4.63,41,0,10000,1029,15.84,67,100,4.63,41,0,10000,1029,15.84,67,100,4.63,41,0,10000,1029,15.84,67,100,4.63,41,0,10000,1029,15.84,67,100,4.63,41,0,10000,1029,15.84,67,100,4.63,41,0,10000,1029,15.84,67,100,4.63,41,0,10000,1029,15.84,67,100,4.63,41,0,10000,1029,15.84,67,100,4.63,41,0,10000,1029,15.84,67,100,4.63,41,0,10000,1029,15.84,67,100,4.63,41,0,10000
1029,15.84,67,100,4.63,41,0,10000,23,46,5,5,1029,15.84,67,100,4.63,41,0,10000,1029,15.84,67,100,4.63,41,0,10000,1029,15.84,67,100,4.63,41,0,10000,1029,15.84,67,100,4.63,41,0,10000,1029,15.84,67,100,4.63,41,0,10000,1029,15.84,67,100,4.63,41,0,10000,1029,15.84,67,100,4.63,41,0,10000,1029,15.84,67,100,4.63,41,0,10000,1029,15.84,67,100,4.63,41,0,10000,1029,15.84,67,100,4.63,41,0,10000,1029,15.84,67,100,4.63,41,0,10000,1029,15.84,67,100,4.63,41,0,10000
1029,15.84,67,100,4.63,41,0,10000,0,46,6,5,1029,15.84,67,100,4.63,41,0,10000,1029,15.84,67,100,4.63,41,0,10000,1029,15.84,67,100,4.63,41,0,10000,1029,15.84,67,100,4.63,41,0,10000,1029,15.84,67,100,4.63,41,0,10000,1029,15.84,67,100,4.63,41,0,10000,1029,15.84,67,100,4.63,41,0,10000,1029,15.84,67,100,4.63,41,0,10000,1029,15.84,67,100,4.63,41,0,10000,1029,15.84,67,100,4.63,41,0,10000,1029,15.84,67,100,4.63,41,0,10000,1029,15.84,67,100,4.63,41,0,10000
1029,15.84,67,100,4.63,41,0,10000,1,46,6,5,1029,15.84,67,100,4.63,41,0,10000,1029,15.84,67,100,4.63,41,0,10000,1029,15.84,67,100,4.63,41,0,10000,1029,15.84,67,100,4.63,41,0,10000,1029,15.84,67,100,4.63,41,0,10000,1029,15.84,67,100,4.63,41,0,10000,1029,15.84,67,100,4.63,41,0,10000,1029,15.84,67,100,4.63,41,0,10000,1029,15.84,67,100,4.63,41,0,10000,1029,15.84,67,100,4.63,41,0,10000,1029,15.84,67,100,4.63,41,0,10000,1029,15.84,67,100,4.63,41,0,10000
1029,15.84,67,100,4.63,41,0,10000,2,46,6,5,1029,15.84,67,100,4.63,41,0,10000,1029,15.84,67,100,4.63,41,0,10000,1029,15.84,67,100,4.63,41,0,10000,1029,15.84,67,100,4.63,41,0,10000,1029,15.84,67,100,4.63,41,0,10000,1029,15.84,67,100,4.63,41,0,10000,1029,15.84,67,100,4.63,41,0,10000,1029,15.84,67,100,4.63,41,0,10000,1029,15.84,67,100,4.63,41,0,10000,1029,15.84,67,100,4.63,41,0,10000,1029,15.84,67,100,4.63,41,0,10000,1029,15.84,67,100,4.63,41,0,10000
1029,15.84,67,100,4.63,41,0,10000,3,46,6,5,1029,15.84,67,100,4.63,41,0,10000,1029,15.84,67,100,4.63,41,0,10000,1029,15.84,67,100,4.63,41,0,10000,1029,15.84,67,100,4.63,41,0,10000,1029,15.84,67,100,4.63,41,0,10000,1029,15.84,67,100,4.63,41,0,10000,1029,15.84,67,100,4.63,41,0,10000,1029,15.84,67,100,4.63,41,0,10000,1029,15.84,67,100,4.63,41,0,10000,1029,15.84,67,100,4.63,41,0,10000,1029,15.84,67,100,4.63,41,0,10000,1029,15.84,67,100,4.63,41,0,10000
1029,15.84,67,100,4.63,41,0,10000,4,46,6,5,1029,15.84,67,100,4.63,41,0,10000,1029,15.84,67,100,4.63,41,0,10000,1029,15.84,67,100,4.63,41,0,10000,1029,15.84,67,100,4.63,41,0,10000,1029,15.84,67,100,4.63,41,0,10000,1029,15.84,67,100,4.63,41,0,10000,1029,15.84,67,100,4.63,41,0,10000,1029,15.84,67,100,4.63,41,0,10000,1029,15.84,67,100,4.63,41,0,10000,1029,15.84,67,100,4.63,41,0,10000,1029,15.84,67,100,4.63,41,0,10000,1029,15.84,67,100,4.63,41,0,10000
1029,15.84,67,100,4.63,41,0,10000,5,46,6,5,1029,15.84,67,100,4.63,41,0,10000,1029,15.84,67,100,4.63,41,0,10000,1029,15.84,67,100,4.63,41,0,10000,1029,15.84,67,100,4.63,41,0,10000,1029,15.84,67,100,4.63,41,0,10000,1029,15.84,67,100,4.63,41,0,10000,1029,15.84,67,100,4.63,41,0,10000,1029,15.84,67,100,4.63,41,0,10000,1029,15.84,67,100,4.63,41,0,10000,1029,15.84,67,100,4.63,41,0,10000,1029,15.84,67,100,4.63,41,0,10000,1029,15.84,67,100,4.63,41,0,10000
1029,15.84,67,100,4.63,41,0,10000,6,46,6,5,1029,15.84,67,100,4.63,41,0,10000,1029,15.84,67,100,4.63,41,0,10000,1029,15.84,67,100,4.63,41,0,10000,1029,15.84,67,100,4.63,41,0,10000,1029,15.84,67,100,4.63,41,0,10000,1029,15.84,67,100,4.63,41,0,10000,1029,15.84,67,100,4.63,41,0,10000,1029,15.84,67,100,4.63,41,0,10000,1029,15.84,67,100,4.63,41,0,10000,1029,15.84,67,100,4.63,41,0,10000,1029,15.84,67,100,4.63,41,0,10000,1029,15.84,67,100,4.63,41,0,10000
1029,15.84,67,100,4.63,41,0,10000,7,46,6,5,1029,15.84,67,100,4.63,41,0,10000,1029,15.84,67,100,4.63,41,0,10000,1029,15.84,67,100,4.63,41,0,10000,1029,15.84,67,100,4.63,41,0,10000,1029,15.84,67,100,4.63,41,0,10000,1029,15.84,67,100,4.63,41,0,10000,1029,15.84,67,100,4.63,41,0,10000,1029,15.84,67,100,4.63,41,0,10000,1029,15.84,67,100,4.63,41,0,10000,1029,15.84,67,100,4.63,41,0,10000,1029,15.84,67,100,4.63,41,0,10000,1029,15.84,67,100,4.63,41,0,10000
1029,15.84,67,100,4.63,41,0,10000,8,46,6,5,1029,15.84,67,100,4.63,41,0,10000,1029,15.84,67,100,4.63,41,0,10000,1029,15.84,67,100,4.63,41,0,10000,1029,15.84,67,100,4.63,41,0,10000,1029,15.84,67,100,4.63,41,0,10000,1029,15.84,67,100,4.63,41,0,10000,1029,15.84,67,100,4.63,41,0,10000,1029,15.84,67,100,4.63,41,0,10000,1029,15.84,67,100,4.63,41,0,10000,1029,15.84,67,100,4.63,41,0,10000,1029,15.84,67,100,4.63,41,0,10000,1029,15.84,67,100,4.63,41,0,10000
1029,15.84,67,100,4.63,41,0,10000,9,46,6,5,1029,15.84,67,100,4.63,41,0,10000,1029,15.84,67,100,4.63,41,0,10000,1029,15.84,67,100,4.63,41,0,10000,1029,15.84,67,100,4.63,41,0,10000,1029,15.84,67,100,4.63,41,0,10000,1029,15.84,67,100,4.63,41,0,10000,1029,15.84,67,100,4.63,41,0,10000,1029,15.84,67,100,4.63,41,0,10000,1029,15.84,67,100,4.63,41,0,10000,1029,15.84,67,100,4.63,41,0,10000,1029,15.84,67,100,4.63,41,0,10000,1029,15.84,67,100,4.63,41,0,10000
1029,15.84,67,100,4.63,41,0,10000,10,46,6,5,1029,15.84,67,100,4.63,41,0,10000,1029,15.84,67,100,4.63,41,0,10000,1029,15.84,67,100,4.63,41,0,10000,1029,15.84,67,100,4.63,41,0,10000,1029,15.84,67,100,4.63,41,0,10000,1029,15.84,67,100,4.63,41,0,10000,1029,15.84,67,100,4.63,41,0,10000,1029,15.84,67,100,4.63,41,0,10000,1029,15.84,67,100,4.63,41,0,10000,1029,15.84,67,100,4.63,41,0,10000,1029,15.84,67,100,4.63,41,0,10000,1029,15.84,67,100,4.63,41,0,10000
1029,15.84,67,100,4.63,41,0,10000,11,46,6,5,1029,15.84,67,100,4.63,41,0,10000,1029,15.84,67,100,4.63,41,0,10000,1029,15.84,67,100,4.63,41,0,10000,1029,15.84,67,100,4.63,41,0,10000,1029,15.84,67,100,4.63,41,0,10000,1029,15.84,67,100,4.63,41,0,10000,1029,15.84,67,100,4.63,41,0,10000,1029,15.84,67,100,4.63,41,0,10000,1029,15.84,67,100,4.63,41,0,10000,1029,15.84,67,100,4.63,41,0,10000,1029,15.84,67,100,4.63,41,0,10000,1029,15.84,67,100,4.63,41,0,10000
1029,15.84,67,100,4.63,41,0,10000,12,46,6,5,1029,15.84,67,100,4.63,41,0,10000,1029,15.84,67,100,4.63,41,0,10000,1029,15.84,67,100,4.63,41,0,10000,1029,15.84,67,100,4.63,41,0,10000,1029,15.84,67,100,4.63,41,0,10000,1029,15.84,67,100,4.63,41,0,10000,1029,15.84,67,100,4.63,41,0,10000,1029,15.84,67,100,4.63,41,0,10000,1029,15.84,67,100,4.63,41,0,10000,1029,15.84,67,100,4.63,41,0,10000,1029,15.84,67,100,4.63,41,0,10000,1029,15.84,67,100,4.63,41,0,10000
1029,15.84,67,100,4.63,41,0,10000,13,46,6,5,1029,15.84,67,100,4.63,41,0,10000,1029,15.84,67,100,4.63,41,0,10000,1029,15.84,67,100,4.63,41,0,10000,1029,15.84,67,100,4.63,41,0,10000,1029,15.84,67,100,4.63,41,0,10000,1029,15.84,67,100,4.63,41,0,10000,1029,15.84,67,100,4.63,41,0,10000,1029,15.84,67,100,4.63,41,0,10000,1029,15.84,67,100,4.63,41,0,10000,1029,15.84,67,100,4.63,41,0,10000,1029,15.84,67,100,4.63,41,0,10000,1029,15.84,67,100,4.63,41,0,10000
1029,15.84,67,100,4.63,41,0,10000,14,46,6,5,1029,15.84,67,100,4.63,41,0,10000,1029,15.84,67,100,4.63,41,0,10000,1029,15.84,67,100,4.63,41,0,10000,1029,15.84,67,100,4.63,41,0,10000,1029,15.84,67,100,4.63,41,0,10000,1029,15.84,67,100,4.63,41,0,10000,1029,15.84,67,100,4.63,41,0,10000,1029,15.84,67,100,4.63,41,0,10000,1029,15.84,67,100,4.63,41,0,10000,1029,15.84,67,100,4.63,41,0,10000,1029,15.84,67,100,4.63,41,0,10000,1029,15.84,67,100,4.63,41,0,10000
1029,15.84,67,100,4.63,41,0,10000,15,46,6,5,1029,15.84,67,100,4.63,41,0,10000,1029,15.84,67,100,4.63,41,0,10000,1029,15.84,67,100,4.63,41,0,10000,1029,15.84,67,100,4.63,41,0,10000,1029,15.84,67,100,4.63,41,0,10000,1029,15.84,67,100,4.63,41,0,10000,1029,15.84,67,100,4.63,41,0,10000,1029,15.84,67,100,4.63,41,0,10000,1029,15.84,67,100,4.63,41,0,10000,1029,15.84,67,100,4.63,41,0,10000,1029,15.84,67,100,4.63,41,0,10000,1029,15.84,67,100,4.63,41,0,10000
1029,15.84,67,100,4.63,41,0,10000,16,46,6,5,1029,15.84,67,100,4.63,41,0,10000,1029,15.84,67,100,4.63,41,0,10000,1029,15.84,67,100,4.63,41,0,10000,1029,15.84,67,100,4.63,41,0,10000,1029,15.84,67,100,4.63,41,0,10000,1029,15.84,67,100,4.63,41,0,10000,1029,15.84,67,100,4.63,41,0,10000,1029,15.84,67,100,4.63,41,0,10000,1029,15.84,67,100,4.63,41,0,10000,1029,15.84,67,100,4.63,41,0,10000,1029,15.84,67,100,4.63,41,0,10000,1029,15.84,67,100,4.63,41,0,10000
1029,15.84,67,100,4.63,41,0,10000,17,46,6,5,1029,15.84,67,100,4.63,41,0,10000,1029,15.84,67,100,4.63,41,0,10000,1029,15.84,67,100,4.63,41,0,10000,1029,15.84,67,100,4.63,41,0,10000,1029,15.84,67,100,4.63,41,0,10000,1029,15.84,67,100,4.63,41,0,10000,1029,15.84,67,100,4.63,41,0,10000,1029,15.84,67,100,4.63,41,0,10000,1029,15.84,67,100,4.63,41,0,10000,1029,15.84,67,100,4.63,41,0,10000,1029,15.84,67,100,4.63,41,0,10000,1029,15.84,67,100,4.63,41,0,10000
1029,15.84,67,100,4.63,41,0,10000,18,46,6,5,1029,15.84,67,100,4.63,41,0,10000,1029,15.84,67,100,4.63,41,0,10000,1029,15.84,67,100,4.63,41,0,10000,1029,15.84,67,100,4.63,41,0,10000,1029,15.84,67,100,4.63,41,0,10000,1029,15.84,67,100,4.63,41,0,10000,1029,15.84,67,100,4.63,41,0,10000,1029,15.84,67,100,4.63,41,0,10000,1029,15.84,67,100,4.63,41,0,10000,1029,15.84,67,100,4.63,41,0,10000,1029,15.84,67,100,4.63,41,0,10000,1029,15.84,67,100,4.63,41,0,10000
1029,15.84,67,100,4.63,41,0,10000,19,46,6,5,1029,15.84,67,100,4.63,41,0,10000,1029,15.84,67,100,4.63,41,0,10000,1029,15.84,67,100,4.63,41,0,10000,1029,15.84,67,100,4.63,41,0,10000,1029,15.84,67,100,4.63,41,0,10000,1029,15.84,67,100,4.63,41,0,10000,1029,15.84,67,100,4.63,41,0,10000,1029,15.84,67,100,4.63,41,0,10000,1029,15.84,67,100,4.63,41,0,10000,1029,15.84,67,100,4.63,41,0,10000,1029,15.84,67,100,4.63,41,0,10000,1029,15.84,67,100,4.63,41,0,10000
1029,15.84,67,100,4.63,41,0,10000,20,46,6,5,1029,15.84,67,100,4.63,41,0,10000,1029,15.84,67,100,4.63,41,0,10000,1029,15.84,67,100,4.63,41,0,10000,1029,15.84,67,100,4.63,41,0,10000,1029,15.84,67,100,4.63,41,0,10000,1029,15.84,67,100,4.63,41,0,10000,1029,15.84,67,100,4.63,41,0,10000,1029,15.84,67,100,4.63,41,0,10000,1029,15.84,67,100,4.63,41,0,10000,1029,15.84,67,100,4.63,41,0,10000,1029,15.84,67,100,4.63,41,0,10000,1029,15.84,67,100,4.63,41,0,10000
1029,15.84,67,100,4.63,41,0,10000,21,46,6,5,1029,15.84,67,100,4.63,41,0,10000,1029,15.84,67,100,4.63,41,0,10000,1029,15.84,67,100,4.63,41,0,10000,1029,15.84,67,100,4.63,41,0,10000,1029,15.84,67,100,4.63,41,0,10000,1029,15.84,67,100,4.63,41,0,10000,1029,15.84,67,100,4.63,41,0,10000,1029,15.84,67,100,4.63,41,0,10000,1029,15.84,67,100,4.63,41,0,10000,1029,15.84,67,100,4.63,41,0,10000,1029,15.84,67,100,4.63,41,0,10000,1029,15.84,67,100,4.63,41,0,10000
1029,15.84,67,100,4.63,41,0,10000,22,46,6,5,1029,15.84,67,100,4.63,41,0,10000,1029,15.84,67,100,4.63,41,0,10000,1029,15.84,67,100,4.63,41,0,10000,1029,15.84,67,100,4.63,41,0,10000,1029,15.84,67,100,4.63,41,0,10000,1029,15.84,67,100,4.63,41,0,10000,1029,15.84,67,100,4.63,41,0,10000,1029,15.84,67,100,4.63,41,0,10000,1029,15.84,67,100,4.63,41,0,10000,1029,15.84,67,100,4.63,41,0,10000,1029,15.84,67,100,4.63,41,0,10000,1029,15.84,67,100,4.63,41,0,10000
1029,15.84,67,100,4.63,41,0,10000,23,46,6,5,1029,15.84,67,100,4.63,41,0,10000,1029,15.84,67,100,4.63,41,0,10000,1029,15.84,67,100,4.63,41,0,10000,1029,15.84,67,100,4.63,41,0,10000,1029,15.84,67,100,4.63,41,0,10000,1029,15.84,67,100,4.63,41,0,10000,1029,15.84,67,100,4.63,41,0,10000,1029,15.84,67,100,4.63,41,0,10000,1029,15.84,67,100,4.63,41,0,10000,1029,15.84,67,100,4.63,41,0,10000,1029,15.84,67,100,4.63,41,0,10000,1029,15.84,67,100,4.63,41,0,10000
1029,15.84,67,100,4.63,41,0,10000,0,46,7,5,1029,15.84,67,100,4.63,41,0,10000,1029,15.84,67,100,4.63,41,0,10000,1029,15.84,67,100,4.63,41,0,10000,1029,15.84,67,100,4.63,41,0,10000,1029,15.84,67,100,4.63,41,0,10000,1029,15.84,67,100,4.63,41,0,10000,1029,15.84,67,100,4.63,41,0,10000,1029,15.84,67,100,4.63,41,0,10000,1029,15.84,67,100,4.63,41,0,10000,1029,15.84,67,100,4.63,41,0,10000,1029,15.84,67,100,4.63,41,0,10000,1029,15.84,67,100,4.63,41,0,10000
1029,15.84,67,100,4.63,41,0,10000,1,46,7,5,1029,15.84,67,100,4.63,41,0,10000,1029,15.84,67,100,4.63,41,0,10000,1029,15.84,67,100,4.63,41,0,10000,1029,15.84,67,100,4.63,41,0,10000,1029,15.84,67,100,4.63,41,0,10000,1029,15.84,67,100,4.63,41,0,10000,1029,15.84,67,100,4.63,41,0,10000,1029,15.84,67,100,4.63,41,0,10000,1029,15.84,67,100,4.63,41,0,10000,1029,15.84,67,100,4.63,41,0,10000,1029,15.84,67,100,4.63,41,0,10000,1029,15.84,67,100,4.63,41,0,10000
1029,15.84,67,100,4.63,41,0,10000,2,46,7,5,1029,15.84,67,100,4.63,41,0,10000,1029,15.84,67,100,4.63,41,0,10000,1029,15.84,67,100,4.63,41,0,10000,1029,15.84,67,100,4.63,41,0,10000,1029,15.84,67,100,4.63,41,0,10000,1029,15.84,67,100,4.63,41,0,10000,1029,15.84,67,100,4.63,41,0,10000,1029,15.84,67,100,4.63,41,0,10000,1029,15.84,67,100,4.63,41,0,10000,1029,15.84,67,100,4.63,41,0,10000,1029,15.84,67,100,4.63,41,0,10000,1029,15.84,67,100,4.63,41,0,10000
1029,15.84,67,100,4.63,41,0,10000,3,46,7,5,1029,15.84,67,100,4.63,41,0,10000,1029,15.84,67,100,4.63,41,0,10000,1029,15.84,67,100,4.63,41,0,10000,1029,15.84,67,100,4.63,41,0,10000,1029,15.84,67,100,4.63,41,0,10000,1029,15.84,67,100,4.63,41,0,10000,1029,15.84,67,100,4.63,41,0,10000,1029,15.84,67,100,4.63,41,0,10000,1029,15.84,67,100,4.63,41,0,10000,1029,15.84,67,100,4.63,41,0,10000,1029,15.84,67,100,4.63,41,0,10000,1029,15.84,67,100,4.63,41,0,10000
1029,15.84,67,100,4.63,41,0,10000,4,46,7,5,1029,15.84,67,100,4.63,41,0,10000,1029,15.84,67,100,4.63,41,0,10000,1029,15.84,67,100,4.63,41,0,10000,1029,15.84,67,100,4.63,41,0,10000,1029,15.84,67,100,4.63,41,0,10000,1029,15.84,67,100,4.63,41,0,10000,1029,15.84,67,100,4.63,41,0,10000,1029,15.84,67,100,4.63,41,0,10000,1029,15.84,67,100,4.63,41,0,10000,1029,15.84,67,100,4.63,41,0,10000,1029,15.84,67,100,4.63,41,0,10000,1029,15.84,67,100,4.63,41,0,10000
1029,15.84,67,100,4.63,41,0,10000,5,46,7,5,1029,15.84,67,100,4.63,41,0,10000,1029,15.84,67,100,4.63,41,0,10000,1029,15.84,67,100,4.63,41,0,10000,1029,15.84,67,100,4.63,41,0,10000,1029,15.84,67,100,4.63,41,0,10000,1029,15.84,67,100,4.63,41,0,10000,1029,15.84,67,100,4.63,41,0,10000,1029,15.84,67,100,4.63,41,0,10000,1029,15.84,67,100,4.63,41,0,10000,1029,15.84,67,100,4.63,41,0,10000,1029,15.84,67,100,4.63,41,0,10000,1029,15.84,67,100,4.63,41,0,10000
1029,15.84,67,100,4.63,41,0,10000,6,46,7,5,1029,15.84,67,100,4.63,41,0,10000,1029,15.84,67,100,4.63,41,0,10000,1029,15.84,67,100,4.63,41,0,10000,1029,15.84,67,100,4.63,41,0,10000,1029,15.84,67,100,4.63,41,0,10000,1029,15.84,67,100,4.63,41,0,10000,1029,15.84,67,100,4.63,41,0,10000,1029,15.84,67,100,4.63,41,0,10000,1029,15.84,67,100,4.63,41,0,10000,1029,15.84,67,100,4.63,41,0,10000,1029,15.84,67,100,4.63,41,0,10000,1029,15.84,67,100,4.63,41,0,10000
1029,15.84,67,100,4.63,41,0,10000,7,46,7,5,1029,15.84,67,100,4.63,41,0,10000,1029,15.84,67,100,4.63,41,0,10000,1029,15.84,67,100,4.63,41,0,10000,1029,15.84,67,100,4.63,41,0,10000,1029,15.84,67,100,4.63,41,0,10000,1029,15.84,67,100,4.63,41,0,10000,1029,15.84,67,100,4.63,41,0,10000,1029,15.84,67,100,4.63,41,0,10000,1029,15.84,67,100,4.63,41,0,10000,1029,15.84,67,100,4.63,41,0,10000,1029,15.84,67,100,4.63,41,0,10000,1029,15.84,67,100,4.63,41,0,10000
1029,15.84,67,100,4.63,41,0,10000,8,46,7,5,1029,15.84,67,100,4.63,41,0,10000,1029,15.84,67,100,4.63,41,0,10000,1029,15.84,67,100,4.63,41,0,10000,1029,15.84,67,100,4.63,41,0,10000,1029,15.84,67,100,4.63,41,0,10000,1029,15.84,67,100,4.63,41,0,10000,1029,15.84,67,100,4.63,41,0,10000,1029,15.84,67,100,4.63,41,0,10000,1029,15.84,67,100,4.63,41,0,10000,1029,15.84,67,100,4.63,41,0,10000,1029,15.84,67,100,4.63,41,0,10000,1029,15.84,67,100,4.63,41,0,10000
1029,15.84,67,100,4.63,41,0,10000,9,46,7,5,1029,15.84,67,100,4.63,41,0,10000,1029,15.84,67,100,4.63,41,0,10000,1029,15.84,67,100,4.63,41,0,10000,1029,15.84,67,100,4.63,41,0,10000,1029,15.84,67,100,4.63,41,0,10000,1029,15.84,67,100,4.63,41,0,10000,1029,15.84,67,100,4.63,41,0,10000,1029,15.84,67,100,4.63,41,0,10000,1029,15.84,67,100,4.63,41,0,10000,1029,15.84,67,100,4.63,41,0,10000,1029,15.84,67,100,4.63,41,0,10000,1029,15.84,67,100,4.63,41,0,10000
1029,15.84,67,100,4.63,41,0,10000,10,46,7,5,1029,15.84,67,100,4.63,41,0,10000,1029,15.84,67,100,4.63,41,0,10000,1029,15.84,67,100,4.63,41,0,10000,1029,15.84,67,100,4.63,41,0,10000,1029,15.84,67,100,4.63,41,0,10000,1029,15.84,67,100,4.63,41,0,10000,1029,15.84,67,100,4.63,41,0,10000,1029,15.84,67,100,4.63,41,0,10000,1029,15.84,67,100,4.63,41,0,10000,1029,15.84,67,100,4.63,41,0,10000,1029,15.84,67,100,4.63,41,0,10000,1029,15.84,67,100,4.63,41,0,10000
1029,15.84,67,100,4.63,41,0,10000,11,46,7,5,1029,15.84,67,100,4.63,41,0,10000,1029,15.84,67,100,4.63,41,0,10000,1029,15.84,67,100,4.63,41,0,10000,1029,15.84,67,100,4.63,41,0,10000,1029,15.84,67,100,4.63,41,0,10000,1029,15.84,67,100,4.63,41,0,10000,1029,15.84,67,100,4.63,41,0,10000,1029,15.84,67,100,4.63,41,0,10000,1029,15.84,67,100,4.63,41,0,10000,1029,15.84,67,100,4.63,41,0,10000,1029,15.84,67,100,4.63,41,0,10000,1029,15.84,67,100,4.63,41,0,10000
1029,15.84,67,100,4.63,41,0,10000,12,46,7,5,1029,15.84,67,100,4.63,41,0,10000,1029,15.84,67,100,4.63,41,0,10000,1029,15.84,67,100,4.63,41,0,10000,1029,15.84,67,100,4.63,41,0,10000,1029,15.84,67,100,4.63,41,0,10000,1029,15.84,67,100,4.63,41,0,10000,1029,15.84,67,100,4.63,41,0,10000,1029,15.84,67,100,4.63,41,0,10000,1029,15.84,67,100,4.63,41,0,10000,1029,15.84,67,100,4.63,41,0,10000,1029,15.84,67,100,4.63,41,0,10000,1029,15.84,67,100,4.63,41,0,10000
1029,15.84,67,100,4.63,41,0,10000,13,46,7,5,1029,15.84,67,100,4.63,41,0,10000,1029,15.84,67,100,4.63,41,0,10000,1029,15.84,67,100,4.63,41,0,10000,1029,15.84,67,100,4.63,41,0,10000,1029,15.84,67,100,4.63,41,0,10000,1029,15.84,67,100,4.63,41,0,10000,1029,15.84,67,100,4.63,41,0,10000,1029,15.84,67,100,4.63,41,0,10000,1029,15.84,67,100,4.63,41,0,10000,1029,15.84,67,100,4.63,41,0,10000,1029,15.84,67,100,4.63,41,0,10000,1029,15.84,67,100,4.63,41,0,10000
1029,15.84,67,100,4.63,41,0,10000,14,46,7,5,1029,15.84,67,100,4.63,41,0,10000,1029,15.84,67,100,4.63,41,0,10000,1029,15.84,67,100,4.63,41,0,10000,1029,15.84,67,100,4.63,41,0,10000,1029,15.84,67,100,4.63,41,0,10000,1029,15.84,67,100,4.63,41,0,10000,1029,15.84,67,100,4.63,41,0,10000,1029,15.84,67,100,4.63,41,0,10000,1029,15.84,67,100,4.63,41,0,10000,1029,15.84,67,100,4.63,41,0,10000,1029,15.84,67,100,4.63,41,0,10000,1029,15.84,67,100,4.63,41,0,10000
1029,15.84,67,100,4.63,41,0,10000,15,46,7,5,1029,15.84,67,100,4.63,41,0,10000,1029,15.84,67,100,4.63,41,0,10000,1029,15.84,67,100,4.63,41,0,10000,1029,15.84,67,100,4.63,41,0,10000,1029,15.84,67,100,4.63,41,0,10000,1029,15.84,67,100,4.63,41,0,10000,1029,15.84,67,100,4.63,41,0,10000,1029,15.84,67,100,4.63,41,0,10000,1029,15.84,67,100,4.63,41,0,10000,1029,15.84,67,100,4.63,41,0,10000,1029,15.84,67,100,4.63,41,0,10000,1029,15.84,67,100,4.63,41,0,10000
1029,15.84,67,100,4.63,41,0,10000,16,46,7,5,1029,15.84,67,100,4.63,41,0,10000,1029,15.84,67,100,4.63,41,0,10000,1029,15.84,67,100,4.63,41,0,10000,1029,15.84,67,100,4.63,41,0,10000,1029,15.84,67,100,4.63,41,0,10000,1029,15.84,67,100,4.63,41,0,10000,1029,15.84,67,100,4.63,41,0,10000,1029,15.84,67,100,4.63,41,0,10000,1029,15.84,67,100,4.63,41,0,10000,1029,15.84,67,100,4.63,41,0,10000,1029,15.84,67,100,4.63,41,0,10000,1029,15.84,67,100,4.63,41,0,10000
1029,15.84,67,100,4.63,41,0,10000,17,46,7,5,1029,15.84,67,100,4.63,41,0,10000,1029,15.84,67,100,4.63,41,0,10000,1029,15.84,67,100,4.63,41,0,10000,1029,15.84,67,100,4.63,41,0,10000,1029,15.84,67,100,4.63,41,0,10000,1029,15.84,67,100,4.63,41,0,10000,1029,15.84,67,100,4.63,41,0,10000,1029,15.84,67,100,4.63,41,0,10000,1029,15.84,67,100,4.63,41,0,10000,1029,15.84,67,100,4.63,41,0,10000,1029,15.84,67,100,4.63,41,0,10000,1029,15.84,67,100,4.63,41,0,10000
1029,15.84,67,100,4.63,41,0,10000,18,46,7,5,1029,15.84,67,100,4.63,41,0,10000,1029,15.84,67,100,4.63,41,0,10000,1029,15.84,67,100,4.63,41,0,10000,1029,15.84,67,100,4.63,41,0,10000,1029,15.84,67,100,4.63,41,0,10000,1029,15.84,67,100,4.63,41,0,10000,1029,15.84,67,100,4.63,41,0,10000,1029,15.84,67,100,4.63,41,0,10000,1029,15.84,67,100,4.63,41,0,10000,1029,15.84,67,100,4.63,41,0,10000,1029,15.84,67,100,4.63,41,0,10000,1029,15.84,67,100,4.63,41,0,10000
1029,15.84,67,100,4.63,41,0,10000,19,46,7,5,1029,15.84,67,100,4.63,41,0,10000,1029,15.84,67,100,4.63,41,0,10000,1029,15.84,67,100,4.63,41,0,10000,1029,15.84,67,100,4.63,41,0,10000,1029,15.84,67,100,4.63,41,0,10000,1029,15.84,67,100,4.63,41,0,10000,1029,15.84,67,100,4.63,41,0,10000,1029,15.84,67,100,4.63,41,0,10000,1029,15.84,67,100,4.63,41,0,10000,1029,15.84,67,100,4.63,41,0,10000,1029,15.84,67,100,4.63,41,0,10000,1029,15.84,67,100,4.63,41,0,10000
1029,15.84,67,100,4.63,41,0,10000,20,46,7,5,1029,15.84,67,100,4.63,41,0,10000,1029,15.84,67,100,4.63,41,0,10000,1029,15.84,67,100,4.63,41,0,10000,1029,15.84,67,100,4.63,41,0,10000,1029,15.84,67,100,4.63,41,0,10000,1029,15.84,67,100,4.63,41,0,10000,1029,15.84,67,100,4.63,41,0,10000,1029,15.84,67,100,4.63,41,0,10000,1029,15.84,67,100,4.63,41,0,10000,1029,15.84,67,100,4.63,41,0,10000,1029,15.84,67,100,4.63,41,0,10000,1029,15.84,67,100,4.63,41,0,10000
1029,15.84,67,100,4.63,41,0,10000,21,46,7,5,1029,15.84,67,100,4.63,41,0,10000,1029,15.84,67,100,4.63,41,0,10000,1029,15.84,67,100,4.63,41,0,10000,1029,15.84,67,100,4.63,41,0,10000,1029,15.84,67,100,4.63,41,0,10000,1029,15.84,67,100,4.63,41,0,10000,1029,15.84,67,100,4.63,41,0,10000,1029,15.84,67,100,4.63,41,0,10000,1029,15.84,67,100,4.63,41,0,10000,1029,15.84,67,100,4.63,41,0,10000,1029,15.84,67,100,4.63,41,0,10000,1029,15.84,67,100,4.63,41,0,10000
1029,15.84,67,100,4.63,41,0,10000,22,46,7,5,1029,15.84,67,100,4.63,41,0,10000,1029,15.84,67,100,4.63,41,0,10000,1029,15.84,67,100,4.63,41,0,10000,1029,15.84,67,100,4.63,41,0,10000,1029,15.84,67,100,4.63,41,0,10000,1029,15.84,67,100,4.63,41,0,10000,1029,15.84,67,100,4.63,41,0,10000,1029,15.84,67,100,4.63,41,0,10000,1029,15.84,67,100,4.63,41,0,10000,1029,15.84,67,100,4.63,41,0,10000,1029,15.84,67,100,4.63,41,0,10000,1029,15.84,67,100,4.63,41,0,10000
1029,15.84,67,100,4.63,41,0,10000,23,46,7,5,1029,15.84,67,100,4.63,41,0,10000,1029,15.84,67,100,4.63,41,0,10000,1029,15.84,67,100,4.63,41,0,10000,1029,15.84,67,100,4.63,41,0,10000,1029,15.84,67,100,4.63,41,0,10000,1029,15.84,67,100,4.63,41,0,10000,1029,15.84,67,100,4.63,41,0,10000,1029,15.84,67,100,4.63,41,0,10000,1029,15.84,67,100,4.63,41,0,10000,1029,15.84,67,100,4.63,41,0,10000,1029,15.84,67,100,4.63,41,0,10000,1029,15.84,67,100,4.63,41,0,10000
1029,15.84,67,100,4.63,41,0,10000,0,46,8,5,1029,15.84,67,100,4.63,41,0,10000,1029,15.84,67,100,4.63,41,0,10000,1029,15.84,67,100,4.63,41,0,10000,1029,15.84,67,100,4.63,41,0,10000,1029,15.84,67,100,4.63,41,0,10000,1029,15.84,67,100,4.63,41,0,10000,1029,15.84,67,100,4.63,41,0,10000,1029,15.84,67,100,4.63,41,0,10000,1029,15.84,67,100,4.63,41,0,10000,1029,15.84,67,100,4.63,41,0,10000,1029,15.84,67,100,4.63,41,0,10000,1029,15.84,67,100,4.63,41,0,10000
1028,15.84,67,100,3.6,41,0,10000,1,46,8,5,1028,15.84,67,100,3.6,41,0,10000,1028,15.84,67,100,3.6,41,0,10000,1028,15.84,67,100,3.6,41,0,10000,1028,15.84,67,100,3.6,41,0,10000,1028,15.84,67,100,3.6,41,0,10000,1028,15.84,67,100,3.6,41,0,10000,1028,15.84,67,100,3.6,41,0,10000,1028,15.84,67,100,3.6,41,0,10000,1028,15.84,67,100,3.6,41,0,10000,1028,15.84,67,100,3.6,41,0,10000,1028,15.84,67,100,3.6,41,0,10000,1028,15.84,67,100,3.6,41,0,10000
1028,15.84,67,100,3.6,41,0,10000,2,46,8,5,1028,15.84,67,100,3.6,41,0,10000,1028,15.84,67,100,3.6,41,0,10000,1028,15.84,67,100,3.6,41,0,10000,1028,15.84,67,100,3.6,41,0,10000,1028,15.84,67,100,3.6,41,0,10000,1028,15.84,67,100,3.6,41,0,10000,1028,15.84,67,100,3.6,41,0,10000,1028,15.84,67,100,3.6,41,0,10000,1028,15.84,67,100,3.6,41,0,10000,1028,15.84,67,100,3.6,41,0,10000,1028,15.84,67,100,3.6,41,0,10000,1028,15.84,67,100,3.6,41,0,10000
1028,15.84,67,100,3.6,41,0,10000,3,46,8,5,1028,15.84,67,100,3.6,41,0,10000,1028,15.84,67,100,3.6,41,0,10000,1028,15.84,67,100,3.6,41,0,10000,1028,15.84,67,100,3.6,41,0,10000,1028,15.84,67,100,3.6,41,0,10000,1028,15.84,67,100,3.6,41,0,10000,1028,15.84,67,100,3.6,41,0,10000,1028,15.84,67,100,3.6,41,0,10000,1028,15.84,67,100,3.6,41,0,10000,1028,15.84,67,100,3.6,41,0,10000,1028,15.84,67,100,3.6,41,0,10000,1028,15.84,67,100,3.6,41,0,10000
1028,15.84,67,100,3.6,41,0,10000,4,46,8,5,1028,15.84,67,100,3.6,41,0,10000,1028,15.84,67,100,3.6,41,0,10000,1028,15.84,67,100,3.6,41,0,10000,1028,15.84,67,100,3.6,41,0,10000,1028,15.84,67,100,3.6,41,0,10000,1028,15.84,67,100,3.6,41,0,10000,1028,15.84,67,100,3.6,41,0,10000,1028,15.84,67,100,3.6,41,0,10000,1028,15.84,67,100,3.6,41,0,10000,1028,15.84,67,100,3.6,41,0,10000,1028,15.84,67,100,3.6,41,0,10000,1028,15.84,67,100,3.6,41,0,10000
1028,15.84,67,100,3.6,41,0,10000,5,46,8,5,1028,15.84,67,100,3.6,41,0,10000,1028,15.84,67,100,3.6,41,0,10000,1028,15.84,67,100,3.6,41,0,10000,1028,15.84,67,100,3.6,41,0,10000,1028,15.84,67,100,3.6,41,0,10000,1028,15.84,67,100,3.6,41,0,10000,1028,15.84,67,100,3.6,41,0,10000,1028,15.84,67,100,3.6,41,0,10000,1028,15.84,67,100,3.6,41,0,10000,1028,15.84,67,100,3.6,41,0,10000,1028,15.84,67,100,3.6,41,0,10000,1028,15.84,67,100,3.6,41,0,10000
1028,15.84,67,100,3.6,41,0,10000,6,46,8,5,1028,15.84,67,100,3.6,41,0,10000,1028,15.84,67,100,3.6,41,0,10000,1028,15.84,67,100,3.6,41,0,10000,1028,15.84,67,100,3.6,41,0,10000,1028,15.84,67,100,3.6,41,0,10000,1028,15.84,67,100,3.6,41,0,10000,1028,15.84,67,100,3.6,41,0,10000,1028,15.84,67,100,3.6,41,0,10000,1028,15.84,67,100,3.6,41,0,10000,1028,15.84,67,100,3.6,41,0,10000,1028,15.84,67,100,3.6,41,0,10000,1028,15.84,67,100,3.6,41,0,10000
1028,15.84,67,100,3.6,41,0,10000,7,46,8,5,1028,15.84,67,100,3.6,41,0,10000,1028,15.84,67,100,3.6,41,0,10000,1028,15.84,67,100,3.6,41,0,10000,1028,15.84,67,100,3.6,41,0,10000,1028,15.84,67,100,3.6,41,0,10000,1028,15.84,67,100,3.6,41,0,10000,1028,15.84,67,100,3.6,41,0,10000,1028,15.84,67,100,3.6,41,0,10000,1028,15.84,67,100,3.6,41,0,10000,1028,15.84,67,100,3.6,41,0,10000,1028,15.84,67,100,3.6,41,0,10000,1028,15.84,67,100,3.6,41,0,10000
1028,15.84,67,100,3.6,41,0,10000,8,46,8,5,1028,15.84,67,100,3.6,41,0,10000,1028,15.84,67,100,3.6,41,0,10000,1028,15.84,67,100,3.6,41,0,10000,1028,15.84,67,100,3.6,41,0,10000,1028,15.84,67,100,3.6,41,0,10000,1028,15.84,67,100,3.6,41,0,10000,1028,15.84,67,100,3.6,41,0,10000,1028,15.84,67,100,3.6,41,0,10000,1028,15.84,67,100,3.6,41,0,10000,1028,15.84,67,100,3.6,41,0,10000,1028,15.84,67,100,3.6,41,0,10000,1028,15.84,67,100,3.6,41,0,10000
1028,15.84,67,100,3.6,41,0,10000,9,46,8,5,1028,15.84,67,100,3.6,41,0,10000,1028,15.84,67,100,3.6,41,0,10000,1028,15.84,67,100,3.6,41,0,10000,1028,15.84,67,100,3.6,41,0,10000,1028,15.84,67,100,3.6,41,0,10000,1028,15.84,67,100,3.6,41,0,10000,1028,15.84,67,100,3.6,41,0,10000,1028,15.84,67,100,3.6,41,0,10000,1028,15.84,67,100,3.6,41,0,10000,1028,15.84,67,100,3.6,41,0,10000,1028,15.84,67,100,3.6,41,0,10000,1028,15.84,67,100,3.6,41,0,10000
1028,15.84,67,100,3.6,41,0,10000,10,46,8,5,1028,15.84,67,100,3.6,41,0,10000,1028,15.84,67,100,3.6,41,0,10000,1028,15.84,67,100,3.6,41,0,10000,1028,15.84,67,100,3.6,41,0,10000,1028,15.84,67,100,3.6,41,0,10000,1028,15.84,67,100,3.6,41,0,10000,1028,15.84,67,100,3.6,41,0,10000,1028,15.84,67,100,3.6,41,0,10000,1028,15.84,67,100,3.6,41,0,10000,1028,15.84,67,100,3.6,41,0,10000,1028,15.84,67,100,3.6,41,0,10000,1028,15.84,67,100,3.6,41,0,10000
1028,15.84,67,100,3.6,41,0,10000,11,46,8,5,1028,15.84,67,100,3.6,41,0,10000,1028,15.84,67,100,3.6,41,0,10000,1028,15.84,67,100,3.6,41,0,10000,1028,15.84,67,100,3.6,41,0,10000,1028,15.84,67,100,3.6,41,0,10000,1028,15.84,67,100,3.6,41,0,10000,1028,15.84,67,100,3.6,41,0,10000,1028,15.84,67,100,3.6,41,0,10000,1028,15.84,67,100,3.6,41,0,10000,1028,15.84,67,100,3.6,41,0,10000,1028,15.84,67,100,3.6,41,0,10000,1028,15.84,67,100,3.6,41,0,10000
1028,15.84,67,100,3.6,41,0,10000,12,46,8,5,1028,15.84,67,100,3.6,41,0,10000,1028,15.84,67,100,3.6,41,0,10000,1028,15.84,67,100,3.6,41,0,10000,1028,15.84,67,100,3.6,41,0,10000,1028,15.84,67,100,3.6,41,0,10000,1028,15.84,67,100,3.6,41,0,10000,1028,15.84,67,100,3.6,41,0,10000,1028,15.84,67,100,3.6,41,0,10000,1028,15.84,67,100,3.6,41,0,10000,1028,15.84,67,100,3.6,41,0,10000,1028,15.84,67,100,3.6,41,0,10000,1028,15.84,67,100,3.6,41,0,10000
1028,15.84,67,100,3.6,41,0,10000,13,46,8,5,1028,15.84,67,100,3.6,41,0,10000,1028,15.84,67,100,3.6,41,0,10000,1028,15.84,67,100,3.6,41,0,10000,1028,15.84,67,100,3.6,41,0,10000,1028,15.84,67,100,3.6,41,0,10000,1028,15.84,67,100,3.6,41,0,10000,1028,15.84,67,100,3.6,41,0,10000,1028,15.84,67,100,3.6,41,0,10000,1028,15.84,67,100,3.6,41,0,10000,1028,15.84,67,100,3.6,41,0,10000,1028,15.84,67,100,3.6,41,0,10000,1028,15.84,67,100,3.6,41,0,10000
1028,15.84,67,100,3.6,41,0,10000,14,46,8,5,1028,15.84,67,100,3.6,41,0,10000,1028,15.84,67,100,3.6,41,0,10000,1028,15.84,67,100,3.6,41,0,10000,1028,15.84,67,100,3.6,41,0,10000,1028,15.84,67,100,3.6,41,0,10000,1028,15.84,67,100,3.6,41,0,10000,1028,15.84,67,100,3.6,41,0,10000,1028,15.84,67,100,3.6,41,0,10000,1028,15.84,67,100,3.6,41,0,10000,1028,15.84,67,100,3.6,41,0,10000,1028,15.84,67,100,3.6,41,0,10000,1028,15.84,67,100,3.6,41,0,10000
1028,15.84,67,100,3.6,41,0,10000,15,46,8,5,1028,15.84,67,100,3.6,41,0,10000,1028,15.84,67,100,3.6,41,0,10000,1028,15.84,67,100,3.6,41,0,10000,1028,15.84,67,100,3.6,41,0,10000,1028,15.84,67,100,3.6,41,0,10000,1028,15.84,67,100,3.6,41,0,10000,1028,15.84,67,100,3.6,41,0,10000,1028,15.84,67,100,3.6,41,0,10000,1028,15.84,67,100,3.6,41,0,10000,1028,15.84,67,100,3.6,41,0,10000,1028,15.84,67,100,3.6,41,0,10000,1028,15.84,67,100,3.6,41,0,10000
1028,15.84,67,100,3.6,41,0,10000,16,46,8,5,1028,15.84,67,100,3.6,41,0,10000,1028,15.84,67,100,3.6,41,0,10000,1028,15.84,67,100,3.6,41,0,10000,1028,15.84,67,100,3.6,41,0,10000,1028,15.84,67,100,3.6,41,0,10000,1028,15.84,67,100,3.6,41,0,10000,1028,15.84,67,100,3.6,41,0,10000,1028,15.84,67,100,3.6,41,0,10000,1028,15.84,67,100,3.6,41,0,10000,1028,15.84,67,100,3.6,41,0,10000,1028,15.84,67,100,3.6,41,0,10000,1028,15.84,67,100,3.6,41,0,10000
1028,15.84,67,100,3.6,41,0,10000,17,46,8,5,1028,15.84,67,100,3.6,41,0,10000,1028,15.84,67,100,3.6,41,0,10000,1028,15.84,67,100,3.6,41,0,10000,1028,15.84,67,100,3.6,41,0,10000,1028,15.84,67,100,3.6,41,0,10000,1028,15.84,67,100,3.6,41,0,10000,1028,15.84,67,100,3.6,41,0,10000,1028,15.84,67,100,3.6,41,0,10000,1028,15.84,67,100,3.6,41,0,10000,1028,15.84,67,100,3.6,41,0,10000,1028,15.84,67,100,3.6,41,0,10000,1028,15.84,67,100,3.6,41,0,10000
