1021,9.84,87,330,4.12,100,0,10000,2,0,15,6,1021,5.58,72,24,2.07,18,0,10000,1021,5.58,72,24,2.07,18,0,10000,1021,5.58,72,24,2.07,18,0,10000,1021,5.58,72,24,2.07,18,0,10000,1021,5.58,72,24,2.07,18,0,10000,1021,5.58,72,24,2.07,18,0,10000,1021,5.58,72,24,2.07,18,0,10000,1021,5.58,72,24,2.07,18,0,10000,1021,5.58,72,24,2.07,18,0,10000,1021,5.58,72,24,2.07,18,0,10000,1021,5.58,72,24,2.07,18,0,10000,1021,5.58,72,24,2.07,18,0,10000
1021,9.84,87,330,4.12,100,0,10000,5,0,15,6,1020,7.11,68,5,1.16,43,0,10000,1020,7.11,68,5,1.16,43,0,10000,1020,7.11,68,5,1.16,43,0,10000,1020,7.11,68,5,1.16,43,0,10000,1020,7.11,68,5,1.16,43,0,10000,1020,7.11,68,5,1.16,43,0,10000,1020,7.11,68,5,1.16,43,0,10000,1020,7.11,68,5,1.16,43,0,10000,1020,7.11,68,5,1.16,43,0,10000,1020,7.11,68,5,1.16,43,0,10000,1020,7.11,68,5,1.16,43,0,10000,1020,7.11,68,5,1.16,43,0,10000
1021,9.84,87,330,4.12,100,0,10000,8,0,15,6,1019,8.9,64,324,2.03,100,0,10000,1019,8.9,64,324,2.03,100,0,10000,1019,8.9,64,324,2.03,100,0,10000,1019,8.9,64,324,2.03,100,0,10000,1019,8.9,64,324,2.03,100,0,10000,1019,8.9,64,324,2.03,100,0,10000,1019,8.9,64,324,2.03,100,0,10000,1019,8.9,64,324,2.03,100,0,10000,1019,8.9,64,324,2.03,100,0,10000,1019,8.9,64,324,2.03,100,0,10000,1019,8.9,64,324,2.03,100,0,10000,1019,8.9,64,324,2.03,100,0,10000
1021,9.84,87,330,4.12,100,0,10000,11,0,15,6,1018,9.62,64,297,2.19,100,0,10000,1018,9.62,64,297,2.19,100,0,10000,1018,9.62,64,297,2.19,100,0,10000,1018,9.62,64,297,2.19,100,0,10000,1018,9.62,64,297,2.19,100,0,10000,1018,9.62,64,297,2.19,100,0,10000,1018,9.62,64,297,2.19,100,0,10000,1018,9.62,64,297,2.19,100,0,10000,1018,9.62,64,297,2.19,100,0,10000,1018,9.62,64,297,2.19,100,0,10000,1018,9.62,64,297,2.19,100,0,10000,1018,9.62,64,297,2.19,100,0,10000
1021,9.84,87,330,4.12,100,0,10000,14,0,15,6,1017,10.16,63,290,2.74,86,0,10000,1017,10.16,63,290,2.74,86,0,10000,1017,10.16,63,290,2.74,86,0,10000,1017,10.16,63,290,2.74,86,0,10000,1017,10.16,63,290,2.74,86,0,10000,1017,10.16,63,290,2.74,86,0,10000,1017,10.16,63,290,2.74,86,0,10000,1017,10.16,63,290,2.74,86,0,10000,1017,10.16,63,290,2.74,86,0,10000,1017,10.16,63,290,2.74,86,0,10000,1017,10.16,63,290,2.74,86,0,10000,1017,10.16,63,290,2.74,86,0,10000
1021,9.84,87,330,4.12,100,0,10000,17,0,15,6,1021,9.84,87,356,4.34,100,0,10000,1021,9.84,87,356,4.34,100,0,10000,1021,9.84,87,356,4.34,100,0,10000,1021,9.84,87,356,4.34,100,0,10000,1021,9.84,87,356,4.34,100,0,10000,1021,9.84,87,356,4.34,100,0,10000,1021,9.84,87,356,4.34,100,0,10000,1021,9.84,87,356,4.34,100,0,10000,1021,9.84,87,356,4.34,100,0,10000,1021,9.84,87,356,4.34,100,0,10000,1021,9.84,87,356,4.34,100,0,10000,1021,9.84,87,356,4.34,100,0,10000
1021,9.84,87,330,4.12,100,0,10000,20,0,15,6,1021,9.46,83,360,4.3,100,0,10000,1021,9.46,83,360,4.3,100,0,10000,1021,9.46,83,360,4.3,100,0,10000,1021,9.46,83,360,4.3,100,0,10000,1021,9.46,83,360,4.3,100,0,10000,1021,9.46,83,360,4.3,100,0,10000,1021,9.46,83,360,4.3,100,0,10000,1021,9.46,83,360,4.3,100,0,10000,1021,9.46,83,360,4.3,100,0,10000,1021,9.46,83,360,4.3,100,0,10000,1021,9.46,83,360,4.3,100,0,10000,1021,9.46,83,360,4.3,100,0,10000
1021,9.84,87,330,4.12,100,0,10000,23,0,15,6,1022,8.51,82,33,4.61,99,0,10000,1022,8.51,82,33,4.61,99,0,10000,1022,8.51,82,33,4.61,99,0,10000,1022,8.51,82,33,4.61,99,0,10000,1022,8.51,82,33,4.61,99,0,10000,1022,8.51,82,33,4.61,99,0,10000,1022,8.51,82,33,4.61,99,0,10000,1022,8.51,82,33,4.61,99,0,10000,1022,8.51,82,33,4.61,99,0,10000,1022,8.51,82,33,4.61,99,0,10000,1022,8.51,82,33,4.61,99,0,10000,1022,8.51,82,33,4.61,99,0,10000
1021,9.84,87,330,4.12,100,0,10000,2,0,16,6,1021,5.58,72,24,2.07,18,0,10000,1021,5.58,72,24,2.07,18,0,10000,1021,5.58,72,24,2.07,18,0,10000,1021,5.58,72,24,2.07,18,0,10000,1021,5.58,72,24,2.07,18,0,10000,1021,5.58,72,24,2.07,18,0,10000,1021,5.58,72,24,2.07,18,0,10000,1021,5.58,72,24,2.07,18,0,10000,1021,5.58,72,24,2.07,18,0,10000,1021,5.58,72,24,2.07,18,0,10000,1021,5.58,72,24,2.07,18,0,10000,1021,5.58,72,24,2.07,18,0,10000
1021,9.84,87,330,4.12,100,0,10000,5,0,16,6,1020,7.11,68,5,1.16,43,0,10000,1020,7.11,68,5,1.16,43,0,10000,1020,7.11,68,5,1.16,43,0,10000,1020,7.11,68,5,1.16,43,0,10000,1020,7.11,68,5,1.16,43,0,10000,1020,7.11,68,5,1.16,43,0,10000,1020,7.11,68,5,1.16,43,0,10000,1020,7.11,68,5,1.16,43,0,10000,1020,7.11,68,5,1.16,43,0,10000,1020,7.11,68,5,1.16,43,0,10000,1020,7.11,68,5,1.16,43,0,10000,1020,7.11,68,5,1.16,43,0,10000
1021,9.84,87,330,4.12,100,0,10000,8,0,16,6,1019,8.9,64,324,2.03,100,0,10000,1019,8.9,64,324,2.03,100,0,10000,1019,8.9,64,324,2.03,100,0,10000,1019,8.9,64,324,2.03,100,0,10000,1019,8.9,64,324,2.03,100,0,10000,1019,8.9,64,324,2.03,100,0,10000,1019,8.9,64,324,2.03,100,0,10000,1019,8.9,64,324,2.03,100,0,10000,1019,8.9,64,324,2.03,100,0,10000,1019,8.9,64,324,2.03,100,0,10000,1019,8.9,64,324,2.03,100,0,10000,1019,8.9,64,324,2.03,100,0,10000
1021,9.84,87,330,4.12,100,0,10000,11,0,16,6,1018,9.62,64,297,2.19,100,0,10000,1018,9.62,64,297,2.19,100,0,10000,1018,9.62,64,297,2.19,100,0,10000,1018,9.62,64,297,2.19,100,0,10000,1018,9.62,64,297,2.19,100,0,10000,1018,9.62,64,297,2.19,100,0,10000,1018,9.62,64,297,2.19,100,0,10000,1018,9.62,64,297,2.19,100,0,10000,1018,9.62,64,297,2.19,100,0,10000,1018,9.62,64,297,2.19,100,0,10000,1018,9.62,64,297,2.19,100,0,10000,1018,9.62,64,297,2.19,100,0,10000
1021,9.84,87,330,4.12,100,0,10000,14,0,16,6,1017,10.16,63,290,2.74,86,0,10000,1017,10.16,63,290,2.74,86,0,10000,1017,10.16,63,290,2.74,86,0,10000,1017,10.16,63,290,2.74,86,0,10000,1017,10.16,63,290,2.74,86,0,10000,1017,10.16,63,290,2.74,86,0,10000,1017,10.16,63,290,2.74,86,0,10000,1017,10.16,63,290,2.74,86,0,10000,1017,10.16,63,290,2.74,86,0,10000,1017,10.16,63,290,2.74,86,0,10000,1017,10.16,63,290,2.74,86,0,10000,1017,10.16,63,290,2.74,86,0,10000
1021,9.84,87,330,4.12,100,0,10000,17,0,16,6,1021,9.84,87,356,4.34,100,0,10000,1021,9.84,87,356,4.34,100,0,10000,1021,9.84,87,356,4.34,100,0,10000,1021,9.84,87,356,4.34,100,0,10000,1021,9.84,87,356,4.34,100,0,10000,1021,9.84,87,356,4.34,100,0,10000,1021,9.84,87,356,4.34,100,0,10000,1021,9.84,87,356,4.34,100,0,10000,1021,9.84,87,356,4.34,100,0,10000,1021,9.84,87,356,4.34,100,0,10000,1021,9.84,87,356,4.34,100,0,10000,1021,9.84,87,356,4.34,100,0,10000
1021,9.84,87,330,4.12,100,0,10000,20,0,16,6,1021,9.46,83,360,4.3,100,0,10000,1021,9.46,83,360,4.3,100,0,10000,1021,9.46,83,360,4.3,100,0,10000,1021,9.46,83,360,4.3,100,0,10000,1021,9.46,83,360,4.3,100,0,10000,1021,9.46,83,360,4.3,100,0,10000,1021,9.46,83,360,4.3,100,0,10000,1021,9.46,83,360,4.3,100,0,10000,1021,9.46,83,360,4.3,100,0,10000,1021,9.46,83,360,4.3,100,0,10000,1021,9.46,83,360,4.3,100,0,10000,1021,9.46,83,360,4.3,100,0,10000
1021,9.84,87,330,4.12,100,0,10000,23,0,16,6,1022,8.51,82,33,4.61,99,0,10000,1022,8.51,82,33,4.61,99,0,10000,1022,8.51,82,33,4.61,99,0,10000,1022,8.51,82,33,4.61,99,0,10000,1022,8.51,82,33,4.61,99,0,10000,1022,8.51,82,33,4.61,99,0,10000,1022,8.51,82,33,4.61,99,0,10000,1022,8.51,82,33,4.61,99,0,10000,1022,8.51,82,33,4.61,99,0,10000,1022,8.51,82,33,4.61,99,0,10000,1022,8.51,82,33,4.61,99,0,10000,1022,8.51,82,33,4.61,99,0,10000
1021,9.84,87,330,4.12,100,0,10000,2,0,17,6,1021,5.58,72,24,2.07,18,0,10000,1021,5.58,72,24,2.07,18,0,10000,1021,5.58,72,24,2.07,18,0,10000,1021,5.58,72,24,2.07,18,0,10000,1021,5.58,72,24,2.07,18,0,10000,1021,5.58,72,24,2.07,18,0,10000,1021,5.58,72,24,2.07,18,0,10000,1021,5.58,72,24,2.07,18,0,10000,1021,5.58,72,24,2.07,18,0,10000,1021,5.58,72,24,2.07,18,0,10000,1021,5.58,72,24,2.07,18,0,10000,1021,5.58,72,24,2.07,18,0,10000
1021,9.84,87,330,4.12,100,0,10000,5,0,17,6,1020,7.11,68,5,1.16,43,0,10000,1020,7.11,68,5,1.16,43,0,10000,1020,7.11,68,5,1.16,43,0,10000,1020,7.11,68,5,1.16,43,0,10000,1020,7.11,68,5,1.16,43,0,10000,1020,7.11,68,5,1.16,43,0,10000,1020,7.11,68,5,1.16,43,0,10000,1020,7.11,68,5,1.16,43,0,10000,1020,7.11,68,5,1.16,43,0,10000,1020,7.11,68,5,1.16,43,0,10000,1020,7.11,68,5,1.16,43,0,10000,1020,7.11,68,5,1.16,43,0,10000
1021,9.84,87,330,4.12,100,0,10000,8,0,17,6,1019,8.9,64,324,2.03,100,0,10000,1019,8.9,64,324,2.03,100,0,10000,1019,8.9,64,324,2.03,100,0,10000,1019,8.9,64,324,2.03,100,0,10000,1019,8.9,64,324,2.03,100,0,10000,1019,8.9,64,324,2.03,100,0,10000,1019,8.9,64,324,2.03,100,0,10000,1019,8.9,64,324,2.03,100,0,10000,1019,8.9,64,324,2.03,100,0,10000,1019,8.9,64,324,2.03,100,0,10000,1019,8.9,64,324,2.03,100,0,10000,1019,8.9,64,324,2.03,100,0,10000
1021,9.84,87,330,4.12,100,0,10000,11,0,17,6,1018,9.62,64,297,2.19,100,0,10000,1018,9.62,64,297,2.19,100,0,10000,1018,9.62,64,297,2.19,100,0,10000,1018,9.62,64,297,2.19,100,0,10000,1018,9.62,64,297,2.19,100,0,10000,1018,9.62,64,297,2.19,100,0,10000,1018,9.62,64,297,2.19,100,0,10000,1018,9.62,64,297,2.19,100,0,10000,1018,9.62,64,297,2.19,100,0,10000,1018,9.62,64,297,2.19,100,0,10000,1018,9.62,64,297,2.19,100,0,10000,1018,9.62,64,297,2.19,100,0,10000
1021,9.84,87,330,4.12,100,0,10000,14,0,17,6,1017,10.16,63,290,2.74,86,0,10000,1017,10.16,63,290,2.74,86,0,10000,1017,10.16,63,290,2.74,86,0,10000,1017,10.16,63,290,2.74,86,0,10000,1017,10.16,63,290,2.74,86,0,10000,1017,10.16,63,290,2.74,86,0,10000,1017,10.16,63,290,2.74,86,0,10000,1017,10.16,63,290,2.74,86,0,10000,1017,10.16,63,290,2.74,86,0,10000,1017,10.16,63,290,2.74,86,0,10000,1017,10.16,63,290,2.74,86,0,10000,1017,10.16,63,290,2.74,86,0,10000
1021,9.84,87,330,4.12,100,0,10000,17,0,17,6,1021,9.84,87,356,4.34,100,0,10000,1021,9.84,87,356,4.34,100,0,10000,1021,9.84,87,356,4.34,100,0,10000,1021,9.84,87,356,4.34,100,0,10000,1021,9.84,87,356,4.34,100,0,10000,1021,9.84,87,356,4.34,100,0,10000,1021,9.84,87,356,4.34,100,0,10000,1021,9.84,87,356,4.34,100,0,10000,1021,9.84,87,356,4.34,100,0,10000,1021,9.84,87,356,4.34,100,0,10000,1021,9.84,87,356,4.34,100,0,10000,1021,9.84,87,356,4.34,100,0,10000
1021,9.84,87,330,4.12,100,0,10000,20,0,17,6,1021,9.46,83,360,4.3,100,0,10000,1021,9.46,83,360,4.3,100,0,10000,1021,9.46,83,360,4.3,100,0,10000,1021,9.46,83,360,4.3,100,0,10000,1021,9.46,83,360,4.3,100,0,10000,1021,9.46,83,360,4.3,100,0,10000,1021,9.46,83,360,4.3,100,0,10000,1021,9.46,83,360,4.3,100,0,10000,1021,9.46,83,360,4.3,100,0,10000,1021,9.46,83,360,4.3,100,0,10000,1021,9.46,83,360,4.3,100,0,10000,1021,9.46,83,360,4.3,100,0,10000
1021,9.84,87,330,4.12,100,0,10000,23,0,17,6,1022,8.51,82,33,4.61,99,0,10000,1022,8.51,82,33,4.61,99,0,10000,1022,8.51,82,33,4.61,99,0,10000,1022,8.51,82,33,4.61,99,0,10000,1022,8.51,82,33,4.61,99,0,10000,1022,8.51,82,33,4.61,99,0,10000,1022,8.51,82,33,4.61,99,0,10000,1022,8.51,82,33,4.61,99,0,10000,1022,8.51,82,33,4.61,99,0,10000,1022,8.51,82,33,4.61,99,0,10000,1022,8.51,82,33,4.61,99,0,10000,1022,8.51,82,33,4.61,99,0,10000
1021,9.84,87,330,4.12,100,0,10000,2,0,18,6,1021,5.58,72,24,2.07,18,0,10000,1021,5.58,72,24,2.07,18,0,10000,1021,5.58,72,24,2.07,18,0,10000,1021,5.58,72,24,2.07,18,0,10000,1021,5.58,72,24,2.07,18,0,10000,1021,5.58,72,24,2.07,18,0,10000,1021,5.58,72,24,2.07,18,0,10000,1021,5.58,72,24,2.07,18,0,10000,1021,5.58,72,24,2.07,18,0,10000,1021,5.58,72,24,2.07,18,0,10000,1021,5.58,72,24,2.07,18,0,10000,1021,5.58,72,24,2.07,18,0,10000
1021,9.84,87,330,4.12,100,0,10000,5,0,18,6,1020,7.11,68,5,1.16,43,0,10000,1020,7.11,68,5,1.16,43,0,10000,1020,7.11,68,5,1.16,43,0,10000,1020,7.11,68,5,1.16,43,0,10000,1020,7.11,68,5,1.16,43,0,10000,1020,7.11,68,5,1.16,43,0,10000,1020,7.11,68,5,1.16,43,0,10000,1020,7.11,68,5,1.16,43,0,10000,1020,7.11,68,5,1.16,43,0,10000,1020,7.11,68,5,1.16,43,0,10000,1020,7.11,68,5,1.16,43,0,10000,1020,7.11,68,5,1.16,43,0,10000
1021,9.84,87,330,4.12,100,0,10000,8,0,18,6,1019,8.9,64,324,2.03,100,0,10000,1019,8.9,64,324,2.03,100,0,10000,1019,8.9,64,324,2.03,100,0,10000,1019,8.9,64,324,2.03,100,0,10000,1019,8.9,64,324,2.03,100,0,10000,1019,8.9,64,324,2.03,100,0,10000,1019,8.9,64,324,2.03,100,0,10000,1019,8.9,64,324,2.03,100,0,10000,1019,8.9,64,324,2.03,100,0,10000,1019,8.9,64,324,2.03,100,0,10000,1019,8.9,64,324,2.03,100,0,10000,1019,8.9,64,324,2.03,100,0,10000
1021,9.84,87,330,4.12,100,0,10000,11,0,18,6,1018,9.62,64,297,2.19,100,0,10000,1018,9.62,64,297,2.19,100,0,10000,1018,9.62,64,297,2.19,100,0,10000,1018,9.62,64,297,2.19,100,0,10000,1018,9.62,64,297,2.19,100,0,10000,1018,9.62,64,297,2.19,100,0,10000,1018,9.62,64,297,2.19,100,0,10000,1018,9.62,64,297,2.19,100,0,10000,1018,9.62,64,297,2.19,100,0,10000,1018,9.62,64,297,2.19,100,0,10000,1018,9.62,64,297,2.19,100,0,10000,1018,9.62,64,297,2.19,100,0,10000
1021,9.84,87,330,4.12,100,0,10000,14,0,18,6,1017,10.16,63,290,2.74,86,0,10000,1017,10.16,63,290,2.74,86,0,10000,1017,10.16,63,290,2.74,86,0,10000,1017,10.16,63,290,2.74,86,0,10000,1017,10.16,63,290,2.74,86,0,10000,1017,10.16,63,290,2.74,86,0,10000,1017,10.16,63,290,2.74,86,0,10000,1017,10.16,63,290,2.74,86,0,10000,1017,10.16,63,290,2.74,86,0,10000,1017,10.16,63,290,2.74,86,0,10000,1017,10.16,63,290,2.74,86,0,10000,1017,10.16,63,290,2.74,86,0,10000
1021,9.84,87,330,4.12,100,0,10000,17,0,18,6,1021,9.84,87,356,4.34,100,0,10000,1021,9.84,87,356,4.34,100,0,10000,1021,9.84,87,356,4.34,100,0,10000,1021,9.84,87,356,4.34,100,0,10000,1021,9.84,87,356,4.34,100,0,10000,1021,9.84,87,356,4.34,100,0,10000,1021,9.84,87,356,4.34,100,0,10000,1021,9.84,87,356,4.34,100,0,10000,1021,9.84,87,356,4.34,100,0,10000,1021,9.84,87,356,4.34,100,0,10000,1021,9.84,87,356,4.34,100,0,10000,1021,9.84,87,356,4.34,100,0,10000
1021,9.84,87,330,4.12,100,0,10000,20,0,18,6,1021,9.46,83,360,4.3,100,0,10000,1021,9.46,83,360,4.3,100,0,10000,1021,9.46,83,360,4.3,100,0,10000,1021,9.46,83,360,4.3,100,0,10000,1021,9.46,83,360,4.3,100,0,10000,1021,9.46,83,360,4.3,100,0,10000,1021,9.46,83,360,4.3,100,0,10000,1021,9.46,83,360,4.3,100,0,10000,1021,9.46,83,360,4.3,100,0,10000,1021,9.46,83,360,4.3,100,0,10000,1021,9.46,83,360,4.3,100,0,10000,1021,9.46,83,360,4.3,100,0,10000
1021,9.84,87,330,4.12,100,0,10000,23,0,18,6,1022,8.51,82,33,4.61,99,0,10000,1022,8.51,82,33,4.61,99,0,10000,1022,8.51,82,33,4.61,99,0,10000,1022,8.51,82,33,4.61,99,0,10000,1022,8.51,82,33,4.61,99,0,10000,1022,8.51,82,33,4.61,99,0,10000,1022,8.51,82,33,4.61,99,0,10000,1022,8.51,82,33,4.61,99,0,10000,1022,8.51,82,33,4.61,99,0,10000,1022,8.51,82,33,4.61,99,0,10000,1022,8.51,82,33,4.61,99,0,10000,1022,8.51,82,33,4.61,99,0,10000
1021,9.84,87,330,4.12,100,0,10000,2,0,19,6,1021,5.58,72,24,2.07,18,0,10000,1021,5.58,72,24,2.07,18,0,10000,1021,5.58,72,24,2.07,18,0,10000,1021,5.58,72,24,2.07,18,0,10000,1021,5.58,72,24,2.07,18,0,10000,1021,5.58,72,24,2.07,18,0,10000,1021,5.58,72,24,2.07,18,0,10000,1021,5.58,72,24,2.07,18,0,10000,1021,5.58,72,24,2.07,18,0,10000,1021,5.58,72,24,2.07,18,0,10000,1021,5.58,72,24,2.07,18,0,10000,1021,5.58,72,24,2.07,18,0,10000
1021,9.84,87,330,4.12,100,0,10000,5,0,19,6,1020,7.11,68,5,1.16,43,0,10000,1020,7.11,68,5,1.16,43,0,10000,1020,7.11,68,5,1.16,43,0,10000,1020,7.11,68,5,1.16,43,0,10000,1020,7.11,68,5,1.16,43,0,10000,1020,7.11,68,5,1.16,43,0,10000,1020,7.11,68,5,1.16,43,0,10000,1020,7.11,68,5,1.16,43,0,10000,1020,7.11,68,5,1.16,43,0,10000,1020,7.11,68,5,1.16,43,0,10000,1020,7.11,68,5,1.16,43,0,10000,1020,7.11,68,5,1.16,43,0,10000
1021,9.84,87,330,4.12,100,0,10000,8,0,19,6,1019,8.9,64,324,2.03,100,0,10000,1019,8.9,64,324,2.03,100,0,10000,1019,8.9,64,324,2.03,100,0,10000,1019,8.9,64,324,2.03,100,0,10000,1019,8.9,64,324,2.03,100,0,10000,1019,8.9,64,324,2.03,100,0,10000,1019,8.9,64,324,2.03,100,0,10000,1019,8.9,64,324,2.03,100,0,10000,1019,8.9,64,324,2.03,100,0,10000,1019,8.9,64,324,2.03,100,0,10000,1019,8.9,64,324,2.03,100,0,10000,1019,8.9,64,324,2.03,100,0,10000
1021,9.84,87,330,4.12,100,0,10000,11,0,19,6,1018,9.62,64,297,2.19,100,0,10000,1018,9.62,64,297,2.19,100,0,10000,1018,9.62,64,297,2.19,100,0,10000,1018,9.62,64,297,2.19,100,0,10000,1018,9.62,64,297,2.19,100,0,10000,1018,9.62,64,297,2.19,100,0,10000,1018,9.62,64,297,2.19,100,0,10000,1018,9.62,64,297,2.19,100,0,10000,1018,9.62,64,297,2.19,100,0,10000,1018,9.62,64,297,2.19,100,0,10000,1018,9.62,64,297,2.19,100,0,10000,1018,9.62,64,297,2.19,100,0,10000
1021,9.84,87,330,4.12,100,0,10000,14,0,19,6,1017,10.16,63,290,2.74,86,0,10000,1017,10.16,63,290,2.74,86,0,10000,1017,10.16,63,290,2.74,86,0,10000,1017,10.16,63,290,2.74,86,0,10000,1017,10.16,63,290,2.74,86,0,10000,1017,10.16,63,290,2.74,86,0,10000,1017,10.16,63,290,2.74,86,0,10000,1017,10.16,63,290,2.74,86,0,10000,1017,10.16,63,290,2.74,86,0,10000,1017,10.16,63,290,2.74,86,0,10000,1017,10.16,63,290,2.74,86,0,10000,1017,10.16,63,290,2.74,86,0,10000
1021,9.84,87,330,4.12,100,0,10000,17,0,19,6,1021,9.84,87,356,4.34,100,0,10000,1021,9.84,87,356,4.34,100,0,10000,1021,9.84,87,356,4.34,100,0,10000,1021,9.84,87,356,4.34,100,0,10000,1021,9.84,87,356,4.34,100,0,10000,1021,9.84,87,356,4.34,100,0,10000,1021,9.84,87,356,4.34,100,0,10000,1021,9.84,87,356,4.34,100,0,10000,1021,9.84,87,356,4.34,100,0,10000,1021,9.84,87,356,4.34,100,0,10000,1021,9.84,87,356,4.34,100,0,10000,1021,9.84,87,356,4.34,100,0,10000
1021,9.84,87,330,4.12,100,0,10000,20,0,19,6,1021,9.46,83,360,4.3,100,0,10000,1021,9.46,83,360,4.3,100,0,10000,1021,9.46,83,360,4.3,100,0,10000,1021,9.46,83,360,4.3,100,0,10000,1021,9.46,83,360,4.3,100,0,10000,1021,9.46,83,360,4.3,100,0,10000,1021,9.46,83,360,4.3,100,0,10000,1021,9.46,83,360,4.3,100,0,10000,1021,9.46,83,360,4.3,100,0,10000,1021,9.46,83,360,4.3,100,0,10000,1021,9.46,83,360,4.3,100,0,10000,1021,9.46,83,360,4.3,100,0,10000
1021,9.84,87,330,4.12,100,0,10000,23,0,19,6,1022,8.51,82,33,4.61,99,0,10000,1022,8.51,82,33,4.61,99,0,10000,1022,8.51,82,33,4.61,99,0,10000,1022,8.51,82,33,4.61,99,0,10000,1022,8.51,82,33,4.61,99,0,10000,1022,8.51,82,33,4.61,99,0,10000,1022,8.51,82,33,4.61,99,0,10000,1022,8.51,82,33,4.61,99,0,10000,1022,8.51,82,33,4.61,99,0,10000,1022,8.51,82,33,4.61,99,0,10000,1022,8.51,82,33,4.61,99,0,10000,1022,8.51,82,33,4.61,99,0,10000
1021,9.84,87,330,4.12,100,0,10000,2,0,20,6,1021,5.58,72,24,2.07,18,0,10000,1021,5.58,72,24,2.07,18,0,10000,1021,5.58,72,24,2.07,18,0,10000,1021,5.58,72,24,2.07,18,0,10000,1021,5.58,72,24,2.07,18,0,10000,1021,5.58,72,24,2.07,18,0,10000,1021,5.58,72,24,2.07,18,0,10000,1021,5.58,72,24,2.07,18,0,10000,1021,5.58,72,24,2.07,18,0,10000,1021,5.58,72,24,2.07,18,0,10000,1021,5.58,72,24,2.07,18,0,10000,1021,5.58,72,24,2.07,18,0,10000
1021,9.84,87,330,4.12,100,0,10000,5,0,20,6,1020,7.11,68,5,1.16,43,0,10000,1020,7.11,68,5,1.16,43,0,10000,1020,7.11,68,5,1.16,43,0,10000,1020,7.11,68,5,1.16,43,0,10000,1020,7.11,68,5,1.16,43,0,10000,1020,7.11,68,5,1.16,43,0,10000,1020,7.11,68,5,1.16,43,0,10000,1020,7.11,68,5,1.16,43,0,10000,1020,7.11,68,5,1.16,43,0,10000,1020,7.11,68,5,1.16,43,0,10000,1020,7.11,68,5,1.16,43,0,10000,1020,7.11,68,5,1.16,43,0,10000
1021,9.84,87,330,4.12,100,0,10000,8,0,20,6,1019,8.9,64,324,2.03,100,0,10000,1019,8.9,64,324,2.03,100,0,10000,1019,8.9,64,324,2.03,100,0,10000,1019,8.9,64,324,2.03,100,0,10000,1019,8.9,64,324,2.03,100,0,10000,1019,8.9,64,324,2.03,100,0,10000,1019,8.9,64,324,2.03,100,0,10000,1019,8.9,64,324,2.03,100,0,10000,1019,8.9,64,324,2.03,100,0,10000,1019,8.9,64,324,2.03,100,0,10000,1019,8.9,64,324,2.03,100,0,10000,1019,8.9,64,324,2.03,100,0,10000
1021,9.84,87,330,4.12,100,0,10000,11,0,20,6,1018,9.62,64,297,2.19,100,0,10000,1018,9.62,64,297,2.19,100,0,10000,1018,9.62,64,297,2.19,100,0,10000,1018,9.62,64,297,2.19,100,0,10000,1018,9.62,64,297,2.19,100,0,10000,1018,9.62,64,297,2.19,100,0,10000,1018,9.62,64,297,2.19,100,0,10000,1018,9.62,64,297,2.19,100,0,10000,1018,9.62,64,297,2.19,100,0,10000,1018,9.62,64,297,2.19,100,0,10000,1018,9.62,64,297,2.19,100,0,10000,1018,9.62,64,297,2.19,100,0,10000
1021,9.84,87,330,4.12,100,0,10000,14,0,20,6,1017,10.16,63,290,2.74,86,0,10000,1017,10.16,63,290,2.74,86,0,10000,1017,10.16,63,290,2.74,86,0,10000,1017,10.16,63,290,2.74,86,0,10000,1017,10.16,63,290,2.74,86,0,10000,1017,10.16,63,290,2.74,86,0,10000,1017,10.16,63,290,2.74,86,0,10000,1017,10.16,63,290,2.74,86,0,10000,1017,10.16,63,290,2.74,86,0,10000,1017,10.16,63,290,2.74,86,0,10000,1017,10.16,63,290,2.74,86,0,10000,1017,10.16,63,290,2.74,86,0,10000
1021,9.84,87,330,4.12,100,0,10000,17,0,20,6,1021,9.84,87,356,4.34,100,0,10000,1021,9.84,87,356,4.34,100,0,10000,1021,9.84,87,356,4.34,100,0,10000,1021,9.84,87,356,4.34,100,0,10000,1021,9.84,87,356,4.34,100,0,10000,1021,9.84,87,356,4.34,100,0,10000,1021,9.84,87,356,4.34,100,0,10000,1021,9.84,87,356,4.34,100,0,10000,1021,9.84,87,356,4.34,100,0,10000,1021,9.84,87,356,4.34,100,0,10000,1021,9.84,87,356,4.34,100,0,10000,1021,9.84,87,356,4.34,100,0,10000
1021,9.84,87,330,4.12,100,0,10000,20,0,20,6,1021,9.46,83,360,4.3,100,0,10000,1021,9.46,83,360,4.3,100,0,10000,1021,9.46,83,360,4.3,100,0,10000,1021,9.46,83,360,4.3,100,0,10000,1021,9.46,83,360,4.3,100,0,10000,1021,9.46,83,360,4.3,100,0,10000,1021,9.46,83,360,4.3,100,0,10000,1021,9.46,83,360,4.3,100,0,10000,1021,9.46,83,360,4.3,100,0,10000,1021,9.46,83,360,4.3,100,0,10000,1021,9.46,83,360,4.3,100,0,10000,1021,9.46,83,360,4.3,100,0,10000
1021,9.84,87,330,4.12,100,0,10000,23,0,20,6,1022,8.51,82,33,4.61,99,0,10000,1022,8.51,82,33,4.61,99,0,10000,1022,8.51,82,33,4.61,99,0,10000,1022,8.51,82,33,4.61,99,0,10000,1022,8.51,82,33,4.61,99,0,10000,1022,8.51,82,33,4.61,99,0,10000,1022,8.51,82,33,4.61,99,0,10000,1022,8.51,82,33,4.61,99,0,10000,1022,8.51,82,33,4.61,99,0,10000,1022,8.51,82,33,4.61,99,0,10000,1022,8.51,82,33,4.61,99,0,10000,1022,8.51,82,33,4.61,99,0,10000
1021,9.84,87,330,4.12,100,0,10000,2,0,21,6,1021,5.58,72,24,2.07,18,0,10000,1021,5.58,72,24,2.07,18,0,10000,1021,5.58,72,24,2.07,18,0,10000,1021,5.58,72,24,2.07,18,0,10000,1021,5.58,72,24,2.07,18,0,10000,1021,5.58,72,24,2.07,18,0,10000,1021,5.58,72,24,2.07,18,0,10000,1021,5.58,72,24,2.07,18,0,10000,1021,5.58,72,24,2.07,18,0,10000,1021,5.58,72,24,2.07,18,0,10000,1021,5.58,72,24,2.07,18,0,10000,1021,5.58,72,24,2.07,18,0,10000
1021,9.84,87,330,4.12,100,0,10000,5,0,21,6,1020,7.11,68,5,1.16,43,0,10000,1020,7.11,68,5,1.16,43,0,10000,1020,7.11,68,5,1.16,43,0,10000,1020,7.11,68,5,1.16,43,0,10000,1020,7.11,68,5,1.16,43,0,10000,1020,7.11,68,5,1.16,43,0,10000,1020,7.11,68,5,1.16,43,0,10000,1020,7.11,68,5,1.16,43,0,10000,1020,7.11,68,5,1.16,43,0,10000,1020,7.11,68,5,1.16,43,0,10000,1020,7.11,68,5,1.16,43,0,10000,1020,7.11,68,5,1.16,43,0,10000
1021,9.84,87,330,4.12,100,0,10000,8,0,21,6,1019,8.9,64,324,2.03,100,0,10000,1019,8.9,64,324,2.03,100,0,10000,1019,8.9,64,324,2.03,100,0,10000,1019,8.9,64,324,2.03,100,0,10000,1019,8.9,64,324,2.03,100,0,10000,1019,8.9,64,324,2.03,100,0,10000,1019,8.9,64,324,2.03,100,0,10000,1019,8.9,64,324,2.03,100,0,10000,1019,8.9,64,324,2.03,100,0,10000,1019,8.9,64,324,2.03,100,0,10000,1019,8.9,64,324,2.03,100,0,10000,1019,8.9,64,324,2.03,100,0,10000
1021,9.84,87,330,4.12,100,0,10000,11,0,21,6,1018,9.62,64,297,2.19,100,0,10000,1018,9.62,64,297,2.19,100,0,10000,1018,9.62,64,297,2.19,100,0,10000,1018,9.62,64,297,2.19,100,0,10000,1018,9.62,64,297,2.19,100,0,10000,1018,9.62,64,297,2.19,100,0,10000,1018,9.62,64,297,2.19,100,0,10000,1018,9.62,64,297,2.19,100,0,10000,1018,9.62,64,297,2.19,100,0,10000,1018,9.62,64,297,2.19,100,0,10000,1018,9.62,64,297,2.19,100,0,10000,1018,9.62,64,297,2.19,100,0,10000
1021,9.84,87,330,4.12,100,0,10000,14,0,21,6,1017,10.16,63,290,2.74,86,0,10000,1017,10.16,63,290,2.74,86,0,10000,1017,10.16,63,290,2.74,86,0,10000,1017,10.16,63,290,2.74,86,0,10000,1017,10.16,63,290,2.74,86,0,10000,1017,10.16,63,290,2.74,86,0,10000,1017,10.16,63,290,2.74,86,0,10000,1017,10.16,63,290,2.74,86,0,10000,1017,10.16,63,290,2.74,86,0,10000,1017,10.16,63,290,2.74,86,0,10000,1017,10.16,63,290,2.74,86,0,10000,1017,10.16,63,290,2.74,86,0,10000
1021,9.84,87,330,4.12,100,0,10000,17,0,21,6,1021,9.84,87,356,4.34,100,0,10000,1021,9.84,87,356,4.34,100,0,10000,1021,9.84,87,356,4.34,100,0,10000,1021,9.84,87,356,4.34,100,0,10000,1021,9.84,87,356,4.34,100,0,10000,1021,9.84,87,356,4.34,100,0,10000,1021,9.84,87,356,4.34,100,0,10000,1021,9.84,87,356,4.34,100,0,10000,1021,9.84,87,356,4.34,100,0,10000,1021,9.84,87,356,4.34,100,0,10000,1021,9.84,87,356,4.34,100,0,10000,1021,9.84,87,356,4.34,100,0,10000
1021,9.84,87,330,4.12,100,0,10000,20,0,21,6,1021,9.46,83,360,4.3,100,0,10000,1021,9.46,83,360,4.3,100,0,10000,1021,9.46,83,360,4.3,100,0,10000,1021,9.46,83,360,4.3,100,0,10000,1021,9.46,83,360,4.3,100,0,10000,1021,9.46,83,360,4.3,100,0,10000,1021,9.46,83,360,4.3,100,0,10000,1021,9.46,83,360,4.3,100,0,10000,1021,9.46,83,360,4.3,100,0,10000,1021,9.46,83,360,4.3,100,0,10000,1021,9.46,83,360,4.3,100,0,10000,1021,9.46,83,360,4.3,100,0,10000
1021,9.84,87,330,4.12,100,0,10000,23,0,21,6,1022,8.51,82,33,4.61,99,0,10000,1022,8.51,82,33,4.61,99,0,10000,1022,8.51,82,33,4.61,99,0,10000,1022,8.51,82,33,4.61,99,0,10000,1022,8.51,82,33,4.61,99,0,10000,1022,8.51,82,33,4.61,99,0,10000,1022,8.51,82,33,4.61,99,0,10000,1022,8.51,82,33,4.61,99,0,10000,1022,8.51,82,33,4.61,99,0,10000,1022,8.51,82,33,4.61,99,0,10000,1022,8.51,82,33,4.61,99,0,10000,1022,8.51,82,33,4.61,99,0,10000
1021,9.84,87,330,4.12,100,0,10000,2,0,22,6,1021,5.58,72,24,2.07,18,0,10000,1021,5.58,72,24,2.07,18,0,10000,1021,5.58,72,24,2.07,18,0,10000,1021,5.58,72,24,2.07,18,0,10000,1021,5.58,72,24,2.07,18,0,10000,1021,5.58,72,24,2.07,18,0,10000,1021,5.58,72,24,2.07,18,0,10000,1021,5.58,72,24,2.07,18,0,10000,1021,5.58,72,24,2.07,18,0,10000,1021,5.58,72,24,2.07,18,0,10000,1021,5.58,72,24,2.07,18,0,10000,1021,5.58,72,24,2.07,18,0,10000
1021,9.84,87,330,4.12,100,0,10000,5,0,22,6,1020,7.11,68,5,1.16,43,0,10000,1020,7.11,68,5,1.16,43,0,10000,1020,7.11,68,5,1.16,43,0,10000,1020,7.11,68,5,1.16,43,0,10000,1020,7.11,68,5,1.16,43,0,10000,1020,7.11,68,5,1.16,43,0,10000,1020,7.11,68,5,1.16,43,0,10000,1020,7.11,68,5,1.16,43,0,10000,1020,7.11,68,5,1.16,43,0,10000,1020,7.11,68,5,1.16,43,0,10000,1020,7.11,68,5,1.16,43,0,10000,1020,7.11,68,5,1.16,43,0,10000
1021,9.84,87,330,4.12,100,0,10000,8,0,22,6,1019,8.9,64,324,2.03,100,0,10000,1019,8.9,64,324,2.03,100,0,10000,1019,8.9,64,324,2.03,100,0,10000,1019,8.9,64,324,2.03,100,0,10000,1019,8.9,64,324,2.03,100,0,10000,1019,8.9,64,324,2.03,100,0,10000,1019,8.9,64,324,2.03,100,0,10000,1019,8.9,64,324,2.03,100,0,10000,1019,8.9,64,324,2.03,100,0,10000,1019,8.9,64,324,2.03,100,0,10000,1019,8.9,64,324,2.03,100,0,10000,1019,8.9,64,324,2.03,100,0,10000
1021,9.84,87,330,4.12,100,0,10000,11,0,22,6,1018,9.62,64,297,2.19,100,0,10000,1018,9.62,64,297,2.19,100,0,10000,1018,9.62,64,297,2.19,100,0,10000,1018,9.62,64,297,2.19,100,0,10000,1018,9.62,64,297,2.19,100,0,10000,1018,9.62,64,297,2.19,100,0,10000,1018,9.62,64,297,2.19,100,0,10000,1018,9.62,64,297,2.19,100,0,10000,1018,9.62,64,297,2.19,100,0,10000,1018,9.62,64,297,2.19,100,0,10000,1018,9.62,64,297,2.19,100,0,10000,1018,9.62,64,297,2.19,100,0,10000
1021,9.84,87,330,4.12,100,0,10000,14,0,22,6,1017,10.16,63,290,2.74,86,0,10000,1017,10.16,63,290,2.74,86,0,10000,1017,10.16,63,290,2.74,86,0,10000,1017,10.16,63,290,2.74,86,0,10000,1017,10.16,63,290,2.74,86,0,10000,1017,10.16,63,290,2.74,86,0,10000,1017,10.16,63,290,2.74,86,0,10000,1017,10.16,63,290,2.74,86,0,10000,1017,10.16,63,290,2.74,86,0,10000,1017,10.16,63,290,2.74,86,0,10000,1017,10.16,63,290,2.74,86,0,10000,1017,10.16,63,290,2.74,86,0,10000
1021,9.84,87,330,4.12,100,0,10000,17,0,22,6,1021,9.84,87,356,4.34,100,0,10000,1021,9.84,87,356,4.34,100,0,10000,1021,9.84,87,356,4.34,100,0,10000,1021,9.84,87,356,4.34,100,0,10000,1021,9.84,87,356,4.34,100,0,10000,1021,9.84,87,356,4.34,100,0,10000,1021,9.84,87,356,4.34,100,0,10000,1021,9.84,87,356,4.34,100,0,10000,1021,9.84,87,356,4.34,100,0,10000,1021,9.84,87,356,4.34,100,0,10000,1021,9.84,87,356,4.34,100,0,10000,1021,9.84,87,356,4.34,100,0,10000
1021,9.84,87,330,4.12,100,0,10000,20,0,22,6,1021,9.46,83,360,4.3,100,0,10000,1021,9.46,83,360,4.3,100,0,10000,1021,9.46,83,360,4.3,100,0,10000,1021,9.46,83,360,4.3,100,0,10000,1021,9.46,83,360,4.3,100,0,10000,1021,9.46,83,360,4.3,100,0,10000,1021,9.46,83,360,4.3,100,0,10000,1021,9.46,83,360,4.3,100,0,10000,1021,9.46,83,360,4.3,100,0,10000,1021,9.46,83,360,4.3,100,0,10000,1021,9.46,83,360,4.3,100,0,10000,1021,9.46,83,360,4.3,100,0,10000
1021,9.84,87,330,4.12,100,0,10000,23,0,22,6,1022,8.51,82,33,4.61,99,0,10000,1022,8.51,82,33,4.61,99,0,10000,1022,8.51,82,33,4.61,99,0,10000,1022,8.51,82,33,4.61,99,0,10000,1022,8.51,82,33,4.61,99,0,10000,1022,8.51,82,33,4.61,99,0,10000,1022,8.51,82,33,4.61,99,0,10000,1022,8.51,82,33,4.61,99,0,10000,1022,8.51,82,33,4.61,99,0,10000,1022,8.51,82,33,4.61,99,0,10000,1022,8.51,82,33,4.61,99,0,10000,1022,8.51,82,33,4.61,99,0,10000
1021,9.84,87,330,4.12,100,0,10000,2,0,23,6,1021,5.58,72,24,2.07,18,0,10000,1021,5.58,72,24,2.07,18,0,10000,1021,5.58,72,24,2.07,18,0,10000,1021,5.58,72,24,2.07,18,0,10000,1021,5.58,72,24,2.07,18,0,10000,1021,5.58,72,24,2.07,18,0,10000,1021,5.58,72,24,2.07,18,0,10000,1021,5.58,72,24,2.07,18,0,10000,1021,5.58,72,24,2.07,18,0,10000,1021,5.58,72,24,2.07,18,0,10000,1021,5.58,72,24,2.07,18,0,10000,1021,5.58,72,24,2.07,18,0,10000
1021,9.84,87,330,4.12,100,0,10000,5,0,23,6,1020,7.11,68,5,1.16,43,0,10000,1020,7.11,68,5,1.16,43,0,10000,1020,7.11,68,5,1.16,43,0,10000,1020,7.11,68,5,1.16,43,0,10000,1020,7.11,68,5,1.16,43,0,10000,1020,7.11,68,5,1.16,43,0,10000,1020,7.11,68,5,1.16,43,0,10000,1020,7.11,68,5,1.16,43,0,10000,1020,7.11,68,5,1.16,43,0,10000,1020,7.11,68,5,1.16,43,0,10000,1020,7.11,68,5,1.16,43,0,10000,1020,7.11,68,5,1.16,43,0,10000
1021,9.84,87,330,4.12,100,0,10000,8,0,23,6,1019,8.9,64,324,2.03,100,0,10000,1019,8.9,64,324,2.03,100,0,10000,1019,8.9,64,324,2.03,100,0,10000,1019,8.9,64,324,2.03,100,0,10000,1019,8.9,64,324,2.03,100,0,10000,1019,8.9,64,324,2.03,100,0,10000,1019,8.9,64,324,2.03,100,0,10000,1019,8.9,64,324,2.03,100,0,10000,1019,8.9,64,324,2.03,100,0,10000,1019,8.9,64,324,2.03,100,0,10000,1019,8.9,64,324,2.03,100,0,10000,1019,8.9,64,324,2.03,100,0,10000
1021,9.84,87,330,4.12,100,0,10000,11,0,23,6,1018,9.62,64,297,2.19,100,0,10000,1018,9.62,64,297,2.19,100,0,10000,1018,9.62,64,297,2.19,100,0,10000,1018,9.62,64,297,2.19,100,0,10000,1018,9.62,64,297,2.19,100,0,10000,1018,9.62,64,297,2.19,100,0,10000,1018,9.62,64,297,2.19,100,0,10000,1018,9.62,64,297,2.19,100,0,10000,1018,9.62,64,297,2.19,100,0,10000,1018,9.62,64,297,2.19,100,0,10000,1018,9.62,64,297,2.19,100,0,10000,1018,9.62,64,297,2.19,100,0,10000
1021,9.84,87,330,4.12,100,0,10000,14,0,23,6,1017,10.16,63,290,2.74,86,0,10000,1017,10.16,63,290,2.74,86,0,10000,1017,10.16,63,290,2.74,86,0,10000,1017,10.16,63,290,2.74,86,0,10000,1017,10.16,63,290,2.74,86,0,10000,1017,10.16,63,290,2.74,86,0,10000,1017,10.16,63,290,2.74,86,0,10000,1017,10.16,63,290,2.74,86,0,10000,1017,10.16,63,290,2.74,86,0,10000,1017,10.16,63,290,2.74,86,0,10000,1017,10.16,63,290,2.74,86,0,10000,1017,10.16,63,290,2.74,86,0,10000
1021,9.84,87,330,4.12,100,0,10000,17,0,23,6,1021,9.84,87,356,4.34,100,0,10000,1021,9.84,87,356,4.34,100,0,10000,1021,9.84,87,356,4.34,100,0,10000,1021,9.84,87,356,4.34,100,0,10000,1021,9.84,87,356,4.34,100,0,10000,1021,9.84,87,356,4.34,100,0,10000,1021,9.84,87,356,4.34,100,0,10000,1021,9.84,87,356,4.34,100,0,10000,1021,9.84,87,356,4.34,100,0,10000,1021,9.84,87,356,4.34,100,0,10000,1021,9.84,87,356,4.34,100,0,10000,1021,9.84,87,356,4.34,100,0,10000
1021,9.84,87,330,4.12,100,0,10000,20,0,23,6,1021,9.46,83,360,4.3,100,0,10000,1021,9.46,83,360,4.3,100,0,10000,1021,9.46,83,360,4.3,100,0,10000,1021,9.46,83,360,4.3,100,0,10000,1021,9.46,83,360,4.3,100,0,10000,1021,9.46,83,360,4.3,100,0,10000,1021,9.46,83,360,4.3,100,0,10000,1021,9.46,83,360,4.3,100,0,10000,1021,9.46,83,360,4.3,100,0,10000,1021,9.46,83,360,4.3,100,0,10000,1021,9.46,83,360,4.3,100,0,10000,1021,9.46,83,360,4.3,100,0,10000
1021,9.84,87,330,4.12,100,0,10000,23,0,23,6,1022,8.51,82,33,4.61,99,0,10000,1022,8.51,82,33,4.61,99,0,10000,1022,8.51,82,33,4.61,99,0,10000,1022,8.51,82,33,4.61,99,0,10000,1022,8.51,82,33,4.61,99,0,10000,1022,8.51,82,33,4.61,99,0,10000,1022,8.51,82,33,4.61,99,0,10000,1022,8.51,82,33,4.61,99,0,10000,1022,8.51,82,33,4.61,99,0,10000,1022,8.51,82,33,4.61,99,0,10000,1022,8.51,82,33,4.61,99,0,10000,1022,8.51,82,33,4.61,99,0,10000
1021,9.84,87,330,4.12,100,0,10000,2,0,24,6,1021,5.58,72,24,2.07,18,0,10000,1021,5.58,72,24,2.07,18,0,10000,1021,5.58,72,24,2.07,18,0,10000,1021,5.58,72,24,2.07,18,0,10000,1021,5.58,72,24,2.07,18,0,10000,1021,5.58,72,24,2.07,18,0,10000,1021,5.58,72,24,2.07,18,0,10000,1021,5.58,72,24,2.07,18,0,10000,1021,5.58,72,24,2.07,18,0,10000,1021,5.58,72,24,2.07,18,0,10000,1021,5.58,72,24,2.07,18,0,10000,1021,5.58,72,24,2.07,18,0,10000
1021,9.84,87,330,4.12,100,0,10000,5,0,24,6,1020,7.11,68,5,1.16,43,0,10000,1020,7.11,68,5,1.16,43,0,10000,1020,7.11,68,5,1.16,43,0,10000,1020,7.11,68,5,1.16,43,0,10000,1020,7.11,68,5,1.16,43,0,10000,1020,7.11,68,5,1.16,43,0,10000,1020,7.11,68,5,1.16,43,0,10000,1020,7.11,68,5,1.16,43,0,10000,1020,7.11,68,5,1.16,43,0,10000,1020,7.11,68,5,1.16,43,0,10000,1020,7.11,68,5,1.16,43,0,10000,1020,7.11,68,5,1.16,43,0,10000
1021,9.84,87,330,4.12,100,0,10000,8,0,24,6,1019,8.9,64,324,2.03,100,0,10000,1019,8.9,64,324,2.03,100,0,10000,1019,8.9,64,324,2.03,100,0,10000,1019,8.9,64,324,2.03,100,0,10000,1019,8.9,64,324,2.03,100,0,10000,1019,8.9,64,324,2.03,100,0,10000,1019,8.9,64,324,2.03,100,0,10000,1019,8.9,64,324,2.03,100,0,10000,1019,8.9,64,324,2.03,100,0,10000,1019,8.9,64,324,2.03,100,0,10000,1019,8.9,64,324,2.03,100,0,10000,1019,8.9,64,324,2.03,100,0,10000
1021,9.84,87,330,4.12,100,0,10000,11,0,24,6,1018,9.62,64,297,2.19,100,0,10000,1018,9.62,64,297,2.19,100,0,10000,1018,9.62,64,297,2.19,100,0,10000,1018,9.62,64,297,2.19,100,0,10000,1018,9.62,64,297,2.19,100,0,10000,1018,9.62,64,297,2.19,100,0,10000,1018,9.62,64,297,2.19,100,0,10000,1018,9.62,64,297,2.19,100,0,10000,1018,9.62,64,297,2.19,100,0,10000,1018,9.62,64,297,2.19,100,0,10000,1018,9.62,64,297,2.19,100,0,10000,1018,9.62,64,297,2.19,100,0,10000
1021,9.84,87,330,4.12,100,0,10000,14,0,24,6,1017,10.16,63,290,2.74,86,0,10000,1017,10.16,63,290,2.74,86,0,10000,1017,10.16,63,290,2.74,86,0,10000,1017,10.16,63,290,2.74,86,0,10000,1017,10.16,63,290,2.74,86,0,10000,1017,10.16,63,290,2.74,86,0,10000,1017,10.16,63,290,2.74,86,0,10000,1017,10.16,63,290,2.74,86,0,10000,1017,10.16,63,290,2.74,86,0,10000,1017,10.16,63,290,2.74,86,0,10000,1017,10.16,63,290,2.74,86,0,10000,1017,10.16,63,290,2.74,86,0,10000
1021,9.84,87,330,4.12,100,0,10000,17,0,24,6,1021,9.84,87,356,4.34,100,0,10000,1021,9.84,87,356,4.34,100,0,10000,1021,9.84,87,356,4.34,100,0,10000,1021,9.84,87,356,4.34,100,0,10000,1021,9.84,87,356,4.34,100,0,10000,1021,9.84,87,356,4.34,100,0,10000,1021,9.84,87,356,4.34,100,0,10000,1021,9.84,87,356,4.34,100,0,10000,1021,9.84,87,356,4.34,100,0,10000,1021,9.84,87,356,4.34,100,0,10000,1021,9.84,87,356,4.34,100,0,10000,1021,9.84,87,356,4.34,100,0,10000
1021,9.84,87,330,4.12,100,0,10000,20,0,24,6,1021,9.46,83,360,4.3,100,0,10000,1021,9.46,83,360,4.3,100,0,10000,1021,9.46,83,360,4.3,100,0,10000,1021,9.46,83,360,4.3,100,0,10000,1021,9.46,83,360,4.3,100,0,10000,1021,9.46,83,360,4.3,100,0,10000,1021,9.46,83,360,4.3,100,0,10000,1021,9.46,83,360,4.3,100,0,10000,1021,9.46,83,360,4.3,100,0,10000,1021,9.46,83,360,4.3,100,0,10000,1021,9.46,83,360,4.3,100,0,10000,1021,9.46,83,360,4.3,100,0,10000
1021,9.84,87,330,4.12,100,0,10000,23,0,24,6,1022,8.51,82,33,4.61,99,0,10000,1022,8.51,82,33,4.61,99,0,10000,1022,8.51,82,33,4.61,99,0,10000,1022,8.51,82,33,4.61,99,0,10000,1022,8.51,82,33,4.61,99,0,10000,1022,8.51,82,33,4.61,99,0,10000,1022,8.51,82,33,4.61,99,0,10000,1022,8.51,82,33,4.61,99,0,10000,1022,8.51,82,33,4.61,99,0,10000,1022,8.51,82,33,4.61,99,0,10000,1022,8.51,82,33,4.61,99,0,10000,1022,8.51,82,33,4.61,99,0,10000
1021,9.84,87,330,4.12,100,0,10000,2,0,25,6,1021,5.58,72,24,2.07,18,0,10000,1021,5.58,72,24,2.07,18,0,10000,1021,5.58,72,24,2.07,18,0,10000,1021,5.58,72,24,2.07,18,0,10000,1021,5.58,72,24,2.07,18,0,10000,1021,5.58,72,24,2.07,18,0,10000,1021,5.58,72,24,2.07,18,0,10000,1021,5.58,72,24,2.07,18,0,10000,1021,5.58,72,24,2.07,18,0,10000,1021,5.58,72,24,2.07,18,0,10000,1021,5.58,72,24,2.07,18,0,10000,1021,5.58,72,24,2.07,18,0,10000
1021,9.84,87,330,4.12,100,0,10000,5,0,25,6,1020,7.11,68,5,1.16,43,0,10000,1020,7.11,68,5,1.16,43,0,10000,1020,7.11,68,5,1.16,43,0,10000,1020,7.11,68,5,1.16,43,0,10000,1020,7.11,68,5,1.16,43,0,10000,1020,7.11,68,5,1.16,43,0,10000,1020,7.11,68,5,1.16,43,0,10000,1020,7.11,68,5,1.16,43,0,10000,1020,7.11,68,5,1.16,43,0,10000,1020,7.11,68,5,1.16,43,0,10000,1020,7.11,68,5,1.16,43,0,10000,1020,7.11,68,5,1.16,43,0,10000
1021,9.84,87,330,4.12,100,0,10000,8,0,25,6,1019,8.9,64,324,2.03,100,0,10000,1019,8.9,64,324,2.03,100,0,10000,1019,8.9,64,324,2.03,100,0,10000,1019,8.9,64,324,2.03,100,0,10000,1019,8.9,64,324,2.03,100,0,10000,1019,8.9,64,324,2.03,100,0,10000,1019,8.9,64,324,2.03,100,0,10000,1019,8.9,64,324,2.03,100,0,10000,1019,8.9,64,324,2.03,100,0,10000,1019,8.9,64,324,2.03,100,0,10000,1019,8.9,64,324,2.03,100,0,10000,1019,8.9,64,324,2.03,100,0,10000
1021,9.84,87,330,4.12,100,0,10000,11,0,25,6,1018,9.62,64,297,2.19,100,0,10000,1018,9.62,64,297,2.19,100,0,10000,1018,9.62,64,297,2.19,100,0,10000,1018,9.62,64,297,2.19,100,0,10000,1018,9.62,64,297,2.19,100,0,10000,1018,9.62,64,297,2.19,100,0,10000,1018,9.62,64,297,2.19,100,0,10000,1018,9.62,64,297,2.19,100,0,10000,1018,9.62,64,297,2.19,100,0,10000,1018,9.62,64,297,2.19,100,0,10000,1018,9.62,64,297,2.19,100,0,10000,1018,9.62,64,297,2.19,100,0,10000
1021,9.84,87,330,4.12,100,0,10000,14,0,25,6,1017,10.16,63,290,2.74,86,0,10000,1017,10.16,63,290,2.74,86,0,10000,1017,10.16,63,290,2.74,86,0,10000,1017,10.16,63,290,2.74,86,0,10000,1017,10.16,63,290,2.74,86,0,10000,1017,10.16,63,290,2.74,86,0,10000,1017,10.16,63,290,2.74,86,0,10000,1017,10.16,63,290,2.74,86,0,10000,1017,10.16,63,290,2.74,86,0,10000,1017,10.16,63,290,2.74,86,0,10000,1017,10.16,63,290,2.74,86,0,10000,1017,10.16,63,290,2.74,86,0,10000
1021,9.84,87,330,4.12,100,0,10000,17,0,25,6,1021,9.84,87,356,4.34,100,0,10000,1021,9.84,87,356,4.34,100,0,10000,1021,9.84,87,356,4.34,100,0,10000,1021,9.84,87,356,4.34,100,0,10000,1021,9.84,87,356,4.34,100,0,10000,1021,9.84,87,356,4.34,100,0,10000,1021,9.84,87,356,4.34,100,0,10000,1021,9.84,87,356,4.34,100,0,10000,1021,9.84,87,356,4.34,100,0,10000,1021,9.84,87,356,4.34,100,0,10000,1021,9.84,87,356,4.34,100,0,10000,1021,9.84,87,356,4.34,100,0,10000
1021,9.84,87,330,4.12,100,0,10000,20,0,25,6,1021,9.46,83,360,4.3,100,0,10000,1021,9.46,83,360,4.3,100,0,10000,1021,9.46,83,360,4.3,100,0,10000,1021,9.46,83,360,4.3,100,0,10000,1021,9.46,83,360,4.3,100,0,10000,1021,9.46,83,360,4.3,100,0,10000,1021,9.46,83,360,4.3,100,0,10000,1021,9.46,83,360,4.3,100,0,10000,1021,9.46,83,360,4.3,100,0,10000,1021,9.46,83,360,4.3,100,0,10000,1021,9.46,83,360,4.3,100,0,10000,1021,9.46,83,360,4.3,100,0,10000
1021,9.84,87,330,4.12,100,0,10000,23,0,25,6,1022,8.51,82,33,4.61,99,0,10000,1022,8.51,82,33,4.61,99,0,10000,1022,8.51,82,33,4.61,99,0,10000,1022,8.51,82,33,4.61,99,0,10000,1022,8.51,82,33,4.61,99,0,10000,1022,8.51,82,33,4.61,99,0,10000,1022,8.51,82,33,4.61,99,0,10000,1022,8.51,82,33,4.61,99,0,10000,1022,8.51,82,33,4.61,99,0,10000,1022,8.51,82,33,4.61,99,0,10000,1022,8.51,82,33,4.61,99,0,10000,1022,8.51,82,33,4.61,99,0,10000
1021,9.84,87,330,4.12,100,0,10000,2,0,26,6,1021,5.58,72,24,2.07,18,0,10000,1021,5.58,72,24,2.07,18,0,10000,1021,5.58,72,24,2.07,18,0,10000,1021,5.58,72,24,2.07,18,0,10000,1021,5.58,72,24,2.07,18,0,10000,1021,5.58,72,24,2.07,18,0,10000,1021,5.58,72,24,2.07,18,0,10000,1021,5.58,72,24,2.07,18,0,10000,1021,5.58,72,24,2.07,18,0,10000,1021,5.58,72,24,2.07,18,0,10000,1021,5.58,72,24,2.07,18,0,10000,1021,5.58,72,24,2.07,18,0,10000
1021,9.84,87,330,4.12,100,0,10000,5,0,26,6,1020,7.11,68,5,1.16,43,0,10000,1020,7.11,68,5,1.16,43,0,10000,1020,7.11,68,5,1.16,43,0,10000,1020,7.11,68,5,1.16,43,0,10000,1020,7.11,68,5,1.16,43,0,10000,1020,7.11,68,5,1.16,43,0,10000,1020,7.11,68,5,1.16,43,0,10000,1020,7.11,68,5,1.16,43,0,10000,1020,7.11,68,5,1.16,43,0,10000,1020,7.11,68,5,1.16,43,0,10000,1020,7.11,68,5,1.16,43,0,10000,1020,7.11,68,5,1.16,43,0,10000
1021,9.84,87,330,4.12,100,0,10000,8,0,26,6,1019,8.9,64,324,2.03,100,0,10000,1019,8.9,64,324,2.03,100,0,10000,1019,8.9,64,324,2.03,100,0,10000,1019,8.9,64,324,2.03,100,0,10000,1019,8.9,64,324,2.03,100,0,10000,1019,8.9,64,324,2.03,100,0,10000,1019,8.9,64,324,2.03,100,0,10000,1019,8.9,64,324,2.03,100,0,10000,1019,8.9,64,324,2.03,100,0,10000,1019,8.9,64,324,2.03,100,0,10000,1019,8.9,64,324,2.03,100,0,10000,1019,8.9,64,324,2.03,100,0,10000
1021,9.84,87,330,4.12,100,0,10000,11,0,26,6,1018,9.62,64,297,2.19,100,0,10000,1018,9.62,64,297,2.19,100,0,10000,1018,9.62,64,297,2.19,100,0,10000,1018,9.62,64,297,2.19,100,0,10000,1018,9.62,64,297,2.19,100,0,10000,1018,9.62,64,297,2.19,100,0,10000,1018,9.62,64,297,2.19,100,0,10000,1018,9.62,64,297,2.19,100,0,10000,1018,9.62,64,297,2.19,100,0,10000,1018,9.62,64,297,2.19,100,0,10000,1018,9.62,64,297,2.19,100,0,10000,1018,9.62,64,297,2.19,100,0,10000
1021,9.84,87,330,4.12,100,0,10000,14,0,26,6,1017,10.16,63,290,2.74,86,0,10000,1017,10.16,63,290,2.74,86,0,10000,1017,10.16,63,290,2.74,86,0,10000,1017,10.16,63,290,2.74,86,0,10000,1017,10.16,63,290,2.74,86,0,10000,1017,10.16,63,290,2.74,86,0,10000,1017,10.16,63,290,2.74,86,0,10000,1017,10.16,63,290,2.74,86,0,10000,1017,10.16,63,290,2.74,86,0,10000,1017,10.16,63,290,2.74,86,0,10000,1017,10.16,63,290,2.74,86,0,10000,1017,10.16,63,290,2.74,86,0,10000
1021,9.84,87,330,4.12,100,0,10000,17,0,26,6,1021,9.84,87,356,4.34,100,0,10000,1021,9.84,87,356,4.34,100,0,10000,1021,9.84,87,356,4.34,100,0,10000,1021,9.84,87,356,4.34,100,0,10000,1021,9.84,87,356,4.34,100,0,10000,1021,9.84,87,356,4.34,100,0,10000,1021,9.84,87,356,4.34,100,0,10000,1021,9.84,87,356,4.34,100,0,10000,1021,9.84,87,356,4.34,100,0,10000,1021,9.84,87,356,4.34,100,0,10000,1021,9.84,87,356,4.34,100,0,10000,1021,9.84,87,356,4.34,100,0,10000
1021,9.84,87,330,4.12,100,0,10000,20,0,26,6,1021,9.46,83,360,4.3,100,0,10000,1021,9.46,83,360,4.3,100,0,10000,1021,9.46,83,360,4.3,100,0,10000,1021,9.46,83,360,4.3,100,0,10000,1021,9.46,83,360,4.3,100,0,10000,1021,9.46,83,360,4.3,100,0,10000,1021,9.46,83,360,4.3,100,0,10000,1021,9.46,83,360,4.3,100,0,10000,1021,9.46,83,360,4.3,100,0,10000,1021,9.46,83,360,4.3,100,0,10000,1021,9.46,83,360,4.3,100,0,10000,1021,9.46,83,360,4.3,100,0,10000
1021,9.84,87,330,4.12,100,0,10000,23,0,26,6,1022,8.51,82,33,4.61,99,0,10000,1022,8.51,82,33,4.61,99,0,10000,1022,8.51,82,33,4.61,99,0,10000,1022,8.51,82,33,4.61,99,0,10000,1022,8.51,82,33,4.61,99,0,10000,1022,8.51,82,33,4.61,99,0,10000,1022,8.51,82,33,4.61,99,0,10000,1022,8.51,82,33,4.61,99,0,10000,1022,8.51,82,33,4.61,99,0,10000,1022,8.51,82,33,4.61,99,0,10000,1022,8.51,82,33,4.61,99,0,10000,1022,8.51,82,33,4.61,99,0,10000
1021,9.84,87,330,4.12,100,0,10000,2,0,27,6,1021,5.58,72,24,2.07,18,0,10000,1021,5.58,72,24,2.07,18,0,10000,1021,5.58,72,24,2.07,18,0,10000,1021,5.58,72,24,2.07,18,0,10000,1021,5.58,72,24,2.07,18,0,10000,1021,5.58,72,24,2.07,18,0,10000,1021,5.58,72,24,2.07,18,0,10000,1021,5.58,72,24,2.07,18,0,10000,1021,5.58,72,24,2.07,18,0,10000,1021,5.58,72,24,2.07,18,0,10000,1021,5.58,72,24,2.07,18,0,10000,1021,5.58,72,24,2.07,18,0,10000
1021,9.84,87,330,4.12,100,0,10000,5,0,27,6,1020,7.11,68,5,1.16,43,0,10000,1020,7.11,68,5,1.16,43,0,10000,1020,7.11,68,5,1.16,43,0,10000,1020,7.11,68,5,1.16,43,0,10000,1020,7.11,68,5,1.16,43,0,10000,1020,7.11,68,5,1.16,43,0,10000,1020,7.11,68,5,1.16,43,0,10000,1020,7.11,68,5,1.16,43,0,10000,1020,7.11,68,5,1.16,43,0,10000,1020,7.11,68,5,1.16,43,0,10000,1020,7.11,68,5,1.16,43,0,10000,1020,7.11,68,5,1.16,43,0,10000
1021,9.84,87,330,4.12,100,0,10000,8,0,27,6,1019,8.9,64,324,2.03,100,0,10000,1019,8.9,64,324,2.03,100,0,10000,1019,8.9,64,324,2.03,100,0,10000,1019,8.9,64,324,2.03,100,0,10000,1019,8.9,64,324,2.03,100,0,10000,1019,8.9,64,324,2.03,100,0,10000,1019,8.9,64,324,2.03,100,0,10000,1019,8.9,64,324,2.03,100,0,10000,1019,8.9,64,324,2.03,100,0,10000,1019,8.9,64,324,2.03,100,0,10000,1019,8.9,64,324,2.03,100,0,10000,1019,8.9,64,324,2.03,100,0,10000
1021,9.84,87,330,4.12,100,0,10000,11,0,27,6,1018,9.62,64,297,2.19,100,0,10000,1018,9.62,64,297,2.19,100,0,10000,1018,9.62,64,297,2.19,100,0,10000,1018,9.62,64,297,2.19,100,0,10000,1018,9.62,64,297,2.19,100,0,10000,1018,9.62,64,297,2.19,100,0,10000,1018,9.62,64,297,2.19,100,0,10000,1018,9.62,64,297,2.19,100,0,10000,1018,9.62,64,297,2.19,100,0,10000,1018,9.62,64,297,2.19,100,0,10000,1018,9.62,64,297,2.19,100,0,10000,1018,9.62,64,297,2.19,100,0,10000
1021,9.84,87,330,4.12,100,0,10000,14,0,27,6,1017,10.16,63,290,2.74,86,0,10000,1017,10.16,63,290,2.74,86,0,10000,1017,10.16,63,290,2.74,86,0,10000,1017,10.16,63,290,2.74,86,0,10000,1017,10.16,63,290,2.74,86,0,10000,1017,10.16,63,290,2.74,86,0,10000,1017,10.16,63,290,2.74,86,0,10000,1017,10.16,63,290,2.74,86,0,10000,1017,10.16,63,290,2.74,86,0,10000,1017,10.16,63,290,2.74,86,0,10000,1017,10.16,63,290,2.74,86,0,10000,1017,10.16,63,290,2.74,86,0,10000
1021,9.84,87,330,4.12,100,0,10000,17,0,27,6,1021,9.84,87,356,4.34,100,0,10000,1021,9.84,87,356,4.34,100,0,10000,1021,9.84,87,356,4.34,100,0,10000,1021,9.84,87,356,4.34,100,0,10000,1021,9.84,87,356,4.34,100,0,10000,1021,9.84,87,356,4.34,100,0,10000,1021,9.84,87,356,4.34,100,0,10000,1021,9.84,87,356,4.34,100,0,10000,1021,9.84,87,356,4.34,100,0,10000,1021,9.84,87,356,4.34,100,0,10000,1021,9.84,87,356,4.34,100,0,10000,1021,9.84,87,356,4.34,100,0,10000
1021,9.84,87,330,4.12,100,0,10000,20,0,27,6,1021,9.46,83,360,4.3,100,0,10000,1021,9.46,83,360,4.3,100,0,10000,1021,9.46,83,360,4.3,100,0,10000,1021,9.46,83,360,4.3,100,0,10000,1021,9.46,83,360,4.3,100,0,10000,1021,9.46,83,360,4.3,100,0,10000,1021,9.46,83,360,4.3,100,0,10000,1021,9.46,83,360,4.3,100,0,10000,1021,9.46,83,360,4.3,100,0,10000,1021,9.46,83,360,4.3,100,0,10000,1021,9.46,83,360,4.3,100,0,10000,1021,9.46,83,360,4.3,100,0,10000
1021,9.84,87,330,4.12,100,0,10000,23,0,27,6,1022,8.51,82,33,4.61,99,0,10000,1022,8.51,82,33,4.61,99,0,10000,1022,8.51,82,33,4.61,99,0,10000,1022,8.51,82,33,4.61,99,0,10000,1022,8.51,82,33,4.61,99,0,10000,1022,8.51,82,33,4.61,99,0,10000,1022,8.51,82,33,4.61,99,0,10000,1022,8.51,82,33,4.61,99,0,10000,1022,8.51,82,33,4.61,99,0,10000,1022,8.51,82,33,4.61,99,0,10000,1022,8.51,82,33,4.61,99,0,10000,1022,8.51,82,33,4.61,99,0,10000
1021,9.84,87,330,4.12,100,0,10000,2,0,28,6,1021,5.58,72,24,2.07,18,0,10000,1021,5.58,72,24,2.07,18,0,10000,1021,5.58,72,24,2.07,18,0,10000,1021,5.58,72,24,2.07,18,0,10000,1021,5.58,72,24,2.07,18,0,10000,1021,5.58,72,24,2.07,18,0,10000,1021,5.58,72,24,2.07,18,0,10000,1021,5.58,72,24,2.07,18,0,10000,1021,5.58,72,24,2.07,18,0,10000,1021,5.58,72,24,2.07,18,0,10000,1021,5.58,72,24,2.07,18,0,10000,1021,5.58,72,24,2.07,18,0,10000
1021,9.84,87,330,4.12,100,0,10000,5,0,28,6,1020,7.11,68,5,1.16,43,0,10000,1020,7.11,68,5,1.16,43,0,10000,1020,7.11,68,5,1.16,43,0,10000,1020,7.11,68,5,1.16,43,0,10000,1020,7.11,68,5,1.16,43,0,10000,1020,7.11,68,5,1.16,43,0,10000,1020,7.11,68,5,1.16,43,0,10000,1020,7.11,68,5,1.16,43,0,10000,1020,7.11,68,5,1.16,43,0,10000,1020,7.11,68,5,1.16,43,0,10000,1020,7.11,68,5,1.16,43,0,10000,1020,7.11,68,5,1.16,43,0,10000
1021,9.84,87,330,4.12,100,0,10000,8,0,28,6,1019,8.9,64,324,2.03,100,0,10000,1019,8.9,64,324,2.03,100,0,10000,1019,8.9,64,324,2.03,100,0,10000,1019,8.9,64,324,2.03,100,0,10000,1019,8.9,64,324,2.03,100,0,10000,1019,8.9,64,324,2.03,100,0,10000,1019,8.9,64,324,2.03,100,0,10000,1019,8.9,64,324,2.03,100,0,10000,1019,8.9,64,324,2.03,100,0,10000,1019,8.9,64,324,2.03,100,0,10000,1019,8.9,64,324,2.03,100,0,10000,1019,8.9,64,324,2.03,100,0,10000
1021,9.84,87,330,4.12,100,0,10000,11,0,28,6,1018,9.62,64,297,2.19,100,0,10000,1018,9.62,64,297,2.19,100,0,10000,1018,9.62,64,297,2.19,100,0,10000,1018,9.62,64,297,2.19,100,0,10000,1018,9.62,64,297,2.19,100,0,10000,1018,9.62,64,297,2.19,100,0,10000,1018,9.62,64,297,2.19,100,0,10000,1018,9.62,64,297,2.19,100,0,10000,1018,9.62,64,297,2.19,100,0,10000,1018,9.62,64,297,2.19,100,0,10000,1018,9.62,64,297,2.19,100,0,10000,1018,9.62,64,297,2.19,100,0,10000
1021,9.84,87,330,4.12,100,0,10000,14,0,28,6,1017,10.16,63,290,2.74,86,0,10000,1017,10.16,63,290,2.74,86,0,10000,1017,10.16,63,290,2.74,86,0,10000,1017,10.16,63,290,2.74,86,0,10000,1017,10.16,63,290,2.74,86,0,10000,1017,10.16,63,290,2.74,86,0,10000,1017,10.16,63,290,2.74,86,0,10000,1017,10.16,63,290,2.74,86,0,10000,1017,10.16,63,290,2.74,86,0,10000,1017,10.16,63,290,2.74,86,0,10000,1017,10.16,63,290,2.74,86,0,10000,1017,10.16,63,290,2.74,86,0,10000
1021,9.84,87,330,4.12,100,0,10000,17,0,28,6,1021,9.84,87,356,4.34,100,0,10000,1021,9.84,87,356,4.34,100,0,10000,1021,9.84,87,356,4.34,100,0,10000,1021,9.84,87,356,4.34,100,0,10000,1021,9.84,87,356,4.34,100,0,10000,1021,9.84,87,356,4.34,100,0,10000,1021,9.84,87,356,4.34,100,0,10000,1021,9.84,87,356,4.34,100,0,10000,1021,9.84,87,356,4.34,100,0,10000,1021,9.84,87,356,4.34,100,0,10000,1021,9.84,87,356,4.34,100,0,10000,1021,9.84,87,356,4.34,100,0,10000
1021,9.84,87,330,4.12,100,0,10000,20,0,28,6,1021,9.46,83,360,4.3,100,0,10000,1021,9.46,83,360,4.3,100,0,10000,1021,9.46,83,360,4.3,100,0,10000,1021,9.46,83,360,4.3,100,0,10000,1021,9.46,83,360,4.3,100,0,10000,1021,9.46,83,360,4.3,100,0,10000,1021,9.46,83,360,4.3,100,0,10000,1021,9.46,83,360,4.3,100,0,10000,1021,9.46,83,360,4.3,100,0,10000,1021,9.46,83,360,4.3,100,0,10000,1021,9.46,83,360,4.3,100,0,10000,1021,9.46,83,360,4.3,100,0,10000
1021,9.84,87,330,4.12,100,0,10000,23,0,28,6,1022,8.51,82,33,4.61,99,0,10000,1022,8.51,82,33,4.61,99,0,10000,1022,8.51,82,33,4.61,99,0,10000,1022,8.51,82,33,4.61,99,0,10000,1022,8.51,82,33,4.61,99,0,10000,1022,8.51,82,33,4.61,99,0,10000,1022,8.51,82,33,4.61,99,0,10000,1022,8.51,82,33,4.61,99,0,10000,1022,8.51,82,33,4.61,99,0,10000,1022,8.51,82,33,4.61,99,0,10000,1022,8.51,82,33,4.61,99,0,10000,1022,8.51,82,33,4.61,99,0,10000
1021,9.84,87,330,4.12,100,0,10000,2,0,29,6,1021,5.58,72,24,2.07,18,0,10000,1021,5.58,72,24,2.07,18,0,10000,1021,5.58,72,24,2.07,18,0,10000,1021,5.58,72,24,2.07,18,0,10000,1021,5.58,72,24,2.07,18,0,10000,1021,5.58,72,24,2.07,18,0,10000,1021,5.58,72,24,2.07,18,0,10000,1021,5.58,72,24,2.07,18,0,10000,1021,5.58,72,24,2.07,18,0,10000,1021,5.58,72,24,2.07,18,0,10000,1021,5.58,72,24,2.07,18,0,10000,1021,5.58,72,24,2.07,18,0,10000
1021,9.84,87,330,4.12,100,0,10000,5,0,29,6,1020,7.11,68,5,1.16,43,0,10000,1020,7.11,68,5,1.16,43,0,10000,1020,7.11,68,5,1.16,43,0,10000,1020,7.11,68,5,1.16,43,0,10000,1020,7.11,68,5,1.16,43,0,10000,1020,7.11,68,5,1.16,43,0,10000,1020,7.11,68,5,1.16,43,0,10000,1020,7.11,68,5,1.16,43,0,10000,1020,7.11,68,5,1.16,43,0,10000,1020,7.11,68,5,1.16,43,0,10000,1020,7.11,68,5,1.16,43,0,10000,1020,7.11,68,5,1.16,43,0,10000
1021,9.84,87,330,4.12,100,0,10000,8,0,29,6,1019,8.9,64,324,2.03,100,0,10000,1019,8.9,64,324,2.03,100,0,10000,1019,8.9,64,324,2.03,100,0,10000,1019,8.9,64,324,2.03,100,0,10000,1019,8.9,64,324,2.03,100,0,10000,1019,8.9,64,324,2.03,100,0,10000,1019,8.9,64,324,2.03,100,0,10000,1019,8.9,64,324,2.03,100,0,10000,1019,8.9,64,324,2.03,100,0,10000,1019,8.9,64,324,2.03,100,0,10000,1019,8.9,64,324,2.03,100,0,10000,1019,8.9,64,324,2.03,100,0,10000
1021,9.84,87,330,4.12,100,0,10000,11,0,29,6,1018,9.62,64,297,2.19,100,0,10000,1018,9.62,64,297,2.19,100,0,10000,1018,9.62,64,297,2.19,100,0,10000,1018,9.62,64,297,2.19,100,0,10000,1018,9.62,64,297,2.19,100,0,10000,1018,9.62,64,297,2.19,100,0,10000,1018,9.62,64,297,2.19,100,0,10000,1018,9.62,64,297,2.19,100,0,10000,1018,9.62,64,297,2.19,100,0,10000,1018,9.62,64,297,2.19,100,0,10000,1018,9.62,64,297,2.19,100,0,10000,1018,9.62,64,297,2.19,100,0,10000
1021,9.84,87,330,4.12,100,0,10000,14,0,29,6,1017,10.16,63,290,2.74,86,0,10000,1017,10.16,63,290,2.74,86,0,10000,1017,10.16,63,290,2.74,86,0,10000,1017,10.16,63,290,2.74,86,0,10000,1017,10.16,63,290,2.74,86,0,10000,1017,10.16,63,290,2.74,86,0,10000,1017,10.16,63,290,2.74,86,0,10000,1017,10.16,63,290,2.74,86,0,10000,1017,10.16,63,290,2.74,86,0,10000,1017,10.16,63,290,2.74,86,0,10000,1017,10.16,63,290,2.74,86,0,10000,1017,10.16,63,290,2.74,86,0,10000
1021,9.84,87,330,4.12,100,0,10000,17,0,29,6,1021,9.84,87,356,4.34,100,0,10000,1021,9.84,87,356,4.34,100,0,10000,1021,9.84,87,356,4.34,100,0,10000,1021,9.84,87,356,4.34,100,0,10000,1021,9.84,87,356,4.34,100,0,10000,1021,9.84,87,356,4.34,100,0,10000,1021,9.84,87,356,4.34,100,0,10000,1021,9.84,87,356,4.34,100,0,10000,1021,9.84,87,356,4.34,100,0,10000,1021,9.84,87,356,4.34,100,0,10000,1021,9.84,87,356,4.34,100,0,10000,1021,9.84,87,356,4.34,100,0,10000
1021,9.84,87,330,4.12,100,0,10000,20,0,29,6,1021,9.46,83,360,4.3,100,0,10000,1021,9.46,83,360,4.3,100,0,10000,1021,9.46,83,360,4.3,100,0,10000,1021,9.46,83,360,4.3,100,0,10000,1021,9.46,83,360,4.3,100,0,10000,1021,9.46,83,360,4.3,100,0,10000,1021,9.46,83,360,4.3,100,0,10000,1021,9.46,83,360,4.3,100,0,10000,1021,9.46,83,360,4.3,100,0,10000,1021,9.46,83,360,4.3,100,0,10000,1021,9.46,83,360,4.3,100,0,10000,1021,9.46,83,360,4.3,100,0,10000
1021,9.84,87,330,4.12,100,0,10000,23,0,29,6,1022,8.51,82,33,4.61,99,0,10000,1022,8.51,82,33,4.61,99,0,10000,1022,8.51,82,33,4.61,99,0,10000,1022,8.51,82,33,4.61,99,0,10000,1022,8.51,82,33,4.61,99,0,10000,1022,8.51,82,33,4.61,99,0,10000,1022,8.51,82,33,4.61,99,0,10000,1022,8.51,82,33,4.61,99,0,10000,1022,8.51,82,33,4.61,99,0,10000,1022,8.51,82,33,4.61,99,0,10000,1022,8.51,82,33,4.61,99,0,10000,1022,8.51,82,33,4.61,99,0,10000
1021,9.84,87,330,4.12,100,0,10000,2,0,30,6,1021,5.58,72,24,2.07,18,0,10000,1021,5.58,72,24,2.07,18,0,10000,1021,5.58,72,24,2.07,18,0,10000,1021,5.58,72,24,2.07,18,0,10000,1021,5.58,72,24,2.07,18,0,10000,1021,5.58,72,24,2.07,18,0,10000,1021,5.58,72,24,2.07,18,0,10000,1021,5.58,72,24,2.07,18,0,10000,1021,5.58,72,24,2.07,18,0,10000,1021,5.58,72,24,2.07,18,0,10000,1021,5.58,72,24,2.07,18,0,10000,1021,5.58,72,24,2.07,18,0,10000
1021,9.84,87,330,4.12,100,0,10000,5,0,30,6,1020,7.11,68,5,1.16,43,0,10000,1020,7.11,68,5,1.16,43,0,10000,1020,7.11,68,5,1.16,43,0,10000,1020,7.11,68,5,1.16,43,0,10000,1020,7.11,68,5,1.16,43,0,10000,1020,7.11,68,5,1.16,43,0,10000,1020,7.11,68,5,1.16,43,0,10000,1020,7.11,68,5,1.16,43,0,10000,1020,7.11,68,5,1.16,43,0,10000,1020,7.11,68,5,1.16,43,0,10000,1020,7.11,68,5,1.16,43,0,10000,1020,7.11,68,5,1.16,43,0,10000
1021,9.84,87,330,4.12,100,0,10000,8,0,30,6,1019,8.9,64,324,2.03,100,0,10000,1019,8.9,64,324,2.03,100,0,10000,1019,8.9,64,324,2.03,100,0,10000,1019,8.9,64,324,2.03,100,0,10000,1019,8.9,64,324,2.03,100,0,10000,1019,8.9,64,324,2.03,100,0,10000,1019,8.9,64,324,2.03,100,0,10000,1019,8.9,64,324,2.03,100,0,10000,1019,8.9,64,324,2.03,100,0,10000,1019,8.9,64,324,2.03,100,0,10000,1019,8.9,64,324,2.03,100,0,10000,1019,8.9,64,324,2.03,100,0,10000
1021,9.84,87,330,4.12,100,0,10000,11,0,30,6,1018,9.62,64,297,2.19,100,0,10000,1018,9.62,64,297,2.19,100,0,10000,1018,9.62,64,297,2.19,100,0,10000,1018,9.62,64,297,2.19,100,0,10000,1018,9.62,64,297,2.19,100,0,10000,1018,9.62,64,297,2.19,100,0,10000,1018,9.62,64,297,2.19,100,0,10000,1018,9.62,64,297,2.19,100,0,10000,1018,9.62,64,297,2.19,100,0,10000,1018,9.62,64,297,2.19,100,0,10000,1018,9.62,64,297,2.19,100,0,10000,1018,9.62,64,297,2.19,100,0,10000
1021,9.84,87,330,4.12,100,0,10000,14,0,30,6,1017,10.16,63,290,2.74,86,0,10000,1017,10.16,63,290,2.74,86,0,10000,1017,10.16,63,290,2.74,86,0,10000,1017,10.16,63,290,2.74,86,0,10000,1017,10.16,63,290,2.74,86,0,10000,1017,10.16,63,290,2.74,86,0,10000,1017,10.16,63,290,2.74,86,0,10000,1017,10.16,63,290,2.74,86,0,10000,1017,10.16,63,290,2.74,86,0,10000,1017,10.16,63,290,2.74,86,0,10000,1017,10.16,63,290,2.74,86,0,10000,1017,10.16,63,290,2.74,86,0,10000
1021,9.84,87,330,4.12,100,0,10000,17,0,30,6,1021,9.84,87,356,4.34,100,0,10000,1021,9.84,87,356,4.34,100,0,10000,1021,9.84,87,356,4.34,100,0,10000,1021,9.84,87,356,4.34,100,0,10000,1021,9.84,87,356,4.34,100,0,10000,1021,9.84,87,356,4.34,100,0,10000,1021,9.84,87,356,4.34,100,0,10000,1021,9.84,87,356,4.34,100,0,10000,1021,9.84,87,356,4.34,100,0,10000,1021,9.84,87,356,4.34,100,0,10000,1021,9.84,87,356,4.34,100,0,10000,1021,9.84,87,356,4.34,100,0,10000
1021,9.84,87,330,4.12,100,0,10000,20,0,30,6,1021,9.46,83,360,4.3,100,0,10000,1021,9.46,83,360,4.3,100,0,10000,1021,9.46,83,360,4.3,100,0,10000,1021,9.46,83,360,4.3,100,0,10000,1021,9.46,83,360,4.3,100,0,10000,1021,9.46,83,360,4.3,100,0,10000,1021,9.46,83,360,4.3,100,0,10000,1021,9.46,83,360,4.3,100,0,10000,1021,9.46,83,360,4.3,100,0,10000,1021,9.46,83,360,4.3,100,0,10000,1021,9.46,83,360,4.3,100,0,10000,1021,9.46,83,360,4.3,100,0,10000
1021,9.84,87,330,4.12,100,0,10000,23,0,30,6,1022,8.51,82,33,4.61,99,0,10000,1022,8.51,82,33,4.61,99,0,10000,1022,8.51,82,33,4.61,99,0,10000,1022,8.51,82,33,4.61,99,0,10000,1022,8.51,82,33,4.61,99,0,10000,1022,8.51,82,33,4.61,99,0,10000,1022,8.51,82,33,4.61,99,0,10000,1022,8.51,82,33,4.61,99,0,10000,1022,8.51,82,33,4.61,99,0,10000,1022,8.51,82,33,4.61,99,0,10000,1022,8.51,82,33,4.61,99,0,10000,1022,8.51,82,33,4.61,99,0,10000
1021,9.84,87,330,4.12,100,0,10000,2,0,1,7,1021,5.58,72,24,2.07,18,0,10000,1021,5.58,72,24,2.07,18,0,10000,1021,5.58,72,24,2.07,18,0,10000,1021,5.58,72,24,2.07,18,0,10000,1021,5.58,72,24,2.07,18,0,10000,1021,5.58,72,24,2.07,18,0,10000,1021,5.58,72,24,2.07,18,0,10000,1021,5.58,72,24,2.07,18,0,10000,1021,5.58,72,24,2.07,18,0,10000,1021,5.58,72,24,2.07,18,0,10000,1021,5.58,72,24,2.07,18,0,10000,1021,5.58,72,24,2.07,18,0,10000
1021,9.84,87,330,4.12,100,0,10000,5,0,1,7,1020,7.11,68,5,1.16,43,0,10000,1020,7.11,68,5,1.16,43,0,10000,1020,7.11,68,5,1.16,43,0,10000,1020,7.11,68,5,1.16,43,0,10000,1020,7.11,68,5,1.16,43,0,10000,1020,7.11,68,5,1.16,43,0,10000,1020,7.11,68,5,1.16,43,0,10000,1020,7.11,68,5,1.16,43,0,10000,1020,7.11,68,5,1.16,43,0,10000,1020,7.11,68,5,1.16,43,0,10000,1020,7.11,68,5,1.16,43,0,10000,1020,7.11,68,5,1.16,43,0,10000
1021,9.84,87,330,4.12,100,0,10000,8,0,1,7,1019,8.9,64,324,2.03,100,0,10000,1019,8.9,64,324,2.03,100,0,10000,1019,8.9,64,324,2.03,100,0,10000,1019,8.9,64,324,2.03,100,0,10000,1019,8.9,64,324,2.03,100,0,10000,1019,8.9,64,324,2.03,100,0,10000,1019,8.9,64,324,2.03,100,0,10000,1019,8.9,64,324,2.03,100,0,10000,1019,8.9,64,324,2.03,100,0,10000,1019,8.9,64,324,2.03,100,0,10000,1019,8.9,64,324,2.03,100,0,10000,1019,8.9,64,324,2.03,100,0,10000
1021,9.84,87,330,4.12,100,0,10000,11,0,1,7,1018,9.62,64,297,2.19,100,0,10000,1018,9.62,64,297,2.19,100,0,10000,1018,9.62,64,297,2.19,100,0,10000,1018,9.62,64,297,2.19,100,0,10000,1018,9.62,64,297,2.19,100,0,10000,1018,9.62,64,297,2.19,100,0,10000,1018,9.62,64,297,2.19,100,0,10000,1018,9.62,64,297,2.19,100,0,10000,1018,9.62,64,297,2.19,100,0,10000,1018,9.62,64,297,2.19,100,0,10000,1018,9.62,64,297,2.19,100,0,10000,1018,9.62,64,297,2.19,100,0,10000
1021,9.84,87,330,4.12,100,0,10000,14,0,1,7,1017,10.16,63,290,2.74,86,0,10000,1017,10.16,63,290,2.74,86,0,10000,1017,10.16,63,290,2.74,86,0,10000,1017,10.16,63,290,2.74,86,0,10000,1017,10.16,63,290,2.74,86,0,10000,1017,10.16,63,290,2.74,86,0,10000,1017,10.16,63,290,2.74,86,0,10000,1017,10.16,63,290,2.74,86,0,10000,1017,10.16,63,290,2.74,86,0,10000,1017,10.16,63,290,2.74,86,0,10000,1017,10.16,63,290,2.74,86,0,10000,1017,10.16,63,290,2.74,86,0,10000
1021,9.84,87,330,4.12,100,0,10000,17,0,1,7,1021,9.84,87,356,4.34,100,0,10000,1021,9.84,87,356,4.34,100,0,10000,1021,9.84,87,356,4.34,100,0,10000,1021,9.84,87,356,4.34,100,0,10000,1021,9.84,87,356,4.34,100,0,10000,1021,9.84,87,356,4.34,100,0,10000,1021,9.84,87,356,4.34,100,0,10000,1021,9.84,87,356,4.34,100,0,10000,1021,9.84,87,356,4.34,100,0,10000,1021,9.84,87,356,4.34,100,0,10000,1021,9.84,87,356,4.34,100,0,10000,1021,9.84,87,356,4.34,100,0,10000
1021,9.84,87,330,4.12,100,0,10000,20,0,1,7,1021,9.46,83,360,4.3,100,0,10000,1021,9.46,83,360,4.3,100,0,10000,1021,9.46,83,360,4.3,100,0,10000,1021,9.46,83,360,4.3,100,0,10000,1021,9.46,83,360,4.3,100,0,10000,1021,9.46,83,360,4.3,100,0,10000,1021,9.46,83,360,4.3,100,0,10000,1021,9.46,83,360,4.3,100,0,10000,1021,9.46,83,360,4.3,100,0,10000,1021,9.46,83,360,4.3,100,0,10000,1021,9.46,83,360,4.3,100,0,10000,1021,9.46,83,360,4.3,100,0,10000
1021,9.84,87,330,4.12,100,0,10000,23,0,1,7,1022,8.51,82,33,4.61,99,0,10000,1022,8.51,82,33,4.61,99,0,10000,1022,8.51,82,33,4.61,99,0,10000,1022,8.51,82,33,4.61,99,0,10000,1022,8.51,82,33,4.61,99,0,10000,1022,8.51,82,33,4.61,99,0,10000,1022,8.51,82,33,4.61,99,0,10000,1022,8.51,82,33,4.61,99,0,10000,1022,8.51,82,33,4.61,99,0,10000,1022,8.51,82,33,4.61,99,0,10000,1022,8.51,82,33,4.61,99,0,10000,1022,8.51,82,33,4.61,99,0,10000
1021,9.84,87,330,4.12,100,0,10000,2,0,2,7,1021,5.58,72,24,2.07,18,0,10000,1021,5.58,72,24,2.07,18,0,10000,1021,5.58,72,24,2.07,18,0,10000,1021,5.58,72,24,2.07,18,0,10000,1021,5.58,72,24,2.07,18,0,10000,1021,5.58,72,24,2.07,18,0,10000,1021,5.58,72,24,2.07,18,0,10000,1021,5.58,72,24,2.07,18,0,10000,1021,5.58,72,24,2.07,18,0,10000,1021,5.58,72,24,2.07,18,0,10000,1021,5.58,72,24,2.07,18,0,10000,1021,5.58,72,24,2.07,18,0,10000
1021,9.84,87,330,4.12,100,0,10000,5,0,2,7,1020,7.11,68,5,1.16,43,0,10000,1020,7.11,68,5,1.16,43,0,10000,1020,7.11,68,5,1.16,43,0,10000,1020,7.11,68,5,1.16,43,0,10000,1020,7.11,68,5,1.16,43,0,10000,1020,7.11,68,5,1.16,43,0,10000,1020,7.11,68,5,1.16,43,0,10000,1020,7.11,68,5,1.16,43,0,10000,1020,7.11,68,5,1.16,43,0,10000,1020,7.11,68,5,1.16,43,0,10000,1020,7.11,68,5,1.16,43,0,10000,1020,7.11,68,5,1.16,43,0,10000
1021,9.84,87,330,4.12,100,0,10000,8,0,2,7,1019,8.9,64,324,2.03,100,0,10000,1019,8.9,64,324,2.03,100,0,10000,1019,8.9,64,324,2.03,100,0,10000,1019,8.9,64,324,2.03,100,0,10000,1019,8.9,64,324,2.03,100,0,10000,1019,8.9,64,324,2.03,100,0,10000,1019,8.9,64,324,2.03,100,0,10000,1019,8.9,64,324,2.03,100,0,10000,1019,8.9,64,324,2.03,100,0,10000,1019,8.9,64,324,2.03,100,0,10000,1019,8.9,64,324,2.03,100,0,10000,1019,8.9,64,324,2.03,100,0,10000
1021,9.84,87,330,4.12,100,0,10000,11,0,2,7,1018,9.62,64,297,2.19,100,0,10000,1018,9.62,64,297,2.19,100,0,10000,1018,9.62,64,297,2.19,100,0,10000,1018,9.62,64,297,2.19,100,0,10000,1018,9.62,64,297,2.19,100,0,10000,1018,9.62,64,297,2.19,100,0,10000,1018,9.62,64,297,2.19,100,0,10000,1018,9.62,64,297,2.19,100,0,10000,1018,9.62,64,297,2.19,100,0,10000,1018,9.62,64,297,2.19,100,0,10000,1018,9.62,64,297,2.19,100,0,10000,1018,9.62,64,297,2.19,100,0,10000
1021,9.84,87,330,4.12,100,0,10000,14,0,2,7,1017,10.16,63,290,2.74,86,0,10000,1017,10.16,63,290,2.74,86,0,10000,1017,10.16,63,290,2.74,86,0,10000,1017,10.16,63,290,2.74,86,0,10000,1017,10.16,63,290,2.74,86,0,10000,1017,10.16,63,290,2.74,86,0,10000,1017,10.16,63,290,2.74,86,0,10000,1017,10.16,63,290,2.74,86,0,10000,1017,10.16,63,290,2.74,86,0,10000,1017,10.16,63,290,2.74,86,0,10000,1017,10.16,63,290,2.74,86,0,10000,1017,10.16,63,290,2.74,86,0,10000
1021,9.84,87,330,4.12,100,0,10000,17,0,2,7,1021,9.84,87,356,4.34,100,0,10000,1021,9.84,87,356,4.34,100,0,10000,1021,9.84,87,356,4.34,100,0,10000,1021,9.84,87,356,4.34,100,0,10000,1021,9.84,87,356,4.34,100,0,10000,1021,9.84,87,356,4.34,100,0,10000,1021,9.84,87,356,4.34,100,0,10000,1021,9.84,87,356,4.34,100,0,10000,1021,9.84,87,356,4.34,100,0,10000,1021,9.84,87,356,4.34,100,0,10000,1021,9.84,87,356,4.34,100,0,10000,1021,9.84,87,356,4.34,100,0,10000
1021,9.84,87,330,4.12,100,0,10000,20,0,2,7,1021,9.46,83,360,4.3,100,0,10000,1021,9.46,83,360,4.3,100,0,10000,1021,9.46,83,360,4.3,100,0,10000,1021,9.46,83,360,4.3,100,0,10000,1021,9.46,83,360,4.3,100,0,10000,1021,9.46,83,360,4.3,100,0,10000,1021,9.46,83,360,4.3,100,0,10000,1021,9.46,83,360,4.3,100,0,10000,1021,9.46,83,360,4.3,100,0,10000,1021,9.46,83,360,4.3,100,0,10000,1021,9.46,83,360,4.3,100,0,10000,1021,9.46,83,360,4.3,100,0,10000
1021,9.84,87,330,4.12,100,0,10000,23,0,2,7,1022,8.51,82,33,4.61,99,0,10000,1022,8.51,82,33,4.61,99,0,10000,1022,8.51,82,33,4.61,99,0,10000,1022,8.51,82,33,4.61,99,0,10000,1022,8.51,82,33,4.61,99,0,10000,1022,8.51,82,33,4.61,99,0,10000,1022,8.51,82,33,4.61,99,0,10000,1022,8.51,82,33,4.61,99,0,10000,1022,8.51,82,33,4.61,99,0,10000,1022,8.51,82,33,4.61,99,0,10000,1022,8.51,82,33,4.61,99,0,10000,1022,8.51,82,33,4.61,99,0,10000
1021,9.84,87,330,4.12,100,0,10000,2,0,3,7,1021,5.58,72,24,2.07,18,0,10000,1021,5.58,72,24,2.07,18,0,10000,1021,5.58,72,24,2.07,18,0,10000,1021,5.58,72,24,2.07,18,0,10000,1021,5.58,72,24,2.07,18,0,10000,1021,5.58,72,24,2.07,18,0,10000,1021,5.58,72,24,2.07,18,0,10000,1021,5.58,72,24,2.07,18,0,10000,1021,5.58,72,24,2.07,18,0,10000,1021,5.58,72,24,2.07,18,0,10000,1021,5.58,72,24,2.07,18,0,10000,1021,5.58,72,24,2.07,18,0,10000
1021,9.84,87,330,4.12,100,0,10000,5,0,3,7,1020,7.11,68,5,1.16,43,0,10000,1020,7.11,68,5,1.16,43,0,10000,1020,7.11,68,5,1.16,43,0,10000,1020,7.11,68,5,1.16,43,0,10000,1020,7.11,68,5,1.16,43,0,10000,1020,7.11,68,5,1.16,43,0,10000,1020,7.11,68,5,1.16,43,0,10000,1020,7.11,68,5,1.16,43,0,10000,1020,7.11,68,5,1.16,43,0,10000,1020,7.11,68,5,1.16,43,0,10000,1020,7.11,68,5,1.16,43,0,10000,1020,7.11,68,5,1.16,43,0,10000
1021,9.84,87,330,4.12,100,0,10000,8,0,3,7,1019,8.9,64,324,2.03,100,0,10000,1019,8.9,64,324,2.03,100,0,10000,1019,8.9,64,324,2.03,100,0,10000,1019,8.9,64,324,2.03,100,0,10000,1019,8.9,64,324,2.03,100,0,10000,1019,8.9,64,324,2.03,100,0,10000,1019,8.9,64,324,2.03,100,0,10000,1019,8.9,64,324,2.03,100,0,10000,1019,8.9,64,324,2.03,100,0,10000,1019,8.9,64,324,2.03,100,0,10000,1019,8.9,64,324,2.03,100,0,10000,1019,8.9,64,324,2.03,100,0,10000
1021,9.84,87,330,4.12,100,0,10000,11,0,3,7,1018,9.62,64,297,2.19,100,0,10000,1018,9.62,64,297,2.19,100,0,10000,1018,9.62,64,297,2.19,100,0,10000,1018,9.62,64,297,2.19,100,0,10000,1018,9.62,64,297,2.19,100,0,10000,1018,9.62,64,297,2.19,100,0,10000,1018,9.62,64,297,2.19,100,0,10000,1018,9.62,64,297,2.19,100,0,10000,1018,9.62,64,297,2.19,100,0,10000,1018,9.62,64,297,2.19,100,0,10000,1018,9.62,64,297,2.19,100,0,10000,1018,9.62,64,297,2.19,100,0,10000
1021,9.84,87,330,4.12,100,0,10000,14,0,3,7,1017,10.16,63,290,2.74,86,0,10000,1017,10.16,63,290,2.74,86,0,10000,1017,10.16,63,290,2.74,86,0,10000,1017,10.16,63,290,2.74,86,0,10000,1017,10.16,63,290,2.74,86,0,10000,1017,10.16,63,290,2.74,86,0,10000,1017,10.16,63,290,2.74,86,0,10000,1017,10.16,63,290,2.74,86,0,10000,1017,10.16,63,290,2.74,86,0,10000,1017,10.16,63,290,2.74,86,0,10000,1017,10.16,63,290,2.74,86,0,10000,1017,10.16,63,290,2.74,86,0,10000
1021,9.84,87,330,4.12,100,0,10000,17,0,3,7,1021,9.84,87,356,4.34,100,0,10000,1021,9.84,87,356,4.34,100,0,10000,1021,9.84,87,356,4.34,100,0,10000,1021,9.84,87,356,4.34,100,0,10000,1021,9.84,87,356,4.34,100,0,10000,1021,9.84,87,356,4.34,100,0,10000,1021,9.84,87,356,4.34,100,0,10000,1021,9.84,87,356,4.34,100,0,10000,1021,9.84,87,356,4.34,100,0,10000,1021,9.84,87,356,4.34,100,0,10000,1021,9.84,87,356,4.34,100,0,10000,1021,9.84,87,356,4.34,100,0,10000
1021,9.84,87,330,4.12,100,0,10000,20,0,3,7,1021,9.46,83,360,4.3,100,0,10000,1021,9.46,83,360,4.3,100,0,10000,1021,9.46,83,360,4.3,100,0,10000,1021,9.46,83,360,4.3,100,0,10000,1021,9.46,83,360,4.3,100,0,10000,1021,9.46,83,360,4.3,100,0,10000,1021,9.46,83,360,4.3,100,0,10000,1021,9.46,83,360,4.3,100,0,10000,1021,9.46,83,360,4.3,100,0,10000,1021,9.46,83,360,4.3,100,0,10000,1021,9.46,83,360,4.3,100,0,10000,1021,9.46,83,360,4.3,100,0,10000
1021,9.84,87,330,4.12,100,0,10000,23,0,3,7,1022,8.51,82,33,4.61,99,0,10000,1022,8.51,82,33,4.61,99,0,10000,1022,8.51,82,33,4.61,99,0,10000,1022,8.51,82,33,4.61,99,0,10000,1022,8.51,82,33,4.61,99,0,10000,1022,8.51,82,33,4.61,99,0,10000,1022,8.51,82,33,4.61,99,0,10000,1022,8.51,82,33,4.61,99,0,10000,1022,8.51,82,33,4.61,99,0,10000,1022,8.51,82,33,4.61,99,0,10000,1022,8.51,82,33,4.61,99,0,10000,1022,8.51,82,33,4.61,99,0,10000
1021,9.84,87,330,4.12,100,0,10000,2,0,4,7,1021,5.58,72,24,2.07,18,0,10000,1021,5.58,72,24,2.07,18,0,10000,1021,5.58,72,24,2.07,18,0,10000,1021,5.58,72,24,2.07,18,0,10000,1021,5.58,72,24,2.07,18,0,10000,1021,5.58,72,24,2.07,18,0,10000,1021,5.58,72,24,2.07,18,0,10000,1021,5.58,72,24,2.07,18,0,10000,1021,5.58,72,24,2.07,18,0,10000,1021,5.58,72,24,2.07,18,0,10000,1021,5.58,72,24,2.07,18,0,10000,1021,5.58,72,24,2.07,18,0,10000
1021,9.84,87,330,4.12,100,0,10000,5,0,4,7,1020,7.11,68,5,1.16,43,0,10000,1020,7.11,68,5,1.16,43,0,10000,1020,7.11,68,5,1.16,43,0,10000,1020,7.11,68,5,1.16,43,0,10000,1020,7.11,68,5,1.16,43,0,10000,1020,7.11,68,5,1.16,43,0,10000,1020,7.11,68,5,1.16,43,0,10000,1020,7.11,68,5,1.16,43,0,10000,1020,7.11,68,5,1.16,43,0,10000,1020,7.11,68,5,1.16,43,0,10000,1020,7.11,68,5,1.16,43,0,10000,1020,7.11,68,5,1.16,43,0,10000
1021,9.84,87,330,4.12,100,0,10000,8,0,4,7,1019,8.9,64,324,2.03,100,0,10000,1019,8.9,64,324,2.03,100,0,10000,1019,8.9,64,324,2.03,100,0,10000,1019,8.9,64,324,2.03,100,0,10000,1019,8.9,64,324,2.03,100,0,10000,1019,8.9,64,324,2.03,100,0,10000,1019,8.9,64,324,2.03,100,0,10000,1019,8.9,64,324,2.03,100,0,10000,1019,8.9,64,324,2.03,100,0,10000,1019,8.9,64,324,2.03,100,0,10000,1019,8.9,64,324,2.03,100,0,10000,1019,8.9,64,324,2.03,100,0,10000
1021,9.84,87,330,4.12,100,0,10000,11,0,4,7,1018,9.62,64,297,2.19,100,0,10000,1018,9.62,64,297,2.19,100,0,10000,1018,9.62,64,297,2.19,100,0,10000,1018,9.62,64,297,2.19,100,0,10000,1018,9.62,64,297,2.19,100,0,10000,1018,9.62,64,297,2.19,100,0,10000,1018,9.62,64,297,2.19,100,0,10000,1018,9.62,64,297,2.19,100,0,10000,1018,9.62,64,297,2.19,100,0,10000,1018,9.62,64,297,2.19,100,0,10000,1018,9.62,64,297,2.19,100,0,10000,1018,9.62,64,297,2.19,100,0,10000
1021,9.84,87,330,4.12,100,0,10000,14,0,4,7,1017,10.16,63,290,2.74,86,0,10000,1017,10.16,63,290,2.74,86,0,10000,1017,10.16,63,290,2.74,86,0,10000,1017,10.16,63,290,2.74,86,0,10000,1017,10.16,63,290,2.74,86,0,10000,1017,10.16,63,290,2.74,86,0,10000,1017,10.16,63,290,2.74,86,0,10000,1017,10.16,63,290,2.74,86,0,10000,1017,10.16,63,290,2.74,86,0,10000,1017,10.16,63,290,2.74,86,0,10000,1017,10.16,63,290,2.74,86,0,10000,1017,10.16,63,290,2.74,86,0,10000
1021,9.84,87,330,4.12,100,0,10000,17,0,4,7,1016,9.29,72,356,2.17,58,0,10000,1016,9.29,72,356,2.17,58,0,10000,1016,9.29,72,356,2.17,58,0,10000,1016,9.29,72,356,2.17,58,0,10000,1016,9.29,72,356,2.17,58,0,10000,1016,9.29,72,356,2.17,58,0,10000,1016,9.29,72,356,2.17,58,0,10000,1016,9.29,72,356,2.17,58,0,10000,1016,9.29,72,356,2.17,58,0,10000,1016,9.29,72,356,2.17,58,0,10000,1016,9.29,72,356,2.17,58,0,10000,1016,9.29,72,356,2.17,58,0,10000
1021,9.84,87,330,4.12,100,0,10000,20,0,4,7,1021,9.46,83,360,4.3,100,0,10000,1021,9.46,83,360,4.3,100,0,10000,1021,9.46,83,360,4.3,100,0,10000,1021,9.46,83,360,4.3,100,0,10000,1021,9.46,83,360,4.3,100,0,10000,1021,9.46,83,360,4.3,100,0,10000,1021,9.46,83,360,4.3,100,0,10000,1021,9.46,83,360,4.3,100,0,10000,1021,9.46,83,360,4.3,100,0,10000,1021,9.46,83,360,4.3,100,0,10000,1021,9.46,83,360,4.3,100,0,10000,1021,9.46,83,360,4.3,100,0,10000
1021,9.84,87,330,4.12,100,0,10000,23,0,4,7,1022,8.51,82,33,4.61,99,0,10000,1022,8.51,82,33,4.61,99,0,10000,1022,8.51,82,33,4.61,99,0,10000,1022,8.51,82,33,4.61,99,0,10000,1022,8.51,82,33,4.61,99,0,10000,1022,8.51,82,33,4.61,99,0,10000,1022,8.51,82,33,4.61,99,0,10000,1022,8.51,82,33,4.61,99,0,10000,1022,8.51,82,33,4.61,99,0,10000,1022,8.51,82,33,4.61,99,0,10000,1022,8.51,82,33,4.61,99,0,10000,1022,8.51,82,33,4.61,99,0,10000
1021,9.84,87,330,4.12,100,0,10000,2,0,5,7,1021,5.58,72,24,2.07,18,0,10000,1021,5.58,72,24,2.07,18,0,10000,1021,5.58,72,24,2.07,18,0,10000,1021,5.58,72,24,2.07,18,0,10000,1021,5.58,72,24,2.07,18,0,10000,1021,5.58,72,24,2.07,18,0,10000,1021,5.58,72,24,2.07,18,0,10000,1021,5.58,72,24,2.07,18,0,10000,1021,5.58,72,24,2.07,18,0,10000,1021,5.58,72,24,2.07,18,0,10000,1021,5.58,72,24,2.07,18,0,10000,1021,5.58,72,24,2.07,18,0,10000
1021,9.84,87,330,4.12,100,0,10000,5,0,5,7,1020,7.11,68,5,1.16,43,0,10000,1020,7.11,68,5,1.16,43,0,10000,1020,7.11,68,5,1.16,43,0,10000,1020,7.11,68,5,1.16,43,0,10000,1020,7.11,68,5,1.16,43,0,10000,1020,7.11,68,5,1.16,43,0,10000,1020,7.11,68,5,1.16,43,0,10000,1020,7.11,68,5,1.16,43,0,10000,1020,7.11,68,5,1.16,43,0,10000,1020,7.11,68,5,1.16,43,0,10000,1020,7.11,68,5,1.16,43,0,10000,1020,7.11,68,5,1.16,43,0,10000
1021,9.84,87,330,4.12,100,0,10000,8,0,5,7,1019,8.9,64,324,2.03,100,0,10000,1019,8.9,64,324,2.03,100,0,10000,1019,8.9,64,324,2.03,100,0,10000,1019,8.9,64,324,2.03,100,0,10000,1019,8.9,64,324,2.03,100,0,10000,1019,8.9,64,324,2.03,100,0,10000,1019,8.9,64,324,2.03,100,0,10000,1019,8.9,64,324,2.03,100,0,10000,1019,8.9,64,324,2.03,100,0,10000,1019,8.9,64,324,2.03,100,0,10000,1019,8.9,64,324,2.03,100,0,10000,1019,8.9,64,324,2.03,100,0,10000
1021,9.84,87,330,4.12,100,0,10000,11,0,5,7,1018,9.62,64,297,2.19,100,0,10000,1018,9.62,64,297,2.19,100,0,10000,1018,9.62,64,297,2.19,100,0,10000,1018,9.62,64,297,2.19,100,0,10000,1018,9.62,64,297,2.19,100,0,10000,1018,9.62,64,297,2.19,100,0,10000,1018,9.62,64,297,2.19,100,0,10000,1018,9.62,64,297,2.19,100,0,10000,1018,9.62,64,297,2.19,100,0,10000,1018,9.62,64,297,2.19,100,0,10000,1018,9.62,64,297,2.19,100,0,10000,1018,9.62,64,297,2.19,100,0,10000
1021,9.84,87,330,4.12,100,0,10000,14,0,5,7,1017,10.16,63,290,2.74,86,0,10000,1017,10.16,63,290,2.74,86,0,10000,1017,10.16,63,290,2.74,86,0,10000,1017,10.16,63,290,2.74,86,0,10000,1017,10.16,63,290,2.74,86,0,10000,1017,10.16,63,290,2.74,86,0,10000,1017,10.16,63,290,2.74,86,0,10000,1017,10.16,63,290,2.74,86,0,10000,1017,10.16,63,290,2.74,86,0,10000,1017,10.16,63,290,2.74,86,0,10000,1017,10.16,63,290,2.74,86,0,10000,1017,10.16,63,290,2.74,86,0,10000
1021,9.84,87,330,4.12,100,0,10000,17,0,5,7,1016,9.29,72,356,2.17,58,0,10000,1016,9.29,72,356,2.17,58,0,10000,1016,9.29,72,356,2.17,58,0,10000,1016,9.29,72,356,2.17,58,0,10000,1016,9.29,72,356,2.17,58,0,10000,1016,9.29,72,356,2.17,58,0,10000,1016,9.29,72,356,2.17,58,0,10000,1016,9.29,72,356,2.17,58,0,10000,1016,9.29,72,356,2.17,58,0,10000,1016,9.29,72,356,2.17,58,0,10000,1016,9.29,72,356,2.17,58,0,10000,1016,9.29,72,356,2.17,58,0,10000
1021,9.84,87,330,4.12,100,0,10000,20,0,5,7,1021,9.46,83,360,4.3,100,0,10000,1021,9.46,83,360,4.3,100,0,10000,1021,9.46,83,360,4.3,100,0,10000,1021,9.46,83,360,4.3,100,0,10000,1021,9.46,83,360,4.3,100,0,10000,1021,9.46,83,360,4.3,100,0,10000,1021,9.46,83,360,4.3,100,0,10000,1021,9.46,83,360,4.3,100,0,10000,1021,9.46,83,360,4.3,100,0,10000,1021,9.46,83,360,4.3,100,0,10000,1021,9.46,83,360,4.3,100,0,10000,1021,9.46,83,360,4.3,100,0,10000
1021,9.84,87,330,4.12,100,0,10000,23,0,5,7,1022,8.51,82,33,4.61,99,0,10000,1022,8.51,82,33,4.61,99,0,10000,1022,8.51,82,33,4.61,99,0,10000,1022,8.51,82,33,4.61,99,0,10000,1022,8.51,82,33,4.61,99,0,10000,1022,8.51,82,33,4.61,99,0,10000,1022,8.51,82,33,4.61,99,0,10000,1022,8.51,82,33,4.61,99,0,10000,1022,8.51,82,33,4.61,99,0,10000,1022,8.51,82,33,4.61,99,0,10000,1022,8.51,82,33,4.61,99,0,10000,1022,8.51,82,33,4.61,99,0,10000
1021,9.84,87,330,4.12,100,0,10000,2,0,6,7,1021,5.58,72,24,2.07,18,0,10000,1021,5.58,72,24,2.07,18,0,10000,1021,5.58,72,24,2.07,18,0,10000,1021,5.58,72,24,2.07,18,0,10000,1021,5.58,72,24,2.07,18,0,10000,1021,5.58,72,24,2.07,18,0,10000,1021,5.58,72,24,2.07,18,0,10000,1021,5.58,72,24,2.07,18,0,10000,1021,5.58,72,24,2.07,18,0,10000,1021,5.58,72,24,2.07,18,0,10000,1021,5.58,72,24,2.07,18,0,10000,1021,5.58,72,24,2.07,18,0,10000
1021,9.84,87,330,4.12,100,0,10000,5,0,6,7,1020,7.11,68,5,1.16,43,0,10000,1020,7.11,68,5,1.16,43,0,10000,1020,7.11,68,5,1.16,43,0,10000,1020,7.11,68,5,1.16,43,0,10000,1020,7.11,68,5,1.16,43,0,10000,1020,7.11,68,5,1.16,43,0,10000,1020,7.11,68,5,1.16,43,0,10000,1020,7.11,68,5,1.16,43,0,10000,1020,7.11,68,5,1.16,43,0,10000,1020,7.11,68,5,1.16,43,0,10000,1020,7.11,68,5,1.16,43,0,10000,1020,7.11,68,5,1.16,43,0,10000
1021,9.84,87,330,4.12,100,0,10000,8,0,6,7,1019,8.9,64,324,2.03,100,0,10000,1019,8.9,64,324,2.03,100,0,10000,1019,8.9,64,324,2.03,100,0,10000,1019,8.9,64,324,2.03,100,0,10000,1019,8.9,64,324,2.03,100,0,10000,1019,8.9,64,324,2.03,100,0,10000,1019,8.9,64,324,2.03,100,0,10000,1019,8.9,64,324,2.03,100,0,10000,1019,8.9,64,324,2.03,100,0,10000,1019,8.9,64,324,2.03,100,0,10000,1019,8.9,64,324,2.03,100,0,10000,1019,8.9,64,324,2.03,100,0,10000
1021,9.84,87,330,4.12,100,0,10000,11,0,6,7,1018,9.62,64,297,2.19,100,0,10000,1018,9.62,64,297,2.19,100,0,10000,1018,9.62,64,297,2.19,100,0,10000,1018,9.62,64,297,2.19,100,0,10000,1018,9.62,64,297,2.19,100,0,10000,1018,9.62,64,297,2.19,100,0,10000,1018,9.62,64,297,2.19,100,0,10000,1018,9.62,64,297,2.19,100,0,10000,1018,9.62,64,297,2.19,100,0,10000,1018,9.62,64,297,2.19,100,0,10000,1018,9.62,64,297,2.19,100,0,10000,1018,9.62,64,297,2.19,100,0,10000
1021,9.84,87,330,4.12,100,0,10000,14,0,6,7,1017,10.16,63,290,2.74,86,0,10000,1017,10.16,63,290,2.74,86,0,10000,1017,10.16,63,290,2.74,86,0,10000,1017,10.16,63,290,2.74,86,0,10000,1017,10.16,63,290,2.74,86,0,10000,1017,10.16,63,290,2.74,86,0,10000,1017,10.16,63,290,2.74,86,0,10000,1017,10.16,63,290,2.74,86,0,10000,1017,10.16,63,290,2.74,86,0,10000,1017,10.16,63,290,2.74,86,0,10000,1017,10.16,63,290,2.74,86,0,10000,1017,10.16,63,290,2.74,86,0,10000
1021,9.84,87,330,4.12,100,0,10000,17,0,6,7,1016,9.29,72,356,2.17,58,0,10000,1016,9.29,72,356,2.17,58,0,10000,1016,9.29,72,356,2.17,58,0,10000,1016,9.29,72,356,2.17,58,0,10000,1016,9.29,72,356,2.17,58,0,10000,1016,9.29,72,356,2.17,58,0,10000,1016,9.29,72,356,2.17,58,0,10000,1016,9.29,72,356,2.17,58,0,10000,1016,9.29,72,356,2.17,58,0,10000,1016,9.29,72,356,2.17,58,0,10000,1016,9.29,72,356,2.17,58,0,10000,1016,9.29,72,356,2.17,58,0,10000
1021,9.84,87,330,4.12,100,0,10000,20,0,6,7,1021,9.46,83,360,4.3,100,0,10000,1021,9.46,83,360,4.3,100,0,10000,1021,9.46,83,360,4.3,100,0,10000,1021,9.46,83,360,4.3,100,0,10000,1021,9.46,83,360,4.3,100,0,10000,1021,9.46,83,360,4.3,100,0,10000,1021,9.46,83,360,4.3,100,0,10000,1021,9.46,83,360,4.3,100,0,10000,1021,9.46,83,360,4.3,100,0,10000,1021,9.46,83,360,4.3,100,0,10000,1021,9.46,83,360,4.3,100,0,10000,1021,9.46,83,360,4.3,100,0,10000
1021,9.84,87,330,4.12,100,0,10000,23,0,6,7,1022,8.51,82,33,4.61,99,0,10000,1022,8.51,82,33,4.61,99,0,10000,1022,8.51,82,33,4.61,99,0,10000,1022,8.51,82,33,4.61,99,0,10000,1022,8.51,82,33,4.61,99,0,10000,1022,8.51,82,33,4.61,99,0,10000,1022,8.51,82,33,4.61,99,0,10000,1022,8.51,82,33,4.61,99,0,10000,1022,8.51,82,33,4.61,99,0,10000,1022,8.51,82,33,4.61,99,0,10000,1022,8.51,82,33,4.61,99,0,10000,1022,8.51,82,33,4.61,99,0,10000
1021,9.84,87,330,4.12,100,0,10000,2,0,7,7,1021,5.58,72,24,2.07,18,0,10000,1021,5.58,72,24,2.07,18,0,10000,1021,5.58,72,24,2.07,18,0,10000,1021,5.58,72,24,2.07,18,0,10000,1021,5.58,72,24,2.07,18,0,10000,1021,5.58,72,24,2.07,18,0,10000,1021,5.58,72,24,2.07,18,0,10000,1021,5.58,72,24,2.07,18,0,10000,1021,5.58,72,24,2.07,18,0,10000,1021,5.58,72,24,2.07,18,0,10000,1021,5.58,72,24,2.07,18,0,10000,1021,5.58,72,24,2.07,18,0,10000
1021,9.84,87,330,4.12,100,0,10000,5,0,7,7,1020,7.11,68,5,1.16,43,0,10000,1020,7.11,68,5,1.16,43,0,10000,1020,7.11,68,5,1.16,43,0,10000,1020,7.11,68,5,1.16,43,0,10000,1020,7.11,68,5,1.16,43,0,10000,1020,7.11,68,5,1.16,43,0,10000,1020,7.11,68,5,1.16,43,0,10000,1020,7.11,68,5,1.16,43,0,10000,1020,7.11,68,5,1.16,43,0,10000,1020,7.11,68,5,1.16,43,0,10000,1020,7.11,68,5,1.16,43,0,10000,1020,7.11,68,5,1.16,43,0,10000
1021,9.84,87,330,4.12,100,0,10000,8,0,7,7,1019,8.9,64,324,2.03,100,0,10000,1019,8.9,64,324,2.03,100,0,10000,1019,8.9,64,324,2.03,100,0,10000,1019,8.9,64,324,2.03,100,0,10000,1019,8.9,64,324,2.03,100,0,10000,1019,8.9,64,324,2.03,100,0,10000,1019,8.9,64,324,2.03,100,0,10000,1019,8.9,64,324,2.03,100,0,10000,1019,8.9,64,324,2.03,100,0,10000,1019,8.9,64,324,2.03,100,0,10000,1019,8.9,64,324,2.03,100,0,10000,1019,8.9,64,324,2.03,100,0,10000
1021,9.84,87,330,4.12,100,0,10000,11,0,7,7,1018,9.62,64,297,2.19,100,0,10000,1018,9.62,64,297,2.19,100,0,10000,1018,9.62,64,297,2.19,100,0,10000,1018,9.62,64,297,2.19,100,0,10000,1018,9.62,64,297,2.19,100,0,10000,1018,9.62,64,297,2.19,100,0,10000,1018,9.62,64,297,2.19,100,0,10000,1018,9.62,64,297,2.19,100,0,10000,1018,9.62,64,297,2.19,100,0,10000,1018,9.62,64,297,2.19,100,0,10000,1018,9.62,64,297,2.19,100,0,10000,1018,9.62,64,297,2.19,100,0,10000
1021,9.84,87,330,4.12,100,0,10000,14,0,7,7,1017,10.16,63,290,2.74,86,0,10000,1017,10.16,63,290,2.74,86,0,10000,1017,10.16,63,290,2.74,86,0,10000,1017,10.16,63,290,2.74,86,0,10000,1017,10.16,63,290,2.74,86,0,10000,1017,10.16,63,290,2.74,86,0,10000,1017,10.16,63,290,2.74,86,0,10000,1017,10.16,63,290,2.74,86,0,10000,1017,10.16,63,290,2.74,86,0,10000,1017,10.16,63,290,2.74,86,0,10000,1017,10.16,63,290,2.74,86,0,10000,1017,10.16,63,290,2.74,86,0,10000
1021,9.84,87,330,4.12,100,0,10000,17,0,7,7,1016,9.29,72,356,2.17,58,0,10000,1016,9.29,72,356,2.17,58,0,10000,1016,9.29,72,356,2.17,58,0,10000,1016,9.29,72,356,2.17,58,0,10000,1016,9.29,72,356,2.17,58,0,10000,1016,9.29,72,356,2.17,58,0,10000,1016,9.29,72,356,2.17,58,0,10000,1016,9.29,72,356,2.17,58,0,10000,1016,9.29,72,356,2.17,58,0,10000,1016,9.29,72,356,2.17,58,0,10000,1016,9.29,72,356,2.17,58,0,10000,1016,9.29,72,356,2.17,58,0,10000
1021,9.84,87,330,4.12,100,0,10000,20,0,7,7,1021,9.46,83,360,4.3,100,0,10000,1021,9.46,83,360,4.3,100,0,10000,1021,9.46,83,360,4.3,100,0,10000,1021,9.46,83,360,4.3,100,0,10000,1021,9.46,83,360,4.3,100,0,10000,1021,9.46,83,360,4.3,100,0,10000,1021,9.46,83,360,4.3,100,0,10000,1021,9.46,83,360,4.3,100,0,10000,1021,9.46,83,360,4.3,100,0,10000,1021,9.46,83,360,4.3,100,0,10000,1021,9.46,83,360,4.3,100,0,10000,1021,9.46,83,360,4.3,100,0,10000
1021,9.84,87,330,4.12,100,0,10000,23,0,7,7,1022,8.51,82,33,4.61,99,0,10000,1022,8.51,82,33,4.61,99,0,10000,1022,8.51,82,33,4.61,99,0,10000,1022,8.51,82,33,4.61,99,0,10000,1022,8.51,82,33,4.61,99,0,10000,1022,8.51,82,33,4.61,99,0,10000,1022,8.51,82,33,4.61,99,0,10000,1022,8.51,82,33,4.61,99,0,10000,1022,8.51,82,33,4.61,99,0,10000,1022,8.51,82,33,4.61,99,0,10000,1022,8.51,82,33,4.61,99,0,10000,1022,8.51,82,33,4.61,99,0,10000
1021,9.84,87,330,4.12,100,0,10000,2,0,8,7,1021,5.58,72,24,2.07,18,0,10000,1021,5.58,72,24,2.07,18,0,10000,1021,5.58,72,24,2.07,18,0,10000,1021,5.58,72,24,2.07,18,0,10000,1021,5.58,72,24,2.07,18,0,10000,1021,5.58,72,24,2.07,18,0,10000,1021,5.58,72,24,2.07,18,0,10000,1021,5.58,72,24,2.07,18,0,10000,1021,5.58,72,24,2.07,18,0,10000,1021,5.58,72,24,2.07,18,0,10000,1021,5.58,72,24,2.07,18,0,10000,1021,5.58,72,24,2.07,18,0,10000
1021,9.84,87,330,4.12,100,0,10000,5,0,8,7,1020,7.11,68,5,1.16,43,0,10000,1020,7.11,68,5,1.16,43,0,10000,1020,7.11,68,5,1.16,43,0,10000,1020,7.11,68,5,1.16,43,0,10000,1020,7.11,68,5,1.16,43,0,10000,1020,7.11,68,5,1.16,43,0,10000,1020,7.11,68,5,1.16,43,0,10000,1020,7.11,68,5,1.16,43,0,10000,1020,7.11,68,5,1.16,43,0,10000,1020,7.11,68,5,1.16,43,0,10000,1020,7.11,68,5,1.16,43,0,10000,1020,7.11,68,5,1.16,43,0,10000
1021,9.84,87,330,4.12,100,0,10000,8,0,8,7,1019,8.9,64,324,2.03,100,0,10000,1019,8.9,64,324,2.03,100,0,10000,1019,8.9,64,324,2.03,100,0,10000,1019,8.9,64,324,2.03,100,0,10000,1019,8.9,64,324,2.03,100,0,10000,1019,8.9,64,324,2.03,100,0,10000,1019,8.9,64,324,2.03,100,0,10000,1019,8.9,64,324,2.03,100,0,10000,1019,8.9,64,324,2.03,100,0,10000,1019,8.9,64,324,2.03,100,0,10000,1019,8.9,64,324,2.03,100,0,10000,1019,8.9,64,324,2.03,100,0,10000
1021,9.84,87,330,4.12,100,0,10000,11,0,8,7,1018,9.62,64,297,2.19,100,0,10000,1018,9.62,64,297,2.19,100,0,10000,1018,9.62,64,297,2.19,100,0,10000,1018,9.62,64,297,2.19,100,0,10000,1018,9.62,64,297,2.19,100,0,10000,1018,9.62,64,297,2.19,100,0,10000,1018,9.62,64,297,2.19,100,0,10000,1018,9.62,64,297,2.19,100,0,10000,1018,9.62,64,297,2.19,100,0,10000,1018,9.62,64,297,2.19,100,0,10000,1018,9.62,64,297,2.19,100,0,10000,1018,9.62,64,297,2.19,100,0,10000
1021,9.84,87,330,4.12,100,0,10000,14,0,8,7,1017,10.16,63,290,2.74,86,0,10000,1017,10.16,63,290,2.74,86,0,10000,1017,10.16,63,290,2.74,86,0,10000,1017,10.16,63,290,2.74,86,0,10000,1017,10.16,63,290,2.74,86,0,10000,1017,10.16,63,290,2.74,86,0,10000,1017,10.16,63,290,2.74,86,0,10000,1017,10.16,63,290,2.74,86,0,10000,1017,10.16,63,290,2.74,86,0,10000,1017,10.16,63,290,2.74,86,0,10000,1017,10.16,63,290,2.74,86,0,10000,1017,10.16,63,290,2.74,86,0,10000
1021,9.84,87,330,4.12,100,0,10000,17,0,8,7,1016,9.29,72,356,2.17,58,0,10000,1016,9.29,72,356,2.17,58,0,10000,1016,9.29,72,356,2.17,58,0,10000,1016,9.29,72,356,2.17,58,0,10000,1016,9.29,72,356,2.17,58,0,10000,1016,9.29,72,356,2.17,58,0,10000,1016,9.29,72,356,2.17,58,0,10000,1016,9.29,72,356,2.17,58,0,10000,1016,9.29,72,356,2.17,58,0,10000,1016,9.29,72,356,2.17,58,0,10000,1016,9.29,72,356,2.17,58,0,10000,1016,9.29,72,356,2.17,58,0,10000
1021,9.84,87,330,4.12,100,0,10000,20,0,8,7,1021,9.46,83,360,4.3,100,0,10000,1021,9.46,83,360,4.3,100,0,10000,1021,9.46,83,360,4.3,100,0,10000,1021,9.46,83,360,4.3,100,0,10000,1021,9.46,83,360,4.3,100,0,10000,1021,9.46,83,360,4.3,100,0,10000,1021,9.46,83,360,4.3,100,0,10000,1021,9.46,83,360,4.3,100,0,10000,1021,9.46,83,360,4.3,100,0,10000,1021,9.46,83,360,4.3,100,0,10000,1021,9.46,83,360,4.3,100,0,10000,1021,9.46,83,360,4.3,100,0,10000
1021,9.84,87,330,4.12,100,0,10000,23,0,8,7,1022,8.51,82,33,4.61,99,0,10000,1022,8.51,82,33,4.61,99,0,10000,1022,8.51,82,33,4.61,99,0,10000,1022,8.51,82,33,4.61,99,0,10000,1022,8.51,82,33,4.61,99,0,10000,1022,8.51,82,33,4.61,99,0,10000,1022,8.51,82,33,4.61,99,0,10000,1022,8.51,82,33,4.61,99,0,10000,1022,8.51,82,33,4.61,99,0,10000,1022,8.51,82,33,4.61,99,0,10000,1022,8.51,82,33,4.61,99,0,10000,1022,8.51,82,33,4.61,99,0,10000
1021,9.84,87,330,4.12,100,0,10000,2,0,9,7,1021,5.58,72,24,2.07,18,0,10000,1021,5.58,72,24,2.07,18,0,10000,1021,5.58,72,24,2.07,18,0,10000,1021,5.58,72,24,2.07,18,0,10000,1021,5.58,72,24,2.07,18,0,10000,1021,5.58,72,24,2.07,18,0,10000,1021,5.58,72,24,2.07,18,0,10000,1021,5.58,72,24,2.07,18,0,10000,1021,5.58,72,24,2.07,18,0,10000,1021,5.58,72,24,2.07,18,0,10000,1021,5.58,72,24,2.07,18,0,10000,1021,5.58,72,24,2.07,18,0,10000
1021,9.84,87,330,4.12,100,0,10000,5,0,9,7,1020,7.11,68,5,1.16,43,0,10000,1020,7.11,68,5,1.16,43,0,10000,1020,7.11,68,5,1.16,43,0,10000,1020,7.11,68,5,1.16,43,0,10000,1020,7.11,68,5,1.16,43,0,10000,1020,7.11,68,5,1.16,43,0,10000,1020,7.11,68,5,1.16,43,0,10000,1020,7.11,68,5,1.16,43,0,10000,1020,7.11,68,5,1.16,43,0,10000,1020,7.11,68,5,1.16,43,0,10000,1020,7.11,68,5,1.16,43,0,10000,1020,7.11,68,5,1.16,43,0,10000
1021,9.84,87,330,4.12,100,0,10000,8,0,9,7,1019,8.9,64,324,2.03,100,0,10000,1019,8.9,64,324,2.03,100,0,10000,1019,8.9,64,324,2.03,100,0,10000,1019,8.9,64,324,2.03,100,0,10000,1019,8.9,64,324,2.03,100,0,10000,1019,8.9,64,324,2.03,100,0,10000,1019,8.9,64,324,2.03,100,0,10000,1019,8.9,64,324,2.03,100,0,10000,1019,8.9,64,324,2.03,100,0,10000,1019,8.9,64,324,2.03,100,0,10000,1019,8.9,64,324,2.03,100,0,10000,1019,8.9,64,324,2.03,100,0,10000
1021,9.84,87,330,4.12,100,0,10000,11,0,9,7,1018,9.62,64,297,2.19,100,0,10000,1018,9.62,64,297,2.19,100,0,10000,1018,9.62,64,297,2.19,100,0,10000,1018,9.62,64,297,2.19,100,0,10000,1018,9.62,64,297,2.19,100,0,10000,1018,9.62,64,297,2.19,100,0,10000,1018,9.62,64,297,2.19,100,0,10000,1018,9.62,64,297,2.19,100,0,10000,1018,9.62,64,297,2.19,100,0,10000,1018,9.62,64,297,2.19,100,0,10000,1018,9.62,64,297,2.19,100,0,10000,1018,9.62,64,297,2.19,100,0,10000
1021,9.84,87,330,4.12,100,0,10000,14,0,9,7,1017,10.16,63,290,2.74,86,0,10000,1017,10.16,63,290,2.74,86,0,10000,1017,10.16,63,290,2.74,86,0,10000,1017,10.16,63,290,2.74,86,0,10000,1017,10.16,63,290,2.74,86,0,10000,1017,10.16,63,290,2.74,86,0,10000,1017,10.16,63,290,2.74,86,0,10000,1017,10.16,63,290,2.74,86,0,10000,1017,10.16,63,290,2.74,86,0,10000,1017,10.16,63,290,2.74,86,0,10000,1017,10.16,63,290,2.74,86,0,10000,1017,10.16,63,290,2.74,86,0,10000
1021,9.84,87,330,4.12,100,0,10000,17,0,9,7,1016,9.29,72,356,2.17,58,0,10000,1016,9.29,72,356,2.17,58,0,10000,1016,9.29,72,356,2.17,58,0,10000,1016,9.29,72,356,2.17,58,0,10000,1016,9.29,72,356,2.17,58,0,10000,1016,9.29,72,356,2.17,58,0,10000,1016,9.29,72,356,2.17,58,0,10000,1016,9.29,72,356,2.17,58,0,10000,1016,9.29,72,356,2.17,58,0,10000,1016,9.29,72,356,2.17,58,0,10000,1016,9.29,72,356,2.17,58,0,10000,1016,9.29,72,356,2.17,58,0,10000
1021,9.84,87,330,4.12,100,0,10000,20,0,9,7,1021,9.46,83,360,4.3,100,0,10000,1021,9.46,83,360,4.3,100,0,10000,1021,9.46,83,360,4.3,100,0,10000,1021,9.46,83,360,4.3,100,0,10000,1021,9.46,83,360,4.3,100,0,10000,1021,9.46,83,360,4.3,100,0,10000,1021,9.46,83,360,4.3,100,0,10000,1021,9.46,83,360,4.3,100,0,10000,1021,9.46,83,360,4.3,100,0,10000,1021,9.46,83,360,4.3,100,0,10000,1021,9.46,83,360,4.3,100,0,10000,1021,9.46,83,360,4.3,100,0,10000
1021,9.84,87,330,4.12,100,0,10000,23,0,9,7,1022,8.51,82,33,4.61,99,0,10000,1022,8.51,82,33,4.61,99,0,10000,1022,8.51,82,33,4.61,99,0,10000,1022,8.51,82,33,4.61,99,0,10000,1022,8.51,82,33,4.61,99,0,10000,1022,8.51,82,33,4.61,99,0,10000,1022,8.51,82,33,4.61,99,0,10000,1022,8.51,82,33,4.61,99,0,10000,1022,8.51,82,33,4.61,99,0,10000,1022,8.51,82,33,4.61,99,0,10000,1022,8.51,82,33,4.61,99,0,10000,1022,8.51,82,33,4.61,99,0,10000
1021,9.84,87,330,4.12,100,0,10000,2,0,10,7,1021,5.58,72,24,2.07,18,0,10000,1021,5.58,72,24,2.07,18,0,10000,1021,5.58,72,24,2.07,18,0,10000,1021,5.58,72,24,2.07,18,0,10000,1021,5.58,72,24,2.07,18,0,10000,1021,5.58,72,24,2.07,18,0,10000,1021,5.58,72,24,2.07,18,0,10000,1021,5.58,72,24,2.07,18,0,10000,1021,5.58,72,24,2.07,18,0,10000,1021,5.58,72,24,2.07,18,0,10000,1021,5.58,72,24,2.07,18,0,10000,1021,5.58,72,24,2.07,18,0,10000
1021,9.84,87,330,4.12,100,0,10000,5,0,10,7,1020,7.11,68,5,1.16,43,0,10000,1020,7.11,68,5,1.16,43,0,10000,1020,7.11,68,5,1.16,43,0,10000,1020,7.11,68,5,1.16,43,0,10000,1020,7.11,68,5,1.16,43,0,10000,1020,7.11,68,5,1.16,43,0,10000,1020,7.11,68,5,1.16,43,0,10000,1020,7.11,68,5,1.16,43,0,10000,1020,7.11,68,5,1.16,43,0,10000,1020,7.11,68,5,1.16,43,0,10000,1020,7.11,68,5,1.16,43,0,10000,1020,7.11,68,5,1.16,43,0,10000
1021,9.84,87,330,4.12,100,0,10000,8,0,10,7,1019,8.9,64,324,2.03,100,0,10000,1019,8.9,64,324,2.03,100,0,10000,1019,8.9,64,324,2.03,100,0,10000,1019,8.9,64,324,2.03,100,0,10000,1019,8.9,64,324,2.03,100,0,10000,1019,8.9,64,324,2.03,100,0,10000,1019,8.9,64,324,2.03,100,0,10000,1019,8.9,64,324,2.03,100,0,10000,1019,8.9,64,324,2.03,100,0,10000,1019,8.9,64,324,2.03,100,0,10000,1019,8.9,64,324,2.03,100,0,10000,1019,8.9,64,324,2.03,100,0,10000
1021,9.84,87,330,4.12,100,0,10000,11,0,10,7,1018,9.62,64,297,2.19,100,0,10000,1018,9.62,64,297,2.19,100,0,10000,1018,9.62,64,297,2.19,100,0,10000,1018,9.62,64,297,2.19,100,0,10000,1018,9.62,64,297,2.19,100,0,10000,1018,9.62,64,297,2.19,100,0,10000,1018,9.62,64,297,2.19,100,0,10000,1018,9.62,64,297,2.19,100,0,10000,1018,9.62,64,297,2.19,100,0,10000,1018,9.62,64,297,2.19,100,0,10000,1018,9.62,64,297,2.19,100,0,10000,1018,9.62,64,297,2.19,100,0,10000
1021,9.84,87,330,4.12,100,0,10000,14,0,10,7,1017,10.16,63,290,2.74,86,0,10000,1017,10.16,63,290,2.74,86,0,10000,1017,10.16,63,290,2.74,86,0,10000,1017,10.16,63,290,2.74,86,0,10000,1017,10.16,63,290,2.74,86,0,10000,1017,10.16,63,290,2.74,86,0,10000,1017,10.16,63,290,2.74,86,0,10000,1017,10.16,63,290,2.74,86,0,10000,1017,10.16,63,290,2.74,86,0,10000,1017,10.16,63,290,2.74,86,0,10000,1017,10.16,63,290,2.74,86,0,10000,1017,10.16,63,290,2.74,86,0,10000
1021,9.84,87,330,4.12,100,0,10000,17,0,10,7,1016,9.29,72,356,2.17,58,0,10000,1016,9.29,72,356,2.17,58,0,10000,1016,9.29,72,356,2.17,58,0,10000,1016,9.29,72,356,2.17,58,0,10000,1016,9.29,72,356,2.17,58,0,10000,1016,9.29,72,356,2.17,58,0,10000,1016,9.29,72,356,2.17,58,0,10000,1016,9.29,72,356,2.17,58,0,10000,1016,9.29,72,356,2.17,58,0,10000,1016,9.29,72,356,2.17,58,0,10000,1016,9.29,72,356,2.17,58,0,10000,1016,9.29,72,356,2.17,58,0,10000
1021,9.84,87,330,4.12,100,0,10000,20,0,10,7,1021,9.46,83,360,4.3,100,0,10000,1021,9.46,83,360,4.3,100,0,10000,1021,9.46,83,360,4.3,100,0,10000,1021,9.46,83,360,4.3,100,0,10000,1021,9.46,83,360,4.3,100,0,10000,1021,9.46,83,360,4.3,100,0,10000,1021,9.46,83,360,4.3,100,0,10000,1021,9.46,83,360,4.3,100,0,10000,1021,9.46,83,360,4.3,100,0,10000,1021,9.46,83,360,4.3,100,0,10000,1021,9.46,83,360,4.3,100,0,10000,1021,9.46,83,360,4.3,100,0,10000
1021,9.84,87,330,4.12,100,0,10000,23,0,10,7,1022,8.51,82,33,4.61,99,0,10000,1022,8.51,82,33,4.61,99,0,10000,1022,8.51,82,33,4.61,99,0,10000,1022,8.51,82,33,4.61,99,0,10000,1022,8.51,82,33,4.61,99,0,10000,1022,8.51,82,33,4.61,99,0,10000,1022,8.51,82,33,4.61,99,0,10000,1022,8.51,82,33,4.61,99,0,10000,1022,8.51,82,33,4.61,99,0,10000,1022,8.51,82,33,4.61,99,0,10000,1022,8.51,82,33,4.61,99,0,10000,1022,8.51,82,33,4.61,99,0,10000
1021,9.84,87,330,4.12,100,0,10000,2,0,11,7,1021,5.58,72,24,2.07,18,0,10000,1021,5.58,72,24,2.07,18,0,10000,1021,5.58,72,24,2.07,18,0,10000,1021,5.58,72,24,2.07,18,0,10000,1021,5.58,72,24,2.07,18,0,10000,1021,5.58,72,24,2.07,18,0,10000,1021,5.58,72,24,2.07,18,0,10000,1021,5.58,72,24,2.07,18,0,10000,1021,5.58,72,24,2.07,18,0,10000,1021,5.58,72,24,2.07,18,0,10000,1021,5.58,72,24,2.07,18,0,10000,1021,5.58,72,24,2.07,18,0,10000
1021,9.84,87,330,4.12,100,0,10000,5,0,11,7,1020,7.11,68,5,1.16,43,0,10000,1020,7.11,68,5,1.16,43,0,10000,1020,7.11,68,5,1.16,43,0,10000,1020,7.11,68,5,1.16,43,0,10000,1020,7.11,68,5,1.16,43,0,10000,1020,7.11,68,5,1.16,43,0,10000,1020,7.11,68,5,1.16,43,0,10000,1020,7.11,68,5,1.16,43,0,10000,1020,7.11,68,5,1.16,43,0,10000,1020,7.11,68,5,1.16,43,0,10000,1020,7.11,68,5,1.16,43,0,10000,1020,7.11,68,5,1.16,43,0,10000
1021,9.84,87,330,4.12,100,0,10000,8,0,11,7,1019,8.9,64,324,2.03,100,0,10000,1019,8.9,64,324,2.03,100,0,10000,1019,8.9,64,324,2.03,100,0,10000,1019,8.9,64,324,2.03,100,0,10000,1019,8.9,64,324,2.03,100,0,10000,1019,8.9,64,324,2.03,100,0,10000,1019,8.9,64,324,2.03,100,0,10000,1019,8.9,64,324,2.03,100,0,10000,1019,8.9,64,324,2.03,100,0,10000,1019,8.9,64,324,2.03,100,0,10000,1019,8.9,64,324,2.03,100,0,10000,1019,8.9,64,324,2.03,100,0,10000
1021,9.84,87,330,4.12,100,0,10000,11,0,11,7,1018,9.62,64,297,2.19,100,0,10000,1018,9.62,64,297,2.19,100,0,10000,1018,9.62,64,297,2.19,100,0,10000,1018,9.62,64,297,2.19,100,0,10000,1018,9.62,64,297,2.19,100,0,10000,1018,9.62,64,297,2.19,100,0,10000,1018,9.62,64,297,2.19,100,0,10000,1018,9.62,64,297,2.19,100,0,10000,1018,9.62,64,297,2.19,100,0,10000,1018,9.62,64,297,2.19,100,0,10000,1018,9.62,64,297,2.19,100,0,10000,1018,9.62,64,297,2.19,100,0,10000
1021,9.84,87,330,4.12,100,0,10000,14,0,11,7,1017,10.16,63,290,2.74,86,0,10000,1017,10.16,63,290,2.74,86,0,10000,1017,10.16,63,290,2.74,86,0,10000,1017,10.16,63,290,2.74,86,0,10000,1017,10.16,63,290,2.74,86,0,10000,1017,10.16,63,290,2.74,86,0,10000,1017,10.16,63,290,2.74,86,0,10000,1017,10.16,63,290,2.74,86,0,10000,1017,10.16,63,290,2.74,86,0,10000,1017,10.16,63,290,2.74,86,0,10000,1017,10.16,63,290,2.74,86,0,10000,1017,10.16,63,290,2.74,86,0,10000
1021,9.84,87,330,4.12,100,0,10000,17,0,11,7,1016,9.29,72,356,2.17,58,0,10000,1016,9.29,72,356,2.17,58,0,10000,1016,9.29,72,356,2.17,58,0,10000,1016,9.29,72,356,2.17,58,0,10000,1016,9.29,72,356,2.17,58,0,10000,1016,9.29,72,356,2.17,58,0,10000,1016,9.29,72,356,2.17,58,0,10000,1016,9.29,72,356,2.17,58,0,10000,1016,9.29,72,356,2.17,58,0,10000,1016,9.29,72,356,2.17,58,0,10000,1016,9.29,72,356,2.17,58,0,10000,1016,9.29,72,356,2.17,58,0,10000
1021,9.84,87,330,4.12,100,0,10000,20,0,11,7,1021,9.46,83,360,4.3,100,0,10000,1021,9.46,83,360,4.3,100,0,10000,1021,9.46,83,360,4.3,100,0,10000,1021,9.46,83,360,4.3,100,0,10000,1021,9.46,83,360,4.3,100,0,10000,1021,9.46,83,360,4.3,100,0,10000,1021,9.46,83,360,4.3,100,0,10000,1021,9.46,83,360,4.3,100,0,10000,1021,9.46,83,360,4.3,100,0,10000,1021,9.46,83,360,4.3,100,0,10000,1021,9.46,83,360,4.3,100,0,10000,1021,9.46,83,360,4.3,100,0,10000
1021,9.84,87,330,4.12,100,0,10000,23,0,11,7,1022,8.51,82,33,4.61,99,0,10000,1022,8.51,82,33,4.61,99,0,10000,1022,8.51,82,33,4.61,99,0,10000,1022,8.51,82,33,4.61,99,0,10000,1022,8.51,82,33,4.61,99,0,10000,1022,8.51,82,33,4.61,99,0,10000,1022,8.51,82,33,4.61,99,0,10000,1022,8.51,82,33,4.61,99,0,10000,1022,8.51,82,33,4.61,99,0,10000,1022,8.51,82,33,4.61,99,0,10000,1022,8.51,82,33,4.61,99,0,10000,1022,8.51,82,33,4.61,99,0,10000
1021,9.84,87,330,4.12,100,0,10000,2,0,12,7,1021,5.58,72,24,2.07,18,0,10000,1021,5.58,72,24,2.07,18,0,10000,1021,5.58,72,24,2.07,18,0,10000,1021,5.58,72,24,2.07,18,0,10000,1021,5.58,72,24,2.07,18,0,10000,1021,5.58,72,24,2.07,18,0,10000,1021,5.58,72,24,2.07,18,0,10000,1021,5.58,72,24,2.07,18,0,10000,1021,5.58,72,24,2.07,18,0,10000,1021,5.58,72,24,2.07,18,0,10000,1021,5.58,72,24,2.07,18,0,10000,1021,5.58,72,24,2.07,18,0,10000
1021,9.84,87,330,4.12,100,0,10000,5,0,12,7,1020,7.11,68,5,1.16,43,0,10000,1020,7.11,68,5,1.16,43,0,10000,1020,7.11,68,5,1.16,43,0,10000,1020,7.11,68,5,1.16,43,0,10000,1020,7.11,68,5,1.16,43,0,10000,1020,7.11,68,5,1.16,43,0,10000,1020,7.11,68,5,1.16,43,0,10000,1020,7.11,68,5,1.16,43,0,10000,1020,7.11,68,5,1.16,43,0,10000,1020,7.11,68,5,1.16,43,0,10000,1020,7.11,68,5,1.16,43,0,10000,1020,7.11,68,5,1.16,43,0,10000
1021,9.84,87,330,4.12,100,0,10000,8,0,12,7,1019,8.9,64,324,2.03,100,0,10000,1019,8.9,64,324,2.03,100,0,10000,1019,8.9,64,324,2.03,100,0,10000,1019,8.9,64,324,2.03,100,0,10000,1019,8.9,64,324,2.03,100,0,10000,1019,8.9,64,324,2.03,100,0,10000,1019,8.9,64,324,2.03,100,0,10000,1019,8.9,64,324,2.03,100,0,10000,1019,8.9,64,324,2.03,100,0,10000,1019,8.9,64,324,2.03,100,0,10000,1019,8.9,64,324,2.03,100,0,10000,1019,8.9,64,324,2.03,100,0,10000
1021,9.84,87,330,4.12,100,0,10000,11,0,12,7,1018,9.62,64,297,2.19,100,0,10000,1018,9.62,64,297,2.19,100,0,10000,1018,9.62,64,297,2.19,100,0,10000,1018,9.62,64,297,2.19,100,0,10000,1018,9.62,64,297,2.19,100,0,10000,1018,9.62,64,297,2.19,100,0,10000,1018,9.62,64,297,2.19,100,0,10000,1018,9.62,64,297,2.19,100,0,10000,1018,9.62,64,297,2.19,100,0,10000,1018,9.62,64,297,2.19,100,0,10000,1018,9.62,64,297,2.19,100,0,10000,1018,9.62,64,297,2.19,100,0,10000
1021,9.84,87,330,4.12,100,0,10000,14,0,12,7,1017,10.16,63,290,2.74,86,0,10000,1017,10.16,63,290,2.74,86,0,10000,1017,10.16,63,290,2.74,86,0,10000,1017,10.16,63,290,2.74,86,0,10000,1017,10.16,63,290,2.74,86,0,10000,1017,10.16,63,290,2.74,86,0,10000,1017,10.16,63,290,2.74,86,0,10000,1017,10.16,63,290,2.74,86,0,10000,1017,10.16,63,290,2.74,86,0,10000,1017,10.16,63,290,2.74,86,0,10000,1017,10.16,63,290,2.74,86,0,10000,1017,10.16,63,290,2.74,86,0,10000
1021,9.84,87,330,4.12,100,0,10000,17,0,12,7,1016,9.29,72,356,2.17,58,0,10000,1016,9.29,72,356,2.17,58,0,10000,1016,9.29,72,356,2.17,58,0,10000,1016,9.29,72,356,2.17,58,0,10000,1016,9.29,72,356,2.17,58,0,10000,1016,9.29,72,356,2.17,58,0,10000,1016,9.29,72,356,2.17,58,0,10000,1016,9.29,72,356,2.17,58,0,10000,1016,9.29,72,356,2.17,58,0,10000,1016,9.29,72,356,2.17,58,0,10000,1016,9.29,72,356,2.17,58,0,10000,1016,9.29,72,356,2.17,58,0,10000
1021,9.84,87,330,4.12,100,0,10000,20,0,12,7,1021,9.46,83,360,4.3,100,0,10000,1021,9.46,83,360,4.3,100,0,10000,1021,9.46,83,360,4.3,100,0,10000,1021,9.46,83,360,4.3,100,0,10000,1021,9.46,83,360,4.3,100,0,10000,1021,9.46,83,360,4.3,100,0,10000,1021,9.46,83,360,4.3,100,0,10000,1021,9.46,83,360,4.3,100,0,10000,1021,9.46,83,360,4.3,100,0,10000,1021,9.46,83,360,4.3,100,0,10000,1021,9.46,83,360,4.3,100,0,10000,1021,9.46,83,360,4.3,100,0,10000
1021,9.84,87,330,4.12,100,0,10000,23,0,12,7,1022,8.51,82,33,4.61,99,0,10000,1022,8.51,82,33,4.61,99,0,10000,1022,8.51,82,33,4.61,99,0,10000,1022,8.51,82,33,4.61,99,0,10000,1022,8.51,82,33,4.61,99,0,10000,1022,8.51,82,33,4.61,99,0,10000,1022,8.51,82,33,4.61,99,0,10000,1022,8.51,82,33,4.61,99,0,10000,1022,8.51,82,33,4.61,99,0,10000,1022,8.51,82,33,4.61,99,0,10000,1022,8.51,82,33,4.61,99,0,10000,1022,8.51,82,33,4.61,99,0,10000
1021,9.84,87,330,4.12,100,0,10000,2,0,13,7,1021,5.58,72,24,2.07,18,0,10000,1021,5.58,72,24,2.07,18,0,10000,1021,5.58,72,24,2.07,18,0,10000,1021,5.58,72,24,2.07,18,0,10000,1021,5.58,72,24,2.07,18,0,10000,1021,5.58,72,24,2.07,18,0,10000,1021,5.58,72,24,2.07,18,0,10000,1021,5.58,72,24,2.07,18,0,10000,1021,5.58,72,24,2.07,18,0,10000,1021,5.58,72,24,2.07,18,0,10000,1021,5.58,72,24,2.07,18,0,10000,1021,5.58,72,24,2.07,18,0,10000
1021,9.84,87,330,4.12,100,0,10000,5,0,13,7,1020,7.11,68,5,1.16,43,0,10000,1020,7.11,68,5,1.16,43,0,10000,1020,7.11,68,5,1.16,43,0,10000,1020,7.11,68,5,1.16,43,0,10000,1020,7.11,68,5,1.16,43,0,10000,1020,7.11,68,5,1.16,43,0,10000,1020,7.11,68,5,1.16,43,0,10000,1020,7.11,68,5,1.16,43,0,10000,1020,7.11,68,5,1.16,43,0,10000,1020,7.11,68,5,1.16,43,0,10000,1020,7.11,68,5,1.16,43,0,10000,1020,7.11,68,5,1.16,43,0,10000
1021,9.84,87,330,4.12,100,0,10000,8,0,13,7,1019,8.9,64,324,2.03,100,0,10000,1019,8.9,64,324,2.03,100,0,10000,1019,8.9,64,324,2.03,100,0,10000,1019,8.9,64,324,2.03,100,0,10000,1019,8.9,64,324,2.03,100,0,10000,1019,8.9,64,324,2.03,100,0,10000,1019,8.9,64,324,2.03,100,0,10000,1019,8.9,64,324,2.03,100,0,10000,1019,8.9,64,324,2.03,100,0,10000,1019,8.9,64,324,2.03,100,0,10000,1019,8.9,64,324,2.03,100,0,10000,1019,8.9,64,324,2.03,100,0,10000
1021,9.84,87,330,4.12,100,0,10000,11,0,13,7,1018,9.62,64,297,2.19,100,0,10000,1018,9.62,64,297,2.19,100,0,10000,1018,9.62,64,297,2.19,100,0,10000,1018,9.62,64,297,2.19,100,0,10000,1018,9.62,64,297,2.19,100,0,10000,1018,9.62,64,297,2.19,100,0,10000,1018,9.62,64,297,2.19,100,0,10000,1018,9.62,64,297,2.19,100,0,10000,1018,9.62,64,297,2.19,100,0,10000,1018,9.62,64,297,2.19,100,0,10000,1018,9.62,64,297,2.19,100,0,10000,1018,9.62,64,297,2.19,100,0,10000
1021,9.84,87,330,4.12,100,0,10000,14,0,13,7,1017,10.16,63,290,2.74,86,0,10000,1017,10.16,63,290,2.74,86,0,10000,1017,10.16,63,290,2.74,86,0,10000,1017,10.16,63,290,2.74,86,0,10000,1017,10.16,63,290,2.74,86,0,10000,1017,10.16,63,290,2.74,86,0,10000,1017,10.16,63,290,2.74,86,0,10000,1017,10.16,63,290,2.74,86,0,10000,1017,10.16,63,290,2.74,86,0,10000,1017,10.16,63,290,2.74,86,0,10000,1017,10.16,63,290,2.74,86,0,10000,1017,10.16,63,290,2.74,86,0,10000
1021,9.84,87,330,4.12,100,0,10000,17,0,13,7,1021,9.84,87,356,4.34,100,0,10000,1021,9.84,87,356,4.34,100,0,10000,1021,9.84,87,356,4.34,100,0,10000,1021,9.84,87,356,4.34,100,0,10000,1021,9.84,87,356,4.34,100,0,10000,1021,9.84,87,356,4.34,100,0,10000,1021,9.84,87,356,4.34,100,0,10000,1021,9.84,87,356,4.34,100,0,10000,1021,9.84,87,356,4.34,100,0,10000,1021,9.84,87,356,4.34,100,0,10000,1021,9.84,87,356,4.34,100,0,10000,1021,9.84,87,356,4.34,100,0,10000
1021,9.84,87,330,4.12,100,0,10000,20,0,13,7,1021,9.46,83,360,4.3,100,0,10000,1021,9.46,83,360,4.3,100,0,10000,1021,9.46,83,360,4.3,100,0,10000,1021,9.46,83,360,4.3,100,0,10000,1021,9.46,83,360,4.3,100,0,10000,1021,9.46,83,360,4.3,100,0,10000,1021,9.46,83,360,4.3,100,0,10000,1021,9.46,83,360,4.3,100,0,10000,1021,9.46,83,360,4.3,100,0,10000,1021,9.46,83,360,4.3,100,0,10000,1021,9.46,83,360,4.3,100,0,10000,1021,9.46,83,360,4.3,100,0,10000
1021,9.84,87,330,4.12,100,0,10000,23,0,13,7,1022,8.51,82,33,4.61,99,0,10000,1022,8.51,82,33,4.61,99,0,10000,1022,8.51,82,33,4.61,99,0,10000,1022,8.51,82,33,4.61,99,0,10000,1022,8.51,82,33,4.61,99,0,10000,1022,8.51,82,33,4.61,99,0,10000,1022,8.51,82,33,4.61,99,0,10000,1022,8.51,82,33,4.61,99,0,10000,1022,8.51,82,33,4.61,99,0,10000,1022,8.51,82,33,4.61,99,0,10000,1022,8.51,82,33,4.61,99,0,10000,1022,8.51,82,33,4.61,99,0,10000
1021,9.84,87,330,4.12,100,0,10000,2,0,14,7,1021,5.58,72,24,2.07,18,0,10000,1021,5.58,72,24,2.07,18,0,10000,1021,5.58,72,24,2.07,18,0,10000,1021,5.58,72,24,2.07,18,0,10000,1021,5.58,72,24,2.07,18,0,10000,1021,5.58,72,24,2.07,18,0,10000,1021,5.58,72,24,2.07,18,0,10000,1021,5.58,72,24,2.07,18,0,10000,1021,5.58,72,24,2.07,18,0,10000,1021,5.58,72,24,2.07,18,0,10000,1021,5.58,72,24,2.07,18,0,10000,1021,5.58,72,24,2.07,18,0,10000
1021,9.84,87,330,4.12,100,0,10000,5,0,14,7,1020,7.11,68,5,1.16,43,0,10000,1020,7.11,68,5,1.16,43,0,10000,1020,7.11,68,5,1.16,43,0,10000,1020,7.11,68,5,1.16,43,0,10000,1020,7.11,68,5,1.16,43,0,10000,1020,7.11,68,5,1.16,43,0,10000,1020,7.11,68,5,1.16,43,0,10000,1020,7.11,68,5,1.16,43,0,10000,1020,7.11,68,5,1.16,43,0,10000,1020,7.11,68,5,1.16,43,0,10000,1020,7.11,68,5,1.16,43,0,10000,1020,7.11,68,5,1.16,43,0,10000
1021,9.84,87,330,4.12,100,0,10000,8,0,14,7,1019,8.9,64,324,2.03,100,0,10000,1019,8.9,64,324,2.03,100,0,10000,1019,8.9,64,324,2.03,100,0,10000,1019,8.9,64,324,2.03,100,0,10000,1019,8.9,64,324,2.03,100,0,10000,1019,8.9,64,324,2.03,100,0,10000,1019,8.9,64,324,2.03,100,0,10000,1019,8.9,64,324,2.03,100,0,10000,1019,8.9,64,324,2.03,100,0,10000,1019,8.9,64,324,2.03,100,0,10000,1019,8.9,64,324,2.03,100,0,10000,1019,8.9,64,324,2.03,100,0,10000
1021,9.84,87,330,4.12,100,0,10000,11,0,14,7,1018,9.62,64,297,2.19,100,0,10000,1018,9.62,64,297,2.19,100,0,10000,1018,9.62,64,297,2.19,100,0,10000,1018,9.62,64,297,2.19,100,0,10000,1018,9.62,64,297,2.19,100,0,10000,1018,9.62,64,297,2.19,100,0,10000,1018,9.62,64,297,2.19,100,0,10000,1018,9.62,64,297,2.19,100,0,10000,1018,9.62,64,297,2.19,100,0,10000,1018,9.62,64,297,2.19,100,0,10000,1018,9.62,64,297,2.19,100,0,10000,1018,9.62,64,297,2.19,100,0,10000
1021,9.84,87,330,4.12,100,0,10000,14,0,14,7,1017,10.16,63,290,2.74,86,0,10000,1017,10.16,63,290,2.74,86,0,10000,1017,10.16,63,290,2.74,86,0,10000,1017,10.16,63,290,2.74,86,0,10000,1017,10.16,63,290,2.74,86,0,10000,1017,10.16,63,290,2.74,86,0,10000,1017,10.16,63,290,2.74,86,0,10000,1017,10.16,63,290,2.74,86,0,10000,1017,10.16,63,290,2.74,86,0,10000,1017,10.16,63,290,2.74,86,0,10000,1017,10.16,63,290,2.74,86,0,10000,1017,10.16,63,290,2.74,86,0,10000
1021,9.84,87,330,4.12,100,0,10000,17,0,14,7,1021,9.84,87,356,4.34,100,0,10000,1021,9.84,87,356,4.34,100,0,10000,1021,9.84,87,356,4.34,100,0,10000,1021,9.84,87,356,4.34,100,0,10000,1021,9.84,87,356,4.34,100,0,10000,1021,9.84,87,356,4.34,100,0,10000,1021,9.84,87,356,4.34,100,0,10000,1021,9.84,87,356,4.34,100,0,10000,1021,9.84,87,356,4.34,100,0,10000,1021,9.84,87,356,4.34,100,0,10000,1021,9.84,87,356,4.34,100,0,10000,1021,9.84,87,356,4.34,100,0,10000
1021,9.84,87,330,4.12,100,0,10000,20,0,14,7,1021,9.46,83,360,4.3,100,0,10000,1021,9.46,83,360,4.3,100,0,10000,1021,9.46,83,360,4.3,100,0,10000,1021,9.46,83,360,4.3,100,0,10000,1021,9.46,83,360,4.3,100,0,10000,1021,9.46,83,360,4.3,100,0,10000,1021,9.46,83,360,4.3,100,0,10000,1021,9.46,83,360,4.3,100,0,10000,1021,9.46,83,360,4.3,100,0,10000,1021,9.46,83,360,4.3,100,0,10000,1021,9.46,83,360,4.3,100,0,10000,1021,9.46,83,360,4.3,100,0,10000
1021,9.84,87,330,4.12,100,0,10000,23,0,14,7,1022,8.51,82,33,4.61,99,0,10000,1022,8.51,82,33,4.61,99,0,10000,1022,8.51,82,33,4.61,99,0,10000,1022,8.51,82,33,4.61,99,0,10000,1022,8.51,82,33,4.61,99,0,10000,1022,8.51,82,33,4.61,99,0,10000,1022,8.51,82,33,4.61,99,0,10000,1022,8.51,82,33,4.61,99,0,10000,1022,8.51,82,33,4.61,99,0,10000,1022,8.51,82,33,4.61,99,0,10000,1022,8.51,82,33,4.61,99,0,10000,1022,8.51,82,33,4.61,99,0,10000
1021,9.84,87,330,4.12,100,0,10000,2,0,15,7,1021,5.58,72,24,2.07,18,0,10000,1021,5.58,72,24,2.07,18,0,10000,1021,5.58,72,24,2.07,18,0,10000,1021,5.58,72,24,2.07,18,0,10000,1021,5.58,72,24,2.07,18,0,10000,1021,5.58,72,24,2.07,18,0,10000,1021,5.58,72,24,2.07,18,0,10000,1021,5.58,72,24,2.07,18,0,10000,1021,5.58,72,24,2.07,18,0,10000,1021,5.58,72,24,2.07,18,0,10000,1021,5.58,72,24,2.07,18,0,10000,1021,5.58,72,24,2.07,18,0,10000
1021,9.84,87,330,4.12,100,0,10000,5,0,15,7,1020,7.11,68,5,1.16,43,0,10000,1020,7.11,68,5,1.16,43,0,10000,1020,7.11,68,5,1.16,43,0,10000,1020,7.11,68,5,1.16,43,0,10000,1020,7.11,68,5,1.16,43,0,10000,1020,7.11,68,5,1.16,43,0,10000,1020,7.11,68,5,1.16,43,0,10000,1020,7.11,68,5,1.16,43,0,10000,1020,7.11,68,5,1.16,43,0,10000,1020,7.11,68,5,1.16,43,0,10000,1020,7.11,68,5,1.16,43,0,10000,1020,7.11,68,5,1.16,43,0,10000
1021,9.84,87,330,4.12,100,0,10000,8,0,15,7,1019,8.9,64,324,2.03,100,0,10000,1019,8.9,64,324,2.03,100,0,10000,1019,8.9,64,324,2.03,100,0,10000,1019,8.9,64,324,2.03,100,0,10000,1019,8.9,64,324,2.03,100,0,10000,1019,8.9,64,324,2.03,100,0,10000,1019,8.9,64,324,2.03,100,0,10000,1019,8.9,64,324,2.03,100,0,10000,1019,8.9,64,324,2.03,100,0,10000,1019,8.9,64,324,2.03,100,0,10000,1019,8.9,64,324,2.03,100,0,10000,1019,8.9,64,324,2.03,100,0,10000
1021,9.84,87,330,4.12,100,0,10000,11,0,15,7,1018,9.62,64,297,2.19,100,0,10000,1018,9.62,64,297,2.19,100,0,10000,1018,9.62,64,297,2.19,100,0,10000,1018,9.62,64,297,2.19,100,0,10000,1018,9.62,64,297,2.19,100,0,10000,1018,9.62,64,297,2.19,100,0,10000,1018,9.62,64,297,2.19,100,0,10000,1018,9.62,64,297,2.19,100,0,10000,1018,9.62,64,297,2.19,100,0,10000,1018,9.62,64,297,2.19,100,0,10000,1018,9.62,64,297,2.19,100,0,10000,1018,9.62,64,297,2.19,100,0,10000
1021,9.84,87,330,4.12,100,0,10000,14,0,15,7,1017,10.16,63,290,2.74,86,0,10000,1017,10.16,63,290,2.74,86,0,10000,1017,10.16,63,290,2.74,86,0,10000,1017,10.16,63,290,2.74,86,0,10000,1017,10.16,63,290,2.74,86,0,10000,1017,10.16,63,290,2.74,86,0,10000,1017,10.16,63,290,2.74,86,0,10000,1017,10.16,63,290,2.74,86,0,10000,1017,10.16,63,290,2.74,86,0,10000,1017,10.16,63,290,2.74,86,0,10000,1017,10.16,63,290,2.74,86,0,10000,1017,10.16,63,290,2.74,86,0,10000
1021,9.84,87,330,4.12,100,0,10000,17,0,15,7,1021,9.84,87,356,4.34,100,0,10000,1021,9.84,87,356,4.34,100,0,10000,1021,9.84,87,356,4.34,100,0,10000,1021,9.84,87,356,4.34,100,0,10000,1021,9.84,87,356,4.34,100,0,10000,1021,9.84,87,356,4.34,100,0,10000,1021,9.84,87,356,4.34,100,0,10000,1021,9.84,87,356,4.34,100,0,10000,1021,9.84,87,356,4.34,100,0,10000,1021,9.84,87,356,4.34,100,0,10000,1021,9.84,87,356,4.34,100,0,10000,1021,9.84,87,356,4.34,100,0,10000
1021,9.84,87,330,4.12,100,0,10000,20,0,15,7,1021,9.46,83,360,4.3,100,0,10000,1021,9.46,83,360,4.3,100,0,10000,1021,9.46,83,360,4.3,100,0,10000,1021,9.46,83,360,4.3,100,0,10000,1021,9.46,83,360,4.3,100,0,10000,1021,9.46,83,360,4.3,100,0,10000,1021,9.46,83,360,4.3,100,0,10000,1021,9.46,83,360,4.3,100,0,10000,1021,9.46,83,360,4.3,100,0,10000,1021,9.46,83,360,4.3,100,0,10000,1021,9.46,83,360,4.3,100,0,10000,1021,9.46,83,360,4.3,100,0,10000
1021,9.84,87,330,4.12,100,0,10000,23,0,15,7,1022,8.51,82,33,4.61,99,0,10000,1022,8.51,82,33,4.61,99,0,10000,1022,8.51,82,33,4.61,99,0,10000,1022,8.51,82,33,4.61,99,0,10000,1022,8.51,82,33,4.61,99,0,10000,1022,8.51,82,33,4.61,99,0,10000,1022,8.51,82,33,4.61,99,0,10000,1022,8.51,82,33,4.61,99,0,10000,1022,8.51,82,33,4.61,99,0,10000,1022,8.51,82,33,4.61,99,0,10000,1022,8.51,82,33,4.61,99,0,10000,1022,8.51,82,33,4.61,99,0,10000
1021,9.84,87,330,4.12,100,0,10000,2,0,16,7,1021,5.58,72,24,2.07,18,0,10000,1021,5.58,72,24,2.07,18,0,10000,1021,5.58,72,24,2.07,18,0,10000,1021,5.58,72,24,2.07,18,0,10000,1021,5.58,72,24,2.07,18,0,10000,1021,5.58,72,24,2.07,18,0,10000,1021,5.58,72,24,2.07,18,0,10000,1021,5.58,72,24,2.07,18,0,10000,1021,5.58,72,24,2.07,18,0,10000,1021,5.58,72,24,2.07,18,0,10000,1021,5.58,72,24,2.07,18,0,10000,1021,5.58,72,24,2.07,18,0,10000
1021,9.84,87,330,4.12,100,0,10000,5,0,16,7,1020,7.11,68,5,1.16,43,0,10000,1020,7.11,68,5,1.16,43,0,10000,1020,7.11,68,5,1.16,43,0,10000,1020,7.11,68,5,1.16,43,0,10000,1020,7.11,68,5,1.16,43,0,10000,1020,7.11,68,5,1.16,43,0,10000,1020,7.11,68,5,1.16,43,0,10000,1020,7.11,68,5,1.16,43,0,10000,1020,7.11,68,5,1.16,43,0,10000,1020,7.11,68,5,1.16,43,0,10000,1020,7.11,68,5,1.16,43,0,10000,1020,7.11,68,5,1.16,43,0,10000
1021,9.84,87,330,4.12,100,0,10000,8,0,16,7,1019,8.9,64,324,2.03,100,0,10000,1019,8.9,64,324,2.03,100,0,10000,1019,8.9,64,324,2.03,100,0,10000,1019,8.9,64,324,2.03,100,0,10000,1019,8.9,64,324,2.03,100,0,10000,1019,8.9,64,324,2.03,100,0,10000,1019,8.9,64,324,2.03,100,0,10000,1019,8.9,64,324,2.03,100,0,10000,1019,8.9,64,324,2.03,100,0,10000,1019,8.9,64,324,2.03,100,0,10000,1019,8.9,64,324,2.03,100,0,10000,1019,8.9,64,324,2.03,100,0,10000
1021,9.84,87,330,4.12,100,0,10000,11,0,16,7,1018,9.62,64,297,2.19,100,0,10000,1018,9.62,64,297,2.19,100,0,10000,1018,9.62,64,297,2.19,100,0,10000,1018,9.62,64,297,2.19,100,0,10000,1018,9.62,64,297,2.19,100,0,10000,1018,9.62,64,297,2.19,100,0,10000,1018,9.62,64,297,2.19,100,0,10000,1018,9.62,64,297,2.19,100,0,10000,1018,9.62,64,297,2.19,100,0,10000,1018,9.62,64,297,2.19,100,0,10000,1018,9.62,64,297,2.19,100,0,10000,1018,9.62,64,297,2.19,100,0,10000
1021,9.84,87,330,4.12,100,0,10000,14,0,16,7,1017,10.16,63,290,2.74,86,0,10000,1017,10.16,63,290,2.74,86,0,10000,1017,10.16,63,290,2.74,86,0,10000,1017,10.16,63,290,2.74,86,0,10000,1017,10.16,63,290,2.74,86,0,10000,1017,10.16,63,290,2.74,86,0,10000,1017,10.16,63,290,2.74,86,0,10000,1017,10.16,63,290,2.74,86,0,10000,1017,10.16,63,290,2.74,86,0,10000,1017,10.16,63,290,2.74,86,0,10000,1017,10.16,63,290,2.74,86,0,10000,1017,10.16,63,290,2.74,86,0,10000
1021,9.84,87,330,4.12,100,0,10000,17,0,16,7,1021,9.84,87,356,4.34,100,0,10000,1021,9.84,87,356,4.34,100,0,10000,1021,9.84,87,356,4.34,100,0,10000,1021,9.84,87,356,4.34,100,0,10000,1021,9.84,87,356,4.34,100,0,10000,1021,9.84,87,356,4.34,100,0,10000,1021,9.84,87,356,4.34,100,0,10000,1021,9.84,87,356,4.34,100,0,10000,1021,9.84,87,356,4.34,100,0,10000,1021,9.84,87,356,4.34,100,0,10000,1021,9.84,87,356,4.34,100,0,10000,1021,9.84,87,356,4.34,100,0,10000
1021,9.84,87,330,4.12,100,0,10000,20,0,16,7,1021,9.46,83,360,4.3,100,0,10000,1021,9.46,83,360,4.3,100,0,10000,1021,9.46,83,360,4.3,100,0,10000,1021,9.46,83,360,4.3,100,0,10000,1021,9.46,83,360,4.3,100,0,10000,1021,9.46,83,360,4.3,100,0,10000,1021,9.46,83,360,4.3,100,0,10000,1021,9.46,83,360,4.3,100,0,10000,1021,9.46,83,360,4.3,100,0,10000,1021,9.46,83,360,4.3,100,0,10000,1021,9.46,83,360,4.3,100,0,10000,1021,9.46,83,360,4.3,100,0,10000
1021,9.84,87,330,4.12,100,0,10000,23,0,16,7,1022,8.51,82,33,4.61,99,0,10000,1022,8.51,82,33,4.61,99,0,10000,1022,8.51,82,33,4.61,99,0,10000,1022,8.51,82,33,4.61,99,0,10000,1022,8.51,82,33,4.61,99,0,10000,1022,8.51,82,33,4.61,99,0,10000,1022,8.51,82,33,4.61,99,0,10000,1022,8.51,82,33,4.61,99,0,10000,1022,8.51,82,33,4.61,99,0,10000,1022,8.51,82,33,4.61,99,0,10000,1022,8.51,82,33,4.61,99,0,10000,1022,8.51,82,33,4.61,99,0,10000
1021,9.84,87,330,4.12,100,0,10000,2,0,17,7,1021,5.58,72,24,2.07,18,0,10000,1021,5.58,72,24,2.07,18,0,10000,1021,5.58,72,24,2.07,18,0,10000,1021,5.58,72,24,2.07,18,0,10000,1021,5.58,72,24,2.07,18,0,10000,1021,5.58,72,24,2.07,18,0,10000,1021,5.58,72,24,2.07,18,0,10000,1021,5.58,72,24,2.07,18,0,10000,1021,5.58,72,24,2.07,18,0,10000,1021,5.58,72,24,2.07,18,0,10000,1021,5.58,72,24,2.07,18,0,10000,1021,5.58,72,24,2.07,18,0,10000
1021,9.84,87,330,4.12,100,0,10000,5,0,17,7,1020,7.11,68,5,1.16,43,0,10000,1020,7.11,68,5,1.16,43,0,10000,1020,7.11,68,5,1.16,43,0,10000,1020,7.11,68,5,1.16,43,0,10000,1020,7.11,68,5,1.16,43,0,10000,1020,7.11,68,5,1.16,43,0,10000,1020,7.11,68,5,1.16,43,0,10000,1020,7.11,68,5,1.16,43,0,10000,1020,7.11,68,5,1.16,43,0,10000,1020,7.11,68,5,1.16,43,0,10000,1020,7.11,68,5,1.16,43,0,10000,1020,7.11,68,5,1.16,43,0,10000
1021,9.84,87,330,4.12,100,0,10000,8,0,17,7,1019,8.9,64,324,2.03,100,0,10000,1019,8.9,64,324,2.03,100,0,10000,1019,8.9,64,324,2.03,100,0,10000,1019,8.9,64,324,2.03,100,0,10000,1019,8.9,64,324,2.03,100,0,10000,1019,8.9,64,324,2.03,100,0,10000,1019,8.9,64,324,2.03,100,0,10000,1019,8.9,64,324,2.03,100,0,10000,1019,8.9,64,324,2.03,100,0,10000,1019,8.9,64,324,2.03,100,0,10000,1019,8.9,64,324,2.03,100,0,10000,1019,8.9,64,324,2.03,100,0,10000
1021,9.84,87,330,4.12,100,0,10000,11,0,17,7,1018,9.62,64,297,2.19,100,0,10000,1018,9.62,64,297,2.19,100,0,10000,1018,9.62,64,297,2.19,100,0,10000,1018,9.62,64,297,2.19,100,0,10000,1018,9.62,64,297,2.19,100,0,10000,1018,9.62,64,297,2.19,100,0,10000,1018,9.62,64,297,2.19,100,0,10000,1018,9.62,64,297,2.19,100,0,10000,1018,9.62,64,297,2.19,100,0,10000,1018,9.62,64,297,2.19,100,0,10000,1018,9.62,64,297,2.19,100,0,10000,1018,9.62,64,297,2.19,100,0,10000
1021,9.84,87,330,4.12,100,0,10000,14,0,17,7,1017,10.16,63,290,2.74,86,0,10000,1017,10.16,63,290,2.74,86,0,10000,1017,10.16,63,290,2.74,86,0,10000,1017,10.16,63,290,2.74,86,0,10000,1017,10.16,63,290,2.74,86,0,10000,1017,10.16,63,290,2.74,86,0,10000,1017,10.16,63,290,2.74,86,0,10000,1017,10.16,63,290,2.74,86,0,10000,1017,10.16,63,290,2.74,86,0,10000,1017,10.16,63,290,2.74,86,0,10000,1017,10.16,63,290,2.74,86,0,10000,1017,10.16,63,290,2.74,86,0,10000
1021,9.84,87,330,4.12,100,0,10000,17,0,17,7,1021,9.84,87,356,4.34,100,0,10000,1021,9.84,87,356,4.34,100,0,10000,1021,9.84,87,356,4.34,100,0,10000,1021,9.84,87,356,4.34,100,0,10000,1021,9.84,87,356,4.34,100,0,10000,1021,9.84,87,356,4.34,100,0,10000,1021,9.84,87,356,4.34,100,0,10000,1021,9.84,87,356,4.34,100,0,10000,1021,9.84,87,356,4.34,100,0,10000,1021,9.84,87,356,4.34,100,0,10000,1021,9.84,87,356,4.34,100,0,10000,1021,9.84,87,356,4.34,100,0,10000
1021,9.84,87,330,4.12,100,0,10000,20,0,17,7,1021,9.46,83,360,4.3,100,0,10000,1021,9.46,83,360,4.3,100,0,10000,1021,9.46,83,360,4.3,100,0,10000,1021,9.46,83,360,4.3,100,0,10000,1021,9.46,83,360,4.3,100,0,10000,1021,9.46,83,360,4.3,100,0,10000,1021,9.46,83,360,4.3,100,0,10000,1021,9.46,83,360,4.3,100,0,10000,1021,9.46,83,360,4.3,100,0,10000,1021,9.46,83,360,4.3,100,0,10000,1021,9.46,83,360,4.3,100,0,10000,1021,9.46,83,360,4.3,100,0,10000
1021,9.84,87,330,4.12,100,0,10000,23,0,17,7,1022,8.51,82,33,4.61,99,0,10000,1022,8.51,82,33,4.61,99,0,10000,1022,8.51,82,33,4.61,99,0,10000,1022,8.51,82,33,4.61,99,0,10000,1022,8.51,82,33,4.61,99,0,10000,1022,8.51,82,33,4.61,99,0,10000,1022,8.51,82,33,4.61,99,0,10000,1022,8.51,82,33,4.61,99,0,10000,1022,8.51,82,33,4.61,99,0,10000,1022,8.51,82,33,4.61,99,0,10000,1022,8.51,82,33,4.61,99,0,10000,1022,8.51,82,33,4.61,99,0,10000
1021,9.84,87,330,4.12,100,0,10000,2,0,18,7,1021,5.58,72,24,2.07,18,0,10000,1021,5.58,72,24,2.07,18,0,10000,1021,5.58,72,24,2.07,18,0,10000,1021,5.58,72,24,2.07,18,0,10000,1021,5.58,72,24,2.07,18,0,10000,1021,5.58,72,24,2.07,18,0,10000,1021,5.58,72,24,2.07,18,0,10000,1021,5.58,72,24,2.07,18,0,10000,1021,5.58,72,24,2.07,18,0,10000,1021,5.58,72,24,2.07,18,0,10000,1021,5.58,72,24,2.07,18,0,10000,1021,5.58,72,24,2.07,18,0,10000
1021,9.84,87,330,4.12,100,0,10000,5,0,18,7,1020,7.11,68,5,1.16,43,0,10000,1020,7.11,68,5,1.16,43,0,10000,1020,7.11,68,5,1.16,43,0,10000,1020,7.11,68,5,1.16,43,0,10000,1020,7.11,68,5,1.16,43,0,10000,1020,7.11,68,5,1.16,43,0,10000,1020,7.11,68,5,1.16,43,0,10000,1020,7.11,68,5,1.16,43,0,10000,1020,7.11,68,5,1.16,43,0,10000,1020,7.11,68,5,1.16,43,0,10000,1020,7.11,68,5,1.16,43,0,10000,1020,7.11,68,5,1.16,43,0,10000
1021,9.84,87,330,4.12,100,0,10000,8,0,18,7,1019,8.9,64,324,2.03,100,0,10000,1019,8.9,64,324,2.03,100,0,10000,1019,8.9,64,324,2.03,100,0,10000,1019,8.9,64,324,2.03,100,0,10000,1019,8.9,64,324,2.03,100,0,10000,1019,8.9,64,324,2.03,100,0,10000,1019,8.9,64,324,2.03,100,0,10000,1019,8.9,64,324,2.03,100,0,10000,1019,8.9,64,324,2.03,100,0,10000,1019,8.9,64,324,2.03,100,0,10000,1019,8.9,64,324,2.03,100,0,10000,1019,8.9,64,324,2.03,100,0,10000
1021,9.84,87,330,4.12,100,0,10000,11,0,18,7,1018,9.62,64,297,2.19,100,0,10000,1018,9.62,64,297,2.19,100,0,10000,1018,9.62,64,297,2.19,100,0,10000,1018,9.62,64,297,2.19,100,0,10000,1018,9.62,64,297,2.19,100,0,10000,1018,9.62,64,297,2.19,100,0,10000,1018,9.62,64,297,2.19,100,0,10000,1018,9.62,64,297,2.19,100,0,10000,1018,9.62,64,297,2.19,100,0,10000,1018,9.62,64,297,2.19,100,0,10000,1018,9.62,64,297,2.19,100,0,10000,1018,9.62,64,297,2.19,100,0,10000
1021,9.84,87,330,4.12,100,0,10000,14,0,18,7,1017,10.16,63,290,2.74,86,0,10000,1017,10.16,63,290,2.74,86,0,10000,1017,10.16,63,290,2.74,86,0,10000,1017,10.16,63,290,2.74,86,0,10000,1017,10.16,63,290,2.74,86,0,10000,1017,10.16,63,290,2.74,86,0,10000,1017,10.16,63,290,2.74,86,0,10000,1017,10.16,63,290,2.74,86,0,10000,1017,10.16,63,290,2.74,86,0,10000,1017,10.16,63,290,2.74,86,0,10000,1017,10.16,63,290,2.74,86,0,10000,1017,10.16,63,290,2.74,86,0,10000
1021,9.84,87,330,4.12,100,0,10000,17,0,18,7,1021,9.84,87,356,4.34,100,0,10000,1021,9.84,87,356,4.34,100,0,10000,1021,9.84,87,356,4.34,100,0,10000,1021,9.84,87,356,4.34,100,0,10000,1021,9.84,87,356,4.34,100,0,10000,1021,9.84,87,356,4.34,100,0,10000,1021,9.84,87,356,4.34,100,0,10000,1021,9.84,87,356,4.34,100,0,10000,1021,9.84,87,356,4.34,100,0,10000,1021,9.84,87,356,4.34,100,0,10000,1021,9.84,87,356,4.34,100,0,10000,1021,9.84,87,356,4.34,100,0,10000
1021,9.84,87,330,4.12,100,0,10000,20,0,18,7,1021,9.46,83,360,4.3,100,0,10000,1021,9.46,83,360,4.3,100,0,10000,1021,9.46,83,360,4.3,100,0,10000,1021,9.46,83,360,4.3,100,0,10000,1021,9.46,83,360,4.3,100,0,10000,1021,9.46,83,360,4.3,100,0,10000,1021,9.46,83,360,4.3,100,0,10000,1021,9.46,83,360,4.3,100,0,10000,1021,9.46,83,360,4.3,100,0,10000,1021,9.46,83,360,4.3,100,0,10000,1021,9.46,83,360,4.3,100,0,10000,1021,9.46,83,360,4.3,100,0,10000
1021,9.84,87,330,4.12,100,0,10000,23,0,18,7,1022,8.51,82,33,4.61,99,0,10000,1022,8.51,82,33,4.61,99,0,10000,1022,8.51,82,33,4.61,99,0,10000,1022,8.51,82,33,4.61,99,0,10000,1022,8.51,82,33,4.61,99,0,10000,1022,8.51,82,33,4.61,99,0,10000,1022,8.51,82,33,4.61,99,0,10000,1022,8.51,82,33,4.61,99,0,10000,1022,8.51,82,33,4.61,99,0,10000,1022,8.51,82,33,4.61,99,0,10000,1022,8.51,82,33,4.61,99,0,10000,1022,8.51,82,33,4.61,99,0,10000
1021,9.84,87,330,4.12,100,0,10000,2,0,19,7,1021,5.58,72,24,2.07,18,0,10000,1021,5.58,72,24,2.07,18,0,10000,1021,5.58,72,24,2.07,18,0,10000,1021,5.58,72,24,2.07,18,0,10000,1021,5.58,72,24,2.07,18,0,10000,1021,5.58,72,24,2.07,18,0,10000,1021,5.58,72,24,2.07,18,0,10000,1021,5.58,72,24,2.07,18,0,10000,1021,5.58,72,24,2.07,18,0,10000,1021,5.58,72,24,2.07,18,0,10000,1021,5.58,72,24,2.07,18,0,10000,1021,5.58,72,24,2.07,18,0,10000
1021,9.84,87,330,4.12,100,0,10000,5,0,19,7,1020,7.11,68,5,1.16,43,0,10000,1020,7.11,68,5,1.16,43,0,10000,1020,7.11,68,5,1.16,43,0,10000,1020,7.11,68,5,1.16,43,0,10000,1020,7.11,68,5,1.16,43,0,10000,1020,7.11,68,5,1.16,43,0,10000,1020,7.11,68,5,1.16,43,0,10000,1020,7.11,68,5,1.16,43,0,10000,1020,7.11,68,5,1.16,43,0,10000,1020,7.11,68,5,1.16,43,0,10000,1020,7.11,68,5,1.16,43,0,10000,1020,7.11,68,5,1.16,43,0,10000
1021,9.84,87,330,4.12,100,0,10000,8,0,19,7,1019,8.9,64,324,2.03,100,0,10000,1019,8.9,64,324,2.03,100,0,10000,1019,8.9,64,324,2.03,100,0,10000,1019,8.9,64,324,2.03,100,0,10000,1019,8.9,64,324,2.03,100,0,10000,1019,8.9,64,324,2.03,100,0,10000,1019,8.9,64,324,2.03,100,0,10000,1019,8.9,64,324,2.03,100,0,10000,1019,8.9,64,324,2.03,100,0,10000,1019,8.9,64,324,2.03,100,0,10000,1019,8.9,64,324,2.03,100,0,10000,1019,8.9,64,324,2.03,100,0,10000
1021,9.84,87,330,4.12,100,0,10000,11,0,19,7,1018,9.62,64,297,2.19,100,0,10000,1018,9.62,64,297,2.19,100,0,10000,1018,9.62,64,297,2.19,100,0,10000,1018,9.62,64,297,2.19,100,0,10000,1018,9.62,64,297,2.19,100,0,10000,1018,9.62,64,297,2.19,100,0,10000,1018,9.62,64,297,2.19,100,0,10000,1018,9.62,64,297,2.19,100,0,10000,1018,9.62,64,297,2.19,100,0,10000,1018,9.62,64,297,2.19,100,0,10000,1018,9.62,64,297,2.19,100,0,10000,1018,9.62,64,297,2.19,100,0,10000
1021,9.84,87,330,4.12,100,0,10000,14,0,19,7,1017,10.16,63,290,2.74,86,0,10000,1017,10.16,63,290,2.74,86,0,10000,1017,10.16,63,290,2.74,86,0,10000,1017,10.16,63,290,2.74,86,0,10000,1017,10.16,63,290,2.74,86,0,10000,1017,10.16,63,290,2.74,86,0,10000,1017,10.16,63,290,2.74,86,0,10000,1017,10.16,63,290,2.74,86,0,10000,1017,10.16,63,290,2.74,86,0,10000,1017,10.16,63,290,2.74,86,0,10000,1017,10.16,63,290,2.74,86,0,10000,1017,10.16,63,290,2.74,86,0,10000
1021,9.84,87,330,4.12,100,0,10000,17,0,19,7,1021,9.84,87,356,4.34,100,0,10000,1021,9.84,87,356,4.34,100,0,10000,1021,9.84,87,356,4.34,100,0,10000,1021,9.84,87,356,4.34,100,0,10000,1021,9.84,87,356,4.34,100,0,10000,1021,9.84,87,356,4.34,100,0,10000,1021,9.84,87,356,4.34,100,0,10000,1021,9.84,87,356,4.34,100,0,10000,1021,9.84,87,356,4.34,100,0,10000,1021,9.84,87,356,4.34,100,0,10000,1021,9.84,87,356,4.34,100,0,10000,1021,9.84,87,356,4.34,100,0,10000
1021,9.84,87,330,4.12,100,0,10000,20,0,19,7,1021,9.46,83,360,4.3,100,0,10000,1021,9.46,83,360,4.3,100,0,10000,1021,9.46,83,360,4.3,100,0,10000,1021,9.46,83,360,4.3,100,0,10000,1021,9.46,83,360,4.3,100,0,10000,1021,9.46,83,360,4.3,100,0,10000,1021,9.46,83,360,4.3,100,0,10000,1021,9.46,83,360,4.3,100,0,10000,1021,9.46,83,360,4.3,100,0,10000,1021,9.46,83,360,4.3,100,0,10000,1021,9.46,83,360,4.3,100,0,10000,1021,9.46,83,360,4.3,100,0,10000
1021,9.84,87,330,4.12,100,0,10000,23,0,19,7,1022,8.51,82,33,4.61,99,0,10000,1022,8.51,82,33,4.61,99,0,10000,1022,8.51,82,33,4.61,99,0,10000,1022,8.51,82,33,4.61,99,0,10000,1022,8.51,82,33,4.61,99,0,10000,1022,8.51,82,33,4.61,99,0,10000,1022,8.51,82,33,4.61,99,0,10000,1022,8.51,82,33,4.61,99,0,10000,1022,8.51,82,33,4.61,99,0,10000,1022,8.51,82,33,4.61,99,0,10000,1022,8.51,82,33,4.61,99,0,10000,1022,8.51,82,33,4.61,99,0,10000
1021,9.84,87,330,4.12,100,0,10000,2,0,20,7,1021,5.58,72,24,2.07,18,0,10000,1021,5.58,72,24,2.07,18,0,10000,1021,5.58,72,24,2.07,18,0,10000,1021,5.58,72,24,2.07,18,0,10000,1021,5.58,72,24,2.07,18,0,10000,1021,5.58,72,24,2.07,18,0,10000,1021,5.58,72,24,2.07,18,0,10000,1021,5.58,72,24,2.07,18,0,10000,1021,5.58,72,24,2.07,18,0,10000,1021,5.58,72,24,2.07,18,0,10000,1021,5.58,72,24,2.07,18,0,10000,1021,5.58,72,24,2.07,18,0,10000
1021,9.84,87,330,4.12,100,0,10000,5,0,20,7,1020,7.11,68,5,1.16,43,0,10000,1020,7.11,68,5,1.16,43,0,10000,1020,7.11,68,5,1.16,43,0,10000,1020,7.11,68,5,1.16,43,0,10000,1020,7.11,68,5,1.16,43,0,10000,1020,7.11,68,5,1.16,43,0,10000,1020,7.11,68,5,1.16,43,0,10000,1020,7.11,68,5,1.16,43,0,10000,1020,7.11,68,5,1.16,43,0,10000,1020,7.11,68,5,1.16,43,0,10000,1020,7.11,68,5,1.16,43,0,10000,1020,7.11,68,5,1.16,43,0,10000
1021,9.84,87,330,4.12,100,0,10000,8,0,20,7,1019,8.9,64,324,2.03,100,0,10000,1019,8.9,64,324,2.03,100,0,10000,1019,8.9,64,324,2.03,100,0,10000,1019,8.9,64,324,2.03,100,0,10000,1019,8.9,64,324,2.03,100,0,10000,1019,8.9,64,324,2.03,100,0,10000,1019,8.9,64,324,2.03,100,0,10000,1019,8.9,64,324,2.03,100,0,10000,1019,8.9,64,324,2.03,100,0,10000,1019,8.9,64,324,2.03,100,0,10000,1019,8.9,64,324,2.03,100,0,10000,1019,8.9,64,324,2.03,100,0,10000
1021,9.84,87,330,4.12,100,0,10000,11,0,20,7,1018,9.62,64,297,2.19,100,0,10000,1018,9.62,64,297,2.19,100,0,10000,1018,9.62,64,297,2.19,100,0,10000,1018,9.62,64,297,2.19,100,0,10000,1018,9.62,64,297,2.19,100,0,10000,1018,9.62,64,297,2.19,100,0,10000,1018,9.62,64,297,2.19,100,0,10000,1018,9.62,64,297,2.19,100,0,10000,1018,9.62,64,297,2.19,100,0,10000,1018,9.62,64,297,2.19,100,0,10000,1018,9.62,64,297,2.19,100,0,10000,1018,9.62,64,297,2.19,100,0,10000
1021,9.84,87,330,4.12,100,0,10000,14,0,20,7,1017,10.16,63,290,2.74,86,0,10000,1017,10.16,63,290,2.74,86,0,10000,1017,10.16,63,290,2.74,86,0,10000,1017,10.16,63,290,2.74,86,0,10000,1017,10.16,63,290,2.74,86,0,10000,1017,10.16,63,290,2.74,86,0,10000,1017,10.16,63,290,2.74,86,0,10000,1017,10.16,63,290,2.74,86,0,10000,1017,10.16,63,290,2.74,86,0,10000,1017,10.16,63,290,2.74,86,0,10000,1017,10.16,63,290,2.74,86,0,10000,1017,10.16,63,290,2.74,86,0,10000
1021,9.84,87,330,4.12,100,0,10000,17,0,20,7,1021,9.84,87,356,4.34,100,0,10000,1021,9.84,87,356,4.34,100,0,10000,1021,9.84,87,356,4.34,100,0,10000,1021,9.84,87,356,4.34,100,0,10000,1021,9.84,87,356,4.34,100,0,10000,1021,9.84,87,356,4.34,100,0,10000,1021,9.84,87,356,4.34,100,0,10000,1021,9.84,87,356,4.34,100,0,10000,1021,9.84,87,356,4.34,100,0,10000,1021,9.84,87,356,4.34,100,0,10000,1021,9.84,87,356,4.34,100,0,10000,1021,9.84,87,356,4.34,100,0,10000
1021,9.84,87,330,4.12,100,0,10000,20,0,20,7,1021,9.46,83,360,4.3,100,0,10000,1021,9.46,83,360,4.3,100,0,10000,1021,9.46,83,360,4.3,100,0,10000,1021,9.46,83,360,4.3,100,0,10000,1021,9.46,83,360,4.3,100,0,10000,1021,9.46,83,360,4.3,100,0,10000,1021,9.46,83,360,4.3,100,0,10000,1021,9.46,83,360,4.3,100,0,10000,1021,9.46,83,360,4.3,100,0,10000,1021,9.46,83,360,4.3,100,0,10000,1021,9.46,83,360,4.3,100,0,10000,1021,9.46,83,360,4.3,100,0,10000
1021,9.84,87,330,4.12,100,0,10000,23,0,20,7,1022,8.51,82,33,4.61,99,0,10000,1022,8.51,82,33,4.61,99,0,10000,1022,8.51,82,33,4.61,99,0,10000,1022,8.51,82,33,4.61,99,0,10000,1022,8.51,82,33,4.61,99,0,10000,1022,8.51,82,33,4.61,99,0,10000,1022,8.51,82,33,4.61,99,0,10000,1022,8.51,82,33,4.61,99,0,10000,1022,8.51,82,33,4.61,99,0,10000,1022,8.51,82,33,4.61,99,0,10000,1022,8.51,82,33,4.61,99,0,10000,1022,8.51,82,33,4.61,99,0,10000
1021,9.84,87,330,4.12,100,0,10000,2,0,21,7,1021,5.58,72,24,2.07,18,0,10000,1021,5.58,72,24,2.07,18,0,10000,1021,5.58,72,24,2.07,18,0,10000,1021,5.58,72,24,2.07,18,0,10000,1021,5.58,72,24,2.07,18,0,10000,1021,5.58,72,24,2.07,18,0,10000,1021,5.58,72,24,2.07,18,0,10000,1021,5.58,72,24,2.07,18,0,10000,1021,5.58,72,24,2.07,18,0,10000,1021,5.58,72,24,2.07,18,0,10000,1021,5.58,72,24,2.07,18,0,10000,1021,5.58,72,24,2.07,18,0,10000
1021,9.84,87,330,4.12,100,0,10000,5,0,21,7,1020,7.11,68,5,1.16,43,0,10000,1020,7.11,68,5,1.16,43,0,10000,1020,7.11,68,5,1.16,43,0,10000,1020,7.11,68,5,1.16,43,0,10000,1020,7.11,68,5,1.16,43,0,10000,1020,7.11,68,5,1.16,43,0,10000,1020,7.11,68,5,1.16,43,0,10000,1020,7.11,68,5,1.16,43,0,10000,1020,7.11,68,5,1.16,43,0,10000,1020,7.11,68,5,1.16,43,0,10000,1020,7.11,68,5,1.16,43,0,10000,1020,7.11,68,5,1.16,43,0,10000
1021,9.84,87,330,4.12,100,0,10000,8,0,21,7,1019,8.9,64,324,2.03,100,0,10000,1019,8.9,64,324,2.03,100,0,10000,1019,8.9,64,324,2.03,100,0,10000,1019,8.9,64,324,2.03,100,0,10000,1019,8.9,64,324,2.03,100,0,10000,1019,8.9,64,324,2.03,100,0,10000,1019,8.9,64,324,2.03,100,0,10000,1019,8.9,64,324,2.03,100,0,10000,1019,8.9,64,324,2.03,100,0,10000,1019,8.9,64,324,2.03,100,0,10000,1019,8.9,64,324,2.03,100,0,10000,1019,8.9,64,324,2.03,100,0,10000
1021,9.84,87,330,4.12,100,0,10000,11,0,21,7,1018,9.62,64,297,2.19,100,0,10000,1018,9.62,64,297,2.19,100,0,10000,1018,9.62,64,297,2.19,100,0,10000,1018,9.62,64,297,2.19,100,0,10000,1018,9.62,64,297,2.19,100,0,10000,1018,9.62,64,297,2.19,100,0,10000,1018,9.62,64,297,2.19,100,0,10000,1018,9.62,64,297,2.19,100,0,10000,1018,9.62,64,297,2.19,100,0,10000,1018,9.62,64,297,2.19,100,0,10000,1018,9.62,64,297,2.19,100,0,10000,1018,9.62,64,297,2.19,100,0,10000
1021,9.84,87,330,4.12,100,0,10000,14,0,21,7,1017,10.16,63,290,2.74,86,0,10000,1017,10.16,63,290,2.74,86,0,10000,1017,10.16,63,290,2.74,86,0,10000,1017,10.16,63,290,2.74,86,0,10000,1017,10.16,63,290,2.74,86,0,10000,1017,10.16,63,290,2.74,86,0,10000,1017,10.16,63,290,2.74,86,0,10000,1017,10.16,63,290,2.74,86,0,10000,1017,10.16,63,290,2.74,86,0,10000,1017,10.16,63,290,2.74,86,0,10000,1017,10.16,63,290,2.74,86,0,10000,1017,10.16,63,290,2.74,86,0,10000
1021,9.84,87,330,4.12,100,0,10000,17,0,21,7,1021,9.84,87,356,4.34,100,0,10000,1021,9.84,87,356,4.34,100,0,10000,1021,9.84,87,356,4.34,100,0,10000,1021,9.84,87,356,4.34,100,0,10000,1021,9.84,87,356,4.34,100,0,10000,1021,9.84,87,356,4.34,100,0,10000,1021,9.84,87,356,4.34,100,0,10000,1021,9.84,87,356,4.34,100,0,10000,1021,9.84,87,356,4.34,100,0,10000,1021,9.84,87,356,4.34,100,0,10000,1021,9.84,87,356,4.34,100,0,10000,1021,9.84,87,356,4.34,100,0,10000
1021,9.84,87,330,4.12,100,0,10000,20,0,21,7,1021,9.46,83,360,4.3,100,0,10000,1021,9.46,83,360,4.3,100,0,10000,1021,9.46,83,360,4.3,100,0,10000,1021,9.46,83,360,4.3,100,0,10000,1021,9.46,83,360,4.3,100,0,10000,1021,9.46,83,360,4.3,100,0,10000,1021,9.46,83,360,4.3,100,0,10000,1021,9.46,83,360,4.3,100,0,10000,1021,9.46,83,360,4.3,100,0,10000,1021,9.46,83,360,4.3,100,0,10000,1021,9.46,83,360,4.3,100,0,10000,1021,9.46,83,360,4.3,100,0,10000
1021,9.84,87,330,4.12,100,0,10000,23,0,21,7,1022,8.51,82,33,4.61,99,0,10000,1022,8.51,82,33,4.61,99,0,10000,1022,8.51,82,33,4.61,99,0,10000,1022,8.51,82,33,4.61,99,0,10000,1022,8.51,82,33,4.61,99,0,10000,1022,8.51,82,33,4.61,99,0,10000,1022,8.51,82,33,4.61,99,0,10000,1022,8.51,82,33,4.61,99,0,10000,1022,8.51,82,33,4.61,99,0,10000,1022,8.51,82,33,4.61,99,0,10000,1022,8.51,82,33,4.61,99,0,10000,1022,8.51,82,33,4.61,99,0,10000
1021,9.84,87,330,4.12,100,0,10000,2,0,22,7,1021,5.58,72,24,2.07,18,0,10000,1021,5.58,72,24,2.07,18,0,10000,1021,5.58,72,24,2.07,18,0,10000,1021,5.58,72,24,2.07,18,0,10000,1021,5.58,72,24,2.07,18,0,10000,1021,5.58,72,24,2.07,18,0,10000,1021,5.58,72,24,2.07,18,0,10000,1021,5.58,72,24,2.07,18,0,10000,1021,5.58,72,24,2.07,18,0,10000,1021,5.58,72,24,2.07,18,0,10000,1021,5.58,72,24,2.07,18,0,10000,1021,5.58,72,24,2.07,18,0,10000
1021,9.84,87,330,4.12,100,0,10000,5,0,22,7,1020,7.11,68,5,1.16,43,0,10000,1020,7.11,68,5,1.16,43,0,10000,1020,7.11,68,5,1.16,43,0,10000,1020,7.11,68,5,1.16,43,0,10000,1020,7.11,68,5,1.16,43,0,10000,1020,7.11,68,5,1.16,43,0,10000,1020,7.11,68,5,1.16,43,0,10000,1020,7.11,68,5,1.16,43,0,10000,1020,7.11,68,5,1.16,43,0,10000,1020,7.11,68,5,1.16,43,0,10000,1020,7.11,68,5,1.16,43,0,10000,1020,7.11,68,5,1.16,43,0,10000
1021,9.84,87,330,4.12,100,0,10000,8,0,22,7,1019,8.9,64,324,2.03,100,0,10000,1019,8.9,64,324,2.03,100,0,10000,1019,8.9,64,324,2.03,100,0,10000,1019,8.9,64,324,2.03,100,0,10000,1019,8.9,64,324,2.03,100,0,10000,1019,8.9,64,324,2.03,100,0,10000,1019,8.9,64,324,2.03,100,0,10000,1019,8.9,64,324,2.03,100,0,10000,1019,8.9,64,324,2.03,100,0,10000,1019,8.9,64,324,2.03,100,0,10000,1019,8.9,64,324,2.03,100,0,10000,1019,8.9,64,324,2.03,100,0,10000
1021,9.84,87,330,4.12,100,0,10000,11,0,22,7,1018,9.62,64,297,2.19,100,0,10000,1018,9.62,64,297,2.19,100,0,10000,1018,9.62,64,297,2.19,100,0,10000,1018,9.62,64,297,2.19,100,0,10000,1018,9.62,64,297,2.19,100,0,10000,1018,9.62,64,297,2.19,100,0,10000,1018,9.62,64,297,2.19,100,0,10000,1018,9.62,64,297,2.19,100,0,10000,1018,9.62,64,297,2.19,100,0,10000,1018,9.62,64,297,2.19,100,0,10000,1018,9.62,64,297,2.19,100,0,10000,1018,9.62,64,297,2.19,100,0,10000
1021,9.84,87,330,4.12,100,0,10000,14,0,22,7,1017,10.16,63,290,2.74,86,0,10000,1017,10.16,63,290,2.74,86,0,10000,1017,10.16,63,290,2.74,86,0,10000,1017,10.16,63,290,2.74,86,0,10000,1017,10.16,63,290,2.74,86,0,10000,1017,10.16,63,290,2.74,86,0,10000,1017,10.16,63,290,2.74,86,0,10000,1017,10.16,63,290,2.74,86,0,10000,1017,10.16,63,290,2.74,86,0,10000,1017,10.16,63,290,2.74,86,0,10000,1017,10.16,63,290,2.74,86,0,10000,1017,10.16,63,290,2.74,86,0,10000
1021,9.84,87,330,4.12,100,0,10000,17,0,22,7,1021,9.84,87,356,4.34,100,0,10000,1021,9.84,87,356,4.34,100,0,10000,1021,9.84,87,356,4.34,100,0,10000,1021,9.84,87,356,4.34,100,0,10000,1021,9.84,87,356,4.34,100,0,10000,1021,9.84,87,356,4.34,100,0,10000,1021,9.84,87,356,4.34,100,0,10000,1021,9.84,87,356,4.34,100,0,10000,1021,9.84,87,356,4.34,100,0,10000,1021,9.84,87,356,4.34,100,0,10000,1021,9.84,87,356,4.34,100,0,10000,1021,9.84,87,356,4.34,100,0,10000
1021,9.84,87,330,4.12,100,0,10000,20,0,22,7,1021,9.46,83,360,4.3,100,0,10000,1021,9.46,83,360,4.3,100,0,10000,1021,9.46,83,360,4.3,100,0,10000,1021,9.46,83,360,4.3,100,0,10000,1021,9.46,83,360,4.3,100,0,10000,1021,9.46,83,360,4.3,100,0,10000,1021,9.46,83,360,4.3,100,0,10000,1021,9.46,83,360,4.3,100,0,10000,1021,9.46,83,360,4.3,100,0,10000,1021,9.46,83,360,4.3,100,0,10000,1021,9.46,83,360,4.3,100,0,10000,1021,9.46,83,360,4.3,100,0,10000
1021,9.84,87,330,4.12,100,0,10000,23,0,22,7,1022,8.51,82,33,4.61,99,0,10000,1022,8.51,82,33,4.61,99,0,10000,1022,8.51,82,33,4.61,99,0,10000,1022,8.51,82,33,4.61,99,0,10000,1022,8.51,82,33,4.61,99,0,10000,1022,8.51,82,33,4.61,99,0,10000,1022,8.51,82,33,4.61,99,0,10000,1022,8.51,82,33,4.61,99,0,10000,1022,8.51,82,33,4.61,99,0,10000,1022,8.51,82,33,4.61,99,0,10000,1022,8.51,82,33,4.61,99,0,10000,1022,8.51,82,33,4.61,99,0,10000
1021,9.84,87,330,4.12,100,0,10000,2,0,23,7,1021,5.58,72,24,2.07,18,0,10000,1021,5.58,72,24,2.07,18,0,10000,1021,5.58,72,24,2.07,18,0,10000,1021,5.58,72,24,2.07,18,0,10000,1021,5.58,72,24,2.07,18,0,10000,1021,5.58,72,24,2.07,18,0,10000,1021,5.58,72,24,2.07,18,0,10000,1021,5.58,72,24,2.07,18,0,10000,1021,5.58,72,24,2.07,18,0,10000,1021,5.58,72,24,2.07,18,0,10000,1021,5.58,72,24,2.07,18,0,10000,1021,5.58,72,24,2.07,18,0,10000
1021,9.84,87,330,4.12,100,0,10000,5,0,23,7,1020,7.11,68,5,1.16,43,0,10000,1020,7.11,68,5,1.16,43,0,10000,1020,7.11,68,5,1.16,43,0,10000,1020,7.11,68,5,1.16,43,0,10000,1020,7.11,68,5,1.16,43,0,10000,1020,7.11,68,5,1.16,43,0,10000,1020,7.11,68,5,1.16,43,0,10000,1020,7.11,68,5,1.16,43,0,10000,1020,7.11,68,5,1.16,43,0,10000,1020,7.11,68,5,1.16,43,0,10000,1020,7.11,68,5,1.16,43,0,10000,1020,7.11,68,5,1.16,43,0,10000
1021,9.84,87,330,4.12,100,0,10000,8,0,23,7,1019,8.9,64,324,2.03,100,0,10000,1019,8.9,64,324,2.03,100,0,10000,1019,8.9,64,324,2.03,100,0,10000,1019,8.9,64,324,2.03,100,0,10000,1019,8.9,64,324,2.03,100,0,10000,1019,8.9,64,324,2.03,100,0,10000,1019,8.9,64,324,2.03,100,0,10000,1019,8.9,64,324,2.03,100,0,10000,1019,8.9,64,324,2.03,100,0,10000,1019,8.9,64,324,2.03,100,0,10000,1019,8.9,64,324,2.03,100,0,10000,1019,8.9,64,324,2.03,100,0,10000
1021,9.84,87,330,4.12,100,0,10000,11,0,23,7,1018,9.62,64,297,2.19,100,0,10000,1018,9.62,64,297,2.19,100,0,10000,1018,9.62,64,297,2.19,100,0,10000,1018,9.62,64,297,2.19,100,0,10000,1018,9.62,64,297,2.19,100,0,10000,1018,9.62,64,297,2.19,100,0,10000,1018,9.62,64,297,2.19,100,0,10000,1018,9.62,64,297,2.19,100,0,10000,1018,9.62,64,297,2.19,100,0,10000,1018,9.62,64,297,2.19,100,0,10000,1018,9.62,64,297,2.19,100,0,10000,1018,9.62,64,297,2.19,100,0,10000
1021,9.84,87,330,4.12,100,0,10000,14,0,23,7,1017,10.16,63,290,2.74,86,0,10000,1017,10.16,63,290,2.74,86,0,10000,1017,10.16,63,290,2.74,86,0,10000,1017,10.16,63,290,2.74,86,0,10000,1017,10.16,63,290,2.74,86,0,10000,1017,10.16,63,290,2.74,86,0,10000,1017,10.16,63,290,2.74,86,0,10000,1017,10.16,63,290,2.74,86,0,10000,1017,10.16,63,290,2.74,86,0,10000,1017,10.16,63,290,2.74,86,0,10000,1017,10.16,63,290,2.74,86,0,10000,1017,10.16,63,290,2.74,86,0,10000
1021,9.84,87,330,4.12,100,0,10000,17,0,23,7,1021,9.84,87,356,4.34,100,0,10000,1021,9.84,87,356,4.34,100,0,10000,1021,9.84,87,356,4.34,100,0,10000,1021,9.84,87,356,4.34,100,0,10000,1021,9.84,87,356,4.34,100,0,10000,1021,9.84,87,356,4.34,100,0,10000,1021,9.84,87,356,4.34,100,0,10000,1021,9.84,87,356,4.34,100,0,10000,1021,9.84,87,356,4.34,100,0,10000,1021,9.84,87,356,4.34,100,0,10000,1021,9.84,87,356,4.34,100,0,10000,1021,9.84,87,356,4.34,100,0,10000
1021,9.84,87,330,4.12,100,0,10000,20,0,23,7,1021,9.46,83,360,4.3,100,0,10000,1021,9.46,83,360,4.3,100,0,10000,1021,9.46,83,360,4.3,100,0,10000,1021,9.46,83,360,4.3,100,0,10000,1021,9.46,83,360,4.3,100,0,10000,1021,9.46,83,360,4.3,100,0,10000,1021,9.46,83,360,4.3,100,0,10000,1021,9.46,83,360,4.3,100,0,10000,1021,9.46,83,360,4.3,100,0,10000,1021,9.46,83,360,4.3,100,0,10000,1021,9.46,83,360,4.3,100,0,10000,1021,9.46,83,360,4.3,100,0,10000
1021,9.84,87,330,4.12,100,0,10000,23,0,23,7,1022,8.51,82,33,4.61,99,0,10000,1022,8.51,82,33,4.61,99,0,10000,1022,8.51,82,33,4.61,99,0,10000,1022,8.51,82,33,4.61,99,0,10000,1022,8.51,82,33,4.61,99,0,10000,1022,8.51,82,33,4.61,99,0,10000,1022,8.51,82,33,4.61,99,0,10000,1022,8.51,82,33,4.61,99,0,10000,1022,8.51,82,33,4.61,99,0,10000,1022,8.51,82,33,4.61,99,0,10000,1022,8.51,82,33,4.61,99,0,10000,1022,8.51,82,33,4.61,99,0,10000
1021,9.84,87,330,4.12,100,0,10000,2,0,24,7,1021,5.58,72,24,2.07,18,0,10000,1021,5.58,72,24,2.07,18,0,10000,1021,5.58,72,24,2.07,18,0,10000,1021,5.58,72,24,2.07,18,0,10000,1021,5.58,72,24,2.07,18,0,10000,1021,5.58,72,24,2.07,18,0,10000,1021,5.58,72,24,2.07,18,0,10000,1021,5.58,72,24,2.07,18,0,10000,1021,5.58,72,24,2.07,18,0,10000,1021,5.58,72,24,2.07,18,0,10000,1021,5.58,72,24,2.07,18,0,10000,1021,5.58,72,24,2.07,18,0,10000
1021,9.84,87,330,4.12,100,0,10000,5,0,24,7,1020,7.11,68,5,1.16,43,0,10000,1020,7.11,68,5,1.16,43,0,10000,1020,7.11,68,5,1.16,43,0,10000,1020,7.11,68,5,1.16,43,0,10000,1020,7.11,68,5,1.16,43,0,10000,1020,7.11,68,5,1.16,43,0,10000,1020,7.11,68,5,1.16,43,0,10000,1020,7.11,68,5,1.16,43,0,10000,1020,7.11,68,5,1.16,43,0,10000,1020,7.11,68,5,1.16,43,0,10000,1020,7.11,68,5,1.16,43,0,10000,1020,7.11,68,5,1.16,43,0,10000
1021,9.84,87,330,4.12,100,0,10000,8,0,24,7,1019,8.9,64,324,2.03,100,0,10000,1019,8.9,64,324,2.03,100,0,10000,1019,8.9,64,324,2.03,100,0,10000,1019,8.9,64,324,2.03,100,0,10000,1019,8.9,64,324,2.03,100,0,10000,1019,8.9,64,324,2.03,100,0,10000,1019,8.9,64,324,2.03,100,0,10000,1019,8.9,64,324,2.03,100,0,10000,1019,8.9,64,324,2.03,100,0,10000,1019,8.9,64,324,2.03,100,0,10000,1019,8.9,64,324,2.03,100,0,10000,1019,8.9,64,324,2.03,100,0,10000
1021,9.84,87,330,4.12,100,0,10000,11,0,24,7,1018,9.62,64,297,2.19,100,0,10000,1018,9.62,64,297,2.19,100,0,10000,1018,9.62,64,297,2.19,100,0,10000,1018,9.62,64,297,2.19,100,0,10000,1018,9.62,64,297,2.19,100,0,10000,1018,9.62,64,297,2.19,100,0,10000,1018,9.62,64,297,2.19,100,0,10000,1018,9.62,64,297,2.19,100,0,10000,1018,9.62,64,297,2.19,100,0,10000,1018,9.62,64,297,2.19,100,0,10000,1018,9.62,64,297,2.19,100,0,10000,1018,9.62,64,297,2.19,100,0,10000
1021,9.84,87,330,4.12,100,0,10000,14,0,24,7,1017,10.16,63,290,2.74,86,0,10000,1017,10.16,63,290,2.74,86,0,10000,1017,10.16,63,290,2.74,86,0,10000,1017,10.16,63,290,2.74,86,0,10000,1017,10.16,63,290,2.74,86,0,10000,1017,10.16,63,290,2.74,86,0,10000,1017,10.16,63,290,2.74,86,0,10000,1017,10.16,63,290,2.74,86,0,10000,1017,10.16,63,290,2.74,86,0,10000,1017,10.16,63,290,2.74,86,0,10000,1017,10.16,63,290,2.74,86,0,10000,1017,10.16,63,290,2.74,86,0,10000
1021,9.84,87,330,4.12,100,0,10000,17,0,24,7,1021,9.84,87,356,4.34,100,0,10000,1021,9.84,87,356,4.34,100,0,10000,1021,9.84,87,356,4.34,100,0,10000,1021,9.84,87,356,4.34,100,0,10000,1021,9.84,87,356,4.34,100,0,10000,1021,9.84,87,356,4.34,100,0,10000,1021,9.84,87,356,4.34,100,0,10000,1021,9.84,87,356,4.34,100,0,10000,1021,9.84,87,356,4.34,100,0,10000,1021,9.84,87,356,4.34,100,0,10000,1021,9.84,87,356,4.34,100,0,10000,1021,9.84,87,356,4.34,100,0,10000
1021,9.84,87,330,4.12,100,0,10000,20,0,24,7,1021,9.46,83,360,4.3,100,0,10000,1021,9.46,83,360,4.3,100,0,10000,1021,9.46,83,360,4.3,100,0,10000,1021,9.46,83,360,4.3,100,0,10000,1021,9.46,83,360,4.3,100,0,10000,1021,9.46,83,360,4.3,100,0,10000,1021,9.46,83,360,4.3,100,0,10000,1021,9.46,83,360,4.3,100,0,10000,1021,9.46,83,360,4.3,100,0,10000,1021,9.46,83,360,4.3,100,0,10000,1021,9.46,83,360,4.3,100,0,10000,1021,9.46,83,360,4.3,100,0,10000
1021,9.84,87,330,4.12,100,0,10000,23,0,24,7,1022,8.51,82,33,4.61,99,0,10000,1022,8.51,82,33,4.61,99,0,10000,1022,8.51,82,33,4.61,99,0,10000,1022,8.51,82,33,4.61,99,0,10000,1022,8.51,82,33,4.61,99,0,10000,1022,8.51,82,33,4.61,99,0,10000,1022,8.51,82,33,4.61,99,0,10000,1022,8.51,82,33,4.61,99,0,10000,1022,8.51,82,33,4.61,99,0,10000,1022,8.51,82,33,4.61,99,0,10000,1022,8.51,82,33,4.61,99,0,10000,1022,8.51,82,33,4.61,99,0,10000
1021,9.84,87,330,4.12,100,0,10000,2,0,25,7,1021,5.58,72,24,2.07,18,0,10000,1021,5.58,72,24,2.07,18,0,10000,1021,5.58,72,24,2.07,18,0,10000,1021,5.58,72,24,2.07,18,0,10000,1021,5.58,72,24,2.07,18,0,10000,1021,5.58,72,24,2.07,18,0,10000,1021,5.58,72,24,2.07,18,0,10000,1021,5.58,72,24,2.07,18,0,10000,1021,5.58,72,24,2.07,18,0,10000,1021,5.58,72,24,2.07,18,0,10000,1021,5.58,72,24,2.07,18,0,10000,1021,5.58,72,24,2.07,18,0,10000
1021,9.84,87,330,4.12,100,0,10000,5,0,25,7,1020,7.11,68,5,1.16,43,0,10000,1020,7.11,68,5,1.16,43,0,10000,1020,7.11,68,5,1.16,43,0,10000,1020,7.11,68,5,1.16,43,0,10000,1020,7.11,68,5,1.16,43,0,10000,1020,7.11,68,5,1.16,43,0,10000,1020,7.11,68,5,1.16,43,0,10000,1020,7.11,68,5,1.16,43,0,10000,1020,7.11,68,5,1.16,43,0,10000,1020,7.11,68,5,1.16,43,0,10000,1020,7.11,68,5,1.16,43,0,10000,1020,7.11,68,5,1.16,43,0,10000
1021,9.84,87,330,4.12,100,0,10000,8,0,25,7,1019,8.9,64,324,2.03,100,0,10000,1019,8.9,64,324,2.03,100,0,10000,1019,8.9,64,324,2.03,100,0,10000,1019,8.9,64,324,2.03,100,0,10000,1019,8.9,64,324,2.03,100,0,10000,1019,8.9,64,324,2.03,100,0,10000,1019,8.9,64,324,2.03,100,0,10000,1019,8.9,64,324,2.03,100,0,10000,1019,8.9,64,324,2.03,100,0,10000,1019,8.9,64,324,2.03,100,0,10000,1019,8.9,64,324,2.03,100,0,10000,1019,8.9,64,324,2.03,100,0,10000
1021,9.84,87,330,4.12,100,0,10000,11,0,25,7,1018,9.62,64,297,2.19,100,0,10000,1018,9.62,64,297,2.19,100,0,10000,1018,9.62,64,297,2.19,100,0,10000,1018,9.62,64,297,2.19,100,0,10000,1018,9.62,64,297,2.19,100,0,10000,1018,9.62,64,297,2.19,100,0,10000,1018,9.62,64,297,2.19,100,0,10000,1018,9.62,64,297,2.19,100,0,10000,1018,9.62,64,297,2.19,100,0,10000,1018,9.62,64,297,2.19,100,0,10000,1018,9.62,64,297,2.19,100,0,10000,1018,9.62,64,297,2.19,100,0,10000
1021,9.84,87,330,4.12,100,0,10000,14,0,25,7,1017,10.16,63,290,2.74,86,0,10000,1017,10.16,63,290,2.74,86,0,10000,1017,10.16,63,290,2.74,86,0,10000,1017,10.16,63,290,2.74,86,0,10000,1017,10.16,63,290,2.74,86,0,10000,1017,10.16,63,290,2.74,86,0,10000,1017,10.16,63,290,2.74,86,0,10000,1017,10.16,63,290,2.74,86,0,10000,1017,10.16,63,290,2.74,86,0,10000,1017,10.16,63,290,2.74,86,0,10000,1017,10.16,63,290,2.74,86,0,10000,1017,10.16,63,290,2.74,86,0,10000
1021,9.84,87,330,4.12,100,0,10000,17,0,25,7,1021,9.84,87,356,4.34,100,0,10000,1021,9.84,87,356,4.34,100,0,10000,1021,9.84,87,356,4.34,100,0,10000,1021,9.84,87,356,4.34,100,0,10000,1021,9.84,87,356,4.34,100,0,10000,1021,9.84,87,356,4.34,100,0,10000,1021,9.84,87,356,4.34,100,0,10000,1021,9.84,87,356,4.34,100,0,10000,1021,9.84,87,356,4.34,100,0,10000,1021,9.84,87,356,4.34,100,0,10000,1021,9.84,87,356,4.34,100,0,10000,1021,9.84,87,356,4.34,100,0,10000
1021,9.84,87,330,4.12,100,0,10000,20,0,25,7,1021,9.46,83,360,4.3,100,0,10000,1021,9.46,83,360,4.3,100,0,10000,1021,9.46,83,360,4.3,100,0,10000,1021,9.46,83,360,4.3,100,0,10000,1021,9.46,83,360,4.3,100,0,10000,1021,9.46,83,360,4.3,100,0,10000,1021,9.46,83,360,4.3,100,0,10000,1021,9.46,83,360,4.3,100,0,10000,1021,9.46,83,360,4.3,100,0,10000,1021,9.46,83,360,4.3,100,0,10000,1021,9.46,83,360,4.3,100,0,10000,1021,9.46,83,360,4.3,100,0,10000
1021,9.84,87,330,4.12,100,0,10000,23,0,25,7,1022,8.51,82,33,4.61,99,0,10000,1022,8.51,82,33,4.61,99,0,10000,1022,8.51,82,33,4.61,99,0,10000,1022,8.51,82,33,4.61,99,0,10000,1022,8.51,82,33,4.61,99,0,10000,1022,8.51,82,33,4.61,99,0,10000,1022,8.51,82,33,4.61,99,0,10000,1022,8.51,82,33,4.61,99,0,10000,1022,8.51,82,33,4.61,99,0,10000,1022,8.51,82,33,4.61,99,0,10000,1022,8.51,82,33,4.61,99,0,10000,1022,8.51,82,33,4.61,99,0,10000
1021,9.84,87,330,4.12,100,0,10000,2,0,26,7,1021,5.58,72,24,2.07,18,0,10000,1021,5.58,72,24,2.07,18,0,10000,1021,5.58,72,24,2.07,18,0,10000,1021,5.58,72,24,2.07,18,0,10000,1021,5.58,72,24,2.07,18,0,10000,1021,5.58,72,24,2.07,18,0,10000,1021,5.58,72,24,2.07,18,0,10000,1021,5.58,72,24,2.07,18,0,10000,1021,5.58,72,24,2.07,18,0,10000,1021,5.58,72,24,2.07,18,0,10000,1021,5.58,72,24,2.07,18,0,10000,1021,5.58,72,24,2.07,18,0,10000
1021,9.84,87,330,4.12,100,0,10000,5,0,26,7,1020,7.11,68,5,1.16,43,0,10000,1020,7.11,68,5,1.16,43,0,10000,1020,7.11,68,5,1.16,43,0,10000,1020,7.11,68,5,1.16,43,0,10000,1020,7.11,68,5,1.16,43,0,10000,1020,7.11,68,5,1.16,43,0,10000,1020,7.11,68,5,1.16,43,0,10000,1020,7.11,68,5,1.16,43,0,10000,1020,7.11,68,5,1.16,43,0,10000,1020,7.11,68,5,1.16,43,0,10000,1020,7.11,68,5,1.16,43,0,10000,1020,7.11,68,5,1.16,43,0,10000
1021,9.84,87,330,4.12,100,0,10000,8,0,26,7,1019,8.9,64,324,2.03,100,0,10000,1019,8.9,64,324,2.03,100,0,10000,1019,8.9,64,324,2.03,100,0,10000,1019,8.9,64,324,2.03,100,0,10000,1019,8.9,64,324,2.03,100,0,10000,1019,8.9,64,324,2.03,100,0,10000,1019,8.9,64,324,2.03,100,0,10000,1019,8.9,64,324,2.03,100,0,10000,1019,8.9,64,324,2.03,100,0,10000,1019,8.9,64,324,2.03,100,0,10000,1019,8.9,64,324,2.03,100,0,10000,1019,8.9,64,324,2.03,100,0,10000
1021,9.84,87,330,4.12,100,0,10000,11,0,26,7,1018,9.62,64,297,2.19,100,0,10000,1018,9.62,64,297,2.19,100,0,10000,1018,9.62,64,297,2.19,100,0,10000,1018,9.62,64,297,2.19,100,0,10000,1018,9.62,64,297,2.19,100,0,10000,1018,9.62,64,297,2.19,100,0,10000,1018,9.62,64,297,2.19,100,0,10000,1018,9.62,64,297,2.19,100,0,10000,1018,9.62,64,297,2.19,100,0,10000,1018,9.62,64,297,2.19,100,0,10000,1018,9.62,64,297,2.19,100,0,10000,1018,9.62,64,297,2.19,100,0,10000
1021,9.84,87,330,4.12,100,0,10000,14,0,26,7,1017,10.16,63,290,2.74,86,0,10000,1017,10.16,63,290,2.74,86,0,10000,1017,10.16,63,290,2.74,86,0,10000,1017,10.16,63,290,2.74,86,0,10000,1017,10.16,63,290,2.74,86,0,10000,1017,10.16,63,290,2.74,86,0,10000,1017,10.16,63,290,2.74,86,0,10000,1017,10.16,63,290,2.74,86,0,10000,1017,10.16,63,290,2.74,86,0,10000,1017,10.16,63,290,2.74,86,0,10000,1017,10.16,63,290,2.74,86,0,10000,1017,10.16,63,290,2.74,86,0,10000
1021,9.84,87,330,4.12,100,0,10000,17,0,26,7,1021,9.84,87,356,4.34,100,0,10000,1021,9.84,87,356,4.34,100,0,10000,1021,9.84,87,356,4.34,100,0,10000,1021,9.84,87,356,4.34,100,0,10000,1021,9.84,87,356,4.34,100,0,10000,1021,9.84,87,356,4.34,100,0,10000,1021,9.84,87,356,4.34,100,0,10000,1021,9.84,87,356,4.34,100,0,10000,1021,9.84,87,356,4.34,100,0,10000,1021,9.84,87,356,4.34,100,0,10000,1021,9.84,87,356,4.34,100,0,10000,1021,9.84,87,356,4.34,100,0,10000
1021,9.84,87,330,4.12,100,0,10000,20,0,26,7,1021,9.46,83,360,4.3,100,0,10000,1021,9.46,83,360,4.3,100,0,10000,1021,9.46,83,360,4.3,100,0,10000,1021,9.46,83,360,4.3,100,0,10000,1021,9.46,83,360,4.3,100,0,10000,1021,9.46,83,360,4.3,100,0,10000,1021,9.46,83,360,4.3,100,0,10000,1021,9.46,83,360,4.3,100,0,10000,1021,9.46,83,360,4.3,100,0,10000,1021,9.46,83,360,4.3,100,0,10000,1021,9.46,83,360,4.3,100,0,10000,1021,9.46,83,360,4.3,100,0,10000
1021,9.84,87,330,4.12,100,0,10000,23,0,26,7,1022,8.51,82,33,4.61,99,0,10000,1022,8.51,82,33,4.61,99,0,10000,1022,8.51,82,33,4.61,99,0,10000,1022,8.51,82,33,4.61,99,0,10000,1022,8.51,82,33,4.61,99,0,10000,1022,8.51,82,33,4.61,99,0,10000,1022,8.51,82,33,4.61,99,0,10000,1022,8.51,82,33,4.61,99,0,10000,1022,8.51,82,33,4.61,99,0,10000,1022,8.51,82,33,4.61,99,0,10000,1022,8.51,82,33,4.61,99,0,10000,1022,8.51,82,33,4.61,99,0,10000
1021,9.84,87,330,4.12,100,0,10000,2,0,27,7,1021,5.58,72,24,2.07,18,0,10000,1021,5.58,72,24,2.07,18,0,10000,1021,5.58,72,24,2.07,18,0,10000,1021,5.58,72,24,2.07,18,0,10000,1021,5.58,72,24,2.07,18,0,10000,1021,5.58,72,24,2.07,18,0,10000,1021,5.58,72,24,2.07,18,0,10000,1021,5.58,72,24,2.07,18,0,10000,1021,5.58,72,24,2.07,18,0,10000,1021,5.58,72,24,2.07,18,0,10000,1021,5.58,72,24,2.07,18,0,10000,1021,5.58,72,24,2.07,18,0,10000
1021,9.84,87,330,4.12,100,0,10000,5,0,27,7,1020,7.11,68,5,1.16,43,0,10000,1020,7.11,68,5,1.16,43,0,10000,1020,7.11,68,5,1.16,43,0,10000,1020,7.11,68,5,1.16,43,0,10000,1020,7.11,68,5,1.16,43,0,10000,1020,7.11,68,5,1.16,43,0,10000,1020,7.11,68,5,1.16,43,0,10000,1020,7.11,68,5,1.16,43,0,10000,1020,7.11,68,5,1.16,43,0,10000,1020,7.11,68,5,1.16,43,0,10000,1020,7.11,68,5,1.16,43,0,10000,1020,7.11,68,5,1.16,43,0,10000
1021,9.84,87,330,4.12,100,0,10000,8,0,27,7,1019,8.9,64,324,2.03,100,0,10000,1019,8.9,64,324,2.03,100,0,10000,1019,8.9,64,324,2.03,100,0,10000,1019,8.9,64,324,2.03,100,0,10000,1019,8.9,64,324,2.03,100,0,10000,1019,8.9,64,324,2.03,100,0,10000,1019,8.9,64,324,2.03,100,0,10000,1019,8.9,64,324,2.03,100,0,10000,1019,8.9,64,324,2.03,100,0,10000,1019,8.9,64,324,2.03,100,0,10000,1019,8.9,64,324,2.03,100,0,10000,1019,8.9,64,324,2.03,100,0,10000
1021,9.84,87,330,4.12,100,0,10000,11,0,27,7,1018,9.62,64,297,2.19,100,0,10000,1018,9.62,64,297,2.19,100,0,10000,1018,9.62,64,297,2.19,100,0,10000,1018,9.62,64,297,2.19,100,0,10000,1018,9.62,64,297,2.19,100,0,10000,1018,9.62,64,297,2.19,100,0,10000,1018,9.62,64,297,2.19,100,0,10000,1018,9.62,64,297,2.19,100,0,10000,1018,9.62,64,297,2.19,100,0,10000,1018,9.62,64,297,2.19,100,0,10000,1018,9.62,64,297,2.19,100,0,10000,1018,9.62,64,297,2.19,100,0,10000
1021,9.84,87,330,4.12,100,0,10000,14,0,27,7,1017,10.16,63,290,2.74,86,0,10000,1017,10.16,63,290,2.74,86,0,10000,1017,10.16,63,290,2.74,86,0,10000,1017,10.16,63,290,2.74,86,0,10000,1017,10.16,63,290,2.74,86,0,10000,1017,10.16,63,290,2.74,86,0,10000,1017,10.16,63,290,2.74,86,0,10000,1017,10.16,63,290,2.74,86,0,10000,1017,10.16,63,290,2.74,86,0,10000,1017,10.16,63,290,2.74,86,0,10000,1017,10.16,63,290,2.74,86,0,10000,1017,10.16,63,290,2.74,86,0,10000
1021,9.84,87,330,4.12,100,0,10000,17,0,27,7,1021,9.84,87,356,4.34,100,0,10000,1021,9.84,87,356,4.34,100,0,10000,1021,9.84,87,356,4.34,100,0,10000,1021,9.84,87,356,4.34,100,0,10000,1021,9.84,87,356,4.34,100,0,10000,1021,9.84,87,356,4.34,100,0,10000,1021,9.84,87,356,4.34,100,0,10000,1021,9.84,87,356,4.34,100,0,10000,1021,9.84,87,356,4.34,100,0,10000,1021,9.84,87,356,4.34,100,0,10000,1021,9.84,87,356,4.34,100,0,10000,1021,9.84,87,356,4.34,100,0,10000
1021,9.84,87,330,4.12,100,0,10000,20,0,27,7,1021,9.46,83,360,4.3,100,0,10000,1021,9.46,83,360,4.3,100,0,10000,1021,9.46,83,360,4.3,100,0,10000,1021,9.46,83,360,4.3,100,0,10000,1021,9.46,83,360,4.3,100,0,10000,1021,9.46,83,360,4.3,100,0,10000,1021,9.46,83,360,4.3,100,0,10000,1021,9.46,83,360,4.3,100,0,10000,1021,9.46,83,360,4.3,100,0,10000,1021,9.46,83,360,4.3,100,0,10000,1021,9.46,83,360,4.3,100,0,10000,1021,9.46,83,360,4.3,100,0,10000
1021,9.84,87,330,4.12,100,0,10000,23,0,27,7,1022,8.51,82,33,4.61,99,0,10000,1022,8.51,82,33,4.61,99,0,10000,1022,8.51,82,33,4.61,99,0,10000,1022,8.51,82,33,4.61,99,0,10000,1022,8.51,82,33,4.61,99,0,10000,1022,8.51,82,33,4.61,99,0,10000,1022,8.51,82,33,4.61,99,0,10000,1022,8.51,82,33,4.61,99,0,10000,1022,8.51,82,33,4.61,99,0,10000,1022,8.51,82,33,4.61,99,0,10000,1022,8.51,82,33,4.61,99,0,10000,1022,8.51,82,33,4.61,99,0,10000
1021,9.84,87,330,4.12,100,0,10000,2,0,28,7,1021,5.58,72,24,2.07,18,0,10000,1021,5.58,72,24,2.07,18,0,10000,1021,5.58,72,24,2.07,18,0,10000,1021,5.58,72,24,2.07,18,0,10000,1021,5.58,72,24,2.07,18,0,10000,1021,5.58,72,24,2.07,18,0,10000,1021,5.58,72,24,2.07,18,0,10000,1021,5.58,72,24,2.07,18,0,10000,1021,5.58,72,24,2.07,18,0,10000,1021,5.58,72,24,2.07,18,0,10000,1021,5.58,72,24,2.07,18,0,10000,1021,5.58,72,24,2.07,18,0,10000
1021,9.84,87,330,4.12,100,0,10000,5,0,28,7,1020,7.11,68,5,1.16,43,0,10000,1020,7.11,68,5,1.16,43,0,10000,1020,7.11,68,5,1.16,43,0,10000,1020,7.11,68,5,1.16,43,0,10000,1020,7.11,68,5,1.16,43,0,10000,1020,7.11,68,5,1.16,43,0,10000,1020,7.11,68,5,1.16,43,0,10000,1020,7.11,68,5,1.16,43,0,10000,1020,7.11,68,5,1.16,43,0,10000,1020,7.11,68,5,1.16,43,0,10000,1020,7.11,68,5,1.16,43,0,10000,1020,7.11,68,5,1.16,43,0,10000
1021,9.84,87,330,4.12,100,0,10000,8,0,28,7,1019,8.9,64,324,2.03,100,0,10000,1019,8.9,64,324,2.03,100,0,10000,1019,8.9,64,324,2.03,100,0,10000,1019,8.9,64,324,2.03,100,0,10000,1019,8.9,64,324,2.03,100,0,10000,1019,8.9,64,324,2.03,100,0,10000,1019,8.9,64,324,2.03,100,0,10000,1019,8.9,64,324,2.03,100,0,10000,1019,8.9,64,324,2.03,100,0,10000,1019,8.9,64,324,2.03,100,0,10000,1019,8.9,64,324,2.03,100,0,10000,1019,8.9,64,324,2.03,100,0,10000
1021,9.84,87,330,4.12,100,0,10000,11,0,28,7,1018,9.62,64,297,2.19,100,0,10000,1018,9.62,64,297,2.19,100,0,10000,1018,9.62,64,297,2.19,100,0,10000,1018,9.62,64,297,2.19,100,0,10000,1018,9.62,64,297,2.19,100,0,10000,1018,9.62,64,297,2.19,100,0,10000,1018,9.62,64,297,2.19,100,0,10000,1018,9.62,64,297,2.19,100,0,10000,1018,9.62,64,297,2.19,100,0,10000,1018,9.62,64,297,2.19,100,0,10000,1018,9.62,64,297,2.19,100,0,10000,1018,9.62,64,297,2.19,100,0,10000
1021,9.84,87,330,4.12,100,0,10000,14,0,28,7,1017,10.16,63,290,2.74,86,0,10000,1017,10.16,63,290,2.74,86,0,10000,1017,10.16,63,290,2.74,86,0,10000,1017,10.16,63,290,2.74,86,0,10000,1017,10.16,63,290,2.74,86,0,10000,1017,10.16,63,290,2.74,86,0,10000,1017,10.16,63,290,2.74,86,0,10000,1017,10.16,63,290,2.74,86,0,10000,1017,10.16,63,290,2.74,86,0,10000,1017,10.16,63,290,2.74,86,0,10000,1017,10.16,63,290,2.74,86,0,10000,1017,10.16,63,290,2.74,86,0,10000
1021,9.84,87,330,4.12,100,0,10000,17,0,28,7,1021,9.84,87,356,4.34,100,0,10000,1021,9.84,87,356,4.34,100,0,10000,1021,9.84,87,356,4.34,100,0,10000,1021,9.84,87,356,4.34,100,0,10000,1021,9.84,87,356,4.34,100,0,10000,1021,9.84,87,356,4.34,100,0,10000,1021,9.84,87,356,4.34,100,0,10000,1021,9.84,87,356,4.34,100,0,10000,1021,9.84,87,356,4.34,100,0,10000,1021,9.84,87,356,4.34,100,0,10000,1021,9.84,87,356,4.34,100,0,10000,1021,9.84,87,356,4.34,100,0,10000
1021,9.84,87,330,4.12,100,0,10000,20,0,28,7,1021,9.46,83,360,4.3,100,0,10000,1021,9.46,83,360,4.3,100,0,10000,1021,9.46,83,360,4.3,100,0,10000,1021,9.46,83,360,4.3,100,0,10000,1021,9.46,83,360,4.3,100,0,10000,1021,9.46,83,360,4.3,100,0,10000,1021,9.46,83,360,4.3,100,0,10000,1021,9.46,83,360,4.3,100,0,10000,1021,9.46,83,360,4.3,100,0,10000,1021,9.46,83,360,4.3,100,0,10000,1021,9.46,83,360,4.3,100,0,10000,1021,9.46,83,360,4.3,100,0,10000
1021,9.84,87,330,4.12,100,0,10000,23,0,28,7,1022,8.51,82,33,4.61,99,0,10000,1022,8.51,82,33,4.61,99,0,10000,1022,8.51,82,33,4.61,99,0,10000,1022,8.51,82,33,4.61,99,0,10000,1022,8.51,82,33,4.61,99,0,10000,1022,8.51,82,33,4.61,99,0,10000,1022,8.51,82,33,4.61,99,0,10000,1022,8.51,82,33,4.61,99,0,10000,1022,8.51,82,33,4.61,99,0,10000,1022,8.51,82,33,4.61,99,0,10000,1022,8.51,82,33,4.61,99,0,10000,1022,8.51,82,33,4.61,99,0,10000
1021,9.84,87,330,4.12,100,0,10000,2,0,29,7,1021,5.58,72,24,2.07,18,0,10000,1021,5.58,72,24,2.07,18,0,10000,1021,5.58,72,24,2.07,18,0,10000,1021,5.58,72,24,2.07,18,0,10000,1021,5.58,72,24,2.07,18,0,10000,1021,5.58,72,24,2.07,18,0,10000,1021,5.58,72,24,2.07,18,0,10000,1021,5.58,72,24,2.07,18,0,10000,1021,5.58,72,24,2.07,18,0,10000,1021,5.58,72,24,2.07,18,0,10000,1021,5.58,72,24,2.07,18,0,10000,1021,5.58,72,24,2.07,18,0,10000
1021,9.84,87,330,4.12,100,0,10000,5,0,29,7,1020,7.11,68,5,1.16,43,0,10000,1020,7.11,68,5,1.16,43,0,10000,1020,7.11,68,5,1.16,43,0,10000,1020,7.11,68,5,1.16,43,0,10000,1020,7.11,68,5,1.16,43,0,10000,1020,7.11,68,5,1.16,43,0,10000,1020,7.11,68,5,1.16,43,0,10000,1020,7.11,68,5,1.16,43,0,10000,1020,7.11,68,5,1.16,43,0,10000,1020,7.11,68,5,1.16,43,0,10000,1020,7.11,68,5,1.16,43,0,10000,1020,7.11,68,5,1.16,43,0,10000
1021,9.84,87,330,4.12,100,0,10000,8,0,29,7,1019,8.9,64,324,2.03,100,0,10000,1019,8.9,64,324,2.03,100,0,10000,1019,8.9,64,324,2.03,100,0,10000,1019,8.9,64,324,2.03,100,0,10000,1019,8.9,64,324,2.03,100,0,10000,1019,8.9,64,324,2.03,100,0,10000,1019,8.9,64,324,2.03,100,0,10000,1019,8.9,64,324,2.03,100,0,10000,1019,8.9,64,324,2.03,100,0,10000,1019,8.9,64,324,2.03,100,0,10000,1019,8.9,64,324,2.03,100,0,10000,1019,8.9,64,324,2.03,100,0,10000
1021,9.84,87,330,4.12,100,0,10000,11,0,29,7,1018,9.62,64,297,2.19,100,0,10000,1018,9.62,64,297,2.19,100,0,10000,1018,9.62,64,297,2.19,100,0,10000,1018,9.62,64,297,2.19,100,0,10000,1018,9.62,64,297,2.19,100,0,10000,1018,9.62,64,297,2.19,100,0,10000,1018,9.62,64,297,2.19,100,0,10000,1018,9.62,64,297,2.19,100,0,10000,1018,9.62,64,297,2.19,100,0,10000,1018,9.62,64,297,2.19,100,0,10000,1018,9.62,64,297,2.19,100,0,10000,1018,9.62,64,297,2.19,100,0,10000
1021,9.84,87,330,4.12,100,0,10000,14,0,29,7,1017,10.16,63,290,2.74,86,0,10000,1017,10.16,63,290,2.74,86,0,10000,1017,10.16,63,290,2.74,86,0,10000,1017,10.16,63,290,2.74,86,0,10000,1017,10.16,63,290,2.74,86,0,10000,1017,10.16,63,290,2.74,86,0,10000,1017,10.16,63,290,2.74,86,0,10000,1017,10.16,63,290,2.74,86,0,10000,1017,10.16,63,290,2.74,86,0,10000,1017,10.16,63,290,2.74,86,0,10000,1017,10.16,63,290,2.74,86,0,10000,1017,10.16,63,290,2.74,86,0,10000
1021,9.84,87,330,4.12,100,0,10000,17,0,29,7,1021,9.84,87,356,4.34,100,0,10000,1021,9.84,87,356,4.34,100,0,10000,1021,9.84,87,356,4.34,100,0,10000,1021,9.84,87,356,4.34,100,0,10000,1021,9.84,87,356,4.34,100,0,10000,1021,9.84,87,356,4.34,100,0,10000,1021,9.84,87,356,4.34,100,0,10000,1021,9.84,87,356,4.34,100,0,10000,1021,9.84,87,356,4.34,100,0,10000,1021,9.84,87,356,4.34,100,0,10000,1021,9.84,87,356,4.34,100,0,10000,1021,9.84,87,356,4.34,100,0,10000
1021,9.84,87,330,4.12,100,0,10000,20,0,29,7,1021,9.46,83,360,4.3,100,0,10000,1021,9.46,83,360,4.3,100,0,10000,1021,9.46,83,360,4.3,100,0,10000,1021,9.46,83,360,4.3,100,0,10000,1021,9.46,83,360,4.3,100,0,10000,1021,9.46,83,360,4.3,100,0,10000,1021,9.46,83,360,4.3,100,0,10000,1021,9.46,83,360,4.3,100,0,10000,1021,9.46,83,360,4.3,100,0,10000,1021,9.46,83,360,4.3,100,0,10000,1021,9.46,83,360,4.3,100,0,10000,1021,9.46,83,360,4.3,100,0,10000
1021,9.84,87,330,4.12,100,0,10000,23,0,29,7,1022,8.51,82,33,4.61,99,0,10000,1022,8.51,82,33,4.61,99,0,10000,1022,8.51,82,33,4.61,99,0,10000,1022,8.51,82,33,4.61,99,0,10000,1022,8.51,82,33,4.61,99,0,10000,1022,8.51,82,33,4.61,99,0,10000,1022,8.51,82,33,4.61,99,0,10000,1022,8.51,82,33,4.61,99,0,10000,1022,8.51,82,33,4.61,99,0,10000,1022,8.51,82,33,4.61,99,0,10000,1022,8.51,82,33,4.61,99,0,10000,1022,8.51,82,33,4.61,99,0,10000
1021,9.84,87,330,4.12,100,0,10000,2,0,30,7,1021,5.58,72,24,2.07,18,0,10000,1021,5.58,72,24,2.07,18,0,10000,1021,5.58,72,24,2.07,18,0,10000,1021,5.58,72,24,2.07,18,0,10000,1021,5.58,72,24,2.07,18,0,10000,1021,5.58,72,24,2.07,18,0,10000,1021,5.58,72,24,2.07,18,0,10000,1021,5.58,72,24,2.07,18,0,10000,1021,5.58,72,24,2.07,18,0,10000,1021,5.58,72,24,2.07,18,0,10000,1021,5.58,72,24,2.07,18,0,10000,1021,5.58,72,24,2.07,18,0,10000
1021,9.84,87,330,4.12,100,0,10000,5,0,30,7,1020,7.11,68,5,1.16,43,0,10000,1020,7.11,68,5,1.16,43,0,10000,1020,7.11,68,5,1.16,43,0,10000,1020,7.11,68,5,1.16,43,0,10000,1020,7.11,68,5,1.16,43,0,10000,1020,7.11,68,5,1.16,43,0,10000,1020,7.11,68,5,1.16,43,0,10000,1020,7.11,68,5,1.16,43,0,10000,1020,7.11,68,5,1.16,43,0,10000,1020,7.11,68,5,1.16,43,0,10000,1020,7.11,68,5,1.16,43,0,10000,1020,7.11,68,5,1.16,43,0,10000
1021,9.84,87,330,4.12,100,0,10000,8,0,30,7,1019,8.9,64,324,2.03,100,0,10000,1019,8.9,64,324,2.03,100,0,10000,1019,8.9,64,324,2.03,100,0,10000,1019,8.9,64,324,2.03,100,0,10000,1019,8.9,64,324,2.03,100,0,10000,1019,8.9,64,324,2.03,100,0,10000,1019,8.9,64,324,2.03,100,0,10000,1019,8.9,64,324,2.03,100,0,10000,1019,8.9,64,324,2.03,100,0,10000,1019,8.9,64,324,2.03,100,0,10000,1019,8.9,64,324,2.03,100,0,10000,1019,8.9,64,324,2.03,100,0,10000
1021,9.84,87,330,4.12,100,0,10000,11,0,30,7,1018,9.62,64,297,2.19,100,0,10000,1018,9.62,64,297,2.19,100,0,10000,1018,9.62,64,297,2.19,100,0,10000,1018,9.62,64,297,2.19,100,0,10000,1018,9.62,64,297,2.19,100,0,10000,1018,9.62,64,297,2.19,100,0,10000,1018,9.62,64,297,2.19,100,0,10000,1018,9.62,64,297,2.19,100,0,10000,1018,9.62,64,297,2.19,100,0,10000,1018,9.62,64,297,2.19,100,0,10000,1018,9.62,64,297,2.19,100,0,10000,1018,9.62,64,297,2.19,100,0,10000
1021,9.84,87,330,4.12,100,0,10000,14,0,30,7,1017,10.16,63,290,2.74,86,0,10000,1017,10.16,63,290,2.74,86,0,10000,1017,10.16,63,290,2.74,86,0,10000,1017,10.16,63,290,2.74,86,0,10000,1017,10.16,63,290,2.74,86,0,10000,1017,10.16,63,290,2.74,86,0,10000,1017,10.16,63,290,2.74,86,0,10000,1017,10.16,63,290,2.74,86,0,10000,1017,10.16,63,290,2.74,86,0,10000,1017,10.16,63,290,2.74,86,0,10000,1017,10.16,63,290,2.74,86,0,10000,1017,10.16,63,290,2.74,86,0,10000
1021,9.84,87,330,4.12,100,0,10000,17,0,30,7,1021,9.84,87,356,4.34,100,0,10000,1021,9.84,87,356,4.34,100,0,10000,1021,9.84,87,356,4.34,100,0,10000,1021,9.84,87,356,4.34,100,0,10000,1021,9.84,87,356,4.34,100,0,10000,1021,9.84,87,356,4.34,100,0,10000,1021,9.84,87,356,4.34,100,0,10000,1021,9.84,87,356,4.34,100,0,10000,1021,9.84,87,356,4.34,100,0,10000,1021,9.84,87,356,4.34,100,0,10000,1021,9.84,87,356,4.34,100,0,10000,1021,9.84,87,356,4.34,100,0,10000
1021,9.84,87,330,4.12,100,0,10000,20,0,30,7,1021,9.46,83,360,4.3,100,0,10000,1021,9.46,83,360,4.3,100,0,10000,1021,9.46,83,360,4.3,100,0,10000,1021,9.46,83,360,4.3,100,0,10000,1021,9.46,83,360,4.3,100,0,10000,1021,9.46,83,360,4.3,100,0,10000,1021,9.46,83,360,4.3,100,0,10000,1021,9.46,83,360,4.3,100,0,10000,1021,9.46,83,360,4.3,100,0,10000,1021,9.46,83,360,4.3,100,0,10000,1021,9.46,83,360,4.3,100,0,10000,1021,9.46,83,360,4.3,100,0,10000
1021,9.84,87,330,4.12,100,0,10000,23,0,30,7,1022,8.51,82,33,4.61,99,0,10000,1022,8.51,82,33,4.61,99,0,10000,1022,8.51,82,33,4.61,99,0,10000,1022,8.51,82,33,4.61,99,0,10000,1022,8.51,82,33,4.61,99,0,10000,1022,8.51,82,33,4.61,99,0,10000,1022,8.51,82,33,4.61,99,0,10000,1022,8.51,82,33,4.61,99,0,10000,1022,8.51,82,33,4.61,99,0,10000,1022,8.51,82,33,4.61,99,0,10000,1022,8.51,82,33,4.61,99,0,10000,1022,8.51,82,33,4.61,99,0,10000
1021,9.84,87,330,4.12,100,0,10000,2,0,31,7,1021,5.58,72,24,2.07,18,0,10000,1021,5.58,72,24,2.07,18,0,10000,1021,5.58,72,24,2.07,18,0,10000,1021,5.58,72,24,2.07,18,0,10000,1021,5.58,72,24,2.07,18,0,10000,1021,5.58,72,24,2.07,18,0,10000,1021,5.58,72,24,2.07,18,0,10000,1021,5.58,72,24,2.07,18,0,10000,1021,5.58,72,24,2.07,18,0,10000,1021,5.58,72,24,2.07,18,0,10000,1021,5.58,72,24,2.07,18,0,10000,1021,5.58,72,24,2.07,18,0,10000
1021,9.84,87,330,4.12,100,0,10000,5,0,31,7,1020,7.11,68,5,1.16,43,0,10000,1020,7.11,68,5,1.16,43,0,10000,1020,7.11,68,5,1.16,43,0,10000,1020,7.11,68,5,1.16,43,0,10000,1020,7.11,68,5,1.16,43,0,10000,1020,7.11,68,5,1.16,43,0,10000,1020,7.11,68,5,1.16,43,0,10000,1020,7.11,68,5,1.16,43,0,10000,1020,7.11,68,5,1.16,43,0,10000,1020,7.11,68,5,1.16,43,0,10000,1020,7.11,68,5,1.16,43,0,10000,1020,7.11,68,5,1.16,43,0,10000
1021,9.84,87,330,4.12,100,0,10000,8,0,31,7,1019,8.9,64,324,2.03,100,0,10000,1019,8.9,64,324,2.03,100,0,10000,1019,8.9,64,324,2.03,100,0,10000,1019,8.9,64,324,2.03,100,0,10000,1019,8.9,64,324,2.03,100,0,10000,1019,8.9,64,324,2.03,100,0,10000,1019,8.9,64,324,2.03,100,0,10000,1019,8.9,64,324,2.03,100,0,10000,1019,8.9,64,324,2.03,100,0,10000,1019,8.9,64,324,2.03,100,0,10000,1019,8.9,64,324,2.03,100,0,10000,1019,8.9,64,324,2.03,100,0,10000
1021,9.84,87,330,4.12,100,0,10000,11,0,31,7,1018,9.62,64,297,2.19,100,0,10000,1018,9.62,64,297,2.19,100,0,10000,1018,9.62,64,297,2.19,100,0,10000,1018,9.62,64,297,2.19,100,0,10000,1018,9.62,64,297,2.19,100,0,10000,1018,9.62,64,297,2.19,100,0,10000,1018,9.62,64,297,2.19,100,0,10000,1018,9.62,64,297,2.19,100,0,10000,1018,9.62,64,297,2.19,100,0,10000,1018,9.62,64,297,2.19,100,0,10000,1018,9.62,64,297,2.19,100,0,10000,1018,9.62,64,297,2.19,100,0,10000
1021,9.84,87,330,4.12,100,0,10000,14,0,31,7,1017,10.16,63,290,2.74,86,0,10000,1017,10.16,63,290,2.74,86,0,10000,1017,10.16,63,290,2.74,86,0,10000,1017,10.16,63,290,2.74,86,0,10000,1017,10.16,63,290,2.74,86,0,10000,1017,10.16,63,290,2.74,86,0,10000,1017,10.16,63,290,2.74,86,0,10000,1017,10.16,63,290,2.74,86,0,10000,1017,10.16,63,290,2.74,86,0,10000,1017,10.16,63,290,2.74,86,0,10000,1017,10.16,63,290,2.74,86,0,10000,1017,10.16,63,290,2.74,86,0,10000
1021,9.84,87,330,4.12,100,0,10000,17,0,31,7,1021,9.84,87,356,4.34,100,0,10000,1021,9.84,87,356,4.34,100,0,10000,1021,9.84,87,356,4.34,100,0,10000,1021,9.84,87,356,4.34,100,0,10000,1021,9.84,87,356,4.34,100,0,10000,1021,9.84,87,356,4.34,100,0,10000,1021,9.84,87,356,4.34,100,0,10000,1021,9.84,87,356,4.34,100,0,10000,1021,9.84,87,356,4.34,100,0,10000,1021,9.84,87,356,4.34,100,0,10000,1021,9.84,87,356,4.34,100,0,10000,1021,9.84,87,356,4.34,100,0,10000
1021,9.84,87,330,4.12,100,0,10000,20,0,31,7,1021,9.46,83,360,4.3,100,0,10000,1021,9.46,83,360,4.3,100,0,10000,1021,9.46,83,360,4.3,100,0,10000,1021,9.46,83,360,4.3,100,0,10000,1021,9.46,83,360,4.3,100,0,10000,1021,9.46,83,360,4.3,100,0,10000,1021,9.46,83,360,4.3,100,0,10000,1021,9.46,83,360,4.3,100,0,10000,1021,9.46,83,360,4.3,100,0,10000,1021,9.46,83,360,4.3,100,0,10000,1021,9.46,83,360,4.3,100,0,10000,1021,9.46,83,360,4.3,100,0,10000
1021,9.84,87,330,4.12,100,0,10000,23,0,31,7,1022,8.51,82,33,4.61,99,0,10000,1022,8.51,82,33,4.61,99,0,10000,1022,8.51,82,33,4.61,99,0,10000,1022,8.51,82,33,4.61,99,0,10000,1022,8.51,82,33,4.61,99,0,10000,1022,8.51,82,33,4.61,99,0,10000,1022,8.51,82,33,4.61,99,0,10000,1022,8.51,82,33,4.61,99,0,10000,1022,8.51,82,33,4.61,99,0,10000,1022,8.51,82,33,4.61,99,0,10000,1022,8.51,82,33,4.61,99,0,10000,1022,8.51,82,33,4.61,99,0,10000
1021,9.84,87,330,4.12,100,0,10000,2,0,1,8,1021,5.58,72,24,2.07,18,0,10000,1021,5.58,72,24,2.07,18,0,10000,1021,5.58,72,24,2.07,18,0,10000,1021,5.58,72,24,2.07,18,0,10000,1021,5.58,72,24,2.07,18,0,10000,1021,5.58,72,24,2.07,18,0,10000,1021,5.58,72,24,2.07,18,0,10000,1021,5.58,72,24,2.07,18,0,10000,1021,5.58,72,24,2.07,18,0,10000,1021,5.58,72,24,2.07,18,0,10000,1021,5.58,72,24,2.07,18,0,10000,1021,5.58,72,24,2.07,18,0,10000
1021,9.84,87,330,4.12,100,0,10000,5,0,1,8,1020,7.11,68,5,1.16,43,0,10000,1020,7.11,68,5,1.16,43,0,10000,1020,7.11,68,5,1.16,43,0,10000,1020,7.11,68,5,1.16,43,0,10000,1020,7.11,68,5,1.16,43,0,10000,1020,7.11,68,5,1.16,43,0,10000,1020,7.11,68,5,1.16,43,0,10000,1020,7.11,68,5,1.16,43,0,10000,1020,7.11,68,5,1.16,43,0,10000,1020,7.11,68,5,1.16,43,0,10000,1020,7.11,68,5,1.16,43,0,10000,1020,7.11,68,5,1.16,43,0,10000
1021,9.84,87,330,4.12,100,0,10000,8,0,1,8,1019,8.9,64,324,2.03,100,0,10000,1019,8.9,64,324,2.03,100,0,10000,1019,8.9,64,324,2.03,100,0,10000,1019,8.9,64,324,2.03,100,0,10000,1019,8.9,64,324,2.03,100,0,10000,1019,8.9,64,324,2.03,100,0,10000,1019,8.9,64,324,2.03,100,0,10000,1019,8.9,64,324,2.03,100,0,10000,1019,8.9,64,324,2.03,100,0,10000,1019,8.9,64,324,2.03,100,0,10000,1019,8.9,64,324,2.03,100,0,10000,1019,8.9,64,324,2.03,100,0,10000
1021,9.84,87,330,4.12,100,0,10000,11,0,1,8,1018,9.62,64,297,2.19,100,0,10000,1018,9.62,64,297,2.19,100,0,10000,1018,9.62,64,297,2.19,100,0,10000,1018,9.62,64,297,2.19,100,0,10000,1018,9.62,64,297,2.19,100,0,10000,1018,9.62,64,297,2.19,100,0,10000,1018,9.62,64,297,2.19,100,0,10000,1018,9.62,64,297,2.19,100,0,10000,1018,9.62,64,297,2.19,100,0,10000,1018,9.62,64,297,2.19,100,0,10000,1018,9.62,64,297,2.19,100,0,10000,1018,9.62,64,297,2.19,100,0,10000
1021,9.84,87,330,4.12,100,0,10000,14,0,1,8,1017,10.16,63,290,2.74,86,0,10000,1017,10.16,63,290,2.74,86,0,10000,1017,10.16,63,290,2.74,86,0,10000,1017,10.16,63,290,2.74,86,0,10000,1017,10.16,63,290,2.74,86,0,10000,1017,10.16,63,290,2.74,86,0,10000,1017,10.16,63,290,2.74,86,0,10000,1017,10.16,63,290,2.74,86,0,10000,1017,10.16,63,290,2.74,86,0,10000,1017,10.16,63,290,2.74,86,0,10000,1017,10.16,63,290,2.74,86,0,10000,1017,10.16,63,290,2.74,86,0,10000
1021,9.84,87,330,4.12,100,0,10000,17,0,1,8,1021,9.84,87,356,4.34,100,0,10000,1021,9.84,87,356,4.34,100,0,10000,1021,9.84,87,356,4.34,100,0,10000,1021,9.84,87,356,4.34,100,0,10000,1021,9.84,87,356,4.34,100,0,10000,1021,9.84,87,356,4.34,100,0,10000,1021,9.84,87,356,4.34,100,0,10000,1021,9.84,87,356,4.34,100,0,10000,1021,9.84,87,356,4.34,100,0,10000,1021,9.84,87,356,4.34,100,0,10000,1021,9.84,87,356,4.34,100,0,10000,1021,9.84,87,356,4.34,100,0,10000
1021,9.84,87,330,4.12,100,0,10000,20,0,1,8,1021,9.46,83,360,4.3,100,0,10000,1021,9.46,83,360,4.3,100,0,10000,1021,9.46,83,360,4.3,100,0,10000,1021,9.46,83,360,4.3,100,0,10000,1021,9.46,83,360,4.3,100,0,10000,1021,9.46,83,360,4.3,100,0,10000,1021,9.46,83,360,4.3,100,0,10000,1021,9.46,83,360,4.3,100,0,10000,1021,9.46,83,360,4.3,100,0,10000,1021,9.46,83,360,4.3,100,0,10000,1021,9.46,83,360,4.3,100,0,10000,1021,9.46,83,360,4.3,100,0,10000
1021,9.84,87,330,4.12,100,0,10000,23,0,1,8,1022,8.51,82,33,4.61,99,0,10000,1022,8.51,82,33,4.61,99,0,10000,1022,8.51,82,33,4.61,99,0,10000,1022,8.51,82,33,4.61,99,0,10000,1022,8.51,82,33,4.61,99,0,10000,1022,8.51,82,33,4.61,99,0,10000,1022,8.51,82,33,4.61,99,0,10000,1022,8.51,82,33,4.61,99,0,10000,1022,8.51,82,33,4.61,99,0,10000,1022,8.51,82,33,4.61,99,0,10000,1022,8.51,82,33,4.61,99,0,10000,1022,8.51,82,33,4.61,99,0,10000
1021,9.84,87,330,4.12,100,0,10000,2,0,2,8,1021,5.58,72,24,2.07,18,0,10000,1021,5.58,72,24,2.07,18,0,10000,1021,5.58,72,24,2.07,18,0,10000,1021,5.58,72,24,2.07,18,0,10000,1021,5.58,72,24,2.07,18,0,10000,1021,5.58,72,24,2.07,18,0,10000,1021,5.58,72,24,2.07,18,0,10000,1021,5.58,72,24,2.07,18,0,10000,1021,5.58,72,24,2.07,18,0,10000,1021,5.58,72,24,2.07,18,0,10000,1021,5.58,72,24,2.07,18,0,10000,1021,5.58,72,24,2.07,18,0,10000
1021,9.84,87,330,4.12,100,0,10000,5,0,2,8,1020,7.11,68,5,1.16,43,0,10000,1020,7.11,68,5,1.16,43,0,10000,1020,7.11,68,5,1.16,43,0,10000,1020,7.11,68,5,1.16,43,0,10000,1020,7.11,68,5,1.16,43,0,10000,1020,7.11,68,5,1.16,43,0,10000,1020,7.11,68,5,1.16,43,0,10000,1020,7.11,68,5,1.16,43,0,10000,1020,7.11,68,5,1.16,43,0,10000,1020,7.11,68,5,1.16,43,0,10000,1020,7.11,68,5,1.16,43,0,10000,1020,7.11,68,5,1.16,43,0,10000
1021,9.84,87,330,4.12,100,0,10000,8,0,2,8,1019,8.9,64,324,2.03,100,0,10000,1019,8.9,64,324,2.03,100,0,10000,1019,8.9,64,324,2.03,100,0,10000,1019,8.9,64,324,2.03,100,0,10000,1019,8.9,64,324,2.03,100,0,10000,1019,8.9,64,324,2.03,100,0,10000,1019,8.9,64,324,2.03,100,0,10000,1019,8.9,64,324,2.03,100,0,10000,1019,8.9,64,324,2.03,100,0,10000,1019,8.9,64,324,2.03,100,0,10000,1019,8.9,64,324,2.03,100,0,10000,1019,8.9,64,324,2.03,100,0,10000
1021,9.84,87,330,4.12,100,0,10000,11,0,2,8,1018,9.62,64,297,2.19,100,0,10000,1018,9.62,64,297,2.19,100,0,10000,1018,9.62,64,297,2.19,100,0,10000,1018,9.62,64,297,2.19,100,0,10000,1018,9.62,64,297,2.19,100,0,10000,1018,9.62,64,297,2.19,100,0,10000,1018,9.62,64,297,2.19,100,0,10000,1018,9.62,64,297,2.19,100,0,10000,1018,9.62,64,297,2.19,100,0,10000,1018,9.62,64,297,2.19,100,0,10000,1018,9.62,64,297,2.19,100,0,10000,1018,9.62,64,297,2.19,100,0,10000
1021,9.84,87,330,4.12,100,0,10000,14,0,2,8,1017,10.16,63,290,2.74,86,0,10000,1017,10.16,63,290,2.74,86,0,10000,1017,10.16,63,290,2.74,86,0,10000,1017,10.16,63,290,2.74,86,0,10000,1017,10.16,63,290,2.74,86,0,10000,1017,10.16,63,290,2.74,86,0,10000,1017,10.16,63,290,2.74,86,0,10000,1017,10.16,63,290,2.74,86,0,10000,1017,10.16,63,290,2.74,86,0,10000,1017,10.16,63,290,2.74,86,0,10000,1017,10.16,63,290,2.74,86,0,10000,1017,10.16,63,290,2.74,86,0,10000
1021,9.84,87,330,4.12,100,0,10000,17,0,2,8,1021,9.84,87,356,4.34,100,0,10000,1021,9.84,87,356,4.34,100,0,10000,1021,9.84,87,356,4.34,100,0,10000,1021,9.84,87,356,4.34,100,0,10000,1021,9.84,87,356,4.34,100,0,10000,1021,9.84,87,356,4.34,100,0,10000,1021,9.84,87,356,4.34,100,0,10000,1021,9.84,87,356,4.34,100,0,10000,1021,9.84,87,356,4.34,100,0,10000,1021,9.84,87,356,4.34,100,0,10000,1021,9.84,87,356,4.34,100,0,10000,1021,9.84,87,356,4.34,100,0,10000
1021,9.84,87,330,4.12,100,0,10000,20,0,2,8,1021,9.46,83,360,4.3,100,0,10000,1021,9.46,83,360,4.3,100,0,10000,1021,9.46,83,360,4.3,100,0,10000,1021,9.46,83,360,4.3,100,0,10000,1021,9.46,83,360,4.3,100,0,10000,1021,9.46,83,360,4.3,100,0,10000,1021,9.46,83,360,4.3,100,0,10000,1021,9.46,83,360,4.3,100,0,10000,1021,9.46,83,360,4.3,100,0,10000,1021,9.46,83,360,4.3,100,0,10000,1021,9.46,83,360,4.3,100,0,10000,1021,9.46,83,360,4.3,100,0,10000
1021,9.84,87,330,4.12,100,0,10000,23,0,2,8,1022,8.51,82,33,4.61,99,0,10000,1022,8.51,82,33,4.61,99,0,10000,1022,8.51,82,33,4.61,99,0,10000,1022,8.51,82,33,4.61,99,0,10000,1022,8.51,82,33,4.61,99,0,10000,1022,8.51,82,33,4.61,99,0,10000,1022,8.51,82,33,4.61,99,0,10000,1022,8.51,82,33,4.61,99,0,10000,1022,8.51,82,33,4.61,99,0,10000,1022,8.51,82,33,4.61,99,0,10000,1022,8.51,82,33,4.61,99,0,10000,1022,8.51,82,33,4.61,99,0,10000
1021,9.84,87,330,4.12,100,0,10000,2,0,3,8,1021,5.58,72,24,2.07,18,0,10000,1021,5.58,72,24,2.07,18,0,10000,1021,5.58,72,24,2.07,18,0,10000,1021,5.58,72,24,2.07,18,0,10000,1021,5.58,72,24,2.07,18,0,10000,1021,5.58,72,24,2.07,18,0,10000,1021,5.58,72,24,2.07,18,0,10000,1021,5.58,72,24,2.07,18,0,10000,1021,5.58,72,24,2.07,18,0,10000,1021,5.58,72,24,2.07,18,0,10000,1021,5.58,72,24,2.07,18,0,10000,1021,5.58,72,24,2.07,18,0,10000
1021,9.84,87,330,4.12,100,0,10000,5,0,3,8,1020,7.11,68,5,1.16,43,0,10000,1020,7.11,68,5,1.16,43,0,10000,1020,7.11,68,5,1.16,43,0,10000,1020,7.11,68,5,1.16,43,0,10000,1020,7.11,68,5,1.16,43,0,10000,1020,7.11,68,5,1.16,43,0,10000,1020,7.11,68,5,1.16,43,0,10000,1020,7.11,68,5,1.16,43,0,10000,1020,7.11,68,5,1.16,43,0,10000,1020,7.11,68,5,1.16,43,0,10000,1020,7.11,68,5,1.16,43,0,10000,1020,7.11,68,5,1.16,43,0,10000
1021,9.84,87,330,4.12,100,0,10000,8,0,3,8,1019,8.9,64,324,2.03,100,0,10000,1019,8.9,64,324,2.03,100,0,10000,1019,8.9,64,324,2.03,100,0,10000,1019,8.9,64,324,2.03,100,0,10000,1019,8.9,64,324,2.03,100,0,10000,1019,8.9,64,324,2.03,100,0,10000,1019,8.9,64,324,2.03,100,0,10000,1019,8.9,64,324,2.03,100,0,10000,1019,8.9,64,324,2.03,100,0,10000,1019,8.9,64,324,2.03,100,0,10000,1019,8.9,64,324,2.03,100,0,10000,1019,8.9,64,324,2.03,100,0,10000
1021,9.84,87,330,4.12,100,0,10000,11,0,3,8,1018,9.62,64,297,2.19,100,0,10000,1018,9.62,64,297,2.19,100,0,10000,1018,9.62,64,297,2.19,100,0,10000,1018,9.62,64,297,2.19,100,0,10000,1018,9.62,64,297,2.19,100,0,10000,1018,9.62,64,297,2.19,100,0,10000,1018,9.62,64,297,2.19,100,0,10000,1018,9.62,64,297,2.19,100,0,10000,1018,9.62,64,297,2.19,100,0,10000,1018,9.62,64,297,2.19,100,0,10000,1018,9.62,64,297,2.19,100,0,10000,1018,9.62,64,297,2.19,100,0,10000
1021,9.84,87,330,4.12,100,0,10000,14,0,3,8,1017,10.16,63,290,2.74,86,0,10000,1017,10.16,63,290,2.74,86,0,10000,1017,10.16,63,290,2.74,86,0,10000,1017,10.16,63,290,2.74,86,0,10000,1017,10.16,63,290,2.74,86,0,10000,1017,10.16,63,290,2.74,86,0,10000,1017,10.16,63,290,2.74,86,0,10000,1017,10.16,63,290,2.74,86,0,10000,1017,10.16,63,290,2.74,86,0,10000,1017,10.16,63,290,2.74,86,0,10000,1017,10.16,63,290,2.74,86,0,10000,1017,10.16,63,290,2.74,86,0,10000
1021,9.84,87,330,4.12,100,0,10000,17,0,3,8,1021,9.84,87,356,4.34,100,0,10000,1021,9.84,87,356,4.34,100,0,10000,1021,9.84,87,356,4.34,100,0,10000,1021,9.84,87,356,4.34,100,0,10000,1021,9.84,87,356,4.34,100,0,10000,1021,9.84,87,356,4.34,100,0,10000,1021,9.84,87,356,4.34,100,0,10000,1021,9.84,87,356,4.34,100,0,10000,1021,9.84,87,356,4.34,100,0,10000,1021,9.84,87,356,4.34,100,0,10000,1021,9.84,87,356,4.34,100,0,10000,1021,9.84,87,356,4.34,100,0,10000
1021,9.84,87,330,4.12,100,0,10000,20,0,3,8,1021,9.46,83,360,4.3,100,0,10000,1021,9.46,83,360,4.3,100,0,10000,1021,9.46,83,360,4.3,100,0,10000,1021,9.46,83,360,4.3,100,0,10000,1021,9.46,83,360,4.3,100,0,10000,1021,9.46,83,360,4.3,100,0,10000,1021,9.46,83,360,4.3,100,0,10000,1021,9.46,83,360,4.3,100,0,10000,1021,9.46,83,360,4.3,100,0,10000,1021,9.46,83,360,4.3,100,0,10000,1021,9.46,83,360,4.3,100,0,10000,1021,9.46,83,360,4.3,100,0,10000
1021,9.84,87,330,4.12,100,0,10000,23,0,3,8,1022,8.51,82,33,4.61,99,0,10000,1022,8.51,82,33,4.61,99,0,10000,1022,8.51,82,33,4.61,99,0,10000,1022,8.51,82,33,4.61,99,0,10000,1022,8.51,82,33,4.61,99,0,10000,1022,8.51,82,33,4.61,99,0,10000,1022,8.51,82,33,4.61,99,0,10000,1022,8.51,82,33,4.61,99,0,10000,1022,8.51,82,33,4.61,99,0,10000,1022,8.51,82,33,4.61,99,0,10000,1022,8.51,82,33,4.61,99,0,10000,1022,8.51,82,33,4.61,99,0,10000
