1015,10.84,53,340,3.6,20,0,10000,2,0,23,9,1011,5.85,73,174,2.09,70,0,10000,1011,5.85,73,174,2.09,70,0,10000,1011,5.85,73,174,2.09,70,0,10000,1011,5.85,73,174,2.09,70,0,10000,1011,5.85,73,174,2.09,70,0,10000,1011,5.85,73,174,2.09,70,0,10000,1011,5.85,73,174,2.09,70,0,10000,1011,5.85,73,174,2.09,70,0,10000,1011,5.85,73,174,2.09,70,0,10000,1011,5.85,73,174,2.09,70,0,10000,1011,5.85,73,174,2.09,70,0,10000,1011,5.85,73,174,2.09,70,0,10000
1015,10.84,53,340,3.6,20,0,10000,5,0,23,9,1010,6.79,82,183,2.33,85,0,10000,1010,6.79,82,183,2.33,85,0,10000,1010,6.79,82,183,2.33,85,0,10000,1010,6.79,82,183,2.33,85,0,10000,1010,6.79,82,183,2.33,85,0,10000,1010,6.79,82,183,2.33,85,0,10000,1010,6.79,82,183,2.33,85,0,10000,1010,6.79,82,183,2.33,85,0,10000,1010,6.79,82,183,2.33,85,0,10000,1010,6.79,82,183,2.33,85,0,10000,1010,6.79,82,183,2.33,85,0,10000,1010,6.79,82,183,2.33,85,0,10000
1015,10.84,53,340,3.6,20,0,10000,8,0,23,9,1008,9.58,76,222,6.06,100,0,10000,1008,9.58,76,222,6.06,100,0,10000,1008,9.58,76,222,6.06,100,0,10000,1008,9.58,76,222,6.06,100,0,10000,1008,9.58,76,222,6.06,100,0,10000,1008,9.58,76,222,6.06,100,0,10000,1008,9.58,76,222,6.06,100,0,10000,1008,9.58,76,222,6.06,100,0,10000,1008,9.58,76,222,6.06,100,0,10000,1008,9.58,76,222,6.06,100,0,10000,1008,9.58,76,222,6.06,100,0,10000,1008,9.58,76,222,6.06,100,0,10000
1015,10.84,53,340,3.6,20,0,10000,11,0,23,9,1007,10.96,71,256,5.17,92,0,10000,1007,10.96,71,256,5.17,92,0,10000,1007,10.96,71,256,5.17,92,0,10000,1007,10.96,71,256,5.17,92,0,10000,1007,10.96,71,256,5.17,92,0,10000,1007,10.96,71,256,5.17,92,0,10000,1007,10.96,71,256,5.17,92,0,10000,1007,10.96,71,256,5.17,92,0,10000,1007,10.96,71,256,5.17,92,0,10000,1007,10.96,71,256,5.17,92,0,10000,1007,10.96,71,256,5.17,92,0,10000,1007,10.96,71,256,5.17,92,0,10000
1015,10.84,53,340,3.6,20,0,10000,14,0,23,9,1005,11.06,64,271,5.6,98,0,10000,1005,11.06,64,271,5.6,98,0,10000,1005,11.06,64,271,5.6,98,0,10000,1005,11.06,64,271,5.6,98,0,10000,1005,11.06,64,271,5.6,98,0,10000,1005,11.06,64,271,5.6,98,0,10000,1005,11.06,64,271,5.6,98,0,10000,1005,11.06,64,271,5.6,98,0,10000,1005,11.06,64,271,5.6,98,0,10000,1005,11.06,64,271,5.6,98,0,10000,1005,11.06,64,271,5.6,98,0,10000,1005,11.06,64,271,5.6,98,0,10000
1015,10.84,53,340,3.6,20,0,10000,17,0,23,9,1015,10.08,62,20,3.4,37,0,10000,1015,10.08,62,20,3.4,37,0,10000,1015,10.08,62,20,3.4,37,0,10000,1015,10.08,62,20,3.4,37,0,10000,1015,10.08,62,20,3.4,37,0,10000,1015,10.08,62,20,3.4,37,0,10000,1015,10.08,62,20,3.4,37,0,10000,1015,10.08,62,20,3.4,37,0,10000,1015,10.08,62,20,3.4,37,0,10000,1015,10.08,62,20,3.4,37,0,10000,1015,10.08,62,20,3.4,37,0,10000,1015,10.08,62,20,3.4,37,0,10000
1015,10.84,53,340,3.6,20,0,10000,20,0,23,9,1015,8.45,69,3,1.02,54,0,10000,1015,8.45,69,3,1.02,54,0,10000,1015,8.45,69,3,1.02,54,0,10000,1015,8.45,69,3,1.02,54,0,10000,1015,8.45,69,3,1.02,54,0,10000,1015,8.45,69,3,1.02,54,0,10000,1015,8.45,69,3,1.02,54,0,10000,1015,8.45,69,3,1.02,54,0,10000,1015,8.45,69,3,1.02,54,0,10000,1015,8.45,69,3,1.02,54,0,10000,1015,8.45,69,3,1.02,54,0,10000,1015,8.45,69,3,1.02,54,0,10000
1015,10.84,53,340,3.6,20,0,10000,23,0,23,9,1013,5.63,76,150,1.1,50,0,10000,1013,5.63,76,150,1.1,50,0,10000,1013,5.63,76,150,1.1,50,0,10000,1013,5.63,76,150,1.1,50,0,10000,1013,5.63,76,150,1.1,50,0,10000,1013,5.63,76,150,1.1,50,0,10000,1013,5.63,76,150,1.1,50,0,10000,1013,5.63,76,150,1.1,50,0,10000,1013,5.63,76,150,1.1,50,0,10000,1013,5.63,76,150,1.1,50,0,10000,1013,5.63,76,150,1.1,50,0,10000,1013,5.63,76,150,1.1,50,0,10000
1015,10.84,53,340,3.6,20,0,10000,2,0,24,9,1011,5.85,73,174,2.09,70,0,10000,1011,5.85,73,174,2.09,70,0,10000,1011,5.85,73,174,2.09,70,0,10000,1011,5.85,73,174,2.09,70,0,10000,1011,5.85,73,174,2.09,70,0,10000,1011,5.85,73,174,2.09,70,0,10000,1011,5.85,73,174,2.09,70,0,10000,1011,5.85,73,174,2.09,70,0,10000,1011,5.85,73,174,2.09,70,0,10000,1011,5.85,73,174,2.09,70,0,10000,1011,5.85,73,174,2.09,70,0,10000,1011,5.85,73,174,2.09,70,0,10000
1015,10.84,53,340,3.6,20,0,10000,5,0,24,9,1010,6.79,82,183,2.33,85,0,10000,1010,6.79,82,183,2.33,85,0,10000,1010,6.79,82,183,2.33,85,0,10000,1010,6.79,82,183,2.33,85,0,10000,1010,6.79,82,183,2.33,85,0,10000,1010,6.79,82,183,2.33,85,0,10000,1010,6.79,82,183,2.33,85,0,10000,1010,6.79,82,183,2.33,85,0,10000,1010,6.79,82,183,2.33,85,0,10000,1010,6.79,82,183,2.33,85,0,10000,1010,6.79,82,183,2.33,85,0,10000,1010,6.79,82,183,2.33,85,0,10000
1015,10.84,53,340,3.6,20,0,10000,8,0,24,9,1008,9.58,76,222,6.06,100,0,10000,1008,9.58,76,222,6.06,100,0,10000,1008,9.58,76,222,6.06,100,0,10000,1008,9.58,76,222,6.06,100,0,10000,1008,9.58,76,222,6.06,100,0,10000,1008,9.58,76,222,6.06,100,0,10000,1008,9.58,76,222,6.06,100,0,10000,1008,9.58,76,222,6.06,100,0,10000,1008,9.58,76,222,6.06,100,0,10000,1008,9.58,76,222,6.06,100,0,10000,1008,9.58,76,222,6.06,100,0,10000,1008,9.58,76,222,6.06,100,0,10000
1015,10.84,53,340,3.6,20,0,10000,11,0,24,9,1007,10.96,71,256,5.17,92,0,10000,1007,10.96,71,256,5.17,92,0,10000,1007,10.96,71,256,5.17,92,0,10000,1007,10.96,71,256,5.17,92,0,10000,1007,10.96,71,256,5.17,92,0,10000,1007,10.96,71,256,5.17,92,0,10000,1007,10.96,71,256,5.17,92,0,10000,1007,10.96,71,256,5.17,92,0,10000,1007,10.96,71,256,5.17,92,0,10000,1007,10.96,71,256,5.17,92,0,10000,1007,10.96,71,256,5.17,92,0,10000,1007,10.96,71,256,5.17,92,0,10000
1015,10.84,53,340,3.6,20,0,10000,14,0,24,9,1005,11.06,64,271,5.6,98,0,10000,1005,11.06,64,271,5.6,98,0,10000,1005,11.06,64,271,5.6,98,0,10000,1005,11.06,64,271,5.6,98,0,10000,1005,11.06,64,271,5.6,98,0,10000,1005,11.06,64,271,5.6,98,0,10000,1005,11.06,64,271,5.6,98,0,10000,1005,11.06,64,271,5.6,98,0,10000,1005,11.06,64,271,5.6,98,0,10000,1005,11.06,64,271,5.6,98,0,10000,1005,11.06,64,271,5.6,98,0,10000,1005,11.06,64,271,5.6,98,0,10000
1015,10.84,53,340,3.6,20,0,10000,17,0,24,9,1015,10.08,62,20,3.4,37,0,10000,1015,10.08,62,20,3.4,37,0,10000,1015,10.08,62,20,3.4,37,0,10000,1015,10.08,62,20,3.4,37,0,10000,1015,10.08,62,20,3.4,37,0,10000,1015,10.08,62,20,3.4,37,0,10000,1015,10.08,62,20,3.4,37,0,10000,1015,10.08,62,20,3.4,37,0,10000,1015,10.08,62,20,3.4,37,0,10000,1015,10.08,62,20,3.4,37,0,10000,1015,10.08,62,20,3.4,37,0,10000,1015,10.08,62,20,3.4,37,0,10000
1015,10.84,53,340,3.6,20,0,10000,20,0,24,9,1015,8.45,69,3,1.02,54,0,10000,1015,8.45,69,3,1.02,54,0,10000,1015,8.45,69,3,1.02,54,0,10000,1015,8.45,69,3,1.02,54,0,10000,1015,8.45,69,3,1.02,54,0,10000,1015,8.45,69,3,1.02,54,0,10000,1015,8.45,69,3,1.02,54,0,10000,1015,8.45,69,3,1.02,54,0,10000,1015,8.45,69,3,1.02,54,0,10000,1015,8.45,69,3,1.02,54,0,10000,1015,8.45,69,3,1.02,54,0,10000,1015,8.45,69,3,1.02,54,0,10000
1015,10.84,53,340,3.6,20,0,10000,23,0,24,9,1013,5.63,76,150,1.1,50,0,10000,1013,5.63,76,150,1.1,50,0,10000,1013,5.63,76,150,1.1,50,0,10000,1013,5.63,76,150,1.1,50,0,10000,1013,5.63,76,150,1.1,50,0,10000,1013,5.63,76,150,1.1,50,0,10000,1013,5.63,76,150,1.1,50,0,10000,1013,5.63,76,150,1.1,50,0,10000,1013,5.63,76,150,1.1,50,0,10000,1013,5.63,76,150,1.1,50,0,10000,1013,5.63,76,150,1.1,50,0,10000,1013,5.63,76,150,1.1,50,0,10000
1015,10.84,53,340,3.6,20,0,10000,2,0,25,9,1011,5.85,73,174,2.09,70,0,10000,1011,5.85,73,174,2.09,70,0,10000,1011,5.85,73,174,2.09,70,0,10000,1011,5.85,73,174,2.09,70,0,10000,1011,5.85,73,174,2.09,70,0,10000,1011,5.85,73,174,2.09,70,0,10000,1011,5.85,73,174,2.09,70,0,10000,1011,5.85,73,174,2.09,70,0,10000,1011,5.85,73,174,2.09,70,0,10000,1011,5.85,73,174,2.09,70,0,10000,1011,5.85,73,174,2.09,70,0,10000,1011,5.85,73,174,2.09,70,0,10000
1015,10.84,53,340,3.6,20,0,10000,5,0,25,9,1010,6.79,82,183,2.33,85,0,10000,1010,6.79,82,183,2.33,85,0,10000,1010,6.79,82,183,2.33,85,0,10000,1010,6.79,82,183,2.33,85,0,10000,1010,6.79,82,183,2.33,85,0,10000,1010,6.79,82,183,2.33,85,0,10000,1010,6.79,82,183,2.33,85,0,10000,1010,6.79,82,183,2.33,85,0,10000,1010,6.79,82,183,2.33,85,0,10000,1010,6.79,82,183,2.33,85,0,10000,1010,6.79,82,183,2.33,85,0,10000,1010,6.79,82,183,2.33,85,0,10000
1015,10.84,53,340,3.6,20,0,10000,8,0,25,9,1008,9.58,76,222,6.06,100,0,10000,1008,9.58,76,222,6.06,100,0,10000,1008,9.58,76,222,6.06,100,0,10000,1008,9.58,76,222,6.06,100,0,10000,1008,9.58,76,222,6.06,100,0,10000,1008,9.58,76,222,6.06,100,0,10000,1008,9.58,76,222,6.06,100,0,10000,1008,9.58,76,222,6.06,100,0,10000,1008,9.58,76,222,6.06,100,0,10000,1008,9.58,76,222,6.06,100,0,10000,1008,9.58,76,222,6.06,100,0,10000,1008,9.58,76,222,6.06,100,0,10000
1015,10.84,53,340,3.6,20,0,10000,11,0,25,9,1007,10.96,71,256,5.17,92,0,10000,1007,10.96,71,256,5.17,92,0,10000,1007,10.96,71,256,5.17,92,0,10000,1007,10.96,71,256,5.17,92,0,10000,1007,10.96,71,256,5.17,92,0,10000,1007,10.96,71,256,5.17,92,0,10000,1007,10.96,71,256,5.17,92,0,10000,1007,10.96,71,256,5.17,92,0,10000,1007,10.96,71,256,5.17,92,0,10000,1007,10.96,71,256,5.17,92,0,10000,1007,10.96,71,256,5.17,92,0,10000,1007,10.96,71,256,5.17,92,0,10000
1015,10.84,53,340,3.6,20,0,10000,14,0,25,9,1005,11.06,64,271,5.6,98,0,10000,1005,11.06,64,271,5.6,98,0,10000,1005,11.06,64,271,5.6,98,0,10000,1005,11.06,64,271,5.6,98,0,10000,1005,11.06,64,271,5.6,98,0,10000,1005,11.06,64,271,5.6,98,0,10000,1005,11.06,64,271,5.6,98,0,10000,1005,11.06,64,271,5.6,98,0,10000,1005,11.06,64,271,5.6,98,0,10000,1005,11.06,64,271,5.6,98,0,10000,1005,11.06,64,271,5.6,98,0,10000,1005,11.06,64,271,5.6,98,0,10000
1015,10.84,53,340,3.6,20,0,10000,17,0,25,9,1015,10.08,62,20,3.4,37,0,10000,1015,10.08,62,20,3.4,37,0,10000,1015,10.08,62,20,3.4,37,0,10000,1015,10.08,62,20,3.4,37,0,10000,1015,10.08,62,20,3.4,37,0,10000,1015,10.08,62,20,3.4,37,0,10000,1015,10.08,62,20,3.4,37,0,10000,1015,10.08,62,20,3.4,37,0,10000,1015,10.08,62,20,3.4,37,0,10000,1015,10.08,62,20,3.4,37,0,10000,1015,10.08,62,20,3.4,37,0,10000,1015,10.08,62,20,3.4,37,0,10000
1015,10.84,53,340,3.6,20,0,10000,20,0,25,9,1015,8.45,69,3,1.02,54,0,10000,1015,8.45,69,3,1.02,54,0,10000,1015,8.45,69,3,1.02,54,0,10000,1015,8.45,69,3,1.02,54,0,10000,1015,8.45,69,3,1.02,54,0,10000,1015,8.45,69,3,1.02,54,0,10000,1015,8.45,69,3,1.02,54,0,10000,1015,8.45,69,3,1.02,54,0,10000,1015,8.45,69,3,1.02,54,0,10000,1015,8.45,69,3,1.02,54,0,10000,1015,8.45,69,3,1.02,54,0,10000,1015,8.45,69,3,1.02,54,0,10000
1015,10.84,53,340,3.6,20,0,10000,23,0,25,9,1013,5.63,76,150,1.1,50,0,10000,1013,5.63,76,150,1.1,50,0,10000,1013,5.63,76,150,1.1,50,0,10000,1013,5.63,76,150,1.1,50,0,10000,1013,5.63,76,150,1.1,50,0,10000,1013,5.63,76,150,1.1,50,0,10000,1013,5.63,76,150,1.1,50,0,10000,1013,5.63,76,150,1.1,50,0,10000,1013,5.63,76,150,1.1,50,0,10000,1013,5.63,76,150,1.1,50,0,10000,1013,5.63,76,150,1.1,50,0,10000,1013,5.63,76,150,1.1,50,0,10000
1015,10.84,53,340,3.6,20,0,10000,2,0,26,9,1011,5.85,73,174,2.09,70,0,10000,1011,5.85,73,174,2.09,70,0,10000,1011,5.85,73,174,2.09,70,0,10000,1011,5.85,73,174,2.09,70,0,10000,1011,5.85,73,174,2.09,70,0,10000,1011,5.85,73,174,2.09,70,0,10000,1011,5.85,73,174,2.09,70,0,10000,1011,5.85,73,174,2.09,70,0,10000,1011,5.85,73,174,2.09,70,0,10000,1011,5.85,73,174,2.09,70,0,10000,1011,5.85,73,174,2.09,70,0,10000,1011,5.85,73,174,2.09,70,0,10000
1015,10.84,53,340,3.6,20,0,10000,5,0,26,9,1010,6.79,82,183,2.33,85,0,10000,1010,6.79,82,183,2.33,85,0,10000,1010,6.79,82,183,2.33,85,0,10000,1010,6.79,82,183,2.33,85,0,10000,1010,6.79,82,183,2.33,85,0,10000,1010,6.79,82,183,2.33,85,0,10000,1010,6.79,82,183,2.33,85,0,10000,1010,6.79,82,183,2.33,85,0,10000,1010,6.79,82,183,2.33,85,0,10000,1010,6.79,82,183,2.33,85,0,10000,1010,6.79,82,183,2.33,85,0,10000,1010,6.79,82,183,2.33,85,0,10000
1015,10.84,53,340,3.6,20,0,10000,8,0,26,9,1008,9.58,76,222,6.06,100,0,10000,1008,9.58,76,222,6.06,100,0,10000,1008,9.58,76,222,6.06,100,0,10000,1008,9.58,76,222,6.06,100,0,10000,1008,9.58,76,222,6.06,100,0,10000,1008,9.58,76,222,6.06,100,0,10000,1008,9.58,76,222,6.06,100,0,10000,1008,9.58,76,222,6.06,100,0,10000,1008,9.58,76,222,6.06,100,0,10000,1008,9.58,76,222,6.06,100,0,10000,1008,9.58,76,222,6.06,100,0,10000,1008,9.58,76,222,6.06,100,0,10000
1015,10.84,53,340,3.6,20,0,10000,11,0,26,9,1007,10.96,71,256,5.17,92,0,10000,1007,10.96,71,256,5.17,92,0,10000,1007,10.96,71,256,5.17,92,0,10000,1007,10.96,71,256,5.17,92,0,10000,1007,10.96,71,256,5.17,92,0,10000,1007,10.96,71,256,5.17,92,0,10000,1007,10.96,71,256,5.17,92,0,10000,1007,10.96,71,256,5.17,92,0,10000,1007,10.96,71,256,5.17,92,0,10000,1007,10.96,71,256,5.17,92,0,10000,1007,10.96,71,256,5.17,92,0,10000,1007,10.96,71,256,5.17,92,0,10000
1015,10.84,53,340,3.6,20,0,10000,14,0,26,9,1005,11.06,64,271,5.6,98,0,10000,1005,11.06,64,271,5.6,98,0,10000,1005,11.06,64,271,5.6,98,0,10000,1005,11.06,64,271,5.6,98,0,10000,1005,11.06,64,271,5.6,98,0,10000,1005,11.06,64,271,5.6,98,0,10000,1005,11.06,64,271,5.6,98,0,10000,1005,11.06,64,271,5.6,98,0,10000,1005,11.06,64,271,5.6,98,0,10000,1005,11.06,64,271,5.6,98,0,10000,1005,11.06,64,271,5.6,98,0,10000,1005,11.06,64,271,5.6,98,0,10000
1015,10.84,53,340,3.6,20,0,10000,17,0,26,9,1015,10.08,62,20,3.4,37,0,10000,1015,10.08,62,20,3.4,37,0,10000,1015,10.08,62,20,3.4,37,0,10000,1015,10.08,62,20,3.4,37,0,10000,1015,10.08,62,20,3.4,37,0,10000,1015,10.08,62,20,3.4,37,0,10000,1015,10.08,62,20,3.4,37,0,10000,1015,10.08,62,20,3.4,37,0,10000,1015,10.08,62,20,3.4,37,0,10000,1015,10.08,62,20,3.4,37,0,10000,1015,10.08,62,20,3.4,37,0,10000,1015,10.08,62,20,3.4,37,0,10000
1015,10.84,53,340,3.6,20,0,10000,20,0,26,9,1015,8.45,69,3,1.02,54,0,10000,1015,8.45,69,3,1.02,54,0,10000,1015,8.45,69,3,1.02,54,0,10000,1015,8.45,69,3,1.02,54,0,10000,1015,8.45,69,3,1.02,54,0,10000,1015,8.45,69,3,1.02,54,0,10000,1015,8.45,69,3,1.02,54,0,10000,1015,8.45,69,3,1.02,54,0,10000,1015,8.45,69,3,1.02,54,0,10000,1015,8.45,69,3,1.02,54,0,10000,1015,8.45,69,3,1.02,54,0,10000,1015,8.45,69,3,1.02,54,0,10000
1015,10.84,53,340,3.6,20,0,10000,23,0,26,9,1013,5.63,76,150,1.1,50,0,10000,1013,5.63,76,150,1.1,50,0,10000,1013,5.63,76,150,1.1,50,0,10000,1013,5.63,76,150,1.1,50,0,10000,1013,5.63,76,150,1.1,50,0,10000,1013,5.63,76,150,1.1,50,0,10000,1013,5.63,76,150,1.1,50,0,10000,1013,5.63,76,150,1.1,50,0,10000,1013,5.63,76,150,1.1,50,0,10000,1013,5.63,76,150,1.1,50,0,10000,1013,5.63,76,150,1.1,50,0,10000,1013,5.63,76,150,1.1,50,0,10000
1015,10.84,53,340,3.6,20,0,10000,2,0,27,9,1011,5.85,73,174,2.09,70,0,10000,1011,5.85,73,174,2.09,70,0,10000,1011,5.85,73,174,2.09,70,0,10000,1011,5.85,73,174,2.09,70,0,10000,1011,5.85,73,174,2.09,70,0,10000,1011,5.85,73,174,2.09,70,0,10000,1011,5.85,73,174,2.09,70,0,10000,1011,5.85,73,174,2.09,70,0,10000,1011,5.85,73,174,2.09,70,0,10000,1011,5.85,73,174,2.09,70,0,10000,1011,5.85,73,174,2.09,70,0,10000,1011,5.85,73,174,2.09,70,0,10000
1015,10.84,53,340,3.6,20,0,10000,5,0,27,9,1010,6.79,82,183,2.33,85,0,10000,1010,6.79,82,183,2.33,85,0,10000,1010,6.79,82,183,2.33,85,0,10000,1010,6.79,82,183,2.33,85,0,10000,1010,6.79,82,183,2.33,85,0,10000,1010,6.79,82,183,2.33,85,0,10000,1010,6.79,82,183,2.33,85,0,10000,1010,6.79,82,183,2.33,85,0,10000,1010,6.79,82,183,2.33,85,0,10000,1010,6.79,82,183,2.33,85,0,10000,1010,6.79,82,183,2.33,85,0,10000,1010,6.79,82,183,2.33,85,0,10000
1015,10.84,53,340,3.6,20,0,10000,8,0,27,9,1008,9.58,76,222,6.06,100,0,10000,1008,9.58,76,222,6.06,100,0,10000,1008,9.58,76,222,6.06,100,0,10000,1008,9.58,76,222,6.06,100,0,10000,1008,9.58,76,222,6.06,100,0,10000,1008,9.58,76,222,6.06,100,0,10000,1008,9.58,76,222,6.06,100,0,10000,1008,9.58,76,222,6.06,100,0,10000,1008,9.58,76,222,6.06,100,0,10000,1008,9.58,76,222,6.06,100,0,10000,1008,9.58,76,222,6.06,100,0,10000,1008,9.58,76,222,6.06,100,0,10000
1015,10.84,53,340,3.6,20,0,10000,11,0,27,9,1007,10.96,71,256,5.17,92,0,10000,1007,10.96,71,256,5.17,92,0,10000,1007,10.96,71,256,5.17,92,0,10000,1007,10.96,71,256,5.17,92,0,10000,1007,10.96,71,256,5.17,92,0,10000,1007,10.96,71,256,5.17,92,0,10000,1007,10.96,71,256,5.17,92,0,10000,1007,10.96,71,256,5.17,92,0,10000,1007,10.96,71,256,5.17,92,0,10000,1007,10.96,71,256,5.17,92,0,10000,1007,10.96,71,256,5.17,92,0,10000,1007,10.96,71,256,5.17,92,0,10000
1015,10.84,53,340,3.6,20,0,10000,14,0,27,9,1005,11.06,64,271,5.6,98,0,10000,1005,11.06,64,271,5.6,98,0,10000,1005,11.06,64,271,5.6,98,0,10000,1005,11.06,64,271,5.6,98,0,10000,1005,11.06,64,271,5.6,98,0,10000,1005,11.06,64,271,5.6,98,0,10000,1005,11.06,64,271,5.6,98,0,10000,1005,11.06,64,271,5.6,98,0,10000,1005,11.06,64,271,5.6,98,0,10000,1005,11.06,64,271,5.6,98,0,10000,1005,11.06,64,271,5.6,98,0,10000,1005,11.06,64,271,5.6,98,0,10000
1015,10.84,53,340,3.6,20,0,10000,17,0,27,9,1015,10.08,62,20,3.4,37,0,10000,1015,10.08,62,20,3.4,37,0,10000,1015,10.08,62,20,3.4,37,0,10000,1015,10.08,62,20,3.4,37,0,10000,1015,10.08,62,20,3.4,37,0,10000,1015,10.08,62,20,3.4,37,0,10000,1015,10.08,62,20,3.4,37,0,10000,1015,10.08,62,20,3.4,37,0,10000,1015,10.08,62,20,3.4,37,0,10000,1015,10.08,62,20,3.4,37,0,10000,1015,10.08,62,20,3.4,37,0,10000,1015,10.08,62,20,3.4,37,0,10000
1015,10.84,53,340,3.6,20,0,10000,20,0,27,9,1015,8.45,69,3,1.02,54,0,10000,1015,8.45,69,3,1.02,54,0,10000,1015,8.45,69,3,1.02,54,0,10000,1015,8.45,69,3,1.02,54,0,10000,1015,8.45,69,3,1.02,54,0,10000,1015,8.45,69,3,1.02,54,0,10000,1015,8.45,69,3,1.02,54,0,10000,1015,8.45,69,3,1.02,54,0,10000,1015,8.45,69,3,1.02,54,0,10000,1015,8.45,69,3,1.02,54,0,10000,1015,8.45,69,3,1.02,54,0,10000,1015,8.45,69,3,1.02,54,0,10000
1015,10.84,53,340,3.6,20,0,10000,23,0,27,9,1013,5.63,76,150,1.1,50,0,10000,1013,5.63,76,150,1.1,50,0,10000,1013,5.63,76,150,1.1,50,0,10000,1013,5.63,76,150,1.1,50,0,10000,1013,5.63,76,150,1.1,50,0,10000,1013,5.63,76,150,1.1,50,0,10000,1013,5.63,76,150,1.1,50,0,10000,1013,5.63,76,150,1.1,50,0,10000,1013,5.63,76,150,1.1,50,0,10000,1013,5.63,76,150,1.1,50,0,10000,1013,5.63,76,150,1.1,50,0,10000,1013,5.63,76,150,1.1,50,0,10000
1015,10.84,53,340,3.6,20,0,10000,2,0,28,9,1011,5.85,73,174,2.09,70,0,10000,1011,5.85,73,174,2.09,70,0,10000,1011,5.85,73,174,2.09,70,0,10000,1011,5.85,73,174,2.09,70,0,10000,1011,5.85,73,174,2.09,70,0,10000,1011,5.85,73,174,2.09,70,0,10000,1011,5.85,73,174,2.09,70,0,10000,1011,5.85,73,174,2.09,70,0,10000,1011,5.85,73,174,2.09,70,0,10000,1011,5.85,73,174,2.09,70,0,10000,1011,5.85,73,174,2.09,70,0,10000,1011,5.85,73,174,2.09,70,0,10000
1015,10.84,53,340,3.6,20,0,10000,5,0,28,9,1010,6.79,82,183,2.33,85,0,10000,1010,6.79,82,183,2.33,85,0,10000,1010,6.79,82,183,2.33,85,0,10000,1010,6.79,82,183,2.33,85,0,10000,1010,6.79,82,183,2.33,85,0,10000,1010,6.79,82,183,2.33,85,0,10000,1010,6.79,82,183,2.33,85,0,10000,1010,6.79,82,183,2.33,85,0,10000,1010,6.79,82,183,2.33,85,0,10000,1010,6.79,82,183,2.33,85,0,10000,1010,6.79,82,183,2.33,85,0,10000,1010,6.79,82,183,2.33,85,0,10000
1015,10.84,53,340,3.6,20,0,10000,8,0,28,9,1008,9.58,76,222,6.06,100,0,10000,1008,9.58,76,222,6.06,100,0,10000,1008,9.58,76,222,6.06,100,0,10000,1008,9.58,76,222,6.06,100,0,10000,1008,9.58,76,222,6.06,100,0,10000,1008,9.58,76,222,6.06,100,0,10000,1008,9.58,76,222,6.06,100,0,10000,1008,9.58,76,222,6.06,100,0,10000,1008,9.58,76,222,6.06,100,0,10000,1008,9.58,76,222,6.06,100,0,10000,1008,9.58,76,222,6.06,100,0,10000,1008,9.58,76,222,6.06,100,0,10000
1015,10.84,53,340,3.6,20,0,10000,11,0,28,9,1007,10.96,71,256,5.17,92,0,10000,1007,10.96,71,256,5.17,92,0,10000,1007,10.96,71,256,5.17,92,0,10000,1007,10.96,71,256,5.17,92,0,10000,1007,10.96,71,256,5.17,92,0,10000,1007,10.96,71,256,5.17,92,0,10000,1007,10.96,71,256,5.17,92,0,10000,1007,10.96,71,256,5.17,92,0,10000,1007,10.96,71,256,5.17,92,0,10000,1007,10.96,71,256,5.17,92,0,10000,1007,10.96,71,256,5.17,92,0,10000,1007,10.96,71,256,5.17,92,0,10000
1015,10.84,53,340,3.6,20,0,10000,14,0,28,9,1005,11.06,64,271,5.6,98,0,10000,1005,11.06,64,271,5.6,98,0,10000,1005,11.06,64,271,5.6,98,0,10000,1005,11.06,64,271,5.6,98,0,10000,1005,11.06,64,271,5.6,98,0,10000,1005,11.06,64,271,5.6,98,0,10000,1005,11.06,64,271,5.6,98,0,10000,1005,11.06,64,271,5.6,98,0,10000,1005,11.06,64,271,5.6,98,0,10000,1005,11.06,64,271,5.6,98,0,10000,1005,11.06,64,271,5.6,98,0,10000,1005,11.06,64,271,5.6,98,0,10000
1015,10.84,53,340,3.6,20,0,10000,17,0,28,9,1015,10.08,62,20,3.4,37,0,10000,1015,10.08,62,20,3.4,37,0,10000,1015,10.08,62,20,3.4,37,0,10000,1015,10.08,62,20,3.4,37,0,10000,1015,10.08,62,20,3.4,37,0,10000,1015,10.08,62,20,3.4,37,0,10000,1015,10.08,62,20,3.4,37,0,10000,1015,10.08,62,20,3.4,37,0,10000,1015,10.08,62,20,3.4,37,0,10000,1015,10.08,62,20,3.4,37,0,10000,1015,10.08,62,20,3.4,37,0,10000,1015,10.08,62,20,3.4,37,0,10000
1015,10.84,53,340,3.6,20,0,10000,20,0,28,9,1015,8.45,69,3,1.02,54,0,10000,1015,8.45,69,3,1.02,54,0,10000,1015,8.45,69,3,1.02,54,0,10000,1015,8.45,69,3,1.02,54,0,10000,1015,8.45,69,3,1.02,54,0,10000,1015,8.45,69,3,1.02,54,0,10000,1015,8.45,69,3,1.02,54,0,10000,1015,8.45,69,3,1.02,54,0,10000,1015,8.45,69,3,1.02,54,0,10000,1015,8.45,69,3,1.02,54,0,10000,1015,8.45,69,3,1.02,54,0,10000,1015,8.45,69,3,1.02,54,0,10000
1015,10.84,53,340,3.6,20,0,10000,23,0,28,9,1013,5.63,76,150,1.1,50,0,10000,1013,5.63,76,150,1.1,50,0,10000,1013,5.63,76,150,1.1,50,0,10000,1013,5.63,76,150,1.1,50,0,10000,1013,5.63,76,150,1.1,50,0,10000,1013,5.63,76,150,1.1,50,0,10000,1013,5.63,76,150,1.1,50,0,10000,1013,5.63,76,150,1.1,50,0,10000,1013,5.63,76,150,1.1,50,0,10000,1013,5.63,76,150,1.1,50,0,10000,1013,5.63,76,150,1.1,50,0,10000,1013,5.63,76,150,1.1,50,0,10000
1015,10.84,53,340,3.6,20,0,10000,2,0,29,9,1011,5.85,73,174,2.09,70,0,10000,1011,5.85,73,174,2.09,70,0,10000,1011,5.85,73,174,2.09,70,0,10000,1011,5.85,73,174,2.09,70,0,10000,1011,5.85,73,174,2.09,70,0,10000,1011,5.85,73,174,2.09,70,0,10000,1011,5.85,73,174,2.09,70,0,10000,1011,5.85,73,174,2.09,70,0,10000,1011,5.85,73,174,2.09,70,0,10000,1011,5.85,73,174,2.09,70,0,10000,1011,5.85,73,174,2.09,70,0,10000,1011,5.85,73,174,2.09,70,0,10000
1015,10.84,53,340,3.6,20,0,10000,5,0,29,9,1010,6.79,82,183,2.33,85,0,10000,1010,6.79,82,183,2.33,85,0,10000,1010,6.79,82,183,2.33,85,0,10000,1010,6.79,82,183,2.33,85,0,10000,1010,6.79,82,183,2.33,85,0,10000,1010,6.79,82,183,2.33,85,0,10000,1010,6.79,82,183,2.33,85,0,10000,1010,6.79,82,183,2.33,85,0,10000,1010,6.79,82,183,2.33,85,0,10000,1010,6.79,82,183,2.33,85,0,10000,1010,6.79,82,183,2.33,85,0,10000,1010,6.79,82,183,2.33,85,0,10000
1015,10.84,53,340,3.6,20,0,10000,8,0,29,9,1008,9.58,76,222,6.06,100,0,10000,1008,9.58,76,222,6.06,100,0,10000,1008,9.58,76,222,6.06,100,0,10000,1008,9.58,76,222,6.06,100,0,10000,1008,9.58,76,222,6.06,100,0,10000,1008,9.58,76,222,6.06,100,0,10000,1008,9.58,76,222,6.06,100,0,10000,1008,9.58,76,222,6.06,100,0,10000,1008,9.58,76,222,6.06,100,0,10000,1008,9.58,76,222,6.06,100,0,10000,1008,9.58,76,222,6.06,100,0,10000,1008,9.58,76,222,6.06,100,0,10000
1015,10.84,53,340,3.6,20,0,10000,11,0,29,9,1007,10.96,71,256,5.17,92,0,10000,1007,10.96,71,256,5.17,92,0,10000,1007,10.96,71,256,5.17,92,0,10000,1007,10.96,71,256,5.17,92,0,10000,1007,10.96,71,256,5.17,92,0,10000,1007,10.96,71,256,5.17,92,0,10000,1007,10.96,71,256,5.17,92,0,10000,1007,10.96,71,256,5.17,92,0,10000,1007,10.96,71,256,5.17,92,0,10000,1007,10.96,71,256,5.17,92,0,10000,1007,10.96,71,256,5.17,92,0,10000,1007,10.96,71,256,5.17,92,0,10000
1015,10.84,53,340,3.6,20,0,10000,14,0,29,9,1005,11.06,64,271,5.6,98,0,10000,1005,11.06,64,271,5.6,98,0,10000,1005,11.06,64,271,5.6,98,0,10000,1005,11.06,64,271,5.6,98,0,10000,1005,11.06,64,271,5.6,98,0,10000,1005,11.06,64,271,5.6,98,0,10000,1005,11.06,64,271,5.6,98,0,10000,1005,11.06,64,271,5.6,98,0,10000,1005,11.06,64,271,5.6,98,0,10000,1005,11.06,64,271,5.6,98,0,10000,1005,11.06,64,271,5.6,98,0,10000,1005,11.06,64,271,5.6,98,0,10000
1015,10.84,53,340,3.6,20,0,10000,17,0,29,9,1015,10.08,62,20,3.4,37,0,10000,1015,10.08,62,20,3.4,37,0,10000,1015,10.08,62,20,3.4,37,0,10000,1015,10.08,62,20,3.4,37,0,10000,1015,10.08,62,20,3.4,37,0,10000,1015,10.08,62,20,3.4,37,0,10000,1015,10.08,62,20,3.4,37,0,10000,1015,10.08,62,20,3.4,37,0,10000,1015,10.08,62,20,3.4,37,0,10000,1015,10.08,62,20,3.4,37,0,10000,1015,10.08,62,20,3.4,37,0,10000,1015,10.08,62,20,3.4,37,0,10000
1015,10.84,53,340,3.6,20,0,10000,20,0,29,9,1015,8.45,69,3,1.02,54,0,10000,1015,8.45,69,3,1.02,54,0,10000,1015,8.45,69,3,1.02,54,0,10000,1015,8.45,69,3,1.02,54,0,10000,1015,8.45,69,3,1.02,54,0,10000,1015,8.45,69,3,1.02,54,0,10000,1015,8.45,69,3,1.02,54,0,10000,1015,8.45,69,3,1.02,54,0,10000,1015,8.45,69,3,1.02,54,0,10000,1015,8.45,69,3,1.02,54,0,10000,1015,8.45,69,3,1.02,54,0,10000,1015,8.45,69,3,1.02,54,0,10000
1015,10.84,53,340,3.6,20,0,10000,23,0,29,9,1013,5.63,76,150,1.1,50,0,10000,1013,5.63,76,150,1.1,50,0,10000,1013,5.63,76,150,1.1,50,0,10000,1013,5.63,76,150,1.1,50,0,10000,1013,5.63,76,150,1.1,50,0,10000,1013,5.63,76,150,1.1,50,0,10000,1013,5.63,76,150,1.1,50,0,10000,1013,5.63,76,150,1.1,50,0,10000,1013,5.63,76,150,1.1,50,0,10000,1013,5.63,76,150,1.1,50,0,10000,1013,5.63,76,150,1.1,50,0,10000,1013,5.63,76,150,1.1,50,0,10000
1015,10.84,53,340,3.6,20,0,10000,2,0,30,9,1011,5.85,73,174,2.09,70,0,10000,1011,5.85,73,174,2.09,70,0,10000,1011,5.85,73,174,2.09,70,0,10000,1011,5.85,73,174,2.09,70,0,10000,1011,5.85,73,174,2.09,70,0,10000,1011,5.85,73,174,2.09,70,0,10000,1011,5.85,73,174,2.09,70,0,10000,1011,5.85,73,174,2.09,70,0,10000,1011,5.85,73,174,2.09,70,0,10000,1011,5.85,73,174,2.09,70,0,10000,1011,5.85,73,174,2.09,70,0,10000,1011,5.85,73,174,2.09,70,0,10000
1015,10.84,53,340,3.6,20,0,10000,5,0,30,9,1010,6.79,82,183,2.33,85,0,10000,1010,6.79,82,183,2.33,85,0,10000,1010,6.79,82,183,2.33,85,0,10000,1010,6.79,82,183,2.33,85,0,10000,1010,6.79,82,183,2.33,85,0,10000,1010,6.79,82,183,2.33,85,0,10000,1010,6.79,82,183,2.33,85,0,10000,1010,6.79,82,183,2.33,85,0,10000,1010,6.79,82,183,2.33,85,0,10000,1010,6.79,82,183,2.33,85,0,10000,1010,6.79,82,183,2.33,85,0,10000,1010,6.79,82,183,2.33,85,0,10000
1015,10.84,53,340,3.6,20,0,10000,8,0,30,9,1008,9.58,76,222,6.06,100,0,10000,1008,9.58,76,222,6.06,100,0,10000,1008,9.58,76,222,6.06,100,0,10000,1008,9.58,76,222,6.06,100,0,10000,1008,9.58,76,222,6.06,100,0,10000,1008,9.58,76,222,6.06,100,0,10000,1008,9.58,76,222,6.06,100,0,10000,1008,9.58,76,222,6.06,100,0,10000,1008,9.58,76,222,6.06,100,0,10000,1008,9.58,76,222,6.06,100,0,10000,1008,9.58,76,222,6.06,100,0,10000,1008,9.58,76,222,6.06,100,0,10000
1015,10.84,53,340,3.6,20,0,10000,11,0,30,9,1007,10.96,71,256,5.17,92,0,10000,1007,10.96,71,256,5.17,92,0,10000,1007,10.96,71,256,5.17,92,0,10000,1007,10.96,71,256,5.17,92,0,10000,1007,10.96,71,256,5.17,92,0,10000,1007,10.96,71,256,5.17,92,0,10000,1007,10.96,71,256,5.17,92,0,10000,1007,10.96,71,256,5.17,92,0,10000,1007,10.96,71,256,5.17,92,0,10000,1007,10.96,71,256,5.17,92,0,10000,1007,10.96,71,256,5.17,92,0,10000,1007,10.96,71,256,5.17,92,0,10000
1015,10.84,53,340,3.6,20,0,10000,14,0,30,9,1005,11.06,64,271,5.6,98,0,10000,1005,11.06,64,271,5.6,98,0,10000,1005,11.06,64,271,5.6,98,0,10000,1005,11.06,64,271,5.6,98,0,10000,1005,11.06,64,271,5.6,98,0,10000,1005,11.06,64,271,5.6,98,0,10000,1005,11.06,64,271,5.6,98,0,10000,1005,11.06,64,271,5.6,98,0,10000,1005,11.06,64,271,5.6,98,0,10000,1005,11.06,64,271,5.6,98,0,10000,1005,11.06,64,271,5.6,98,0,10000,1005,11.06,64,271,5.6,98,0,10000
1015,10.84,53,340,3.6,20,0,10000,17,0,30,9,1015,10.08,62,20,3.4,37,0,10000,1015,10.08,62,20,3.4,37,0,10000,1015,10.08,62,20,3.4,37,0,10000,1015,10.08,62,20,3.4,37,0,10000,1015,10.08,62,20,3.4,37,0,10000,1015,10.08,62,20,3.4,37,0,10000,1015,10.08,62,20,3.4,37,0,10000,1015,10.08,62,20,3.4,37,0,10000,1015,10.08,62,20,3.4,37,0,10000,1015,10.08,62,20,3.4,37,0,10000,1015,10.08,62,20,3.4,37,0,10000,1015,10.08,62,20,3.4,37,0,10000
1015,10.84,53,340,3.6,20,0,10000,20,0,30,9,1015,8.45,69,3,1.02,54,0,10000,1015,8.45,69,3,1.02,54,0,10000,1015,8.45,69,3,1.02,54,0,10000,1015,8.45,69,3,1.02,54,0,10000,1015,8.45,69,3,1.02,54,0,10000,1015,8.45,69,3,1.02,54,0,10000,1015,8.45,69,3,1.02,54,0,10000,1015,8.45,69,3,1.02,54,0,10000,1015,8.45,69,3,1.02,54,0,10000,1015,8.45,69,3,1.02,54,0,10000,1015,8.45,69,3,1.02,54,0,10000,1015,8.45,69,3,1.02,54,0,10000
1015,10.84,53,340,3.6,20,0,10000,23,0,30,9,1013,5.63,76,150,1.1,50,0,10000,1013,5.63,76,150,1.1,50,0,10000,1013,5.63,76,150,1.1,50,0,10000,1013,5.63,76,150,1.1,50,0,10000,1013,5.63,76,150,1.1,50,0,10000,1013,5.63,76,150,1.1,50,0,10000,1013,5.63,76,150,1.1,50,0,10000,1013,5.63,76,150,1.1,50,0,10000,1013,5.63,76,150,1.1,50,0,10000,1013,5.63,76,150,1.1,50,0,10000,1013,5.63,76,150,1.1,50,0,10000,1013,5.63,76,150,1.1,50,0,10000
1015,10.84,53,340,3.6,20,0,10000,2,0,1,10,1011,5.85,73,174,2.09,70,0,10000,1011,5.85,73,174,2.09,70,0,10000,1011,5.85,73,174,2.09,70,0,10000,1011,5.85,73,174,2.09,70,0,10000,1011,5.85,73,174,2.09,70,0,10000,1011,5.85,73,174,2.09,70,0,10000,1011,5.85,73,174,2.09,70,0,10000,1011,5.85,73,174,2.09,70,0,10000,1011,5.85,73,174,2.09,70,0,10000,1011,5.85,73,174,2.09,70,0,10000,1011,5.85,73,174,2.09,70,0,10000,1011,5.85,73,174,2.09,70,0,10000
1015,10.84,53,340,3.6,20,0,10000,5,0,1,10,1010,6.79,82,183,2.33,85,0,10000,1010,6.79,82,183,2.33,85,0,10000,1010,6.79,82,183,2.33,85,0,10000,1010,6.79,82,183,2.33,85,0,10000,1010,6.79,82,183,2.33,85,0,10000,1010,6.79,82,183,2.33,85,0,10000,1010,6.79,82,183,2.33,85,0,10000,1010,6.79,82,183,2.33,85,0,10000,1010,6.79,82,183,2.33,85,0,10000,1010,6.79,82,183,2.33,85,0,10000,1010,6.79,82,183,2.33,85,0,10000,1010,6.79,82,183,2.33,85,0,10000
1015,10.84,53,340,3.6,20,0,10000,8,0,1,10,1008,9.58,76,222,6.06,100,0,10000,1008,9.58,76,222,6.06,100,0,10000,1008,9.58,76,222,6.06,100,0,10000,1008,9.58,76,222,6.06,100,0,10000,1008,9.58,76,222,6.06,100,0,10000,1008,9.58,76,222,6.06,100,0,10000,1008,9.58,76,222,6.06,100,0,10000,1008,9.58,76,222,6.06,100,0,10000,1008,9.58,76,222,6.06,100,0,10000,1008,9.58,76,222,6.06,100,0,10000,1008,9.58,76,222,6.06,100,0,10000,1008,9.58,76,222,6.06,100,0,10000
1015,10.84,53,340,3.6,20,0,10000,11,0,1,10,1007,10.96,71,256,5.17,92,0,10000,1007,10.96,71,256,5.17,92,0,10000,1007,10.96,71,256,5.17,92,0,10000,1007,10.96,71,256,5.17,92,0,10000,1007,10.96,71,256,5.17,92,0,10000,1007,10.96,71,256,5.17,92,0,10000,1007,10.96,71,256,5.17,92,0,10000,1007,10.96,71,256,5.17,92,0,10000,1007,10.96,71,256,5.17,92,0,10000,1007,10.96,71,256,5.17,92,0,10000,1007,10.96,71,256,5.17,92,0,10000,1007,10.96,71,256,5.17,92,0,10000
1015,10.84,53,340,3.6,20,0,10000,14,0,1,10,1005,11.06,64,271,5.6,98,0,10000,1005,11.06,64,271,5.6,98,0,10000,1005,11.06,64,271,5.6,98,0,10000,1005,11.06,64,271,5.6,98,0,10000,1005,11.06,64,271,5.6,98,0,10000,1005,11.06,64,271,5.6,98,0,10000,1005,11.06,64,271,5.6,98,0,10000,1005,11.06,64,271,5.6,98,0,10000,1005,11.06,64,271,5.6,98,0,10000,1005,11.06,64,271,5.6,98,0,10000,1005,11.06,64,271,5.6,98,0,10000,1005,11.06,64,271,5.6,98,0,10000
1015,10.84,53,340,3.6,20,0,10000,17,0,1,10,1015,10.08,62,20,3.4,37,0,10000,1015,10.08,62,20,3.4,37,0,10000,1015,10.08,62,20,3.4,37,0,10000,1015,10.08,62,20,3.4,37,0,10000,1015,10.08,62,20,3.4,37,0,10000,1015,10.08,62,20,3.4,37,0,10000,1015,10.08,62,20,3.4,37,0,10000,1015,10.08,62,20,3.4,37,0,10000,1015,10.08,62,20,3.4,37,0,10000,1015,10.08,62,20,3.4,37,0,10000,1015,10.08,62,20,3.4,37,0,10000,1015,10.08,62,20,3.4,37,0,10000
1015,10.84,53,340,3.6,20,0,10000,20,0,1,10,1015,8.45,69,3,1.02,54,0,10000,1015,8.45,69,3,1.02,54,0,10000,1015,8.45,69,3,1.02,54,0,10000,1015,8.45,69,3,1.02,54,0,10000,1015,8.45,69,3,1.02,54,0,10000,1015,8.45,69,3,1.02,54,0,10000,1015,8.45,69,3,1.02,54,0,10000,1015,8.45,69,3,1.02,54,0,10000,1015,8.45,69,3,1.02,54,0,10000,1015,8.45,69,3,1.02,54,0,10000,1015,8.45,69,3,1.02,54,0,10000,1015,8.45,69,3,1.02,54,0,10000
1015,10.84,53,340,3.6,20,0,10000,23,0,1,10,1013,5.63,76,150,1.1,50,0,10000,1013,5.63,76,150,1.1,50,0,10000,1013,5.63,76,150,1.1,50,0,10000,1013,5.63,76,150,1.1,50,0,10000,1013,5.63,76,150,1.1,50,0,10000,1013,5.63,76,150,1.1,50,0,10000,1013,5.63,76,150,1.1,50,0,10000,1013,5.63,76,150,1.1,50,0,10000,1013,5.63,76,150,1.1,50,0,10000,1013,5.63,76,150,1.1,50,0,10000,1013,5.63,76,150,1.1,50,0,10000,1013,5.63,76,150,1.1,50,0,10000
1015,10.84,53,340,3.6,20,0,10000,2,0,2,10,1011,5.85,73,174,2.09,70,0,10000,1011,5.85,73,174,2.09,70,0,10000,1011,5.85,73,174,2.09,70,0,10000,1011,5.85,73,174,2.09,70,0,10000,1011,5.85,73,174,2.09,70,0,10000,1011,5.85,73,174,2.09,70,0,10000,1011,5.85,73,174,2.09,70,0,10000,1011,5.85,73,174,2.09,70,0,10000,1011,5.85,73,174,2.09,70,0,10000,1011,5.85,73,174,2.09,70,0,10000,1011,5.85,73,174,2.09,70,0,10000,1011,5.85,73,174,2.09,70,0,10000
1015,10.84,53,340,3.6,20,0,10000,5,0,2,10,1010,6.79,82,183,2.33,85,0,10000,1010,6.79,82,183,2.33,85,0,10000,1010,6.79,82,183,2.33,85,0,10000,1010,6.79,82,183,2.33,85,0,10000,1010,6.79,82,183,2.33,85,0,10000,1010,6.79,82,183,2.33,85,0,10000,1010,6.79,82,183,2.33,85,0,10000,1010,6.79,82,183,2.33,85,0,10000,1010,6.79,82,183,2.33,85,0,10000,1010,6.79,82,183,2.33,85,0,10000,1010,6.79,82,183,2.33,85,0,10000,1010,6.79,82,183,2.33,85,0,10000
1015,10.84,53,340,3.6,20,0,10000,8,0,2,10,1008,9.58,76,222,6.06,100,0,10000,1008,9.58,76,222,6.06,100,0,10000,1008,9.58,76,222,6.06,100,0,10000,1008,9.58,76,222,6.06,100,0,10000,1008,9.58,76,222,6.06,100,0,10000,1008,9.58,76,222,6.06,100,0,10000,1008,9.58,76,222,6.06,100,0,10000,1008,9.58,76,222,6.06,100,0,10000,1008,9.58,76,222,6.06,100,0,10000,1008,9.58,76,222,6.06,100,0,10000,1008,9.58,76,222,6.06,100,0,10000,1008,9.58,76,222,6.06,100,0,10000
1015,10.84,53,340,3.6,20,0,10000,11,0,2,10,1007,10.96,71,256,5.17,92,0,10000,1007,10.96,71,256,5.17,92,0,10000,1007,10.96,71,256,5.17,92,0,10000,1007,10.96,71,256,5.17,92,0,10000,1007,10.96,71,256,5.17,92,0,10000,1007,10.96,71,256,5.17,92,0,10000,1007,10.96,71,256,5.17,92,0,10000,1007,10.96,71,256,5.17,92,0,10000,1007,10.96,71,256,5.17,92,0,10000,1007,10.96,71,256,5.17,92,0,10000,1007,10.96,71,256,5.17,92,0,10000,1007,10.96,71,256,5.17,92,0,10000
1015,10.84,53,340,3.6,20,0,10000,14,0,2,10,1005,11.06,64,271,5.6,98,0,10000,1005,11.06,64,271,5.6,98,0,10000,1005,11.06,64,271,5.6,98,0,10000,1005,11.06,64,271,5.6,98,0,10000,1005,11.06,64,271,5.6,98,0,10000,1005,11.06,64,271,5.6,98,0,10000,1005,11.06,64,271,5.6,98,0,10000,1005,11.06,64,271,5.6,98,0,10000,1005,11.06,64,271,5.6,98,0,10000,1005,11.06,64,271,5.6,98,0,10000,1005,11.06,64,271,5.6,98,0,10000,1005,11.06,64,271,5.6,98,0,10000
1015,10.84,53,340,3.6,20,0,10000,17,0,2,10,1015,10.08,62,20,3.4,37,0,10000,1015,10.08,62,20,3.4,37,0,10000,1015,10.08,62,20,3.4,37,0,10000,1015,10.08,62,20,3.4,37,0,10000,1015,10.08,62,20,3.4,37,0,10000,1015,10.08,62,20,3.4,37,0,10000,1015,10.08,62,20,3.4,37,0,10000,1015,10.08,62,20,3.4,37,0,10000,1015,10.08,62,20,3.4,37,0,10000,1015,10.08,62,20,3.4,37,0,10000,1015,10.08,62,20,3.4,37,0,10000,1015,10.08,62,20,3.4,37,0,10000
1015,10.84,53,340,3.6,20,0,10000,20,0,2,10,1015,8.45,69,3,1.02,54,0,10000,1015,8.45,69,3,1.02,54,0,10000,1015,8.45,69,3,1.02,54,0,10000,1015,8.45,69,3,1.02,54,0,10000,1015,8.45,69,3,1.02,54,0,10000,1015,8.45,69,3,1.02,54,0,10000,1015,8.45,69,3,1.02,54,0,10000,1015,8.45,69,3,1.02,54,0,10000,1015,8.45,69,3,1.02,54,0,10000,1015,8.45,69,3,1.02,54,0,10000,1015,8.45,69,3,1.02,54,0,10000,1015,8.45,69,3,1.02,54,0,10000
1015,10.84,53,340,3.6,20,0,10000,23,0,2,10,1013,5.63,76,150,1.1,50,0,10000,1013,5.63,76,150,1.1,50,0,10000,1013,5.63,76,150,1.1,50,0,10000,1013,5.63,76,150,1.1,50,0,10000,1013,5.63,76,150,1.1,50,0,10000,1013,5.63,76,150,1.1,50,0,10000,1013,5.63,76,150,1.1,50,0,10000,1013,5.63,76,150,1.1,50,0,10000,1013,5.63,76,150,1.1,50,0,10000,1013,5.63,76,150,1.1,50,0,10000,1013,5.63,76,150,1.1,50,0,10000,1013,5.63,76,150,1.1,50,0,10000
1015,10.84,53,340,3.6,20,0,10000,2,0,3,10,1011,5.85,73,174,2.09,70,0,10000,1011,5.85,73,174,2.09,70,0,10000,1011,5.85,73,174,2.09,70,0,10000,1011,5.85,73,174,2.09,70,0,10000,1011,5.85,73,174,2.09,70,0,10000,1011,5.85,73,174,2.09,70,0,10000,1011,5.85,73,174,2.09,70,0,10000,1011,5.85,73,174,2.09,70,0,10000,1011,5.85,73,174,2.09,70,0,10000,1011,5.85,73,174,2.09,70,0,10000,1011,5.85,73,174,2.09,70,0,10000,1011,5.85,73,174,2.09,70,0,10000
1015,10.84,53,340,3.6,20,0,10000,5,0,3,10,1010,6.79,82,183,2.33,85,0,10000,1010,6.79,82,183,2.33,85,0,10000,1010,6.79,82,183,2.33,85,0,10000,1010,6.79,82,183,2.33,85,0,10000,1010,6.79,82,183,2.33,85,0,10000,1010,6.79,82,183,2.33,85,0,10000,1010,6.79,82,183,2.33,85,0,10000,1010,6.79,82,183,2.33,85,0,10000,1010,6.79,82,183,2.33,85,0,10000,1010,6.79,82,183,2.33,85,0,10000,1010,6.79,82,183,2.33,85,0,10000,1010,6.79,82,183,2.33,85,0,10000
1015,10.84,53,340,3.6,20,0,10000,8,0,3,10,1008,9.58,76,222,6.06,100,0,10000,1008,9.58,76,222,6.06,100,0,10000,1008,9.58,76,222,6.06,100,0,10000,1008,9.58,76,222,6.06,100,0,10000,1008,9.58,76,222,6.06,100,0,10000,1008,9.58,76,222,6.06,100,0,10000,1008,9.58,76,222,6.06,100,0,10000,1008,9.58,76,222,6.06,100,0,10000,1008,9.58,76,222,6.06,100,0,10000,1008,9.58,76,222,6.06,100,0,10000,1008,9.58,76,222,6.06,100,0,10000,1008,9.58,76,222,6.06,100,0,10000
1015,10.84,53,340,3.6,20,0,10000,11,0,3,10,1007,10.96,71,256,5.17,92,0,10000,1007,10.96,71,256,5.17,92,0,10000,1007,10.96,71,256,5.17,92,0,10000,1007,10.96,71,256,5.17,92,0,10000,1007,10.96,71,256,5.17,92,0,10000,1007,10.96,71,256,5.17,92,0,10000,1007,10.96,71,256,5.17,92,0,10000,1007,10.96,71,256,5.17,92,0,10000,1007,10.96,71,256,5.17,92,0,10000,1007,10.96,71,256,5.17,92,0,10000,1007,10.96,71,256,5.17,92,0,10000,1007,10.96,71,256,5.17,92,0,10000
1015,10.84,53,340,3.6,20,0,10000,14,0,3,10,1005,11.06,64,271,5.6,98,0,10000,1005,11.06,64,271,5.6,98,0,10000,1005,11.06,64,271,5.6,98,0,10000,1005,11.06,64,271,5.6,98,0,10000,1005,11.06,64,271,5.6,98,0,10000,1005,11.06,64,271,5.6,98,0,10000,1005,11.06,64,271,5.6,98,0,10000,1005,11.06,64,271,5.6,98,0,10000,1005,11.06,64,271,5.6,98,0,10000,1005,11.06,64,271,5.6,98,0,10000,1005,11.06,64,271,5.6,98,0,10000,1005,11.06,64,271,5.6,98,0,10000
1015,10.84,53,340,3.6,20,0,10000,17,0,3,10,1015,10.08,62,20,3.4,37,0,10000,1015,10.08,62,20,3.4,37,0,10000,1015,10.08,62,20,3.4,37,0,10000,1015,10.08,62,20,3.4,37,0,10000,1015,10.08,62,20,3.4,37,0,10000,1015,10.08,62,20,3.4,37,0,10000,1015,10.08,62,20,3.4,37,0,10000,1015,10.08,62,20,3.4,37,0,10000,1015,10.08,62,20,3.4,37,0,10000,1015,10.08,62,20,3.4,37,0,10000,1015,10.08,62,20,3.4,37,0,10000,1015,10.08,62,20,3.4,37,0,10000
1015,10.84,53,340,3.6,20,0,10000,20,0,3,10,1015,8.45,69,3,1.02,54,0,10000,1015,8.45,69,3,1.02,54,0,10000,1015,8.45,69,3,1.02,54,0,10000,1015,8.45,69,3,1.02,54,0,10000,1015,8.45,69,3,1.02,54,0,10000,1015,8.45,69,3,1.02,54,0,10000,1015,8.45,69,3,1.02,54,0,10000,1015,8.45,69,3,1.02,54,0,10000,1015,8.45,69,3,1.02,54,0,10000,1015,8.45,69,3,1.02,54,0,10000,1015,8.45,69,3,1.02,54,0,10000,1015,8.45,69,3,1.02,54,0,10000
1015,10.84,53,340,3.6,20,0,10000,23,0,3,10,1013,5.63,76,150,1.1,50,0,10000,1013,5.63,76,150,1.1,50,0,10000,1013,5.63,76,150,1.1,50,0,10000,1013,5.63,76,150,1.1,50,0,10000,1013,5.63,76,150,1.1,50,0,10000,1013,5.63,76,150,1.1,50,0,10000,1013,5.63,76,150,1.1,50,0,10000,1013,5.63,76,150,1.1,50,0,10000,1013,5.63,76,150,1.1,50,0,10000,1013,5.63,76,150,1.1,50,0,10000,1013,5.63,76,150,1.1,50,0,10000,1013,5.63,76,150,1.1,50,0,10000
1015,10.84,53,340,3.6,20,0,10000,2,0,4,10,1011,5.85,73,174,2.09,70,0,10000,1011,5.85,73,174,2.09,70,0,10000,1011,5.85,73,174,2.09,70,0,10000,1011,5.85,73,174,2.09,70,0,10000,1011,5.85,73,174,2.09,70,0,10000,1011,5.85,73,174,2.09,70,0,10000,1011,5.85,73,174,2.09,70,0,10000,1011,5.85,73,174,2.09,70,0,10000,1011,5.85,73,174,2.09,70,0,10000,1011,5.85,73,174,2.09,70,0,10000,1011,5.85,73,174,2.09,70,0,10000,1011,5.85,73,174,2.09,70,0,10000
1015,10.84,53,340,3.6,20,0,10000,5,0,4,10,1010,6.79,82,183,2.33,85,0,10000,1010,6.79,82,183,2.33,85,0,10000,1010,6.79,82,183,2.33,85,0,10000,1010,6.79,82,183,2.33,85,0,10000,1010,6.79,82,183,2.33,85,0,10000,1010,6.79,82,183,2.33,85,0,10000,1010,6.79,82,183,2.33,85,0,10000,1010,6.79,82,183,2.33,85,0,10000,1010,6.79,82,183,2.33,85,0,10000,1010,6.79,82,183,2.33,85,0,10000,1010,6.79,82,183,2.33,85,0,10000,1010,6.79,82,183,2.33,85,0,10000
1015,10.84,53,340,3.6,20,0,10000,8,0,4,10,1008,9.58,76,222,6.06,100,0,10000,1008,9.58,76,222,6.06,100,0,10000,1008,9.58,76,222,6.06,100,0,10000,1008,9.58,76,222,6.06,100,0,10000,1008,9.58,76,222,6.06,100,0,10000,1008,9.58,76,222,6.06,100,0,10000,1008,9.58,76,222,6.06,100,0,10000,1008,9.58,76,222,6.06,100,0,10000,1008,9.58,76,222,6.06,100,0,10000,1008,9.58,76,222,6.06,100,0,10000,1008,9.58,76,222,6.06,100,0,10000,1008,9.58,76,222,6.06,100,0,10000
1015,10.84,53,340,3.6,20,0,10000,11,0,4,10,1007,10.96,71,256,5.17,92,0,10000,1007,10.96,71,256,5.17,92,0,10000,1007,10.96,71,256,5.17,92,0,10000,1007,10.96,71,256,5.17,92,0,10000,1007,10.96,71,256,5.17,92,0,10000,1007,10.96,71,256,5.17,92,0,10000,1007,10.96,71,256,5.17,92,0,10000,1007,10.96,71,256,5.17,92,0,10000,1007,10.96,71,256,5.17,92,0,10000,1007,10.96,71,256,5.17,92,0,10000,1007,10.96,71,256,5.17,92,0,10000,1007,10.96,71,256,5.17,92,0,10000
1015,10.84,53,340,3.6,20,0,10000,14,0,4,10,1005,11.06,64,271,5.6,98,0,10000,1005,11.06,64,271,5.6,98,0,10000,1005,11.06,64,271,5.6,98,0,10000,1005,11.06,64,271,5.6,98,0,10000,1005,11.06,64,271,5.6,98,0,10000,1005,11.06,64,271,5.6,98,0,10000,1005,11.06,64,271,5.6,98,0,10000,1005,11.06,64,271,5.6,98,0,10000,1005,11.06,64,271,5.6,98,0,10000,1005,11.06,64,271,5.6,98,0,10000,1005,11.06,64,271,5.6,98,0,10000,1005,11.06,64,271,5.6,98,0,10000
1015,10.84,53,340,3.6,20,0,10000,17,0,4,10,1015,10.08,62,20,3.4,37,0,10000,1015,10.08,62,20,3.4,37,0,10000,1015,10.08,62,20,3.4,37,0,10000,1015,10.08,62,20,3.4,37,0,10000,1015,10.08,62,20,3.4,37,0,10000,1015,10.08,62,20,3.4,37,0,10000,1015,10.08,62,20,3.4,37,0,10000,1015,10.08,62,20,3.4,37,0,10000,1015,10.08,62,20,3.4,37,0,10000,1015,10.08,62,20,3.4,37,0,10000,1015,10.08,62,20,3.4,37,0,10000,1015,10.08,62,20,3.4,37,0,10000
1015,10.84,53,340,3.6,20,0,10000,20,0,4,10,1015,8.45,69,3,1.02,54,0,10000,1015,8.45,69,3,1.02,54,0,10000,1015,8.45,69,3,1.02,54,0,10000,1015,8.45,69,3,1.02,54,0,10000,1015,8.45,69,3,1.02,54,0,10000,1015,8.45,69,3,1.02,54,0,10000,1015,8.45,69,3,1.02,54,0,10000,1015,8.45,69,3,1.02,54,0,10000,1015,8.45,69,3,1.02,54,0,10000,1015,8.45,69,3,1.02,54,0,10000,1015,8.45,69,3,1.02,54,0,10000,1015,8.45,69,3,1.02,54,0,10000
1015,10.84,53,340,3.6,20,0,10000,23,0,4,10,1013,5.63,76,150,1.1,50,0,10000,1013,5.63,76,150,1.1,50,0,10000,1013,5.63,76,150,1.1,50,0,10000,1013,5.63,76,150,1.1,50,0,10000,1013,5.63,76,150,1.1,50,0,10000,1013,5.63,76,150,1.1,50,0,10000,1013,5.63,76,150,1.1,50,0,10000,1013,5.63,76,150,1.1,50,0,10000,1013,5.63,76,150,1.1,50,0,10000,1013,5.63,76,150,1.1,50,0,10000,1013,5.63,76,150,1.1,50,0,10000,1013,5.63,76,150,1.1,50,0,10000
1015,10.84,53,340,3.6,20,0,10000,2,0,5,10,1011,5.85,73,174,2.09,70,0,10000,1011,5.85,73,174,2.09,70,0,10000,1011,5.85,73,174,2.09,70,0,10000,1011,5.85,73,174,2.09,70,0,10000,1011,5.85,73,174,2.09,70,0,10000,1011,5.85,73,174,2.09,70,0,10000,1011,5.85,73,174,2.09,70,0,10000,1011,5.85,73,174,2.09,70,0,10000,1011,5.85,73,174,2.09,70,0,10000,1011,5.85,73,174,2.09,70,0,10000,1011,5.85,73,174,2.09,70,0,10000,1011,5.85,73,174,2.09,70,0,10000
1015,10.84,53,340,3.6,20,0,10000,5,0,5,10,1010,6.79,82,183,2.33,85,0,10000,1010,6.79,82,183,2.33,85,0,10000,1010,6.79,82,183,2.33,85,0,10000,1010,6.79,82,183,2.33,85,0,10000,1010,6.79,82,183,2.33,85,0,10000,1010,6.79,82,183,2.33,85,0,10000,1010,6.79,82,183,2.33,85,0,10000,1010,6.79,82,183,2.33,85,0,10000,1010,6.79,82,183,2.33,85,0,10000,1010,6.79,82,183,2.33,85,0,10000,1010,6.79,82,183,2.33,85,0,10000,1010,6.79,82,183,2.33,85,0,10000
1015,10.84,53,340,3.6,20,0,10000,8,0,5,10,1008,9.58,76,222,6.06,100,0,10000,1008,9.58,76,222,6.06,100,0,10000,1008,9.58,76,222,6.06,100,0,10000,1008,9.58,76,222,6.06,100,0,10000,1008,9.58,76,222,6.06,100,0,10000,1008,9.58,76,222,6.06,100,0,10000,1008,9.58,76,222,6.06,100,0,10000,1008,9.58,76,222,6.06,100,0,10000,1008,9.58,76,222,6.06,100,0,10000,1008,9.58,76,222,6.06,100,0,10000,1008,9.58,76,222,6.06,100,0,10000,1008,9.58,76,222,6.06,100,0,10000
1015,10.84,53,340,3.6,20,0,10000,11,0,5,10,1007,10.96,71,256,5.17,92,0,10000,1007,10.96,71,256,5.17,92,0,10000,1007,10.96,71,256,5.17,92,0,10000,1007,10.96,71,256,5.17,92,0,10000,1007,10.96,71,256,5.17,92,0,10000,1007,10.96,71,256,5.17,92,0,10000,1007,10.96,71,256,5.17,92,0,10000,1007,10.96,71,256,5.17,92,0,10000,1007,10.96,71,256,5.17,92,0,10000,1007,10.96,71,256,5.17,92,0,10000,1007,10.96,71,256,5.17,92,0,10000,1007,10.96,71,256,5.17,92,0,10000
1015,10.84,53,340,3.6,20,0,10000,14,0,5,10,1005,11.06,64,271,5.6,98,0,10000,1005,11.06,64,271,5.6,98,0,10000,1005,11.06,64,271,5.6,98,0,10000,1005,11.06,64,271,5.6,98,0,10000,1005,11.06,64,271,5.6,98,0,10000,1005,11.06,64,271,5.6,98,0,10000,1005,11.06,64,271,5.6,98,0,10000,1005,11.06,64,271,5.6,98,0,10000,1005,11.06,64,271,5.6,98,0,10000,1005,11.06,64,271,5.6,98,0,10000,1005,11.06,64,271,5.6,98,0,10000,1005,11.06,64,271,5.6,98,0,10000
1015,10.84,53,340,3.6,20,0,10000,17,0,5,10,1015,10.08,62,20,3.4,37,0,10000,1015,10.08,62,20,3.4,37,0,10000,1015,10.08,62,20,3.4,37,0,10000,1015,10.08,62,20,3.4,37,0,10000,1015,10.08,62,20,3.4,37,0,10000,1015,10.08,62,20,3.4,37,0,10000,1015,10.08,62,20,3.4,37,0,10000,1015,10.08,62,20,3.4,37,0,10000,1015,10.08,62,20,3.4,37,0,10000,1015,10.08,62,20,3.4,37,0,10000,1015,10.08,62,20,3.4,37,0,10000,1015,10.08,62,20,3.4,37,0,10000
1015,10.84,53,340,3.6,20,0,10000,20,0,5,10,1015,8.45,69,3,1.02,54,0,10000,1015,8.45,69,3,1.02,54,0,10000,1015,8.45,69,3,1.02,54,0,10000,1015,8.45,69,3,1.02,54,0,10000,1015,8.45,69,3,1.02,54,0,10000,1015,8.45,69,3,1.02,54,0,10000,1015,8.45,69,3,1.02,54,0,10000,1015,8.45,69,3,1.02,54,0,10000,1015,8.45,69,3,1.02,54,0,10000,1015,8.45,69,3,1.02,54,0,10000,1015,8.45,69,3,1.02,54,0,10000,1015,8.45,69,3,1.02,54,0,10000
1015,10.84,53,340,3.6,20,0,10000,23,0,5,10,1013,5.63,76,150,1.1,50,0,10000,1013,5.63,76,150,1.1,50,0,10000,1013,5.63,76,150,1.1,50,0,10000,1013,5.63,76,150,1.1,50,0,10000,1013,5.63,76,150,1.1,50,0,10000,1013,5.63,76,150,1.1,50,0,10000,1013,5.63,76,150,1.1,50,0,10000,1013,5.63,76,150,1.1,50,0,10000,1013,5.63,76,150,1.1,50,0,10000,1013,5.63,76,150,1.1,50,0,10000,1013,5.63,76,150,1.1,50,0,10000,1013,5.63,76,150,1.1,50,0,10000
1015,10.84,53,340,3.6,20,0,10000,2,0,6,10,1011,5.85,73,174,2.09,70,0,10000,1011,5.85,73,174,2.09,70,0,10000,1011,5.85,73,174,2.09,70,0,10000,1011,5.85,73,174,2.09,70,0,10000,1011,5.85,73,174,2.09,70,0,10000,1011,5.85,73,174,2.09,70,0,10000,1011,5.85,73,174,2.09,70,0,10000,1011,5.85,73,174,2.09,70,0,10000,1011,5.85,73,174,2.09,70,0,10000,1011,5.85,73,174,2.09,70,0,10000,1011,5.85,73,174,2.09,70,0,10000,1011,5.85,73,174,2.09,70,0,10000
1015,10.84,53,340,3.6,20,0,10000,5,0,6,10,1010,6.79,82,183,2.33,85,0,10000,1010,6.79,82,183,2.33,85,0,10000,1010,6.79,82,183,2.33,85,0,10000,1010,6.79,82,183,2.33,85,0,10000,1010,6.79,82,183,2.33,85,0,10000,1010,6.79,82,183,2.33,85,0,10000,1010,6.79,82,183,2.33,85,0,10000,1010,6.79,82,183,2.33,85,0,10000,1010,6.79,82,183,2.33,85,0,10000,1010,6.79,82,183,2.33,85,0,10000,1010,6.79,82,183,2.33,85,0,10000,1010,6.79,82,183,2.33,85,0,10000
1015,10.84,53,340,3.6,20,0,10000,8,0,6,10,1008,9.58,76,222,6.06,100,0,10000,1008,9.58,76,222,6.06,100,0,10000,1008,9.58,76,222,6.06,100,0,10000,1008,9.58,76,222,6.06,100,0,10000,1008,9.58,76,222,6.06,100,0,10000,1008,9.58,76,222,6.06,100,0,10000,1008,9.58,76,222,6.06,100,0,10000,1008,9.58,76,222,6.06,100,0,10000,1008,9.58,76,222,6.06,100,0,10000,1008,9.58,76,222,6.06,100,0,10000,1008,9.58,76,222,6.06,100,0,10000,1008,9.58,76,222,6.06,100,0,10000
1015,10.84,53,340,3.6,20,0,10000,11,0,6,10,1007,10.96,71,256,5.17,92,0,10000,1007,10.96,71,256,5.17,92,0,10000,1007,10.96,71,256,5.17,92,0,10000,1007,10.96,71,256,5.17,92,0,10000,1007,10.96,71,256,5.17,92,0,10000,1007,10.96,71,256,5.17,92,0,10000,1007,10.96,71,256,5.17,92,0,10000,1007,10.96,71,256,5.17,92,0,10000,1007,10.96,71,256,5.17,92,0,10000,1007,10.96,71,256,5.17,92,0,10000,1007,10.96,71,256,5.17,92,0,10000,1007,10.96,71,256,5.17,92,0,10000
1015,10.84,53,340,3.6,20,0,10000,14,0,6,10,1005,11.06,64,271,5.6,98,0,10000,1005,11.06,64,271,5.6,98,0,10000,1005,11.06,64,271,5.6,98,0,10000,1005,11.06,64,271,5.6,98,0,10000,1005,11.06,64,271,5.6,98,0,10000,1005,11.06,64,271,5.6,98,0,10000,1005,11.06,64,271,5.6,98,0,10000,1005,11.06,64,271,5.6,98,0,10000,1005,11.06,64,271,5.6,98,0,10000,1005,11.06,64,271,5.6,98,0,10000,1005,11.06,64,271,5.6,98,0,10000,1005,11.06,64,271,5.6,98,0,10000
1015,10.84,53,340,3.6,20,0,10000,17,0,6,10,1015,10.08,62,20,3.4,37,0,10000,1015,10.08,62,20,3.4,37,0,10000,1015,10.08,62,20,3.4,37,0,10000,1015,10.08,62,20,3.4,37,0,10000,1015,10.08,62,20,3.4,37,0,10000,1015,10.08,62,20,3.4,37,0,10000,1015,10.08,62,20,3.4,37,0,10000,1015,10.08,62,20,3.4,37,0,10000,1015,10.08,62,20,3.4,37,0,10000,1015,10.08,62,20,3.4,37,0,10000,1015,10.08,62,20,3.4,37,0,10000,1015,10.08,62,20,3.4,37,0,10000
1015,10.84,53,340,3.6,20,0,10000,20,0,6,10,1015,8.45,69,3,1.02,54,0,10000,1015,8.45,69,3,1.02,54,0,10000,1015,8.45,69,3,1.02,54,0,10000,1015,8.45,69,3,1.02,54,0,10000,1015,8.45,69,3,1.02,54,0,10000,1015,8.45,69,3,1.02,54,0,10000,1015,8.45,69,3,1.02,54,0,10000,1015,8.45,69,3,1.02,54,0,10000,1015,8.45,69,3,1.02,54,0,10000,1015,8.45,69,3,1.02,54,0,10000,1015,8.45,69,3,1.02,54,0,10000,1015,8.45,69,3,1.02,54,0,10000
1015,10.84,53,340,3.6,20,0,10000,23,0,6,10,1013,5.63,76,150,1.1,50,0,10000,1013,5.63,76,150,1.1,50,0,10000,1013,5.63,76,150,1.1,50,0,10000,1013,5.63,76,150,1.1,50,0,10000,1013,5.63,76,150,1.1,50,0,10000,1013,5.63,76,150,1.1,50,0,10000,1013,5.63,76,150,1.1,50,0,10000,1013,5.63,76,150,1.1,50,0,10000,1013,5.63,76,150,1.1,50,0,10000,1013,5.63,76,150,1.1,50,0,10000,1013,5.63,76,150,1.1,50,0,10000,1013,5.63,76,150,1.1,50,0,10000
1015,10.84,53,340,3.6,20,0,10000,2,0,7,10,1011,5.85,73,174,2.09,70,0,10000,1011,5.85,73,174,2.09,70,0,10000,1011,5.85,73,174,2.09,70,0,10000,1011,5.85,73,174,2.09,70,0,10000,1011,5.85,73,174,2.09,70,0,10000,1011,5.85,73,174,2.09,70,0,10000,1011,5.85,73,174,2.09,70,0,10000,1011,5.85,73,174,2.09,70,0,10000,1011,5.85,73,174,2.09,70,0,10000,1011,5.85,73,174,2.09,70,0,10000,1011,5.85,73,174,2.09,70,0,10000,1011,5.85,73,174,2.09,70,0,10000
1015,10.84,53,340,3.6,20,0,10000,5,0,7,10,1010,6.79,82,183,2.33,85,0,10000,1010,6.79,82,183,2.33,85,0,10000,1010,6.79,82,183,2.33,85,0,10000,1010,6.79,82,183,2.33,85,0,10000,1010,6.79,82,183,2.33,85,0,10000,1010,6.79,82,183,2.33,85,0,10000,1010,6.79,82,183,2.33,85,0,10000,1010,6.79,82,183,2.33,85,0,10000,1010,6.79,82,183,2.33,85,0,10000,1010,6.79,82,183,2.33,85,0,10000,1010,6.79,82,183,2.33,85,0,10000,1010,6.79,82,183,2.33,85,0,10000
1015,10.84,53,340,3.6,20,0,10000,8,0,7,10,1008,9.58,76,222,6.06,100,0,10000,1008,9.58,76,222,6.06,100,0,10000,1008,9.58,76,222,6.06,100,0,10000,1008,9.58,76,222,6.06,100,0,10000,1008,9.58,76,222,6.06,100,0,10000,1008,9.58,76,222,6.06,100,0,10000,1008,9.58,76,222,6.06,100,0,10000,1008,9.58,76,222,6.06,100,0,10000,1008,9.58,76,222,6.06,100,0,10000,1008,9.58,76,222,6.06,100,0,10000,1008,9.58,76,222,6.06,100,0,10000,1008,9.58,76,222,6.06,100,0,10000
1015,10.84,53,340,3.6,20,0,10000,11,0,7,10,1007,10.96,71,256,5.17,92,0,10000,1007,10.96,71,256,5.17,92,0,10000,1007,10.96,71,256,5.17,92,0,10000,1007,10.96,71,256,5.17,92,0,10000,1007,10.96,71,256,5.17,92,0,10000,1007,10.96,71,256,5.17,92,0,10000,1007,10.96,71,256,5.17,92,0,10000,1007,10.96,71,256,5.17,92,0,10000,1007,10.96,71,256,5.17,92,0,10000,1007,10.96,71,256,5.17,92,0,10000,1007,10.96,71,256,5.17,92,0,10000,1007,10.96,71,256,5.17,92,0,10000
1015,11.84,54,340,2.57,0,0,10000,14,0,7,10,1005,11.06,64,271,5.6,98,0,10000,1005,11.06,64,271,5.6,98,0,10000,1005,11.06,64,271,5.6,98,0,10000,1005,11.06,64,271,5.6,98,0,10000,1005,11.06,64,271,5.6,98,0,10000,1005,11.06,64,271,5.6,98,0,10000,1005,11.06,64,271,5.6,98,0,10000,1005,11.06,64,271,5.6,98,0,10000,1005,11.06,64,271,5.6,98,0,10000,1005,11.06,64,271,5.6,98,0,10000,1005,11.06,64,271,5.6,98,0,10000,1005,11.06,64,271,5.6,98,0,10000
1015,11.84,54,340,2.57,0,0,10000,17,0,7,10,1015,10.75,63,20,3.4,24,0,10000,1015,10.75,63,20,3.4,24,0,10000,1015,10.75,63,20,3.4,24,0,10000,1015,10.75,63,20,3.4,24,0,10000,1015,10.75,63,20,3.4,24,0,10000,1015,10.75,63,20,3.4,24,0,10000,1015,10.75,63,20,3.4,24,0,10000,1015,10.75,63,20,3.4,24,0,10000,1015,10.75,63,20,3.4,24,0,10000,1015,10.75,63,20,3.4,24,0,10000,1015,10.75,63,20,3.4,24,0,10000,1015,10.75,63,20,3.4,24,0,10000
1015,11.84,54,340,2.57,0,0,10000,20,0,7,10,1015,8.78,69,3,1.02,47,0,10000,1015,8.78,69,3,1.02,47,0,10000,1015,8.78,69,3,1.02,47,0,10000,1015,8.78,69,3,1.02,47,0,10000,1015,8.78,69,3,1.02,47,0,10000,1015,8.78,69,3,1.02,47,0,10000,1015,8.78,69,3,1.02,47,0,10000,1015,8.78,69,3,1.02,47,0,10000,1015,8.78,69,3,1.02,47,0,10000,1015,8.78,69,3,1.02,47,0,10000,1015,8.78,69,3,1.02,47,0,10000,1015,8.78,69,3,1.02,47,0,10000
1015,11.84,54,340,2.57,0,0,10000,23,0,7,10,1013,5.63,76,150,1.1,50,0,10000,1013,5.63,76,150,1.1,50,0,10000,1013,5.63,76,150,1.1,50,0,10000,1013,5.63,76,150,1.1,50,0,10000,1013,5.63,76,150,1.1,50,0,10000,1013,5.63,76,150,1.1,50,0,10000,1013,5.63,76,150,1.1,50,0,10000,1013,5.63,76,150,1.1,50,0,10000,1013,5.63,76,150,1.1,50,0,10000,1013,5.63,76,150,1.1,50,0,10000,1013,5.63,76,150,1.1,50,0,10000,1013,5.63,76,150,1.1,50,0,10000
1015,11.84,54,340,2.57,0,0,10000,2,0,8,10,1011,5.85,73,174,2.09,70,0,10000,1011,5.85,73,174,2.09,70,0,10000,1011,5.85,73,174,2.09,70,0,10000,1011,5.85,73,174,2.09,70,0,10000,1011,5.85,73,174,2.09,70,0,10000,1011,5.85,73,174,2.09,70,0,10000,1011,5.85,73,174,2.09,70,0,10000,1011,5.85,73,174,2.09,70,0,10000,1011,5.85,73,174,2.09,70,0,10000,1011,5.85,73,174,2.09,70,0,10000,1011,5.85,73,174,2.09,70,0,10000,1011,5.85,73,174,2.09,70,0,10000
1015,11.84,54,340,2.57,0,0,10000,5,0,8,10,1010,6.79,82,183,2.33,85,0,10000,1010,6.79,82,183,2.33,85,0,10000,1010,6.79,82,183,2.33,85,0,10000,1010,6.79,82,183,2.33,85,0,10000,1010,6.79,82,183,2.33,85,0,10000,1010,6.79,82,183,2.33,85,0,10000,1010,6.79,82,183,2.33,85,0,10000,1010,6.79,82,183,2.33,85,0,10000,1010,6.79,82,183,2.33,85,0,10000,1010,6.79,82,183,2.33,85,0,10000,1010,6.79,82,183,2.33,85,0,10000,1010,6.79,82,183,2.33,85,0,10000
1015,11.84,54,340,2.57,0,0,10000,8,0,8,10,1008,9.58,76,222,6.06,100,0,10000,1008,9.58,76,222,6.06,100,0,10000,1008,9.58,76,222,6.06,100,0,10000,1008,9.58,76,222,6.06,100,0,10000,1008,9.58,76,222,6.06,100,0,10000,1008,9.58,76,222,6.06,100,0,10000,1008,9.58,76,222,6.06,100,0,10000,1008,9.58,76,222,6.06,100,0,10000,1008,9.58,76,222,6.06,100,0,10000,1008,9.58,76,222,6.06,100,0,10000,1008,9.58,76,222,6.06,100,0,10000,1008,9.58,76,222,6.06,100,0,10000
1015,11.84,54,340,2.57,0,0,10000,11,0,8,10,1007,10.96,71,256,5.17,92,0,10000,1007,10.96,71,256,5.17,92,0,10000,1007,10.96,71,256,5.17,92,0,10000,1007,10.96,71,256,5.17,92,0,10000,1007,10.96,71,256,5.17,92,0,10000,1007,10.96,71,256,5.17,92,0,10000,1007,10.96,71,256,5.17,92,0,10000,1007,10.96,71,256,5.17,92,0,10000,1007,10.96,71,256,5.17,92,0,10000,1007,10.96,71,256,5.17,92,0,10000,1007,10.96,71,256,5.17,92,0,10000,1007,10.96,71,256,5.17,92,0,10000
1015,11.84,54,340,2.57,0,0,10000,14,0,8,10,1005,11.06,64,271,5.6,98,0,10000,1005,11.06,64,271,5.6,98,0,10000,1005,11.06,64,271,5.6,98,0,10000,1005,11.06,64,271,5.6,98,0,10000,1005,11.06,64,271,5.6,98,0,10000,1005,11.06,64,271,5.6,98,0,10000,1005,11.06,64,271,5.6,98,0,10000,1005,11.06,64,271,5.6,98,0,10000,1005,11.06,64,271,5.6,98,0,10000,1005,11.06,64,271,5.6,98,0,10000,1005,11.06,64,271,5.6,98,0,10000,1005,11.06,64,271,5.6,98,0,10000
1015,11.84,54,340,2.57,0,0,10000,17,0,8,10,1015,10.75,63,20,3.4,24,0,10000,1015,10.75,63,20,3.4,24,0,10000,1015,10.75,63,20,3.4,24,0,10000,1015,10.75,63,20,3.4,24,0,10000,1015,10.75,63,20,3.4,24,0,10000,1015,10.75,63,20,3.4,24,0,10000,1015,10.75,63,20,3.4,24,0,10000,1015,10.75,63,20,3.4,24,0,10000,1015,10.75,63,20,3.4,24,0,10000,1015,10.75,63,20,3.4,24,0,10000,1015,10.75,63,20,3.4,24,0,10000,1015,10.75,63,20,3.4,24,0,10000
1015,11.84,54,340,2.57,0,0,10000,20,0,8,10,1015,8.78,69,3,1.02,47,0,10000,1015,8.78,69,3,1.02,47,0,10000,1015,8.78,69,3,1.02,47,0,10000,1015,8.78,69,3,1.02,47,0,10000,1015,8.78,69,3,1.02,47,0,10000,1015,8.78,69,3,1.02,47,0,10000,1015,8.78,69,3,1.02,47,0,10000,1015,8.78,69,3,1.02,47,0,10000,1015,8.78,69,3,1.02,47,0,10000,1015,8.78,69,3,1.02,47,0,10000,1015,8.78,69,3,1.02,47,0,10000,1015,8.78,69,3,1.02,47,0,10000
1015,11.84,54,340,2.57,0,0,10000,23,0,8,10,1013,5.63,76,150,1.1,50,0,10000,1013,5.63,76,150,1.1,50,0,10000,1013,5.63,76,150,1.1,50,0,10000,1013,5.63,76,150,1.1,50,0,10000,1013,5.63,76,150,1.1,50,0,10000,1013,5.63,76,150,1.1,50,0,10000,1013,5.63,76,150,1.1,50,0,10000,1013,5.63,76,150,1.1,50,0,10000,1013,5.63,76,150,1.1,50,0,10000,1013,5.63,76,150,1.1,50,0,10000,1013,5.63,76,150,1.1,50,0,10000,1013,5.63,76,150,1.1,50,0,10000
1015,11.84,54,340,2.57,0,0,10000,2,0,9,10,1011,5.85,73,174,2.09,70,0,10000,1011,5.85,73,174,2.09,70,0,10000,1011,5.85,73,174,2.09,70,0,10000,1011,5.85,73,174,2.09,70,0,10000,1011,5.85,73,174,2.09,70,0,10000,1011,5.85,73,174,2.09,70,0,10000,1011,5.85,73,174,2.09,70,0,10000,1011,5.85,73,174,2.09,70,0,10000,1011,5.85,73,174,2.09,70,0,10000,1011,5.85,73,174,2.09,70,0,10000,1011,5.85,73,174,2.09,70,0,10000,1011,5.85,73,174,2.09,70,0,10000
1015,11.84,54,340,2.57,0,0,10000,5,0,9,10,1010,6.79,82,183,2.33,85,0,10000,1010,6.79,82,183,2.33,85,0,10000,1010,6.79,82,183,2.33,85,0,10000,1010,6.79,82,183,2.33,85,0,10000,1010,6.79,82,183,2.33,85,0,10000,1010,6.79,82,183,2.33,85,0,10000,1010,6.79,82,183,2.33,85,0,10000,1010,6.79,82,183,2.33,85,0,10000,1010,6.79,82,183,2.33,85,0,10000,1010,6.79,82,183,2.33,85,0,10000,1010,6.79,82,183,2.33,85,0,10000,1010,6.79,82,183,2.33,85,0,10000
1015,11.84,54,340,2.57,0,0,10000,8,0,9,10,1008,9.58,76,222,6.06,100,0,10000,1008,9.58,76,222,6.06,100,0,10000,1008,9.58,76,222,6.06,100,0,10000,1008,9.58,76,222,6.06,100,0,10000,1008,9.58,76,222,6.06,100,0,10000,1008,9.58,76,222,6.06,100,0,10000,1008,9.58,76,222,6.06,100,0,10000,1008,9.58,76,222,6.06,100,0,10000,1008,9.58,76,222,6.06,100,0,10000,1008,9.58,76,222,6.06,100,0,10000,1008,9.58,76,222,6.06,100,0,10000,1008,9.58,76,222,6.06,100,0,10000
1015,11.84,54,340,2.57,0,0,10000,11,0,9,10,1007,10.96,71,256,5.17,92,0,10000,1007,10.96,71,256,5.17,92,0,10000,1007,10.96,71,256,5.17,92,0,10000,1007,10.96,71,256,5.17,92,0,10000,1007,10.96,71,256,5.17,92,0,10000,1007,10.96,71,256,5.17,92,0,10000,1007,10.96,71,256,5.17,92,0,10000,1007,10.96,71,256,5.17,92,0,10000,1007,10.96,71,256,5.17,92,0,10000,1007,10.96,71,256,5.17,92,0,10000,1007,10.96,71,256,5.17,92,0,10000,1007,10.96,71,256,5.17,92,0,10000
1015,11.84,54,340,2.57,0,0,10000,14,0,9,10,1005,11.06,64,271,5.6,98,0,10000,1005,11.06,64,271,5.6,98,0,10000,1005,11.06,64,271,5.6,98,0,10000,1005,11.06,64,271,5.6,98,0,10000,1005,11.06,64,271,5.6,98,0,10000,1005,11.06,64,271,5.6,98,0,10000,1005,11.06,64,271,5.6,98,0,10000,1005,11.06,64,271,5.6,98,0,10000,1005,11.06,64,271,5.6,98,0,10000,1005,11.06,64,271,5.6,98,0,10000,1005,11.06,64,271,5.6,98,0,10000,1005,11.06,64,271,5.6,98,0,10000
1015,11.84,54,340,2.57,0,0,10000,17,0,9,10,1015,10.75,63,20,3.4,24,0,10000,1015,10.75,63,20,3.4,24,0,10000,1015,10.75,63,20,3.4,24,0,10000,1015,10.75,63,20,3.4,24,0,10000,1015,10.75,63,20,3.4,24,0,10000,1015,10.75,63,20,3.4,24,0,10000,1015,10.75,63,20,3.4,24,0,10000,1015,10.75,63,20,3.4,24,0,10000,1015,10.75,63,20,3.4,24,0,10000,1015,10.75,63,20,3.4,24,0,10000,1015,10.75,63,20,3.4,24,0,10000,1015,10.75,63,20,3.4,24,0,10000
1015,11.84,54,340,2.57,0,0,10000,20,0,9,10,1015,8.78,69,3,1.02,47,0,10000,1015,8.78,69,3,1.02,47,0,10000,1015,8.78,69,3,1.02,47,0,10000,1015,8.78,69,3,1.02,47,0,10000,1015,8.78,69,3,1.02,47,0,10000,1015,8.78,69,3,1.02,47,0,10000,1015,8.78,69,3,1.02,47,0,10000,1015,8.78,69,3,1.02,47,0,10000,1015,8.78,69,3,1.02,47,0,10000,1015,8.78,69,3,1.02,47,0,10000,1015,8.78,69,3,1.02,47,0,10000,1015,8.78,69,3,1.02,47,0,10000
1015,11.84,54,340,2.57,0,0,10000,23,0,9,10,1013,5.63,76,150,1.1,50,0,10000,1013,5.63,76,150,1.1,50,0,10000,1013,5.63,76,150,1.1,50,0,10000,1013,5.63,76,150,1.1,50,0,10000,1013,5.63,76,150,1.1,50,0,10000,1013,5.63,76,150,1.1,50,0,10000,1013,5.63,76,150,1.1,50,0,10000,1013,5.63,76,150,1.1,50,0,10000,1013,5.63,76,150,1.1,50,0,10000,1013,5.63,76,150,1.1,50,0,10000,1013,5.63,76,150,1.1,50,0,10000,1013,5.63,76,150,1.1,50,0,10000
1015,11.84,54,340,2.57,0,0,10000,2,0,10,10,1011,5.85,73,174,2.09,70,0,10000,1011,5.85,73,174,2.09,70,0,10000,1011,5.85,73,174,2.09,70,0,10000,1011,5.85,73,174,2.09,70,0,10000,1011,5.85,73,174,2.09,70,0,10000,1011,5.85,73,174,2.09,70,0,10000,1011,5.85,73,174,2.09,70,0,10000,1011,5.85,73,174,2.09,70,0,10000,1011,5.85,73,174,2.09,70,0,10000,1011,5.85,73,174,2.09,70,0,10000,1011,5.85,73,174,2.09,70,0,10000,1011,5.85,73,174,2.09,70,0,10000
1015,11.84,54,340,2.57,0,0,10000,5,0,10,10,1010,6.79,82,183,2.33,85,0,10000,1010,6.79,82,183,2.33,85,0,10000,1010,6.79,82,183,2.33,85,0,10000,1010,6.79,82,183,2.33,85,0,10000,1010,6.79,82,183,2.33,85,0,10000,1010,6.79,82,183,2.33,85,0,10000,1010,6.79,82,183,2.33,85,0,10000,1010,6.79,82,183,2.33,85,0,10000,1010,6.79,82,183,2.33,85,0,10000,1010,6.79,82,183,2.33,85,0,10000,1010,6.79,82,183,2.33,85,0,10000,1010,6.79,82,183,2.33,85,0,10000
1015,11.84,54,340,2.57,0,0,10000,8,0,10,10,1008,9.58,76,222,6.06,100,0,10000,1008,9.58,76,222,6.06,100,0,10000,1008,9.58,76,222,6.06,100,0,10000,1008,9.58,76,222,6.06,100,0,10000,1008,9.58,76,222,6.06,100,0,10000,1008,9.58,76,222,6.06,100,0,10000,1008,9.58,76,222,6.06,100,0,10000,1008,9.58,76,222,6.06,100,0,10000,1008,9.58,76,222,6.06,100,0,10000,1008,9.58,76,222,6.06,100,0,10000,1008,9.58,76,222,6.06,100,0,10000,1008,9.58,76,222,6.06,100,0,10000
1015,11.84,54,340,2.57,0,0,10000,11,0,10,10,1007,10.96,71,256,5.17,92,0,10000,1007,10.96,71,256,5.17,92,0,10000,1007,10.96,71,256,5.17,92,0,10000,1007,10.96,71,256,5.17,92,0,10000,1007,10.96,71,256,5.17,92,0,10000,1007,10.96,71,256,5.17,92,0,10000,1007,10.96,71,256,5.17,92,0,10000,1007,10.96,71,256,5.17,92,0,10000,1007,10.96,71,256,5.17,92,0,10000,1007,10.96,71,256,5.17,92,0,10000,1007,10.96,71,256,5.17,92,0,10000,1007,10.96,71,256,5.17,92,0,10000
1015,11.84,54,340,2.57,0,0,10000,14,0,10,10,1005,11.06,64,271,5.6,98,0,10000,1005,11.06,64,271,5.6,98,0,10000,1005,11.06,64,271,5.6,98,0,10000,1005,11.06,64,271,5.6,98,0,10000,1005,11.06,64,271,5.6,98,0,10000,1005,11.06,64,271,5.6,98,0,10000,1005,11.06,64,271,5.6,98,0,10000,1005,11.06,64,271,5.6,98,0,10000,1005,11.06,64,271,5.6,98,0,10000,1005,11.06,64,271,5.6,98,0,10000,1005,11.06,64,271,5.6,98,0,10000,1005,11.06,64,271,5.6,98,0,10000
1015,11.84,54,340,2.57,0,0,10000,17,0,10,10,1015,10.75,63,20,3.4,24,0,10000,1015,10.75,63,20,3.4,24,0,10000,1015,10.75,63,20,3.4,24,0,10000,1015,10.75,63,20,3.4,24,0,10000,1015,10.75,63,20,3.4,24,0,10000,1015,10.75,63,20,3.4,24,0,10000,1015,10.75,63,20,3.4,24,0,10000,1015,10.75,63,20,3.4,24,0,10000,1015,10.75,63,20,3.4,24,0,10000,1015,10.75,63,20,3.4,24,0,10000,1015,10.75,63,20,3.4,24,0,10000,1015,10.75,63,20,3.4,24,0,10000
1015,11.84,54,340,2.57,0,0,10000,20,0,10,10,1015,8.78,69,3,1.02,47,0,10000,1015,8.78,69,3,1.02,47,0,10000,1015,8.78,69,3,1.02,47,0,10000,1015,8.78,69,3,1.02,47,0,10000,1015,8.78,69,3,1.02,47,0,10000,1015,8.78,69,3,1.02,47,0,10000,1015,8.78,69,3,1.02,47,0,10000,1015,8.78,69,3,1.02,47,0,10000,1015,8.78,69,3,1.02,47,0,10000,1015,8.78,69,3,1.02,47,0,10000,1015,8.78,69,3,1.02,47,0,10000,1015,8.78,69,3,1.02,47,0,10000
1015,11.84,54,340,2.57,0,0,10000,23,0,10,10,1013,5.63,76,150,1.1,50,0,10000,1013,5.63,76,150,1.1,50,0,10000,1013,5.63,76,150,1.1,50,0,10000,1013,5.63,76,150,1.1,50,0,10000,1013,5.63,76,150,1.1,50,0,10000,1013,5.63,76,150,1.1,50,0,10000,1013,5.63,76,150,1.1,50,0,10000,1013,5.63,76,150,1.1,50,0,10000,1013,5.63,76,150,1.1,50,0,10000,1013,5.63,76,150,1.1,50,0,10000,1013,5.63,76,150,1.1,50,0,10000,1013,5.63,76,150,1.1,50,0,10000
1015,11.84,54,340,2.57,0,0,10000,2,0,11,10,1011,5.85,73,174,2.09,70,0,10000,1011,5.85,73,174,2.09,70,0,10000,1011,5.85,73,174,2.09,70,0,10000,1011,5.85,73,174,2.09,70,0,10000,1011,5.85,73,174,2.09,70,0,10000,1011,5.85,73,174,2.09,70,0,10000,1011,5.85,73,174,2.09,70,0,10000,1011,5.85,73,174,2.09,70,0,10000,1011,5.85,73,174,2.09,70,0,10000,1011,5.85,73,174,2.09,70,0,10000,1011,5.85,73,174,2.09,70,0,10000,1011,5.85,73,174,2.09,70,0,10000
1015,11.84,54,340,2.57,0,0,10000,5,0,11,10,1010,6.79,82,183,2.33,85,0,10000,1010,6.79,82,183,2.33,85,0,10000,1010,6.79,82,183,2.33,85,0,10000,1010,6.79,82,183,2.33,85,0,10000,1010,6.79,82,183,2.33,85,0,10000,1010,6.79,82,183,2.33,85,0,10000,1010,6.79,82,183,2.33,85,0,10000,1010,6.79,82,183,2.33,85,0,10000,1010,6.79,82,183,2.33,85,0,10000,1010,6.79,82,183,2.33,85,0,10000,1010,6.79,82,183,2.33,85,0,10000,1010,6.79,82,183,2.33,85,0,10000
1015,11.84,54,340,2.57,0,0,10000,8,0,11,10,1008,9.58,76,222,6.06,100,0,10000,1008,9.58,76,222,6.06,100,0,10000,1008,9.58,76,222,6.06,100,0,10000,1008,9.58,76,222,6.06,100,0,10000,1008,9.58,76,222,6.06,100,0,10000,1008,9.58,76,222,6.06,100,0,10000,1008,9.58,76,222,6.06,100,0,10000,1008,9.58,76,222,6.06,100,0,10000,1008,9.58,76,222,6.06,100,0,10000,1008,9.58,76,222,6.06,100,0,10000,1008,9.58,76,222,6.06,100,0,10000,1008,9.58,76,222,6.06,100,0,10000
1015,11.84,54,340,2.57,0,0,10000,11,0,11,10,1007,10.96,71,256,5.17,92,0,10000,1007,10.96,71,256,5.17,92,0,10000,1007,10.96,71,256,5.17,92,0,10000,1007,10.96,71,256,5.17,92,0,10000,1007,10.96,71,256,5.17,92,0,10000,1007,10.96,71,256,5.17,92,0,10000,1007,10.96,71,256,5.17,92,0,10000,1007,10.96,71,256,5.17,92,0,10000,1007,10.96,71,256,5.17,92,0,10000,1007,10.96,71,256,5.17,92,0,10000,1007,10.96,71,256,5.17,92,0,10000,1007,10.96,71,256,5.17,92,0,10000
1015,11.84,54,340,2.57,0,0,10000,14,0,11,10,1005,11.06,64,271,5.6,98,0,10000,1005,11.06,64,271,5.6,98,0,10000,1005,11.06,64,271,5.6,98,0,10000,1005,11.06,64,271,5.6,98,0,10000,1005,11.06,64,271,5.6,98,0,10000,1005,11.06,64,271,5.6,98,0,10000,1005,11.06,64,271,5.6,98,0,10000,1005,11.06,64,271,5.6,98,0,10000,1005,11.06,64,271,5.6,98,0,10000,1005,11.06,64,271,5.6,98,0,10000,1005,11.06,64,271,5.6,98,0,10000,1005,11.06,64,271,5.6,98,0,10000
1015,11.84,54,340,2.57,0,0,10000,17,0,11,10,1015,10.75,63,20,3.4,24,0,10000,1015,10.75,63,20,3.4,24,0,10000,1015,10.75,63,20,3.4,24,0,10000,1015,10.75,63,20,3.4,24,0,10000,1015,10.75,63,20,3.4,24,0,10000,1015,10.75,63,20,3.4,24,0,10000,1015,10.75,63,20,3.4,24,0,10000,1015,10.75,63,20,3.4,24,0,10000,1015,10.75,63,20,3.4,24,0,10000,1015,10.75,63,20,3.4,24,0,10000,1015,10.75,63,20,3.4,24,0,10000,1015,10.75,63,20,3.4,24,0,10000
1015,11.84,54,340,2.57,0,0,10000,20,0,11,10,1015,8.78,69,3,1.02,47,0,10000,1015,8.78,69,3,1.02,47,0,10000,1015,8.78,69,3,1.02,47,0,10000,1015,8.78,69,3,1.02,47,0,10000,1015,8.78,69,3,1.02,47,0,10000,1015,8.78,69,3,1.02,47,0,10000,1015,8.78,69,3,1.02,47,0,10000,1015,8.78,69,3,1.02,47,0,10000,1015,8.78,69,3,1.02,47,0,10000,1015,8.78,69,3,1.02,47,0,10000,1015,8.78,69,3,1.02,47,0,10000,1015,8.78,69,3,1.02,47,0,10000
1015,11.84,54,340,2.57,0,0,10000,23,0,11,10,1013,5.63,76,150,1.1,50,0,10000,1013,5.63,76,150,1.1,50,0,10000,1013,5.63,76,150,1.1,50,0,10000,1013,5.63,76,150,1.1,50,0,10000,1013,5.63,76,150,1.1,50,0,10000,1013,5.63,76,150,1.1,50,0,10000,1013,5.63,76,150,1.1,50,0,10000,1013,5.63,76,150,1.1,50,0,10000,1013,5.63,76,150,1.1,50,0,10000,1013,5.63,76,150,1.1,50,0,10000,1013,5.63,76,150,1.1,50,0,10000,1013,5.63,76,150,1.1,50,0,10000
1015,11.84,54,340,2.57,0,0,10000,2,0,12,10,1011,5.85,73,174,2.09,70,0,10000,1011,5.85,73,174,2.09,70,0,10000,1011,5.85,73,174,2.09,70,0,10000,1011,5.85,73,174,2.09,70,0,10000,1011,5.85,73,174,2.09,70,0,10000,1011,5.85,73,174,2.09,70,0,10000,1011,5.85,73,174,2.09,70,0,10000,1011,5.85,73,174,2.09,70,0,10000,1011,5.85,73,174,2.09,70,0,10000,1011,5.85,73,174,2.09,70,0,10000,1011,5.85,73,174,2.09,70,0,10000,1011,5.85,73,174,2.09,70,0,10000
1015,11.84,54,340,2.57,0,0,10000,5,0,12,10,1010,6.79,82,183,2.33,85,0,10000,1010,6.79,82,183,2.33,85,0,10000,1010,6.79,82,183,2.33,85,0,10000,1010,6.79,82,183,2.33,85,0,10000,1010,6.79,82,183,2.33,85,0,10000,1010,6.79,82,183,2.33,85,0,10000,1010,6.79,82,183,2.33,85,0,10000,1010,6.79,82,183,2.33,85,0,10000,1010,6.79,82,183,2.33,85,0,10000,1010,6.79,82,183,2.33,85,0,10000,1010,6.79,82,183,2.33,85,0,10000,1010,6.79,82,183,2.33,85,0,10000
1015,11.84,54,340,2.57,0,0,10000,8,0,12,10,1008,9.58,76,222,6.06,100,0,10000,1008,9.58,76,222,6.06,100,0,10000,1008,9.58,76,222,6.06,100,0,10000,1008,9.58,76,222,6.06,100,0,10000,1008,9.58,76,222,6.06,100,0,10000,1008,9.58,76,222,6.06,100,0,10000,1008,9.58,76,222,6.06,100,0,10000,1008,9.58,76,222,6.06,100,0,10000,1008,9.58,76,222,6.06,100,0,10000,1008,9.58,76,222,6.06,100,0,10000,1008,9.58,76,222,6.06,100,0,10000,1008,9.58,76,222,6.06,100,0,10000
1015,11.84,54,340,2.57,0,0,10000,11,0,12,10,1007,10.96,71,256,5.17,92,0,10000,1007,10.96,71,256,5.17,92,0,10000,1007,10.96,71,256,5.17,92,0,10000,1007,10.96,71,256,5.17,92,0,10000,1007,10.96,71,256,5.17,92,0,10000,1007,10.96,71,256,5.17,92,0,10000,1007,10.96,71,256,5.17,92,0,10000,1007,10.96,71,256,5.17,92,0,10000,1007,10.96,71,256,5.17,92,0,10000,1007,10.96,71,256,5.17,92,0,10000,1007,10.96,71,256,5.17,92,0,10000,1007,10.96,71,256,5.17,92,0,10000
1015,11.84,54,340,2.57,0,0,10000,14,0,12,10,1005,11.06,64,271,5.6,98,0,10000,1005,11.06,64,271,5.6,98,0,10000,1005,11.06,64,271,5.6,98,0,10000,1005,11.06,64,271,5.6,98,0,10000,1005,11.06,64,271,5.6,98,0,10000,1005,11.06,64,271,5.6,98,0,10000,1005,11.06,64,271,5.6,98,0,10000,1005,11.06,64,271,5.6,98,0,10000,1005,11.06,64,271,5.6,98,0,10000,1005,11.06,64,271,5.6,98,0,10000,1005,11.06,64,271,5.6,98,0,10000,1005,11.06,64,271,5.6,98,0,10000
1015,11.84,54,340,2.57,0,0,10000,17,0,12,10,1015,10.75,63,20,3.4,24,0,10000,1015,10.75,63,20,3.4,24,0,10000,1015,10.75,63,20,3.4,24,0,10000,1015,10.75,63,20,3.4,24,0,10000,1015,10.75,63,20,3.4,24,0,10000,1015,10.75,63,20,3.4,24,0,10000,1015,10.75,63,20,3.4,24,0,10000,1015,10.75,63,20,3.4,24,0,10000,1015,10.75,63,20,3.4,24,0,10000,1015,10.75,63,20,3.4,24,0,10000,1015,10.75,63,20,3.4,24,0,10000,1015,10.75,63,20,3.4,24,0,10000
1015,11.84,54,340,2.57,0,0,10000,20,0,12,10,1015,8.78,69,3,1.02,47,0,10000,1015,8.78,69,3,1.02,47,0,10000,1015,8.78,69,3,1.02,47,0,10000,1015,8.78,69,3,1.02,47,0,10000,1015,8.78,69,3,1.02,47,0,10000,1015,8.78,69,3,1.02,47,0,10000,1015,8.78,69,3,1.02,47,0,10000,1015,8.78,69,3,1.02,47,0,10000,1015,8.78,69,3,1.02,47,0,10000,1015,8.78,69,3,1.02,47,0,10000,1015,8.78,69,3,1.02,47,0,10000,1015,8.78,69,3,1.02,47,0,10000
1015,11.84,54,340,2.57,0,0,10000,23,0,12,10,1013,5.63,76,150,1.1,50,0,10000,1013,5.63,76,150,1.1,50,0,10000,1013,5.63,76,150,1.1,50,0,10000,1013,5.63,76,150,1.1,50,0,10000,1013,5.63,76,150,1.1,50,0,10000,1013,5.63,76,150,1.1,50,0,10000,1013,5.63,76,150,1.1,50,0,10000,1013,5.63,76,150,1.1,50,0,10000,1013,5.63,76,150,1.1,50,0,10000,1013,5.63,76,150,1.1,50,0,10000,1013,5.63,76,150,1.1,50,0,10000,1013,5.63,76,150,1.1,50,0,10000
1015,11.84,54,340,2.57,0,0,10000,2,0,13,10,1011,5.85,73,174,2.09,70,0,10000,1011,5.85,73,174,2.09,70,0,10000,1011,5.85,73,174,2.09,70,0,10000,1011,5.85,73,174,2.09,70,0,10000,1011,5.85,73,174,2.09,70,0,10000,1011,5.85,73,174,2.09,70,0,10000,1011,5.85,73,174,2.09,70,0,10000,1011,5.85,73,174,2.09,70,0,10000,1011,5.85,73,174,2.09,70,0,10000,1011,5.85,73,174,2.09,70,0,10000,1011,5.85,73,174,2.09,70,0,10000,1011,5.85,73,174,2.09,70,0,10000
1015,11.84,54,340,2.57,0,0,10000,5,0,13,10,1010,6.79,82,183,2.33,85,0,10000,1010,6.79,82,183,2.33,85,0,10000,1010,6.79,82,183,2.33,85,0,10000,1010,6.79,82,183,2.33,85,0,10000,1010,6.79,82,183,2.33,85,0,10000,1010,6.79,82,183,2.33,85,0,10000,1010,6.79,82,183,2.33,85,0,10000,1010,6.79,82,183,2.33,85,0,10000,1010,6.79,82,183,2.33,85,0,10000,1010,6.79,82,183,2.33,85,0,10000,1010,6.79,82,183,2.33,85,0,10000,1010,6.79,82,183,2.33,85,0,10000
1015,11.84,54,340,2.57,0,0,10000,8,0,13,10,1008,9.58,76,222,6.06,100,0,10000,1008,9.58,76,222,6.06,100,0,10000,1008,9.58,76,222,6.06,100,0,10000,1008,9.58,76,222,6.06,100,0,10000,1008,9.58,76,222,6.06,100,0,10000,1008,9.58,76,222,6.06,100,0,10000,1008,9.58,76,222,6.06,100,0,10000,1008,9.58,76,222,6.06,100,0,10000,1008,9.58,76,222,6.06,100,0,10000,1008,9.58,76,222,6.06,100,0,10000,1008,9.58,76,222,6.06,100,0,10000,1008,9.58,76,222,6.06,100,0,10000
1015,11.84,54,340,2.57,0,0,10000,11,0,13,10,1007,10.96,71,256,5.17,92,0,10000,1007,10.96,71,256,5.17,92,0,10000,1007,10.96,71,256,5.17,92,0,10000,1007,10.96,71,256,5.17,92,0,10000,1007,10.96,71,256,5.17,92,0,10000,1007,10.96,71,256,5.17,92,0,10000,1007,10.96,71,256,5.17,92,0,10000,1007,10.96,71,256,5.17,92,0,10000,1007,10.96,71,256,5.17,92,0,10000,1007,10.96,71,256,5.17,92,0,10000,1007,10.96,71,256,5.17,92,0,10000,1007,10.96,71,256,5.17,92,0,10000
1015,11.84,54,340,2.57,0,0,10000,14,0,13,10,1005,11.06,64,271,5.6,98,0,10000,1005,11.06,64,271,5.6,98,0,10000,1005,11.06,64,271,5.6,98,0,10000,1005,11.06,64,271,5.6,98,0,10000,1005,11.06,64,271,5.6,98,0,10000,1005,11.06,64,271,5.6,98,0,10000,1005,11.06,64,271,5.6,98,0,10000,1005,11.06,64,271,5.6,98,0,10000,1005,11.06,64,271,5.6,98,0,10000,1005,11.06,64,271,5.6,98,0,10000,1005,11.06,64,271,5.6,98,0,10000,1005,11.06,64,271,5.6,98,0,10000
1015,11.84,54,340,2.57,0,0,10000,17,0,13,10,1015,10.75,63,20,3.4,24,0,10000,1015,10.75,63,20,3.4,24,0,10000,1015,10.75,63,20,3.4,24,0,10000,1015,10.75,63,20,3.4,24,0,10000,1015,10.75,63,20,3.4,24,0,10000,1015,10.75,63,20,3.4,24,0,10000,1015,10.75,63,20,3.4,24,0,10000,1015,10.75,63,20,3.4,24,0,10000,1015,10.75,63,20,3.4,24,0,10000,1015,10.75,63,20,3.4,24,0,10000,1015,10.75,63,20,3.4,24,0,10000,1015,10.75,63,20,3.4,24,0,10000
1015,11.84,54,340,2.57,0,0,10000,20,0,13,10,1015,8.78,69,3,1.02,47,0,10000,1015,8.78,69,3,1.02,47,0,10000,1015,8.78,69,3,1.02,47,0,10000,1015,8.78,69,3,1.02,47,0,10000,1015,8.78,69,3,1.02,47,0,10000,1015,8.78,69,3,1.02,47,0,10000,1015,8.78,69,3,1.02,47,0,10000,1015,8.78,69,3,1.02,47,0,10000,1015,8.78,69,3,1.02,47,0,10000,1015,8.78,69,3,1.02,47,0,10000,1015,8.78,69,3,1.02,47,0,10000,1015,8.78,69,3,1.02,47,0,10000
1015,11.84,54,340,2.57,0,0,10000,23,0,13,10,1013,5.63,76,150,1.1,50,0,10000,1013,5.63,76,150,1.1,50,0,10000,1013,5.63,76,150,1.1,50,0,10000,1013,5.63,76,150,1.1,50,0,10000,1013,5.63,76,150,1.1,50,0,10000,1013,5.63,76,150,1.1,50,0,10000,1013,5.63,76,150,1.1,50,0,10000,1013,5.63,76,150,1.1,50,0,10000,1013,5.63,76,150,1.1,50,0,10000,1013,5.63,76,150,1.1,50,0,10000,1013,5.63,76,150,1.1,50,0,10000,1013,5.63,76,150,1.1,50,0,10000
1015,11.84,54,340,2.57,0,0,10000,2,0,14,10,1011,5.85,73,174,2.09,70,0,10000,1011,5.85,73,174,2.09,70,0,10000,1011,5.85,73,174,2.09,70,0,10000,1011,5.85,73,174,2.09,70,0,10000,1011,5.85,73,174,2.09,70,0,10000,1011,5.85,73,174,2.09,70,0,10000,1011,5.85,73,174,2.09,70,0,10000,1011,5.85,73,174,2.09,70,0,10000,1011,5.85,73,174,2.09,70,0,10000,1011,5.85,73,174,2.09,70,0,10000,1011,5.85,73,174,2.09,70,0,10000,1011,5.85,73,174,2.09,70,0,10000
1015,11.84,54,340,2.57,0,0,10000,5,0,14,10,1010,6.79,82,183,2.33,85,0,10000,1010,6.79,82,183,2.33,85,0,10000,1010,6.79,82,183,2.33,85,0,10000,1010,6.79,82,183,2.33,85,0,10000,1010,6.79,82,183,2.33,85,0,10000,1010,6.79,82,183,2.33,85,0,10000,1010,6.79,82,183,2.33,85,0,10000,1010,6.79,82,183,2.33,85,0,10000,1010,6.79,82,183,2.33,85,0,10000,1010,6.79,82,183,2.33,85,0,10000,1010,6.79,82,183,2.33,85,0,10000,1010,6.79,82,183,2.33,85,0,10000
1015,11.84,54,340,2.57,0,0,10000,8,0,14,10,1008,9.58,76,222,6.06,100,0,10000,1008,9.58,76,222,6.06,100,0,10000,1008,9.58,76,222,6.06,100,0,10000,1008,9.58,76,222,6.06,100,0,10000,1008,9.58,76,222,6.06,100,0,10000,1008,9.58,76,222,6.06,100,0,10000,1008,9.58,76,222,6.06,100,0,10000,1008,9.58,76,222,6.06,100,0,10000,1008,9.58,76,222,6.06,100,0,10000,1008,9.58,76,222,6.06,100,0,10000,1008,9.58,76,222,6.06,100,0,10000,1008,9.58,76,222,6.06,100,0,10000
1015,11.84,54,340,2.57,0,0,10000,11,0,14,10,1007,10.96,71,256,5.17,92,0,10000,1007,10.96,71,256,5.17,92,0,10000,1007,10.96,71,256,5.17,92,0,10000,1007,10.96,71,256,5.17,92,0,10000,1007,10.96,71,256,5.17,92,0,10000,1007,10.96,71,256,5.17,92,0,10000,1007,10.96,71,256,5.17,92,0,10000,1007,10.96,71,256,5.17,92,0,10000,1007,10.96,71,256,5.17,92,0,10000,1007,10.96,71,256,5.17,92,0,10000,1007,10.96,71,256,5.17,92,0,10000,1007,10.96,71,256,5.17,92,0,10000
1015,11.84,54,340,2.57,0,0,10000,14,0,14,10,1005,11.06,64,271,5.6,98,0,10000,1005,11.06,64,271,5.6,98,0,10000,1005,11.06,64,271,5.6,98,0,10000,1005,11.06,64,271,5.6,98,0,10000,1005,11.06,64,271,5.6,98,0,10000,1005,11.06,64,271,5.6,98,0,10000,1005,11.06,64,271,5.6,98,0,10000,1005,11.06,64,271,5.6,98,0,10000,1005,11.06,64,271,5.6,98,0,10000,1005,11.06,64,271,5.6,98,0,10000,1005,11.06,64,271,5.6,98,0,10000,1005,11.06,64,271,5.6,98,0,10000
1015,11.84,54,340,2.57,0,0,10000,17,0,14,10,1015,10.75,63,20,3.4,24,0,10000,1015,10.75,63,20,3.4,24,0,10000,1015,10.75,63,20,3.4,24,0,10000,1015,10.75,63,20,3.4,24,0,10000,1015,10.75,63,20,3.4,24,0,10000,1015,10.75,63,20,3.4,24,0,10000,1015,10.75,63,20,3.4,24,0,10000,1015,10.75,63,20,3.4,24,0,10000,1015,10.75,63,20,3.4,24,0,10000,1015,10.75,63,20,3.4,24,0,10000,1015,10.75,63,20,3.4,24,0,10000,1015,10.75,63,20,3.4,24,0,10000
1015,11.84,54,340,2.57,0,0,10000,20,0,14,10,1015,8.78,69,3,1.02,47,0,10000,1015,8.78,69,3,1.02,47,0,10000,1015,8.78,69,3,1.02,47,0,10000,1015,8.78,69,3,1.02,47,0,10000,1015,8.78,69,3,1.02,47,0,10000,1015,8.78,69,3,1.02,47,0,10000,1015,8.78,69,3,1.02,47,0,10000,1015,8.78,69,3,1.02,47,0,10000,1015,8.78,69,3,1.02,47,0,10000,1015,8.78,69,3,1.02,47,0,10000,1015,8.78,69,3,1.02,47,0,10000,1015,8.78,69,3,1.02,47,0,10000
1015,11.84,54,340,2.57,0,0,10000,23,0,14,10,1013,5.63,76,150,1.1,50,0,10000,1013,5.63,76,150,1.1,50,0,10000,1013,5.63,76,150,1.1,50,0,10000,1013,5.63,76,150,1.1,50,0,10000,1013,5.63,76,150,1.1,50,0,10000,1013,5.63,76,150,1.1,50,0,10000,1013,5.63,76,150,1.1,50,0,10000,1013,5.63,76,150,1.1,50,0,10000,1013,5.63,76,150,1.1,50,0,10000,1013,5.63,76,150,1.1,50,0,10000,1013,5.63,76,150,1.1,50,0,10000,1013,5.63,76,150,1.1,50,0,10000
1015,11.84,54,340,2.57,0,0,10000,2,0,15,10,1011,5.85,73,174,2.09,70,0,10000,1011,5.85,73,174,2.09,70,0,10000,1011,5.85,73,174,2.09,70,0,10000,1011,5.85,73,174,2.09,70,0,10000,1011,5.85,73,174,2.09,70,0,10000,1011,5.85,73,174,2.09,70,0,10000,1011,5.85,73,174,2.09,70,0,10000,1011,5.85,73,174,2.09,70,0,10000,1011,5.85,73,174,2.09,70,0,10000,1011,5.85,73,174,2.09,70,0,10000,1011,5.85,73,174,2.09,70,0,10000,1011,5.85,73,174,2.09,70,0,10000
1015,11.84,54,340,2.57,0,0,10000,5,0,15,10,1010,6.79,82,183,2.33,85,0,10000,1010,6.79,82,183,2.33,85,0,10000,1010,6.79,82,183,2.33,85,0,10000,1010,6.79,82,183,2.33,85,0,10000,1010,6.79,82,183,2.33,85,0,10000,1010,6.79,82,183,2.33,85,0,10000,1010,6.79,82,183,2.33,85,0,10000,1010,6.79,82,183,2.33,85,0,10000,1010,6.79,82,183,2.33,85,0,10000,1010,6.79,82,183,2.33,85,0,10000,1010,6.79,82,183,2.33,85,0,10000,1010,6.79,82,183,2.33,85,0,10000
1015,11.84,54,340,2.57,0,0,10000,8,0,15,10,1008,9.58,76,222,6.06,100,0,10000,1008,9.58,76,222,6.06,100,0,10000,1008,9.58,76,222,6.06,100,0,10000,1008,9.58,76,222,6.06,100,0,10000,1008,9.58,76,222,6.06,100,0,10000,1008,9.58,76,222,6.06,100,0,10000,1008,9.58,76,222,6.06,100,0,10000,1008,9.58,76,222,6.06,100,0,10000,1008,9.58,76,222,6.06,100,0,10000,1008,9.58,76,222,6.06,100,0,10000,1008,9.58,76,222,6.06,100,0,10000,1008,9.58,76,222,6.06,100,0,10000
1015,11.84,54,340,2.57,0,0,10000,11,0,15,10,1007,10.96,71,256,5.17,92,0,10000,1007,10.96,71,256,5.17,92,0,10000,1007,10.96,71,256,5.17,92,0,10000,1007,10.96,71,256,5.17,92,0,10000,1007,10.96,71,256,5.17,92,0,10000,1007,10.96,71,256,5.17,92,0,10000,1007,10.96,71,256,5.17,92,0,10000,1007,10.96,71,256,5.17,92,0,10000,1007,10.96,71,256,5.17,92,0,10000,1007,10.96,71,256,5.17,92,0,10000,1007,10.96,71,256,5.17,92,0,10000,1007,10.96,71,256,5.17,92,0,10000
1015,11.84,54,340,2.57,0,0,10000,14,0,15,10,1005,11.06,64,271,5.6,98,0,10000,1005,11.06,64,271,5.6,98,0,10000,1005,11.06,64,271,5.6,98,0,10000,1005,11.06,64,271,5.6,98,0,10000,1005,11.06,64,271,5.6,98,0,10000,1005,11.06,64,271,5.6,98,0,10000,1005,11.06,64,271,5.6,98,0,10000,1005,11.06,64,271,5.6,98,0,10000,1005,11.06,64,271,5.6,98,0,10000,1005,11.06,64,271,5.6,98,0,10000,1005,11.06,64,271,5.6,98,0,10000,1005,11.06,64,271,5.6,98,0,10000
1015,11.84,54,340,2.57,0,0,10000,17,0,15,10,1015,10.75,63,20,3.4,24,0,10000,1015,10.75,63,20,3.4,24,0,10000,1015,10.75,63,20,3.4,24,0,10000,1015,10.75,63,20,3.4,24,0,10000,1015,10.75,63,20,3.4,24,0,10000,1015,10.75,63,20,3.4,24,0,10000,1015,10.75,63,20,3.4,24,0,10000,1015,10.75,63,20,3.4,24,0,10000,1015,10.75,63,20,3.4,24,0,10000,1015,10.75,63,20,3.4,24,0,10000,1015,10.75,63,20,3.4,24,0,10000,1015,10.75,63,20,3.4,24,0,10000
1015,11.84,54,340,2.57,0,0,10000,20,0,15,10,1015,8.78,69,3,1.02,47,0,10000,1015,8.78,69,3,1.02,47,0,10000,1015,8.78,69,3,1.02,47,0,10000,1015,8.78,69,3,1.02,47,0,10000,1015,8.78,69,3,1.02,47,0,10000,1015,8.78,69,3,1.02,47,0,10000,1015,8.78,69,3,1.02,47,0,10000,1015,8.78,69,3,1.02,47,0,10000,1015,8.78,69,3,1.02,47,0,10000,1015,8.78,69,3,1.02,47,0,10000,1015,8.78,69,3,1.02,47,0,10000,1015,8.78,69,3,1.02,47,0,10000
1015,11.84,54,340,2.57,0,0,10000,23,0,15,10,1013,5.63,76,150,1.1,50,0,10000,1013,5.63,76,150,1.1,50,0,10000,1013,5.63,76,150,1.1,50,0,10000,1013,5.63,76,150,1.1,50,0,10000,1013,5.63,76,150,1.1,50,0,10000,1013,5.63,76,150,1.1,50,0,10000,1013,5.63,76,150,1.1,50,0,10000,1013,5.63,76,150,1.1,50,0,10000,1013,5.63,76,150,1.1,50,0,10000,1013,5.63,76,150,1.1,50,0,10000,1013,5.63,76,150,1.1,50,0,10000,1013,5.63,76,150,1.1,50,0,10000
1015,11.84,54,340,2.57,0,0,10000,2,0,16,10,1011,5.85,73,174,2.09,70,0,10000,1011,5.85,73,174,2.09,70,0,10000,1011,5.85,73,174,2.09,70,0,10000,1011,5.85,73,174,2.09,70,0,10000,1011,5.85,73,174,2.09,70,0,10000,1011,5.85,73,174,2.09,70,0,10000,1011,5.85,73,174,2.09,70,0,10000,1011,5.85,73,174,2.09,70,0,10000,1011,5.85,73,174,2.09,70,0,10000,1011,5.85,73,174,2.09,70,0,10000,1011,5.85,73,174,2.09,70,0,10000,1011,5.85,73,174,2.09,70,0,10000
1015,11.84,54,340,2.57,0,0,10000,5,0,16,10,1010,6.79,82,183,2.33,85,0,10000,1010,6.79,82,183,2.33,85,0,10000,1010,6.79,82,183,2.33,85,0,10000,1010,6.79,82,183,2.33,85,0,10000,1010,6.79,82,183,2.33,85,0,10000,1010,6.79,82,183,2.33,85,0,10000,1010,6.79,82,183,2.33,85,0,10000,1010,6.79,82,183,2.33,85,0,10000,1010,6.79,82,183,2.33,85,0,10000,1010,6.79,82,183,2.33,85,0,10000,1010,6.79,82,183,2.33,85,0,10000,1010,6.79,82,183,2.33,85,0,10000
1015,11.84,54,340,2.57,0,0,10000,8,0,16,10,1008,9.58,76,222,6.06,100,0,10000,1008,9.58,76,222,6.06,100,0,10000,1008,9.58,76,222,6.06,100,0,10000,1008,9.58,76,222,6.06,100,0,10000,1008,9.58,76,222,6.06,100,0,10000,1008,9.58,76,222,6.06,100,0,10000,1008,9.58,76,222,6.06,100,0,10000,1008,9.58,76,222,6.06,100,0,10000,1008,9.58,76,222,6.06,100,0,10000,1008,9.58,76,222,6.06,100,0,10000,1008,9.58,76,222,6.06,100,0,10000,1008,9.58,76,222,6.06,100,0,10000
1015,11.84,54,340,2.57,0,0,10000,11,0,16,10,1007,10.96,71,256,5.17,92,0,10000,1007,10.96,71,256,5.17,92,0,10000,1007,10.96,71,256,5.17,92,0,10000,1007,10.96,71,256,5.17,92,0,10000,1007,10.96,71,256,5.17,92,0,10000,1007,10.96,71,256,5.17,92,0,10000,1007,10.96,71,256,5.17,92,0,10000,1007,10.96,71,256,5.17,92,0,10000,1007,10.96,71,256,5.17,92,0,10000,1007,10.96,71,256,5.17,92,0,10000,1007,10.96,71,256,5.17,92,0,10000,1007,10.96,71,256,5.17,92,0,10000
1015,11.84,54,340,2.57,0,0,10000,14,0,16,10,1005,11.06,64,271,5.6,98,0,10000,1005,11.06,64,271,5.6,98,0,10000,1005,11.06,64,271,5.6,98,0,10000,1005,11.06,64,271,5.6,98,0,10000,1005,11.06,64,271,5.6,98,0,10000,1005,11.06,64,271,5.6,98,0,10000,1005,11.06,64,271,5.6,98,0,10000,1005,11.06,64,271,5.6,98,0,10000,1005,11.06,64,271,5.6,98,0,10000,1005,11.06,64,271,5.6,98,0,10000,1005,11.06,64,271,5.6,98,0,10000,1005,11.06,64,271,5.6,98,0,10000
1015,11.84,54,340,2.57,0,0,10000,17,0,16,10,1015,10.75,63,20,3.4,24,0,10000,1015,10.75,63,20,3.4,24,0,10000,1015,10.75,63,20,3.4,24,0,10000,1015,10.75,63,20,3.4,24,0,10000,1015,10.75,63,20,3.4,24,0,10000,1015,10.75,63,20,3.4,24,0,10000,1015,10.75,63,20,3.4,24,0,10000,1015,10.75,63,20,3.4,24,0,10000,1015,10.75,63,20,3.4,24,0,10000,1015,10.75,63,20,3.4,24,0,10000,1015,10.75,63,20,3.4,24,0,10000,1015,10.75,63,20,3.4,24,0,10000
1015,11.84,54,340,2.57,0,0,10000,20,0,16,10,1015,8.78,69,3,1.02,47,0,10000,1015,8.78,69,3,1.02,47,0,10000,1015,8.78,69,3,1.02,47,0,10000,1015,8.78,69,3,1.02,47,0,10000,1015,8.78,69,3,1.02,47,0,10000,1015,8.78,69,3,1.02,47,0,10000,1015,8.78,69,3,1.02,47,0,10000,1015,8.78,69,3,1.02,47,0,10000,1015,8.78,69,3,1.02,47,0,10000,1015,8.78,69,3,1.02,47,0,10000,1015,8.78,69,3,1.02,47,0,10000,1015,8.78,69,3,1.02,47,0,10000
1015,11.84,54,340,2.57,0,0,10000,23,0,16,10,1013,5.63,76,150,1.1,50,0,10000,1013,5.63,76,150,1.1,50,0,10000,1013,5.63,76,150,1.1,50,0,10000,1013,5.63,76,150,1.1,50,0,10000,1013,5.63,76,150,1.1,50,0,10000,1013,5.63,76,150,1.1,50,0,10000,1013,5.63,76,150,1.1,50,0,10000,1013,5.63,76,150,1.1,50,0,10000,1013,5.63,76,150,1.1,50,0,10000,1013,5.63,76,150,1.1,50,0,10000,1013,5.63,76,150,1.1,50,0,10000,1013,5.63,76,150,1.1,50,0,10000
1015,11.84,54,340,2.57,0,0,10000,2,0,17,10,1011,5.85,73,174,2.09,70,0,10000,1011,5.85,73,174,2.09,70,0,10000,1011,5.85,73,174,2.09,70,0,10000,1011,5.85,73,174,2.09,70,0,10000,1011,5.85,73,174,2.09,70,0,10000,1011,5.85,73,174,2.09,70,0,10000,1011,5.85,73,174,2.09,70,0,10000,1011,5.85,73,174,2.09,70,0,10000,1011,5.85,73,174,2.09,70,0,10000,1011,5.85,73,174,2.09,70,0,10000,1011,5.85,73,174,2.09,70,0,10000,1011,5.85,73,174,2.09,70,0,10000
1015,11.84,54,340,2.57,0,0,10000,5,0,17,10,1010,6.79,82,183,2.33,85,0,10000,1010,6.79,82,183,2.33,85,0,10000,1010,6.79,82,183,2.33,85,0,10000,1010,6.79,82,183,2.33,85,0,10000,1010,6.79,82,183,2.33,85,0,10000,1010,6.79,82,183,2.33,85,0,10000,1010,6.79,82,183,2.33,85,0,10000,1010,6.79,82,183,2.33,85,0,10000,1010,6.79,82,183,2.33,85,0,10000,1010,6.79,82,183,2.33,85,0,10000,1010,6.79,82,183,2.33,85,0,10000,1010,6.79,82,183,2.33,85,0,10000
1015,11.84,54,340,2.57,0,0,10000,8,0,17,10,1008,9.58,76,222,6.06,100,0,10000,1008,9.58,76,222,6.06,100,0,10000,1008,9.58,76,222,6.06,100,0,10000,1008,9.58,76,222,6.06,100,0,10000,1008,9.58,76,222,6.06,100,0,10000,1008,9.58,76,222,6.06,100,0,10000,1008,9.58,76,222,6.06,100,0,10000,1008,9.58,76,222,6.06,100,0,10000,1008,9.58,76,222,6.06,100,0,10000,1008,9.58,76,222,6.06,100,0,10000,1008,9.58,76,222,6.06,100,0,10000,1008,9.58,76,222,6.06,100,0,10000
1015,11.84,54,340,2.57,0,0,10000,11,0,17,10,1007,10.96,71,256,5.17,92,0,10000,1007,10.96,71,256,5.17,92,0,10000,1007,10.96,71,256,5.17,92,0,10000,1007,10.96,71,256,5.17,92,0,10000,1007,10.96,71,256,5.17,92,0,10000,1007,10.96,71,256,5.17,92,0,10000,1007,10.96,71,256,5.17,92,0,10000,1007,10.96,71,256,5.17,92,0,10000,1007,10.96,71,256,5.17,92,0,10000,1007,10.96,71,256,5.17,92,0,10000,1007,10.96,71,256,5.17,92,0,10000,1007,10.96,71,256,5.17,92,0,10000
1015,11.84,54,340,2.57,0,0,10000,14,0,17,10,1005,11.06,64,271,5.6,98,0,10000,1005,11.06,64,271,5.6,98,0,10000,1005,11.06,64,271,5.6,98,0,10000,1005,11.06,64,271,5.6,98,0,10000,1005,11.06,64,271,5.6,98,0,10000,1005,11.06,64,271,5.6,98,0,10000,1005,11.06,64,271,5.6,98,0,10000,1005,11.06,64,271,5.6,98,0,10000,1005,11.06,64,271,5.6,98,0,10000,1005,11.06,64,271,5.6,98,0,10000,1005,11.06,64,271,5.6,98,0,10000,1005,11.06,64,271,5.6,98,0,10000
1015,11.84,54,340,2.57,0,0,10000,17,0,17,10,1015,10.75,63,20,3.4,24,0,10000,1015,10.75,63,20,3.4,24,0,10000,1015,10.75,63,20,3.4,24,0,10000,1015,10.75,63,20,3.4,24,0,10000,1015,10.75,63,20,3.4,24,0,10000,1015,10.75,63,20,3.4,24,0,10000,1015,10.75,63,20,3.4,24,0,10000,1015,10.75,63,20,3.4,24,0,10000,1015,10.75,63,20,3.4,24,0,10000,1015,10.75,63,20,3.4,24,0,10000,1015,10.75,63,20,3.4,24,0,10000,1015,10.75,63,20,3.4,24,0,10000
1015,11.84,54,340,2.57,0,0,10000,20,0,17,10,1015,8.78,69,3,1.02,47,0,10000,1015,8.78,69,3,1.02,47,0,10000,1015,8.78,69,3,1.02,47,0,10000,1015,8.78,69,3,1.02,47,0,10000,1015,8.78,69,3,1.02,47,0,10000,1015,8.78,69,3,1.02,47,0,10000,1015,8.78,69,3,1.02,47,0,10000,1015,8.78,69,3,1.02,47,0,10000,1015,8.78,69,3,1.02,47,0,10000,1015,8.78,69,3,1.02,47,0,10000,1015,8.78,69,3,1.02,47,0,10000,1015,8.78,69,3,1.02,47,0,10000
1015,11.84,54,340,2.57,0,0,10000,23,0,17,10,1013,5.63,76,150,1.1,50,0,10000,1013,5.63,76,150,1.1,50,0,10000,1013,5.63,76,150,1.1,50,0,10000,1013,5.63,76,150,1.1,50,0,10000,1013,5.63,76,150,1.1,50,0,10000,1013,5.63,76,150,1.1,50,0,10000,1013,5.63,76,150,1.1,50,0,10000,1013,5.63,76,150,1.1,50,0,10000,1013,5.63,76,150,1.1,50,0,10000,1013,5.63,76,150,1.1,50,0,10000,1013,5.63,76,150,1.1,50,0,10000,1013,5.63,76,150,1.1,50,0,10000
1015,11.84,54,340,2.57,0,0,10000,2,0,18,10,1011,5.85,73,174,2.09,70,0,10000,1011,5.85,73,174,2.09,70,0,10000,1011,5.85,73,174,2.09,70,0,10000,1011,5.85,73,174,2.09,70,0,10000,1011,5.85,73,174,2.09,70,0,10000,1011,5.85,73,174,2.09,70,0,10000,1011,5.85,73,174,2.09,70,0,10000,1011,5.85,73,174,2.09,70,0,10000,1011,5.85,73,174,2.09,70,0,10000,1011,5.85,73,174,2.09,70,0,10000,1011,5.85,73,174,2.09,70,0,10000,1011,5.85,73,174,2.09,70,0,10000
1015,11.84,54,340,2.57,0,0,10000,5,0,18,10,1010,6.79,82,183,2.33,85,0,10000,1010,6.79,82,183,2.33,85,0,10000,1010,6.79,82,183,2.33,85,0,10000,1010,6.79,82,183,2.33,85,0,10000,1010,6.79,82,183,2.33,85,0,10000,1010,6.79,82,183,2.33,85,0,10000,1010,6.79,82,183,2.33,85,0,10000,1010,6.79,82,183,2.33,85,0,10000,1010,6.79,82,183,2.33,85,0,10000,1010,6.79,82,183,2.33,85,0,10000,1010,6.79,82,183,2.33,85,0,10000,1010,6.79,82,183,2.33,85,0,10000
1015,11.84,54,340,2.57,0,0,10000,8,0,18,10,1008,9.58,76,222,6.06,100,0,10000,1008,9.58,76,222,6.06,100,0,10000,1008,9.58,76,222,6.06,100,0,10000,1008,9.58,76,222,6.06,100,0,10000,1008,9.58,76,222,6.06,100,0,10000,1008,9.58,76,222,6.06,100,0,10000,1008,9.58,76,222,6.06,100,0,10000,1008,9.58,76,222,6.06,100,0,10000,1008,9.58,76,222,6.06,100,0,10000,1008,9.58,76,222,6.06,100,0,10000,1008,9.58,76,222,6.06,100,0,10000,1008,9.58,76,222,6.06,100,0,10000
1015,11.84,54,340,2.57,0,0,10000,11,0,18,10,1007,10.96,71,256,5.17,92,0,10000,1007,10.96,71,256,5.17,92,0,10000,1007,10.96,71,256,5.17,92,0,10000,1007,10.96,71,256,5.17,92,0,10000,1007,10.96,71,256,5.17,92,0,10000,1007,10.96,71,256,5.17,92,0,10000,1007,10.96,71,256,5.17,92,0,10000,1007,10.96,71,256,5.17,92,0,10000,1007,10.96,71,256,5.17,92,0,10000,1007,10.96,71,256,5.17,92,0,10000,1007,10.96,71,256,5.17,92,0,10000,1007,10.96,71,256,5.17,92,0,10000
1015,11.84,54,340,2.57,0,0,10000,14,0,18,10,1005,11.06,64,271,5.6,98,0,10000,1005,11.06,64,271,5.6,98,0,10000,1005,11.06,64,271,5.6,98,0,10000,1005,11.06,64,271,5.6,98,0,10000,1005,11.06,64,271,5.6,98,0,10000,1005,11.06,64,271,5.6,98,0,10000,1005,11.06,64,271,5.6,98,0,10000,1005,11.06,64,271,5.6,98,0,10000,1005,11.06,64,271,5.6,98,0,10000,1005,11.06,64,271,5.6,98,0,10000,1005,11.06,64,271,5.6,98,0,10000,1005,11.06,64,271,5.6,98,0,10000
1015,11.84,54,340,2.57,0,0,10000,17,0,18,10,1015,10.75,63,20,3.4,24,0,10000,1015,10.75,63,20,3.4,24,0,10000,1015,10.75,63,20,3.4,24,0,10000,1015,10.75,63,20,3.4,24,0,10000,1015,10.75,63,20,3.4,24,0,10000,1015,10.75,63,20,3.4,24,0,10000,1015,10.75,63,20,3.4,24,0,10000,1015,10.75,63,20,3.4,24,0,10000,1015,10.75,63,20,3.4,24,0,10000,1015,10.75,63,20,3.4,24,0,10000,1015,10.75,63,20,3.4,24,0,10000,1015,10.75,63,20,3.4,24,0,10000
1015,11.84,54,340,2.57,0,0,10000,20,0,18,10,1015,8.78,69,3,1.02,47,0,10000,1015,8.78,69,3,1.02,47,0,10000,1015,8.78,69,3,1.02,47,0,10000,1015,8.78,69,3,1.02,47,0,10000,1015,8.78,69,3,1.02,47,0,10000,1015,8.78,69,3,1.02,47,0,10000,1015,8.78,69,3,1.02,47,0,10000,1015,8.78,69,3,1.02,47,0,10000,1015,8.78,69,3,1.02,47,0,10000,1015,8.78,69,3,1.02,47,0,10000,1015,8.78,69,3,1.02,47,0,10000,1015,8.78,69,3,1.02,47,0,10000
1015,11.84,54,340,2.57,0,0,10000,23,0,18,10,1013,5.63,76,150,1.1,50,0,10000,1013,5.63,76,150,1.1,50,0,10000,1013,5.63,76,150,1.1,50,0,10000,1013,5.63,76,150,1.1,50,0,10000,1013,5.63,76,150,1.1,50,0,10000,1013,5.63,76,150,1.1,50,0,10000,1013,5.63,76,150,1.1,50,0,10000,1013,5.63,76,150,1.1,50,0,10000,1013,5.63,76,150,1.1,50,0,10000,1013,5.63,76,150,1.1,50,0,10000,1013,5.63,76,150,1.1,50,0,10000,1013,5.63,76,150,1.1,50,0,10000
1015,11.84,54,340,2.57,0,0,10000,2,0,19,10,1011,5.85,73,174,2.09,70,0,10000,1011,5.85,73,174,2.09,70,0,10000,1011,5.85,73,174,2.09,70,0,10000,1011,5.85,73,174,2.09,70,0,10000,1011,5.85,73,174,2.09,70,0,10000,1011,5.85,73,174,2.09,70,0,10000,1011,5.85,73,174,2.09,70,0,10000,1011,5.85,73,174,2.09,70,0,10000,1011,5.85,73,174,2.09,70,0,10000,1011,5.85,73,174,2.09,70,0,10000,1011,5.85,73,174,2.09,70,0,10000,1011,5.85,73,174,2.09,70,0,10000
1015,11.84,54,340,2.57,0,0,10000,5,0,19,10,1010,6.79,82,183,2.33,85,0,10000,1010,6.79,82,183,2.33,85,0,10000,1010,6.79,82,183,2.33,85,0,10000,1010,6.79,82,183,2.33,85,0,10000,1010,6.79,82,183,2.33,85,0,10000,1010,6.79,82,183,2.33,85,0,10000,1010,6.79,82,183,2.33,85,0,10000,1010,6.79,82,183,2.33,85,0,10000,1010,6.79,82,183,2.33,85,0,10000,1010,6.79,82,183,2.33,85,0,10000,1010,6.79,82,183,2.33,85,0,10000,1010,6.79,82,183,2.33,85,0,10000
1015,11.84,54,340,2.57,0,0,10000,8,0,19,10,1008,9.58,76,222,6.06,100,0,10000,1008,9.58,76,222,6.06,100,0,10000,1008,9.58,76,222,6.06,100,0,10000,1008,9.58,76,222,6.06,100,0,10000,1008,9.58,76,222,6.06,100,0,10000,1008,9.58,76,222,6.06,100,0,10000,1008,9.58,76,222,6.06,100,0,10000,1008,9.58,76,222,6.06,100,0,10000,1008,9.58,76,222,6.06,100,0,10000,1008,9.58,76,222,6.06,100,0,10000,1008,9.58,76,222,6.06,100,0,10000,1008,9.58,76,222,6.06,100,0,10000
1015,11.84,54,340,2.57,0,0,10000,11,0,19,10,1007,10.96,71,256,5.17,92,0,10000,1007,10.96,71,256,5.17,92,0,10000,1007,10.96,71,256,5.17,92,0,10000,1007,10.96,71,256,5.17,92,0,10000,1007,10.96,71,256,5.17,92,0,10000,1007,10.96,71,256,5.17,92,0,10000,1007,10.96,71,256,5.17,92,0,10000,1007,10.96,71,256,5.17,92,0,10000,1007,10.96,71,256,5.17,92,0,10000,1007,10.96,71,256,5.17,92,0,10000,1007,10.96,71,256,5.17,92,0,10000,1007,10.96,71,256,5.17,92,0,10000
1015,11.84,54,340,2.57,0,0,10000,14,0,19,10,1005,11.06,64,271,5.6,98,0,10000,1005,11.06,64,271,5.6,98,0,10000,1005,11.06,64,271,5.6,98,0,10000,1005,11.06,64,271,5.6,98,0,10000,1005,11.06,64,271,5.6,98,0,10000,1005,11.06,64,271,5.6,98,0,10000,1005,11.06,64,271,5.6,98,0,10000,1005,11.06,64,271,5.6,98,0,10000,1005,11.06,64,271,5.6,98,0,10000,1005,11.06,64,271,5.6,98,0,10000,1005,11.06,64,271,5.6,98,0,10000,1005,11.06,64,271,5.6,98,0,10000
1015,11.84,54,340,2.57,0,0,10000,17,0,19,10,1015,10.75,63,20,3.4,24,0,10000,1015,10.75,63,20,3.4,24,0,10000,1015,10.75,63,20,3.4,24,0,10000,1015,10.75,63,20,3.4,24,0,10000,1015,10.75,63,20,3.4,24,0,10000,1015,10.75,63,20,3.4,24,0,10000,1015,10.75,63,20,3.4,24,0,10000,1015,10.75,63,20,3.4,24,0,10000,1015,10.75,63,20,3.4,24,0,10000,1015,10.75,63,20,3.4,24,0,10000,1015,10.75,63,20,3.4,24,0,10000,1015,10.75,63,20,3.4,24,0,10000
1015,11.84,54,340,2.57,0,0,10000,20,0,19,10,1015,8.78,69,3,1.02,47,0,10000,1015,8.78,69,3,1.02,47,0,10000,1015,8.78,69,3,1.02,47,0,10000,1015,8.78,69,3,1.02,47,0,10000,1015,8.78,69,3,1.02,47,0,10000,1015,8.78,69,3,1.02,47,0,10000,1015,8.78,69,3,1.02,47,0,10000,1015,8.78,69,3,1.02,47,0,10000,1015,8.78,69,3,1.02,47,0,10000,1015,8.78,69,3,1.02,47,0,10000,1015,8.78,69,3,1.02,47,0,10000,1015,8.78,69,3,1.02,47,0,10000
1015,11.84,54,340,2.57,0,0,10000,23,0,19,10,1013,5.63,76,150,1.1,50,0,10000,1013,5.63,76,150,1.1,50,0,10000,1013,5.63,76,150,1.1,50,0,10000,1013,5.63,76,150,1.1,50,0,10000,1013,5.63,76,150,1.1,50,0,10000,1013,5.63,76,150,1.1,50,0,10000,1013,5.63,76,150,1.1,50,0,10000,1013,5.63,76,150,1.1,50,0,10000,1013,5.63,76,150,1.1,50,0,10000,1013,5.63,76,150,1.1,50,0,10000,1013,5.63,76,150,1.1,50,0,10000,1013,5.63,76,150,1.1,50,0,10000
1015,11.84,54,340,2.57,0,0,10000,2,0,20,10,1011,5.85,73,174,2.09,70,0,10000,1011,5.85,73,174,2.09,70,0,10000,1011,5.85,73,174,2.09,70,0,10000,1011,5.85,73,174,2.09,70,0,10000,1011,5.85,73,174,2.09,70,0,10000,1011,5.85,73,174,2.09,70,0,10000,1011,5.85,73,174,2.09,70,0,10000,1011,5.85,73,174,2.09,70,0,10000,1011,5.85,73,174,2.09,70,0,10000,1011,5.85,73,174,2.09,70,0,10000,1011,5.85,73,174,2.09,70,0,10000,1011,5.85,73,174,2.09,70,0,10000
1015,11.84,54,340,2.57,0,0,10000,5,0,20,10,1010,6.79,82,183,2.33,85,0,10000,1010,6.79,82,183,2.33,85,0,10000,1010,6.79,82,183,2.33,85,0,10000,1010,6.79,82,183,2.33,85,0,10000,1010,6.79,82,183,2.33,85,0,10000,1010,6.79,82,183,2.33,85,0,10000,1010,6.79,82,183,2.33,85,0,10000,1010,6.79,82,183,2.33,85,0,10000,1010,6.79,82,183,2.33,85,0,10000,1010,6.79,82,183,2.33,85,0,10000,1010,6.79,82,183,2.33,85,0,10000,1010,6.79,82,183,2.33,85,0,10000
1015,11.84,54,340,2.57,0,0,10000,8,0,20,10,1008,9.58,76,222,6.06,100,0,10000,1008,9.58,76,222,6.06,100,0,10000,1008,9.58,76,222,6.06,100,0,10000,1008,9.58,76,222,6.06,100,0,10000,1008,9.58,76,222,6.06,100,0,10000,1008,9.58,76,222,6.06,100,0,10000,1008,9.58,76,222,6.06,100,0,10000,1008,9.58,76,222,6.06,100,0,10000,1008,9.58,76,222,6.06,100,0,10000,1008,9.58,76,222,6.06,100,0,10000,1008,9.58,76,222,6.06,100,0,10000,1008,9.58,76,222,6.06,100,0,10000
1015,11.84,54,340,2.57,0,0,10000,11,0,20,10,1007,10.96,71,256,5.17,92,0,10000,1007,10.96,71,256,5.17,92,0,10000,1007,10.96,71,256,5.17,92,0,10000,1007,10.96,71,256,5.17,92,0,10000,1007,10.96,71,256,5.17,92,0,10000,1007,10.96,71,256,5.17,92,0,10000,1007,10.96,71,256,5.17,92,0,10000,1007,10.96,71,256,5.17,92,0,10000,1007,10.96,71,256,5.17,92,0,10000,1007,10.96,71,256,5.17,92,0,10000,1007,10.96,71,256,5.17,92,0,10000,1007,10.96,71,256,5.17,92,0,10000
1015,11.84,54,340,2.57,0,0,10000,14,0,20,10,1005,11.06,64,271,5.6,98,0,10000,1005,11.06,64,271,5.6,98,0,10000,1005,11.06,64,271,5.6,98,0,10000,1005,11.06,64,271,5.6,98,0,10000,1005,11.06,64,271,5.6,98,0,10000,1005,11.06,64,271,5.6,98,0,10000,1005,11.06,64,271,5.6,98,0,10000,1005,11.06,64,271,5.6,98,0,10000,1005,11.06,64,271,5.6,98,0,10000,1005,11.06,64,271,5.6,98,0,10000,1005,11.06,64,271,5.6,98,0,10000,1005,11.06,64,271,5.6,98,0,10000
1015,11.84,54,340,2.57,0,0,10000,17,0,20,10,1015,10.75,63,20,3.4,24,0,10000,1015,10.75,63,20,3.4,24,0,10000,1015,10.75,63,20,3.4,24,0,10000,1015,10.75,63,20,3.4,24,0,10000,1015,10.75,63,20,3.4,24,0,10000,1015,10.75,63,20,3.4,24,0,10000,1015,10.75,63,20,3.4,24,0,10000,1015,10.75,63,20,3.4,24,0,10000,1015,10.75,63,20,3.4,24,0,10000,1015,10.75,63,20,3.4,24,0,10000,1015,10.75,63,20,3.4,24,0,10000,1015,10.75,63,20,3.4,24,0,10000
1015,11.84,54,340,2.57,0,0,10000,20,0,20,10,1015,8.78,69,3,1.02,47,0,10000,1015,8.78,69,3,1.02,47,0,10000,1015,8.78,69,3,1.02,47,0,10000,1015,8.78,69,3,1.02,47,0,10000,1015,8.78,69,3,1.02,47,0,10000,1015,8.78,69,3,1.02,47,0,10000,1015,8.78,69,3,1.02,47,0,10000,1015,8.78,69,3,1.02,47,0,10000,1015,8.78,69,3,1.02,47,0,10000,1015,8.78,69,3,1.02,47,0,10000,1015,8.78,69,3,1.02,47,0,10000,1015,8.78,69,3,1.02,47,0,10000
1015,11.84,54,340,2.57,0,0,10000,23,0,20,10,1013,5.63,76,150,1.1,50,0,10000,1013,5.63,76,150,1.1,50,0,10000,1013,5.63,76,150,1.1,50,0,10000,1013,5.63,76,150,1.1,50,0,10000,1013,5.63,76,150,1.1,50,0,10000,1013,5.63,76,150,1.1,50,0,10000,1013,5.63,76,150,1.1,50,0,10000,1013,5.63,76,150,1.1,50,0,10000,1013,5.63,76,150,1.1,50,0,10000,1013,5.63,76,150,1.1,50,0,10000,1013,5.63,76,150,1.1,50,0,10000,1013,5.63,76,150,1.1,50,0,10000
1015,11.84,54,340,2.57,0,0,10000,2,0,21,10,1011,5.85,73,174,2.09,70,0,10000,1011,5.85,73,174,2.09,70,0,10000,1011,5.85,73,174,2.09,70,0,10000,1011,5.85,73,174,2.09,70,0,10000,1011,5.85,73,174,2.09,70,0,10000,1011,5.85,73,174,2.09,70,0,10000,1011,5.85,73,174,2.09,70,0,10000,1011,5.85,73,174,2.09,70,0,10000,1011,5.85,73,174,2.09,70,0,10000,1011,5.85,73,174,2.09,70,0,10000,1011,5.85,73,174,2.09,70,0,10000,1011,5.85,73,174,2.09,70,0,10000
1015,11.84,54,340,2.57,0,0,10000,5,0,21,10,1010,6.79,82,183,2.33,85,0,10000,1010,6.79,82,183,2.33,85,0,10000,1010,6.79,82,183,2.33,85,0,10000,1010,6.79,82,183,2.33,85,0,10000,1010,6.79,82,183,2.33,85,0,10000,1010,6.79,82,183,2.33,85,0,10000,1010,6.79,82,183,2.33,85,0,10000,1010,6.79,82,183,2.33,85,0,10000,1010,6.79,82,183,2.33,85,0,10000,1010,6.79,82,183,2.33,85,0,10000,1010,6.79,82,183,2.33,85,0,10000,1010,6.79,82,183,2.33,85,0,10000
1015,11.84,54,340,2.57,0,0,10000,8,0,21,10,1008,9.58,76,222,6.06,100,0,10000,1008,9.58,76,222,6.06,100,0,10000,1008,9.58,76,222,6.06,100,0,10000,1008,9.58,76,222,6.06,100,0,10000,1008,9.58,76,222,6.06,100,0,10000,1008,9.58,76,222,6.06,100,0,10000,1008,9.58,76,222,6.06,100,0,10000,1008,9.58,76,222,6.06,100,0,10000,1008,9.58,76,222,6.06,100,0,10000,1008,9.58,76,222,6.06,100,0,10000,1008,9.58,76,222,6.06,100,0,10000,1008,9.58,76,222,6.06,100,0,10000
1015,11.84,54,340,2.57,0,0,10000,11,0,21,10,1007,10.96,71,256,5.17,92,0,10000,1007,10.96,71,256,5.17,92,0,10000,1007,10.96,71,256,5.17,92,0,10000,1007,10.96,71,256,5.17,92,0,10000,1007,10.96,71,256,5.17,92,0,10000,1007,10.96,71,256,5.17,92,0,10000,1007,10.96,71,256,5.17,92,0,10000,1007,10.96,71,256,5.17,92,0,10000,1007,10.96,71,256,5.17,92,0,10000,1007,10.96,71,256,5.17,92,0,10000,1007,10.96,71,256,5.17,92,0,10000,1007,10.96,71,256,5.17,92,0,10000
1015,11.84,54,340,2.57,0,0,10000,14,0,21,10,1005,11.06,64,271,5.6,98,0,10000,1005,11.06,64,271,5.6,98,0,10000,1005,11.06,64,271,5.6,98,0,10000,1005,11.06,64,271,5.6,98,0,10000,1005,11.06,64,271,5.6,98,0,10000,1005,11.06,64,271,5.6,98,0,10000,1005,11.06,64,271,5.6,98,0,10000,1005,11.06,64,271,5.6,98,0,10000,1005,11.06,64,271,5.6,98,0,10000,1005,11.06,64,271,5.6,98,0,10000,1005,11.06,64,271,5.6,98,0,10000,1005,11.06,64,271,5.6,98,0,10000
1015,11.84,54,340,2.57,0,0,10000,17,0,21,10,1015,10.75,63,20,3.4,24,0,10000,1015,10.75,63,20,3.4,24,0,10000,1015,10.75,63,20,3.4,24,0,10000,1015,10.75,63,20,3.4,24,0,10000,1015,10.75,63,20,3.4,24,0,10000,1015,10.75,63,20,3.4,24,0,10000,1015,10.75,63,20,3.4,24,0,10000,1015,10.75,63,20,3.4,24,0,10000,1015,10.75,63,20,3.4,24,0,10000,1015,10.75,63,20,3.4,24,0,10000,1015,10.75,63,20,3.4,24,0,10000,1015,10.75,63,20,3.4,24,0,10000
1015,11.84,54,340,2.57,0,0,10000,20,0,21,10,1015,8.78,69,3,1.02,47,0,10000,1015,8.78,69,3,1.02,47,0,10000,1015,8.78,69,3,1.02,47,0,10000,1015,8.78,69,3,1.02,47,0,10000,1015,8.78,69,3,1.02,47,0,10000,1015,8.78,69,3,1.02,47,0,10000,1015,8.78,69,3,1.02,47,0,10000,1015,8.78,69,3,1.02,47,0,10000,1015,8.78,69,3,1.02,47,0,10000,1015,8.78,69,3,1.02,47,0,10000,1015,8.78,69,3,1.02,47,0,10000,1015,8.78,69,3,1.02,47,0,10000
1015,11.84,54,340,2.57,0,0,10000,23,0,21,10,1013,5.63,76,150,1.1,50,0,10000,1013,5.63,76,150,1.1,50,0,10000,1013,5.63,76,150,1.1,50,0,10000,1013,5.63,76,150,1.1,50,0,10000,1013,5.63,76,150,1.1,50,0,10000,1013,5.63,76,150,1.1,50,0,10000,1013,5.63,76,150,1.1,50,0,10000,1013,5.63,76,150,1.1,50,0,10000,1013,5.63,76,150,1.1,50,0,10000,1013,5.63,76,150,1.1,50,0,10000,1013,5.63,76,150,1.1,50,0,10000,1013,5.63,76,150,1.1,50,0,10000
1015,11.84,54,340,2.57,0,0,10000,2,0,22,10,1011,5.85,73,174,2.09,70,0,10000,1011,5.85,73,174,2.09,70,0,10000,1011,5.85,73,174,2.09,70,0,10000,1011,5.85,73,174,2.09,70,0,10000,1011,5.85,73,174,2.09,70,0,10000,1011,5.85,73,174,2.09,70,0,10000,1011,5.85,73,174,2.09,70,0,10000,1011,5.85,73,174,2.09,70,0,10000,1011,5.85,73,174,2.09,70,0,10000,1011,5.85,73,174,2.09,70,0,10000,1011,5.85,73,174,2.09,70,0,10000,1011,5.85,73,174,2.09,70,0,10000
1015,11.84,54,340,2.57,0,0,10000,5,0,22,10,1010,6.79,82,183,2.33,85,0,10000,1010,6.79,82,183,2.33,85,0,10000,1010,6.79,82,183,2.33,85,0,10000,1010,6.79,82,183,2.33,85,0,10000,1010,6.79,82,183,2.33,85,0,10000,1010,6.79,82,183,2.33,85,0,10000,1010,6.79,82,183,2.33,85,0,10000,1010,6.79,82,183,2.33,85,0,10000,1010,6.79,82,183,2.33,85,0,10000,1010,6.79,82,183,2.33,85,0,10000,1010,6.79,82,183,2.33,85,0,10000,1010,6.79,82,183,2.33,85,0,10000
1015,11.84,54,340,2.57,0,0,10000,8,0,22,10,1008,9.58,76,222,6.06,100,0,10000,1008,9.58,76,222,6.06,100,0,10000,1008,9.58,76,222,6.06,100,0,10000,1008,9.58,76,222,6.06,100,0,10000,1008,9.58,76,222,6.06,100,0,10000,1008,9.58,76,222,6.06,100,0,10000,1008,9.58,76,222,6.06,100,0,10000,1008,9.58,76,222,6.06,100,0,10000,1008,9.58,76,222,6.06,100,0,10000,1008,9.58,76,222,6.06,100,0,10000,1008,9.58,76,222,6.06,100,0,10000,1008,9.58,76,222,6.06,100,0,10000
1015,11.84,54,340,2.57,0,0,10000,11,0,22,10,1007,10.96,71,256,5.17,92,0,10000,1007,10.96,71,256,5.17,92,0,10000,1007,10.96,71,256,5.17,92,0,10000,1007,10.96,71,256,5.17,92,0,10000,1007,10.96,71,256,5.17,92,0,10000,1007,10.96,71,256,5.17,92,0,10000,1007,10.96,71,256,5.17,92,0,10000,1007,10.96,71,256,5.17,92,0,10000,1007,10.96,71,256,5.17,92,0,10000,1007,10.96,71,256,5.17,92,0,10000,1007,10.96,71,256,5.17,92,0,10000,1007,10.96,71,256,5.17,92,0,10000
1015,11.84,54,340,2.57,0,0,10000,14,0,22,10,1005,11.06,64,271,5.6,98,0,10000,1005,11.06,64,271,5.6,98,0,10000,1005,11.06,64,271,5.6,98,0,10000,1005,11.06,64,271,5.6,98,0,10000,1005,11.06,64,271,5.6,98,0,10000,1005,11.06,64,271,5.6,98,0,10000,1005,11.06,64,271,5.6,98,0,10000,1005,11.06,64,271,5.6,98,0,10000,1005,11.06,64,271,5.6,98,0,10000,1005,11.06,64,271,5.6,98,0,10000,1005,11.06,64,271,5.6,98,0,10000,1005,11.06,64,271,5.6,98,0,10000
1015,11.84,54,340,2.57,0,0,10000,17,0,22,10,1015,10.75,63,20,3.4,24,0,10000,1015,10.75,63,20,3.4,24,0,10000,1015,10.75,63,20,3.4,24,0,10000,1015,10.75,63,20,3.4,24,0,10000,1015,10.75,63,20,3.4,24,0,10000,1015,10.75,63,20,3.4,24,0,10000,1015,10.75,63,20,3.4,24,0,10000,1015,10.75,63,20,3.4,24,0,10000,1015,10.75,63,20,3.4,24,0,10000,1015,10.75,63,20,3.4,24,0,10000,1015,10.75,63,20,3.4,24,0,10000,1015,10.75,63,20,3.4,24,0,10000
1015,11.84,54,340,2.57,0,0,10000,20,0,22,10,1015,8.78,69,3,1.02,47,0,10000,1015,8.78,69,3,1.02,47,0,10000,1015,8.78,69,3,1.02,47,0,10000,1015,8.78,69,3,1.02,47,0,10000,1015,8.78,69,3,1.02,47,0,10000,1015,8.78,69,3,1.02,47,0,10000,1015,8.78,69,3,1.02,47,0,10000,1015,8.78,69,3,1.02,47,0,10000,1015,8.78,69,3,1.02,47,0,10000,1015,8.78,69,3,1.02,47,0,10000,1015,8.78,69,3,1.02,47,0,10000,1015,8.78,69,3,1.02,47,0,10000
1015,11.84,54,340,2.57,0,0,10000,23,0,22,10,1013,5.63,76,150,1.1,50,0,10000,1013,5.63,76,150,1.1,50,0,10000,1013,5.63,76,150,1.1,50,0,10000,1013,5.63,76,150,1.1,50,0,10000,1013,5.63,76,150,1.1,50,0,10000,1013,5.63,76,150,1.1,50,0,10000,1013,5.63,76,150,1.1,50,0,10000,1013,5.63,76,150,1.1,50,0,10000,1013,5.63,76,150,1.1,50,0,10000,1013,5.63,76,150,1.1,50,0,10000,1013,5.63,76,150,1.1,50,0,10000,1013,5.63,76,150,1.1,50,0,10000
1015,11.84,54,340,2.57,0,0,10000,2,0,23,10,1011,5.85,73,174,2.09,70,0,10000,1011,5.85,73,174,2.09,70,0,10000,1011,5.85,73,174,2.09,70,0,10000,1011,5.85,73,174,2.09,70,0,10000,1011,5.85,73,174,2.09,70,0,10000,1011,5.85,73,174,2.09,70,0,10000,1011,5.85,73,174,2.09,70,0,10000,1011,5.85,73,174,2.09,70,0,10000,1011,5.85,73,174,2.09,70,0,10000,1011,5.85,73,174,2.09,70,0,10000,1011,5.85,73,174,2.09,70,0,10000,1011,5.85,73,174,2.09,70,0,10000
1015,11.84,54,340,2.57,0,0,10000,5,0,23,10,1010,6.79,82,183,2.33,85,0,10000,1010,6.79,82,183,2.33,85,0,10000,1010,6.79,82,183,2.33,85,0,10000,1010,6.79,82,183,2.33,85,0,10000,1010,6.79,82,183,2.33,85,0,10000,1010,6.79,82,183,2.33,85,0,10000,1010,6.79,82,183,2.33,85,0,10000,1010,6.79,82,183,2.33,85,0,10000,1010,6.79,82,183,2.33,85,0,10000,1010,6.79,82,183,2.33,85,0,10000,1010,6.79,82,183,2.33,85,0,10000,1010,6.79,82,183,2.33,85,0,10000
1015,11.84,54,340,2.57,0,0,10000,8,0,23,10,1008,9.58,76,222,6.06,100,0,10000,1008,9.58,76,222,6.06,100,0,10000,1008,9.58,76,222,6.06,100,0,10000,1008,9.58,76,222,6.06,100,0,10000,1008,9.58,76,222,6.06,100,0,10000,1008,9.58,76,222,6.06,100,0,10000,1008,9.58,76,222,6.06,100,0,10000,1008,9.58,76,222,6.06,100,0,10000,1008,9.58,76,222,6.06,100,0,10000,1008,9.58,76,222,6.06,100,0,10000,1008,9.58,76,222,6.06,100,0,10000,1008,9.58,76,222,6.06,100,0,10000
1015,11.84,54,340,2.57,0,0,10000,11,0,23,10,1007,10.96,71,256,5.17,92,0,10000,1007,10.96,71,256,5.17,92,0,10000,1007,10.96,71,256,5.17,92,0,10000,1007,10.96,71,256,5.17,92,0,10000,1007,10.96,71,256,5.17,92,0,10000,1007,10.96,71,256,5.17,92,0,10000,1007,10.96,71,256,5.17,92,0,10000,1007,10.96,71,256,5.17,92,0,10000,1007,10.96,71,256,5.17,92,0,10000,1007,10.96,71,256,5.17,92,0,10000,1007,10.96,71,256,5.17,92,0,10000,1007,10.96,71,256,5.17,92,0,10000
1015,11.84,54,340,2.57,0,0,10000,14,0,23,10,1005,11.06,64,271,5.6,98,0,10000,1005,11.06,64,271,5.6,98,0,10000,1005,11.06,64,271,5.6,98,0,10000,1005,11.06,64,271,5.6,98,0,10000,1005,11.06,64,271,5.6,98,0,10000,1005,11.06,64,271,5.6,98,0,10000,1005,11.06,64,271,5.6,98,0,10000,1005,11.06,64,271,5.6,98,0,10000,1005,11.06,64,271,5.6,98,0,10000,1005,11.06,64,271,5.6,98,0,10000,1005,11.06,64,271,5.6,98,0,10000,1005,11.06,64,271,5.6,98,0,10000
1015,11.84,54,340,2.57,0,0,10000,17,0,23,10,1015,10.75,63,20,3.4,24,0,10000,1015,10.75,63,20,3.4,24,0,10000,1015,10.75,63,20,3.4,24,0,10000,1015,10.75,63,20,3.4,24,0,10000,1015,10.75,63,20,3.4,24,0,10000,1015,10.75,63,20,3.4,24,0,10000,1015,10.75,63,20,3.4,24,0,10000,1015,10.75,63,20,3.4,24,0,10000,1015,10.75,63,20,3.4,24,0,10000,1015,10.75,63,20,3.4,24,0,10000,1015,10.75,63,20,3.4,24,0,10000,1015,10.75,63,20,3.4,24,0,10000
1015,11.84,54,340,2.57,0,0,10000,20,0,23,10,1015,8.78,69,3,1.02,47,0,10000,1015,8.78,69,3,1.02,47,0,10000,1015,8.78,69,3,1.02,47,0,10000,1015,8.78,69,3,1.02,47,0,10000,1015,8.78,69,3,1.02,47,0,10000,1015,8.78,69,3,1.02,47,0,10000,1015,8.78,69,3,1.02,47,0,10000,1015,8.78,69,3,1.02,47,0,10000,1015,8.78,69,3,1.02,47,0,10000,1015,8.78,69,3,1.02,47,0,10000,1015,8.78,69,3,1.02,47,0,10000,1015,8.78,69,3,1.02,47,0,10000
1015,11.84,54,340,2.57,0,0,10000,23,0,23,10,1013,5.63,76,150,1.1,50,0,10000,1013,5.63,76,150,1.1,50,0,10000,1013,5.63,76,150,1.1,50,0,10000,1013,5.63,76,150,1.1,50,0,10000,1013,5.63,76,150,1.1,50,0,10000,1013,5.63,76,150,1.1,50,0,10000,1013,5.63,76,150,1.1,50,0,10000,1013,5.63,76,150,1.1,50,0,10000,1013,5.63,76,150,1.1,50,0,10000,1013,5.63,76,150,1.1,50,0,10000,1013,5.63,76,150,1.1,50,0,10000,1013,5.63,76,150,1.1,50,0,10000
1015,11.84,54,340,2.57,0,0,10000,2,0,24,10,1011,5.85,73,174,2.09,70,0,10000,1011,5.85,73,174,2.09,70,0,10000,1011,5.85,73,174,2.09,70,0,10000,1011,5.85,73,174,2.09,70,0,10000,1011,5.85,73,174,2.09,70,0,10000,1011,5.85,73,174,2.09,70,0,10000,1011,5.85,73,174,2.09,70,0,10000,1011,5.85,73,174,2.09,70,0,10000,1011,5.85,73,174,2.09,70,0,10000,1011,5.85,73,174,2.09,70,0,10000,1011,5.85,73,174,2.09,70,0,10000,1011,5.85,73,174,2.09,70,0,10000
1015,11.84,54,340,2.57,0,0,10000,5,0,24,10,1010,6.79,82,183,2.33,85,0,10000,1010,6.79,82,183,2.33,85,0,10000,1010,6.79,82,183,2.33,85,0,10000,1010,6.79,82,183,2.33,85,0,10000,1010,6.79,82,183,2.33,85,0,10000,1010,6.79,82,183,2.33,85,0,10000,1010,6.79,82,183,2.33,85,0,10000,1010,6.79,82,183,2.33,85,0,10000,1010,6.79,82,183,2.33,85,0,10000,1010,6.79,82,183,2.33,85,0,10000,1010,6.79,82,183,2.33,85,0,10000,1010,6.79,82,183,2.33,85,0,10000
1015,11.84,54,340,2.57,0,0,10000,8,0,24,10,1008,9.58,76,222,6.06,100,0,10000,1008,9.58,76,222,6.06,100,0,10000,1008,9.58,76,222,6.06,100,0,10000,1008,9.58,76,222,6.06,100,0,10000,1008,9.58,76,222,6.06,100,0,10000,1008,9.58,76,222,6.06,100,0,10000,1008,9.58,76,222,6.06,100,0,10000,1008,9.58,76,222,6.06,100,0,10000,1008,9.58,76,222,6.06,100,0,10000,1008,9.58,76,222,6.06,100,0,10000,1008,9.58,76,222,6.06,100,0,10000,1008,9.58,76,222,6.06,100,0,10000
1015,11.84,54,340,2.57,0,0,10000,11,0,24,10,1007,10.96,71,256,5.17,92,0,10000,1007,10.96,71,256,5.17,92,0,10000,1007,10.96,71,256,5.17,92,0,10000,1007,10.96,71,256,5.17,92,0,10000,1007,10.96,71,256,5.17,92,0,10000,1007,10.96,71,256,5.17,92,0,10000,1007,10.96,71,256,5.17,92,0,10000,1007,10.96,71,256,5.17,92,0,10000,1007,10.96,71,256,5.17,92,0,10000,1007,10.96,71,256,5.17,92,0,10000,1007,10.96,71,256,5.17,92,0,10000,1007,10.96,71,256,5.17,92,0,10000
1015,11.84,54,340,2.57,0,0,10000,14,0,24,10,1005,11.06,64,271,5.6,98,0,10000,1005,11.06,64,271,5.6,98,0,10000,1005,11.06,64,271,5.6,98,0,10000,1005,11.06,64,271,5.6,98,0,10000,1005,11.06,64,271,5.6,98,0,10000,1005,11.06,64,271,5.6,98,0,10000,1005,11.06,64,271,5.6,98,0,10000,1005,11.06,64,271,5.6,98,0,10000,1005,11.06,64,271,5.6,98,0,10000,1005,11.06,64,271,5.6,98,0,10000,1005,11.06,64,271,5.6,98,0,10000,1005,11.06,64,271,5.6,98,0,10000
1015,11.84,54,340,2.57,0,0,10000,17,0,24,10,1015,10.75,63,20,3.4,24,0,10000,1015,10.75,63,20,3.4,24,0,10000,1015,10.75,63,20,3.4,24,0,10000,1015,10.75,63,20,3.4,24,0,10000,1015,10.75,63,20,3.4,24,0,10000,1015,10.75,63,20,3.4,24,0,10000,1015,10.75,63,20,3.4,24,0,10000,1015,10.75,63,20,3.4,24,0,10000,1015,10.75,63,20,3.4,24,0,10000,1015,10.75,63,20,3.4,24,0,10000,1015,10.75,63,20,3.4,24,0,10000,1015,10.75,63,20,3.4,24,0,10000
1015,11.84,54,340,2.57,0,0,10000,20,0,24,10,1015,8.78,69,3,1.02,47,0,10000,1015,8.78,69,3,1.02,47,0,10000,1015,8.78,69,3,1.02,47,0,10000,1015,8.78,69,3,1.02,47,0,10000,1015,8.78,69,3,1.02,47,0,10000,1015,8.78,69,3,1.02,47,0,10000,1015,8.78,69,3,1.02,47,0,10000,1015,8.78,69,3,1.02,47,0,10000,1015,8.78,69,3,1.02,47,0,10000,1015,8.78,69,3,1.02,47,0,10000,1015,8.78,69,3,1.02,47,0,10000,1015,8.78,69,3,1.02,47,0,10000
1015,11.84,54,340,2.57,0,0,10000,23,0,24,10,1013,5.63,76,150,1.1,50,0,10000,1013,5.63,76,150,1.1,50,0,10000,1013,5.63,76,150,1.1,50,0,10000,1013,5.63,76,150,1.1,50,0,10000,1013,5.63,76,150,1.1,50,0,10000,1013,5.63,76,150,1.1,50,0,10000,1013,5.63,76,150,1.1,50,0,10000,1013,5.63,76,150,1.1,50,0,10000,1013,5.63,76,150,1.1,50,0,10000,1013,5.63,76,150,1.1,50,0,10000,1013,5.63,76,150,1.1,50,0,10000,1013,5.63,76,150,1.1,50,0,10000
1015,11.84,54,340,2.57,0,0,10000,2,0,25,10,1011,5.85,73,174,2.09,70,0,10000,1011,5.85,73,174,2.09,70,0,10000,1011,5.85,73,174,2.09,70,0,10000,1011,5.85,73,174,2.09,70,0,10000,1011,5.85,73,174,2.09,70,0,10000,1011,5.85,73,174,2.09,70,0,10000,1011,5.85,73,174,2.09,70,0,10000,1011,5.85,73,174,2.09,70,0,10000,1011,5.85,73,174,2.09,70,0,10000,1011,5.85,73,174,2.09,70,0,10000,1011,5.85,73,174,2.09,70,0,10000,1011,5.85,73,174,2.09,70,0,10000
1015,11.84,54,340,2.57,0,0,10000,5,0,25,10,1010,6.79,82,183,2.33,85,0,10000,1010,6.79,82,183,2.33,85,0,10000,1010,6.79,82,183,2.33,85,0,10000,1010,6.79,82,183,2.33,85,0,10000,1010,6.79,82,183,2.33,85,0,10000,1010,6.79,82,183,2.33,85,0,10000,1010,6.79,82,183,2.33,85,0,10000,1010,6.79,82,183,2.33,85,0,10000,1010,6.79,82,183,2.33,85,0,10000,1010,6.79,82,183,2.33,85,0,10000,1010,6.79,82,183,2.33,85,0,10000,1010,6.79,82,183,2.33,85,0,10000
1015,11.84,54,340,2.57,0,0,10000,8,0,25,10,1008,9.58,76,222,6.06,100,0,10000,1008,9.58,76,222,6.06,100,0,10000,1008,9.58,76,222,6.06,100,0,10000,1008,9.58,76,222,6.06,100,0,10000,1008,9.58,76,222,6.06,100,0,10000,1008,9.58,76,222,6.06,100,0,10000,1008,9.58,76,222,6.06,100,0,10000,1008,9.58,76,222,6.06,100,0,10000,1008,9.58,76,222,6.06,100,0,10000,1008,9.58,76,222,6.06,100,0,10000,1008,9.58,76,222,6.06,100,0,10000,1008,9.58,76,222,6.06,100,0,10000
1015,11.84,54,340,2.57,0,0,10000,11,0,25,10,1007,10.96,71,256,5.17,92,0,10000,1007,10.96,71,256,5.17,92,0,10000,1007,10.96,71,256,5.17,92,0,10000,1007,10.96,71,256,5.17,92,0,10000,1007,10.96,71,256,5.17,92,0,10000,1007,10.96,71,256,5.17,92,0,10000,1007,10.96,71,256,5.17,92,0,10000,1007,10.96,71,256,5.17,92,0,10000,1007,10.96,71,256,5.17,92,0,10000,1007,10.96,71,256,5.17,92,0,10000,1007,10.96,71,256,5.17,92,0,10000,1007,10.96,71,256,5.17,92,0,10000
1015,11.84,54,340,2.57,0,0,10000,14,0,25,10,1005,11.06,64,271,5.6,98,0,10000,1005,11.06,64,271,5.6,98,0,10000,1005,11.06,64,271,5.6,98,0,10000,1005,11.06,64,271,5.6,98,0,10000,1005,11.06,64,271,5.6,98,0,10000,1005,11.06,64,271,5.6,98,0,10000,1005,11.06,64,271,5.6,98,0,10000,1005,11.06,64,271,5.6,98,0,10000,1005,11.06,64,271,5.6,98,0,10000,1005,11.06,64,271,5.6,98,0,10000,1005,11.06,64,271,5.6,98,0,10000,1005,11.06,64,271,5.6,98,0,10000
1015,11.84,54,340,2.57,0,0,10000,17,0,25,10,1015,10.75,63,20,3.4,24,0,10000,1015,10.75,63,20,3.4,24,0,10000,1015,10.75,63,20,3.4,24,0,10000,1015,10.75,63,20,3.4,24,0,10000,1015,10.75,63,20,3.4,24,0,10000,1015,10.75,63,20,3.4,24,0,10000,1015,10.75,63,20,3.4,24,0,10000,1015,10.75,63,20,3.4,24,0,10000,1015,10.75,63,20,3.4,24,0,10000,1015,10.75,63,20,3.4,24,0,10000,1015,10.75,63,20,3.4,24,0,10000,1015,10.75,63,20,3.4,24,0,10000
1015,11.84,54,340,2.57,0,0,10000,20,0,25,10,1015,8.78,69,3,1.02,47,0,10000,1015,8.78,69,3,1.02,47,0,10000,1015,8.78,69,3,1.02,47,0,10000,1015,8.78,69,3,1.02,47,0,10000,1015,8.78,69,3,1.02,47,0,10000,1015,8.78,69,3,1.02,47,0,10000,1015,8.78,69,3,1.02,47,0,10000,1015,8.78,69,3,1.02,47,0,10000,1015,8.78,69,3,1.02,47,0,10000,1015,8.78,69,3,1.02,47,0,10000,1015,8.78,69,3,1.02,47,0,10000,1015,8.78,69,3,1.02,47,0,10000
1015,11.84,54,340,2.57,0,0,10000,23,0,25,10,1013,5.63,76,150,1.1,50,0,10000,1013,5.63,76,150,1.1,50,0,10000,1013,5.63,76,150,1.1,50,0,10000,1013,5.63,76,150,1.1,50,0,10000,1013,5.63,76,150,1.1,50,0,10000,1013,5.63,76,150,1.1,50,0,10000,1013,5.63,76,150,1.1,50,0,10000,1013,5.63,76,150,1.1,50,0,10000,1013,5.63,76,150,1.1,50,0,10000,1013,5.63,76,150,1.1,50,0,10000,1013,5.63,76,150,1.1,50,0,10000,1013,5.63,76,150,1.1,50,0,10000
1015,11.84,54,340,2.57,0,0,10000,2,0,26,10,1011,5.85,73,174,2.09,70,0,10000,1011,5.85,73,174,2.09,70,0,10000,1011,5.85,73,174,2.09,70,0,10000,1011,5.85,73,174,2.09,70,0,10000,1011,5.85,73,174,2.09,70,0,10000,1011,5.85,73,174,2.09,70,0,10000,1011,5.85,73,174,2.09,70,0,10000,1011,5.85,73,174,2.09,70,0,10000,1011,5.85,73,174,2.09,70,0,10000,1011,5.85,73,174,2.09,70,0,10000,1011,5.85,73,174,2.09,70,0,10000,1011,5.85,73,174,2.09,70,0,10000
1015,11.84,54,340,2.57,0,0,10000,5,0,26,10,1010,6.79,82,183,2.33,85,0,10000,1010,6.79,82,183,2.33,85,0,10000,1010,6.79,82,183,2.33,85,0,10000,1010,6.79,82,183,2.33,85,0,10000,1010,6.79,82,183,2.33,85,0,10000,1010,6.79,82,183,2.33,85,0,10000,1010,6.79,82,183,2.33,85,0,10000,1010,6.79,82,183,2.33,85,0,10000,1010,6.79,82,183,2.33,85,0,10000,1010,6.79,82,183,2.33,85,0,10000,1010,6.79,82,183,2.33,85,0,10000,1010,6.79,82,183,2.33,85,0,10000
1015,11.84,54,340,2.57,0,0,10000,8,0,26,10,1008,9.58,76,222,6.06,100,0,10000,1008,9.58,76,222,6.06,100,0,10000,1008,9.58,76,222,6.06,100,0,10000,1008,9.58,76,222,6.06,100,0,10000,1008,9.58,76,222,6.06,100,0,10000,1008,9.58,76,222,6.06,100,0,10000,1008,9.58,76,222,6.06,100,0,10000,1008,9.58,76,222,6.06,100,0,10000,1008,9.58,76,222,6.06,100,0,10000,1008,9.58,76,222,6.06,100,0,10000,1008,9.58,76,222,6.06,100,0,10000,1008,9.58,76,222,6.06,100,0,10000
1015,11.84,54,340,2.57,0,0,10000,11,0,26,10,1007,10.96,71,256,5.17,92,0,10000,1007,10.96,71,256,5.17,92,0,10000,1007,10.96,71,256,5.17,92,0,10000,1007,10.96,71,256,5.17,92,0,10000,1007,10.96,71,256,5.17,92,0,10000,1007,10.96,71,256,5.17,92,0,10000,1007,10.96,71,256,5.17,92,0,10000,1007,10.96,71,256,5.17,92,0,10000,1007,10.96,71,256,5.17,92,0,10000,1007,10.96,71,256,5.17,92,0,10000,1007,10.96,71,256,5.17,92,0,10000,1007,10.96,71,256,5.17,92,0,10000
1015,11.84,54,340,2.57,0,0,10000,14,0,26,10,1005,11.06,64,271,5.6,98,0,10000,1005,11.06,64,271,5.6,98,0,10000,1005,11.06,64,271,5.6,98,0,10000,1005,11.06,64,271,5.6,98,0,10000,1005,11.06,64,271,5.6,98,0,10000,1005,11.06,64,271,5.6,98,0,10000,1005,11.06,64,271,5.6,98,0,10000,1005,11.06,64,271,5.6,98,0,10000,1005,11.06,64,271,5.6,98,0,10000,1005,11.06,64,271,5.6,98,0,10000,1005,11.06,64,271,5.6,98,0,10000,1005,11.06,64,271,5.6,98,0,10000
1015,11.84,54,340,2.57,0,0,10000,17,0,26,10,1015,10.75,63,20,3.4,24,0,10000,1015,10.75,63,20,3.4,24,0,10000,1015,10.75,63,20,3.4,24,0,10000,1015,10.75,63,20,3.4,24,0,10000,1015,10.75,63,20,3.4,24,0,10000,1015,10.75,63,20,3.4,24,0,10000,1015,10.75,63,20,3.4,24,0,10000,1015,10.75,63,20,3.4,24,0,10000,1015,10.75,63,20,3.4,24,0,10000,1015,10.75,63,20,3.4,24,0,10000,1015,10.75,63,20,3.4,24,0,10000,1015,10.75,63,20,3.4,24,0,10000
1015,11.84,54,340,2.57,0,0,10000,20,0,26,10,1015,8.78,69,3,1.02,47,0,10000,1015,8.78,69,3,1.02,47,0,10000,1015,8.78,69,3,1.02,47,0,10000,1015,8.78,69,3,1.02,47,0,10000,1015,8.78,69,3,1.02,47,0,10000,1015,8.78,69,3,1.02,47,0,10000,1015,8.78,69,3,1.02,47,0,10000,1015,8.78,69,3,1.02,47,0,10000,1015,8.78,69,3,1.02,47,0,10000,1015,8.78,69,3,1.02,47,0,10000,1015,8.78,69,3,1.02,47,0,10000,1015,8.78,69,3,1.02,47,0,10000
1015,11.84,54,340,2.57,0,0,10000,23,0,26,10,1013,5.63,76,150,1.1,50,0,10000,1013,5.63,76,150,1.1,50,0,10000,1013,5.63,76,150,1.1,50,0,10000,1013,5.63,76,150,1.1,50,0,10000,1013,5.63,76,150,1.1,50,0,10000,1013,5.63,76,150,1.1,50,0,10000,1013,5.63,76,150,1.1,50,0,10000,1013,5.63,76,150,1.1,50,0,10000,1013,5.63,76,150,1.1,50,0,10000,1013,5.63,76,150,1.1,50,0,10000,1013,5.63,76,150,1.1,50,0,10000,1013,5.63,76,150,1.1,50,0,10000
1015,11.84,54,340,2.57,0,0,10000,2,0,27,10,1011,5.85,73,174,2.09,70,0,10000,1011,5.85,73,174,2.09,70,0,10000,1011,5.85,73,174,2.09,70,0,10000,1011,5.85,73,174,2.09,70,0,10000,1011,5.85,73,174,2.09,70,0,10000,1011,5.85,73,174,2.09,70,0,10000,1011,5.85,73,174,2.09,70,0,10000,1011,5.85,73,174,2.09,70,0,10000,1011,5.85,73,174,2.09,70,0,10000,1011,5.85,73,174,2.09,70,0,10000,1011,5.85,73,174,2.09,70,0,10000,1011,5.85,73,174,2.09,70,0,10000
1015,11.84,54,340,2.57,0,0,10000,5,0,27,10,1010,6.79,82,183,2.33,85,0,10000,1010,6.79,82,183,2.33,85,0,10000,1010,6.79,82,183,2.33,85,0,10000,1010,6.79,82,183,2.33,85,0,10000,1010,6.79,82,183,2.33,85,0,10000,1010,6.79,82,183,2.33,85,0,10000,1010,6.79,82,183,2.33,85,0,10000,1010,6.79,82,183,2.33,85,0,10000,1010,6.79,82,183,2.33,85,0,10000,1010,6.79,82,183,2.33,85,0,10000,1010,6.79,82,183,2.33,85,0,10000,1010,6.79,82,183,2.33,85,0,10000
1015,11.84,54,340,2.57,0,0,10000,8,0,27,10,1008,9.58,76,222,6.06,100,0,10000,1008,9.58,76,222,6.06,100,0,10000,1008,9.58,76,222,6.06,100,0,10000,1008,9.58,76,222,6.06,100,0,10000,1008,9.58,76,222,6.06,100,0,10000,1008,9.58,76,222,6.06,100,0,10000,1008,9.58,76,222,6.06,100,0,10000,1008,9.58,76,222,6.06,100,0,10000,1008,9.58,76,222,6.06,100,0,10000,1008,9.58,76,222,6.06,100,0,10000,1008,9.58,76,222,6.06,100,0,10000,1008,9.58,76,222,6.06,100,0,10000
1015,11.84,54,340,2.57,0,0,10000,11,0,27,10,1007,10.96,71,256,5.17,92,0,10000,1007,10.96,71,256,5.17,92,0,10000,1007,10.96,71,256,5.17,92,0,10000,1007,10.96,71,256,5.17,92,0,10000,1007,10.96,71,256,5.17,92,0,10000,1007,10.96,71,256,5.17,92,0,10000,1007,10.96,71,256,5.17,92,0,10000,1007,10.96,71,256,5.17,92,0,10000,1007,10.96,71,256,5.17,92,0,10000,1007,10.96,71,256,5.17,92,0,10000,1007,10.96,71,256,5.17,92,0,10000,1007,10.96,71,256,5.17,92,0,10000
1015,11.84,54,340,2.57,0,0,10000,14,0,27,10,1005,11.06,64,271,5.6,98,0,10000,1005,11.06,64,271,5.6,98,0,10000,1005,11.06,64,271,5.6,98,0,10000,1005,11.06,64,271,5.6,98,0,10000,1005,11.06,64,271,5.6,98,0,10000,1005,11.06,64,271,5.6,98,0,10000,1005,11.06,64,271,5.6,98,0,10000,1005,11.06,64,271,5.6,98,0,10000,1005,11.06,64,271,5.6,98,0,10000,1005,11.06,64,271,5.6,98,0,10000,1005,11.06,64,271,5.6,98,0,10000,1005,11.06,64,271,5.6,98,0,10000
1015,11.84,54,340,2.57,0,0,10000,17,0,27,10,1015,10.75,63,20,3.4,24,0,10000,1015,10.75,63,20,3.4,24,0,10000,1015,10.75,63,20,3.4,24,0,10000,1015,10.75,63,20,3.4,24,0,10000,1015,10.75,63,20,3.4,24,0,10000,1015,10.75,63,20,3.4,24,0,10000,1015,10.75,63,20,3.4,24,0,10000,1015,10.75,63,20,3.4,24,0,10000,1015,10.75,63,20,3.4,24,0,10000,1015,10.75,63,20,3.4,24,0,10000,1015,10.75,63,20,3.4,24,0,10000,1015,10.75,63,20,3.4,24,0,10000
1015,11.84,54,340,2.57,0,0,10000,20,0,27,10,1015,8.78,69,3,1.02,47,0,10000,1015,8.78,69,3,1.02,47,0,10000,1015,8.78,69,3,1.02,47,0,10000,1015,8.78,69,3,1.02,47,0,10000,1015,8.78,69,3,1.02,47,0,10000,1015,8.78,69,3,1.02,47,0,10000,1015,8.78,69,3,1.02,47,0,10000,1015,8.78,69,3,1.02,47,0,10000,1015,8.78,69,3,1.02,47,0,10000,1015,8.78,69,3,1.02,47,0,10000,1015,8.78,69,3,1.02,47,0,10000,1015,8.78,69,3,1.02,47,0,10000
1015,11.84,54,340,2.57,0,0,10000,23,0,27,10,1013,5.63,76,150,1.1,50,0,10000,1013,5.63,76,150,1.1,50,0,10000,1013,5.63,76,150,1.1,50,0,10000,1013,5.63,76,150,1.1,50,0,10000,1013,5.63,76,150,1.1,50,0,10000,1013,5.63,76,150,1.1,50,0,10000,1013,5.63,76,150,1.1,50,0,10000,1013,5.63,76,150,1.1,50,0,10000,1013,5.63,76,150,1.1,50,0,10000,1013,5.63,76,150,1.1,50,0,10000,1013,5.63,76,150,1.1,50,0,10000,1013,5.63,76,150,1.1,50,0,10000
1015,11.84,54,340,2.57,0,0,10000,2,0,28,10,1011,5.85,73,174,2.09,70,0,10000,1011,5.85,73,174,2.09,70,0,10000,1011,5.85,73,174,2.09,70,0,10000,1011,5.85,73,174,2.09,70,0,10000,1011,5.85,73,174,2.09,70,0,10000,1011,5.85,73,174,2.09,70,0,10000,1011,5.85,73,174,2.09,70,0,10000,1011,5.85,73,174,2.09,70,0,10000,1011,5.85,73,174,2.09,70,0,10000,1011,5.85,73,174,2.09,70,0,10000,1011,5.85,73,174,2.09,70,0,10000,1011,5.85,73,174,2.09,70,0,10000
1015,11.84,54,340,2.57,0,0,10000,5,0,28,10,1010,6.79,82,183,2.33,85,0,10000,1010,6.79,82,183,2.33,85,0,10000,1010,6.79,82,183,2.33,85,0,10000,1010,6.79,82,183,2.33,85,0,10000,1010,6.79,82,183,2.33,85,0,10000,1010,6.79,82,183,2.33,85,0,10000,1010,6.79,82,183,2.33,85,0,10000,1010,6.79,82,183,2.33,85,0,10000,1010,6.79,82,183,2.33,85,0,10000,1010,6.79,82,183,2.33,85,0,10000,1010,6.79,82,183,2.33,85,0,10000,1010,6.79,82,183,2.33,85,0,10000
1015,11.84,54,340,2.57,0,0,10000,8,0,28,10,1008,9.58,76,222,6.06,100,0,10000,1008,9.58,76,222,6.06,100,0,10000,1008,9.58,76,222,6.06,100,0,10000,1008,9.58,76,222,6.06,100,0,10000,1008,9.58,76,222,6.06,100,0,10000,1008,9.58,76,222,6.06,100,0,10000,1008,9.58,76,222,6.06,100,0,10000,1008,9.58,76,222,6.06,100,0,10000,1008,9.58,76,222,6.06,100,0,10000,1008,9.58,76,222,6.06,100,0,10000,1008,9.58,76,222,6.06,100,0,10000,1008,9.58,76,222,6.06,100,0,10000
1015,11.84,54,340,2.57,0,0,10000,11,0,28,10,1007,10.96,71,256,5.17,92,0,10000,1007,10.96,71,256,5.17,92,0,10000,1007,10.96,71,256,5.17,92,0,10000,1007,10.96,71,256,5.17,92,0,10000,1007,10.96,71,256,5.17,92,0,10000,1007,10.96,71,256,5.17,92,0,10000,1007,10.96,71,256,5.17,92,0,10000,1007,10.96,71,256,5.17,92,0,10000,1007,10.96,71,256,5.17,92,0,10000,1007,10.96,71,256,5.17,92,0,10000,1007,10.96,71,256,5.17,92,0,10000,1007,10.96,71,256,5.17,92,0,10000
1015,11.84,54,340,2.57,0,0,10000,14,0,28,10,1005,11.06,64,271,5.6,98,0,10000,1005,11.06,64,271,5.6,98,0,10000,1005,11.06,64,271,5.6,98,0,10000,1005,11.06,64,271,5.6,98,0,10000,1005,11.06,64,271,5.6,98,0,10000,1005,11.06,64,271,5.6,98,0,10000,1005,11.06,64,271,5.6,98,0,10000,1005,11.06,64,271,5.6,98,0,10000,1005,11.06,64,271,5.6,98,0,10000,1005,11.06,64,271,5.6,98,0,10000,1005,11.06,64,271,5.6,98,0,10000,1005,11.06,64,271,5.6,98,0,10000
1015,11.84,54,340,2.57,0,0,10000,17,0,28,10,1015,10.75,63,20,3.4,24,0,10000,1015,10.75,63,20,3.4,24,0,10000,1015,10.75,63,20,3.4,24,0,10000,1015,10.75,63,20,3.4,24,0,10000,1015,10.75,63,20,3.4,24,0,10000,1015,10.75,63,20,3.4,24,0,10000,1015,10.75,63,20,3.4,24,0,10000,1015,10.75,63,20,3.4,24,0,10000,1015,10.75,63,20,3.4,24,0,10000,1015,10.75,63,20,3.4,24,0,10000,1015,10.75,63,20,3.4,24,0,10000,1015,10.75,63,20,3.4,24,0,10000
1015,11.84,54,340,2.57,0,0,10000,20,0,28,10,1015,8.78,69,3,1.02,47,0,10000,1015,8.78,69,3,1.02,47,0,10000,1015,8.78,69,3,1.02,47,0,10000,1015,8.78,69,3,1.02,47,0,10000,1015,8.78,69,3,1.02,47,0,10000,1015,8.78,69,3,1.02,47,0,10000,1015,8.78,69,3,1.02,47,0,10000,1015,8.78,69,3,1.02,47,0,10000,1015,8.78,69,3,1.02,47,0,10000,1015,8.78,69,3,1.02,47,0,10000,1015,8.78,69,3,1.02,47,0,10000,1015,8.78,69,3,1.02,47,0,10000
1015,11.84,54,340,2.57,0,0,10000,23,0,28,10,1013,5.63,76,150,1.1,50,0,10000,1013,5.63,76,150,1.1,50,0,10000,1013,5.63,76,150,1.1,50,0,10000,1013,5.63,76,150,1.1,50,0,10000,1013,5.63,76,150,1.1,50,0,10000,1013,5.63,76,150,1.1,50,0,10000,1013,5.63,76,150,1.1,50,0,10000,1013,5.63,76,150,1.1,50,0,10000,1013,5.63,76,150,1.1,50,0,10000,1013,5.63,76,150,1.1,50,0,10000,1013,5.63,76,150,1.1,50,0,10000,1013,5.63,76,150,1.1,50,0,10000
1015,11.84,54,340,2.57,0,0,10000,2,0,29,10,1011,5.85,73,174,2.09,70,0,10000,1011,5.85,73,174,2.09,70,0,10000,1011,5.85,73,174,2.09,70,0,10000,1011,5.85,73,174,2.09,70,0,10000,1011,5.85,73,174,2.09,70,0,10000,1011,5.85,73,174,2.09,70,0,10000,1011,5.85,73,174,2.09,70,0,10000,1011,5.85,73,174,2.09,70,0,10000,1011,5.85,73,174,2.09,70,0,10000,1011,5.85,73,174,2.09,70,0,10000,1011,5.85,73,174,2.09,70,0,10000,1011,5.85,73,174,2.09,70,0,10000
1015,11.84,54,340,2.57,0,0,10000,5,0,29,10,1010,6.79,82,183,2.33,85,0,10000,1010,6.79,82,183,2.33,85,0,10000,1010,6.79,82,183,2.33,85,0,10000,1010,6.79,82,183,2.33,85,0,10000,1010,6.79,82,183,2.33,85,0,10000,1010,6.79,82,183,2.33,85,0,10000,1010,6.79,82,183,2.33,85,0,10000,1010,6.79,82,183,2.33,85,0,10000,1010,6.79,82,183,2.33,85,0,10000,1010,6.79,82,183,2.33,85,0,10000,1010,6.79,82,183,2.33,85,0,10000,1010,6.79,82,183,2.33,85,0,10000
1015,11.84,54,340,2.57,0,0,10000,8,0,29,10,1008,9.58,76,222,6.06,100,0,10000,1008,9.58,76,222,6.06,100,0,10000,1008,9.58,76,222,6.06,100,0,10000,1008,9.58,76,222,6.06,100,0,10000,1008,9.58,76,222,6.06,100,0,10000,1008,9.58,76,222,6.06,100,0,10000,1008,9.58,76,222,6.06,100,0,10000,1008,9.58,76,222,6.06,100,0,10000,1008,9.58,76,222,6.06,100,0,10000,1008,9.58,76,222,6.06,100,0,10000,1008,9.58,76,222,6.06,100,0,10000,1008,9.58,76,222,6.06,100,0,10000
1015,11.84,54,340,2.57,0,0,10000,11,0,29,10,1007,10.96,71,256,5.17,92,0,10000,1007,10.96,71,256,5.17,92,0,10000,1007,10.96,71,256,5.17,92,0,10000,1007,10.96,71,256,5.17,92,0,10000,1007,10.96,71,256,5.17,92,0,10000,1007,10.96,71,256,5.17,92,0,10000,1007,10.96,71,256,5.17,92,0,10000,1007,10.96,71,256,5.17,92,0,10000,1007,10.96,71,256,5.17,92,0,10000,1007,10.96,71,256,5.17,92,0,10000,1007,10.96,71,256,5.17,92,0,10000,1007,10.96,71,256,5.17,92,0,10000
1015,11.84,54,340,2.57,0,0,10000,14,0,29,10,1005,11.06,64,271,5.6,98,0,10000,1005,11.06,64,271,5.6,98,0,10000,1005,11.06,64,271,5.6,98,0,10000,1005,11.06,64,271,5.6,98,0,10000,1005,11.06,64,271,5.6,98,0,10000,1005,11.06,64,271,5.6,98,0,10000,1005,11.06,64,271,5.6,98,0,10000,1005,11.06,64,271,5.6,98,0,10000,1005,11.06,64,271,5.6,98,0,10000,1005,11.06,64,271,5.6,98,0,10000,1005,11.06,64,271,5.6,98,0,10000,1005,11.06,64,271,5.6,98,0,10000
1015,11.84,54,340,2.57,0,0,10000,17,0,29,10,1015,10.75,63,20,3.4,24,0,10000,1015,10.75,63,20,3.4,24,0,10000,1015,10.75,63,20,3.4,24,0,10000,1015,10.75,63,20,3.4,24,0,10000,1015,10.75,63,20,3.4,24,0,10000,1015,10.75,63,20,3.4,24,0,10000,1015,10.75,63,20,3.4,24,0,10000,1015,10.75,63,20,3.4,24,0,10000,1015,10.75,63,20,3.4,24,0,10000,1015,10.75,63,20,3.4,24,0,10000,1015,10.75,63,20,3.4,24,0,10000,1015,10.75,63,20,3.4,24,0,10000
1015,11.84,54,340,2.57,0,0,10000,20,0,29,10,1015,8.78,69,3,1.02,47,0,10000,1015,8.78,69,3,1.02,47,0,10000,1015,8.78,69,3,1.02,47,0,10000,1015,8.78,69,3,1.02,47,0,10000,1015,8.78,69,3,1.02,47,0,10000,1015,8.78,69,3,1.02,47,0,10000,1015,8.78,69,3,1.02,47,0,10000,1015,8.78,69,3,1.02,47,0,10000,1015,8.78,69,3,1.02,47,0,10000,1015,8.78,69,3,1.02,47,0,10000,1015,8.78,69,3,1.02,47,0,10000,1015,8.78,69,3,1.02,47,0,10000
1015,11.84,54,340,2.57,0,0,10000,23,0,29,10,1013,5.63,76,150,1.1,50,0,10000,1013,5.63,76,150,1.1,50,0,10000,1013,5.63,76,150,1.1,50,0,10000,1013,5.63,76,150,1.1,50,0,10000,1013,5.63,76,150,1.1,50,0,10000,1013,5.63,76,150,1.1,50,0,10000,1013,5.63,76,150,1.1,50,0,10000,1013,5.63,76,150,1.1,50,0,10000,1013,5.63,76,150,1.1,50,0,10000,1013,5.63,76,150,1.1,50,0,10000,1013,5.63,76,150,1.1,50,0,10000,1013,5.63,76,150,1.1,50,0,10000
1015,11.84,54,340,2.57,0,0,10000,2,0,30,10,1011,5.85,73,174,2.09,70,0,10000,1011,5.85,73,174,2.09,70,0,10000,1011,5.85,73,174,2.09,70,0,10000,1011,5.85,73,174,2.09,70,0,10000,1011,5.85,73,174,2.09,70,0,10000,1011,5.85,73,174,2.09,70,0,10000,1011,5.85,73,174,2.09,70,0,10000,1011,5.85,73,174,2.09,70,0,10000,1011,5.85,73,174,2.09,70,0,10000,1011,5.85,73,174,2.09,70,0,10000,1011,5.85,73,174,2.09,70,0,10000,1011,5.85,73,174,2.09,70,0,10000
1015,11.84,54,340,2.57,0,0,10000,5,0,30,10,1010,6.79,82,183,2.33,85,0,10000,1010,6.79,82,183,2.33,85,0,10000,1010,6.79,82,183,2.33,85,0,10000,1010,6.79,82,183,2.33,85,0,10000,1010,6.79,82,183,2.33,85,0,10000,1010,6.79,82,183,2.33,85,0,10000,1010,6.79,82,183,2.33,85,0,10000,1010,6.79,82,183,2.33,85,0,10000,1010,6.79,82,183,2.33,85,0,10000,1010,6.79,82,183,2.33,85,0,10000,1010,6.79,82,183,2.33,85,0,10000,1010,6.79,82,183,2.33,85,0,10000
1015,11.84,54,340,2.57,0,0,10000,8,0,30,10,1008,9.58,76,222,6.06,100,0,10000,1008,9.58,76,222,6.06,100,0,10000,1008,9.58,76,222,6.06,100,0,10000,1008,9.58,76,222,6.06,100,0,10000,1008,9.58,76,222,6.06,100,0,10000,1008,9.58,76,222,6.06,100,0,10000,1008,9.58,76,222,6.06,100,0,10000,1008,9.58,76,222,6.06,100,0,10000,1008,9.58,76,222,6.06,100,0,10000,1008,9.58,76,222,6.06,100,0,10000,1008,9.58,76,222,6.06,100,0,10000,1008,9.58,76,222,6.06,100,0,10000
1015,11.84,54,340,2.57,0,0,10000,11,0,30,10,1007,10.96,71,256,5.17,92,0,10000,1007,10.96,71,256,5.17,92,0,10000,1007,10.96,71,256,5.17,92,0,10000,1007,10.96,71,256,5.17,92,0,10000,1007,10.96,71,256,5.17,92,0,10000,1007,10.96,71,256,5.17,92,0,10000,1007,10.96,71,256,5.17,92,0,10000,1007,10.96,71,256,5.17,92,0,10000,1007,10.96,71,256,5.17,92,0,10000,1007,10.96,71,256,5.17,92,0,10000,1007,10.96,71,256,5.17,92,0,10000,1007,10.96,71,256,5.17,92,0,10000
1015,11.84,54,340,2.57,0,0,10000,14,0,30,10,1005,11.06,64,271,5.6,98,0,10000,1005,11.06,64,271,5.6,98,0,10000,1005,11.06,64,271,5.6,98,0,10000,1005,11.06,64,271,5.6,98,0,10000,1005,11.06,64,271,5.6,98,0,10000,1005,11.06,64,271,5.6,98,0,10000,1005,11.06,64,271,5.6,98,0,10000,1005,11.06,64,271,5.6,98,0,10000,1005,11.06,64,271,5.6,98,0,10000,1005,11.06,64,271,5.6,98,0,10000,1005,11.06,64,271,5.6,98,0,10000,1005,11.06,64,271,5.6,98,0,10000
1015,11.84,54,340,2.57,0,0,10000,17,0,30,10,1015,10.75,63,20,3.4,24,0,10000,1015,10.75,63,20,3.4,24,0,10000,1015,10.75,63,20,3.4,24,0,10000,1015,10.75,63,20,3.4,24,0,10000,1015,10.75,63,20,3.4,24,0,10000,1015,10.75,63,20,3.4,24,0,10000,1015,10.75,63,20,3.4,24,0,10000,1015,10.75,63,20,3.4,24,0,10000,1015,10.75,63,20,3.4,24,0,10000,1015,10.75,63,20,3.4,24,0,10000,1015,10.75,63,20,3.4,24,0,10000,1015,10.75,63,20,3.4,24,0,10000
1015,11.84,54,340,2.57,0,0,10000,20,0,30,10,1015,8.78,69,3,1.02,47,0,10000,1015,8.78,69,3,1.02,47,0,10000,1015,8.78,69,3,1.02,47,0,10000,1015,8.78,69,3,1.02,47,0,10000,1015,8.78,69,3,1.02,47,0,10000,1015,8.78,69,3,1.02,47,0,10000,1015,8.78,69,3,1.02,47,0,10000,1015,8.78,69,3,1.02,47,0,10000,1015,8.78,69,3,1.02,47,0,10000,1015,8.78,69,3,1.02,47,0,10000,1015,8.78,69,3,1.02,47,0,10000,1015,8.78,69,3,1.02,47,0,10000
1015,11.84,54,340,2.57,0,0,10000,23,0,30,10,1013,5.63,76,150,1.1,50,0,10000,1013,5.63,76,150,1.1,50,0,10000,1013,5.63,76,150,1.1,50,0,10000,1013,5.63,76,150,1.1,50,0,10000,1013,5.63,76,150,1.1,50,0,10000,1013,5.63,76,150,1.1,50,0,10000,1013,5.63,76,150,1.1,50,0,10000,1013,5.63,76,150,1.1,50,0,10000,1013,5.63,76,150,1.1,50,0,10000,1013,5.63,76,150,1.1,50,0,10000,1013,5.63,76,150,1.1,50,0,10000,1013,5.63,76,150,1.1,50,0,10000
1015,11.84,54,340,2.57,0,0,10000,2,0,31,10,1011,5.85,73,174,2.09,70,0,10000,1011,5.85,73,174,2.09,70,0,10000,1011,5.85,73,174,2.09,70,0,10000,1011,5.85,73,174,2.09,70,0,10000,1011,5.85,73,174,2.09,70,0,10000,1011,5.85,73,174,2.09,70,0,10000,1011,5.85,73,174,2.09,70,0,10000,1011,5.85,73,174,2.09,70,0,10000,1011,5.85,73,174,2.09,70,0,10000,1011,5.85,73,174,2.09,70,0,10000,1011,5.85,73,174,2.09,70,0,10000,1011,5.85,73,174,2.09,70,0,10000
1015,11.84,54,340,2.57,0,0,10000,5,0,31,10,1010,6.79,82,183,2.33,85,0,10000,1010,6.79,82,183,2.33,85,0,10000,1010,6.79,82,183,2.33,85,0,10000,1010,6.79,82,183,2.33,85,0,10000,1010,6.79,82,183,2.33,85,0,10000,1010,6.79,82,183,2.33,85,0,10000,1010,6.79,82,183,2.33,85,0,10000,1010,6.79,82,183,2.33,85,0,10000,1010,6.79,82,183,2.33,85,0,10000,1010,6.79,82,183,2.33,85,0,10000,1010,6.79,82,183,2.33,85,0,10000,1010,6.79,82,183,2.33,85,0,10000
1015,11.84,54,340,2.57,0,0,10000,8,0,31,10,1008,9.58,76,222,6.06,100,0,10000,1008,9.58,76,222,6.06,100,0,10000,1008,9.58,76,222,6.06,100,0,10000,1008,9.58,76,222,6.06,100,0,10000,1008,9.58,76,222,6.06,100,0,10000,1008,9.58,76,222,6.06,100,0,10000,1008,9.58,76,222,6.06,100,0,10000,1008,9.58,76,222,6.06,100,0,10000,1008,9.58,76,222,6.06,100,0,10000,1008,9.58,76,222,6.06,100,0,10000,1008,9.58,76,222,6.06,100,0,10000,1008,9.58,76,222,6.06,100,0,10000
1015,11.84,54,340,2.57,0,0,10000,11,0,31,10,1007,10.96,71,256,5.17,92,0,10000,1007,10.96,71,256,5.17,92,0,10000,1007,10.96,71,256,5.17,92,0,10000,1007,10.96,71,256,5.17,92,0,10000,1007,10.96,71,256,5.17,92,0,10000,1007,10.96,71,256,5.17,92,0,10000,1007,10.96,71,256,5.17,92,0,10000,1007,10.96,71,256,5.17,92,0,10000,1007,10.96,71,256,5.17,92,0,10000,1007,10.96,71,256,5.17,92,0,10000,1007,10.96,71,256,5.17,92,0,10000,1007,10.96,71,256,5.17,92,0,10000
1015,11.84,54,340,2.57,0,0,10000,14,0,31,10,1005,11.06,64,271,5.6,98,0,10000,1005,11.06,64,271,5.6,98,0,10000,1005,11.06,64,271,5.6,98,0,10000,1005,11.06,64,271,5.6,98,0,10000,1005,11.06,64,271,5.6,98,0,10000,1005,11.06,64,271,5.6,98,0,10000,1005,11.06,64,271,5.6,98,0,10000,1005,11.06,64,271,5.6,98,0,10000,1005,11.06,64,271,5.6,98,0,10000,1005,11.06,64,271,5.6,98,0,10000,1005,11.06,64,271,5.6,98,0,10000,1005,11.06,64,271,5.6,98,0,10000
1015,11.84,54,340,2.57,0,0,10000,17,0,31,10,1015,10.75,63,20,3.4,24,0,10000,1015,10.75,63,20,3.4,24,0,10000,1015,10.75,63,20,3.4,24,0,10000,1015,10.75,63,20,3.4,24,0,10000,1015,10.75,63,20,3.4,24,0,10000,1015,10.75,63,20,3.4,24,0,10000,1015,10.75,63,20,3.4,24,0,10000,1015,10.75,63,20,3.4,24,0,10000,1015,10.75,63,20,3.4,24,0,10000,1015,10.75,63,20,3.4,24,0,10000,1015,10.75,63,20,3.4,24,0,10000,1015,10.75,63,20,3.4,24,0,10000
1015,11.84,54,340,2.57,0,0,10000,20,0,31,10,1015,8.78,69,3,1.02,47,0,10000,1015,8.78,69,3,1.02,47,0,10000,1015,8.78,69,3,1.02,47,0,10000,1015,8.78,69,3,1.02,47,0,10000,1015,8.78,69,3,1.02,47,0,10000,1015,8.78,69,3,1.02,47,0,10000,1015,8.78,69,3,1.02,47,0,10000,1015,8.78,69,3,1.02,47,0,10000,1015,8.78,69,3,1.02,47,0,10000,1015,8.78,69,3,1.02,47,0,10000,1015,8.78,69,3,1.02,47,0,10000,1015,8.78,69,3,1.02,47,0,10000
1015,11.84,54,340,2.57,0,0,10000,23,0,31,10,1013,5.63,76,150,1.1,50,0,10000,1013,5.63,76,150,1.1,50,0,10000,1013,5.63,76,150,1.1,50,0,10000,1013,5.63,76,150,1.1,50,0,10000,1013,5.63,76,150,1.1,50,0,10000,1013,5.63,76,150,1.1,50,0,10000,1013,5.63,76,150,1.1,50,0,10000,1013,5.63,76,150,1.1,50,0,10000,1013,5.63,76,150,1.1,50,0,10000,1013,5.63,76,150,1.1,50,0,10000,1013,5.63,76,150,1.1,50,0,10000,1013,5.63,76,150,1.1,50,0,10000
1015,11.84,54,340,2.57,0,0,10000,2,0,1,11,1011,5.85,73,174,2.09,70,0,10000,1011,5.85,73,174,2.09,70,0,10000,1011,5.85,73,174,2.09,70,0,10000,1011,5.85,73,174,2.09,70,0,10000,1011,5.85,73,174,2.09,70,0,10000,1011,5.85,73,174,2.09,70,0,10000,1011,5.85,73,174,2.09,70,0,10000,1011,5.85,73,174,2.09,70,0,10000,1011,5.85,73,174,2.09,70,0,10000,1011,5.85,73,174,2.09,70,0,10000,1011,5.85,73,174,2.09,70,0,10000,1011,5.85,73,174,2.09,70,0,10000
1015,11.84,54,340,2.57,0,0,10000,5,0,1,11,1010,6.79,82,183,2.33,85,0,10000,1010,6.79,82,183,2.33,85,0,10000,1010,6.79,82,183,2.33,85,0,10000,1010,6.79,82,183,2.33,85,0,10000,1010,6.79,82,183,2.33,85,0,10000,1010,6.79,82,183,2.33,85,0,10000,1010,6.79,82,183,2.33,85,0,10000,1010,6.79,82,183,2.33,85,0,10000,1010,6.79,82,183,2.33,85,0,10000,1010,6.79,82,183,2.33,85,0,10000,1010,6.79,82,183,2.33,85,0,10000,1010,6.79,82,183,2.33,85,0,10000
1015,11.84,54,340,2.57,0,0,10000,8,0,1,11,1008,9.58,76,222,6.06,100,0,10000,1008,9.58,76,222,6.06,100,0,10000,1008,9.58,76,222,6.06,100,0,10000,1008,9.58,76,222,6.06,100,0,10000,1008,9.58,76,222,6.06,100,0,10000,1008,9.58,76,222,6.06,100,0,10000,1008,9.58,76,222,6.06,100,0,10000,1008,9.58,76,222,6.06,100,0,10000,1008,9.58,76,222,6.06,100,0,10000,1008,9.58,76,222,6.06,100,0,10000,1008,9.58,76,222,6.06,100,0,10000,1008,9.58,76,222,6.06,100,0,10000
1015,11.84,54,340,2.57,0,0,10000,11,0,1,11,1007,10.96,71,256,5.17,92,0,10000,1007,10.96,71,256,5.17,92,0,10000,1007,10.96,71,256,5.17,92,0,10000,1007,10.96,71,256,5.17,92,0,10000,1007,10.96,71,256,5.17,92,0,10000,1007,10.96,71,256,5.17,92,0,10000,1007,10.96,71,256,5.17,92,0,10000,1007,10.96,71,256,5.17,92,0,10000,1007,10.96,71,256,5.17,92,0,10000,1007,10.96,71,256,5.17,92,0,10000,1007,10.96,71,256,5.17,92,0,10000,1007,10.96,71,256,5.17,92,0,10000
1015,11.84,54,340,2.57,0,0,10000,14,0,1,11,1005,11.06,64,271,5.6,98,0,10000,1005,11.06,64,271,5.6,98,0,10000,1005,11.06,64,271,5.6,98,0,10000,1005,11.06,64,271,5.6,98,0,10000,1005,11.06,64,271,5.6,98,0,10000,1005,11.06,64,271,5.6,98,0,10000,1005,11.06,64,271,5.6,98,0,10000,1005,11.06,64,271,5.6,98,0,10000,1005,11.06,64,271,5.6,98,0,10000,1005,11.06,64,271,5.6,98,0,10000,1005,11.06,64,271,5.6,98,0,10000,1005,11.06,64,271,5.6,98,0,10000
1015,11.84,54,340,2.57,0,0,10000,17,0,1,11,1015,10.75,63,20,3.4,24,0,10000,1015,10.75,63,20,3.4,24,0,10000,1015,10.75,63,20,3.4,24,0,10000,1015,10.75,63,20,3.4,24,0,10000,1015,10.75,63,20,3.4,24,0,10000,1015,10.75,63,20,3.4,24,0,10000,1015,10.75,63,20,3.4,24,0,10000,1015,10.75,63,20,3.4,24,0,10000,1015,10.75,63,20,3.4,24,0,10000,1015,10.75,63,20,3.4,24,0,10000,1015,10.75,63,20,3.4,24,0,10000,1015,10.75,63,20,3.4,24,0,10000
1015,11.84,54,340,2.57,0,0,10000,20,0,1,11,1015,8.78,69,3,1.02,47,0,10000,1015,8.78,69,3,1.02,47,0,10000,1015,8.78,69,3,1.02,47,0,10000,1015,8.78,69,3,1.02,47,0,10000,1015,8.78,69,3,1.02,47,0,10000,1015,8.78,69,3,1.02,47,0,10000,1015,8.78,69,3,1.02,47,0,10000,1015,8.78,69,3,1.02,47,0,10000,1015,8.78,69,3,1.02,47,0,10000,1015,8.78,69,3,1.02,47,0,10000,1015,8.78,69,3,1.02,47,0,10000,1015,8.78,69,3,1.02,47,0,10000
1015,11.84,54,340,2.57,0,0,10000,23,0,1,11,1013,5.63,76,150,1.1,50,0,10000,1013,5.63,76,150,1.1,50,0,10000,1013,5.63,76,150,1.1,50,0,10000,1013,5.63,76,150,1.1,50,0,10000,1013,5.63,76,150,1.1,50,0,10000,1013,5.63,76,150,1.1,50,0,10000,1013,5.63,76,150,1.1,50,0,10000,1013,5.63,76,150,1.1,50,0,10000,1013,5.63,76,150,1.1,50,0,10000,1013,5.63,76,150,1.1,50,0,10000,1013,5.63,76,150,1.1,50,0,10000,1013,5.63,76,150,1.1,50,0,10000
1015,11.84,54,340,2.57,0,0,10000,2,0,2,11,1011,5.85,73,174,2.09,70,0,10000,1011,5.85,73,174,2.09,70,0,10000,1011,5.85,73,174,2.09,70,0,10000,1011,5.85,73,174,2.09,70,0,10000,1011,5.85,73,174,2.09,70,0,10000,1011,5.85,73,174,2.09,70,0,10000,1011,5.85,73,174,2.09,70,0,10000,1011,5.85,73,174,2.09,70,0,10000,1011,5.85,73,174,2.09,70,0,10000,1011,5.85,73,174,2.09,70,0,10000,1011,5.85,73,174,2.09,70,0,10000,1011,5.85,73,174,2.09,70,0,10000
1015,11.84,54,340,2.57,0,0,10000,5,0,2,11,1010,6.79,82,183,2.33,85,0,10000,1010,6.79,82,183,2.33,85,0,10000,1010,6.79,82,183,2.33,85,0,10000,1010,6.79,82,183,2.33,85,0,10000,1010,6.79,82,183,2.33,85,0,10000,1010,6.79,82,183,2.33,85,0,10000,1010,6.79,82,183,2.33,85,0,10000,1010,6.79,82,183,2.33,85,0,10000,1010,6.79,82,183,2.33,85,0,10000,1010,6.79,82,183,2.33,85,0,10000,1010,6.79,82,183,2.33,85,0,10000,1010,6.79,82,183,2.33,85,0,10000
1015,11.84,54,340,2.57,0,0,10000,8,0,2,11,1008,9.58,76,222,6.06,100,0,10000,1008,9.58,76,222,6.06,100,0,10000,1008,9.58,76,222,6.06,100,0,10000,1008,9.58,76,222,6.06,100,0,10000,1008,9.58,76,222,6.06,100,0,10000,1008,9.58,76,222,6.06,100,0,10000,1008,9.58,76,222,6.06,100,0,10000,1008,9.58,76,222,6.06,100,0,10000,1008,9.58,76,222,6.06,100,0,10000,1008,9.58,76,222,6.06,100,0,10000,1008,9.58,76,222,6.06,100,0,10000,1008,9.58,76,222,6.06,100,0,10000
1015,11.84,54,340,2.57,0,0,10000,11,0,2,11,1007,10.96,71,256,5.17,92,0,10000,1007,10.96,71,256,5.17,92,0,10000,1007,10.96,71,256,5.17,92,0,10000,1007,10.96,71,256,5.17,92,0,10000,1007,10.96,71,256,5.17,92,0,10000,1007,10.96,71,256,5.17,92,0,10000,1007,10.96,71,256,5.17,92,0,10000,1007,10.96,71,256,5.17,92,0,10000,1007,10.96,71,256,5.17,92,0,10000,1007,10.96,71,256,5.17,92,0,10000,1007,10.96,71,256,5.17,92,0,10000,1007,10.96,71,256,5.17,92,0,10000
1015,11.84,54,340,2.57,0,0,10000,14,0,2,11,1005,11.06,64,271,5.6,98,0,10000,1005,11.06,64,271,5.6,98,0,10000,1005,11.06,64,271,5.6,98,0,10000,1005,11.06,64,271,5.6,98,0,10000,1005,11.06,64,271,5.6,98,0,10000,1005,11.06,64,271,5.6,98,0,10000,1005,11.06,64,271,5.6,98,0,10000,1005,11.06,64,271,5.6,98,0,10000,1005,11.06,64,271,5.6,98,0,10000,1005,11.06,64,271,5.6,98,0,10000,1005,11.06,64,271,5.6,98,0,10000,1005,11.06,64,271,5.6,98,0,10000
1015,11.84,54,340,2.57,0,0,10000,17,0,2,11,1015,10.75,63,20,3.4,24,0,10000,1015,10.75,63,20,3.4,24,0,10000,1015,10.75,63,20,3.4,24,0,10000,1015,10.75,63,20,3.4,24,0,10000,1015,10.75,63,20,3.4,24,0,10000,1015,10.75,63,20,3.4,24,0,10000,1015,10.75,63,20,3.4,24,0,10000,1015,10.75,63,20,3.4,24,0,10000,1015,10.75,63,20,3.4,24,0,10000,1015,10.75,63,20,3.4,24,0,10000,1015,10.75,63,20,3.4,24,0,10000,1015,10.75,63,20,3.4,24,0,10000
1015,11.84,54,340,2.57,0,0,10000,20,0,2,11,1015,8.78,69,3,1.02,47,0,10000,1015,8.78,69,3,1.02,47,0,10000,1015,8.78,69,3,1.02,47,0,10000,1015,8.78,69,3,1.02,47,0,10000,1015,8.78,69,3,1.02,47,0,10000,1015,8.78,69,3,1.02,47,0,10000,1015,8.78,69,3,1.02,47,0,10000,1015,8.78,69,3,1.02,47,0,10000,1015,8.78,69,3,1.02,47,0,10000,1015,8.78,69,3,1.02,47,0,10000,1015,8.78,69,3,1.02,47,0,10000,1015,8.78,69,3,1.02,47,0,10000
1015,11.84,54,340,2.57,0,0,10000,23,0,2,11,1013,5.63,76,150,1.1,50,0,10000,1013,5.63,76,150,1.1,50,0,10000,1013,5.63,76,150,1.1,50,0,10000,1013,5.63,76,150,1.1,50,0,10000,1013,5.63,76,150,1.1,50,0,10000,1013,5.63,76,150,1.1,50,0,10000,1013,5.63,76,150,1.1,50,0,10000,1013,5.63,76,150,1.1,50,0,10000,1013,5.63,76,150,1.1,50,0,10000,1013,5.63,76,150,1.1,50,0,10000,1013,5.63,76,150,1.1,50,0,10000,1013,5.63,76,150,1.1,50,0,10000
1015,11.84,54,340,2.57,0,0,10000,2,0,3,11,1011,5.85,73,174,2.09,70,0,10000,1011,5.85,73,174,2.09,70,0,10000,1011,5.85,73,174,2.09,70,0,10000,1011,5.85,73,174,2.09,70,0,10000,1011,5.85,73,174,2.09,70,0,10000,1011,5.85,73,174,2.09,70,0,10000,1011,5.85,73,174,2.09,70,0,10000,1011,5.85,73,174,2.09,70,0,10000,1011,5.85,73,174,2.09,70,0,10000,1011,5.85,73,174,2.09,70,0,10000,1011,5.85,73,174,2.09,70,0,10000,1011,5.85,73,174,2.09,70,0,10000
1015,11.84,54,340,2.57,0,0,10000,5,0,3,11,1010,6.79,82,183,2.33,85,0,10000,1010,6.79,82,183,2.33,85,0,10000,1010,6.79,82,183,2.33,85,0,10000,1010,6.79,82,183,2.33,85,0,10000,1010,6.79,82,183,2.33,85,0,10000,1010,6.79,82,183,2.33,85,0,10000,1010,6.79,82,183,2.33,85,0,10000,1010,6.79,82,183,2.33,85,0,10000,1010,6.79,82,183,2.33,85,0,10000,1010,6.79,82,183,2.33,85,0,10000,1010,6.79,82,183,2.33,85,0,10000,1010,6.79,82,183,2.33,85,0,10000
1015,11.84,54,340,2.57,0,0,10000,8,0,3,11,1008,9.58,76,222,6.06,100,0,10000,1008,9.58,76,222,6.06,100,0,10000,1008,9.58,76,222,6.06,100,0,10000,1008,9.58,76,222,6.06,100,0,10000,1008,9.58,76,222,6.06,100,0,10000,1008,9.58,76,222,6.06,100,0,10000,1008,9.58,76,222,6.06,100,0,10000,1008,9.58,76,222,6.06,100,0,10000,1008,9.58,76,222,6.06,100,0,10000,1008,9.58,76,222,6.06,100,0,10000,1008,9.58,76,222,6.06,100,0,10000,1008,9.58,76,222,6.06,100,0,10000
1015,11.84,54,340,2.57,0,0,10000,11,0,3,11,1007,10.96,71,256,5.17,92,0,10000,1007,10.96,71,256,5.17,92,0,10000,1007,10.96,71,256,5.17,92,0,10000,1007,10.96,71,256,5.17,92,0,10000,1007,10.96,71,256,5.17,92,0,10000,1007,10.96,71,256,5.17,92,0,10000,1007,10.96,71,256,5.17,92,0,10000,1007,10.96,71,256,5.17,92,0,10000,1007,10.96,71,256,5.17,92,0,10000,1007,10.96,71,256,5.17,92,0,10000,1007,10.96,71,256,5.17,92,0,10000,1007,10.96,71,256,5.17,92,0,10000
1015,11.84,54,340,2.57,0,0,10000,14,0,3,11,1005,11.06,64,271,5.6,98,0,10000,1005,11.06,64,271,5.6,98,0,10000,1005,11.06,64,271,5.6,98,0,10000,1005,11.06,64,271,5.6,98,0,10000,1005,11.06,64,271,5.6,98,0,10000,1005,11.06,64,271,5.6,98,0,10000,1005,11.06,64,271,5.6,98,0,10000,1005,11.06,64,271,5.6,98,0,10000,1005,11.06,64,271,5.6,98,0,10000,1005,11.06,64,271,5.6,98,0,10000,1005,11.06,64,271,5.6,98,0,10000,1005,11.06,64,271,5.6,98,0,10000
1015,11.84,54,340,2.57,0,0,10000,17,0,3,11,1015,10.75,63,20,3.4,24,0,10000,1015,10.75,63,20,3.4,24,0,10000,1015,10.75,63,20,3.4,24,0,10000,1015,10.75,63,20,3.4,24,0,10000,1015,10.75,63,20,3.4,24,0,10000,1015,10.75,63,20,3.4,24,0,10000,1015,10.75,63,20,3.4,24,0,10000,1015,10.75,63,20,3.4,24,0,10000,1015,10.75,63,20,3.4,24,0,10000,1015,10.75,63,20,3.4,24,0,10000,1015,10.75,63,20,3.4,24,0,10000,1015,10.75,63,20,3.4,24,0,10000
1015,11.84,54,340,2.57,0,0,10000,20,0,3,11,1015,8.78,69,3,1.02,47,0,10000,1015,8.78,69,3,1.02,47,0,10000,1015,8.78,69,3,1.02,47,0,10000,1015,8.78,69,3,1.02,47,0,10000,1015,8.78,69,3,1.02,47,0,10000,1015,8.78,69,3,1.02,47,0,10000,1015,8.78,69,3,1.02,47,0,10000,1015,8.78,69,3,1.02,47,0,10000,1015,8.78,69,3,1.02,47,0,10000,1015,8.78,69,3,1.02,47,0,10000,1015,8.78,69,3,1.02,47,0,10000,1015,8.78,69,3,1.02,47,0,10000
1015,11.84,54,340,2.57,0,0,10000,23,0,3,11,1013,5.63,76,150,1.1,50,0,10000,1013,5.63,76,150,1.1,50,0,10000,1013,5.63,76,150,1.1,50,0,10000,1013,5.63,76,150,1.1,50,0,10000,1013,5.63,76,150,1.1,50,0,10000,1013,5.63,76,150,1.1,50,0,10000,1013,5.63,76,150,1.1,50,0,10000,1013,5.63,76,150,1.1,50,0,10000,1013,5.63,76,150,1.1,50,0,10000,1013,5.63,76,150,1.1,50,0,10000,1013,5.63,76,150,1.1,50,0,10000,1013,5.63,76,150,1.1,50,0,10000
1015,11.84,54,340,2.57,0,0,10000,2,0,4,11,1011,5.85,73,174,2.09,70,0,10000,1011,5.85,73,174,2.09,70,0,10000,1011,5.85,73,174,2.09,70,0,10000,1011,5.85,73,174,2.09,70,0,10000,1011,5.85,73,174,2.09,70,0,10000,1011,5.85,73,174,2.09,70,0,10000,1011,5.85,73,174,2.09,70,0,10000,1011,5.85,73,174,2.09,70,0,10000,1011,5.85,73,174,2.09,70,0,10000,1011,5.85,73,174,2.09,70,0,10000,1011,5.85,73,174,2.09,70,0,10000,1011,5.85,73,174,2.09,70,0,10000
1015,11.84,54,340,2.57,0,0,10000,5,0,4,11,1010,6.79,82,183,2.33,85,0,10000,1010,6.79,82,183,2.33,85,0,10000,1010,6.79,82,183,2.33,85,0,10000,1010,6.79,82,183,2.33,85,0,10000,1010,6.79,82,183,2.33,85,0,10000,1010,6.79,82,183,2.33,85,0,10000,1010,6.79,82,183,2.33,85,0,10000,1010,6.79,82,183,2.33,85,0,10000,1010,6.79,82,183,2.33,85,0,10000,1010,6.79,82,183,2.33,85,0,10000,1010,6.79,82,183,2.33,85,0,10000,1010,6.79,82,183,2.33,85,0,10000
1015,11.84,54,340,2.57,0,0,10000,8,0,4,11,1008,9.58,76,222,6.06,100,0,10000,1008,9.58,76,222,6.06,100,0,10000,1008,9.58,76,222,6.06,100,0,10000,1008,9.58,76,222,6.06,100,0,10000,1008,9.58,76,222,6.06,100,0,10000,1008,9.58,76,222,6.06,100,0,10000,1008,9.58,76,222,6.06,100,0,10000,1008,9.58,76,222,6.06,100,0,10000,1008,9.58,76,222,6.06,100,0,10000,1008,9.58,76,222,6.06,100,0,10000,1008,9.58,76,222,6.06,100,0,10000,1008,9.58,76,222,6.06,100,0,10000
1015,11.84,54,340,2.57,0,0,10000,11,0,4,11,1007,10.96,71,256,5.17,92,0,10000,1007,10.96,71,256,5.17,92,0,10000,1007,10.96,71,256,5.17,92,0,10000,1007,10.96,71,256,5.17,92,0,10000,1007,10.96,71,256,5.17,92,0,10000,1007,10.96,71,256,5.17,92,0,10000,1007,10.96,71,256,5.17,92,0,10000,1007,10.96,71,256,5.17,92,0,10000,1007,10.96,71,256,5.17,92,0,10000,1007,10.96,71,256,5.17,92,0,10000,1007,10.96,71,256,5.17,92,0,10000,1007,10.96,71,256,5.17,92,0,10000
1015,11.84,54,340,2.57,0,0,10000,14,0,4,11,1005,11.06,64,271,5.6,98,0,10000,1005,11.06,64,271,5.6,98,0,10000,1005,11.06,64,271,5.6,98,0,10000,1005,11.06,64,271,5.6,98,0,10000,1005,11.06,64,271,5.6,98,0,10000,1005,11.06,64,271,5.6,98,0,10000,1005,11.06,64,271,5.6,98,0,10000,1005,11.06,64,271,5.6,98,0,10000,1005,11.06,64,271,5.6,98,0,10000,1005,11.06,64,271,5.6,98,0,10000,1005,11.06,64,271,5.6,98,0,10000,1005,11.06,64,271,5.6,98,0,10000
1015,11.84,54,340,2.57,0,0,10000,17,0,4,11,1015,10.75,63,20,3.4,24,0,10000,1015,10.75,63,20,3.4,24,0,10000,1015,10.75,63,20,3.4,24,0,10000,1015,10.75,63,20,3.4,24,0,10000,1015,10.75,63,20,3.4,24,0,10000,1015,10.75,63,20,3.4,24,0,10000,1015,10.75,63,20,3.4,24,0,10000,1015,10.75,63,20,3.4,24,0,10000,1015,10.75,63,20,3.4,24,0,10000,1015,10.75,63,20,3.4,24,0,10000,1015,10.75,63,20,3.4,24,0,10000,1015,10.75,63,20,3.4,24,0,10000
1015,11.84,54,340,2.57,0,0,10000,20,0,4,11,1015,8.78,69,3,1.02,47,0,10000,1015,8.78,69,3,1.02,47,0,10000,1015,8.78,69,3,1.02,47,0,10000,1015,8.78,69,3,1.02,47,0,10000,1015,8.78,69,3,1.02,47,0,10000,1015,8.78,69,3,1.02,47,0,10000,1015,8.78,69,3,1.02,47,0,10000,1015,8.78,69,3,1.02,47,0,10000,1015,8.78,69,3,1.02,47,0,10000,1015,8.78,69,3,1.02,47,0,10000,1015,8.78,69,3,1.02,47,0,10000,1015,8.78,69,3,1.02,47,0,10000
1015,11.84,54,340,2.57,0,0,10000,23,0,4,11,1013,5.63,76,150,1.1,50,0,10000,1013,5.63,76,150,1.1,50,0,10000,1013,5.63,76,150,1.1,50,0,10000,1013,5.63,76,150,1.1,50,0,10000,1013,5.63,76,150,1.1,50,0,10000,1013,5.63,76,150,1.1,50,0,10000,1013,5.63,76,150,1.1,50,0,10000,1013,5.63,76,150,1.1,50,0,10000,1013,5.63,76,150,1.1,50,0,10000,1013,5.63,76,150,1.1,50,0,10000,1013,5.63,76,150,1.1,50,0,10000,1013,5.63,76,150,1.1,50,0,10000
1015,11.84,54,340,2.57,0,0,10000,2,0,5,11,1011,5.85,73,174,2.09,70,0,10000,1011,5.85,73,174,2.09,70,0,10000,1011,5.85,73,174,2.09,70,0,10000,1011,5.85,73,174,2.09,70,0,10000,1011,5.85,73,174,2.09,70,0,10000,1011,5.85,73,174,2.09,70,0,10000,1011,5.85,73,174,2.09,70,0,10000,1011,5.85,73,174,2.09,70,0,10000,1011,5.85,73,174,2.09,70,0,10000,1011,5.85,73,174,2.09,70,0,10000,1011,5.85,73,174,2.09,70,0,10000,1011,5.85,73,174,2.09,70,0,10000
1015,11.84,54,340,2.57,0,0,10000,5,0,5,11,1010,6.79,82,183,2.33,85,0,10000,1010,6.79,82,183,2.33,85,0,10000,1010,6.79,82,183,2.33,85,0,10000,1010,6.79,82,183,2.33,85,0,10000,1010,6.79,82,183,2.33,85,0,10000,1010,6.79,82,183,2.33,85,0,10000,1010,6.79,82,183,2.33,85,0,10000,1010,6.79,82,183,2.33,85,0,10000,1010,6.79,82,183,2.33,85,0,10000,1010,6.79,82,183,2.33,85,0,10000,1010,6.79,82,183,2.33,85,0,10000,1010,6.79,82,183,2.33,85,0,10000
1015,11.84,54,340,2.57,0,0,10000,8,0,5,11,1008,9.58,76,222,6.06,100,0,10000,1008,9.58,76,222,6.06,100,0,10000,1008,9.58,76,222,6.06,100,0,10000,1008,9.58,76,222,6.06,100,0,10000,1008,9.58,76,222,6.06,100,0,10000,1008,9.58,76,222,6.06,100,0,10000,1008,9.58,76,222,6.06,100,0,10000,1008,9.58,76,222,6.06,100,0,10000,1008,9.58,76,222,6.06,100,0,10000,1008,9.58,76,222,6.06,100,0,10000,1008,9.58,76,222,6.06,100,0,10000,1008,9.58,76,222,6.06,100,0,10000
1015,11.84,54,340,2.57,0,0,10000,11,0,5,11,1007,10.96,71,256,5.17,92,0,10000,1007,10.96,71,256,5.17,92,0,10000,1007,10.96,71,256,5.17,92,0,10000,1007,10.96,71,256,5.17,92,0,10000,1007,10.96,71,256,5.17,92,0,10000,1007,10.96,71,256,5.17,92,0,10000,1007,10.96,71,256,5.17,92,0,10000,1007,10.96,71,256,5.17,92,0,10000,1007,10.96,71,256,5.17,92,0,10000,1007,10.96,71,256,5.17,92,0,10000,1007,10.96,71,256,5.17,92,0,10000,1007,10.96,71,256,5.17,92,0,10000
1015,11.84,54,340,2.57,0,0,10000,14,0,5,11,1005,11.06,64,271,5.6,98,0,10000,1005,11.06,64,271,5.6,98,0,10000,1005,11.06,64,271,5.6,98,0,10000,1005,11.06,64,271,5.6,98,0,10000,1005,11.06,64,271,5.6,98,0,10000,1005,11.06,64,271,5.6,98,0,10000,1005,11.06,64,271,5.6,98,0,10000,1005,11.06,64,271,5.6,98,0,10000,1005,11.06,64,271,5.6,98,0,10000,1005,11.06,64,271,5.6,98,0,10000,1005,11.06,64,271,5.6,98,0,10000,1005,11.06,64,271,5.6,98,0,10000
1015,11.84,54,340,2.57,0,0,10000,17,0,5,11,1015,10.75,63,20,3.4,24,0,10000,1015,10.75,63,20,3.4,24,0,10000,1015,10.75,63,20,3.4,24,0,10000,1015,10.75,63,20,3.4,24,0,10000,1015,10.75,63,20,3.4,24,0,10000,1015,10.75,63,20,3.4,24,0,10000,1015,10.75,63,20,3.4,24,0,10000,1015,10.75,63,20,3.4,24,0,10000,1015,10.75,63,20,3.4,24,0,10000,1015,10.75,63,20,3.4,24,0,10000,1015,10.75,63,20,3.4,24,0,10000,1015,10.75,63,20,3.4,24,0,10000
1015,11.84,54,340,2.57,0,0,10000,20,0,5,11,1015,8.78,69,3,1.02,47,0,10000,1015,8.78,69,3,1.02,47,0,10000,1015,8.78,69,3,1.02,47,0,10000,1015,8.78,69,3,1.02,47,0,10000,1015,8.78,69,3,1.02,47,0,10000,1015,8.78,69,3,1.02,47,0,10000,1015,8.78,69,3,1.02,47,0,10000,1015,8.78,69,3,1.02,47,0,10000,1015,8.78,69,3,1.02,47,0,10000,1015,8.78,69,3,1.02,47,0,10000,1015,8.78,69,3,1.02,47,0,10000,1015,8.78,69,3,1.02,47,0,10000
1015,11.84,54,340,2.57,0,0,10000,23,0,5,11,1013,5.63,76,150,1.1,50,0,10000,1013,5.63,76,150,1.1,50,0,10000,1013,5.63,76,150,1.1,50,0,10000,1013,5.63,76,150,1.1,50,0,10000,1013,5.63,76,150,1.1,50,0,10000,1013,5.63,76,150,1.1,50,0,10000,1013,5.63,76,150,1.1,50,0,10000,1013,5.63,76,150,1.1,50,0,10000,1013,5.63,76,150,1.1,50,0,10000,1013,5.63,76,150,1.1,50,0,10000,1013,5.63,76,150,1.1,50,0,10000,1013,5.63,76,150,1.1,50,0,10000
1015,11.84,54,340,2.57,0,0,10000,2,0,6,11,1011,5.85,73,174,2.09,70,0,10000,1011,5.85,73,174,2.09,70,0,10000,1011,5.85,73,174,2.09,70,0,10000,1011,5.85,73,174,2.09,70,0,10000,1011,5.85,73,174,2.09,70,0,10000,1011,5.85,73,174,2.09,70,0,10000,1011,5.85,73,174,2.09,70,0,10000,1011,5.85,73,174,2.09,70,0,10000,1011,5.85,73,174,2.09,70,0,10000,1011,5.85,73,174,2.09,70,0,10000,1011,5.85,73,174,2.09,70,0,10000,1011,5.85,73,174,2.09,70,0,10000
1015,11.84,54,340,2.57,0,0,10000,5,0,6,11,1010,6.79,82,183,2.33,85,0,10000,1010,6.79,82,183,2.33,85,0,10000,1010,6.79,82,183,2.33,85,0,10000,1010,6.79,82,183,2.33,85,0,10000,1010,6.79,82,183,2.33,85,0,10000,1010,6.79,82,183,2.33,85,0,10000,1010,6.79,82,183,2.33,85,0,10000,1010,6.79,82,183,2.33,85,0,10000,1010,6.79,82,183,2.33,85,0,10000,1010,6.79,82,183,2.33,85,0,10000,1010,6.79,82,183,2.33,85,0,10000,1010,6.79,82,183,2.33,85,0,10000
1015,11.84,54,340,2.57,0,0,10000,8,0,6,11,1008,9.58,76,222,6.06,100,0,10000,1008,9.58,76,222,6.06,100,0,10000,1008,9.58,76,222,6.06,100,0,10000,1008,9.58,76,222,6.06,100,0,10000,1008,9.58,76,222,6.06,100,0,10000,1008,9.58,76,222,6.06,100,0,10000,1008,9.58,76,222,6.06,100,0,10000,1008,9.58,76,222,6.06,100,0,10000,1008,9.58,76,222,6.06,100,0,10000,1008,9.58,76,222,6.06,100,0,10000,1008,9.58,76,222,6.06,100,0,10000,1008,9.58,76,222,6.06,100,0,10000
1015,11.84,54,340,2.57,0,0,10000,11,0,6,11,1007,10.96,71,256,5.17,92,0,10000,1007,10.96,71,256,5.17,92,0,10000,1007,10.96,71,256,5.17,92,0,10000,1007,10.96,71,256,5.17,92,0,10000,1007,10.96,71,256,5.17,92,0,10000,1007,10.96,71,256,5.17,92,0,10000,1007,10.96,71,256,5.17,92,0,10000,1007,10.96,71,256,5.17,92,0,10000,1007,10.96,71,256,5.17,92,0,10000,1007,10.96,71,256,5.17,92,0,10000,1007,10.96,71,256,5.17,92,0,10000,1007,10.96,71,256,5.17,92,0,10000
1015,11.84,54,340,2.57,0,0,10000,14,0,6,11,1005,11.06,64,271,5.6,98,0,10000,1005,11.06,64,271,5.6,98,0,10000,1005,11.06,64,271,5.6,98,0,10000,1005,11.06,64,271,5.6,98,0,10000,1005,11.06,64,271,5.6,98,0,10000,1005,11.06,64,271,5.6,98,0,10000,1005,11.06,64,271,5.6,98,0,10000,1005,11.06,64,271,5.6,98,0,10000,1005,11.06,64,271,5.6,98,0,10000,1005,11.06,64,271,5.6,98,0,10000,1005,11.06,64,271,5.6,98,0,10000,1005,11.06,64,271,5.6,98,0,10000
1015,11.84,54,340,2.57,0,0,10000,17,0,6,11,1015,10.75,63,20,3.4,24,0,10000,1015,10.75,63,20,3.4,24,0,10000,1015,10.75,63,20,3.4,24,0,10000,1015,10.75,63,20,3.4,24,0,10000,1015,10.75,63,20,3.4,24,0,10000,1015,10.75,63,20,3.4,24,0,10000,1015,10.75,63,20,3.4,24,0,10000,1015,10.75,63,20,3.4,24,0,10000,1015,10.75,63,20,3.4,24,0,10000,1015,10.75,63,20,3.4,24,0,10000,1015,10.75,63,20,3.4,24,0,10000,1015,10.75,63,20,3.4,24,0,10000
1015,11.84,54,340,2.57,0,0,10000,20,0,6,11,1015,8.78,69,3,1.02,47,0,10000,1015,8.78,69,3,1.02,47,0,10000,1015,8.78,69,3,1.02,47,0,10000,1015,8.78,69,3,1.02,47,0,10000,1015,8.78,69,3,1.02,47,0,10000,1015,8.78,69,3,1.02,47,0,10000,1015,8.78,69,3,1.02,47,0,10000,1015,8.78,69,3,1.02,47,0,10000,1015,8.78,69,3,1.02,47,0,10000,1015,8.78,69,3,1.02,47,0,10000,1015,8.78,69,3,1.02,47,0,10000,1015,8.78,69,3,1.02,47,0,10000
1015,11.84,54,340,2.57,0,0,10000,23,0,6,11,1013,5.63,76,150,1.1,50,0,10000,1013,5.63,76,150,1.1,50,0,10000,1013,5.63,76,150,1.1,50,0,10000,1013,5.63,76,150,1.1,50,0,10000,1013,5.63,76,150,1.1,50,0,10000,1013,5.63,76,150,1.1,50,0,10000,1013,5.63,76,150,1.1,50,0,10000,1013,5.63,76,150,1.1,50,0,10000,1013,5.63,76,150,1.1,50,0,10000,1013,5.63,76,150,1.1,50,0,10000,1013,5.63,76,150,1.1,50,0,10000,1013,5.63,76,150,1.1,50,0,10000
1015,11.84,54,340,2.57,0,0,10000,2,0,7,11,1011,5.85,73,174,2.09,70,0,10000,1011,5.85,73,174,2.09,70,0,10000,1011,5.85,73,174,2.09,70,0,10000,1011,5.85,73,174,2.09,70,0,10000,1011,5.85,73,174,2.09,70,0,10000,1011,5.85,73,174,2.09,70,0,10000,1011,5.85,73,174,2.09,70,0,10000,1011,5.85,73,174,2.09,70,0,10000,1011,5.85,73,174,2.09,70,0,10000,1011,5.85,73,174,2.09,70,0,10000,1011,5.85,73,174,2.09,70,0,10000,1011,5.85,73,174,2.09,70,0,10000
1015,11.84,54,340,2.57,0,0,10000,5,0,7,11,1010,6.79,82,183,2.33,85,0,10000,1010,6.79,82,183,2.33,85,0,10000,1010,6.79,82,183,2.33,85,0,10000,1010,6.79,82,183,2.33,85,0,10000,1010,6.79,82,183,2.33,85,0,10000,1010,6.79,82,183,2.33,85,0,10000,1010,6.79,82,183,2.33,85,0,10000,1010,6.79,82,183,2.33,85,0,10000,1010,6.79,82,183,2.33,85,0,10000,1010,6.79,82,183,2.33,85,0,10000,1010,6.79,82,183,2.33,85,0,10000,1010,6.79,82,183,2.33,85,0,10000
1015,11.84,54,340,2.57,0,0,10000,8,0,7,11,1008,9.58,76,222,6.06,100,0,10000,1008,9.58,76,222,6.06,100,0,10000,1008,9.58,76,222,6.06,100,0,10000,1008,9.58,76,222,6.06,100,0,10000,1008,9.58,76,222,6.06,100,0,10000,1008,9.58,76,222,6.06,100,0,10000,1008,9.58,76,222,6.06,100,0,10000,1008,9.58,76,222,6.06,100,0,10000,1008,9.58,76,222,6.06,100,0,10000,1008,9.58,76,222,6.06,100,0,10000,1008,9.58,76,222,6.06,100,0,10000,1008,9.58,76,222,6.06,100,0,10000
1015,11.84,54,340,2.57,0,0,10000,11,0,7,11,1007,10.96,71,256,5.17,92,0,10000,1007,10.96,71,256,5.17,92,0,10000,1007,10.96,71,256,5.17,92,0,10000,1007,10.96,71,256,5.17,92,0,10000,1007,10.96,71,256,5.17,92,0,10000,1007,10.96,71,256,5.17,92,0,10000,1007,10.96,71,256,5.17,92,0,10000,1007,10.96,71,256,5.17,92,0,10000,1007,10.96,71,256,5.17,92,0,10000,1007,10.96,71,256,5.17,92,0,10000,1007,10.96,71,256,5.17,92,0,10000,1007,10.96,71,256,5.17,92,0,10000
1015,11.84,54,340,2.57,0,0,10000,14,0,7,11,1005,11.06,64,271,5.6,98,0,10000,1005,11.06,64,271,5.6,98,0,10000,1005,11.06,64,271,5.6,98,0,10000,1005,11.06,64,271,5.6,98,0,10000,1005,11.06,64,271,5.6,98,0,10000,1005,11.06,64,271,5.6,98,0,10000,1005,11.06,64,271,5.6,98,0,10000,1005,11.06,64,271,5.6,98,0,10000,1005,11.06,64,271,5.6,98,0,10000,1005,11.06,64,271,5.6,98,0,10000,1005,11.06,64,271,5.6,98,0,10000,1005,11.06,64,271,5.6,98,0,10000
1015,11.84,54,340,2.57,0,0,10000,17,0,7,11,1015,10.75,63,20,3.4,24,0,10000,1015,10.75,63,20,3.4,24,0,10000,1015,10.75,63,20,3.4,24,0,10000,1015,10.75,63,20,3.4,24,0,10000,1015,10.75,63,20,3.4,24,0,10000,1015,10.75,63,20,3.4,24,0,10000,1015,10.75,63,20,3.4,24,0,10000,1015,10.75,63,20,3.4,24,0,10000,1015,10.75,63,20,3.4,24,0,10000,1015,10.75,63,20,3.4,24,0,10000,1015,10.75,63,20,3.4,24,0,10000,1015,10.75,63,20,3.4,24,0,10000
1015,11.84,54,340,2.57,0,0,10000,20,0,7,11,1015,8.78,69,3,1.02,47,0,10000,1015,8.78,69,3,1.02,47,0,10000,1015,8.78,69,3,1.02,47,0,10000,1015,8.78,69,3,1.02,47,0,10000,1015,8.78,69,3,1.02,47,0,10000,1015,8.78,69,3,1.02,47,0,10000,1015,8.78,69,3,1.02,47,0,10000,1015,8.78,69,3,1.02,47,0,10000,1015,8.78,69,3,1.02,47,0,10000,1015,8.78,69,3,1.02,47,0,10000,1015,8.78,69,3,1.02,47,0,10000,1015,8.78,69,3,1.02,47,0,10000
1015,11.84,54,340,2.57,0,0,10000,23,0,7,11,1013,5.63,76,150,1.1,50,0,10000,1013,5.63,76,150,1.1,50,0,10000,1013,5.63,76,150,1.1,50,0,10000,1013,5.63,76,150,1.1,50,0,10000,1013,5.63,76,150,1.1,50,0,10000,1013,5.63,76,150,1.1,50,0,10000,1013,5.63,76,150,1.1,50,0,10000,1013,5.63,76,150,1.1,50,0,10000,1013,5.63,76,150,1.1,50,0,10000,1013,5.63,76,150,1.1,50,0,10000,1013,5.63,76,150,1.1,50,0,10000,1013,5.63,76,150,1.1,50,0,10000
1015,11.84,54,340,2.57,0,0,10000,2,0,8,11,1011,5.85,73,174,2.09,70,0,10000,1011,5.85,73,174,2.09,70,0,10000,1011,5.85,73,174,2.09,70,0,10000,1011,5.85,73,174,2.09,70,0,10000,1011,5.85,73,174,2.09,70,0,10000,1011,5.85,73,174,2.09,70,0,10000,1011,5.85,73,174,2.09,70,0,10000,1011,5.85,73,174,2.09,70,0,10000,1011,5.85,73,174,2.09,70,0,10000,1011,5.85,73,174,2.09,70,0,10000,1011,5.85,73,174,2.09,70,0,10000,1011,5.85,73,174,2.09,70,0,10000
1015,11.84,54,340,2.57,0,0,10000,5,0,8,11,1010,6.79,82,183,2.33,85,0,10000,1010,6.79,82,183,2.33,85,0,10000,1010,6.79,82,183,2.33,85,0,10000,1010,6.79,82,183,2.33,85,0,10000,1010,6.79,82,183,2.33,85,0,10000,1010,6.79,82,183,2.33,85,0,10000,1010,6.79,82,183,2.33,85,0,10000,1010,6.79,82,183,2.33,85,0,10000,1010,6.79,82,183,2.33,85,0,10000,1010,6.79,82,183,2.33,85,0,10000,1010,6.79,82,183,2.33,85,0,10000,1010,6.79,82,183,2.33,85,0,10000
1015,11.84,54,340,2.57,0,0,10000,8,0,8,11,1008,9.58,76,222,6.06,100,0,10000,1008,9.58,76,222,6.06,100,0,10000,1008,9.58,76,222,6.06,100,0,10000,1008,9.58,76,222,6.06,100,0,10000,1008,9.58,76,222,6.06,100,0,10000,1008,9.58,76,222,6.06,100,0,10000,1008,9.58,76,222,6.06,100,0,10000,1008,9.58,76,222,6.06,100,0,10000,1008,9.58,76,222,6.06,100,0,10000,1008,9.58,76,222,6.06,100,0,10000,1008,9.58,76,222,6.06,100,0,10000,1008,9.58,76,222,6.06,100,0,10000
1015,11.84,54,340,2.57,0,0,10000,11,0,8,11,1007,10.96,71,256,5.17,92,0,10000,1007,10.96,71,256,5.17,92,0,10000,1007,10.96,71,256,5.17,92,0,10000,1007,10.96,71,256,5.17,92,0,10000,1007,10.96,71,256,5.17,92,0,10000,1007,10.96,71,256,5.17,92,0,10000,1007,10.96,71,256,5.17,92,0,10000,1007,10.96,71,256,5.17,92,0,10000,1007,10.96,71,256,5.17,92,0,10000,1007,10.96,71,256,5.17,92,0,10000,1007,10.96,71,256,5.17,92,0,10000,1007,10.96,71,256,5.17,92,0,10000
1015,11.84,54,340,2.57,0,0,10000,14,0,8,11,1005,11.06,64,271,5.6,98,0,10000,1005,11.06,64,271,5.6,98,0,10000,1005,11.06,64,271,5.6,98,0,10000,1005,11.06,64,271,5.6,98,0,10000,1005,11.06,64,271,5.6,98,0,10000,1005,11.06,64,271,5.6,98,0,10000,1005,11.06,64,271,5.6,98,0,10000,1005,11.06,64,271,5.6,98,0,10000,1005,11.06,64,271,5.6,98,0,10000,1005,11.06,64,271,5.6,98,0,10000,1005,11.06,64,271,5.6,98,0,10000,1005,11.06,64,271,5.6,98,0,10000
1015,11.84,54,340,2.57,0,0,10000,17,0,8,11,1015,10.75,63,20,3.4,24,0,10000,1015,10.75,63,20,3.4,24,0,10000,1015,10.75,63,20,3.4,24,0,10000,1015,10.75,63,20,3.4,24,0,10000,1015,10.75,63,20,3.4,24,0,10000,1015,10.75,63,20,3.4,24,0,10000,1015,10.75,63,20,3.4,24,0,10000,1015,10.75,63,20,3.4,24,0,10000,1015,10.75,63,20,3.4,24,0,10000,1015,10.75,63,20,3.4,24,0,10000,1015,10.75,63,20,3.4,24,0,10000,1015,10.75,63,20,3.4,24,0,10000
1015,11.84,54,340,2.57,0,0,10000,20,0,8,11,1015,8.78,69,3,1.02,47,0,10000,1015,8.78,69,3,1.02,47,0,10000,1015,8.78,69,3,1.02,47,0,10000,1015,8.78,69,3,1.02,47,0,10000,1015,8.78,69,3,1.02,47,0,10000,1015,8.78,69,3,1.02,47,0,10000,1015,8.78,69,3,1.02,47,0,10000,1015,8.78,69,3,1.02,47,0,10000,1015,8.78,69,3,1.02,47,0,10000,1015,8.78,69,3,1.02,47,0,10000,1015,8.78,69,3,1.02,47,0,10000,1015,8.78,69,3,1.02,47,0,10000
1015,11.84,54,340,2.57,0,0,10000,23,0,8,11,1013,5.63,76,150,1.1,50,0,10000,1013,5.63,76,150,1.1,50,0,10000,1013,5.63,76,150,1.1,50,0,10000,1013,5.63,76,150,1.1,50,0,10000,1013,5.63,76,150,1.1,50,0,10000,1013,5.63,76,150,1.1,50,0,10000,1013,5.63,76,150,1.1,50,0,10000,1013,5.63,76,150,1.1,50,0,10000,1013,5.63,76,150,1.1,50,0,10000,1013,5.63,76,150,1.1,50,0,10000,1013,5.63,76,150,1.1,50,0,10000,1013,5.63,76,150,1.1,50,0,10000
1015,11.84,54,340,2.57,0,0,10000,2,0,9,11,1011,5.85,73,174,2.09,70,0,10000,1011,5.85,73,174,2.09,70,0,10000,1011,5.85,73,174,2.09,70,0,10000,1011,5.85,73,174,2.09,70,0,10000,1011,5.85,73,174,2.09,70,0,10000,1011,5.85,73,174,2.09,70,0,10000,1011,5.85,73,174,2.09,70,0,10000,1011,5.85,73,174,2.09,70,0,10000,1011,5.85,73,174,2.09,70,0,10000,1011,5.85,73,174,2.09,70,0,10000,1011,5.85,73,174,2.09,70,0,10000,1011,5.85,73,174,2.09,70,0,10000
1015,11.84,54,340,2.57,0,0,10000,5,0,9,11,1010,6.79,82,183,2.33,85,0,10000,1010,6.79,82,183,2.33,85,0,10000,1010,6.79,82,183,2.33,85,0,10000,1010,6.79,82,183,2.33,85,0,10000,1010,6.79,82,183,2.33,85,0,10000,1010,6.79,82,183,2.33,85,0,10000,1010,6.79,82,183,2.33,85,0,10000,1010,6.79,82,183,2.33,85,0,10000,1010,6.79,82,183,2.33,85,0,10000,1010,6.79,82,183,2.33,85,0,10000,1010,6.79,82,183,2.33,85,0,10000,1010,6.79,82,183,2.33,85,0,10000
1015,11.84,54,340,2.57,0,0,10000,8,0,9,11,1008,9.58,76,222,6.06,100,0,10000,1008,9.58,76,222,6.06,100,0,10000,1008,9.58,76,222,6.06,100,0,10000,1008,9.58,76,222,6.06,100,0,10000,1008,9.58,76,222,6.06,100,0,10000,1008,9.58,76,222,6.06,100,0,10000,1008,9.58,76,222,6.06,100,0,10000,1008,9.58,76,222,6.06,100,0,10000,1008,9.58,76,222,6.06,100,0,10000,1008,9.58,76,222,6.06,100,0,10000,1008,9.58,76,222,6.06,100,0,10000,1008,9.58,76,222,6.06,100,0,10000
1015,11.84,54,340,2.57,0,0,10000,11,0,9,11,1007,10.96,71,256,5.17,92,0,10000,1007,10.96,71,256,5.17,92,0,10000,1007,10.96,71,256,5.17,92,0,10000,1007,10.96,71,256,5.17,92,0,10000,1007,10.96,71,256,5.17,92,0,10000,1007,10.96,71,256,5.17,92,0,10000,1007,10.96,71,256,5.17,92,0,10000,1007,10.96,71,256,5.17,92,0,10000,1007,10.96,71,256,5.17,92,0,10000,1007,10.96,71,256,5.17,92,0,10000,1007,10.96,71,256,5.17,92,0,10000,1007,10.96,71,256,5.17,92,0,10000
1015,11.84,54,340,2.57,0,0,10000,14,0,9,11,1005,11.06,64,271,5.6,98,0,10000,1005,11.06,64,271,5.6,98,0,10000,1005,11.06,64,271,5.6,98,0,10000,1005,11.06,64,271,5.6,98,0,10000,1005,11.06,64,271,5.6,98,0,10000,1005,11.06,64,271,5.6,98,0,10000,1005,11.06,64,271,5.6,98,0,10000,1005,11.06,64,271,5.6,98,0,10000,1005,11.06,64,271,5.6,98,0,10000,1005,11.06,64,271,5.6,98,0,10000,1005,11.06,64,271,5.6,98,0,10000,1005,11.06,64,271,5.6,98,0,10000
1015,11.84,54,340,2.57,0,0,10000,17,0,9,11,1015,10.75,63,20,3.4,24,0,10000,1015,10.75,63,20,3.4,24,0,10000,1015,10.75,63,20,3.4,24,0,10000,1015,10.75,63,20,3.4,24,0,10000,1015,10.75,63,20,3.4,24,0,10000,1015,10.75,63,20,3.4,24,0,10000,1015,10.75,63,20,3.4,24,0,10000,1015,10.75,63,20,3.4,24,0,10000,1015,10.75,63,20,3.4,24,0,10000,1015,10.75,63,20,3.4,24,0,10000,1015,10.75,63,20,3.4,24,0,10000,1015,10.75,63,20,3.4,24,0,10000
1015,11.84,54,340,2.57,0,0,10000,20,0,9,11,1015,8.78,69,3,1.02,47,0,10000,1015,8.78,69,3,1.02,47,0,10000,1015,8.78,69,3,1.02,47,0,10000,1015,8.78,69,3,1.02,47,0,10000,1015,8.78,69,3,1.02,47,0,10000,1015,8.78,69,3,1.02,47,0,10000,1015,8.78,69,3,1.02,47,0,10000,1015,8.78,69,3,1.02,47,0,10000,1015,8.78,69,3,1.02,47,0,10000,1015,8.78,69,3,1.02,47,0,10000,1015,8.78,69,3,1.02,47,0,10000,1015,8.78,69,3,1.02,47,0,10000
1015,11.84,54,340,2.57,0,0,10000,23,0,9,11,1013,5.63,76,150,1.1,50,0,10000,1013,5.63,76,150,1.1,50,0,10000,1013,5.63,76,150,1.1,50,0,10000,1013,5.63,76,150,1.1,50,0,10000,1013,5.63,76,150,1.1,50,0,10000,1013,5.63,76,150,1.1,50,0,10000,1013,5.63,76,150,1.1,50,0,10000,1013,5.63,76,150,1.1,50,0,10000,1013,5.63,76,150,1.1,50,0,10000,1013,5.63,76,150,1.1,50,0,10000,1013,5.63,76,150,1.1,50,0,10000,1013,5.63,76,150,1.1,50,0,10000
1015,11.84,54,340,2.57,0,0,10000,2,0,10,11,1011,5.85,73,174,2.09,70,0,10000,1011,5.85,73,174,2.09,70,0,10000,1011,5.85,73,174,2.09,70,0,10000,1011,5.85,73,174,2.09,70,0,10000,1011,5.85,73,174,2.09,70,0,10000,1011,5.85,73,174,2.09,70,0,10000,1011,5.85,73,174,2.09,70,0,10000,1011,5.85,73,174,2.09,70,0,10000,1011,5.85,73,174,2.09,70,0,10000,1011,5.85,73,174,2.09,70,0,10000,1011,5.85,73,174,2.09,70,0,10000,1011,5.85,73,174,2.09,70,0,10000
1015,11.84,54,340,2.57,0,0,10000,5,0,10,11,1010,6.79,82,183,2.33,85,0,10000,1010,6.79,82,183,2.33,85,0,10000,1010,6.79,82,183,2.33,85,0,10000,1010,6.79,82,183,2.33,85,0,10000,1010,6.79,82,183,2.33,85,0,10000,1010,6.79,82,183,2.33,85,0,10000,1010,6.79,82,183,2.33,85,0,10000,1010,6.79,82,183,2.33,85,0,10000,1010,6.79,82,183,2.33,85,0,10000,1010,6.79,82,183,2.33,85,0,10000,1010,6.79,82,183,2.33,85,0,10000,1010,6.79,82,183,2.33,85,0,10000
1015,11.84,54,340,2.57,0,0,10000,8,0,10,11,1008,9.58,76,222,6.06,100,0,10000,1008,9.58,76,222,6.06,100,0,10000,1008,9.58,76,222,6.06,100,0,10000,1008,9.58,76,222,6.06,100,0,10000,1008,9.58,76,222,6.06,100,0,10000,1008,9.58,76,222,6.06,100,0,10000,1008,9.58,76,222,6.06,100,0,10000,1008,9.58,76,222,6.06,100,0,10000,1008,9.58,76,222,6.06,100,0,10000,1008,9.58,76,222,6.06,100,0,10000,1008,9.58,76,222,6.06,100,0,10000,1008,9.58,76,222,6.06,100,0,10000
1015,11.84,54,340,2.57,0,0,10000,11,0,10,11,1007,10.96,71,256,5.17,92,0,10000,1007,10.96,71,256,5.17,92,0,10000,1007,10.96,71,256,5.17,92,0,10000,1007,10.96,71,256,5.17,92,0,10000,1007,10.96,71,256,5.17,92,0,10000,1007,10.96,71,256,5.17,92,0,10000,1007,10.96,71,256,5.17,92,0,10000,1007,10.96,71,256,5.17,92,0,10000,1007,10.96,71,256,5.17,92,0,10000,1007,10.96,71,256,5.17,92,0,10000,1007,10.96,71,256,5.17,92,0,10000,1007,10.96,71,256,5.17,92,0,10000
1015,11.84,54,340,2.57,0,0,10000,14,0,10,11,1005,11.06,64,271,5.6,98,0,10000,1005,11.06,64,271,5.6,98,0,10000,1005,11.06,64,271,5.6,98,0,10000,1005,11.06,64,271,5.6,98,0,10000,1005,11.06,64,271,5.6,98,0,10000,1005,11.06,64,271,5.6,98,0,10000,1005,11.06,64,271,5.6,98,0,10000,1005,11.06,64,271,5.6,98,0,10000,1005,11.06,64,271,5.6,98,0,10000,1005,11.06,64,271,5.6,98,0,10000,1005,11.06,64,271,5.6,98,0,10000,1005,11.06,64,271,5.6,98,0,10000
1015,11.84,54,340,2.57,0,0,10000,17,0,10,11,1015,10.75,63,20,3.4,24,0,10000,1015,10.75,63,20,3.4,24,0,10000,1015,10.75,63,20,3.4,24,0,10000,1015,10.75,63,20,3.4,24,0,10000,1015,10.75,63,20,3.4,24,0,10000,1015,10.75,63,20,3.4,24,0,10000,1015,10.75,63,20,3.4,24,0,10000,1015,10.75,63,20,3.4,24,0,10000,1015,10.75,63,20,3.4,24,0,10000,1015,10.75,63,20,3.4,24,0,10000,1015,10.75,63,20,3.4,24,0,10000,1015,10.75,63,20,3.4,24,0,10000
1015,11.84,54,340,2.57,0,0,10000,20,0,10,11,1015,8.78,69,3,1.02,47,0,10000,1015,8.78,69,3,1.02,47,0,10000,1015,8.78,69,3,1.02,47,0,10000,1015,8.78,69,3,1.02,47,0,10000,1015,8.78,69,3,1.02,47,0,10000,1015,8.78,69,3,1.02,47,0,10000,1015,8.78,69,3,1.02,47,0,10000,1015,8.78,69,3,1.02,47,0,10000,1015,8.78,69,3,1.02,47,0,10000,1015,8.78,69,3,1.02,47,0,10000,1015,8.78,69,3,1.02,47,0,10000,1015,8.78,69,3,1.02,47,0,10000
1015,11.84,54,340,2.57,0,0,10000,23,0,10,11,1013,5.63,76,150,1.1,50,0,10000,1013,5.63,76,150,1.1,50,0,10000,1013,5.63,76,150,1.1,50,0,10000,1013,5.63,76,150,1.1,50,0,10000,1013,5.63,76,150,1.1,50,0,10000,1013,5.63,76,150,1.1,50,0,10000,1013,5.63,76,150,1.1,50,0,10000,1013,5.63,76,150,1.1,50,0,10000,1013,5.63,76,150,1.1,50,0,10000,1013,5.63,76,150,1.1,50,0,10000,1013,5.63,76,150,1.1,50,0,10000,1013,5.63,76,150,1.1,50,0,10000
1015,11.84,54,340,2.57,0,0,10000,2,0,11,11,1011,5.85,73,174,2.09,70,0,10000,1011,5.85,73,174,2.09,70,0,10000,1011,5.85,73,174,2.09,70,0,10000,1011,5.85,73,174,2.09,70,0,10000,1011,5.85,73,174,2.09,70,0,10000,1011,5.85,73,174,2.09,70,0,10000,1011,5.85,73,174,2.09,70,0,10000,1011,5.85,73,174,2.09,70,0,10000,1011,5.85,73,174,2.09,70,0,10000,1011,5.85,73,174,2.09,70,0,10000,1011,5.85,73,174,2.09,70,0,10000,1011,5.85,73,174,2.09,70,0,10000
1015,11.84,54,340,2.57,0,0,10000,5,0,11,11,1010,6.79,82,183,2.33,85,0,10000,1010,6.79,82,183,2.33,85,0,10000,1010,6.79,82,183,2.33,85,0,10000,1010,6.79,82,183,2.33,85,0,10000,1010,6.79,82,183,2.33,85,0,10000,1010,6.79,82,183,2.33,85,0,10000,1010,6.79,82,183,2.33,85,0,10000,1010,6.79,82,183,2.33,85,0,10000,1010,6.79,82,183,2.33,85,0,10000,1010,6.79,82,183,2.33,85,0,10000,1010,6.79,82,183,2.33,85,0,10000,1010,6.79,82,183,2.33,85,0,10000
1015,11.84,54,340,2.57,0,0,10000,8,0,11,11,1008,9.58,76,222,6.06,100,0,10000,1008,9.58,76,222,6.06,100,0,10000,1008,9.58,76,222,6.06,100,0,10000,1008,9.58,76,222,6.06,100,0,10000,1008,9.58,76,222,6.06,100,0,10000,1008,9.58,76,222,6.06,100,0,10000,1008,9.58,76,222,6.06,100,0,10000,1008,9.58,76,222,6.06,100,0,10000,1008,9.58,76,222,6.06,100,0,10000,1008,9.58,76,222,6.06,100,0,10000,1008,9.58,76,222,6.06,100,0,10000,1008,9.58,76,222,6.06,100,0,10000
1015,11.84,54,340,2.57,0,0,10000,11,0,11,11,1007,10.96,71,256,5.17,92,0,10000,1007,10.96,71,256,5.17,92,0,10000,1007,10.96,71,256,5.17,92,0,10000,1007,10.96,71,256,5.17,92,0,10000,1007,10.96,71,256,5.17,92,0,10000,1007,10.96,71,256,5.17,92,0,10000,1007,10.96,71,256,5.17,92,0,10000,1007,10.96,71,256,5.17,92,0,10000,1007,10.96,71,256,5.17,92,0,10000,1007,10.96,71,256,5.17,92,0,10000,1007,10.96,71,256,5.17,92,0,10000,1007,10.96,71,256,5.17,92,0,10000
1015,11.84,54,340,2.57,0,0,10000,14,0,11,11,1005,11.06,64,271,5.6,98,0,10000,1005,11.06,64,271,5.6,98,0,10000,1005,11.06,64,271,5.6,98,0,10000,1005,11.06,64,271,5.6,98,0,10000,1005,11.06,64,271,5.6,98,0,10000,1005,11.06,64,271,5.6,98,0,10000,1005,11.06,64,271,5.6,98,0,10000,1005,11.06,64,271,5.6,98,0,10000,1005,11.06,64,271,5.6,98,0,10000,1005,11.06,64,271,5.6,98,0,10000,1005,11.06,64,271,5.6,98,0,10000,1005,11.06,64,271,5.6,98,0,10000
1015,11.84,54,340,2.57,0,0,10000,17,0,11,11,1015,10.75,63,20,3.4,24,0,10000,1015,10.75,63,20,3.4,24,0,10000,1015,10.75,63,20,3.4,24,0,10000,1015,10.75,63,20,3.4,24,0,10000,1015,10.75,63,20,3.4,24,0,10000,1015,10.75,63,20,3.4,24,0,10000,1015,10.75,63,20,3.4,24,0,10000,1015,10.75,63,20,3.4,24,0,10000,1015,10.75,63,20,3.4,24,0,10000,1015,10.75,63,20,3.4,24,0,10000,1015,10.75,63,20,3.4,24,0,10000,1015,10.75,63,20,3.4,24,0,10000
1015,11.84,54,340,2.57,0,0,10000,20,0,11,11,1015,8.78,69,3,1.02,47,0,10000,1015,8.78,69,3,1.02,47,0,10000,1015,8.78,69,3,1.02,47,0,10000,1015,8.78,69,3,1.02,47,0,10000,1015,8.78,69,3,1.02,47,0,10000,1015,8.78,69,3,1.02,47,0,10000,1015,8.78,69,3,1.02,47,0,10000,1015,8.78,69,3,1.02,47,0,10000,1015,8.78,69,3,1.02,47,0,10000,1015,8.78,69,3,1.02,47,0,10000,1015,8.78,69,3,1.02,47,0,10000,1015,8.78,69,3,1.02,47,0,10000
1015,11.84,54,340,2.57,0,0,10000,23,0,11,11,1013,5.63,76,150,1.1,50,0,10000,1013,5.63,76,150,1.1,50,0,10000,1013,5.63,76,150,1.1,50,0,10000,1013,5.63,76,150,1.1,50,0,10000,1013,5.63,76,150,1.1,50,0,10000,1013,5.63,76,150,1.1,50,0,10000,1013,5.63,76,150,1.1,50,0,10000,1013,5.63,76,150,1.1,50,0,10000,1013,5.63,76,150,1.1,50,0,10000,1013,5.63,76,150,1.1,50,0,10000,1013,5.63,76,150,1.1,50,0,10000,1013,5.63,76,150,1.1,50,0,10000
