1021,10.84,87,300,6.69,100,0,9000,2,0,26,4,1021,6.21,71,15,1.71,48,0,10000,1021,6.21,71,15,1.71,48,0,10000,1021,6.21,71,15,1.71,48,0,10000,1021,6.21,71,15,1.71,48,0,10000,1021,6.21,71,15,1.71,48,0,10000,1021,6.21,71,15,1.71,48,0,10000,1021,6.21,71,15,1.71,48,0,10000,1021,6.21,71,15,1.71,48,0,10000,1021,6.21,71,15,1.71,48,0,10000,1021,6.21,71,15,1.71,48,0,10000,1021,6.21,71,15,1.71,48,0,10000,1021,6.21,71,15,1.71,48,0,10000
1021,10.84,87,300,6.69,100,0,9000,5,0,26,4,1020,7.75,69,337,1.14,75,0,10000,1020,7.75,69,337,1.14,75,0,10000,1020,7.75,69,337,1.14,75,0,10000,1020,7.75,69,337,1.14,75,0,10000,1020,7.75,69,337,1.14,75,0,10000,1020,7.75,69,337,1.14,75,0,10000,1020,7.75,69,337,1.14,75,0,10000,1020,7.75,69,337,1.14,75,0,10000,1020,7.75,69,337,1.14,75,0,10000,1020,7.75,69,337,1.14,75,0,10000,1020,7.75,69,337,1.14,75,0,10000,1020,7.75,69,337,1.14,75,0,10000
1021,10.84,87,300,6.69,100,0,9000,8,0,26,4,1019,9.2,64,241,0.85,100,0,10000,1019,9.2,64,241,0.85,100,0,10000,1019,9.2,64,241,0.85,100,0,10000,1019,9.2,64,241,0.85,100,0,10000,1019,9.2,64,241,0.85,100,0,10000,1019,9.2,64,241,0.85,100,0,10000,1019,9.2,64,241,0.85,100,0,10000,1019,9.2,64,241,0.85,100,0,10000,1019,9.2,64,241,0.85,100,0,10000,1019,9.2,64,241,0.85,100,0,10000,1019,9.2,64,241,0.85,100,0,10000,1019,9.2,64,241,0.85,100,0,10000
1021,10.84,87,300,6.69,100,0,9000,11,0,26,4,1018,10.04,67,220,2.4,100,0,10000,1018,10.04,67,220,2.4,100,0,10000,1018,10.04,67,220,2.4,100,0,10000,1018,10.04,67,220,2.4,100,0,10000,1018,10.04,67,220,2.4,100,0,10000,1018,10.04,67,220,2.4,100,0,10000,1018,10.04,67,220,2.4,100,0,10000,1018,10.04,67,220,2.4,100,0,10000,1018,10.04,67,220,2.4,100,0,10000,1018,10.04,67,220,2.4,100,0,10000,1018,10.04,67,220,2.4,100,0,10000,1018,10.04,67,220,2.4,100,0,10000
1021,10.84,87,300,6.69,100,0,9000,14,0,26,4,1016,10.18,74,46,0.75,93,0,10000,1016,10.18,74,46,0.75,93,0,10000,1016,10.18,74,46,0.75,93,0,10000,1016,10.18,74,46,0.75,93,0,10000,1016,10.18,74,46,0.75,93,0,10000,1016,10.18,74,46,0.75,93,0,10000,1016,10.18,74,46,0.75,93,0,10000,1016,10.18,74,46,0.75,93,0,10000,1016,10.18,74,46,0.75,93,0,10000,1016,10.18,74,46,0.75,93,0,10000,1016,10.18,74,46,0.75,93,0,10000,1016,10.18,74,46,0.75,93,0,10000
1021,10.84,87,300,6.69,100,0,9000,17,0,26,4,1021,10.84,81,346,4.67,75,0,10000,1021,10.84,81,346,4.67,75,0,10000,1021,10.84,81,346,4.67,75,0,10000,1021,10.84,81,346,4.67,75,0,10000,1021,10.84,81,346,4.67,75,0,10000,1021,10.84,81,346,4.67,75,0,10000,1021,10.84,81,346,4.67,75,0,10000,1021,10.84,81,346,4.67,75,0,10000,1021,10.84,81,346,4.67,75,0,10000,1021,10.84,81,346,4.67,75,0,10000,1021,10.84,81,346,4.67,75,0,10000,1021,10.84,81,346,4.67,75,0,10000
1021,10.84,87,300,6.69,100,0,9000,20,0,26,4,1021,9.95,80,5,4.15,80,0,10000,1021,9.95,80,5,4.15,80,0,10000,1021,9.95,80,5,4.15,80,0,10000,1021,9.95,80,5,4.15,80,0,10000,1021,9.95,80,5,4.15,80,0,10000,1021,9.95,80,5,4.15,80,0,10000,1021,9.95,80,5,4.15,80,0,10000,1021,9.95,80,5,4.15,80,0,10000,1021,9.95,80,5,4.15,80,0,10000,1021,9.95,80,5,4.15,80,0,10000,1021,9.95,80,5,4.15,80,0,10000,1021,9.95,80,5,4.15,80,0,10000
1021,10.84,87,300,6.69,100,0,9000,23,0,26,4,1022,8.79,82,32,3.52,87,0,10000,1022,8.79,82,32,3.52,87,0,10000,1022,8.79,82,32,3.52,87,0,10000,1022,8.79,82,32,3.52,87,0,10000,1022,8.79,82,32,3.52,87,0,10000,1022,8.79,82,32,3.52,87,0,10000,1022,8.79,82,32,3.52,87,0,10000,1022,8.79,82,32,3.52,87,0,10000,1022,8.79,82,32,3.52,87,0,10000,1022,8.79,82,32,3.52,87,0,10000,1022,8.79,82,32,3.52,87,0,10000,1022,8.79,82,32,3.52,87,0,10000
1021,10.84,87,300,6.69,100,0,9000,2,0,27,4,1021,6.21,71,15,1.71,48,0,10000,1021,6.21,71,15,1.71,48,0,10000,1021,6.21,71,15,1.71,48,0,10000,1021,6.21,71,15,1.71,48,0,10000,1021,6.21,71,15,1.71,48,0,10000,1021,6.21,71,15,1.71,48,0,10000,1021,6.21,71,15,1.71,48,0,10000,1021,6.21,71,15,1.71,48,0,10000,1021,6.21,71,15,1.71,48,0,10000,1021,6.21,71,15,1.71,48,0,10000,1021,6.21,71,15,1.71,48,0,10000,1021,6.21,71,15,1.71,48,0,10000
1021,10.84,87,300,6.69,100,0,9000,5,0,27,4,1020,7.75,69,337,1.14,75,0,10000,1020,7.75,69,337,1.14,75,0,10000,1020,7.75,69,337,1.14,75,0,10000,1020,7.75,69,337,1.14,75,0,10000,1020,7.75,69,337,1.14,75,0,10000,1020,7.75,69,337,1.14,75,0,10000,1020,7.75,69,337,1.14,75,0,10000,1020,7.75,69,337,1.14,75,0,10000,1020,7.75,69,337,1.14,75,0,10000,1020,7.75,69,337,1.14,75,0,10000,1020,7.75,69,337,1.14,75,0,10000,1020,7.75,69,337,1.14,75,0,10000
1021,10.84,87,300,6.69,100,0,9000,8,0,27,4,1019,9.2,64,241,0.85,100,0,10000,1019,9.2,64,241,0.85,100,0,10000,1019,9.2,64,241,0.85,100,0,10000,1019,9.2,64,241,0.85,100,0,10000,1019,9.2,64,241,0.85,100,0,10000,1019,9.2,64,241,0.85,100,0,10000,1019,9.2,64,241,0.85,100,0,10000,1019,9.2,64,241,0.85,100,0,10000,1019,9.2,64,241,0.85,100,0,10000,1019,9.2,64,241,0.85,100,0,10000,1019,9.2,64,241,0.85,100,0,10000,1019,9.2,64,241,0.85,100,0,10000
1021,10.84,87,300,6.69,100,0,9000,11,0,27,4,1018,10.04,67,220,2.4,100,0,10000,1018,10.04,67,220,2.4,100,0,10000,1018,10.04,67,220,2.4,100,0,10000,1018,10.04,67,220,2.4,100,0,10000,1018,10.04,67,220,2.4,100,0,10000,1018,10.04,67,220,2.4,100,0,10000,1018,10.04,67,220,2.4,100,0,10000,1018,10.04,67,220,2.4,100,0,10000,1018,10.04,67,220,2.4,100,0,10000,1018,10.04,67,220,2.4,100,0,10000,1018,10.04,67,220,2.4,100,0,10000,1018,10.04,67,220,2.4,100,0,10000
1021,10.84,87,300,6.69,100,0,9000,14,0,27,4,1016,10.18,74,46,0.75,93,0,10000,1016,10.18,74,46,0.75,93,0,10000,1016,10.18,74,46,0.75,93,0,10000,1016,10.18,74,46,0.75,93,0,10000,1016,10.18,74,46,0.75,93,0,10000,1016,10.18,74,46,0.75,93,0,10000,1016,10.18,74,46,0.75,93,0,10000,1016,10.18,74,46,0.75,93,0,10000,1016,10.18,74,46,0.75,93,0,10000,1016,10.18,74,46,0.75,93,0,10000,1016,10.18,74,46,0.75,93,0,10000,1016,10.18,74,46,0.75,93,0,10000
1021,10.84,87,300,6.69,100,0,9000,17,0,27,4,1021,10.84,81,346,4.67,75,0,10000,1021,10.84,81,346,4.67,75,0,10000,1021,10.84,81,346,4.67,75,0,10000,1021,10.84,81,346,4.67,75,0,10000,1021,10.84,81,346,4.67,75,0,10000,1021,10.84,81,346,4.67,75,0,10000,1021,10.84,81,346,4.67,75,0,10000,1021,10.84,81,346,4.67,75,0,10000,1021,10.84,81,346,4.67,75,0,10000,1021,10.84,81,346,4.67,75,0,10000,1021,10.84,81,346,4.67,75,0,10000,1021,10.84,81,346,4.67,75,0,10000
1021,10.84,87,300,6.69,100,0,9000,20,0,27,4,1021,9.95,80,5,4.15,80,0,10000,1021,9.95,80,5,4.15,80,0,10000,1021,9.95,80,5,4.15,80,0,10000,1021,9.95,80,5,4.15,80,0,10000,1021,9.95,80,5,4.15,80,0,10000,1021,9.95,80,5,4.15,80,0,10000,1021,9.95,80,5,4.15,80,0,10000,1021,9.95,80,5,4.15,80,0,10000,1021,9.95,80,5,4.15,80,0,10000,1021,9.95,80,5,4.15,80,0,10000,1021,9.95,80,5,4.15,80,0,10000,1021,9.95,80,5,4.15,80,0,10000
1021,10.84,87,300,6.69,100,0,9000,23,0,27,4,1022,8.79,82,32,3.52,87,0,10000,1022,8.79,82,32,3.52,87,0,10000,1022,8.79,82,32,3.52,87,0,10000,1022,8.79,82,32,3.52,87,0,10000,1022,8.79,82,32,3.52,87,0,10000,1022,8.79,82,32,3.52,87,0,10000,1022,8.79,82,32,3.52,87,0,10000,1022,8.79,82,32,3.52,87,0,10000,1022,8.79,82,32,3.52,87,0,10000,1022,8.79,82,32,3.52,87,0,10000,1022,8.79,82,32,3.52,87,0,10000,1022,8.79,82,32,3.52,87,0,10000
1021,10.84,87,300,6.69,100,0,9000,2,0,28,4,1021,6.21,71,15,1.71,48,0,10000,1021,6.21,71,15,1.71,48,0,10000,1021,6.21,71,15,1.71,48,0,10000,1021,6.21,71,15,1.71,48,0,10000,1021,6.21,71,15,1.71,48,0,10000,1021,6.21,71,15,1.71,48,0,10000,1021,6.21,71,15,1.71,48,0,10000,1021,6.21,71,15,1.71,48,0,10000,1021,6.21,71,15,1.71,48,0,10000,1021,6.21,71,15,1.71,48,0,10000,1021,6.21,71,15,1.71,48,0,10000,1021,6.21,71,15,1.71,48,0,10000
1021,10.84,87,300,6.69,100,0,9000,5,0,28,4,1020,7.75,69,337,1.14,75,0,10000,1020,7.75,69,337,1.14,75,0,10000,1020,7.75,69,337,1.14,75,0,10000,1020,7.75,69,337,1.14,75,0,10000,1020,7.75,69,337,1.14,75,0,10000,1020,7.75,69,337,1.14,75,0,10000,1020,7.75,69,337,1.14,75,0,10000,1020,7.75,69,337,1.14,75,0,10000,1020,7.75,69,337,1.14,75,0,10000,1020,7.75,69,337,1.14,75,0,10000,1020,7.75,69,337,1.14,75,0,10000,1020,7.75,69,337,1.14,75,0,10000
1021,10.84,87,300,6.69,100,0,9000,8,0,28,4,1019,9.2,64,241,0.85,100,0,10000,1019,9.2,64,241,0.85,100,0,10000,1019,9.2,64,241,0.85,100,0,10000,1019,9.2,64,241,0.85,100,0,10000,1019,9.2,64,241,0.85,100,0,10000,1019,9.2,64,241,0.85,100,0,10000,1019,9.2,64,241,0.85,100,0,10000,1019,9.2,64,241,0.85,100,0,10000,1019,9.2,64,241,0.85,100,0,10000,1019,9.2,64,241,0.85,100,0,10000,1019,9.2,64,241,0.85,100,0,10000,1019,9.2,64,241,0.85,100,0,10000
1021,10.84,87,300,6.69,100,0,9000,11,0,28,4,1018,10.04,67,220,2.4,100,0,10000,1018,10.04,67,220,2.4,100,0,10000,1018,10.04,67,220,2.4,100,0,10000,1018,10.04,67,220,2.4,100,0,10000,1018,10.04,67,220,2.4,100,0,10000,1018,10.04,67,220,2.4,100,0,10000,1018,10.04,67,220,2.4,100,0,10000,1018,10.04,67,220,2.4,100,0,10000,1018,10.04,67,220,2.4,100,0,10000,1018,10.04,67,220,2.4,100,0,10000,1018,10.04,67,220,2.4,100,0,10000,1018,10.04,67,220,2.4,100,0,10000
1021,10.84,87,300,6.69,100,0,9000,14,0,28,4,1016,10.18,74,46,0.75,93,0,10000,1016,10.18,74,46,0.75,93,0,10000,1016,10.18,74,46,0.75,93,0,10000,1016,10.18,74,46,0.75,93,0,10000,1016,10.18,74,46,0.75,93,0,10000,1016,10.18,74,46,0.75,93,0,10000,1016,10.18,74,46,0.75,93,0,10000,1016,10.18,74,46,0.75,93,0,10000,1016,10.18,74,46,0.75,93,0,10000,1016,10.18,74,46,0.75,93,0,10000,1016,10.18,74,46,0.75,93,0,10000,1016,10.18,74,46,0.75,93,0,10000
1021,10.84,87,300,6.69,100,0,9000,17,0,28,4,1021,10.84,81,346,4.67,75,0,10000,1021,10.84,81,346,4.67,75,0,10000,1021,10.84,81,346,4.67,75,0,10000,1021,10.84,81,346,4.67,75,0,10000,1021,10.84,81,346,4.67,75,0,10000,1021,10.84,81,346,4.67,75,0,10000,1021,10.84,81,346,4.67,75,0,10000,1021,10.84,81,346,4.67,75,0,10000,1021,10.84,81,346,4.67,75,0,10000,1021,10.84,81,346,4.67,75,0,10000,1021,10.84,81,346,4.67,75,0,10000,1021,10.84,81,346,4.67,75,0,10000
1021,10.84,87,300,6.69,100,0,9000,20,0,28,4,1021,9.95,80,5,4.15,80,0,10000,1021,9.95,80,5,4.15,80,0,10000,1021,9.95,80,5,4.15,80,0,10000,1021,9.95,80,5,4.15,80,0,10000,1021,9.95,80,5,4.15,80,0,10000,1021,9.95,80,5,4.15,80,0,10000,1021,9.95,80,5,4.15,80,0,10000,1021,9.95,80,5,4.15,80,0,10000,1021,9.95,80,5,4.15,80,0,10000,1021,9.95,80,5,4.15,80,0,10000,1021,9.95,80,5,4.15,80,0,10000,1021,9.95,80,5,4.15,80,0,10000
1021,10.84,87,300,6.69,100,0,9000,23,0,28,4,1022,8.79,82,32,3.52,87,0,10000,1022,8.79,82,32,3.52,87,0,10000,1022,8.79,82,32,3.52,87,0,10000,1022,8.79,82,32,3.52,87,0,10000,1022,8.79,82,32,3.52,87,0,10000,1022,8.79,82,32,3.52,87,0,10000,1022,8.79,82,32,3.52,87,0,10000,1022,8.79,82,32,3.52,87,0,10000,1022,8.79,82,32,3.52,87,0,10000,1022,8.79,82,32,3.52,87,0,10000,1022,8.79,82,32,3.52,87,0,10000,1022,8.79,82,32,3.52,87,0,10000
1021,10.84,87,300,6.69,100,0,9000,2,0,29,4,1021,6.21,71,15,1.71,48,0,10000,1021,6.21,71,15,1.71,48,0,10000,1021,6.21,71,15,1.71,48,0,10000,1021,6.21,71,15,1.71,48,0,10000,1021,6.21,71,15,1.71,48,0,10000,1021,6.21,71,15,1.71,48,0,10000,1021,6.21,71,15,1.71,48,0,10000,1021,6.21,71,15,1.71,48,0,10000,1021,6.21,71,15,1.71,48,0,10000,1021,6.21,71,15,1.71,48,0,10000,1021,6.21,71,15,1.71,48,0,10000,1021,6.21,71,15,1.71,48,0,10000
1021,10.84,87,300,6.69,100,0,9000,5,0,29,4,1020,7.75,69,337,1.14,75,0,10000,1020,7.75,69,337,1.14,75,0,10000,1020,7.75,69,337,1.14,75,0,10000,1020,7.75,69,337,1.14,75,0,10000,1020,7.75,69,337,1.14,75,0,10000,1020,7.75,69,337,1.14,75,0,10000,1020,7.75,69,337,1.14,75,0,10000,1020,7.75,69,337,1.14,75,0,10000,1020,7.75,69,337,1.14,75,0,10000,1020,7.75,69,337,1.14,75,0,10000,1020,7.75,69,337,1.14,75,0,10000,1020,7.75,69,337,1.14,75,0,10000
1021,10.84,87,300,6.69,100,0,9000,8,0,29,4,1019,9.2,64,241,0.85,100,0,10000,1019,9.2,64,241,0.85,100,0,10000,1019,9.2,64,241,0.85,100,0,10000,1019,9.2,64,241,0.85,100,0,10000,1019,9.2,64,241,0.85,100,0,10000,1019,9.2,64,241,0.85,100,0,10000,1019,9.2,64,241,0.85,100,0,10000,1019,9.2,64,241,0.85,100,0,10000,1019,9.2,64,241,0.85,100,0,10000,1019,9.2,64,241,0.85,100,0,10000,1019,9.2,64,241,0.85,100,0,10000,1019,9.2,64,241,0.85,100,0,10000
1021,10.84,87,300,6.69,100,0,9000,11,0,29,4,1018,10.04,67,220,2.4,100,0,10000,1018,10.04,67,220,2.4,100,0,10000,1018,10.04,67,220,2.4,100,0,10000,1018,10.04,67,220,2.4,100,0,10000,1018,10.04,67,220,2.4,100,0,10000,1018,10.04,67,220,2.4,100,0,10000,1018,10.04,67,220,2.4,100,0,10000,1018,10.04,67,220,2.4,100,0,10000,1018,10.04,67,220,2.4,100,0,10000,1018,10.04,67,220,2.4,100,0,10000,1018,10.04,67,220,2.4,100,0,10000,1018,10.04,67,220,2.4,100,0,10000
1021,10.84,87,300,6.69,100,0,9000,14,0,29,4,1016,10.18,74,46,0.75,93,0,10000,1016,10.18,74,46,0.75,93,0,10000,1016,10.18,74,46,0.75,93,0,10000,1016,10.18,74,46,0.75,93,0,10000,1016,10.18,74,46,0.75,93,0,10000,1016,10.18,74,46,0.75,93,0,10000,1016,10.18,74,46,0.75,93,0,10000,1016,10.18,74,46,0.75,93,0,10000,1016,10.18,74,46,0.75,93,0,10000,1016,10.18,74,46,0.75,93,0,10000,1016,10.18,74,46,0.75,93,0,10000,1016,10.18,74,46,0.75,93,0,10000
1021,10.84,87,300,6.69,100,0,9000,17,0,29,4,1021,10.84,81,346,4.67,75,0,10000,1021,10.84,81,346,4.67,75,0,10000,1021,10.84,81,346,4.67,75,0,10000,1021,10.84,81,346,4.67,75,0,10000,1021,10.84,81,346,4.67,75,0,10000,1021,10.84,81,346,4.67,75,0,10000,1021,10.84,81,346,4.67,75,0,10000,1021,10.84,81,346,4.67,75,0,10000,1021,10.84,81,346,4.67,75,0,10000,1021,10.84,81,346,4.67,75,0,10000,1021,10.84,81,346,4.67,75,0,10000,1021,10.84,81,346,4.67,75,0,10000
1021,10.84,87,300,6.69,100,0,9000,20,0,29,4,1021,9.95,80,5,4.15,80,0,10000,1021,9.95,80,5,4.15,80,0,10000,1021,9.95,80,5,4.15,80,0,10000,1021,9.95,80,5,4.15,80,0,10000,1021,9.95,80,5,4.15,80,0,10000,1021,9.95,80,5,4.15,80,0,10000,1021,9.95,80,5,4.15,80,0,10000,1021,9.95,80,5,4.15,80,0,10000,1021,9.95,80,5,4.15,80,0,10000,1021,9.95,80,5,4.15,80,0,10000,1021,9.95,80,5,4.15,80,0,10000,1021,9.95,80,5,4.15,80,0,10000
1021,10.84,87,300,6.69,100,0,9000,23,0,29,4,1022,8.79,82,32,3.52,87,0,10000,1022,8.79,82,32,3.52,87,0,10000,1022,8.79,82,32,3.52,87,0,10000,1022,8.79,82,32,3.52,87,0,10000,1022,8.79,82,32,3.52,87,0,10000,1022,8.79,82,32,3.52,87,0,10000,1022,8.79,82,32,3.52,87,0,10000,1022,8.79,82,32,3.52,87,0,10000,1022,8.79,82,32,3.52,87,0,10000,1022,8.79,82,32,3.52,87,0,10000,1022,8.79,82,32,3.52,87,0,10000,1022,8.79,82,32,3.52,87,0,10000
1021,10.84,87,300,6.69,100,0,9000,2,0,30,4,1021,6.21,71,15,1.71,48,0,10000,1021,6.21,71,15,1.71,48,0,10000,1021,6.21,71,15,1.71,48,0,10000,1021,6.21,71,15,1.71,48,0,10000,1021,6.21,71,15,1.71,48,0,10000,1021,6.21,71,15,1.71,48,0,10000,1021,6.21,71,15,1.71,48,0,10000,1021,6.21,71,15,1.71,48,0,10000,1021,6.21,71,15,1.71,48,0,10000,1021,6.21,71,15,1.71,48,0,10000,1021,6.21,71,15,1.71,48,0,10000,1021,6.21,71,15,1.71,48,0,10000
1021,10.84,87,300,6.69,100,0,9000,5,0,30,4,1020,7.75,69,337,1.14,75,0,10000,1020,7.75,69,337,1.14,75,0,10000,1020,7.75,69,337,1.14,75,0,10000,1020,7.75,69,337,1.14,75,0,10000,1020,7.75,69,337,1.14,75,0,10000,1020,7.75,69,337,1.14,75,0,10000,1020,7.75,69,337,1.14,75,0,10000,1020,7.75,69,337,1.14,75,0,10000,1020,7.75,69,337,1.14,75,0,10000,1020,7.75,69,337,1.14,75,0,10000,1020,7.75,69,337,1.14,75,0,10000,1020,7.75,69,337,1.14,75,0,10000
1021,10.84,87,300,6.69,100,0,9000,8,0,30,4,1019,9.2,64,241,0.85,100,0,10000,1019,9.2,64,241,0.85,100,0,10000,1019,9.2,64,241,0.85,100,0,10000,1019,9.2,64,241,0.85,100,0,10000,1019,9.2,64,241,0.85,100,0,10000,1019,9.2,64,241,0.85,100,0,10000,1019,9.2,64,241,0.85,100,0,10000,1019,9.2,64,241,0.85,100,0,10000,1019,9.2,64,241,0.85,100,0,10000,1019,9.2,64,241,0.85,100,0,10000,1019,9.2,64,241,0.85,100,0,10000,1019,9.2,64,241,0.85,100,0,10000
1021,10.84,87,300,6.69,100,0,9000,11,0,30,4,1018,10.04,67,220,2.4,100,0,10000,1018,10.04,67,220,2.4,100,0,10000,1018,10.04,67,220,2.4,100,0,10000,1018,10.04,67,220,2.4,100,0,10000,1018,10.04,67,220,2.4,100,0,10000,1018,10.04,67,220,2.4,100,0,10000,1018,10.04,67,220,2.4,100,0,10000,1018,10.04,67,220,2.4,100,0,10000,1018,10.04,67,220,2.4,100,0,10000,1018,10.04,67,220,2.4,100,0,10000,1018,10.04,67,220,2.4,100,0,10000,1018,10.04,67,220,2.4,100,0,10000
1021,10.84,87,300,6.69,100,0,9000,14,0,30,4,1016,10.18,74,46,0.75,93,0,10000,1016,10.18,74,46,0.75,93,0,10000,1016,10.18,74,46,0.75,93,0,10000,1016,10.18,74,46,0.75,93,0,10000,1016,10.18,74,46,0.75,93,0,10000,1016,10.18,74,46,0.75,93,0,10000,1016,10.18,74,46,0.75,93,0,10000,1016,10.18,74,46,0.75,93,0,10000,1016,10.18,74,46,0.75,93,0,10000,1016,10.18,74,46,0.75,93,0,10000,1016,10.18,74,46,0.75,93,0,10000,1016,10.18,74,46,0.75,93,0,10000
1021,10.84,87,300,6.69,100,0,9000,17,0,30,4,1021,10.84,81,346,4.67,75,0,10000,1021,10.84,81,346,4.67,75,0,10000,1021,10.84,81,346,4.67,75,0,10000,1021,10.84,81,346,4.67,75,0,10000,1021,10.84,81,346,4.67,75,0,10000,1021,10.84,81,346,4.67,75,0,10000,1021,10.84,81,346,4.67,75,0,10000,1021,10.84,81,346,4.67,75,0,10000,1021,10.84,81,346,4.67,75,0,10000,1021,10.84,81,346,4.67,75,0,10000,1021,10.84,81,346,4.67,75,0,10000,1021,10.84,81,346,4.67,75,0,10000
1021,10.84,87,300,6.69,100,0,9000,20,0,30,4,1021,9.95,80,5,4.15,80,0,10000,1021,9.95,80,5,4.15,80,0,10000,1021,9.95,80,5,4.15,80,0,10000,1021,9.95,80,5,4.15,80,0,10000,1021,9.95,80,5,4.15,80,0,10000,1021,9.95,80,5,4.15,80,0,10000,1021,9.95,80,5,4.15,80,0,10000,1021,9.95,80,5,4.15,80,0,10000,1021,9.95,80,5,4.15,80,0,10000,1021,9.95,80,5,4.15,80,0,10000,1021,9.95,80,5,4.15,80,0,10000,1021,9.95,80,5,4.15,80,0,10000
1021,10.84,87,300,6.69,100,0,9000,23,0,30,4,1022,8.79,82,32,3.52,87,0,10000,1022,8.79,82,32,3.52,87,0,10000,1022,8.79,82,32,3.52,87,0,10000,1022,8.79,82,32,3.52,87,0,10000,1022,8.79,82,32,3.52,87,0,10000,1022,8.79,82,32,3.52,87,0,10000,1022,8.79,82,32,3.52,87,0,10000,1022,8.79,82,32,3.52,87,0,10000,1022,8.79,82,32,3.52,87,0,10000,1022,8.79,82,32,3.52,87,0,10000,1022,8.79,82,32,3.52,87,0,10000,1022,8.79,82,32,3.52,87,0,10000
1021,10.84,87,300,6.69,100,0,9000,2,0,1,5,1021,6.21,71,15,1.71,48,0,10000,1021,6.21,71,15,1.71,48,0,10000,1021,6.21,71,15,1.71,48,0,10000,1021,6.21,71,15,1.71,48,0,10000,1021,6.21,71,15,1.71,48,0,10000,1021,6.21,71,15,1.71,48,0,10000,1021,6.21,71,15,1.71,48,0,10000,1021,6.21,71,15,1.71,48,0,10000,1021,6.21,71,15,1.71,48,0,10000,1021,6.21,71,15,1.71,48,0,10000,1021,6.21,71,15,1.71,48,0,10000,1021,6.21,71,15,1.71,48,0,10000
1021,10.84,87,300,6.69,100,0,9000,5,0,1,5,1020,7.75,69,337,1.14,75,0,10000,1020,7.75,69,337,1.14,75,0,10000,1020,7.75,69,337,1.14,75,0,10000,1020,7.75,69,337,1.14,75,0,10000,1020,7.75,69,337,1.14,75,0,10000,1020,7.75,69,337,1.14,75,0,10000,1020,7.75,69,337,1.14,75,0,10000,1020,7.75,69,337,1.14,75,0,10000,1020,7.75,69,337,1.14,75,0,10000,1020,7.75,69,337,1.14,75,0,10000,1020,7.75,69,337,1.14,75,0,10000,1020,7.75,69,337,1.14,75,0,10000
1021,10.84,87,300,6.69,100,0,9000,8,0,1,5,1019,9.2,64,241,0.85,100,0,10000,1019,9.2,64,241,0.85,100,0,10000,1019,9.2,64,241,0.85,100,0,10000,1019,9.2,64,241,0.85,100,0,10000,1019,9.2,64,241,0.85,100,0,10000,1019,9.2,64,241,0.85,100,0,10000,1019,9.2,64,241,0.85,100,0,10000,1019,9.2,64,241,0.85,100,0,10000,1019,9.2,64,241,0.85,100,0,10000,1019,9.2,64,241,0.85,100,0,10000,1019,9.2,64,241,0.85,100,0,10000,1019,9.2,64,241,0.85,100,0,10000
1021,10.84,87,300,6.69,100,0,9000,11,0,1,5,1018,10.04,67,220,2.4,100,0,10000,1018,10.04,67,220,2.4,100,0,10000,1018,10.04,67,220,2.4,100,0,10000,1018,10.04,67,220,2.4,100,0,10000,1018,10.04,67,220,2.4,100,0,10000,1018,10.04,67,220,2.4,100,0,10000,1018,10.04,67,220,2.4,100,0,10000,1018,10.04,67,220,2.4,100,0,10000,1018,10.04,67,220,2.4,100,0,10000,1018,10.04,67,220,2.4,100,0,10000,1018,10.04,67,220,2.4,100,0,10000,1018,10.04,67,220,2.4,100,0,10000
1021,10.84,87,300,6.69,100,0,9000,14,0,1,5,1016,10.18,74,46,0.75,93,0,10000,1016,10.18,74,46,0.75,93,0,10000,1016,10.18,74,46,0.75,93,0,10000,1016,10.18,74,46,0.75,93,0,10000,1016,10.18,74,46,0.75,93,0,10000,1016,10.18,74,46,0.75,93,0,10000,1016,10.18,74,46,0.75,93,0,10000,1016,10.18,74,46,0.75,93,0,10000,1016,10.18,74,46,0.75,93,0,10000,1016,10.18,74,46,0.75,93,0,10000,1016,10.18,74,46,0.75,93,0,10000,1016,10.18,74,46,0.75,93,0,10000
1021,10.84,87,300,6.69,100,0,9000,17,0,1,5,1021,10.84,81,346,4.67,75,0,10000,1021,10.84,81,346,4.67,75,0,10000,1021,10.84,81,346,4.67,75,0,10000,1021,10.84,81,346,4.67,75,0,10000,1021,10.84,81,346,4.67,75,0,10000,1021,10.84,81,346,4.67,75,0,10000,1021,10.84,81,346,4.67,75,0,10000,1021,10.84,81,346,4.67,75,0,10000,1021,10.84,81,346,4.67,75,0,10000,1021,10.84,81,346,4.67,75,0,10000,1021,10.84,81,346,4.67,75,0,10000,1021,10.84,81,346,4.67,75,0,10000
1021,10.84,87,300,6.69,100,0,9000,20,0,1,5,1021,9.95,80,5,4.15,80,0,10000,1021,9.95,80,5,4.15,80,0,10000,1021,9.95,80,5,4.15,80,0,10000,1021,9.95,80,5,4.15,80,0,10000,1021,9.95,80,5,4.15,80,0,10000,1021,9.95,80,5,4.15,80,0,10000,1021,9.95,80,5,4.15,80,0,10000,1021,9.95,80,5,4.15,80,0,10000,1021,9.95,80,5,4.15,80,0,10000,1021,9.95,80,5,4.15,80,0,10000,1021,9.95,80,5,4.15,80,0,10000,1021,9.95,80,5,4.15,80,0,10000
1021,10.84,87,300,6.69,100,0,9000,23,0,1,5,1022,8.79,82,32,3.52,87,0,10000,1022,8.79,82,32,3.52,87,0,10000,1022,8.79,82,32,3.52,87,0,10000,1022,8.79,82,32,3.52,87,0,10000,1022,8.79,82,32,3.52,87,0,10000,1022,8.79,82,32,3.52,87,0,10000,1022,8.79,82,32,3.52,87,0,10000,1022,8.79,82,32,3.52,87,0,10000,1022,8.79,82,32,3.52,87,0,10000,1022,8.79,82,32,3.52,87,0,10000,1022,8.79,82,32,3.52,87,0,10000,1022,8.79,82,32,3.52,87,0,10000
1021,10.84,87,300,6.69,100,0,9000,2,0,2,5,1021,6.21,71,15,1.71,48,0,10000,1021,6.21,71,15,1.71,48,0,10000,1021,6.21,71,15,1.71,48,0,10000,1021,6.21,71,15,1.71,48,0,10000,1021,6.21,71,15,1.71,48,0,10000,1021,6.21,71,15,1.71,48,0,10000,1021,6.21,71,15,1.71,48,0,10000,1021,6.21,71,15,1.71,48,0,10000,1021,6.21,71,15,1.71,48,0,10000,1021,6.21,71,15,1.71,48,0,10000,1021,6.21,71,15,1.71,48,0,10000,1021,6.21,71,15,1.71,48,0,10000
1021,10.84,87,300,6.69,100,0,9000,5,0,2,5,1020,7.75,69,337,1.14,75,0,10000,1020,7.75,69,337,1.14,75,0,10000,1020,7.75,69,337,1.14,75,0,10000,1020,7.75,69,337,1.14,75,0,10000,1020,7.75,69,337,1.14,75,0,10000,1020,7.75,69,337,1.14,75,0,10000,1020,7.75,69,337,1.14,75,0,10000,1020,7.75,69,337,1.14,75,0,10000,1020,7.75,69,337,1.14,75,0,10000,1020,7.75,69,337,1.14,75,0,10000,1020,7.75,69,337,1.14,75,0,10000,1020,7.75,69,337,1.14,75,0,10000
1021,10.84,87,300,6.69,100,0,9000,8,0,2,5,1019,9.2,64,241,0.85,100,0,10000,1019,9.2,64,241,0.85,100,0,10000,1019,9.2,64,241,0.85,100,0,10000,1019,9.2,64,241,0.85,100,0,10000,1019,9.2,64,241,0.85,100,0,10000,1019,9.2,64,241,0.85,100,0,10000,1019,9.2,64,241,0.85,100,0,10000,1019,9.2,64,241,0.85,100,0,10000,1019,9.2,64,241,0.85,100,0,10000,1019,9.2,64,241,0.85,100,0,10000,1019,9.2,64,241,0.85,100,0,10000,1019,9.2,64,241,0.85,100,0,10000
1021,10.84,87,300,6.69,100,0,9000,11,0,2,5,1018,10.04,67,220,2.4,100,0,10000,1018,10.04,67,220,2.4,100,0,10000,1018,10.04,67,220,2.4,100,0,10000,1018,10.04,67,220,2.4,100,0,10000,1018,10.04,67,220,2.4,100,0,10000,1018,10.04,67,220,2.4,100,0,10000,1018,10.04,67,220,2.4,100,0,10000,1018,10.04,67,220,2.4,100,0,10000,1018,10.04,67,220,2.4,100,0,10000,1018,10.04,67,220,2.4,100,0,10000,1018,10.04,67,220,2.4,100,0,10000,1018,10.04,67,220,2.4,100,0,10000
1021,10.84,87,300,6.69,100,0,9000,14,0,2,5,1016,10.18,74,46,0.75,93,0,10000,1016,10.18,74,46,0.75,93,0,10000,1016,10.18,74,46,0.75,93,0,10000,1016,10.18,74,46,0.75,93,0,10000,1016,10.18,74,46,0.75,93,0,10000,1016,10.18,74,46,0.75,93,0,10000,1016,10.18,74,46,0.75,93,0,10000,1016,10.18,74,46,0.75,93,0,10000,1016,10.18,74,46,0.75,93,0,10000,1016,10.18,74,46,0.75,93,0,10000,1016,10.18,74,46,0.75,93,0,10000,1016,10.18,74,46,0.75,93,0,10000
1021,10.84,87,300,6.69,100,0,9000,17,0,2,5,1021,10.84,81,346,4.67,75,0,10000,1021,10.84,81,346,4.67,75,0,10000,1021,10.84,81,346,4.67,75,0,10000,1021,10.84,81,346,4.67,75,0,10000,1021,10.84,81,346,4.67,75,0,10000,1021,10.84,81,346,4.67,75,0,10000,1021,10.84,81,346,4.67,75,0,10000,1021,10.84,81,346,4.67,75,0,10000,1021,10.84,81,346,4.67,75,0,10000,1021,10.84,81,346,4.67,75,0,10000,1021,10.84,81,346,4.67,75,0,10000,1021,10.84,81,346,4.67,75,0,10000
1021,10.84,87,300,6.69,100,0,9000,20,0,2,5,1021,9.95,80,5,4.15,80,0,10000,1021,9.95,80,5,4.15,80,0,10000,1021,9.95,80,5,4.15,80,0,10000,1021,9.95,80,5,4.15,80,0,10000,1021,9.95,80,5,4.15,80,0,10000,1021,9.95,80,5,4.15,80,0,10000,1021,9.95,80,5,4.15,80,0,10000,1021,9.95,80,5,4.15,80,0,10000,1021,9.95,80,5,4.15,80,0,10000,1021,9.95,80,5,4.15,80,0,10000,1021,9.95,80,5,4.15,80,0,10000,1021,9.95,80,5,4.15,80,0,10000
1021,10.84,87,300,6.69,100,0,9000,23,0,2,5,1022,8.79,82,32,3.52,87,0,10000,1022,8.79,82,32,3.52,87,0,10000,1022,8.79,82,32,3.52,87,0,10000,1022,8.79,82,32,3.52,87,0,10000,1022,8.79,82,32,3.52,87,0,10000,1022,8.79,82,32,3.52,87,0,10000,1022,8.79,82,32,3.52,87,0,10000,1022,8.79,82,32,3.52,87,0,10000,1022,8.79,82,32,3.52,87,0,10000,1022,8.79,82,32,3.52,87,0,10000,1022,8.79,82,32,3.52,87,0,10000,1022,8.79,82,32,3.52,87,0,10000
1021,10.84,87,300,6.69,100,0,9000,2,0,3,5,1021,6.21,71,15,1.71,48,0,10000,1021,6.21,71,15,1.71,48,0,10000,1021,6.21,71,15,1.71,48,0,10000,1021,6.21,71,15,1.71,48,0,10000,1021,6.21,71,15,1.71,48,0,10000,1021,6.21,71,15,1.71,48,0,10000,1021,6.21,71,15,1.71,48,0,10000,1021,6.21,71,15,1.71,48,0,10000,1021,6.21,71,15,1.71,48,0,10000,1021,6.21,71,15,1.71,48,0,10000,1021,6.21,71,15,1.71,48,0,10000,1021,6.21,71,15,1.71,48,0,10000
1021,10.84,87,300,6.69,100,0,9000,5,0,3,5,1020,7.75,69,337,1.14,75,0,10000,1020,7.75,69,337,1.14,75,0,10000,1020,7.75,69,337,1.14,75,0,10000,1020,7.75,69,337,1.14,75,0,10000,1020,7.75,69,337,1.14,75,0,10000,1020,7.75,69,337,1.14,75,0,10000,1020,7.75,69,337,1.14,75,0,10000,1020,7.75,69,337,1.14,75,0,10000,1020,7.75,69,337,1.14,75,0,10000,1020,7.75,69,337,1.14,75,0,10000,1020,7.75,69,337,1.14,75,0,10000,1020,7.75,69,337,1.14,75,0,10000
1021,10.84,87,300,6.69,100,0,9000,8,0,3,5,1019,9.2,64,241,0.85,100,0,10000,1019,9.2,64,241,0.85,100,0,10000,1019,9.2,64,241,0.85,100,0,10000,1019,9.2,64,241,0.85,100,0,10000,1019,9.2,64,241,0.85,100,0,10000,1019,9.2,64,241,0.85,100,0,10000,1019,9.2,64,241,0.85,100,0,10000,1019,9.2,64,241,0.85,100,0,10000,1019,9.2,64,241,0.85,100,0,10000,1019,9.2,64,241,0.85,100,0,10000,1019,9.2,64,241,0.85,100,0,10000,1019,9.2,64,241,0.85,100,0,10000
1021,10.84,87,300,6.69,100,0,9000,11,0,3,5,1018,10.04,67,220,2.4,100,0,10000,1018,10.04,67,220,2.4,100,0,10000,1018,10.04,67,220,2.4,100,0,10000,1018,10.04,67,220,2.4,100,0,10000,1018,10.04,67,220,2.4,100,0,10000,1018,10.04,67,220,2.4,100,0,10000,1018,10.04,67,220,2.4,100,0,10000,1018,10.04,67,220,2.4,100,0,10000,1018,10.04,67,220,2.4,100,0,10000,1018,10.04,67,220,2.4,100,0,10000,1018,10.04,67,220,2.4,100,0,10000,1018,10.04,67,220,2.4,100,0,10000
1021,10.84,87,300,6.69,100,0,9000,14,0,3,5,1016,10.18,74,46,0.75,93,0,10000,1016,10.18,74,46,0.75,93,0,10000,1016,10.18,74,46,0.75,93,0,10000,1016,10.18,74,46,0.75,93,0,10000,1016,10.18,74,46,0.75,93,0,10000,1016,10.18,74,46,0.75,93,0,10000,1016,10.18,74,46,0.75,93,0,10000,1016,10.18,74,46,0.75,93,0,10000,1016,10.18,74,46,0.75,93,0,10000,1016,10.18,74,46,0.75,93,0,10000,1016,10.18,74,46,0.75,93,0,10000,1016,10.18,74,46,0.75,93,0,10000
1021,10.84,87,300,6.69,100,0,9000,17,0,3,5,1021,10.84,81,346,4.67,75,0,10000,1021,10.84,81,346,4.67,75,0,10000,1021,10.84,81,346,4.67,75,0,10000,1021,10.84,81,346,4.67,75,0,10000,1021,10.84,81,346,4.67,75,0,10000,1021,10.84,81,346,4.67,75,0,10000,1021,10.84,81,346,4.67,75,0,10000,1021,10.84,81,346,4.67,75,0,10000,1021,10.84,81,346,4.67,75,0,10000,1021,10.84,81,346,4.67,75,0,10000,1021,10.84,81,346,4.67,75,0,10000,1021,10.84,81,346,4.67,75,0,10000
1021,10.84,87,300,6.69,100,0,9000,20,0,3,5,1021,9.95,80,5,4.15,80,0,10000,1021,9.95,80,5,4.15,80,0,10000,1021,9.95,80,5,4.15,80,0,10000,1021,9.95,80,5,4.15,80,0,10000,1021,9.95,80,5,4.15,80,0,10000,1021,9.95,80,5,4.15,80,0,10000,1021,9.95,80,5,4.15,80,0,10000,1021,9.95,80,5,4.15,80,0,10000,1021,9.95,80,5,4.15,80,0,10000,1021,9.95,80,5,4.15,80,0,10000,1021,9.95,80,5,4.15,80,0,10000,1021,9.95,80,5,4.15,80,0,10000
1021,10.84,87,300,6.69,100,0,9000,23,0,3,5,1022,8.79,82,32,3.52,87,0,10000,1022,8.79,82,32,3.52,87,0,10000,1022,8.79,82,32,3.52,87,0,10000,1022,8.79,82,32,3.52,87,0,10000,1022,8.79,82,32,3.52,87,0,10000,1022,8.79,82,32,3.52,87,0,10000,1022,8.79,82,32,3.52,87,0,10000,1022,8.79,82,32,3.52,87,0,10000,1022,8.79,82,32,3.52,87,0,10000,1022,8.79,82,32,3.52,87,0,10000,1022,8.79,82,32,3.52,87,0,10000,1022,8.79,82,32,3.52,87,0,10000
1021,10.84,87,300,6.69,100,0,9000,2,0,4,5,1021,6.21,71,15,1.71,48,0,10000,1021,6.21,71,15,1.71,48,0,10000,1021,6.21,71,15,1.71,48,0,10000,1021,6.21,71,15,1.71,48,0,10000,1021,6.21,71,15,1.71,48,0,10000,1021,6.21,71,15,1.71,48,0,10000,1021,6.21,71,15,1.71,48,0,10000,1021,6.21,71,15,1.71,48,0,10000,1021,6.21,71,15,1.71,48,0,10000,1021,6.21,71,15,1.71,48,0,10000,1021,6.21,71,15,1.71,48,0,10000,1021,6.21,71,15,1.71,48,0,10000
1021,10.84,87,300,6.69,100,0,9000,5,0,4,5,1020,7.75,69,337,1.14,75,0,10000,1020,7.75,69,337,1.14,75,0,10000,1020,7.75,69,337,1.14,75,0,10000,1020,7.75,69,337,1.14,75,0,10000,1020,7.75,69,337,1.14,75,0,10000,1020,7.75,69,337,1.14,75,0,10000,1020,7.75,69,337,1.14,75,0,10000,1020,7.75,69,337,1.14,75,0,10000,1020,7.75,69,337,1.14,75,0,10000,1020,7.75,69,337,1.14,75,0,10000,1020,7.75,69,337,1.14,75,0,10000,1020,7.75,69,337,1.14,75,0,10000
1021,10.84,87,300,6.69,100,0,9000,8,0,4,5,1019,9.2,64,241,0.85,100,0,10000,1019,9.2,64,241,0.85,100,0,10000,1019,9.2,64,241,0.85,100,0,10000,1019,9.2,64,241,0.85,100,0,10000,1019,9.2,64,241,0.85,100,0,10000,1019,9.2,64,241,0.85,100,0,10000,1019,9.2,64,241,0.85,100,0,10000,1019,9.2,64,241,0.85,100,0,10000,1019,9.2,64,241,0.85,100,0,10000,1019,9.2,64,241,0.85,100,0,10000,1019,9.2,64,241,0.85,100,0,10000,1019,9.2,64,241,0.85,100,0,10000
1021,10.84,87,300,6.69,100,0,9000,11,0,4,5,1018,10.04,67,220,2.4,100,0,10000,1018,10.04,67,220,2.4,100,0,10000,1018,10.04,67,220,2.4,100,0,10000,1018,10.04,67,220,2.4,100,0,10000,1018,10.04,67,220,2.4,100,0,10000,1018,10.04,67,220,2.4,100,0,10000,1018,10.04,67,220,2.4,100,0,10000,1018,10.04,67,220,2.4,100,0,10000,1018,10.04,67,220,2.4,100,0,10000,1018,10.04,67,220,2.4,100,0,10000,1018,10.04,67,220,2.4,100,0,10000,1018,10.04,67,220,2.4,100,0,10000
1021,10.84,87,300,6.69,100,0,9000,14,0,4,5,1016,10.18,74,46,0.75,93,0,10000,1016,10.18,74,46,0.75,93,0,10000,1016,10.18,74,46,0.75,93,0,10000,1016,10.18,74,46,0.75,93,0,10000,1016,10.18,74,46,0.75,93,0,10000,1016,10.18,74,46,0.75,93,0,10000,1016,10.18,74,46,0.75,93,0,10000,1016,10.18,74,46,0.75,93,0,10000,1016,10.18,74,46,0.75,93,0,10000,1016,10.18,74,46,0.75,93,0,10000,1016,10.18,74,46,0.75,93,0,10000,1016,10.18,74,46,0.75,93,0,10000
1021,10.84,87,300,6.69,100,0,9000,17,0,4,5,1021,10.84,81,346,4.67,75,0,10000,1021,10.84,81,346,4.67,75,0,10000,1021,10.84,81,346,4.67,75,0,10000,1021,10.84,81,346,4.67,75,0,10000,1021,10.84,81,346,4.67,75,0,10000,1021,10.84,81,346,4.67,75,0,10000,1021,10.84,81,346,4.67,75,0,10000,1021,10.84,81,346,4.67,75,0,10000,1021,10.84,81,346,4.67,75,0,10000,1021,10.84,81,346,4.67,75,0,10000,1021,10.84,81,346,4.67,75,0,10000,1021,10.84,81,346,4.67,75,0,10000
1021,10.84,87,300,6.69,100,0,9000,20,0,4,5,1021,9.95,80,5,4.15,80,0,10000,1021,9.95,80,5,4.15,80,0,10000,1021,9.95,80,5,4.15,80,0,10000,1021,9.95,80,5,4.15,80,0,10000,1021,9.95,80,5,4.15,80,0,10000,1021,9.95,80,5,4.15,80,0,10000,1021,9.95,80,5,4.15,80,0,10000,1021,9.95,80,5,4.15,80,0,10000,1021,9.95,80,5,4.15,80,0,10000,1021,9.95,80,5,4.15,80,0,10000,1021,9.95,80,5,4.15,80,0,10000,1021,9.95,80,5,4.15,80,0,10000
1021,10.84,87,300,6.69,100,0,9000,23,0,4,5,1022,8.79,82,32,3.52,87,0,10000,1022,8.79,82,32,3.52,87,0,10000,1022,8.79,82,32,3.52,87,0,10000,1022,8.79,82,32,3.52,87,0,10000,1022,8.79,82,32,3.52,87,0,10000,1022,8.79,82,32,3.52,87,0,10000,1022,8.79,82,32,3.52,87,0,10000,1022,8.79,82,32,3.52,87,0,10000,1022,8.79,82,32,3.52,87,0,10000,1022,8.79,82,32,3.52,87,0,10000,1022,8.79,82,32,3.52,87,0,10000,1022,8.79,82,32,3.52,87,0,10000
1021,10.84,87,300,6.69,100,0,9000,2,0,5,5,1021,6.21,71,15,1.71,48,0,10000,1021,6.21,71,15,1.71,48,0,10000,1021,6.21,71,15,1.71,48,0,10000,1021,6.21,71,15,1.71,48,0,10000,1021,6.21,71,15,1.71,48,0,10000,1021,6.21,71,15,1.71,48,0,10000,1021,6.21,71,15,1.71,48,0,10000,1021,6.21,71,15,1.71,48,0,10000,1021,6.21,71,15,1.71,48,0,10000,1021,6.21,71,15,1.71,48,0,10000,1021,6.21,71,15,1.71,48,0,10000,1021,6.21,71,15,1.71,48,0,10000
1021,10.84,87,300,6.69,100,0,9000,5,0,5,5,1020,7.75,69,337,1.14,75,0,10000,1020,7.75,69,337,1.14,75,0,10000,1020,7.75,69,337,1.14,75,0,10000,1020,7.75,69,337,1.14,75,0,10000,1020,7.75,69,337,1.14,75,0,10000,1020,7.75,69,337,1.14,75,0,10000,1020,7.75,69,337,1.14,75,0,10000,1020,7.75,69,337,1.14,75,0,10000,1020,7.75,69,337,1.14,75,0,10000,1020,7.75,69,337,1.14,75,0,10000,1020,7.75,69,337,1.14,75,0,10000,1020,7.75,69,337,1.14,75,0,10000
1021,10.84,87,300,6.69,100,0,9000,8,0,5,5,1019,9.2,64,241,0.85,100,0,10000,1019,9.2,64,241,0.85,100,0,10000,1019,9.2,64,241,0.85,100,0,10000,1019,9.2,64,241,0.85,100,0,10000,1019,9.2,64,241,0.85,100,0,10000,1019,9.2,64,241,0.85,100,0,10000,1019,9.2,64,241,0.85,100,0,10000,1019,9.2,64,241,0.85,100,0,10000,1019,9.2,64,241,0.85,100,0,10000,1019,9.2,64,241,0.85,100,0,10000,1019,9.2,64,241,0.85,100,0,10000,1019,9.2,64,241,0.85,100,0,10000
1021,10.84,87,300,6.69,100,0,9000,11,0,5,5,1018,10.04,67,220,2.4,100,0,10000,1018,10.04,67,220,2.4,100,0,10000,1018,10.04,67,220,2.4,100,0,10000,1018,10.04,67,220,2.4,100,0,10000,1018,10.04,67,220,2.4,100,0,10000,1018,10.04,67,220,2.4,100,0,10000,1018,10.04,67,220,2.4,100,0,10000,1018,10.04,67,220,2.4,100,0,10000,1018,10.04,67,220,2.4,100,0,10000,1018,10.04,67,220,2.4,100,0,10000,1018,10.04,67,220,2.4,100,0,10000,1018,10.04,67,220,2.4,100,0,10000
1021,10.84,87,300,6.69,100,0,9000,14,0,5,5,1016,10.18,74,46,0.75,93,0,10000,1016,10.18,74,46,0.75,93,0,10000,1016,10.18,74,46,0.75,93,0,10000,1016,10.18,74,46,0.75,93,0,10000,1016,10.18,74,46,0.75,93,0,10000,1016,10.18,74,46,0.75,93,0,10000,1016,10.18,74,46,0.75,93,0,10000,1016,10.18,74,46,0.75,93,0,10000,1016,10.18,74,46,0.75,93,0,10000,1016,10.18,74,46,0.75,93,0,10000,1016,10.18,74,46,0.75,93,0,10000,1016,10.18,74,46,0.75,93,0,10000
1021,10.84,87,300,6.69,100,0,9000,17,0,5,5,1021,10.84,81,346,4.67,75,0,10000,1021,10.84,81,346,4.67,75,0,10000,1021,10.84,81,346,4.67,75,0,10000,1021,10.84,81,346,4.67,75,0,10000,1021,10.84,81,346,4.67,75,0,10000,1021,10.84,81,346,4.67,75,0,10000,1021,10.84,81,346,4.67,75,0,10000,1021,10.84,81,346,4.67,75,0,10000,1021,10.84,81,346,4.67,75,0,10000,1021,10.84,81,346,4.67,75,0,10000,1021,10.84,81,346,4.67,75,0,10000,1021,10.84,81,346,4.67,75,0,10000
1021,10.84,87,300,6.69,100,0,9000,20,0,5,5,1021,9.95,80,5,4.15,80,0,10000,1021,9.95,80,5,4.15,80,0,10000,1021,9.95,80,5,4.15,80,0,10000,1021,9.95,80,5,4.15,80,0,10000,1021,9.95,80,5,4.15,80,0,10000,1021,9.95,80,5,4.15,80,0,10000,1021,9.95,80,5,4.15,80,0,10000,1021,9.95,80,5,4.15,80,0,10000,1021,9.95,80,5,4.15,80,0,10000,1021,9.95,80,5,4.15,80,0,10000,1021,9.95,80,5,4.15,80,0,10000,1021,9.95,80,5,4.15,80,0,10000
1021,10.84,87,300,6.69,100,0,9000,23,0,5,5,1022,8.79,82,32,3.52,87,0,10000,1022,8.79,82,32,3.52,87,0,10000,1022,8.79,82,32,3.52,87,0,10000,1022,8.79,82,32,3.52,87,0,10000,1022,8.79,82,32,3.52,87,0,10000,1022,8.79,82,32,3.52,87,0,10000,1022,8.79,82,32,3.52,87,0,10000,1022,8.79,82,32,3.52,87,0,10000,1022,8.79,82,32,3.52,87,0,10000,1022,8.79,82,32,3.52,87,0,10000,1022,8.79,82,32,3.52,87,0,10000,1022,8.79,82,32,3.52,87,0,10000
1021,10.84,87,300,6.69,100,0,9000,2,0,6,5,1021,6.21,71,15,1.71,48,0,10000,1021,6.21,71,15,1.71,48,0,10000,1021,6.21,71,15,1.71,48,0,10000,1021,6.21,71,15,1.71,48,0,10000,1021,6.21,71,15,1.71,48,0,10000,1021,6.21,71,15,1.71,48,0,10000,1021,6.21,71,15,1.71,48,0,10000,1021,6.21,71,15,1.71,48,0,10000,1021,6.21,71,15,1.71,48,0,10000,1021,6.21,71,15,1.71,48,0,10000,1021,6.21,71,15,1.71,48,0,10000,1021,6.21,71,15,1.71,48,0,10000
1021,10.84,87,300,6.69,100,0,9000,5,0,6,5,1020,7.75,69,337,1.14,75,0,10000,1020,7.75,69,337,1.14,75,0,10000,1020,7.75,69,337,1.14,75,0,10000,1020,7.75,69,337,1.14,75,0,10000,1020,7.75,69,337,1.14,75,0,10000,1020,7.75,69,337,1.14,75,0,10000,1020,7.75,69,337,1.14,75,0,10000,1020,7.75,69,337,1.14,75,0,10000,1020,7.75,69,337,1.14,75,0,10000,1020,7.75,69,337,1.14,75,0,10000,1020,7.75,69,337,1.14,75,0,10000,1020,7.75,69,337,1.14,75,0,10000
1021,10.84,87,300,6.69,100,0,9000,8,0,6,5,1019,9.2,64,241,0.85,100,0,10000,1019,9.2,64,241,0.85,100,0,10000,1019,9.2,64,241,0.85,100,0,10000,1019,9.2,64,241,0.85,100,0,10000,1019,9.2,64,241,0.85,100,0,10000,1019,9.2,64,241,0.85,100,0,10000,1019,9.2,64,241,0.85,100,0,10000,1019,9.2,64,241,0.85,100,0,10000,1019,9.2,64,241,0.85,100,0,10000,1019,9.2,64,241,0.85,100,0,10000,1019,9.2,64,241,0.85,100,0,10000,1019,9.2,64,241,0.85,100,0,10000
1021,10.84,87,300,6.69,100,0,9000,11,0,6,5,1018,10.04,67,220,2.4,100,0,10000,1018,10.04,67,220,2.4,100,0,10000,1018,10.04,67,220,2.4,100,0,10000,1018,10.04,67,220,2.4,100,0,10000,1018,10.04,67,220,2.4,100,0,10000,1018,10.04,67,220,2.4,100,0,10000,1018,10.04,67,220,2.4,100,0,10000,1018,10.04,67,220,2.4,100,0,10000,1018,10.04,67,220,2.4,100,0,10000,1018,10.04,67,220,2.4,100,0,10000,1018,10.04,67,220,2.4,100,0,10000,1018,10.04,67,220,2.4,100,0,10000
1021,10.84,87,300,6.69,100,0,9000,14,0,6,5,1016,10.18,74,46,0.75,93,0,10000,1016,10.18,74,46,0.75,93,0,10000,1016,10.18,74,46,0.75,93,0,10000,1016,10.18,74,46,0.75,93,0,10000,1016,10.18,74,46,0.75,93,0,10000,1016,10.18,74,46,0.75,93,0,10000,1016,10.18,74,46,0.75,93,0,10000,1016,10.18,74,46,0.75,93,0,10000,1016,10.18,74,46,0.75,93,0,10000,1016,10.18,74,46,0.75,93,0,10000,1016,10.18,74,46,0.75,93,0,10000,1016,10.18,74,46,0.75,93,0,10000
1021,10.84,87,300,6.69,100,0,9000,17,0,6,5,1021,10.84,81,346,4.67,75,0,10000,1021,10.84,81,346,4.67,75,0,10000,1021,10.84,81,346,4.67,75,0,10000,1021,10.84,81,346,4.67,75,0,10000,1021,10.84,81,346,4.67,75,0,10000,1021,10.84,81,346,4.67,75,0,10000,1021,10.84,81,346,4.67,75,0,10000,1021,10.84,81,346,4.67,75,0,10000,1021,10.84,81,346,4.67,75,0,10000,1021,10.84,81,346,4.67,75,0,10000,1021,10.84,81,346,4.67,75,0,10000,1021,10.84,81,346,4.67,75,0,10000
1021,10.84,87,300,6.69,100,0,9000,20,0,6,5,1021,9.95,80,5,4.15,80,0,10000,1021,9.95,80,5,4.15,80,0,10000,1021,9.95,80,5,4.15,80,0,10000,1021,9.95,80,5,4.15,80,0,10000,1021,9.95,80,5,4.15,80,0,10000,1021,9.95,80,5,4.15,80,0,10000,1021,9.95,80,5,4.15,80,0,10000,1021,9.95,80,5,4.15,80,0,10000,1021,9.95,80,5,4.15,80,0,10000,1021,9.95,80,5,4.15,80,0,10000,1021,9.95,80,5,4.15,80,0,10000,1021,9.95,80,5,4.15,80,0,10000
1021,10.84,87,300,6.69,100,0,9000,23,0,6,5,1022,8.79,82,32,3.52,87,0,10000,1022,8.79,82,32,3.52,87,0,10000,1022,8.79,82,32,3.52,87,0,10000,1022,8.79,82,32,3.52,87,0,10000,1022,8.79,82,32,3.52,87,0,10000,1022,8.79,82,32,3.52,87,0,10000,1022,8.79,82,32,3.52,87,0,10000,1022,8.79,82,32,3.52,87,0,10000,1022,8.79,82,32,3.52,87,0,10000,1022,8.79,82,32,3.52,87,0,10000,1022,8.79,82,32,3.52,87,0,10000,1022,8.79,82,32,3.52,87,0,10000
1021,10.84,87,300,6.69,100,0,9000,2,0,7,5,1021,6.21,71,15,1.71,48,0,10000,1021,6.21,71,15,1.71,48,0,10000,1021,6.21,71,15,1.71,48,0,10000,1021,6.21,71,15,1.71,48,0,10000,1021,6.21,71,15,1.71,48,0,10000,1021,6.21,71,15,1.71,48,0,10000,1021,6.21,71,15,1.71,48,0,10000,1021,6.21,71,15,1.71,48,0,10000,1021,6.21,71,15,1.71,48,0,10000,1021,6.21,71,15,1.71,48,0,10000,1021,6.21,71,15,1.71,48,0,10000,1021,6.21,71,15,1.71,48,0,10000
1021,10.84,87,300,6.69,100,0,9000,5,0,7,5,1020,7.75,69,337,1.14,75,0,10000,1020,7.75,69,337,1.14,75,0,10000,1020,7.75,69,337,1.14,75,0,10000,1020,7.75,69,337,1.14,75,0,10000,1020,7.75,69,337,1.14,75,0,10000,1020,7.75,69,337,1.14,75,0,10000,1020,7.75,69,337,1.14,75,0,10000,1020,7.75,69,337,1.14,75,0,10000,1020,7.75,69,337,1.14,75,0,10000,1020,7.75,69,337,1.14,75,0,10000,1020,7.75,69,337,1.14,75,0,10000,1020,7.75,69,337,1.14,75,0,10000
1021,10.84,87,300,6.69,100,0,9000,8,0,7,5,1019,9.2,64,241,0.85,100,0,10000,1019,9.2,64,241,0.85,100,0,10000,1019,9.2,64,241,0.85,100,0,10000,1019,9.2,64,241,0.85,100,0,10000,1019,9.2,64,241,0.85,100,0,10000,1019,9.2,64,241,0.85,100,0,10000,1019,9.2,64,241,0.85,100,0,10000,1019,9.2,64,241,0.85,100,0,10000,1019,9.2,64,241,0.85,100,0,10000,1019,9.2,64,241,0.85,100,0,10000,1019,9.2,64,241,0.85,100,0,10000,1019,9.2,64,241,0.85,100,0,10000
1021,10.84,87,300,6.69,100,0,9000,11,0,7,5,1018,10.04,67,220,2.4,100,0,10000,1018,10.04,67,220,2.4,100,0,10000,1018,10.04,67,220,2.4,100,0,10000,1018,10.04,67,220,2.4,100,0,10000,1018,10.04,67,220,2.4,100,0,10000,1018,10.04,67,220,2.4,100,0,10000,1018,10.04,67,220,2.4,100,0,10000,1018,10.04,67,220,2.4,100,0,10000,1018,10.04,67,220,2.4,100,0,10000,1018,10.04,67,220,2.4,100,0,10000,1018,10.04,67,220,2.4,100,0,10000,1018,10.04,67,220,2.4,100,0,10000
1021,10.84,87,300,6.69,100,0,9000,14,0,7,5,1016,10.18,74,46,0.75,93,0,10000,1016,10.18,74,46,0.75,93,0,10000,1016,10.18,74,46,0.75,93,0,10000,1016,10.18,74,46,0.75,93,0,10000,1016,10.18,74,46,0.75,93,0,10000,1016,10.18,74,46,0.75,93,0,10000,1016,10.18,74,46,0.75,93,0,10000,1016,10.18,74,46,0.75,93,0,10000,1016,10.18,74,46,0.75,93,0,10000,1016,10.18,74,46,0.75,93,0,10000,1016,10.18,74,46,0.75,93,0,10000,1016,10.18,74,46,0.75,93,0,10000
1021,10.84,87,300,6.69,100,0,9000,17,0,7,5,1021,10.84,81,346,4.67,75,0,10000,1021,10.84,81,346,4.67,75,0,10000,1021,10.84,81,346,4.67,75,0,10000,1021,10.84,81,346,4.67,75,0,10000,1021,10.84,81,346,4.67,75,0,10000,1021,10.84,81,346,4.67,75,0,10000,1021,10.84,81,346,4.67,75,0,10000,1021,10.84,81,346,4.67,75,0,10000,1021,10.84,81,346,4.67,75,0,10000,1021,10.84,81,346,4.67,75,0,10000,1021,10.84,81,346,4.67,75,0,10000,1021,10.84,81,346,4.67,75,0,10000
1021,10.84,87,300,6.69,100,0,9000,20,0,7,5,1021,9.95,80,5,4.15,80,0,10000,1021,9.95,80,5,4.15,80,0,10000,1021,9.95,80,5,4.15,80,0,10000,1021,9.95,80,5,4.15,80,0,10000,1021,9.95,80,5,4.15,80,0,10000,1021,9.95,80,5,4.15,80,0,10000,1021,9.95,80,5,4.15,80,0,10000,1021,9.95,80,5,4.15,80,0,10000,1021,9.95,80,5,4.15,80,0,10000,1021,9.95,80,5,4.15,80,0,10000,1021,9.95,80,5,4.15,80,0,10000,1021,9.95,80,5,4.15,80,0,10000
1021,10.84,87,300,6.69,100,0,9000,23,0,7,5,1022,8.79,82,32,3.52,87,0,10000,1022,8.79,82,32,3.52,87,0,10000,1022,8.79,82,32,3.52,87,0,10000,1022,8.79,82,32,3.52,87,0,10000,1022,8.79,82,32,3.52,87,0,10000,1022,8.79,82,32,3.52,87,0,10000,1022,8.79,82,32,3.52,87,0,10000,1022,8.79,82,32,3.52,87,0,10000,1022,8.79,82,32,3.52,87,0,10000,1022,8.79,82,32,3.52,87,0,10000,1022,8.79,82,32,3.52,87,0,10000,1022,8.79,82,32,3.52,87,0,10000
1021,10.84,87,300,6.69,100,0,9000,2,0,8,5,1021,6.21,71,15,1.71,48,0,10000,1021,6.21,71,15,1.71,48,0,10000,1021,6.21,71,15,1.71,48,0,10000,1021,6.21,71,15,1.71,48,0,10000,1021,6.21,71,15,1.71,48,0,10000,1021,6.21,71,15,1.71,48,0,10000,1021,6.21,71,15,1.71,48,0,10000,1021,6.21,71,15,1.71,48,0,10000,1021,6.21,71,15,1.71,48,0,10000,1021,6.21,71,15,1.71,48,0,10000,1021,6.21,71,15,1.71,48,0,10000,1021,6.21,71,15,1.71,48,0,10000
1021,10.84,87,300,6.69,100,0,9000,5,0,8,5,1020,7.75,69,337,1.14,75,0,10000,1020,7.75,69,337,1.14,75,0,10000,1020,7.75,69,337,1.14,75,0,10000,1020,7.75,69,337,1.14,75,0,10000,1020,7.75,69,337,1.14,75,0,10000,1020,7.75,69,337,1.14,75,0,10000,1020,7.75,69,337,1.14,75,0,10000,1020,7.75,69,337,1.14,75,0,10000,1020,7.75,69,337,1.14,75,0,10000,1020,7.75,69,337,1.14,75,0,10000,1020,7.75,69,337,1.14,75,0,10000,1020,7.75,69,337,1.14,75,0,10000
1021,10.84,87,300,6.69,100,0,9000,8,0,8,5,1019,9.2,64,241,0.85,100,0,10000,1019,9.2,64,241,0.85,100,0,10000,1019,9.2,64,241,0.85,100,0,10000,1019,9.2,64,241,0.85,100,0,10000,1019,9.2,64,241,0.85,100,0,10000,1019,9.2,64,241,0.85,100,0,10000,1019,9.2,64,241,0.85,100,0,10000,1019,9.2,64,241,0.85,100,0,10000,1019,9.2,64,241,0.85,100,0,10000,1019,9.2,64,241,0.85,100,0,10000,1019,9.2,64,241,0.85,100,0,10000,1019,9.2,64,241,0.85,100,0,10000
1021,10.84,87,300,6.69,100,0,9000,11,0,8,5,1018,10.04,67,220,2.4,100,0,10000,1018,10.04,67,220,2.4,100,0,10000,1018,10.04,67,220,2.4,100,0,10000,1018,10.04,67,220,2.4,100,0,10000,1018,10.04,67,220,2.4,100,0,10000,1018,10.04,67,220,2.4,100,0,10000,1018,10.04,67,220,2.4,100,0,10000,1018,10.04,67,220,2.4,100,0,10000,1018,10.04,67,220,2.4,100,0,10000,1018,10.04,67,220,2.4,100,0,10000,1018,10.04,67,220,2.4,100,0,10000,1018,10.04,67,220,2.4,100,0,10000
1021,10.84,87,300,6.69,100,0,9000,14,0,8,5,1016,10.18,74,46,0.75,93,0,10000,1016,10.18,74,46,0.75,93,0,10000,1016,10.18,74,46,0.75,93,0,10000,1016,10.18,74,46,0.75,93,0,10000,1016,10.18,74,46,0.75,93,0,10000,1016,10.18,74,46,0.75,93,0,10000,1016,10.18,74,46,0.75,93,0,10000,1016,10.18,74,46,0.75,93,0,10000,1016,10.18,74,46,0.75,93,0,10000,1016,10.18,74,46,0.75,93,0,10000,1016,10.18,74,46,0.75,93,0,10000,1016,10.18,74,46,0.75,93,0,10000
1021,10.84,87,300,6.69,100,0,9000,17,0,8,5,1021,10.84,81,346,4.67,75,0,10000,1021,10.84,81,346,4.67,75,0,10000,1021,10.84,81,346,4.67,75,0,10000,1021,10.84,81,346,4.67,75,0,10000,1021,10.84,81,346,4.67,75,0,10000,1021,10.84,81,346,4.67,75,0,10000,1021,10.84,81,346,4.67,75,0,10000,1021,10.84,81,346,4.67,75,0,10000,1021,10.84,81,346,4.67,75,0,10000,1021,10.84,81,346,4.67,75,0,10000,1021,10.84,81,346,4.67,75,0,10000,1021,10.84,81,346,4.67,75,0,10000
1021,10.84,87,300,6.69,100,0,9000,20,0,8,5,1021,9.95,80,5,4.15,80,0,10000,1021,9.95,80,5,4.15,80,0,10000,1021,9.95,80,5,4.15,80,0,10000,1021,9.95,80,5,4.15,80,0,10000,1021,9.95,80,5,4.15,80,0,10000,1021,9.95,80,5,4.15,80,0,10000,1021,9.95,80,5,4.15,80,0,10000,1021,9.95,80,5,4.15,80,0,10000,1021,9.95,80,5,4.15,80,0,10000,1021,9.95,80,5,4.15,80,0,10000,1021,9.95,80,5,4.15,80,0,10000,1021,9.95,80,5,4.15,80,0,10000
1021,10.84,87,300,6.69,100,0,9000,23,0,8,5,1022,8.79,82,32,3.52,87,0,10000,1022,8.79,82,32,3.52,87,0,10000,1022,8.79,82,32,3.52,87,0,10000,1022,8.79,82,32,3.52,87,0,10000,1022,8.79,82,32,3.52,87,0,10000,1022,8.79,82,32,3.52,87,0,10000,1022,8.79,82,32,3.52,87,0,10000,1022,8.79,82,32,3.52,87,0,10000,1022,8.79,82,32,3.52,87,0,10000,1022,8.79,82,32,3.52,87,0,10000,1022,8.79,82,32,3.52,87,0,10000,1022,8.79,82,32,3.52,87,0,10000
1021,10.84,87,300,6.69,100,0,9000,2,0,9,5,1021,6.21,71,15,1.71,48,0,10000,1021,6.21,71,15,1.71,48,0,10000,1021,6.21,71,15,1.71,48,0,10000,1021,6.21,71,15,1.71,48,0,10000,1021,6.21,71,15,1.71,48,0,10000,1021,6.21,71,15,1.71,48,0,10000,1021,6.21,71,15,1.71,48,0,10000,1021,6.21,71,15,1.71,48,0,10000,1021,6.21,71,15,1.71,48,0,10000,1021,6.21,71,15,1.71,48,0,10000,1021,6.21,71,15,1.71,48,0,10000,1021,6.21,71,15,1.71,48,0,10000
1021,10.84,87,300,6.69,100,0,9000,5,0,9,5,1020,7.75,69,337,1.14,75,0,10000,1020,7.75,69,337,1.14,75,0,10000,1020,7.75,69,337,1.14,75,0,10000,1020,7.75,69,337,1.14,75,0,10000,1020,7.75,69,337,1.14,75,0,10000,1020,7.75,69,337,1.14,75,0,10000,1020,7.75,69,337,1.14,75,0,10000,1020,7.75,69,337,1.14,75,0,10000,1020,7.75,69,337,1.14,75,0,10000,1020,7.75,69,337,1.14,75,0,10000,1020,7.75,69,337,1.14,75,0,10000,1020,7.75,69,337,1.14,75,0,10000
1021,10.84,87,300,6.69,100,0,9000,8,0,9,5,1019,9.2,64,241,0.85,100,0,10000,1019,9.2,64,241,0.85,100,0,10000,1019,9.2,64,241,0.85,100,0,10000,1019,9.2,64,241,0.85,100,0,10000,1019,9.2,64,241,0.85,100,0,10000,1019,9.2,64,241,0.85,100,0,10000,1019,9.2,64,241,0.85,100,0,10000,1019,9.2,64,241,0.85,100,0,10000,1019,9.2,64,241,0.85,100,0,10000,1019,9.2,64,241,0.85,100,0,10000,1019,9.2,64,241,0.85,100,0,10000,1019,9.2,64,241,0.85,100,0,10000
1021,10.84,87,300,6.69,100,0,9000,11,0,9,5,1018,10.04,67,220,2.4,100,0,10000,1018,10.04,67,220,2.4,100,0,10000,1018,10.04,67,220,2.4,100,0,10000,1018,10.04,67,220,2.4,100,0,10000,1018,10.04,67,220,2.4,100,0,10000,1018,10.04,67,220,2.4,100,0,10000,1018,10.04,67,220,2.4,100,0,10000,1018,10.04,67,220,2.4,100,0,10000,1018,10.04,67,220,2.4,100,0,10000,1018,10.04,67,220,2.4,100,0,10000,1018,10.04,67,220,2.4,100,0,10000,1018,10.04,67,220,2.4,100,0,10000
1021,10.84,87,300,6.69,100,0,9000,14,0,9,5,1016,10.18,74,46,0.75,93,0,10000,1016,10.18,74,46,0.75,93,0,10000,1016,10.18,74,46,0.75,93,0,10000,1016,10.18,74,46,0.75,93,0,10000,1016,10.18,74,46,0.75,93,0,10000,1016,10.18,74,46,0.75,93,0,10000,1016,10.18,74,46,0.75,93,0,10000,1016,10.18,74,46,0.75,93,0,10000,1016,10.18,74,46,0.75,93,0,10000,1016,10.18,74,46,0.75,93,0,10000,1016,10.18,74,46,0.75,93,0,10000,1016,10.18,74,46,0.75,93,0,10000
1021,10.84,87,300,6.69,100,0,9000,17,0,9,5,1021,10.84,81,346,4.67,75,0,10000,1021,10.84,81,346,4.67,75,0,10000,1021,10.84,81,346,4.67,75,0,10000,1021,10.84,81,346,4.67,75,0,10000,1021,10.84,81,346,4.67,75,0,10000,1021,10.84,81,346,4.67,75,0,10000,1021,10.84,81,346,4.67,75,0,10000,1021,10.84,81,346,4.67,75,0,10000,1021,10.84,81,346,4.67,75,0,10000,1021,10.84,81,346,4.67,75,0,10000,1021,10.84,81,346,4.67,75,0,10000,1021,10.84,81,346,4.67,75,0,10000
1021,10.84,87,300,6.69,100,0,9000,20,0,9,5,1021,9.95,80,5,4.15,80,0,10000,1021,9.95,80,5,4.15,80,0,10000,1021,9.95,80,5,4.15,80,0,10000,1021,9.95,80,5,4.15,80,0,10000,1021,9.95,80,5,4.15,80,0,10000,1021,9.95,80,5,4.15,80,0,10000,1021,9.95,80,5,4.15,80,0,10000,1021,9.95,80,5,4.15,80,0,10000,1021,9.95,80,5,4.15,80,0,10000,1021,9.95,80,5,4.15,80,0,10000,1021,9.95,80,5,4.15,80,0,10000,1021,9.95,80,5,4.15,80,0,10000
1021,10.84,87,300,6.69,100,0,9000,23,0,9,5,1022,8.79,82,32,3.52,87,0,10000,1022,8.79,82,32,3.52,87,0,10000,1022,8.79,82,32,3.52,87,0,10000,1022,8.79,82,32,3.52,87,0,10000,1022,8.79,82,32,3.52,87,0,10000,1022,8.79,82,32,3.52,87,0,10000,1022,8.79,82,32,3.52,87,0,10000,1022,8.79,82,32,3.52,87,0,10000,1022,8.79,82,32,3.52,87,0,10000,1022,8.79,82,32,3.52,87,0,10000,1022,8.79,82,32,3.52,87,0,10000,1022,8.79,82,32,3.52,87,0,10000
1021,10.84,87,300,6.69,100,0,9000,2,0,10,5,1021,6.21,71,15,1.71,48,0,10000,1021,6.21,71,15,1.71,48,0,10000,1021,6.21,71,15,1.71,48,0,10000,1021,6.21,71,15,1.71,48,0,10000,1021,6.21,71,15,1.71,48,0,10000,1021,6.21,71,15,1.71,48,0,10000,1021,6.21,71,15,1.71,48,0,10000,1021,6.21,71,15,1.71,48,0,10000,1021,6.21,71,15,1.71,48,0,10000,1021,6.21,71,15,1.71,48,0,10000,1021,6.21,71,15,1.71,48,0,10000,1021,6.21,71,15,1.71,48,0,10000
1021,10.84,87,300,6.69,100,0,9000,5,0,10,5,1020,7.75,69,337,1.14,75,0,10000,1020,7.75,69,337,1.14,75,0,10000,1020,7.75,69,337,1.14,75,0,10000,1020,7.75,69,337,1.14,75,0,10000,1020,7.75,69,337,1.14,75,0,10000,1020,7.75,69,337,1.14,75,0,10000,1020,7.75,69,337,1.14,75,0,10000,1020,7.75,69,337,1.14,75,0,10000,1020,7.75,69,337,1.14,75,0,10000,1020,7.75,69,337,1.14,75,0,10000,1020,7.75,69,337,1.14,75,0,10000,1020,7.75,69,337,1.14,75,0,10000
1021,10.84,87,300,6.69,100,0,9000,8,0,10,5,1019,9.2,64,241,0.85,100,0,10000,1019,9.2,64,241,0.85,100,0,10000,1019,9.2,64,241,0.85,100,0,10000,1019,9.2,64,241,0.85,100,0,10000,1019,9.2,64,241,0.85,100,0,10000,1019,9.2,64,241,0.85,100,0,10000,1019,9.2,64,241,0.85,100,0,10000,1019,9.2,64,241,0.85,100,0,10000,1019,9.2,64,241,0.85,100,0,10000,1019,9.2,64,241,0.85,100,0,10000,1019,9.2,64,241,0.85,100,0,10000,1019,9.2,64,241,0.85,100,0,10000
1021,10.84,87,300,6.69,100,0,9000,11,0,10,5,1018,10.04,67,220,2.4,100,0,10000,1018,10.04,67,220,2.4,100,0,10000,1018,10.04,67,220,2.4,100,0,10000,1018,10.04,67,220,2.4,100,0,10000,1018,10.04,67,220,2.4,100,0,10000,1018,10.04,67,220,2.4,100,0,10000,1018,10.04,67,220,2.4,100,0,10000,1018,10.04,67,220,2.4,100,0,10000,1018,10.04,67,220,2.4,100,0,10000,1018,10.04,67,220,2.4,100,0,10000,1018,10.04,67,220,2.4,100,0,10000,1018,10.04,67,220,2.4,100,0,10000
1021,10.84,87,300,6.69,100,0,9000,14,0,10,5,1016,10.18,74,46,0.75,93,0,10000,1016,10.18,74,46,0.75,93,0,10000,1016,10.18,74,46,0.75,93,0,10000,1016,10.18,74,46,0.75,93,0,10000,1016,10.18,74,46,0.75,93,0,10000,1016,10.18,74,46,0.75,93,0,10000,1016,10.18,74,46,0.75,93,0,10000,1016,10.18,74,46,0.75,93,0,10000,1016,10.18,74,46,0.75,93,0,10000,1016,10.18,74,46,0.75,93,0,10000,1016,10.18,74,46,0.75,93,0,10000,1016,10.18,74,46,0.75,93,0,10000
1021,10.84,87,300,6.69,100,0,9000,17,0,10,5,1021,10.84,81,346,4.67,75,0,10000,1021,10.84,81,346,4.67,75,0,10000,1021,10.84,81,346,4.67,75,0,10000,1021,10.84,81,346,4.67,75,0,10000,1021,10.84,81,346,4.67,75,0,10000,1021,10.84,81,346,4.67,75,0,10000,1021,10.84,81,346,4.67,75,0,10000,1021,10.84,81,346,4.67,75,0,10000,1021,10.84,81,346,4.67,75,0,10000,1021,10.84,81,346,4.67,75,0,10000,1021,10.84,81,346,4.67,75,0,10000,1021,10.84,81,346,4.67,75,0,10000
1021,10.84,87,300,6.69,100,0,9000,20,0,10,5,1021,9.95,84,5,4.15,97,0,10000,1021,9.95,84,5,4.15,97,0,10000,1021,9.95,84,5,4.15,97,0,10000,1021,9.95,84,5,4.15,97,0,10000,1021,9.95,84,5,4.15,97,0,10000,1021,9.95,84,5,4.15,97,0,10000,1021,9.95,84,5,4.15,97,0,10000,1021,9.95,84,5,4.15,97,0,10000,1021,9.95,84,5,4.15,97,0,10000,1021,9.95,84,5,4.15,97,0,10000,1021,9.95,84,5,4.15,97,0,10000,1021,9.95,84,5,4.15,97,0,10000
1021,10.84,87,300,6.69,100,0,9000,23,0,10,5,1022,8.79,83,32,3.52,95,0,10000,1022,8.79,83,32,3.52,95,0,10000,1022,8.79,83,32,3.52,95,0,10000,1022,8.79,83,32,3.52,95,0,10000,1022,8.79,83,32,3.52,95,0,10000,1022,8.79,83,32,3.52,95,0,10000,1022,8.79,83,32,3.52,95,0,10000,1022,8.79,83,32,3.52,95,0,10000,1022,8.79,83,32,3.52,95,0,10000,1022,8.79,83,32,3.52,95,0,10000,1022,8.79,83,32,3.52,95,0,10000,1022,8.79,83,32,3.52,95,0,10000
1021,10.84,87,300,6.69,100,0,9000,2,0,11,5,1021,6.21,71,15,1.71,48,0,10000,1021,6.21,71,15,1.71,48,0,10000,1021,6.21,71,15,1.71,48,0,10000,1021,6.21,71,15,1.71,48,0,10000,1021,6.21,71,15,1.71,48,0,10000,1021,6.21,71,15,1.71,48,0,10000,1021,6.21,71,15,1.71,48,0,10000,1021,6.21,71,15,1.71,48,0,10000,1021,6.21,71,15,1.71,48,0,10000,1021,6.21,71,15,1.71,48,0,10000,1021,6.21,71,15,1.71,48,0,10000,1021,6.21,71,15,1.71,48,0,10000
1021,10.84,87,300,6.69,100,0,9000,5,0,11,5,1020,7.75,69,337,1.14,75,0,10000,1020,7.75,69,337,1.14,75,0,10000,1020,7.75,69,337,1.14,75,0,10000,1020,7.75,69,337,1.14,75,0,10000,1020,7.75,69,337,1.14,75,0,10000,1020,7.75,69,337,1.14,75,0,10000,1020,7.75,69,337,1.14,75,0,10000,1020,7.75,69,337,1.14,75,0,10000,1020,7.75,69,337,1.14,75,0,10000,1020,7.75,69,337,1.14,75,0,10000,1020,7.75,69,337,1.14,75,0,10000,1020,7.75,69,337,1.14,75,0,10000
1021,10.84,87,300,6.69,100,0,9000,8,0,11,5,1019,9.2,64,241,0.85,100,0,10000,1019,9.2,64,241,0.85,100,0,10000,1019,9.2,64,241,0.85,100,0,10000,1019,9.2,64,241,0.85,100,0,10000,1019,9.2,64,241,0.85,100,0,10000,1019,9.2,64,241,0.85,100,0,10000,1019,9.2,64,241,0.85,100,0,10000,1019,9.2,64,241,0.85,100,0,10000,1019,9.2,64,241,0.85,100,0,10000,1019,9.2,64,241,0.85,100,0,10000,1019,9.2,64,241,0.85,100,0,10000,1019,9.2,64,241,0.85,100,0,10000
1021,10.84,87,300,6.69,100,0,9000,11,0,11,5,1018,10.04,67,220,2.4,100,0,10000,1018,10.04,67,220,2.4,100,0,10000,1018,10.04,67,220,2.4,100,0,10000,1018,10.04,67,220,2.4,100,0,10000,1018,10.04,67,220,2.4,100,0,10000,1018,10.04,67,220,2.4,100,0,10000,1018,10.04,67,220,2.4,100,0,10000,1018,10.04,67,220,2.4,100,0,10000,1018,10.04,67,220,2.4,100,0,10000,1018,10.04,67,220,2.4,100,0,10000,1018,10.04,67,220,2.4,100,0,10000,1018,10.04,67,220,2.4,100,0,10000
1021,10.84,87,300,6.69,100,0,9000,14,0,11,5,1016,10.18,74,46,0.75,93,0,10000,1016,10.18,74,46,0.75,93,0,10000,1016,10.18,74,46,0.75,93,0,10000,1016,10.18,74,46,0.75,93,0,10000,1016,10.18,74,46,0.75,93,0,10000,1016,10.18,74,46,0.75,93,0,10000,1016,10.18,74,46,0.75,93,0,10000,1016,10.18,74,46,0.75,93,0,10000,1016,10.18,74,46,0.75,93,0,10000,1016,10.18,74,46,0.75,93,0,10000,1016,10.18,74,46,0.75,93,0,10000,1016,10.18,74,46,0.75,93,0,10000
1021,10.84,87,300,6.69,100,0,9000,17,0,11,5,1021,10.84,87,346,4.67,100,0,10000,1021,10.84,87,346,4.67,100,0,10000,1021,10.84,87,346,4.67,100,0,10000,1021,10.84,87,346,4.67,100,0,10000,1021,10.84,87,346,4.67,100,0,10000,1021,10.84,87,346,4.67,100,0,10000,1021,10.84,87,346,4.67,100,0,10000,1021,10.84,87,346,4.67,100,0,10000,1021,10.84,87,346,4.67,100,0,10000,1021,10.84,87,346,4.67,100,0,10000,1021,10.84,87,346,4.67,100,0,10000,1021,10.84,87,346,4.67,100,0,10000
1021,10.84,87,300,6.69,100,0,9000,20,0,11,5,1021,9.95,84,5,4.15,97,0,10000,1021,9.95,84,5,4.15,97,0,10000,1021,9.95,84,5,4.15,97,0,10000,1021,9.95,84,5,4.15,97,0,10000,1021,9.95,84,5,4.15,97,0,10000,1021,9.95,84,5,4.15,97,0,10000,1021,9.95,84,5,4.15,97,0,10000,1021,9.95,84,5,4.15,97,0,10000,1021,9.95,84,5,4.15,97,0,10000,1021,9.95,84,5,4.15,97,0,10000,1021,9.95,84,5,4.15,97,0,10000,1021,9.95,84,5,4.15,97,0,10000
1021,10.84,87,300,6.69,100,0,9000,23,0,11,5,1022,8.79,83,32,3.52,95,0,10000,1022,8.79,83,32,3.52,95,0,10000,1022,8.79,83,32,3.52,95,0,10000,1022,8.79,83,32,3.52,95,0,10000,1022,8.79,83,32,3.52,95,0,10000,1022,8.79,83,32,3.52,95,0,10000,1022,8.79,83,32,3.52,95,0,10000,1022,8.79,83,32,3.52,95,0,10000,1022,8.79,83,32,3.52,95,0,10000,1022,8.79,83,32,3.52,95,0,10000,1022,8.79,83,32,3.52,95,0,10000,1022,8.79,83,32,3.52,95,0,10000
1021,10.84,87,300,6.69,100,0,9000,2,0,12,5,1021,6.21,71,15,1.71,48,0,10000,1021,6.21,71,15,1.71,48,0,10000,1021,6.21,71,15,1.71,48,0,10000,1021,6.21,71,15,1.71,48,0,10000,1021,6.21,71,15,1.71,48,0,10000,1021,6.21,71,15,1.71,48,0,10000,1021,6.21,71,15,1.71,48,0,10000,1021,6.21,71,15,1.71,48,0,10000,1021,6.21,71,15,1.71,48,0,10000,1021,6.21,71,15,1.71,48,0,10000,1021,6.21,71,15,1.71,48,0,10000,1021,6.21,71,15,1.71,48,0,10000
1021,10.84,87,300,6.69,100,0,9000,5,0,12,5,1020,7.75,69,337,1.14,75,0,10000,1020,7.75,69,337,1.14,75,0,10000,1020,7.75,69,337,1.14,75,0,10000,1020,7.75,69,337,1.14,75,0,10000,1020,7.75,69,337,1.14,75,0,10000,1020,7.75,69,337,1.14,75,0,10000,1020,7.75,69,337,1.14,75,0,10000,1020,7.75,69,337,1.14,75,0,10000,1020,7.75,69,337,1.14,75,0,10000,1020,7.75,69,337,1.14,75,0,10000,1020,7.75,69,337,1.14,75,0,10000,1020,7.75,69,337,1.14,75,0,10000
1021,10.84,87,300,6.69,100,0,9000,8,0,12,5,1019,9.2,64,241,0.85,100,0,10000,1019,9.2,64,241,0.85,100,0,10000,1019,9.2,64,241,0.85,100,0,10000,1019,9.2,64,241,0.85,100,0,10000,1019,9.2,64,241,0.85,100,0,10000,1019,9.2,64,241,0.85,100,0,10000,1019,9.2,64,241,0.85,100,0,10000,1019,9.2,64,241,0.85,100,0,10000,1019,9.2,64,241,0.85,100,0,10000,1019,9.2,64,241,0.85,100,0,10000,1019,9.2,64,241,0.85,100,0,10000,1019,9.2,64,241,0.85,100,0,10000
1021,10.84,87,300,6.69,100,0,9000,11,0,12,5,1018,10.04,67,220,2.4,100,0,10000,1018,10.04,67,220,2.4,100,0,10000,1018,10.04,67,220,2.4,100,0,10000,1018,10.04,67,220,2.4,100,0,10000,1018,10.04,67,220,2.4,100,0,10000,1018,10.04,67,220,2.4,100,0,10000,1018,10.04,67,220,2.4,100,0,10000,1018,10.04,67,220,2.4,100,0,10000,1018,10.04,67,220,2.4,100,0,10000,1018,10.04,67,220,2.4,100,0,10000,1018,10.04,67,220,2.4,100,0,10000,1018,10.04,67,220,2.4,100,0,10000
1021,10.84,87,300,6.69,100,0,9000,14,0,12,5,1016,10.18,74,46,0.75,93,0,10000,1016,10.18,74,46,0.75,93,0,10000,1016,10.18,74,46,0.75,93,0,10000,1016,10.18,74,46,0.75,93,0,10000,1016,10.18,74,46,0.75,93,0,10000,1016,10.18,74,46,0.75,93,0,10000,1016,10.18,74,46,0.75,93,0,10000,1016,10.18,74,46,0.75,93,0,10000,1016,10.18,74,46,0.75,93,0,10000,1016,10.18,74,46,0.75,93,0,10000,1016,10.18,74,46,0.75,93,0,10000,1016,10.18,74,46,0.75,93,0,10000
1021,10.84,87,300,6.69,100,0,9000,17,0,12,5,1021,10.84,87,346,4.67,100,0,10000,1021,10.84,87,346,4.67,100,0,10000,1021,10.84,87,346,4.67,100,0,10000,1021,10.84,87,346,4.67,100,0,10000,1021,10.84,87,346,4.67,100,0,10000,1021,10.84,87,346,4.67,100,0,10000,1021,10.84,87,346,4.67,100,0,10000,1021,10.84,87,346,4.67,100,0,10000,1021,10.84,87,346,4.67,100,0,10000,1021,10.84,87,346,4.67,100,0,10000,1021,10.84,87,346,4.67,100,0,10000,1021,10.84,87,346,4.67,100,0,10000
1021,10.84,87,300,6.69,100,0,9000,20,0,12,5,1021,9.95,84,5,4.15,97,0,10000,1021,9.95,84,5,4.15,97,0,10000,1021,9.95,84,5,4.15,97,0,10000,1021,9.95,84,5,4.15,97,0,10000,1021,9.95,84,5,4.15,97,0,10000,1021,9.95,84,5,4.15,97,0,10000,1021,9.95,84,5,4.15,97,0,10000,1021,9.95,84,5,4.15,97,0,10000,1021,9.95,84,5,4.15,97,0,10000,1021,9.95,84,5,4.15,97,0,10000,1021,9.95,84,5,4.15,97,0,10000,1021,9.95,84,5,4.15,97,0,10000
1021,10.84,87,300,6.69,100,0,9000,23,0,12,5,1022,8.79,83,32,3.52,95,0,10000,1022,8.79,83,32,3.52,95,0,10000,1022,8.79,83,32,3.52,95,0,10000,1022,8.79,83,32,3.52,95,0,10000,1022,8.79,83,32,3.52,95,0,10000,1022,8.79,83,32,3.52,95,0,10000,1022,8.79,83,32,3.52,95,0,10000,1022,8.79,83,32,3.52,95,0,10000,1022,8.79,83,32,3.52,95,0,10000,1022,8.79,83,32,3.52,95,0,10000,1022,8.79,83,32,3.52,95,0,10000,1022,8.79,83,32,3.52,95,0,10000
1021,10.84,87,300,6.69,100,0,9000,2,0,13,5,1021,6.21,71,15,1.71,48,0,10000,1021,6.21,71,15,1.71,48,0,10000,1021,6.21,71,15,1.71,48,0,10000,1021,6.21,71,15,1.71,48,0,10000,1021,6.21,71,15,1.71,48,0,10000,1021,6.21,71,15,1.71,48,0,10000,1021,6.21,71,15,1.71,48,0,10000,1021,6.21,71,15,1.71,48,0,10000,1021,6.21,71,15,1.71,48,0,10000,1021,6.21,71,15,1.71,48,0,10000,1021,6.21,71,15,1.71,48,0,10000,1021,6.21,71,15,1.71,48,0,10000
1021,10.84,87,300,6.69,100,0,9000,5,0,13,5,1020,7.75,69,337,1.14,75,0,10000,1020,7.75,69,337,1.14,75,0,10000,1020,7.75,69,337,1.14,75,0,10000,1020,7.75,69,337,1.14,75,0,10000,1020,7.75,69,337,1.14,75,0,10000,1020,7.75,69,337,1.14,75,0,10000,1020,7.75,69,337,1.14,75,0,10000,1020,7.75,69,337,1.14,75,0,10000,1020,7.75,69,337,1.14,75,0,10000,1020,7.75,69,337,1.14,75,0,10000,1020,7.75,69,337,1.14,75,0,10000,1020,7.75,69,337,1.14,75,0,10000
1021,10.84,87,300,6.69,100,0,9000,8,0,13,5,1019,9.2,64,241,0.85,100,0,10000,1019,9.2,64,241,0.85,100,0,10000,1019,9.2,64,241,0.85,100,0,10000,1019,9.2,64,241,0.85,100,0,10000,1019,9.2,64,241,0.85,100,0,10000,1019,9.2,64,241,0.85,100,0,10000,1019,9.2,64,241,0.85,100,0,10000,1019,9.2,64,241,0.85,100,0,10000,1019,9.2,64,241,0.85,100,0,10000,1019,9.2,64,241,0.85,100,0,10000,1019,9.2,64,241,0.85,100,0,10000,1019,9.2,64,241,0.85,100,0,10000
1021,10.84,87,300,6.69,100,0,9000,11,0,13,5,1018,10.04,67,220,2.4,100,0,10000,1018,10.04,67,220,2.4,100,0,10000,1018,10.04,67,220,2.4,100,0,10000,1018,10.04,67,220,2.4,100,0,10000,1018,10.04,67,220,2.4,100,0,10000,1018,10.04,67,220,2.4,100,0,10000,1018,10.04,67,220,2.4,100,0,10000,1018,10.04,67,220,2.4,100,0,10000,1018,10.04,67,220,2.4,100,0,10000,1018,10.04,67,220,2.4,100,0,10000,1018,10.04,67,220,2.4,100,0,10000,1018,10.04,67,220,2.4,100,0,10000
1021,10.84,87,300,6.69,100,0,9000,14,0,13,5,1016,10.18,74,46,0.75,93,0,10000,1016,10.18,74,46,0.75,93,0,10000,1016,10.18,74,46,0.75,93,0,10000,1016,10.18,74,46,0.75,93,0,10000,1016,10.18,74,46,0.75,93,0,10000,1016,10.18,74,46,0.75,93,0,10000,1016,10.18,74,46,0.75,93,0,10000,1016,10.18,74,46,0.75,93,0,10000,1016,10.18,74,46,0.75,93,0,10000,1016,10.18,74,46,0.75,93,0,10000,1016,10.18,74,46,0.75,93,0,10000,1016,10.18,74,46,0.75,93,0,10000
1021,10.84,87,300,6.69,100,0,9000,17,0,13,5,1021,10.84,87,346,4.67,100,0,10000,1021,10.84,87,346,4.67,100,0,10000,1021,10.84,87,346,4.67,100,0,10000,1021,10.84,87,346,4.67,100,0,10000,1021,10.84,87,346,4.67,100,0,10000,1021,10.84,87,346,4.67,100,0,10000,1021,10.84,87,346,4.67,100,0,10000,1021,10.84,87,346,4.67,100,0,10000,1021,10.84,87,346,4.67,100,0,10000,1021,10.84,87,346,4.67,100,0,10000,1021,10.84,87,346,4.67,100,0,10000,1021,10.84,87,346,4.67,100,0,10000
1021,10.84,87,300,6.69,100,0,9000,20,0,13,5,1021,9.95,84,5,4.15,97,0,10000,1021,9.95,84,5,4.15,97,0,10000,1021,9.95,84,5,4.15,97,0,10000,1021,9.95,84,5,4.15,97,0,10000,1021,9.95,84,5,4.15,97,0,10000,1021,9.95,84,5,4.15,97,0,10000,1021,9.95,84,5,4.15,97,0,10000,1021,9.95,84,5,4.15,97,0,10000,1021,9.95,84,5,4.15,97,0,10000,1021,9.95,84,5,4.15,97,0,10000,1021,9.95,84,5,4.15,97,0,10000,1021,9.95,84,5,4.15,97,0,10000
1021,10.84,87,300,6.69,100,0,9000,23,0,13,5,1022,8.79,83,32,3.52,95,0,10000,1022,8.79,83,32,3.52,95,0,10000,1022,8.79,83,32,3.52,95,0,10000,1022,8.79,83,32,3.52,95,0,10000,1022,8.79,83,32,3.52,95,0,10000,1022,8.79,83,32,3.52,95,0,10000,1022,8.79,83,32,3.52,95,0,10000,1022,8.79,83,32,3.52,95,0,10000,1022,8.79,83,32,3.52,95,0,10000,1022,8.79,83,32,3.52,95,0,10000,1022,8.79,83,32,3.52,95,0,10000,1022,8.79,83,32,3.52,95,0,10000
1021,10.84,87,300,6.69,100,0,9000,2,0,14,5,1021,6.21,71,15,1.71,48,0,10000,1021,6.21,71,15,1.71,48,0,10000,1021,6.21,71,15,1.71,48,0,10000,1021,6.21,71,15,1.71,48,0,10000,1021,6.21,71,15,1.71,48,0,10000,1021,6.21,71,15,1.71,48,0,10000,1021,6.21,71,15,1.71,48,0,10000,1021,6.21,71,15,1.71,48,0,10000,1021,6.21,71,15,1.71,48,0,10000,1021,6.21,71,15,1.71,48,0,10000,1021,6.21,71,15,1.71,48,0,10000,1021,6.21,71,15,1.71,48,0,10000
1021,10.84,87,300,6.69,100,0,9000,5,0,14,5,1020,7.75,69,337,1.14,75,0,10000,1020,7.75,69,337,1.14,75,0,10000,1020,7.75,69,337,1.14,75,0,10000,1020,7.75,69,337,1.14,75,0,10000,1020,7.75,69,337,1.14,75,0,10000,1020,7.75,69,337,1.14,75,0,10000,1020,7.75,69,337,1.14,75,0,10000,1020,7.75,69,337,1.14,75,0,10000,1020,7.75,69,337,1.14,75,0,10000,1020,7.75,69,337,1.14,75,0,10000,1020,7.75,69,337,1.14,75,0,10000,1020,7.75,69,337,1.14,75,0,10000
1021,10.84,87,300,6.69,100,0,9000,8,0,14,5,1019,9.2,64,241,0.85,100,0,10000,1019,9.2,64,241,0.85,100,0,10000,1019,9.2,64,241,0.85,100,0,10000,1019,9.2,64,241,0.85,100,0,10000,1019,9.2,64,241,0.85,100,0,10000,1019,9.2,64,241,0.85,100,0,10000,1019,9.2,64,241,0.85,100,0,10000,1019,9.2,64,241,0.85,100,0,10000,1019,9.2,64,241,0.85,100,0,10000,1019,9.2,64,241,0.85,100,0,10000,1019,9.2,64,241,0.85,100,0,10000,1019,9.2,64,241,0.85,100,0,10000
1021,10.84,87,300,6.69,100,0,9000,11,0,14,5,1018,10.04,67,220,2.4,100,0,10000,1018,10.04,67,220,2.4,100,0,10000,1018,10.04,67,220,2.4,100,0,10000,1018,10.04,67,220,2.4,100,0,10000,1018,10.04,67,220,2.4,100,0,10000,1018,10.04,67,220,2.4,100,0,10000,1018,10.04,67,220,2.4,100,0,10000,1018,10.04,67,220,2.4,100,0,10000,1018,10.04,67,220,2.4,100,0,10000,1018,10.04,67,220,2.4,100,0,10000,1018,10.04,67,220,2.4,100,0,10000,1018,10.04,67,220,2.4,100,0,10000
1021,10.84,87,300,6.69,100,0,9000,14,0,14,5,1016,10.18,74,46,0.75,93,0,10000,1016,10.18,74,46,0.75,93,0,10000,1016,10.18,74,46,0.75,93,0,10000,1016,10.18,74,46,0.75,93,0,10000,1016,10.18,74,46,0.75,93,0,10000,1016,10.18,74,46,0.75,93,0,10000,1016,10.18,74,46,0.75,93,0,10000,1016,10.18,74,46,0.75,93,0,10000,1016,10.18,74,46,0.75,93,0,10000,1016,10.18,74,46,0.75,93,0,10000,1016,10.18,74,46,0.75,93,0,10000,1016,10.18,74,46,0.75,93,0,10000
1021,10.84,87,300,6.69,100,0,9000,17,0,14,5,1021,10.84,87,346,4.67,100,0,10000,1021,10.84,87,346,4.67,100,0,10000,1021,10.84,87,346,4.67,100,0,10000,1021,10.84,87,346,4.67,100,0,10000,1021,10.84,87,346,4.67,100,0,10000,1021,10.84,87,346,4.67,100,0,10000,1021,10.84,87,346,4.67,100,0,10000,1021,10.84,87,346,4.67,100,0,10000,1021,10.84,87,346,4.67,100,0,10000,1021,10.84,87,346,4.67,100,0,10000,1021,10.84,87,346,4.67,100,0,10000,1021,10.84,87,346,4.67,100,0,10000
1021,10.84,87,300,6.69,100,0,9000,20,0,14,5,1021,9.95,84,5,4.15,97,0,10000,1021,9.95,84,5,4.15,97,0,10000,1021,9.95,84,5,4.15,97,0,10000,1021,9.95,84,5,4.15,97,0,10000,1021,9.95,84,5,4.15,97,0,10000,1021,9.95,84,5,4.15,97,0,10000,1021,9.95,84,5,4.15,97,0,10000,1021,9.95,84,5,4.15,97,0,10000,1021,9.95,84,5,4.15,97,0,10000,1021,9.95,84,5,4.15,97,0,10000,1021,9.95,84,5,4.15,97,0,10000,1021,9.95,84,5,4.15,97,0,10000
1021,10.84,87,300,6.69,100,0,9000,23,0,14,5,1022,8.79,83,32,3.52,95,0,10000,1022,8.79,83,32,3.52,95,0,10000,1022,8.79,83,32,3.52,95,0,10000,1022,8.79,83,32,3.52,95,0,10000,1022,8.79,83,32,3.52,95,0,10000,1022,8.79,83,32,3.52,95,0,10000,1022,8.79,83,32,3.52,95,0,10000,1022,8.79,83,32,3.52,95,0,10000,1022,8.79,83,32,3.52,95,0,10000,1022,8.79,83,32,3.52,95,0,10000,1022,8.79,83,32,3.52,95,0,10000,1022,8.79,83,32,3.52,95,0,10000
1021,10.84,87,300,6.69,100,0,9000,2,0,15,5,1021,6.21,71,15,1.71,48,0,10000,1021,6.21,71,15,1.71,48,0,10000,1021,6.21,71,15,1.71,48,0,10000,1021,6.21,71,15,1.71,48,0,10000,1021,6.21,71,15,1.71,48,0,10000,1021,6.21,71,15,1.71,48,0,10000,1021,6.21,71,15,1.71,48,0,10000,1021,6.21,71,15,1.71,48,0,10000,1021,6.21,71,15,1.71,48,0,10000,1021,6.21,71,15,1.71,48,0,10000,1021,6.21,71,15,1.71,48,0,10000,1021,6.21,71,15,1.71,48,0,10000
1021,10.84,87,300,6.69,100,0,9000,5,0,15,5,1020,7.75,69,337,1.14,75,0,10000,1020,7.75,69,337,1.14,75,0,10000,1020,7.75,69,337,1.14,75,0,10000,1020,7.75,69,337,1.14,75,0,10000,1020,7.75,69,337,1.14,75,0,10000,1020,7.75,69,337,1.14,75,0,10000,1020,7.75,69,337,1.14,75,0,10000,1020,7.75,69,337,1.14,75,0,10000,1020,7.75,69,337,1.14,75,0,10000,1020,7.75,69,337,1.14,75,0,10000,1020,7.75,69,337,1.14,75,0,10000,1020,7.75,69,337,1.14,75,0,10000
1021,10.84,87,300,6.69,100,0,9000,8,0,15,5,1019,9.2,64,241,0.85,100,0,10000,1019,9.2,64,241,0.85,100,0,10000,1019,9.2,64,241,0.85,100,0,10000,1019,9.2,64,241,0.85,100,0,10000,1019,9.2,64,241,0.85,100,0,10000,1019,9.2,64,241,0.85,100,0,10000,1019,9.2,64,241,0.85,100,0,10000,1019,9.2,64,241,0.85,100,0,10000,1019,9.2,64,241,0.85,100,0,10000,1019,9.2,64,241,0.85,100,0,10000,1019,9.2,64,241,0.85,100,0,10000,1019,9.2,64,241,0.85,100,0,10000
1021,10.84,87,300,6.69,100,0,9000,11,0,15,5,1018,10.04,67,220,2.4,100,0,10000,1018,10.04,67,220,2.4,100,0,10000,1018,10.04,67,220,2.4,100,0,10000,1018,10.04,67,220,2.4,100,0,10000,1018,10.04,67,220,2.4,100,0,10000,1018,10.04,67,220,2.4,100,0,10000,1018,10.04,67,220,2.4,100,0,10000,1018,10.04,67,220,2.4,100,0,10000,1018,10.04,67,220,2.4,100,0,10000,1018,10.04,67,220,2.4,100,0,10000,1018,10.04,67,220,2.4,100,0,10000,1018,10.04,67,220,2.4,100,0,10000
1021,10.84,87,300,6.69,100,0,9000,14,0,15,5,1016,10.18,74,46,0.75,93,0,10000,1016,10.18,74,46,0.75,93,0,10000,1016,10.18,74,46,0.75,93,0,10000,1016,10.18,74,46,0.75,93,0,10000,1016,10.18,74,46,0.75,93,0,10000,1016,10.18,74,46,0.75,93,0,10000,1016,10.18,74,46,0.75,93,0,10000,1016,10.18,74,46,0.75,93,0,10000,1016,10.18,74,46,0.75,93,0,10000,1016,10.18,74,46,0.75,93,0,10000,1016,10.18,74,46,0.75,93,0,10000,1016,10.18,74,46,0.75,93,0,10000
1021,10.84,87,300,6.69,100,0,9000,17,0,15,5,1021,10.84,87,346,4.67,100,0,10000,1021,10.84,87,346,4.67,100,0,10000,1021,10.84,87,346,4.67,100,0,10000,1021,10.84,87,346,4.67,100,0,10000,1021,10.84,87,346,4.67,100,0,10000,1021,10.84,87,346,4.67,100,0,10000,1021,10.84,87,346,4.67,100,0,10000,1021,10.84,87,346,4.67,100,0,10000,1021,10.84,87,346,4.67,100,0,10000,1021,10.84,87,346,4.67,100,0,10000,1021,10.84,87,346,4.67,100,0,10000,1021,10.84,87,346,4.67,100,0,10000
1021,10.84,87,300,6.69,100,0,9000,20,0,15,5,1021,9.95,84,5,4.15,97,0,10000,1021,9.95,84,5,4.15,97,0,10000,1021,9.95,84,5,4.15,97,0,10000,1021,9.95,84,5,4.15,97,0,10000,1021,9.95,84,5,4.15,97,0,10000,1021,9.95,84,5,4.15,97,0,10000,1021,9.95,84,5,4.15,97,0,10000,1021,9.95,84,5,4.15,97,0,10000,1021,9.95,84,5,4.15,97,0,10000,1021,9.95,84,5,4.15,97,0,10000,1021,9.95,84,5,4.15,97,0,10000,1021,9.95,84,5,4.15,97,0,10000
1021,10.84,87,300,6.69,100,0,9000,23,0,15,5,1022,8.79,83,32,3.52,95,0,10000,1022,8.79,83,32,3.52,95,0,10000,1022,8.79,83,32,3.52,95,0,10000,1022,8.79,83,32,3.52,95,0,10000,1022,8.79,83,32,3.52,95,0,10000,1022,8.79,83,32,3.52,95,0,10000,1022,8.79,83,32,3.52,95,0,10000,1022,8.79,83,32,3.52,95,0,10000,1022,8.79,83,32,3.52,95,0,10000,1022,8.79,83,32,3.52,95,0,10000,1022,8.79,83,32,3.52,95,0,10000,1022,8.79,83,32,3.52,95,0,10000
1021,10.84,87,300,6.69,100,0,9000,2,0,16,5,1021,6.21,71,15,1.71,48,0,10000,1021,6.21,71,15,1.71,48,0,10000,1021,6.21,71,15,1.71,48,0,10000,1021,6.21,71,15,1.71,48,0,10000,1021,6.21,71,15,1.71,48,0,10000,1021,6.21,71,15,1.71,48,0,10000,1021,6.21,71,15,1.71,48,0,10000,1021,6.21,71,15,1.71,48,0,10000,1021,6.21,71,15,1.71,48,0,10000,1021,6.21,71,15,1.71,48,0,10000,1021,6.21,71,15,1.71,48,0,10000,1021,6.21,71,15,1.71,48,0,10000
1021,10.84,87,300,6.69,100,0,9000,5,0,16,5,1020,7.75,69,337,1.14,75,0,10000,1020,7.75,69,337,1.14,75,0,10000,1020,7.75,69,337,1.14,75,0,10000,1020,7.75,69,337,1.14,75,0,10000,1020,7.75,69,337,1.14,75,0,10000,1020,7.75,69,337,1.14,75,0,10000,1020,7.75,69,337,1.14,75,0,10000,1020,7.75,69,337,1.14,75,0,10000,1020,7.75,69,337,1.14,75,0,10000,1020,7.75,69,337,1.14,75,0,10000,1020,7.75,69,337,1.14,75,0,10000,1020,7.75,69,337,1.14,75,0,10000
1021,10.84,87,300,6.69,100,0,9000,8,0,16,5,1019,9.2,64,241,0.85,100,0,10000,1019,9.2,64,241,0.85,100,0,10000,1019,9.2,64,241,0.85,100,0,10000,1019,9.2,64,241,0.85,100,0,10000,1019,9.2,64,241,0.85,100,0,10000,1019,9.2,64,241,0.85,100,0,10000,1019,9.2,64,241,0.85,100,0,10000,1019,9.2,64,241,0.85,100,0,10000,1019,9.2,64,241,0.85,100,0,10000,1019,9.2,64,241,0.85,100,0,10000,1019,9.2,64,241,0.85,100,0,10000,1019,9.2,64,241,0.85,100,0,10000
1021,10.84,87,300,6.69,100,0,9000,11,0,16,5,1018,10.04,67,220,2.4,100,0,10000,1018,10.04,67,220,2.4,100,0,10000,1018,10.04,67,220,2.4,100,0,10000,1018,10.04,67,220,2.4,100,0,10000,1018,10.04,67,220,2.4,100,0,10000,1018,10.04,67,220,2.4,100,0,10000,1018,10.04,67,220,2.4,100,0,10000,1018,10.04,67,220,2.4,100,0,10000,1018,10.04,67,220,2.4,100,0,10000,1018,10.04,67,220,2.4,100,0,10000,1018,10.04,67,220,2.4,100,0,10000,1018,10.04,67,220,2.4,100,0,10000
1021,10.84,87,300,6.69,100,0,9000,14,0,16,5,1016,10.18,74,46,0.75,93,0,10000,1016,10.18,74,46,0.75,93,0,10000,1016,10.18,74,46,0.75,93,0,10000,1016,10.18,74,46,0.75,93,0,10000,1016,10.18,74,46,0.75,93,0,10000,1016,10.18,74,46,0.75,93,0,10000,1016,10.18,74,46,0.75,93,0,10000,1016,10.18,74,46,0.75,93,0,10000,1016,10.18,74,46,0.75,93,0,10000,1016,10.18,74,46,0.75,93,0,10000,1016,10.18,74,46,0.75,93,0,10000,1016,10.18,74,46,0.75,93,0,10000
1021,10.84,87,300,6.69,100,0,9000,17,0,16,5,1021,10.84,87,346,4.67,100,0,10000,1021,10.84,87,346,4.67,100,0,10000,1021,10.84,87,346,4.67,100,0,10000,1021,10.84,87,346,4.67,100,0,10000,1021,10.84,87,346,4.67,100,0,10000,1021,10.84,87,346,4.67,100,0,10000,1021,10.84,87,346,4.67,100,0,10000,1021,10.84,87,346,4.67,100,0,10000,1021,10.84,87,346,4.67,100,0,10000,1021,10.84,87,346,4.67,100,0,10000,1021,10.84,87,346,4.67,100,0,10000,1021,10.84,87,346,4.67,100,0,10000
1021,10.84,87,300,6.69,100,0,9000,20,0,16,5,1021,9.95,84,5,4.15,97,0,10000,1021,9.95,84,5,4.15,97,0,10000,1021,9.95,84,5,4.15,97,0,10000,1021,9.95,84,5,4.15,97,0,10000,1021,9.95,84,5,4.15,97,0,10000,1021,9.95,84,5,4.15,97,0,10000,1021,9.95,84,5,4.15,97,0,10000,1021,9.95,84,5,4.15,97,0,10000,1021,9.95,84,5,4.15,97,0,10000,1021,9.95,84,5,4.15,97,0,10000,1021,9.95,84,5,4.15,97,0,10000,1021,9.95,84,5,4.15,97,0,10000
1021,10.84,87,300,6.69,100,0,9000,23,0,16,5,1022,8.79,83,32,3.52,95,0,10000,1022,8.79,83,32,3.52,95,0,10000,1022,8.79,83,32,3.52,95,0,10000,1022,8.79,83,32,3.52,95,0,10000,1022,8.79,83,32,3.52,95,0,10000,1022,8.79,83,32,3.52,95,0,10000,1022,8.79,83,32,3.52,95,0,10000,1022,8.79,83,32,3.52,95,0,10000,1022,8.79,83,32,3.52,95,0,10000,1022,8.79,83,32,3.52,95,0,10000,1022,8.79,83,32,3.52,95,0,10000,1022,8.79,83,32,3.52,95,0,10000
1021,10.84,87,300,6.69,100,0,9000,2,0,17,5,1021,6.21,71,15,1.71,48,0,10000,1021,6.21,71,15,1.71,48,0,10000,1021,6.21,71,15,1.71,48,0,10000,1021,6.21,71,15,1.71,48,0,10000,1021,6.21,71,15,1.71,48,0,10000,1021,6.21,71,15,1.71,48,0,10000,1021,6.21,71,15,1.71,48,0,10000,1021,6.21,71,15,1.71,48,0,10000,1021,6.21,71,15,1.71,48,0,10000,1021,6.21,71,15,1.71,48,0,10000,1021,6.21,71,15,1.71,48,0,10000,1021,6.21,71,15,1.71,48,0,10000
1021,10.84,87,300,6.69,100,0,9000,5,0,17,5,1020,7.75,69,337,1.14,75,0,10000,1020,7.75,69,337,1.14,75,0,10000,1020,7.75,69,337,1.14,75,0,10000,1020,7.75,69,337,1.14,75,0,10000,1020,7.75,69,337,1.14,75,0,10000,1020,7.75,69,337,1.14,75,0,10000,1020,7.75,69,337,1.14,75,0,10000,1020,7.75,69,337,1.14,75,0,10000,1020,7.75,69,337,1.14,75,0,10000,1020,7.75,69,337,1.14,75,0,10000,1020,7.75,69,337,1.14,75,0,10000,1020,7.75,69,337,1.14,75,0,10000
1021,10.84,87,300,6.69,100,0,9000,8,0,17,5,1019,9.2,64,241,0.85,100,0,10000,1019,9.2,64,241,0.85,100,0,10000,1019,9.2,64,241,0.85,100,0,10000,1019,9.2,64,241,0.85,100,0,10000,1019,9.2,64,241,0.85,100,0,10000,1019,9.2,64,241,0.85,100,0,10000,1019,9.2,64,241,0.85,100,0,10000,1019,9.2,64,241,0.85,100,0,10000,1019,9.2,64,241,0.85,100,0,10000,1019,9.2,64,241,0.85,100,0,10000,1019,9.2,64,241,0.85,100,0,10000,1019,9.2,64,241,0.85,100,0,10000
1021,10.84,87,300,6.69,100,0,9000,11,0,17,5,1018,10.04,67,220,2.4,100,0,10000,1018,10.04,67,220,2.4,100,0,10000,1018,10.04,67,220,2.4,100,0,10000,1018,10.04,67,220,2.4,100,0,10000,1018,10.04,67,220,2.4,100,0,10000,1018,10.04,67,220,2.4,100,0,10000,1018,10.04,67,220,2.4,100,0,10000,1018,10.04,67,220,2.4,100,0,10000,1018,10.04,67,220,2.4,100,0,10000,1018,10.04,67,220,2.4,100,0,10000,1018,10.04,67,220,2.4,100,0,10000,1018,10.04,67,220,2.4,100,0,10000
1021,10.84,87,300,6.69,100,0,9000,14,0,17,5,1016,10.18,74,46,0.75,93,0,10000,1016,10.18,74,46,0.75,93,0,10000,1016,10.18,74,46,0.75,93,0,10000,1016,10.18,74,46,0.75,93,0,10000,1016,10.18,74,46,0.75,93,0,10000,1016,10.18,74,46,0.75,93,0,10000,1016,10.18,74,46,0.75,93,0,10000,1016,10.18,74,46,0.75,93,0,10000,1016,10.18,74,46,0.75,93,0,10000,1016,10.18,74,46,0.75,93,0,10000,1016,10.18,74,46,0.75,93,0,10000,1016,10.18,74,46,0.75,93,0,10000
1021,10.84,87,300,6.69,100,0,9000,17,0,17,5,1021,10.84,87,346,4.67,100,0,10000,1021,10.84,87,346,4.67,100,0,10000,1021,10.84,87,346,4.67,100,0,10000,1021,10.84,87,346,4.67,100,0,10000,1021,10.84,87,346,4.67,100,0,10000,1021,10.84,87,346,4.67,100,0,10000,1021,10.84,87,346,4.67,100,0,10000,1021,10.84,87,346,4.67,100,0,10000,1021,10.84,87,346,4.67,100,0,10000,1021,10.84,87,346,4.67,100,0,10000,1021,10.84,87,346,4.67,100,0,10000,1021,10.84,87,346,4.67,100,0,10000
1021,10.84,87,300,6.69,100,0,9000,20,0,17,5,1021,9.95,84,5,4.15,97,0,10000,1021,9.95,84,5,4.15,97,0,10000,1021,9.95,84,5,4.15,97,0,10000,1021,9.95,84,5,4.15,97,0,10000,1021,9.95,84,5,4.15,97,0,10000,1021,9.95,84,5,4.15,97,0,10000,1021,9.95,84,5,4.15,97,0,10000,1021,9.95,84,5,4.15,97,0,10000,1021,9.95,84,5,4.15,97,0,10000,1021,9.95,84,5,4.15,97,0,10000,1021,9.95,84,5,4.15,97,0,10000,1021,9.95,84,5,4.15,97,0,10000
1021,10.84,87,300,6.69,100,0,9000,23,0,17,5,1022,8.79,83,32,3.52,95,0,10000,1022,8.79,83,32,3.52,95,0,10000,1022,8.79,83,32,3.52,95,0,10000,1022,8.79,83,32,3.52,95,0,10000,1022,8.79,83,32,3.52,95,0,10000,1022,8.79,83,32,3.52,95,0,10000,1022,8.79,83,32,3.52,95,0,10000,1022,8.79,83,32,3.52,95,0,10000,1022,8.79,83,32,3.52,95,0,10000,1022,8.79,83,32,3.52,95,0,10000,1022,8.79,83,32,3.52,95,0,10000,1022,8.79,83,32,3.52,95,0,10000
1021,10.84,87,300,6.69,100,0,9000,2,0,18,5,1021,6.21,71,15,1.71,48,0,10000,1021,6.21,71,15,1.71,48,0,10000,1021,6.21,71,15,1.71,48,0,10000,1021,6.21,71,15,1.71,48,0,10000,1021,6.21,71,15,1.71,48,0,10000,1021,6.21,71,15,1.71,48,0,10000,1021,6.21,71,15,1.71,48,0,10000,1021,6.21,71,15,1.71,48,0,10000,1021,6.21,71,15,1.71,48,0,10000,1021,6.21,71,15,1.71,48,0,10000,1021,6.21,71,15,1.71,48,0,10000,1021,6.21,71,15,1.71,48,0,10000
1021,10.84,87,300,6.69,100,0,9000,5,0,18,5,1020,7.75,69,337,1.14,75,0,10000,1020,7.75,69,337,1.14,75,0,10000,1020,7.75,69,337,1.14,75,0,10000,1020,7.75,69,337,1.14,75,0,10000,1020,7.75,69,337,1.14,75,0,10000,1020,7.75,69,337,1.14,75,0,10000,1020,7.75,69,337,1.14,75,0,10000,1020,7.75,69,337,1.14,75,0,10000,1020,7.75,69,337,1.14,75,0,10000,1020,7.75,69,337,1.14,75,0,10000,1020,7.75,69,337,1.14,75,0,10000,1020,7.75,69,337,1.14,75,0,10000
1021,10.84,87,300,6.69,100,0,9000,8,0,18,5,1019,9.2,64,241,0.85,100,0,10000,1019,9.2,64,241,0.85,100,0,10000,1019,9.2,64,241,0.85,100,0,10000,1019,9.2,64,241,0.85,100,0,10000,1019,9.2,64,241,0.85,100,0,10000,1019,9.2,64,241,0.85,100,0,10000,1019,9.2,64,241,0.85,100,0,10000,1019,9.2,64,241,0.85,100,0,10000,1019,9.2,64,241,0.85,100,0,10000,1019,9.2,64,241,0.85,100,0,10000,1019,9.2,64,241,0.85,100,0,10000,1019,9.2,64,241,0.85,100,0,10000
1021,10.84,87,300,6.69,100,0,9000,11,0,18,5,1018,10.04,67,220,2.4,100,0,10000,1018,10.04,67,220,2.4,100,0,10000,1018,10.04,67,220,2.4,100,0,10000,1018,10.04,67,220,2.4,100,0,10000,1018,10.04,67,220,2.4,100,0,10000,1018,10.04,67,220,2.4,100,0,10000,1018,10.04,67,220,2.4,100,0,10000,1018,10.04,67,220,2.4,100,0,10000,1018,10.04,67,220,2.4,100,0,10000,1018,10.04,67,220,2.4,100,0,10000,1018,10.04,67,220,2.4,100,0,10000,1018,10.04,67,220,2.4,100,0,10000
1021,10.84,87,300,6.69,100,0,9000,14,0,18,5,1016,10.18,74,46,0.75,93,0,10000,1016,10.18,74,46,0.75,93,0,10000,1016,10.18,74,46,0.75,93,0,10000,1016,10.18,74,46,0.75,93,0,10000,1016,10.18,74,46,0.75,93,0,10000,1016,10.18,74,46,0.75,93,0,10000,1016,10.18,74,46,0.75,93,0,10000,1016,10.18,74,46,0.75,93,0,10000,1016,10.18,74,46,0.75,93,0,10000,1016,10.18,74,46,0.75,93,0,10000,1016,10.18,74,46,0.75,93,0,10000,1016,10.18,74,46,0.75,93,0,10000
1021,10.84,87,300,6.69,100,0,9000,17,0,18,5,1021,10.84,87,346,4.67,100,0,10000,1021,10.84,87,346,4.67,100,0,10000,1021,10.84,87,346,4.67,100,0,10000,1021,10.84,87,346,4.67,100,0,10000,1021,10.84,87,346,4.67,100,0,10000,1021,10.84,87,346,4.67,100,0,10000,1021,10.84,87,346,4.67,100,0,10000,1021,10.84,87,346,4.67,100,0,10000,1021,10.84,87,346,4.67,100,0,10000,1021,10.84,87,346,4.67,100,0,10000,1021,10.84,87,346,4.67,100,0,10000,1021,10.84,87,346,4.67,100,0,10000
1021,10.84,87,300,6.69,100,0,9000,20,0,18,5,1021,9.95,84,5,4.15,97,0,10000,1021,9.95,84,5,4.15,97,0,10000,1021,9.95,84,5,4.15,97,0,10000,1021,9.95,84,5,4.15,97,0,10000,1021,9.95,84,5,4.15,97,0,10000,1021,9.95,84,5,4.15,97,0,10000,1021,9.95,84,5,4.15,97,0,10000,1021,9.95,84,5,4.15,97,0,10000,1021,9.95,84,5,4.15,97,0,10000,1021,9.95,84,5,4.15,97,0,10000,1021,9.95,84,5,4.15,97,0,10000,1021,9.95,84,5,4.15,97,0,10000
1021,10.84,87,300,6.69,100,0,9000,23,0,18,5,1022,8.79,83,32,3.52,95,0,10000,1022,8.79,83,32,3.52,95,0,10000,1022,8.79,83,32,3.52,95,0,10000,1022,8.79,83,32,3.52,95,0,10000,1022,8.79,83,32,3.52,95,0,10000,1022,8.79,83,32,3.52,95,0,10000,1022,8.79,83,32,3.52,95,0,10000,1022,8.79,83,32,3.52,95,0,10000,1022,8.79,83,32,3.52,95,0,10000,1022,8.79,83,32,3.52,95,0,10000,1022,8.79,83,32,3.52,95,0,10000,1022,8.79,83,32,3.52,95,0,10000
1021,10.84,87,300,6.69,100,0,9000,2,0,19,5,1021,6.21,71,15,1.71,48,0,10000,1021,6.21,71,15,1.71,48,0,10000,1021,6.21,71,15,1.71,48,0,10000,1021,6.21,71,15,1.71,48,0,10000,1021,6.21,71,15,1.71,48,0,10000,1021,6.21,71,15,1.71,48,0,10000,1021,6.21,71,15,1.71,48,0,10000,1021,6.21,71,15,1.71,48,0,10000,1021,6.21,71,15,1.71,48,0,10000,1021,6.21,71,15,1.71,48,0,10000,1021,6.21,71,15,1.71,48,0,10000,1021,6.21,71,15,1.71,48,0,10000
1021,10.84,87,300,6.69,100,0,9000,5,0,19,5,1020,7.75,69,337,1.14,75,0,10000,1020,7.75,69,337,1.14,75,0,10000,1020,7.75,69,337,1.14,75,0,10000,1020,7.75,69,337,1.14,75,0,10000,1020,7.75,69,337,1.14,75,0,10000,1020,7.75,69,337,1.14,75,0,10000,1020,7.75,69,337,1.14,75,0,10000,1020,7.75,69,337,1.14,75,0,10000,1020,7.75,69,337,1.14,75,0,10000,1020,7.75,69,337,1.14,75,0,10000,1020,7.75,69,337,1.14,75,0,10000,1020,7.75,69,337,1.14,75,0,10000
1021,10.84,87,300,6.69,100,0,9000,8,0,19,5,1019,9.2,64,241,0.85,100,0,10000,1019,9.2,64,241,0.85,100,0,10000,1019,9.2,64,241,0.85,100,0,10000,1019,9.2,64,241,0.85,100,0,10000,1019,9.2,64,241,0.85,100,0,10000,1019,9.2,64,241,0.85,100,0,10000,1019,9.2,64,241,0.85,100,0,10000,1019,9.2,64,241,0.85,100,0,10000,1019,9.2,64,241,0.85,100,0,10000,1019,9.2,64,241,0.85,100,0,10000,1019,9.2,64,241,0.85,100,0,10000,1019,9.2,64,241,0.85,100,0,10000
1021,10.84,87,300,6.69,100,0,9000,11,0,19,5,1018,10.04,67,220,2.4,100,0,10000,1018,10.04,67,220,2.4,100,0,10000,1018,10.04,67,220,2.4,100,0,10000,1018,10.04,67,220,2.4,100,0,10000,1018,10.04,67,220,2.4,100,0,10000,1018,10.04,67,220,2.4,100,0,10000,1018,10.04,67,220,2.4,100,0,10000,1018,10.04,67,220,2.4,100,0,10000,1018,10.04,67,220,2.4,100,0,10000,1018,10.04,67,220,2.4,100,0,10000,1018,10.04,67,220,2.4,100,0,10000,1018,10.04,67,220,2.4,100,0,10000
1021,10.84,87,300,6.69,100,0,9000,14,0,19,5,1016,10.18,74,46,0.75,93,0,10000,1016,10.18,74,46,0.75,93,0,10000,1016,10.18,74,46,0.75,93,0,10000,1016,10.18,74,46,0.75,93,0,10000,1016,10.18,74,46,0.75,93,0,10000,1016,10.18,74,46,0.75,93,0,10000,1016,10.18,74,46,0.75,93,0,10000,1016,10.18,74,46,0.75,93,0,10000,1016,10.18,74,46,0.75,93,0,10000,1016,10.18,74,46,0.75,93,0,10000,1016,10.18,74,46,0.75,93,0,10000,1016,10.18,74,46,0.75,93,0,10000
1021,10.84,87,300,6.69,100,0,9000,17,0,19,5,1021,10.84,87,346,4.67,100,0,10000,1021,10.84,87,346,4.67,100,0,10000,1021,10.84,87,346,4.67,100,0,10000,1021,10.84,87,346,4.67,100,0,10000,1021,10.84,87,346,4.67,100,0,10000,1021,10.84,87,346,4.67,100,0,10000,1021,10.84,87,346,4.67,100,0,10000,1021,10.84,87,346,4.67,100,0,10000,1021,10.84,87,346,4.67,100,0,10000,1021,10.84,87,346,4.67,100,0,10000,1021,10.84,87,346,4.67,100,0,10000,1021,10.84,87,346,4.67,100,0,10000
1021,10.84,87,300,6.69,100,0,9000,20,0,19,5,1021,9.95,84,5,4.15,97,0,10000,1021,9.95,84,5,4.15,97,0,10000,1021,9.95,84,5,4.15,97,0,10000,1021,9.95,84,5,4.15,97,0,10000,1021,9.95,84,5,4.15,97,0,10000,1021,9.95,84,5,4.15,97,0,10000,1021,9.95,84,5,4.15,97,0,10000,1021,9.95,84,5,4.15,97,0,10000,1021,9.95,84,5,4.15,97,0,10000,1021,9.95,84,5,4.15,97,0,10000,1021,9.95,84,5,4.15,97,0,10000,1021,9.95,84,5,4.15,97,0,10000
1021,10.84,87,300,6.69,100,0,9000,23,0,19,5,1022,8.79,83,32,3.52,95,0,10000,1022,8.79,83,32,3.52,95,0,10000,1022,8.79,83,32,3.52,95,0,10000,1022,8.79,83,32,3.52,95,0,10000,1022,8.79,83,32,3.52,95,0,10000,1022,8.79,83,32,3.52,95,0,10000,1022,8.79,83,32,3.52,95,0,10000,1022,8.79,83,32,3.52,95,0,10000,1022,8.79,83,32,3.52,95,0,10000,1022,8.79,83,32,3.52,95,0,10000,1022,8.79,83,32,3.52,95,0,10000,1022,8.79,83,32,3.52,95,0,10000
1021,10.84,87,300,6.69,100,0,9000,2,0,20,5,1021,6.21,71,15,1.71,48,0,10000,1021,6.21,71,15,1.71,48,0,10000,1021,6.21,71,15,1.71,48,0,10000,1021,6.21,71,15,1.71,48,0,10000,1021,6.21,71,15,1.71,48,0,10000,1021,6.21,71,15,1.71,48,0,10000,1021,6.21,71,15,1.71,48,0,10000,1021,6.21,71,15,1.71,48,0,10000,1021,6.21,71,15,1.71,48,0,10000,1021,6.21,71,15,1.71,48,0,10000,1021,6.21,71,15,1.71,48,0,10000,1021,6.21,71,15,1.71,48,0,10000
1021,10.84,87,300,6.69,100,0,9000,5,0,20,5,1020,7.75,69,337,1.14,75,0,10000,1020,7.75,69,337,1.14,75,0,10000,1020,7.75,69,337,1.14,75,0,10000,1020,7.75,69,337,1.14,75,0,10000,1020,7.75,69,337,1.14,75,0,10000,1020,7.75,69,337,1.14,75,0,10000,1020,7.75,69,337,1.14,75,0,10000,1020,7.75,69,337,1.14,75,0,10000,1020,7.75,69,337,1.14,75,0,10000,1020,7.75,69,337,1.14,75,0,10000,1020,7.75,69,337,1.14,75,0,10000,1020,7.75,69,337,1.14,75,0,10000
1021,10.84,87,300,6.69,100,0,9000,8,0,20,5,1019,9.2,64,241,0.85,100,0,10000,1019,9.2,64,241,0.85,100,0,10000,1019,9.2,64,241,0.85,100,0,10000,1019,9.2,64,241,0.85,100,0,10000,1019,9.2,64,241,0.85,100,0,10000,1019,9.2,64,241,0.85,100,0,10000,1019,9.2,64,241,0.85,100,0,10000,1019,9.2,64,241,0.85,100,0,10000,1019,9.2,64,241,0.85,100,0,10000,1019,9.2,64,241,0.85,100,0,10000,1019,9.2,64,241,0.85,100,0,10000,1019,9.2,64,241,0.85,100,0,10000
1021,10.84,87,300,6.69,100,0,9000,11,0,20,5,1018,10.04,67,220,2.4,100,0,10000,1018,10.04,67,220,2.4,100,0,10000,1018,10.04,67,220,2.4,100,0,10000,1018,10.04,67,220,2.4,100,0,10000,1018,10.04,67,220,2.4,100,0,10000,1018,10.04,67,220,2.4,100,0,10000,1018,10.04,67,220,2.4,100,0,10000,1018,10.04,67,220,2.4,100,0,10000,1018,10.04,67,220,2.4,100,0,10000,1018,10.04,67,220,2.4,100,0,10000,1018,10.04,67,220,2.4,100,0,10000,1018,10.04,67,220,2.4,100,0,10000
1021,10.84,87,300,6.69,100,0,9000,14,0,20,5,1016,10.18,74,46,0.75,93,0,10000,1016,10.18,74,46,0.75,93,0,10000,1016,10.18,74,46,0.75,93,0,10000,1016,10.18,74,46,0.75,93,0,10000,1016,10.18,74,46,0.75,93,0,10000,1016,10.18,74,46,0.75,93,0,10000,1016,10.18,74,46,0.75,93,0,10000,1016,10.18,74,46,0.75,93,0,10000,1016,10.18,74,46,0.75,93,0,10000,1016,10.18,74,46,0.75,93,0,10000,1016,10.18,74,46,0.75,93,0,10000,1016,10.18,74,46,0.75,93,0,10000
1021,10.84,87,300,6.69,100,0,9000,17,0,20,5,1021,10.84,87,346,4.67,100,0,10000,1021,10.84,87,346,4.67,100,0,10000,1021,10.84,87,346,4.67,100,0,10000,1021,10.84,87,346,4.67,100,0,10000,1021,10.84,87,346,4.67,100,0,10000,1021,10.84,87,346,4.67,100,0,10000,1021,10.84,87,346,4.67,100,0,10000,1021,10.84,87,346,4.67,100,0,10000,1021,10.84,87,346,4.67,100,0,10000,1021,10.84,87,346,4.67,100,0,10000,1021,10.84,87,346,4.67,100,0,10000,1021,10.84,87,346,4.67,100,0,10000
1021,10.84,87,300,6.69,100,0,9000,20,0,20,5,1021,9.95,84,5,4.15,97,0,10000,1021,9.95,84,5,4.15,97,0,10000,1021,9.95,84,5,4.15,97,0,10000,1021,9.95,84,5,4.15,97,0,10000,1021,9.95,84,5,4.15,97,0,10000,1021,9.95,84,5,4.15,97,0,10000,1021,9.95,84,5,4.15,97,0,10000,1021,9.95,84,5,4.15,97,0,10000,1021,9.95,84,5,4.15,97,0,10000,1021,9.95,84,5,4.15,97,0,10000,1021,9.95,84,5,4.15,97,0,10000,1021,9.95,84,5,4.15,97,0,10000
1021,10.84,87,300,6.69,100,0,9000,23,0,20,5,1022,8.79,83,32,3.52,95,0,10000,1022,8.79,83,32,3.52,95,0,10000,1022,8.79,83,32,3.52,95,0,10000,1022,8.79,83,32,3.52,95,0,10000,1022,8.79,83,32,3.52,95,0,10000,1022,8.79,83,32,3.52,95,0,10000,1022,8.79,83,32,3.52,95,0,10000,1022,8.79,83,32,3.52,95,0,10000,1022,8.79,83,32,3.52,95,0,10000,1022,8.79,83,32,3.52,95,0,10000,1022,8.79,83,32,3.52,95,0,10000,1022,8.79,83,32,3.52,95,0,10000
1021,10.84,87,300,6.69,100,0,9000,2,0,21,5,1021,6.21,71,15,1.71,48,0,10000,1021,6.21,71,15,1.71,48,0,10000,1021,6.21,71,15,1.71,48,0,10000,1021,6.21,71,15,1.71,48,0,10000,1021,6.21,71,15,1.71,48,0,10000,1021,6.21,71,15,1.71,48,0,10000,1021,6.21,71,15,1.71,48,0,10000,1021,6.21,71,15,1.71,48,0,10000,1021,6.21,71,15,1.71,48,0,10000,1021,6.21,71,15,1.71,48,0,10000,1021,6.21,71,15,1.71,48,0,10000,1021,6.21,71,15,1.71,48,0,10000
1021,10.84,87,300,6.69,100,0,9000,5,0,21,5,1020,7.75,69,337,1.14,75,0,10000,1020,7.75,69,337,1.14,75,0,10000,1020,7.75,69,337,1.14,75,0,10000,1020,7.75,69,337,1.14,75,0,10000,1020,7.75,69,337,1.14,75,0,10000,1020,7.75,69,337,1.14,75,0,10000,1020,7.75,69,337,1.14,75,0,10000,1020,7.75,69,337,1.14,75,0,10000,1020,7.75,69,337,1.14,75,0,10000,1020,7.75,69,337,1.14,75,0,10000,1020,7.75,69,337,1.14,75,0,10000,1020,7.75,69,337,1.14,75,0,10000
1021,10.84,87,300,6.69,100,0,9000,8,0,21,5,1019,9.2,64,241,0.85,100,0,10000,1019,9.2,64,241,0.85,100,0,10000,1019,9.2,64,241,0.85,100,0,10000,1019,9.2,64,241,0.85,100,0,10000,1019,9.2,64,241,0.85,100,0,10000,1019,9.2,64,241,0.85,100,0,10000,1019,9.2,64,241,0.85,100,0,10000,1019,9.2,64,241,0.85,100,0,10000,1019,9.2,64,241,0.85,100,0,10000,1019,9.2,64,241,0.85,100,0,10000,1019,9.2,64,241,0.85,100,0,10000,1019,9.2,64,241,0.85,100,0,10000
1021,10.84,87,300,6.69,100,0,9000,11,0,21,5,1018,10.04,67,220,2.4,100,0,10000,1018,10.04,67,220,2.4,100,0,10000,1018,10.04,67,220,2.4,100,0,10000,1018,10.04,67,220,2.4,100,0,10000,1018,10.04,67,220,2.4,100,0,10000,1018,10.04,67,220,2.4,100,0,10000,1018,10.04,67,220,2.4,100,0,10000,1018,10.04,67,220,2.4,100,0,10000,1018,10.04,67,220,2.4,100,0,10000,1018,10.04,67,220,2.4,100,0,10000,1018,10.04,67,220,2.4,100,0,10000,1018,10.04,67,220,2.4,100,0,10000
1021,10.84,87,300,6.69,100,0,9000,14,0,21,5,1016,10.18,74,46,0.75,93,0,10000,1016,10.18,74,46,0.75,93,0,10000,1016,10.18,74,46,0.75,93,0,10000,1016,10.18,74,46,0.75,93,0,10000,1016,10.18,74,46,0.75,93,0,10000,1016,10.18,74,46,0.75,93,0,10000,1016,10.18,74,46,0.75,93,0,10000,1016,10.18,74,46,0.75,93,0,10000,1016,10.18,74,46,0.75,93,0,10000,1016,10.18,74,46,0.75,93,0,10000,1016,10.18,74,46,0.75,93,0,10000,1016,10.18,74,46,0.75,93,0,10000
1021,10.84,87,300,6.69,100,0,9000,17,0,21,5,1021,10.84,87,346,4.67,100,0,10000,1021,10.84,87,346,4.67,100,0,10000,1021,10.84,87,346,4.67,100,0,10000,1021,10.84,87,346,4.67,100,0,10000,1021,10.84,87,346,4.67,100,0,10000,1021,10.84,87,346,4.67,100,0,10000,1021,10.84,87,346,4.67,100,0,10000,1021,10.84,87,346,4.67,100,0,10000,1021,10.84,87,346,4.67,100,0,10000,1021,10.84,87,346,4.67,100,0,10000,1021,10.84,87,346,4.67,100,0,10000,1021,10.84,87,346,4.67,100,0,10000
1021,10.84,87,300,6.69,100,0,9000,20,0,21,5,1021,9.95,84,5,4.15,97,0,10000,1021,9.95,84,5,4.15,97,0,10000,1021,9.95,84,5,4.15,97,0,10000,1021,9.95,84,5,4.15,97,0,10000,1021,9.95,84,5,4.15,97,0,10000,1021,9.95,84,5,4.15,97,0,10000,1021,9.95,84,5,4.15,97,0,10000,1021,9.95,84,5,4.15,97,0,10000,1021,9.95,84,5,4.15,97,0,10000,1021,9.95,84,5,4.15,97,0,10000,1021,9.95,84,5,4.15,97,0,10000,1021,9.95,84,5,4.15,97,0,10000
1021,10.84,87,300,6.69,100,0,9000,23,0,21,5,1022,8.79,83,32,3.52,95,0,10000,1022,8.79,83,32,3.52,95,0,10000,1022,8.79,83,32,3.52,95,0,10000,1022,8.79,83,32,3.52,95,0,10000,1022,8.79,83,32,3.52,95,0,10000,1022,8.79,83,32,3.52,95,0,10000,1022,8.79,83,32,3.52,95,0,10000,1022,8.79,83,32,3.52,95,0,10000,1022,8.79,83,32,3.52,95,0,10000,1022,8.79,83,32,3.52,95,0,10000,1022,8.79,83,32,3.52,95,0,10000,1022,8.79,83,32,3.52,95,0,10000
1021,10.84,87,300,6.69,100,0,9000,2,0,22,5,1021,6.21,71,15,1.71,48,0,10000,1021,6.21,71,15,1.71,48,0,10000,1021,6.21,71,15,1.71,48,0,10000,1021,6.21,71,15,1.71,48,0,10000,1021,6.21,71,15,1.71,48,0,10000,1021,6.21,71,15,1.71,48,0,10000,1021,6.21,71,15,1.71,48,0,10000,1021,6.21,71,15,1.71,48,0,10000,1021,6.21,71,15,1.71,48,0,10000,1021,6.21,71,15,1.71,48,0,10000,1021,6.21,71,15,1.71,48,0,10000,1021,6.21,71,15,1.71,48,0,10000
1021,10.84,87,300,6.69,100,0,9000,5,0,22,5,1020,7.75,69,337,1.14,75,0,10000,1020,7.75,69,337,1.14,75,0,10000,1020,7.75,69,337,1.14,75,0,10000,1020,7.75,69,337,1.14,75,0,10000,1020,7.75,69,337,1.14,75,0,10000,1020,7.75,69,337,1.14,75,0,10000,1020,7.75,69,337,1.14,75,0,10000,1020,7.75,69,337,1.14,75,0,10000,1020,7.75,69,337,1.14,75,0,10000,1020,7.75,69,337,1.14,75,0,10000,1020,7.75,69,337,1.14,75,0,10000,1020,7.75,69,337,1.14,75,0,10000
1021,10.84,87,300,6.69,100,0,9000,8,0,22,5,1019,9.2,64,241,0.85,100,0,10000,1019,9.2,64,241,0.85,100,0,10000,1019,9.2,64,241,0.85,100,0,10000,1019,9.2,64,241,0.85,100,0,10000,1019,9.2,64,241,0.85,100,0,10000,1019,9.2,64,241,0.85,100,0,10000,1019,9.2,64,241,0.85,100,0,10000,1019,9.2,64,241,0.85,100,0,10000,1019,9.2,64,241,0.85,100,0,10000,1019,9.2,64,241,0.85,100,0,10000,1019,9.2,64,241,0.85,100,0,10000,1019,9.2,64,241,0.85,100,0,10000
1021,10.84,87,300,6.69,100,0,9000,11,0,22,5,1018,10.04,67,220,2.4,100,0,10000,1018,10.04,67,220,2.4,100,0,10000,1018,10.04,67,220,2.4,100,0,10000,1018,10.04,67,220,2.4,100,0,10000,1018,10.04,67,220,2.4,100,0,10000,1018,10.04,67,220,2.4,100,0,10000,1018,10.04,67,220,2.4,100,0,10000,1018,10.04,67,220,2.4,100,0,10000,1018,10.04,67,220,2.4,100,0,10000,1018,10.04,67,220,2.4,100,0,10000,1018,10.04,67,220,2.4,100,0,10000,1018,10.04,67,220,2.4,100,0,10000
1021,10.84,87,300,6.69,100,0,9000,14,0,22,5,1016,10.18,74,46,0.75,93,0,10000,1016,10.18,74,46,0.75,93,0,10000,1016,10.18,74,46,0.75,93,0,10000,1016,10.18,74,46,0.75,93,0,10000,1016,10.18,74,46,0.75,93,0,10000,1016,10.18,74,46,0.75,93,0,10000,1016,10.18,74,46,0.75,93,0,10000,1016,10.18,74,46,0.75,93,0,10000,1016,10.18,74,46,0.75,93,0,10000,1016,10.18,74,46,0.75,93,0,10000,1016,10.18,74,46,0.75,93,0,10000,1016,10.18,74,46,0.75,93,0,10000
1021,10.84,87,300,6.69,100,0,9000,17,0,22,5,1021,10.84,87,346,4.67,100,0,10000,1021,10.84,87,346,4.67,100,0,10000,1021,10.84,87,346,4.67,100,0,10000,1021,10.84,87,346,4.67,100,0,10000,1021,10.84,87,346,4.67,100,0,10000,1021,10.84,87,346,4.67,100,0,10000,1021,10.84,87,346,4.67,100,0,10000,1021,10.84,87,346,4.67,100,0,10000,1021,10.84,87,346,4.67,100,0,10000,1021,10.84,87,346,4.67,100,0,10000,1021,10.84,87,346,4.67,100,0,10000,1021,10.84,87,346,4.67,100,0,10000
1021,10.84,87,300,6.69,100,0,9000,20,0,22,5,1021,9.95,84,5,4.15,97,0,10000,1021,9.95,84,5,4.15,97,0,10000,1021,9.95,84,5,4.15,97,0,10000,1021,9.95,84,5,4.15,97,0,10000,1021,9.95,84,5,4.15,97,0,10000,1021,9.95,84,5,4.15,97,0,10000,1021,9.95,84,5,4.15,97,0,10000,1021,9.95,84,5,4.15,97,0,10000,1021,9.95,84,5,4.15,97,0,10000,1021,9.95,84,5,4.15,97,0,10000,1021,9.95,84,5,4.15,97,0,10000,1021,9.95,84,5,4.15,97,0,10000
1021,10.84,87,300,6.69,100,0,9000,23,0,22,5,1022,8.79,83,32,3.52,95,0,10000,1022,8.79,83,32,3.52,95,0,10000,1022,8.79,83,32,3.52,95,0,10000,1022,8.79,83,32,3.52,95,0,10000,1022,8.79,83,32,3.52,95,0,10000,1022,8.79,83,32,3.52,95,0,10000,1022,8.79,83,32,3.52,95,0,10000,1022,8.79,83,32,3.52,95,0,10000,1022,8.79,83,32,3.52,95,0,10000,1022,8.79,83,32,3.52,95,0,10000,1022,8.79,83,32,3.52,95,0,10000,1022,8.79,83,32,3.52,95,0,10000
1021,10.84,87,300,6.69,100,0,9000,2,0,23,5,1021,6.21,71,15,1.71,48,0,10000,1021,6.21,71,15,1.71,48,0,10000,1021,6.21,71,15,1.71,48,0,10000,1021,6.21,71,15,1.71,48,0,10000,1021,6.21,71,15,1.71,48,0,10000,1021,6.21,71,15,1.71,48,0,10000,1021,6.21,71,15,1.71,48,0,10000,1021,6.21,71,15,1.71,48,0,10000,1021,6.21,71,15,1.71,48,0,10000,1021,6.21,71,15,1.71,48,0,10000,1021,6.21,71,15,1.71,48,0,10000,1021,6.21,71,15,1.71,48,0,10000
1021,10.84,87,300,6.69,100,0,9000,5,0,23,5,1020,7.75,69,337,1.14,75,0,10000,1020,7.75,69,337,1.14,75,0,10000,1020,7.75,69,337,1.14,75,0,10000,1020,7.75,69,337,1.14,75,0,10000,1020,7.75,69,337,1.14,75,0,10000,1020,7.75,69,337,1.14,75,0,10000,1020,7.75,69,337,1.14,75,0,10000,1020,7.75,69,337,1.14,75,0,10000,1020,7.75,69,337,1.14,75,0,10000,1020,7.75,69,337,1.14,75,0,10000,1020,7.75,69,337,1.14,75,0,10000,1020,7.75,69,337,1.14,75,0,10000
1021,10.84,87,300,6.69,100,0,9000,8,0,23,5,1019,9.2,64,241,0.85,100,0,10000,1019,9.2,64,241,0.85,100,0,10000,1019,9.2,64,241,0.85,100,0,10000,1019,9.2,64,241,0.85,100,0,10000,1019,9.2,64,241,0.85,100,0,10000,1019,9.2,64,241,0.85,100,0,10000,1019,9.2,64,241,0.85,100,0,10000,1019,9.2,64,241,0.85,100,0,10000,1019,9.2,64,241,0.85,100,0,10000,1019,9.2,64,241,0.85,100,0,10000,1019,9.2,64,241,0.85,100,0,10000,1019,9.2,64,241,0.85,100,0,10000
1021,10.84,87,300,6.69,100,0,9000,11,0,23,5,1018,10.04,67,220,2.4,100,0,10000,1018,10.04,67,220,2.4,100,0,10000,1018,10.04,67,220,2.4,100,0,10000,1018,10.04,67,220,2.4,100,0,10000,1018,10.04,67,220,2.4,100,0,10000,1018,10.04,67,220,2.4,100,0,10000,1018,10.04,67,220,2.4,100,0,10000,1018,10.04,67,220,2.4,100,0,10000,1018,10.04,67,220,2.4,100,0,10000,1018,10.04,67,220,2.4,100,0,10000,1018,10.04,67,220,2.4,100,0,10000,1018,10.04,67,220,2.4,100,0,10000
1021,10.84,87,300,6.69,100,0,9000,14,0,23,5,1016,10.18,74,46,0.75,93,0,10000,1016,10.18,74,46,0.75,93,0,10000,1016,10.18,74,46,0.75,93,0,10000,1016,10.18,74,46,0.75,93,0,10000,1016,10.18,74,46,0.75,93,0,10000,1016,10.18,74,46,0.75,93,0,10000,1016,10.18,74,46,0.75,93,0,10000,1016,10.18,74,46,0.75,93,0,10000,1016,10.18,74,46,0.75,93,0,10000,1016,10.18,74,46,0.75,93,0,10000,1016,10.18,74,46,0.75,93,0,10000,1016,10.18,74,46,0.75,93,0,10000
1021,10.84,87,300,6.69,100,0,9000,17,0,23,5,1021,10.84,87,346,4.67,100,0,10000,1021,10.84,87,346,4.67,100,0,10000,1021,10.84,87,346,4.67,100,0,10000,1021,10.84,87,346,4.67,100,0,10000,1021,10.84,87,346,4.67,100,0,10000,1021,10.84,87,346,4.67,100,0,10000,1021,10.84,87,346,4.67,100,0,10000,1021,10.84,87,346,4.67,100,0,10000,1021,10.84,87,346,4.67,100,0,10000,1021,10.84,87,346,4.67,100,0,10000,1021,10.84,87,346,4.67,100,0,10000,1021,10.84,87,346,4.67,100,0,10000
1021,10.84,87,300,6.69,100,0,9000,20,0,23,5,1021,9.95,84,5,4.15,97,0,10000,1021,9.95,84,5,4.15,97,0,10000,1021,9.95,84,5,4.15,97,0,10000,1021,9.95,84,5,4.15,97,0,10000,1021,9.95,84,5,4.15,97,0,10000,1021,9.95,84,5,4.15,97,0,10000,1021,9.95,84,5,4.15,97,0,10000,1021,9.95,84,5,4.15,97,0,10000,1021,9.95,84,5,4.15,97,0,10000,1021,9.95,84,5,4.15,97,0,10000,1021,9.95,84,5,4.15,97,0,10000,1021,9.95,84,5,4.15,97,0,10000
1021,10.84,87,300,6.69,100,0,9000,23,0,23,5,1022,8.79,83,32,3.52,95,0,10000,1022,8.79,83,32,3.52,95,0,10000,1022,8.79,83,32,3.52,95,0,10000,1022,8.79,83,32,3.52,95,0,10000,1022,8.79,83,32,3.52,95,0,10000,1022,8.79,83,32,3.52,95,0,10000,1022,8.79,83,32,3.52,95,0,10000,1022,8.79,83,32,3.52,95,0,10000,1022,8.79,83,32,3.52,95,0,10000,1022,8.79,83,32,3.52,95,0,10000,1022,8.79,83,32,3.52,95,0,10000,1022,8.79,83,32,3.52,95,0,10000
1021,10.84,87,300,6.69,100,0,9000,2,0,24,5,1021,6.21,71,15,1.71,48,0,10000,1021,6.21,71,15,1.71,48,0,10000,1021,6.21,71,15,1.71,48,0,10000,1021,6.21,71,15,1.71,48,0,10000,1021,6.21,71,15,1.71,48,0,10000,1021,6.21,71,15,1.71,48,0,10000,1021,6.21,71,15,1.71,48,0,10000,1021,6.21,71,15,1.71,48,0,10000,1021,6.21,71,15,1.71,48,0,10000,1021,6.21,71,15,1.71,48,0,10000,1021,6.21,71,15,1.71,48,0,10000,1021,6.21,71,15,1.71,48,0,10000
1021,10.84,87,300,6.69,100,0,9000,5,0,24,5,1020,7.75,69,337,1.14,75,0,10000,1020,7.75,69,337,1.14,75,0,10000,1020,7.75,69,337,1.14,75,0,10000,1020,7.75,69,337,1.14,75,0,10000,1020,7.75,69,337,1.14,75,0,10000,1020,7.75,69,337,1.14,75,0,10000,1020,7.75,69,337,1.14,75,0,10000,1020,7.75,69,337,1.14,75,0,10000,1020,7.75,69,337,1.14,75,0,10000,1020,7.75,69,337,1.14,75,0,10000,1020,7.75,69,337,1.14,75,0,10000,1020,7.75,69,337,1.14,75,0,10000
1021,10.84,87,300,6.69,100,0,9000,8,0,24,5,1019,9.2,64,241,0.85,100,0,10000,1019,9.2,64,241,0.85,100,0,10000,1019,9.2,64,241,0.85,100,0,10000,1019,9.2,64,241,0.85,100,0,10000,1019,9.2,64,241,0.85,100,0,10000,1019,9.2,64,241,0.85,100,0,10000,1019,9.2,64,241,0.85,100,0,10000,1019,9.2,64,241,0.85,100,0,10000,1019,9.2,64,241,0.85,100,0,10000,1019,9.2,64,241,0.85,100,0,10000,1019,9.2,64,241,0.85,100,0,10000,1019,9.2,64,241,0.85,100,0,10000
1021,10.84,87,300,6.69,100,0,9000,11,0,24,5,1018,10.04,67,220,2.4,100,0,10000,1018,10.04,67,220,2.4,100,0,10000,1018,10.04,67,220,2.4,100,0,10000,1018,10.04,67,220,2.4,100,0,10000,1018,10.04,67,220,2.4,100,0,10000,1018,10.04,67,220,2.4,100,0,10000,1018,10.04,67,220,2.4,100,0,10000,1018,10.04,67,220,2.4,100,0,10000,1018,10.04,67,220,2.4,100,0,10000,1018,10.04,67,220,2.4,100,0,10000,1018,10.04,67,220,2.4,100,0,10000,1018,10.04,67,220,2.4,100,0,10000
1021,10.84,87,300,6.69,100,0,9000,14,0,24,5,1016,10.18,74,46,0.75,93,0,10000,1016,10.18,74,46,0.75,93,0,10000,1016,10.18,74,46,0.75,93,0,10000,1016,10.18,74,46,0.75,93,0,10000,1016,10.18,74,46,0.75,93,0,10000,1016,10.18,74,46,0.75,93,0,10000,1016,10.18,74,46,0.75,93,0,10000,1016,10.18,74,46,0.75,93,0,10000,1016,10.18,74,46,0.75,93,0,10000,1016,10.18,74,46,0.75,93,0,10000,1016,10.18,74,46,0.75,93,0,10000,1016,10.18,74,46,0.75,93,0,10000
1021,10.84,87,300,6.69,100,0,9000,17,0,24,5,1021,10.84,87,346,4.67,100,0,10000,1021,10.84,87,346,4.67,100,0,10000,1021,10.84,87,346,4.67,100,0,10000,1021,10.84,87,346,4.67,100,0,10000,1021,10.84,87,346,4.67,100,0,10000,1021,10.84,87,346,4.67,100,0,10000,1021,10.84,87,346,4.67,100,0,10000,1021,10.84,87,346,4.67,100,0,10000,1021,10.84,87,346,4.67,100,0,10000,1021,10.84,87,346,4.67,100,0,10000,1021,10.84,87,346,4.67,100,0,10000,1021,10.84,87,346,4.67,100,0,10000
1021,10.84,87,300,6.69,100,0,9000,20,0,24,5,1021,9.95,84,5,4.15,97,0,10000,1021,9.95,84,5,4.15,97,0,10000,1021,9.95,84,5,4.15,97,0,10000,1021,9.95,84,5,4.15,97,0,10000,1021,9.95,84,5,4.15,97,0,10000,1021,9.95,84,5,4.15,97,0,10000,1021,9.95,84,5,4.15,97,0,10000,1021,9.95,84,5,4.15,97,0,10000,1021,9.95,84,5,4.15,97,0,10000,1021,9.95,84,5,4.15,97,0,10000,1021,9.95,84,5,4.15,97,0,10000,1021,9.95,84,5,4.15,97,0,10000
1021,10.84,87,300,6.69,100,0,9000,23,0,24,5,1022,8.79,83,32,3.52,95,0,10000,1022,8.79,83,32,3.52,95,0,10000,1022,8.79,83,32,3.52,95,0,10000,1022,8.79,83,32,3.52,95,0,10000,1022,8.79,83,32,3.52,95,0,10000,1022,8.79,83,32,3.52,95,0,10000,1022,8.79,83,32,3.52,95,0,10000,1022,8.79,83,32,3.52,95,0,10000,1022,8.79,83,32,3.52,95,0,10000,1022,8.79,83,32,3.52,95,0,10000,1022,8.79,83,32,3.52,95,0,10000,1022,8.79,83,32,3.52,95,0,10000
1021,10.84,87,300,6.69,100,0,9000,2,0,25,5,1021,6.21,71,15,1.71,48,0,10000,1021,6.21,71,15,1.71,48,0,10000,1021,6.21,71,15,1.71,48,0,10000,1021,6.21,71,15,1.71,48,0,10000,1021,6.21,71,15,1.71,48,0,10000,1021,6.21,71,15,1.71,48,0,10000,1021,6.21,71,15,1.71,48,0,10000,1021,6.21,71,15,1.71,48,0,10000,1021,6.21,71,15,1.71,48,0,10000,1021,6.21,71,15,1.71,48,0,10000,1021,6.21,71,15,1.71,48,0,10000,1021,6.21,71,15,1.71,48,0,10000
1021,10.84,87,300,6.69,100,0,9000,5,0,25,5,1020,7.75,69,337,1.14,75,0,10000,1020,7.75,69,337,1.14,75,0,10000,1020,7.75,69,337,1.14,75,0,10000,1020,7.75,69,337,1.14,75,0,10000,1020,7.75,69,337,1.14,75,0,10000,1020,7.75,69,337,1.14,75,0,10000,1020,7.75,69,337,1.14,75,0,10000,1020,7.75,69,337,1.14,75,0,10000,1020,7.75,69,337,1.14,75,0,10000,1020,7.75,69,337,1.14,75,0,10000,1020,7.75,69,337,1.14,75,0,10000,1020,7.75,69,337,1.14,75,0,10000
1021,10.84,87,300,6.69,100,0,9000,8,0,25,5,1019,9.2,64,241,0.85,100,0,10000,1019,9.2,64,241,0.85,100,0,10000,1019,9.2,64,241,0.85,100,0,10000,1019,9.2,64,241,0.85,100,0,10000,1019,9.2,64,241,0.85,100,0,10000,1019,9.2,64,241,0.85,100,0,10000,1019,9.2,64,241,0.85,100,0,10000,1019,9.2,64,241,0.85,100,0,10000,1019,9.2,64,241,0.85,100,0,10000,1019,9.2,64,241,0.85,100,0,10000,1019,9.2,64,241,0.85,100,0,10000,1019,9.2,64,241,0.85,100,0,10000
1021,10.84,87,300,6.69,100,0,9000,11,0,25,5,1018,10.04,67,220,2.4,100,0,10000,1018,10.04,67,220,2.4,100,0,10000,1018,10.04,67,220,2.4,100,0,10000,1018,10.04,67,220,2.4,100,0,10000,1018,10.04,67,220,2.4,100,0,10000,1018,10.04,67,220,2.4,100,0,10000,1018,10.04,67,220,2.4,100,0,10000,1018,10.04,67,220,2.4,100,0,10000,1018,10.04,67,220,2.4,100,0,10000,1018,10.04,67,220,2.4,100,0,10000,1018,10.04,67,220,2.4,100,0,10000,1018,10.04,67,220,2.4,100,0,10000
1021,10.84,87,300,6.69,100,0,9000,14,0,25,5,1016,10.18,74,46,0.75,93,0,10000,1016,10.18,74,46,0.75,93,0,10000,1016,10.18,74,46,0.75,93,0,10000,1016,10.18,74,46,0.75,93,0,10000,1016,10.18,74,46,0.75,93,0,10000,1016,10.18,74,46,0.75,93,0,10000,1016,10.18,74,46,0.75,93,0,10000,1016,10.18,74,46,0.75,93,0,10000,1016,10.18,74,46,0.75,93,0,10000,1016,10.18,74,46,0.75,93,0,10000,1016,10.18,74,46,0.75,93,0,10000,1016,10.18,74,46,0.75,93,0,10000
1021,10.84,87,300,6.69,100,0,9000,17,0,25,5,1021,10.84,87,346,4.67,100,0,10000,1021,10.84,87,346,4.67,100,0,10000,1021,10.84,87,346,4.67,100,0,10000,1021,10.84,87,346,4.67,100,0,10000,1021,10.84,87,346,4.67,100,0,10000,1021,10.84,87,346,4.67,100,0,10000,1021,10.84,87,346,4.67,100,0,10000,1021,10.84,87,346,4.67,100,0,10000,1021,10.84,87,346,4.67,100,0,10000,1021,10.84,87,346,4.67,100,0,10000,1021,10.84,87,346,4.67,100,0,10000,1021,10.84,87,346,4.67,100,0,10000
1021,10.84,87,300,6.69,100,0,9000,20,0,25,5,1021,9.95,84,5,4.15,97,0,10000,1021,9.95,84,5,4.15,97,0,10000,1021,9.95,84,5,4.15,97,0,10000,1021,9.95,84,5,4.15,97,0,10000,1021,9.95,84,5,4.15,97,0,10000,1021,9.95,84,5,4.15,97,0,10000,1021,9.95,84,5,4.15,97,0,10000,1021,9.95,84,5,4.15,97,0,10000,1021,9.95,84,5,4.15,97,0,10000,1021,9.95,84,5,4.15,97,0,10000,1021,9.95,84,5,4.15,97,0,10000,1021,9.95,84,5,4.15,97,0,10000
1021,10.84,87,300,6.69,100,0,9000,23,0,25,5,1022,8.79,83,32,3.52,95,0,10000,1022,8.79,83,32,3.52,95,0,10000,1022,8.79,83,32,3.52,95,0,10000,1022,8.79,83,32,3.52,95,0,10000,1022,8.79,83,32,3.52,95,0,10000,1022,8.79,83,32,3.52,95,0,10000,1022,8.79,83,32,3.52,95,0,10000,1022,8.79,83,32,3.52,95,0,10000,1022,8.79,83,32,3.52,95,0,10000,1022,8.79,83,32,3.52,95,0,10000,1022,8.79,83,32,3.52,95,0,10000,1022,8.79,83,32,3.52,95,0,10000
1021,10.84,87,300,6.69,100,0,9000,2,0,26,5,1021,6.21,71,15,1.71,48,0,10000,1021,6.21,71,15,1.71,48,0,10000,1021,6.21,71,15,1.71,48,0,10000,1021,6.21,71,15,1.71,48,0,10000,1021,6.21,71,15,1.71,48,0,10000,1021,6.21,71,15,1.71,48,0,10000,1021,6.21,71,15,1.71,48,0,10000,1021,6.21,71,15,1.71,48,0,10000,1021,6.21,71,15,1.71,48,0,10000,1021,6.21,71,15,1.71,48,0,10000,1021,6.21,71,15,1.71,48,0,10000,1021,6.21,71,15,1.71,48,0,10000
1021,10.84,87,300,6.69,100,0,9000,5,0,26,5,1020,7.75,69,337,1.14,75,0,10000,1020,7.75,69,337,1.14,75,0,10000,1020,7.75,69,337,1.14,75,0,10000,1020,7.75,69,337,1.14,75,0,10000,1020,7.75,69,337,1.14,75,0,10000,1020,7.75,69,337,1.14,75,0,10000,1020,7.75,69,337,1.14,75,0,10000,1020,7.75,69,337,1.14,75,0,10000,1020,7.75,69,337,1.14,75,0,10000,1020,7.75,69,337,1.14,75,0,10000,1020,7.75,69,337,1.14,75,0,10000,1020,7.75,69,337,1.14,75,0,10000
1021,10.84,87,300,6.69,100,0,9000,8,0,26,5,1019,9.2,64,241,0.85,100,0,10000,1019,9.2,64,241,0.85,100,0,10000,1019,9.2,64,241,0.85,100,0,10000,1019,9.2,64,241,0.85,100,0,10000,1019,9.2,64,241,0.85,100,0,10000,1019,9.2,64,241,0.85,100,0,10000,1019,9.2,64,241,0.85,100,0,10000,1019,9.2,64,241,0.85,100,0,10000,1019,9.2,64,241,0.85,100,0,10000,1019,9.2,64,241,0.85,100,0,10000,1019,9.2,64,241,0.85,100,0,10000,1019,9.2,64,241,0.85,100,0,10000
1021,10.84,87,300,6.69,100,0,9000,11,0,26,5,1018,10.04,67,220,2.4,100,0,10000,1018,10.04,67,220,2.4,100,0,10000,1018,10.04,67,220,2.4,100,0,10000,1018,10.04,67,220,2.4,100,0,10000,1018,10.04,67,220,2.4,100,0,10000,1018,10.04,67,220,2.4,100,0,10000,1018,10.04,67,220,2.4,100,0,10000,1018,10.04,67,220,2.4,100,0,10000,1018,10.04,67,220,2.4,100,0,10000,1018,10.04,67,220,2.4,100,0,10000,1018,10.04,67,220,2.4,100,0,10000,1018,10.04,67,220,2.4,100,0,10000
1021,10.84,87,300,6.69,100,0,9000,14,0,26,5,1016,10.18,74,46,0.75,93,0,10000,1016,10.18,74,46,0.75,93,0,10000,1016,10.18,74,46,0.75,93,0,10000,1016,10.18,74,46,0.75,93,0,10000,1016,10.18,74,46,0.75,93,0,10000,1016,10.18,74,46,0.75,93,0,10000,1016,10.18,74,46,0.75,93,0,10000,1016,10.18,74,46,0.75,93,0,10000,1016,10.18,74,46,0.75,93,0,10000,1016,10.18,74,46,0.75,93,0,10000,1016,10.18,74,46,0.75,93,0,10000,1016,10.18,74,46,0.75,93,0,10000
1021,10.84,87,300,6.69,100,0,9000,17,0,26,5,1021,10.84,87,346,4.67,100,0,10000,1021,10.84,87,346,4.67,100,0,10000,1021,10.84,87,346,4.67,100,0,10000,1021,10.84,87,346,4.67,100,0,10000,1021,10.84,87,346,4.67,100,0,10000,1021,10.84,87,346,4.67,100,0,10000,1021,10.84,87,346,4.67,100,0,10000,1021,10.84,87,346,4.67,100,0,10000,1021,10.84,87,346,4.67,100,0,10000,1021,10.84,87,346,4.67,100,0,10000,1021,10.84,87,346,4.67,100,0,10000,1021,10.84,87,346,4.67,100,0,10000
1021,10.84,87,300,6.69,100,0,9000,20,0,26,5,1021,9.95,84,5,4.15,97,0,10000,1021,9.95,84,5,4.15,97,0,10000,1021,9.95,84,5,4.15,97,0,10000,1021,9.95,84,5,4.15,97,0,10000,1021,9.95,84,5,4.15,97,0,10000,1021,9.95,84,5,4.15,97,0,10000,1021,9.95,84,5,4.15,97,0,10000,1021,9.95,84,5,4.15,97,0,10000,1021,9.95,84,5,4.15,97,0,10000,1021,9.95,84,5,4.15,97,0,10000,1021,9.95,84,5,4.15,97,0,10000,1021,9.95,84,5,4.15,97,0,10000
1021,10.84,87,300,6.69,100,0,9000,23,0,26,5,1022,8.79,83,32,3.52,95,0,10000,1022,8.79,83,32,3.52,95,0,10000,1022,8.79,83,32,3.52,95,0,10000,1022,8.79,83,32,3.52,95,0,10000,1022,8.79,83,32,3.52,95,0,10000,1022,8.79,83,32,3.52,95,0,10000,1022,8.79,83,32,3.52,95,0,10000,1022,8.79,83,32,3.52,95,0,10000,1022,8.79,83,32,3.52,95,0,10000,1022,8.79,83,32,3.52,95,0,10000,1022,8.79,83,32,3.52,95,0,10000,1022,8.79,83,32,3.52,95,0,10000
1021,10.84,87,300,6.69,100,0,9000,2,0,27,5,1021,6.21,71,15,1.71,48,0,10000,1021,6.21,71,15,1.71,48,0,10000,1021,6.21,71,15,1.71,48,0,10000,1021,6.21,71,15,1.71,48,0,10000,1021,6.21,71,15,1.71,48,0,10000,1021,6.21,71,15,1.71,48,0,10000,1021,6.21,71,15,1.71,48,0,10000,1021,6.21,71,15,1.71,48,0,10000,1021,6.21,71,15,1.71,48,0,10000,1021,6.21,71,15,1.71,48,0,10000,1021,6.21,71,15,1.71,48,0,10000,1021,6.21,71,15,1.71,48,0,10000
1021,10.84,87,300,6.69,100,0,9000,5,0,27,5,1020,7.75,69,337,1.14,75,0,10000,1020,7.75,69,337,1.14,75,0,10000,1020,7.75,69,337,1.14,75,0,10000,1020,7.75,69,337,1.14,75,0,10000,1020,7.75,69,337,1.14,75,0,10000,1020,7.75,69,337,1.14,75,0,10000,1020,7.75,69,337,1.14,75,0,10000,1020,7.75,69,337,1.14,75,0,10000,1020,7.75,69,337,1.14,75,0,10000,1020,7.75,69,337,1.14,75,0,10000,1020,7.75,69,337,1.14,75,0,10000,1020,7.75,69,337,1.14,75,0,10000
1021,10.84,87,300,6.69,100,0,9000,8,0,27,5,1019,9.2,64,241,0.85,100,0,10000,1019,9.2,64,241,0.85,100,0,10000,1019,9.2,64,241,0.85,100,0,10000,1019,9.2,64,241,0.85,100,0,10000,1019,9.2,64,241,0.85,100,0,10000,1019,9.2,64,241,0.85,100,0,10000,1019,9.2,64,241,0.85,100,0,10000,1019,9.2,64,241,0.85,100,0,10000,1019,9.2,64,241,0.85,100,0,10000,1019,9.2,64,241,0.85,100,0,10000,1019,9.2,64,241,0.85,100,0,10000,1019,9.2,64,241,0.85,100,0,10000
1021,10.84,87,300,6.69,100,0,9000,11,0,27,5,1018,10.04,67,220,2.4,100,0,10000,1018,10.04,67,220,2.4,100,0,10000,1018,10.04,67,220,2.4,100,0,10000,1018,10.04,67,220,2.4,100,0,10000,1018,10.04,67,220,2.4,100,0,10000,1018,10.04,67,220,2.4,100,0,10000,1018,10.04,67,220,2.4,100,0,10000,1018,10.04,67,220,2.4,100,0,10000,1018,10.04,67,220,2.4,100,0,10000,1018,10.04,67,220,2.4,100,0,10000,1018,10.04,67,220,2.4,100,0,10000,1018,10.04,67,220,2.4,100,0,10000
1021,10.84,87,300,6.69,100,0,9000,14,0,27,5,1016,10.18,74,46,0.75,93,0,10000,1016,10.18,74,46,0.75,93,0,10000,1016,10.18,74,46,0.75,93,0,10000,1016,10.18,74,46,0.75,93,0,10000,1016,10.18,74,46,0.75,93,0,10000,1016,10.18,74,46,0.75,93,0,10000,1016,10.18,74,46,0.75,93,0,10000,1016,10.18,74,46,0.75,93,0,10000,1016,10.18,74,46,0.75,93,0,10000,1016,10.18,74,46,0.75,93,0,10000,1016,10.18,74,46,0.75,93,0,10000,1016,10.18,74,46,0.75,93,0,10000
1021,10.84,87,300,6.69,100,0,9000,17,0,27,5,1021,10.84,87,346,4.67,100,0,10000,1021,10.84,87,346,4.67,100,0,10000,1021,10.84,87,346,4.67,100,0,10000,1021,10.84,87,346,4.67,100,0,10000,1021,10.84,87,346,4.67,100,0,10000,1021,10.84,87,346,4.67,100,0,10000,1021,10.84,87,346,4.67,100,0,10000,1021,10.84,87,346,4.67,100,0,10000,1021,10.84,87,346,4.67,100,0,10000,1021,10.84,87,346,4.67,100,0,10000,1021,10.84,87,346,4.67,100,0,10000,1021,10.84,87,346,4.67,100,0,10000
1021,10.84,87,300,6.69,100,0,9000,20,0,27,5,1021,9.95,84,5,4.15,97,0,10000,1021,9.95,84,5,4.15,97,0,10000,1021,9.95,84,5,4.15,97,0,10000,1021,9.95,84,5,4.15,97,0,10000,1021,9.95,84,5,4.15,97,0,10000,1021,9.95,84,5,4.15,97,0,10000,1021,9.95,84,5,4.15,97,0,10000,1021,9.95,84,5,4.15,97,0,10000,1021,9.95,84,5,4.15,97,0,10000,1021,9.95,84,5,4.15,97,0,10000,1021,9.95,84,5,4.15,97,0,10000,1021,9.95,84,5,4.15,97,0,10000
1021,10.84,87,300,6.69,100,0,9000,23,0,27,5,1022,8.79,83,32,3.52,95,0,10000,1022,8.79,83,32,3.52,95,0,10000,1022,8.79,83,32,3.52,95,0,10000,1022,8.79,83,32,3.52,95,0,10000,1022,8.79,83,32,3.52,95,0,10000,1022,8.79,83,32,3.52,95,0,10000,1022,8.79,83,32,3.52,95,0,10000,1022,8.79,83,32,3.52,95,0,10000,1022,8.79,83,32,3.52,95,0,10000,1022,8.79,83,32,3.52,95,0,10000,1022,8.79,83,32,3.52,95,0,10000,1022,8.79,83,32,3.52,95,0,10000
1021,10.84,87,300,6.69,100,0,9000,2,0,28,5,1021,6.21,71,15,1.71,48,0,10000,1021,6.21,71,15,1.71,48,0,10000,1021,6.21,71,15,1.71,48,0,10000,1021,6.21,71,15,1.71,48,0,10000,1021,6.21,71,15,1.71,48,0,10000,1021,6.21,71,15,1.71,48,0,10000,1021,6.21,71,15,1.71,48,0,10000,1021,6.21,71,15,1.71,48,0,10000,1021,6.21,71,15,1.71,48,0,10000,1021,6.21,71,15,1.71,48,0,10000,1021,6.21,71,15,1.71,48,0,10000,1021,6.21,71,15,1.71,48,0,10000
1021,10.84,87,300,6.69,100,0,9000,5,0,28,5,1020,7.75,69,337,1.14,75,0,10000,1020,7.75,69,337,1.14,75,0,10000,1020,7.75,69,337,1.14,75,0,10000,1020,7.75,69,337,1.14,75,0,10000,1020,7.75,69,337,1.14,75,0,10000,1020,7.75,69,337,1.14,75,0,10000,1020,7.75,69,337,1.14,75,0,10000,1020,7.75,69,337,1.14,75,0,10000,1020,7.75,69,337,1.14,75,0,10000,1020,7.75,69,337,1.14,75,0,10000,1020,7.75,69,337,1.14,75,0,10000,1020,7.75,69,337,1.14,75,0,10000
1021,10.84,87,300,6.69,100,0,9000,8,0,28,5,1019,9.2,64,241,0.85,100,0,10000,1019,9.2,64,241,0.85,100,0,10000,1019,9.2,64,241,0.85,100,0,10000,1019,9.2,64,241,0.85,100,0,10000,1019,9.2,64,241,0.85,100,0,10000,1019,9.2,64,241,0.85,100,0,10000,1019,9.2,64,241,0.85,100,0,10000,1019,9.2,64,241,0.85,100,0,10000,1019,9.2,64,241,0.85,100,0,10000,1019,9.2,64,241,0.85,100,0,10000,1019,9.2,64,241,0.85,100,0,10000,1019,9.2,64,241,0.85,100,0,10000
1021,10.84,87,300,6.69,100,0,9000,11,0,28,5,1018,10.04,67,220,2.4,100,0,10000,1018,10.04,67,220,2.4,100,0,10000,1018,10.04,67,220,2.4,100,0,10000,1018,10.04,67,220,2.4,100,0,10000,1018,10.04,67,220,2.4,100,0,10000,1018,10.04,67,220,2.4,100,0,10000,1018,10.04,67,220,2.4,100,0,10000,1018,10.04,67,220,2.4,100,0,10000,1018,10.04,67,220,2.4,100,0,10000,1018,10.04,67,220,2.4,100,0,10000,1018,10.04,67,220,2.4,100,0,10000,1018,10.04,67,220,2.4,100,0,10000
1021,10.84,87,300,6.69,100,0,9000,14,0,28,5,1016,10.18,74,46,0.75,93,0,10000,1016,10.18,74,46,0.75,93,0,10000,1016,10.18,74,46,0.75,93,0,10000,1016,10.18,74,46,0.75,93,0,10000,1016,10.18,74,46,0.75,93,0,10000,1016,10.18,74,46,0.75,93,0,10000,1016,10.18,74,46,0.75,93,0,10000,1016,10.18,74,46,0.75,93,0,10000,1016,10.18,74,46,0.75,93,0,10000,1016,10.18,74,46,0.75,93,0,10000,1016,10.18,74,46,0.75,93,0,10000,1016,10.18,74,46,0.75,93,0,10000
1021,10.84,87,300,6.69,100,0,9000,17,0,28,5,1021,10.84,87,346,4.67,100,0,10000,1021,10.84,87,346,4.67,100,0,10000,1021,10.84,87,346,4.67,100,0,10000,1021,10.84,87,346,4.67,100,0,10000,1021,10.84,87,346,4.67,100,0,10000,1021,10.84,87,346,4.67,100,0,10000,1021,10.84,87,346,4.67,100,0,10000,1021,10.84,87,346,4.67,100,0,10000,1021,10.84,87,346,4.67,100,0,10000,1021,10.84,87,346,4.67,100,0,10000,1021,10.84,87,346,4.67,100,0,10000,1021,10.84,87,346,4.67,100,0,10000
1021,10.84,87,300,6.69,100,0,9000,20,0,28,5,1021,9.95,84,5,4.15,97,0,10000,1021,9.95,84,5,4.15,97,0,10000,1021,9.95,84,5,4.15,97,0,10000,1021,9.95,84,5,4.15,97,0,10000,1021,9.95,84,5,4.15,97,0,10000,1021,9.95,84,5,4.15,97,0,10000,1021,9.95,84,5,4.15,97,0,10000,1021,9.95,84,5,4.15,97,0,10000,1021,9.95,84,5,4.15,97,0,10000,1021,9.95,84,5,4.15,97,0,10000,1021,9.95,84,5,4.15,97,0,10000,1021,9.95,84,5,4.15,97,0,10000
1021,10.84,87,300,6.69,100,0,9000,23,0,28,5,1022,8.79,83,32,3.52,95,0,10000,1022,8.79,83,32,3.52,95,0,10000,1022,8.79,83,32,3.52,95,0,10000,1022,8.79,83,32,3.52,95,0,10000,1022,8.79,83,32,3.52,95,0,10000,1022,8.79,83,32,3.52,95,0,10000,1022,8.79,83,32,3.52,95,0,10000,1022,8.79,83,32,3.52,95,0,10000,1022,8.79,83,32,3.52,95,0,10000,1022,8.79,83,32,3.52,95,0,10000,1022,8.79,83,32,3.52,95,0,10000,1022,8.79,83,32,3.52,95,0,10000
1021,10.84,87,300,6.69,100,0,9000,2,0,29,5,1021,6.21,71,15,1.71,48,0,10000,1021,6.21,71,15,1.71,48,0,10000,1021,6.21,71,15,1.71,48,0,10000,1021,6.21,71,15,1.71,48,0,10000,1021,6.21,71,15,1.71,48,0,10000,1021,6.21,71,15,1.71,48,0,10000,1021,6.21,71,15,1.71,48,0,10000,1021,6.21,71,15,1.71,48,0,10000,1021,6.21,71,15,1.71,48,0,10000,1021,6.21,71,15,1.71,48,0,10000,1021,6.21,71,15,1.71,48,0,10000,1021,6.21,71,15,1.71,48,0,10000
1021,10.84,87,300,6.69,100,0,9000,5,0,29,5,1020,7.75,69,337,1.14,75,0,10000,1020,7.75,69,337,1.14,75,0,10000,1020,7.75,69,337,1.14,75,0,10000,1020,7.75,69,337,1.14,75,0,10000,1020,7.75,69,337,1.14,75,0,10000,1020,7.75,69,337,1.14,75,0,10000,1020,7.75,69,337,1.14,75,0,10000,1020,7.75,69,337,1.14,75,0,10000,1020,7.75,69,337,1.14,75,0,10000,1020,7.75,69,337,1.14,75,0,10000,1020,7.75,69,337,1.14,75,0,10000,1020,7.75,69,337,1.14,75,0,10000
1021,10.84,87,300,6.69,100,0,9000,8,0,29,5,1019,9.2,64,241,0.85,100,0,10000,1019,9.2,64,241,0.85,100,0,10000,1019,9.2,64,241,0.85,100,0,10000,1019,9.2,64,241,0.85,100,0,10000,1019,9.2,64,241,0.85,100,0,10000,1019,9.2,64,241,0.85,100,0,10000,1019,9.2,64,241,0.85,100,0,10000,1019,9.2,64,241,0.85,100,0,10000,1019,9.2,64,241,0.85,100,0,10000,1019,9.2,64,241,0.85,100,0,10000,1019,9.2,64,241,0.85,100,0,10000,1019,9.2,64,241,0.85,100,0,10000
1021,10.84,87,300,6.69,100,0,9000,11,0,29,5,1018,10.04,67,220,2.4,100,0,10000,1018,10.04,67,220,2.4,100,0,10000,1018,10.04,67,220,2.4,100,0,10000,1018,10.04,67,220,2.4,100,0,10000,1018,10.04,67,220,2.4,100,0,10000,1018,10.04,67,220,2.4,100,0,10000,1018,10.04,67,220,2.4,100,0,10000,1018,10.04,67,220,2.4,100,0,10000,1018,10.04,67,220,2.4,100,0,10000,1018,10.04,67,220,2.4,100,0,10000,1018,10.04,67,220,2.4,100,0,10000,1018,10.04,67,220,2.4,100,0,10000
1021,10.84,87,300,6.69,100,0,9000,14,0,29,5,1016,10.18,74,46,0.75,93,0,10000,1016,10.18,74,46,0.75,93,0,10000,1016,10.18,74,46,0.75,93,0,10000,1016,10.18,74,46,0.75,93,0,10000,1016,10.18,74,46,0.75,93,0,10000,1016,10.18,74,46,0.75,93,0,10000,1016,10.18,74,46,0.75,93,0,10000,1016,10.18,74,46,0.75,93,0,10000,1016,10.18,74,46,0.75,93,0,10000,1016,10.18,74,46,0.75,93,0,10000,1016,10.18,74,46,0.75,93,0,10000,1016,10.18,74,46,0.75,93,0,10000
1021,10.84,87,300,6.69,100,0,9000,17,0,29,5,1021,10.84,87,346,4.67,100,0,10000,1021,10.84,87,346,4.67,100,0,10000,1021,10.84,87,346,4.67,100,0,10000,1021,10.84,87,346,4.67,100,0,10000,1021,10.84,87,346,4.67,100,0,10000,1021,10.84,87,346,4.67,100,0,10000,1021,10.84,87,346,4.67,100,0,10000,1021,10.84,87,346,4.67,100,0,10000,1021,10.84,87,346,4.67,100,0,10000,1021,10.84,87,346,4.67,100,0,10000,1021,10.84,87,346,4.67,100,0,10000,1021,10.84,87,346,4.67,100,0,10000
1021,10.84,87,300,6.69,100,0,9000,20,0,29,5,1021,9.95,84,5,4.15,97,0,10000,1021,9.95,84,5,4.15,97,0,10000,1021,9.95,84,5,4.15,97,0,10000,1021,9.95,84,5,4.15,97,0,10000,1021,9.95,84,5,4.15,97,0,10000,1021,9.95,84,5,4.15,97,0,10000,1021,9.95,84,5,4.15,97,0,10000,1021,9.95,84,5,4.15,97,0,10000,1021,9.95,84,5,4.15,97,0,10000,1021,9.95,84,5,4.15,97,0,10000,1021,9.95,84,5,4.15,97,0,10000,1021,9.95,84,5,4.15,97,0,10000
1021,10.84,87,300,6.69,100,0,9000,23,0,29,5,1022,8.79,83,32,3.52,95,0,10000,1022,8.79,83,32,3.52,95,0,10000,1022,8.79,83,32,3.52,95,0,10000,1022,8.79,83,32,3.52,95,0,10000,1022,8.79,83,32,3.52,95,0,10000,1022,8.79,83,32,3.52,95,0,10000,1022,8.79,83,32,3.52,95,0,10000,1022,8.79,83,32,3.52,95,0,10000,1022,8.79,83,32,3.52,95,0,10000,1022,8.79,83,32,3.52,95,0,10000,1022,8.79,83,32,3.52,95,0,10000,1022,8.79,83,32,3.52,95,0,10000
1021,10.84,87,300,6.69,100,0,9000,2,0,30,5,1021,6.21,71,15,1.71,48,0,10000,1021,6.21,71,15,1.71,48,0,10000,1021,6.21,71,15,1.71,48,0,10000,1021,6.21,71,15,1.71,48,0,10000,1021,6.21,71,15,1.71,48,0,10000,1021,6.21,71,15,1.71,48,0,10000,1021,6.21,71,15,1.71,48,0,10000,1021,6.21,71,15,1.71,48,0,10000,1021,6.21,71,15,1.71,48,0,10000,1021,6.21,71,15,1.71,48,0,10000,1021,6.21,71,15,1.71,48,0,10000,1021,6.21,71,15,1.71,48,0,10000
1021,10.84,87,300,6.69,100,0,9000,5,0,30,5,1020,7.75,69,337,1.14,75,0,10000,1020,7.75,69,337,1.14,75,0,10000,1020,7.75,69,337,1.14,75,0,10000,1020,7.75,69,337,1.14,75,0,10000,1020,7.75,69,337,1.14,75,0,10000,1020,7.75,69,337,1.14,75,0,10000,1020,7.75,69,337,1.14,75,0,10000,1020,7.75,69,337,1.14,75,0,10000,1020,7.75,69,337,1.14,75,0,10000,1020,7.75,69,337,1.14,75,0,10000,1020,7.75,69,337,1.14,75,0,10000,1020,7.75,69,337,1.14,75,0,10000
1021,10.84,87,300,6.69,100,0,9000,8,0,30,5,1019,9.2,64,241,0.85,100,0,10000,1019,9.2,64,241,0.85,100,0,10000,1019,9.2,64,241,0.85,100,0,10000,1019,9.2,64,241,0.85,100,0,10000,1019,9.2,64,241,0.85,100,0,10000,1019,9.2,64,241,0.85,100,0,10000,1019,9.2,64,241,0.85,100,0,10000,1019,9.2,64,241,0.85,100,0,10000,1019,9.2,64,241,0.85,100,0,10000,1019,9.2,64,241,0.85,100,0,10000,1019,9.2,64,241,0.85,100,0,10000,1019,9.2,64,241,0.85,100,0,10000
1021,10.84,87,300,6.69,100,0,9000,11,0,30,5,1018,10.04,67,220,2.4,100,0,10000,1018,10.04,67,220,2.4,100,0,10000,1018,10.04,67,220,2.4,100,0,10000,1018,10.04,67,220,2.4,100,0,10000,1018,10.04,67,220,2.4,100,0,10000,1018,10.04,67,220,2.4,100,0,10000,1018,10.04,67,220,2.4,100,0,10000,1018,10.04,67,220,2.4,100,0,10000,1018,10.04,67,220,2.4,100,0,10000,1018,10.04,67,220,2.4,100,0,10000,1018,10.04,67,220,2.4,100,0,10000,1018,10.04,67,220,2.4,100,0,10000
1021,10.84,87,300,6.69,100,0,9000,14,0,30,5,1016,10.18,74,46,0.75,93,0,10000,1016,10.18,74,46,0.75,93,0,10000,1016,10.18,74,46,0.75,93,0,10000,1016,10.18,74,46,0.75,93,0,10000,1016,10.18,74,46,0.75,93,0,10000,1016,10.18,74,46,0.75,93,0,10000,1016,10.18,74,46,0.75,93,0,10000,1016,10.18,74,46,0.75,93,0,10000,1016,10.18,74,46,0.75,93,0,10000,1016,10.18,74,46,0.75,93,0,10000,1016,10.18,74,46,0.75,93,0,10000,1016,10.18,74,46,0.75,93,0,10000
1021,10.84,87,300,6.69,100,0,9000,17,0,30,5,1021,10.84,87,346,4.67,100,0,10000,1021,10.84,87,346,4.67,100,0,10000,1021,10.84,87,346,4.67,100,0,10000,1021,10.84,87,346,4.67,100,0,10000,1021,10.84,87,346,4.67,100,0,10000,1021,10.84,87,346,4.67,100,0,10000,1021,10.84,87,346,4.67,100,0,10000,1021,10.84,87,346,4.67,100,0,10000,1021,10.84,87,346,4.67,100,0,10000,1021,10.84,87,346,4.67,100,0,10000,1021,10.84,87,346,4.67,100,0,10000,1021,10.84,87,346,4.67,100,0,10000
1021,10.84,87,300,6.69,100,0,9000,20,0,30,5,1021,9.95,84,5,4.15,97,0,10000,1021,9.95,84,5,4.15,97,0,10000,1021,9.95,84,5,4.15,97,0,10000,1021,9.95,84,5,4.15,97,0,10000,1021,9.95,84,5,4.15,97,0,10000,1021,9.95,84,5,4.15,97,0,10000,1021,9.95,84,5,4.15,97,0,10000,1021,9.95,84,5,4.15,97,0,10000,1021,9.95,84,5,4.15,97,0,10000,1021,9.95,84,5,4.15,97,0,10000,1021,9.95,84,5,4.15,97,0,10000,1021,9.95,84,5,4.15,97,0,10000
1021,10.84,87,300,6.69,100,0,9000,23,0,30,5,1022,8.79,83,32,3.52,95,0,10000,1022,8.79,83,32,3.52,95,0,10000,1022,8.79,83,32,3.52,95,0,10000,1022,8.79,83,32,3.52,95,0,10000,1022,8.79,83,32,3.52,95,0,10000,1022,8.79,83,32,3.52,95,0,10000,1022,8.79,83,32,3.52,95,0,10000,1022,8.79,83,32,3.52,95,0,10000,1022,8.79,83,32,3.52,95,0,10000,1022,8.79,83,32,3.52,95,0,10000,1022,8.79,83,32,3.52,95,0,10000,1022,8.79,83,32,3.52,95,0,10000
1021,10.84,87,300,6.69,100,0,9000,2,0,31,5,1021,6.21,71,15,1.71,48,0,10000,1021,6.21,71,15,1.71,48,0,10000,1021,6.21,71,15,1.71,48,0,10000,1021,6.21,71,15,1.71,48,0,10000,1021,6.21,71,15,1.71,48,0,10000,1021,6.21,71,15,1.71,48,0,10000,1021,6.21,71,15,1.71,48,0,10000,1021,6.21,71,15,1.71,48,0,10000,1021,6.21,71,15,1.71,48,0,10000,1021,6.21,71,15,1.71,48,0,10000,1021,6.21,71,15,1.71,48,0,10000,1021,6.21,71,15,1.71,48,0,10000
1021,10.84,87,300,6.69,100,0,9000,5,0,31,5,1020,7.75,69,337,1.14,75,0,10000,1020,7.75,69,337,1.14,75,0,10000,1020,7.75,69,337,1.14,75,0,10000,1020,7.75,69,337,1.14,75,0,10000,1020,7.75,69,337,1.14,75,0,10000,1020,7.75,69,337,1.14,75,0,10000,1020,7.75,69,337,1.14,75,0,10000,1020,7.75,69,337,1.14,75,0,10000,1020,7.75,69,337,1.14,75,0,10000,1020,7.75,69,337,1.14,75,0,10000,1020,7.75,69,337,1.14,75,0,10000,1020,7.75,69,337,1.14,75,0,10000
1021,10.84,87,300,6.69,100,0,9000,8,0,31,5,1019,9.2,64,241,0.85,100,0,10000,1019,9.2,64,241,0.85,100,0,10000,1019,9.2,64,241,0.85,100,0,10000,1019,9.2,64,241,0.85,100,0,10000,1019,9.2,64,241,0.85,100,0,10000,1019,9.2,64,241,0.85,100,0,10000,1019,9.2,64,241,0.85,100,0,10000,1019,9.2,64,241,0.85,100,0,10000,1019,9.2,64,241,0.85,100,0,10000,1019,9.2,64,241,0.85,100,0,10000,1019,9.2,64,241,0.85,100,0,10000,1019,9.2,64,241,0.85,100,0,10000
1021,10.84,87,300,6.69,100,0,9000,11,0,31,5,1018,10.04,67,220,2.4,100,0,10000,1018,10.04,67,220,2.4,100,0,10000,1018,10.04,67,220,2.4,100,0,10000,1018,10.04,67,220,2.4,100,0,10000,1018,10.04,67,220,2.4,100,0,10000,1018,10.04,67,220,2.4,100,0,10000,1018,10.04,67,220,2.4,100,0,10000,1018,10.04,67,220,2.4,100,0,10000,1018,10.04,67,220,2.4,100,0,10000,1018,10.04,67,220,2.4,100,0,10000,1018,10.04,67,220,2.4,100,0,10000,1018,10.04,67,220,2.4,100,0,10000
1021,10.84,87,300,6.69,100,0,9000,14,0,31,5,1016,10.18,74,46,0.75,93,0,10000,1016,10.18,74,46,0.75,93,0,10000,1016,10.18,74,46,0.75,93,0,10000,1016,10.18,74,46,0.75,93,0,10000,1016,10.18,74,46,0.75,93,0,10000,1016,10.18,74,46,0.75,93,0,10000,1016,10.18,74,46,0.75,93,0,10000,1016,10.18,74,46,0.75,93,0,10000,1016,10.18,74,46,0.75,93,0,10000,1016,10.18,74,46,0.75,93,0,10000,1016,10.18,74,46,0.75,93,0,10000,1016,10.18,74,46,0.75,93,0,10000
1021,10.84,87,300,6.69,100,0,9000,17,0,31,5,1021,10.84,87,346,4.67,100,0,10000,1021,10.84,87,346,4.67,100,0,10000,1021,10.84,87,346,4.67,100,0,10000,1021,10.84,87,346,4.67,100,0,10000,1021,10.84,87,346,4.67,100,0,10000,1021,10.84,87,346,4.67,100,0,10000,1021,10.84,87,346,4.67,100,0,10000,1021,10.84,87,346,4.67,100,0,10000,1021,10.84,87,346,4.67,100,0,10000,1021,10.84,87,346,4.67,100,0,10000,1021,10.84,87,346,4.67,100,0,10000,1021,10.84,87,346,4.67,100,0,10000
1021,10.84,87,300,6.69,100,0,9000,20,0,31,5,1021,9.95,84,5,4.15,97,0,10000,1021,9.95,84,5,4.15,97,0,10000,1021,9.95,84,5,4.15,97,0,10000,1021,9.95,84,5,4.15,97,0,10000,1021,9.95,84,5,4.15,97,0,10000,1021,9.95,84,5,4.15,97,0,10000,1021,9.95,84,5,4.15,97,0,10000,1021,9.95,84,5,4.15,97,0,10000,1021,9.95,84,5,4.15,97,0,10000,1021,9.95,84,5,4.15,97,0,10000,1021,9.95,84,5,4.15,97,0,10000,1021,9.95,84,5,4.15,97,0,10000
1021,10.84,87,300,6.69,100,0,9000,23,0,31,5,1022,8.79,83,32,3.52,95,0,10000,1022,8.79,83,32,3.52,95,0,10000,1022,8.79,83,32,3.52,95,0,10000,1022,8.79,83,32,3.52,95,0,10000,1022,8.79,83,32,3.52,95,0,10000,1022,8.79,83,32,3.52,95,0,10000,1022,8.79,83,32,3.52,95,0,10000,1022,8.79,83,32,3.52,95,0,10000,1022,8.79,83,32,3.52,95,0,10000,1022,8.79,83,32,3.52,95,0,10000,1022,8.79,83,32,3.52,95,0,10000,1022,8.79,83,32,3.52,95,0,10000
1021,10.84,87,300,6.69,100,0,9000,2,0,1,6,1021,6.21,71,15,1.71,48,0,10000,1021,6.21,71,15,1.71,48,0,10000,1021,6.21,71,15,1.71,48,0,10000,1021,6.21,71,15,1.71,48,0,10000,1021,6.21,71,15,1.71,48,0,10000,1021,6.21,71,15,1.71,48,0,10000,1021,6.21,71,15,1.71,48,0,10000,1021,6.21,71,15,1.71,48,0,10000,1021,6.21,71,15,1.71,48,0,10000,1021,6.21,71,15,1.71,48,0,10000,1021,6.21,71,15,1.71,48,0,10000,1021,6.21,71,15,1.71,48,0,10000
1021,10.84,87,300,6.69,100,0,9000,5,0,1,6,1020,7.75,69,337,1.14,75,0,10000,1020,7.75,69,337,1.14,75,0,10000,1020,7.75,69,337,1.14,75,0,10000,1020,7.75,69,337,1.14,75,0,10000,1020,7.75,69,337,1.14,75,0,10000,1020,7.75,69,337,1.14,75,0,10000,1020,7.75,69,337,1.14,75,0,10000,1020,7.75,69,337,1.14,75,0,10000,1020,7.75,69,337,1.14,75,0,10000,1020,7.75,69,337,1.14,75,0,10000,1020,7.75,69,337,1.14,75,0,10000,1020,7.75,69,337,1.14,75,0,10000
1021,10.84,87,300,6.69,100,0,9000,8,0,1,6,1019,9.2,64,241,0.85,100,0,10000,1019,9.2,64,241,0.85,100,0,10000,1019,9.2,64,241,0.85,100,0,10000,1019,9.2,64,241,0.85,100,0,10000,1019,9.2,64,241,0.85,100,0,10000,1019,9.2,64,241,0.85,100,0,10000,1019,9.2,64,241,0.85,100,0,10000,1019,9.2,64,241,0.85,100,0,10000,1019,9.2,64,241,0.85,100,0,10000,1019,9.2,64,241,0.85,100,0,10000,1019,9.2,64,241,0.85,100,0,10000,1019,9.2,64,241,0.85,100,0,10000
1021,10.84,87,300,6.69,100,0,9000,11,0,1,6,1018,10.04,67,220,2.4,100,0,10000,1018,10.04,67,220,2.4,100,0,10000,1018,10.04,67,220,2.4,100,0,10000,1018,10.04,67,220,2.4,100,0,10000,1018,10.04,67,220,2.4,100,0,10000,1018,10.04,67,220,2.4,100,0,10000,1018,10.04,67,220,2.4,100,0,10000,1018,10.04,67,220,2.4,100,0,10000,1018,10.04,67,220,2.4,100,0,10000,1018,10.04,67,220,2.4,100,0,10000,1018,10.04,67,220,2.4,100,0,10000,1018,10.04,67,220,2.4,100,0,10000
1021,10.84,87,300,6.69,100,0,9000,14,0,1,6,1016,10.18,74,46,0.75,93,0,10000,1016,10.18,74,46,0.75,93,0,10000,1016,10.18,74,46,0.75,93,0,10000,1016,10.18,74,46,0.75,93,0,10000,1016,10.18,74,46,0.75,93,0,10000,1016,10.18,74,46,0.75,93,0,10000,1016,10.18,74,46,0.75,93,0,10000,1016,10.18,74,46,0.75,93,0,10000,1016,10.18,74,46,0.75,93,0,10000,1016,10.18,74,46,0.75,93,0,10000,1016,10.18,74,46,0.75,93,0,10000,1016,10.18,74,46,0.75,93,0,10000
1021,10.84,87,300,6.69,100,0,9000,17,0,1,6,1021,10.84,87,346,4.67,100,0,10000,1021,10.84,87,346,4.67,100,0,10000,1021,10.84,87,346,4.67,100,0,10000,1021,10.84,87,346,4.67,100,0,10000,1021,10.84,87,346,4.67,100,0,10000,1021,10.84,87,346,4.67,100,0,10000,1021,10.84,87,346,4.67,100,0,10000,1021,10.84,87,346,4.67,100,0,10000,1021,10.84,87,346,4.67,100,0,10000,1021,10.84,87,346,4.67,100,0,10000,1021,10.84,87,346,4.67,100,0,10000,1021,10.84,87,346,4.67,100,0,10000
1021,10.84,87,300,6.69,100,0,9000,20,0,1,6,1021,9.95,84,5,4.15,97,0,10000,1021,9.95,84,5,4.15,97,0,10000,1021,9.95,84,5,4.15,97,0,10000,1021,9.95,84,5,4.15,97,0,10000,1021,9.95,84,5,4.15,97,0,10000,1021,9.95,84,5,4.15,97,0,10000,1021,9.95,84,5,4.15,97,0,10000,1021,9.95,84,5,4.15,97,0,10000,1021,9.95,84,5,4.15,97,0,10000,1021,9.95,84,5,4.15,97,0,10000,1021,9.95,84,5,4.15,97,0,10000,1021,9.95,84,5,4.15,97,0,10000
1021,10.84,87,300,6.69,100,0,9000,23,0,1,6,1022,8.79,83,32,3.52,95,0,10000,1022,8.79,83,32,3.52,95,0,10000,1022,8.79,83,32,3.52,95,0,10000,1022,8.79,83,32,3.52,95,0,10000,1022,8.79,83,32,3.52,95,0,10000,1022,8.79,83,32,3.52,95,0,10000,1022,8.79,83,32,3.52,95,0,10000,1022,8.79,83,32,3.52,95,0,10000,1022,8.79,83,32,3.52,95,0,10000,1022,8.79,83,32,3.52,95,0,10000,1022,8.79,83,32,3.52,95,0,10000,1022,8.79,83,32,3.52,95,0,10000
1021,10.84,87,300,6.69,100,0,9000,2,0,2,6,1021,6.21,71,15,1.71,48,0,10000,1021,6.21,71,15,1.71,48,0,10000,1021,6.21,71,15,1.71,48,0,10000,1021,6.21,71,15,1.71,48,0,10000,1021,6.21,71,15,1.71,48,0,10000,1021,6.21,71,15,1.71,48,0,10000,1021,6.21,71,15,1.71,48,0,10000,1021,6.21,71,15,1.71,48,0,10000,1021,6.21,71,15,1.71,48,0,10000,1021,6.21,71,15,1.71,48,0,10000,1021,6.21,71,15,1.71,48,0,10000,1021,6.21,71,15,1.71,48,0,10000
1021,10.84,87,300,6.69,100,0,9000,5,0,2,6,1020,7.75,69,337,1.14,75,0,10000,1020,7.75,69,337,1.14,75,0,10000,1020,7.75,69,337,1.14,75,0,10000,1020,7.75,69,337,1.14,75,0,10000,1020,7.75,69,337,1.14,75,0,10000,1020,7.75,69,337,1.14,75,0,10000,1020,7.75,69,337,1.14,75,0,10000,1020,7.75,69,337,1.14,75,0,10000,1020,7.75,69,337,1.14,75,0,10000,1020,7.75,69,337,1.14,75,0,10000,1020,7.75,69,337,1.14,75,0,10000,1020,7.75,69,337,1.14,75,0,10000
1021,10.84,87,300,6.69,100,0,9000,8,0,2,6,1019,9.2,64,241,0.85,100,0,10000,1019,9.2,64,241,0.85,100,0,10000,1019,9.2,64,241,0.85,100,0,10000,1019,9.2,64,241,0.85,100,0,10000,1019,9.2,64,241,0.85,100,0,10000,1019,9.2,64,241,0.85,100,0,10000,1019,9.2,64,241,0.85,100,0,10000,1019,9.2,64,241,0.85,100,0,10000,1019,9.2,64,241,0.85,100,0,10000,1019,9.2,64,241,0.85,100,0,10000,1019,9.2,64,241,0.85,100,0,10000,1019,9.2,64,241,0.85,100,0,10000
1021,10.84,87,300,6.69,100,0,9000,11,0,2,6,1018,10.04,67,220,2.4,100,0,10000,1018,10.04,67,220,2.4,100,0,10000,1018,10.04,67,220,2.4,100,0,10000,1018,10.04,67,220,2.4,100,0,10000,1018,10.04,67,220,2.4,100,0,10000,1018,10.04,67,220,2.4,100,0,10000,1018,10.04,67,220,2.4,100,0,10000,1018,10.04,67,220,2.4,100,0,10000,1018,10.04,67,220,2.4,100,0,10000,1018,10.04,67,220,2.4,100,0,10000,1018,10.04,67,220,2.4,100,0,10000,1018,10.04,67,220,2.4,100,0,10000
1021,10.84,87,300,6.69,100,0,9000,14,0,2,6,1016,10.18,74,46,0.75,93,0,10000,1016,10.18,74,46,0.75,93,0,10000,1016,10.18,74,46,0.75,93,0,10000,1016,10.18,74,46,0.75,93,0,10000,1016,10.18,74,46,0.75,93,0,10000,1016,10.18,74,46,0.75,93,0,10000,1016,10.18,74,46,0.75,93,0,10000,1016,10.18,74,46,0.75,93,0,10000,1016,10.18,74,46,0.75,93,0,10000,1016,10.18,74,46,0.75,93,0,10000,1016,10.18,74,46,0.75,93,0,10000,1016,10.18,74,46,0.75,93,0,10000
1021,10.84,87,300,6.69,100,0,9000,17,0,2,6,1021,10.84,87,346,4.67,100,0,10000,1021,10.84,87,346,4.67,100,0,10000,1021,10.84,87,346,4.67,100,0,10000,1021,10.84,87,346,4.67,100,0,10000,1021,10.84,87,346,4.67,100,0,10000,1021,10.84,87,346,4.67,100,0,10000,1021,10.84,87,346,4.67,100,0,10000,1021,10.84,87,346,4.67,100,0,10000,1021,10.84,87,346,4.67,100,0,10000,1021,10.84,87,346,4.67,100,0,10000,1021,10.84,87,346,4.67,100,0,10000,1021,10.84,87,346,4.67,100,0,10000
1021,10.84,87,300,6.69,100,0,9000,20,0,2,6,1021,9.95,84,5,4.15,97,0,10000,1021,9.95,84,5,4.15,97,0,10000,1021,9.95,84,5,4.15,97,0,10000,1021,9.95,84,5,4.15,97,0,10000,1021,9.95,84,5,4.15,97,0,10000,1021,9.95,84,5,4.15,97,0,10000,1021,9.95,84,5,4.15,97,0,10000,1021,9.95,84,5,4.15,97,0,10000,1021,9.95,84,5,4.15,97,0,10000,1021,9.95,84,5,4.15,97,0,10000,1021,9.95,84,5,4.15,97,0,10000,1021,9.95,84,5,4.15,97,0,10000
1021,10.84,87,300,6.69,100,0,9000,23,0,2,6,1022,8.79,83,32,3.52,95,0,10000,1022,8.79,83,32,3.52,95,0,10000,1022,8.79,83,32,3.52,95,0,10000,1022,8.79,83,32,3.52,95,0,10000,1022,8.79,83,32,3.52,95,0,10000,1022,8.79,83,32,3.52,95,0,10000,1022,8.79,83,32,3.52,95,0,10000,1022,8.79,83,32,3.52,95,0,10000,1022,8.79,83,32,3.52,95,0,10000,1022,8.79,83,32,3.52,95,0,10000,1022,8.79,83,32,3.52,95,0,10000,1022,8.79,83,32,3.52,95,0,10000
1021,10.84,87,300,6.69,100,0,9000,2,0,3,6,1021,6.21,71,15,1.71,48,0,10000,1021,6.21,71,15,1.71,48,0,10000,1021,6.21,71,15,1.71,48,0,10000,1021,6.21,71,15,1.71,48,0,10000,1021,6.21,71,15,1.71,48,0,10000,1021,6.21,71,15,1.71,48,0,10000,1021,6.21,71,15,1.71,48,0,10000,1021,6.21,71,15,1.71,48,0,10000,1021,6.21,71,15,1.71,48,0,10000,1021,6.21,71,15,1.71,48,0,10000,1021,6.21,71,15,1.71,48,0,10000,1021,6.21,71,15,1.71,48,0,10000
1021,10.84,87,300,6.69,100,0,9000,5,0,3,6,1020,7.75,69,337,1.14,75,0,10000,1020,7.75,69,337,1.14,75,0,10000,1020,7.75,69,337,1.14,75,0,10000,1020,7.75,69,337,1.14,75,0,10000,1020,7.75,69,337,1.14,75,0,10000,1020,7.75,69,337,1.14,75,0,10000,1020,7.75,69,337,1.14,75,0,10000,1020,7.75,69,337,1.14,75,0,10000,1020,7.75,69,337,1.14,75,0,10000,1020,7.75,69,337,1.14,75,0,10000,1020,7.75,69,337,1.14,75,0,10000,1020,7.75,69,337,1.14,75,0,10000
1021,10.84,87,300,6.69,100,0,9000,8,0,3,6,1019,9.2,64,241,0.85,100,0,10000,1019,9.2,64,241,0.85,100,0,10000,1019,9.2,64,241,0.85,100,0,10000,1019,9.2,64,241,0.85,100,0,10000,1019,9.2,64,241,0.85,100,0,10000,1019,9.2,64,241,0.85,100,0,10000,1019,9.2,64,241,0.85,100,0,10000,1019,9.2,64,241,0.85,100,0,10000,1019,9.2,64,241,0.85,100,0,10000,1019,9.2,64,241,0.85,100,0,10000,1019,9.2,64,241,0.85,100,0,10000,1019,9.2,64,241,0.85,100,0,10000
1021,10.84,87,300,6.69,100,0,9000,11,0,3,6,1018,10.04,67,220,2.4,100,0,10000,1018,10.04,67,220,2.4,100,0,10000,1018,10.04,67,220,2.4,100,0,10000,1018,10.04,67,220,2.4,100,0,10000,1018,10.04,67,220,2.4,100,0,10000,1018,10.04,67,220,2.4,100,0,10000,1018,10.04,67,220,2.4,100,0,10000,1018,10.04,67,220,2.4,100,0,10000,1018,10.04,67,220,2.4,100,0,10000,1018,10.04,67,220,2.4,100,0,10000,1018,10.04,67,220,2.4,100,0,10000,1018,10.04,67,220,2.4,100,0,10000
1021,10.84,87,300,6.69,100,0,9000,14,0,3,6,1016,10.18,74,46,0.75,93,0,10000,1016,10.18,74,46,0.75,93,0,10000,1016,10.18,74,46,0.75,93,0,10000,1016,10.18,74,46,0.75,93,0,10000,1016,10.18,74,46,0.75,93,0,10000,1016,10.18,74,46,0.75,93,0,10000,1016,10.18,74,46,0.75,93,0,10000,1016,10.18,74,46,0.75,93,0,10000,1016,10.18,74,46,0.75,93,0,10000,1016,10.18,74,46,0.75,93,0,10000,1016,10.18,74,46,0.75,93,0,10000,1016,10.18,74,46,0.75,93,0,10000
1021,10.84,87,300,6.69,100,0,9000,17,0,3,6,1021,10.84,87,346,4.67,100,0,10000,1021,10.84,87,346,4.67,100,0,10000,1021,10.84,87,346,4.67,100,0,10000,1021,10.84,87,346,4.67,100,0,10000,1021,10.84,87,346,4.67,100,0,10000,1021,10.84,87,346,4.67,100,0,10000,1021,10.84,87,346,4.67,100,0,10000,1021,10.84,87,346,4.67,100,0,10000,1021,10.84,87,346,4.67,100,0,10000,1021,10.84,87,346,4.67,100,0,10000,1021,10.84,87,346,4.67,100,0,10000,1021,10.84,87,346,4.67,100,0,10000
1021,10.84,87,300,6.69,100,0,9000,20,0,3,6,1021,9.95,84,5,4.15,97,0,10000,1021,9.95,84,5,4.15,97,0,10000,1021,9.95,84,5,4.15,97,0,10000,1021,9.95,84,5,4.15,97,0,10000,1021,9.95,84,5,4.15,97,0,10000,1021,9.95,84,5,4.15,97,0,10000,1021,9.95,84,5,4.15,97,0,10000,1021,9.95,84,5,4.15,97,0,10000,1021,9.95,84,5,4.15,97,0,10000,1021,9.95,84,5,4.15,97,0,10000,1021,9.95,84,5,4.15,97,0,10000,1021,9.95,84,5,4.15,97,0,10000
1021,10.84,87,300,6.69,100,0,9000,23,0,3,6,1022,8.79,83,32,3.52,95,0,10000,1022,8.79,83,32,3.52,95,0,10000,1022,8.79,83,32,3.52,95,0,10000,1022,8.79,83,32,3.52,95,0,10000,1022,8.79,83,32,3.52,95,0,10000,1022,8.79,83,32,3.52,95,0,10000,1022,8.79,83,32,3.52,95,0,10000,1022,8.79,83,32,3.52,95,0,10000,1022,8.79,83,32,3.52,95,0,10000,1022,8.79,83,32,3.52,95,0,10000,1022,8.79,83,32,3.52,95,0,10000,1022,8.79,83,32,3.52,95,0,10000
1021,10.84,87,300,6.69,100,0,9000,2,0,4,6,1021,6.21,71,15,1.71,48,0,10000,1021,6.21,71,15,1.71,48,0,10000,1021,6.21,71,15,1.71,48,0,10000,1021,6.21,71,15,1.71,48,0,10000,1021,6.21,71,15,1.71,48,0,10000,1021,6.21,71,15,1.71,48,0,10000,1021,6.21,71,15,1.71,48,0,10000,1021,6.21,71,15,1.71,48,0,10000,1021,6.21,71,15,1.71,48,0,10000,1021,6.21,71,15,1.71,48,0,10000,1021,6.21,71,15,1.71,48,0,10000,1021,6.21,71,15,1.71,48,0,10000
1021,10.84,87,300,6.69,100,0,9000,5,0,4,6,1020,7.75,69,337,1.14,75,0,10000,1020,7.75,69,337,1.14,75,0,10000,1020,7.75,69,337,1.14,75,0,10000,1020,7.75,69,337,1.14,75,0,10000,1020,7.75,69,337,1.14,75,0,10000,1020,7.75,69,337,1.14,75,0,10000,1020,7.75,69,337,1.14,75,0,10000,1020,7.75,69,337,1.14,75,0,10000,1020,7.75,69,337,1.14,75,0,10000,1020,7.75,69,337,1.14,75,0,10000,1020,7.75,69,337,1.14,75,0,10000,1020,7.75,69,337,1.14,75,0,10000
1021,10.84,87,300,6.69,100,0,9000,8,0,4,6,1019,9.2,64,241,0.85,100,0,10000,1019,9.2,64,241,0.85,100,0,10000,1019,9.2,64,241,0.85,100,0,10000,1019,9.2,64,241,0.85,100,0,10000,1019,9.2,64,241,0.85,100,0,10000,1019,9.2,64,241,0.85,100,0,10000,1019,9.2,64,241,0.85,100,0,10000,1019,9.2,64,241,0.85,100,0,10000,1019,9.2,64,241,0.85,100,0,10000,1019,9.2,64,241,0.85,100,0,10000,1019,9.2,64,241,0.85,100,0,10000,1019,9.2,64,241,0.85,100,0,10000
1021,10.84,87,300,6.69,100,0,9000,11,0,4,6,1018,10.04,67,220,2.4,100,0,10000,1018,10.04,67,220,2.4,100,0,10000,1018,10.04,67,220,2.4,100,0,10000,1018,10.04,67,220,2.4,100,0,10000,1018,10.04,67,220,2.4,100,0,10000,1018,10.04,67,220,2.4,100,0,10000,1018,10.04,67,220,2.4,100,0,10000,1018,10.04,67,220,2.4,100,0,10000,1018,10.04,67,220,2.4,100,0,10000,1018,10.04,67,220,2.4,100,0,10000,1018,10.04,67,220,2.4,100,0,10000,1018,10.04,67,220,2.4,100,0,10000
1021,10.84,87,300,6.69,100,0,9000,14,0,4,6,1016,10.18,74,46,0.75,93,0,10000,1016,10.18,74,46,0.75,93,0,10000,1016,10.18,74,46,0.75,93,0,10000,1016,10.18,74,46,0.75,93,0,10000,1016,10.18,74,46,0.75,93,0,10000,1016,10.18,74,46,0.75,93,0,10000,1016,10.18,74,46,0.75,93,0,10000,1016,10.18,74,46,0.75,93,0,10000,1016,10.18,74,46,0.75,93,0,10000,1016,10.18,74,46,0.75,93,0,10000,1016,10.18,74,46,0.75,93,0,10000,1016,10.18,74,46,0.75,93,0,10000
1021,10.84,87,300,6.69,100,0,9000,17,0,4,6,1021,10.84,87,346,4.67,100,0,10000,1021,10.84,87,346,4.67,100,0,10000,1021,10.84,87,346,4.67,100,0,10000,1021,10.84,87,346,4.67,100,0,10000,1021,10.84,87,346,4.67,100,0,10000,1021,10.84,87,346,4.67,100,0,10000,1021,10.84,87,346,4.67,100,0,10000,1021,10.84,87,346,4.67,100,0,10000,1021,10.84,87,346,4.67,100,0,10000,1021,10.84,87,346,4.67,100,0,10000,1021,10.84,87,346,4.67,100,0,10000,1021,10.84,87,346,4.67,100,0,10000
1021,10.84,87,300,6.69,100,0,9000,20,0,4,6,1021,9.95,84,5,4.15,97,0,10000,1021,9.95,84,5,4.15,97,0,10000,1021,9.95,84,5,4.15,97,0,10000,1021,9.95,84,5,4.15,97,0,10000,1021,9.95,84,5,4.15,97,0,10000,1021,9.95,84,5,4.15,97,0,10000,1021,9.95,84,5,4.15,97,0,10000,1021,9.95,84,5,4.15,97,0,10000,1021,9.95,84,5,4.15,97,0,10000,1021,9.95,84,5,4.15,97,0,10000,1021,9.95,84,5,4.15,97,0,10000,1021,9.95,84,5,4.15,97,0,10000
1021,10.84,87,300,6.69,100,0,9000,23,0,4,6,1022,8.79,83,32,3.52,95,0,10000,1022,8.79,83,32,3.52,95,0,10000,1022,8.79,83,32,3.52,95,0,10000,1022,8.79,83,32,3.52,95,0,10000,1022,8.79,83,32,3.52,95,0,10000,1022,8.79,83,32,3.52,95,0,10000,1022,8.79,83,32,3.52,95,0,10000,1022,8.79,83,32,3.52,95,0,10000,1022,8.79,83,32,3.52,95,0,10000,1022,8.79,83,32,3.52,95,0,10000,1022,8.79,83,32,3.52,95,0,10000,1022,8.79,83,32,3.52,95,0,10000
1021,10.84,87,300,6.69,100,0,9000,2,0,5,6,1021,6.21,71,15,1.71,48,0,10000,1021,6.21,71,15,1.71,48,0,10000,1021,6.21,71,15,1.71,48,0,10000,1021,6.21,71,15,1.71,48,0,10000,1021,6.21,71,15,1.71,48,0,10000,1021,6.21,71,15,1.71,48,0,10000,1021,6.21,71,15,1.71,48,0,10000,1021,6.21,71,15,1.71,48,0,10000,1021,6.21,71,15,1.71,48,0,10000,1021,6.21,71,15,1.71,48,0,10000,1021,6.21,71,15,1.71,48,0,10000,1021,6.21,71,15,1.71,48,0,10000
1021,10.84,87,300,6.69,100,0,9000,5,0,5,6,1020,7.75,69,337,1.14,75,0,10000,1020,7.75,69,337,1.14,75,0,10000,1020,7.75,69,337,1.14,75,0,10000,1020,7.75,69,337,1.14,75,0,10000,1020,7.75,69,337,1.14,75,0,10000,1020,7.75,69,337,1.14,75,0,10000,1020,7.75,69,337,1.14,75,0,10000,1020,7.75,69,337,1.14,75,0,10000,1020,7.75,69,337,1.14,75,0,10000,1020,7.75,69,337,1.14,75,0,10000,1020,7.75,69,337,1.14,75,0,10000,1020,7.75,69,337,1.14,75,0,10000
1021,10.84,87,300,6.69,100,0,9000,8,0,5,6,1019,9.2,64,241,0.85,100,0,10000,1019,9.2,64,241,0.85,100,0,10000,1019,9.2,64,241,0.85,100,0,10000,1019,9.2,64,241,0.85,100,0,10000,1019,9.2,64,241,0.85,100,0,10000,1019,9.2,64,241,0.85,100,0,10000,1019,9.2,64,241,0.85,100,0,10000,1019,9.2,64,241,0.85,100,0,10000,1019,9.2,64,241,0.85,100,0,10000,1019,9.2,64,241,0.85,100,0,10000,1019,9.2,64,241,0.85,100,0,10000,1019,9.2,64,241,0.85,100,0,10000
1021,10.84,87,300,6.69,100,0,9000,11,0,5,6,1018,10.04,67,220,2.4,100,0,10000,1018,10.04,67,220,2.4,100,0,10000,1018,10.04,67,220,2.4,100,0,10000,1018,10.04,67,220,2.4,100,0,10000,1018,10.04,67,220,2.4,100,0,10000,1018,10.04,67,220,2.4,100,0,10000,1018,10.04,67,220,2.4,100,0,10000,1018,10.04,67,220,2.4,100,0,10000,1018,10.04,67,220,2.4,100,0,10000,1018,10.04,67,220,2.4,100,0,10000,1018,10.04,67,220,2.4,100,0,10000,1018,10.04,67,220,2.4,100,0,10000
1021,10.84,87,300,6.69,100,0,9000,14,0,5,6,1016,10.18,74,46,0.75,93,0,10000,1016,10.18,74,46,0.75,93,0,10000,1016,10.18,74,46,0.75,93,0,10000,1016,10.18,74,46,0.75,93,0,10000,1016,10.18,74,46,0.75,93,0,10000,1016,10.18,74,46,0.75,93,0,10000,1016,10.18,74,46,0.75,93,0,10000,1016,10.18,74,46,0.75,93,0,10000,1016,10.18,74,46,0.75,93,0,10000,1016,10.18,74,46,0.75,93,0,10000,1016,10.18,74,46,0.75,93,0,10000,1016,10.18,74,46,0.75,93,0,10000
1021,10.84,87,300,6.69,100,0,9000,17,0,5,6,1021,10.84,87,346,4.67,100,0,10000,1021,10.84,87,346,4.67,100,0,10000,1021,10.84,87,346,4.67,100,0,10000,1021,10.84,87,346,4.67,100,0,10000,1021,10.84,87,346,4.67,100,0,10000,1021,10.84,87,346,4.67,100,0,10000,1021,10.84,87,346,4.67,100,0,10000,1021,10.84,87,346,4.67,100,0,10000,1021,10.84,87,346,4.67,100,0,10000,1021,10.84,87,346,4.67,100,0,10000,1021,10.84,87,346,4.67,100,0,10000,1021,10.84,87,346,4.67,100,0,10000
1021,10.84,87,300,6.69,100,0,9000,20,0,5,6,1021,9.95,84,5,4.15,97,0,10000,1021,9.95,84,5,4.15,97,0,10000,1021,9.95,84,5,4.15,97,0,10000,1021,9.95,84,5,4.15,97,0,10000,1021,9.95,84,5,4.15,97,0,10000,1021,9.95,84,5,4.15,97,0,10000,1021,9.95,84,5,4.15,97,0,10000,1021,9.95,84,5,4.15,97,0,10000,1021,9.95,84,5,4.15,97,0,10000,1021,9.95,84,5,4.15,97,0,10000,1021,9.95,84,5,4.15,97,0,10000,1021,9.95,84,5,4.15,97,0,10000
1021,10.84,87,300,6.69,100,0,9000,23,0,5,6,1022,8.79,83,32,3.52,95,0,10000,1022,8.79,83,32,3.52,95,0,10000,1022,8.79,83,32,3.52,95,0,10000,1022,8.79,83,32,3.52,95,0,10000,1022,8.79,83,32,3.52,95,0,10000,1022,8.79,83,32,3.52,95,0,10000,1022,8.79,83,32,3.52,95,0,10000,1022,8.79,83,32,3.52,95,0,10000,1022,8.79,83,32,3.52,95,0,10000,1022,8.79,83,32,3.52,95,0,10000,1022,8.79,83,32,3.52,95,0,10000,1022,8.79,83,32,3.52,95,0,10000
1021,10.84,87,300,6.69,100,0,9000,2,0,6,6,1021,6.21,71,15,1.71,48,0,10000,1021,6.21,71,15,1.71,48,0,10000,1021,6.21,71,15,1.71,48,0,10000,1021,6.21,71,15,1.71,48,0,10000,1021,6.21,71,15,1.71,48,0,10000,1021,6.21,71,15,1.71,48,0,10000,1021,6.21,71,15,1.71,48,0,10000,1021,6.21,71,15,1.71,48,0,10000,1021,6.21,71,15,1.71,48,0,10000,1021,6.21,71,15,1.71,48,0,10000,1021,6.21,71,15,1.71,48,0,10000,1021,6.21,71,15,1.71,48,0,10000
1021,10.84,87,300,6.69,100,0,9000,5,0,6,6,1020,7.75,69,337,1.14,75,0,10000,1020,7.75,69,337,1.14,75,0,10000,1020,7.75,69,337,1.14,75,0,10000,1020,7.75,69,337,1.14,75,0,10000,1020,7.75,69,337,1.14,75,0,10000,1020,7.75,69,337,1.14,75,0,10000,1020,7.75,69,337,1.14,75,0,10000,1020,7.75,69,337,1.14,75,0,10000,1020,7.75,69,337,1.14,75,0,10000,1020,7.75,69,337,1.14,75,0,10000,1020,7.75,69,337,1.14,75,0,10000,1020,7.75,69,337,1.14,75,0,10000
1021,10.84,87,300,6.69,100,0,9000,8,0,6,6,1019,9.2,64,241,0.85,100,0,10000,1019,9.2,64,241,0.85,100,0,10000,1019,9.2,64,241,0.85,100,0,10000,1019,9.2,64,241,0.85,100,0,10000,1019,9.2,64,241,0.85,100,0,10000,1019,9.2,64,241,0.85,100,0,10000,1019,9.2,64,241,0.85,100,0,10000,1019,9.2,64,241,0.85,100,0,10000,1019,9.2,64,241,0.85,100,0,10000,1019,9.2,64,241,0.85,100,0,10000,1019,9.2,64,241,0.85,100,0,10000,1019,9.2,64,241,0.85,100,0,10000
1021,10.84,87,300,6.69,100,0,9000,11,0,6,6,1018,10.04,67,220,2.4,100,0,10000,1018,10.04,67,220,2.4,100,0,10000,1018,10.04,67,220,2.4,100,0,10000,1018,10.04,67,220,2.4,100,0,10000,1018,10.04,67,220,2.4,100,0,10000,1018,10.04,67,220,2.4,100,0,10000,1018,10.04,67,220,2.4,100,0,10000,1018,10.04,67,220,2.4,100,0,10000,1018,10.04,67,220,2.4,100,0,10000,1018,10.04,67,220,2.4,100,0,10000,1018,10.04,67,220,2.4,100,0,10000,1018,10.04,67,220,2.4,100,0,10000
1021,10.84,87,300,6.69,100,0,9000,14,0,6,6,1016,10.18,74,46,0.75,93,0,10000,1016,10.18,74,46,0.75,93,0,10000,1016,10.18,74,46,0.75,93,0,10000,1016,10.18,74,46,0.75,93,0,10000,1016,10.18,74,46,0.75,93,0,10000,1016,10.18,74,46,0.75,93,0,10000,1016,10.18,74,46,0.75,93,0,10000,1016,10.18,74,46,0.75,93,0,10000,1016,10.18,74,46,0.75,93,0,10000,1016,10.18,74,46,0.75,93,0,10000,1016,10.18,74,46,0.75,93,0,10000,1016,10.18,74,46,0.75,93,0,10000
1021,10.84,87,300,6.69,100,0,9000,17,0,6,6,1021,10.84,87,346,4.67,100,0,10000,1021,10.84,87,346,4.67,100,0,10000,1021,10.84,87,346,4.67,100,0,10000,1021,10.84,87,346,4.67,100,0,10000,1021,10.84,87,346,4.67,100,0,10000,1021,10.84,87,346,4.67,100,0,10000,1021,10.84,87,346,4.67,100,0,10000,1021,10.84,87,346,4.67,100,0,10000,1021,10.84,87,346,4.67,100,0,10000,1021,10.84,87,346,4.67,100,0,10000,1021,10.84,87,346,4.67,100,0,10000,1021,10.84,87,346,4.67,100,0,10000
1021,10.84,87,300,6.69,100,0,9000,20,0,6,6,1021,9.95,84,5,4.15,97,0,10000,1021,9.95,84,5,4.15,97,0,10000,1021,9.95,84,5,4.15,97,0,10000,1021,9.95,84,5,4.15,97,0,10000,1021,9.95,84,5,4.15,97,0,10000,1021,9.95,84,5,4.15,97,0,10000,1021,9.95,84,5,4.15,97,0,10000,1021,9.95,84,5,4.15,97,0,10000,1021,9.95,84,5,4.15,97,0,10000,1021,9.95,84,5,4.15,97,0,10000,1021,9.95,84,5,4.15,97,0,10000,1021,9.95,84,5,4.15,97,0,10000
1021,10.84,87,300,6.69,100,0,9000,23,0,6,6,1022,8.79,83,32,3.52,95,0,10000,1022,8.79,83,32,3.52,95,0,10000,1022,8.79,83,32,3.52,95,0,10000,1022,8.79,83,32,3.52,95,0,10000,1022,8.79,83,32,3.52,95,0,10000,1022,8.79,83,32,3.52,95,0,10000,1022,8.79,83,32,3.52,95,0,10000,1022,8.79,83,32,3.52,95,0,10000,1022,8.79,83,32,3.52,95,0,10000,1022,8.79,83,32,3.52,95,0,10000,1022,8.79,83,32,3.52,95,0,10000,1022,8.79,83,32,3.52,95,0,10000
1021,10.84,87,300,6.69,100,0,9000,2,0,7,6,1021,6.21,71,15,1.71,48,0,10000,1021,6.21,71,15,1.71,48,0,10000,1021,6.21,71,15,1.71,48,0,10000,1021,6.21,71,15,1.71,48,0,10000,1021,6.21,71,15,1.71,48,0,10000,1021,6.21,71,15,1.71,48,0,10000,1021,6.21,71,15,1.71,48,0,10000,1021,6.21,71,15,1.71,48,0,10000,1021,6.21,71,15,1.71,48,0,10000,1021,6.21,71,15,1.71,48,0,10000,1021,6.21,71,15,1.71,48,0,10000,1021,6.21,71,15,1.71,48,0,10000
1021,10.84,87,300,6.69,100,0,9000,5,0,7,6,1020,7.75,69,337,1.14,75,0,10000,1020,7.75,69,337,1.14,75,0,10000,1020,7.75,69,337,1.14,75,0,10000,1020,7.75,69,337,1.14,75,0,10000,1020,7.75,69,337,1.14,75,0,10000,1020,7.75,69,337,1.14,75,0,10000,1020,7.75,69,337,1.14,75,0,10000,1020,7.75,69,337,1.14,75,0,10000,1020,7.75,69,337,1.14,75,0,10000,1020,7.75,69,337,1.14,75,0,10000,1020,7.75,69,337,1.14,75,0,10000,1020,7.75,69,337,1.14,75,0,10000
1021,10.84,87,300,6.69,100,0,9000,8,0,7,6,1019,9.2,64,241,0.85,100,0,10000,1019,9.2,64,241,0.85,100,0,10000,1019,9.2,64,241,0.85,100,0,10000,1019,9.2,64,241,0.85,100,0,10000,1019,9.2,64,241,0.85,100,0,10000,1019,9.2,64,241,0.85,100,0,10000,1019,9.2,64,241,0.85,100,0,10000,1019,9.2,64,241,0.85,100,0,10000,1019,9.2,64,241,0.85,100,0,10000,1019,9.2,64,241,0.85,100,0,10000,1019,9.2,64,241,0.85,100,0,10000,1019,9.2,64,241,0.85,100,0,10000
1021,10.84,87,300,6.69,100,0,9000,11,0,7,6,1018,10.04,67,220,2.4,100,0,10000,1018,10.04,67,220,2.4,100,0,10000,1018,10.04,67,220,2.4,100,0,10000,1018,10.04,67,220,2.4,100,0,10000,1018,10.04,67,220,2.4,100,0,10000,1018,10.04,67,220,2.4,100,0,10000,1018,10.04,67,220,2.4,100,0,10000,1018,10.04,67,220,2.4,100,0,10000,1018,10.04,67,220,2.4,100,0,10000,1018,10.04,67,220,2.4,100,0,10000,1018,10.04,67,220,2.4,100,0,10000,1018,10.04,67,220,2.4,100,0,10000
1021,10.84,87,300,6.69,100,0,9000,14,0,7,6,1016,10.18,74,46,0.75,93,0,10000,1016,10.18,74,46,0.75,93,0,10000,1016,10.18,74,46,0.75,93,0,10000,1016,10.18,74,46,0.75,93,0,10000,1016,10.18,74,46,0.75,93,0,10000,1016,10.18,74,46,0.75,93,0,10000,1016,10.18,74,46,0.75,93,0,10000,1016,10.18,74,46,0.75,93,0,10000,1016,10.18,74,46,0.75,93,0,10000,1016,10.18,74,46,0.75,93,0,10000,1016,10.18,74,46,0.75,93,0,10000,1016,10.18,74,46,0.75,93,0,10000
1021,10.84,87,300,6.69,100,0,9000,17,0,7,6,1021,10.84,87,346,4.67,100,0,10000,1021,10.84,87,346,4.67,100,0,10000,1021,10.84,87,346,4.67,100,0,10000,1021,10.84,87,346,4.67,100,0,10000,1021,10.84,87,346,4.67,100,0,10000,1021,10.84,87,346,4.67,100,0,10000,1021,10.84,87,346,4.67,100,0,10000,1021,10.84,87,346,4.67,100,0,10000,1021,10.84,87,346,4.67,100,0,10000,1021,10.84,87,346,4.67,100,0,10000,1021,10.84,87,346,4.67,100,0,10000,1021,10.84,87,346,4.67,100,0,10000
1021,10.84,87,300,6.69,100,0,9000,20,0,7,6,1021,9.95,84,5,4.15,97,0,10000,1021,9.95,84,5,4.15,97,0,10000,1021,9.95,84,5,4.15,97,0,10000,1021,9.95,84,5,4.15,97,0,10000,1021,9.95,84,5,4.15,97,0,10000,1021,9.95,84,5,4.15,97,0,10000,1021,9.95,84,5,4.15,97,0,10000,1021,9.95,84,5,4.15,97,0,10000,1021,9.95,84,5,4.15,97,0,10000,1021,9.95,84,5,4.15,97,0,10000,1021,9.95,84,5,4.15,97,0,10000,1021,9.95,84,5,4.15,97,0,10000
1021,10.84,87,300,6.69,100,0,9000,23,0,7,6,1022,8.79,83,32,3.52,95,0,10000,1022,8.79,83,32,3.52,95,0,10000,1022,8.79,83,32,3.52,95,0,10000,1022,8.79,83,32,3.52,95,0,10000,1022,8.79,83,32,3.52,95,0,10000,1022,8.79,83,32,3.52,95,0,10000,1022,8.79,83,32,3.52,95,0,10000,1022,8.79,83,32,3.52,95,0,10000,1022,8.79,83,32,3.52,95,0,10000,1022,8.79,83,32,3.52,95,0,10000,1022,8.79,83,32,3.52,95,0,10000,1022,8.79,83,32,3.52,95,0,10000
1021,10.84,87,300,6.69,100,0,9000,2,0,8,6,1021,6.21,71,15,1.71,48,0,10000,1021,6.21,71,15,1.71,48,0,10000,1021,6.21,71,15,1.71,48,0,10000,1021,6.21,71,15,1.71,48,0,10000,1021,6.21,71,15,1.71,48,0,10000,1021,6.21,71,15,1.71,48,0,10000,1021,6.21,71,15,1.71,48,0,10000,1021,6.21,71,15,1.71,48,0,10000,1021,6.21,71,15,1.71,48,0,10000,1021,6.21,71,15,1.71,48,0,10000,1021,6.21,71,15,1.71,48,0,10000,1021,6.21,71,15,1.71,48,0,10000
1021,10.84,87,300,6.69,100,0,9000,5,0,8,6,1020,7.75,69,337,1.14,75,0,10000,1020,7.75,69,337,1.14,75,0,10000,1020,7.75,69,337,1.14,75,0,10000,1020,7.75,69,337,1.14,75,0,10000,1020,7.75,69,337,1.14,75,0,10000,1020,7.75,69,337,1.14,75,0,10000,1020,7.75,69,337,1.14,75,0,10000,1020,7.75,69,337,1.14,75,0,10000,1020,7.75,69,337,1.14,75,0,10000,1020,7.75,69,337,1.14,75,0,10000,1020,7.75,69,337,1.14,75,0,10000,1020,7.75,69,337,1.14,75,0,10000
1021,10.84,87,300,6.69,100,0,9000,8,0,8,6,1019,9.2,64,241,0.85,100,0,10000,1019,9.2,64,241,0.85,100,0,10000,1019,9.2,64,241,0.85,100,0,10000,1019,9.2,64,241,0.85,100,0,10000,1019,9.2,64,241,0.85,100,0,10000,1019,9.2,64,241,0.85,100,0,10000,1019,9.2,64,241,0.85,100,0,10000,1019,9.2,64,241,0.85,100,0,10000,1019,9.2,64,241,0.85,100,0,10000,1019,9.2,64,241,0.85,100,0,10000,1019,9.2,64,241,0.85,100,0,10000,1019,9.2,64,241,0.85,100,0,10000
1021,10.84,87,300,6.69,100,0,9000,11,0,8,6,1018,10.04,67,220,2.4,100,0,10000,1018,10.04,67,220,2.4,100,0,10000,1018,10.04,67,220,2.4,100,0,10000,1018,10.04,67,220,2.4,100,0,10000,1018,10.04,67,220,2.4,100,0,10000,1018,10.04,67,220,2.4,100,0,10000,1018,10.04,67,220,2.4,100,0,10000,1018,10.04,67,220,2.4,100,0,10000,1018,10.04,67,220,2.4,100,0,10000,1018,10.04,67,220,2.4,100,0,10000,1018,10.04,67,220,2.4,100,0,10000,1018,10.04,67,220,2.4,100,0,10000
1021,10.84,87,300,6.69,100,0,9000,14,0,8,6,1016,10.18,74,46,0.75,93,0,10000,1016,10.18,74,46,0.75,93,0,10000,1016,10.18,74,46,0.75,93,0,10000,1016,10.18,74,46,0.75,93,0,10000,1016,10.18,74,46,0.75,93,0,10000,1016,10.18,74,46,0.75,93,0,10000,1016,10.18,74,46,0.75,93,0,10000,1016,10.18,74,46,0.75,93,0,10000,1016,10.18,74,46,0.75,93,0,10000,1016,10.18,74,46,0.75,93,0,10000,1016,10.18,74,46,0.75,93,0,10000,1016,10.18,74,46,0.75,93,0,10000
1021,10.84,87,300,6.69,100,0,9000,17,0,8,6,1021,10.84,87,346,4.67,100,0,10000,1021,10.84,87,346,4.67,100,0,10000,1021,10.84,87,346,4.67,100,0,10000,1021,10.84,87,346,4.67,100,0,10000,1021,10.84,87,346,4.67,100,0,10000,1021,10.84,87,346,4.67,100,0,10000,1021,10.84,87,346,4.67,100,0,10000,1021,10.84,87,346,4.67,100,0,10000,1021,10.84,87,346,4.67,100,0,10000,1021,10.84,87,346,4.67,100,0,10000,1021,10.84,87,346,4.67,100,0,10000,1021,10.84,87,346,4.67,100,0,10000
1021,10.84,87,300,6.69,100,0,9000,20,0,8,6,1021,9.95,84,5,4.15,97,0,10000,1021,9.95,84,5,4.15,97,0,10000,1021,9.95,84,5,4.15,97,0,10000,1021,9.95,84,5,4.15,97,0,10000,1021,9.95,84,5,4.15,97,0,10000,1021,9.95,84,5,4.15,97,0,10000,1021,9.95,84,5,4.15,97,0,10000,1021,9.95,84,5,4.15,97,0,10000,1021,9.95,84,5,4.15,97,0,10000,1021,9.95,84,5,4.15,97,0,10000,1021,9.95,84,5,4.15,97,0,10000,1021,9.95,84,5,4.15,97,0,10000
1021,10.84,87,300,6.69,100,0,9000,23,0,8,6,1022,8.79,83,32,3.52,95,0,10000,1022,8.79,83,32,3.52,95,0,10000,1022,8.79,83,32,3.52,95,0,10000,1022,8.79,83,32,3.52,95,0,10000,1022,8.79,83,32,3.52,95,0,10000,1022,8.79,83,32,3.52,95,0,10000,1022,8.79,83,32,3.52,95,0,10000,1022,8.79,83,32,3.52,95,0,10000,1022,8.79,83,32,3.52,95,0,10000,1022,8.79,83,32,3.52,95,0,10000,1022,8.79,83,32,3.52,95,0,10000,1022,8.79,83,32,3.52,95,0,10000
1021,10.84,87,300,6.69,100,0,9000,2,0,9,6,1021,6.21,71,15,1.71,48,0,10000,1021,6.21,71,15,1.71,48,0,10000,1021,6.21,71,15,1.71,48,0,10000,1021,6.21,71,15,1.71,48,0,10000,1021,6.21,71,15,1.71,48,0,10000,1021,6.21,71,15,1.71,48,0,10000,1021,6.21,71,15,1.71,48,0,10000,1021,6.21,71,15,1.71,48,0,10000,1021,6.21,71,15,1.71,48,0,10000,1021,6.21,71,15,1.71,48,0,10000,1021,6.21,71,15,1.71,48,0,10000,1021,6.21,71,15,1.71,48,0,10000
1021,10.84,87,300,6.69,100,0,9000,5,0,9,6,1020,7.75,69,337,1.14,75,0,10000,1020,7.75,69,337,1.14,75,0,10000,1020,7.75,69,337,1.14,75,0,10000,1020,7.75,69,337,1.14,75,0,10000,1020,7.75,69,337,1.14,75,0,10000,1020,7.75,69,337,1.14,75,0,10000,1020,7.75,69,337,1.14,75,0,10000,1020,7.75,69,337,1.14,75,0,10000,1020,7.75,69,337,1.14,75,0,10000,1020,7.75,69,337,1.14,75,0,10000,1020,7.75,69,337,1.14,75,0,10000,1020,7.75,69,337,1.14,75,0,10000
1021,10.84,87,300,6.69,100,0,9000,8,0,9,6,1019,9.2,64,241,0.85,100,0,10000,1019,9.2,64,241,0.85,100,0,10000,1019,9.2,64,241,0.85,100,0,10000,1019,9.2,64,241,0.85,100,0,10000,1019,9.2,64,241,0.85,100,0,10000,1019,9.2,64,241,0.85,100,0,10000,1019,9.2,64,241,0.85,100,0,10000,1019,9.2,64,241,0.85,100,0,10000,1019,9.2,64,241,0.85,100,0,10000,1019,9.2,64,241,0.85,100,0,10000,1019,9.2,64,241,0.85,100,0,10000,1019,9.2,64,241,0.85,100,0,10000
1021,10.84,87,300,6.69,100,0,9000,11,0,9,6,1018,10.04,67,220,2.4,100,0,10000,1018,10.04,67,220,2.4,100,0,10000,1018,10.04,67,220,2.4,100,0,10000,1018,10.04,67,220,2.4,100,0,10000,1018,10.04,67,220,2.4,100,0,10000,1018,10.04,67,220,2.4,100,0,10000,1018,10.04,67,220,2.4,100,0,10000,1018,10.04,67,220,2.4,100,0,10000,1018,10.04,67,220,2.4,100,0,10000,1018,10.04,67,220,2.4,100,0,10000,1018,10.04,67,220,2.4,100,0,10000,1018,10.04,67,220,2.4,100,0,10000
1021,10.84,87,300,6.69,100,0,9000,14,0,9,6,1016,10.18,74,46,0.75,93,0,10000,1016,10.18,74,46,0.75,93,0,10000,1016,10.18,74,46,0.75,93,0,10000,1016,10.18,74,46,0.75,93,0,10000,1016,10.18,74,46,0.75,93,0,10000,1016,10.18,74,46,0.75,93,0,10000,1016,10.18,74,46,0.75,93,0,10000,1016,10.18,74,46,0.75,93,0,10000,1016,10.18,74,46,0.75,93,0,10000,1016,10.18,74,46,0.75,93,0,10000,1016,10.18,74,46,0.75,93,0,10000,1016,10.18,74,46,0.75,93,0,10000
1021,10.84,87,300,6.69,100,0,9000,17,0,9,6,1021,10.84,87,346,4.67,100,0,10000,1021,10.84,87,346,4.67,100,0,10000,1021,10.84,87,346,4.67,100,0,10000,1021,10.84,87,346,4.67,100,0,10000,1021,10.84,87,346,4.67,100,0,10000,1021,10.84,87,346,4.67,100,0,10000,1021,10.84,87,346,4.67,100,0,10000,1021,10.84,87,346,4.67,100,0,10000,1021,10.84,87,346,4.67,100,0,10000,1021,10.84,87,346,4.67,100,0,10000,1021,10.84,87,346,4.67,100,0,10000,1021,10.84,87,346,4.67,100,0,10000
1021,10.84,87,300,6.69,100,0,9000,20,0,9,6,1021,9.95,84,5,4.15,97,0,10000,1021,9.95,84,5,4.15,97,0,10000,1021,9.95,84,5,4.15,97,0,10000,1021,9.95,84,5,4.15,97,0,10000,1021,9.95,84,5,4.15,97,0,10000,1021,9.95,84,5,4.15,97,0,10000,1021,9.95,84,5,4.15,97,0,10000,1021,9.95,84,5,4.15,97,0,10000,1021,9.95,84,5,4.15,97,0,10000,1021,9.95,84,5,4.15,97,0,10000,1021,9.95,84,5,4.15,97,0,10000,1021,9.95,84,5,4.15,97,0,10000
1021,10.84,87,300,6.69,100,0,9000,23,0,9,6,1022,8.79,83,32,3.52,95,0,10000,1022,8.79,83,32,3.52,95,0,10000,1022,8.79,83,32,3.52,95,0,10000,1022,8.79,83,32,3.52,95,0,10000,1022,8.79,83,32,3.52,95,0,10000,1022,8.79,83,32,3.52,95,0,10000,1022,8.79,83,32,3.52,95,0,10000,1022,8.79,83,32,3.52,95,0,10000,1022,8.79,83,32,3.52,95,0,10000,1022,8.79,83,32,3.52,95,0,10000,1022,8.79,83,32,3.52,95,0,10000,1022,8.79,83,32,3.52,95,0,10000
1021,10.84,87,300,6.69,100,0,9000,2,0,10,6,1021,6.21,71,15,1.71,48,0,10000,1021,6.21,71,15,1.71,48,0,10000,1021,6.21,71,15,1.71,48,0,10000,1021,6.21,71,15,1.71,48,0,10000,1021,6.21,71,15,1.71,48,0,10000,1021,6.21,71,15,1.71,48,0,10000,1021,6.21,71,15,1.71,48,0,10000,1021,6.21,71,15,1.71,48,0,10000,1021,6.21,71,15,1.71,48,0,10000,1021,6.21,71,15,1.71,48,0,10000,1021,6.21,71,15,1.71,48,0,10000,1021,6.21,71,15,1.71,48,0,10000
1021,10.84,87,300,6.69,100,0,9000,5,0,10,6,1020,7.75,69,337,1.14,75,0,10000,1020,7.75,69,337,1.14,75,0,10000,1020,7.75,69,337,1.14,75,0,10000,1020,7.75,69,337,1.14,75,0,10000,1020,7.75,69,337,1.14,75,0,10000,1020,7.75,69,337,1.14,75,0,10000,1020,7.75,69,337,1.14,75,0,10000,1020,7.75,69,337,1.14,75,0,10000,1020,7.75,69,337,1.14,75,0,10000,1020,7.75,69,337,1.14,75,0,10000,1020,7.75,69,337,1.14,75,0,10000,1020,7.75,69,337,1.14,75,0,10000
1021,10.84,87,300,6.69,100,0,9000,8,0,10,6,1019,9.2,64,241,0.85,100,0,10000,1019,9.2,64,241,0.85,100,0,10000,1019,9.2,64,241,0.85,100,0,10000,1019,9.2,64,241,0.85,100,0,10000,1019,9.2,64,241,0.85,100,0,10000,1019,9.2,64,241,0.85,100,0,10000,1019,9.2,64,241,0.85,100,0,10000,1019,9.2,64,241,0.85,100,0,10000,1019,9.2,64,241,0.85,100,0,10000,1019,9.2,64,241,0.85,100,0,10000,1019,9.2,64,241,0.85,100,0,10000,1019,9.2,64,241,0.85,100,0,10000
1021,10.84,87,300,6.69,100,0,9000,11,0,10,6,1018,10.04,67,220,2.4,100,0,10000,1018,10.04,67,220,2.4,100,0,10000,1018,10.04,67,220,2.4,100,0,10000,1018,10.04,67,220,2.4,100,0,10000,1018,10.04,67,220,2.4,100,0,10000,1018,10.04,67,220,2.4,100,0,10000,1018,10.04,67,220,2.4,100,0,10000,1018,10.04,67,220,2.4,100,0,10000,1018,10.04,67,220,2.4,100,0,10000,1018,10.04,67,220,2.4,100,0,10000,1018,10.04,67,220,2.4,100,0,10000,1018,10.04,67,220,2.4,100,0,10000
1021,10.84,87,300,6.69,100,0,9000,14,0,10,6,1016,10.18,74,46,0.75,93,0,10000,1016,10.18,74,46,0.75,93,0,10000,1016,10.18,74,46,0.75,93,0,10000,1016,10.18,74,46,0.75,93,0,10000,1016,10.18,74,46,0.75,93,0,10000,1016,10.18,74,46,0.75,93,0,10000,1016,10.18,74,46,0.75,93,0,10000,1016,10.18,74,46,0.75,93,0,10000,1016,10.18,74,46,0.75,93,0,10000,1016,10.18,74,46,0.75,93,0,10000,1016,10.18,74,46,0.75,93,0,10000,1016,10.18,74,46,0.75,93,0,10000
1021,10.84,87,300,6.69,100,0,9000,17,0,10,6,1021,10.84,87,346,4.67,100,0,10000,1021,10.84,87,346,4.67,100,0,10000,1021,10.84,87,346,4.67,100,0,10000,1021,10.84,87,346,4.67,100,0,10000,1021,10.84,87,346,4.67,100,0,10000,1021,10.84,87,346,4.67,100,0,10000,1021,10.84,87,346,4.67,100,0,10000,1021,10.84,87,346,4.67,100,0,10000,1021,10.84,87,346,4.67,100,0,10000,1021,10.84,87,346,4.67,100,0,10000,1021,10.84,87,346,4.67,100,0,10000,1021,10.84,87,346,4.67,100,0,10000
1021,10.84,87,300,6.69,100,0,9000,20,0,10,6,1021,9.95,84,5,4.15,97,0,10000,1021,9.95,84,5,4.15,97,0,10000,1021,9.95,84,5,4.15,97,0,10000,1021,9.95,84,5,4.15,97,0,10000,1021,9.95,84,5,4.15,97,0,10000,1021,9.95,84,5,4.15,97,0,10000,1021,9.95,84,5,4.15,97,0,10000,1021,9.95,84,5,4.15,97,0,10000,1021,9.95,84,5,4.15,97,0,10000,1021,9.95,84,5,4.15,97,0,10000,1021,9.95,84,5,4.15,97,0,10000,1021,9.95,84,5,4.15,97,0,10000
1021,10.84,87,300,6.69,100,0,9000,23,0,10,6,1022,8.79,83,32,3.52,95,0,10000,1022,8.79,83,32,3.52,95,0,10000,1022,8.79,83,32,3.52,95,0,10000,1022,8.79,83,32,3.52,95,0,10000,1022,8.79,83,32,3.52,95,0,10000,1022,8.79,83,32,3.52,95,0,10000,1022,8.79,83,32,3.52,95,0,10000,1022,8.79,83,32,3.52,95,0,10000,1022,8.79,83,32,3.52,95,0,10000,1022,8.79,83,32,3.52,95,0,10000,1022,8.79,83,32,3.52,95,0,10000,1022,8.79,83,32,3.52,95,0,10000
1021,10.84,87,300,6.69,100,0,9000,2,0,11,6,1021,6.21,71,15,1.71,48,0,10000,1021,6.21,71,15,1.71,48,0,10000,1021,6.21,71,15,1.71,48,0,10000,1021,6.21,71,15,1.71,48,0,10000,1021,6.21,71,15,1.71,48,0,10000,1021,6.21,71,15,1.71,48,0,10000,1021,6.21,71,15,1.71,48,0,10000,1021,6.21,71,15,1.71,48,0,10000,1021,6.21,71,15,1.71,48,0,10000,1021,6.21,71,15,1.71,48,0,10000,1021,6.21,71,15,1.71,48,0,10000,1021,6.21,71,15,1.71,48,0,10000
1021,10.84,87,300,6.69,100,0,9000,5,0,11,6,1020,7.75,69,337,1.14,75,0,10000,1020,7.75,69,337,1.14,75,0,10000,1020,7.75,69,337,1.14,75,0,10000,1020,7.75,69,337,1.14,75,0,10000,1020,7.75,69,337,1.14,75,0,10000,1020,7.75,69,337,1.14,75,0,10000,1020,7.75,69,337,1.14,75,0,10000,1020,7.75,69,337,1.14,75,0,10000,1020,7.75,69,337,1.14,75,0,10000,1020,7.75,69,337,1.14,75,0,10000,1020,7.75,69,337,1.14,75,0,10000,1020,7.75,69,337,1.14,75,0,10000
1021,10.84,87,300,6.69,100,0,9000,8,0,11,6,1019,9.2,64,241,0.85,100,0,10000,1019,9.2,64,241,0.85,100,0,10000,1019,9.2,64,241,0.85,100,0,10000,1019,9.2,64,241,0.85,100,0,10000,1019,9.2,64,241,0.85,100,0,10000,1019,9.2,64,241,0.85,100,0,10000,1019,9.2,64,241,0.85,100,0,10000,1019,9.2,64,241,0.85,100,0,10000,1019,9.2,64,241,0.85,100,0,10000,1019,9.2,64,241,0.85,100,0,10000,1019,9.2,64,241,0.85,100,0,10000,1019,9.2,64,241,0.85,100,0,10000
1021,10.84,87,300,6.69,100,0,9000,11,0,11,6,1018,10.04,67,220,2.4,100,0,10000,1018,10.04,67,220,2.4,100,0,10000,1018,10.04,67,220,2.4,100,0,10000,1018,10.04,67,220,2.4,100,0,10000,1018,10.04,67,220,2.4,100,0,10000,1018,10.04,67,220,2.4,100,0,10000,1018,10.04,67,220,2.4,100,0,10000,1018,10.04,67,220,2.4,100,0,10000,1018,10.04,67,220,2.4,100,0,10000,1018,10.04,67,220,2.4,100,0,10000,1018,10.04,67,220,2.4,100,0,10000,1018,10.04,67,220,2.4,100,0,10000
1021,10.84,87,300,6.69,100,0,9000,14,0,11,6,1016,10.18,74,46,0.75,93,0,10000,1016,10.18,74,46,0.75,93,0,10000,1016,10.18,74,46,0.75,93,0,10000,1016,10.18,74,46,0.75,93,0,10000,1016,10.18,74,46,0.75,93,0,10000,1016,10.18,74,46,0.75,93,0,10000,1016,10.18,74,46,0.75,93,0,10000,1016,10.18,74,46,0.75,93,0,10000,1016,10.18,74,46,0.75,93,0,10000,1016,10.18,74,46,0.75,93,0,10000,1016,10.18,74,46,0.75,93,0,10000,1016,10.18,74,46,0.75,93,0,10000
1021,10.84,87,300,6.69,100,0,9000,17,0,11,6,1021,10.84,87,346,4.67,100,0,10000,1021,10.84,87,346,4.67,100,0,10000,1021,10.84,87,346,4.67,100,0,10000,1021,10.84,87,346,4.67,100,0,10000,1021,10.84,87,346,4.67,100,0,10000,1021,10.84,87,346,4.67,100,0,10000,1021,10.84,87,346,4.67,100,0,10000,1021,10.84,87,346,4.67,100,0,10000,1021,10.84,87,346,4.67,100,0,10000,1021,10.84,87,346,4.67,100,0,10000,1021,10.84,87,346,4.67,100,0,10000,1021,10.84,87,346,4.67,100,0,10000
1021,10.84,87,300,6.69,100,0,9000,20,0,11,6,1021,9.95,84,5,4.15,97,0,10000,1021,9.95,84,5,4.15,97,0,10000,1021,9.95,84,5,4.15,97,0,10000,1021,9.95,84,5,4.15,97,0,10000,1021,9.95,84,5,4.15,97,0,10000,1021,9.95,84,5,4.15,97,0,10000,1021,9.95,84,5,4.15,97,0,10000,1021,9.95,84,5,4.15,97,0,10000,1021,9.95,84,5,4.15,97,0,10000,1021,9.95,84,5,4.15,97,0,10000,1021,9.95,84,5,4.15,97,0,10000,1021,9.95,84,5,4.15,97,0,10000
1021,10.84,87,300,6.69,100,0,9000,23,0,11,6,1022,8.79,83,32,3.52,95,0,10000,1022,8.79,83,32,3.52,95,0,10000,1022,8.79,83,32,3.52,95,0,10000,1022,8.79,83,32,3.52,95,0,10000,1022,8.79,83,32,3.52,95,0,10000,1022,8.79,83,32,3.52,95,0,10000,1022,8.79,83,32,3.52,95,0,10000,1022,8.79,83,32,3.52,95,0,10000,1022,8.79,83,32,3.52,95,0,10000,1022,8.79,83,32,3.52,95,0,10000,1022,8.79,83,32,3.52,95,0,10000,1022,8.79,83,32,3.52,95,0,10000
1021,10.84,87,300,6.69,100,0,9000,2,0,12,6,1021,6.21,71,15,1.71,48,0,10000,1021,6.21,71,15,1.71,48,0,10000,1021,6.21,71,15,1.71,48,0,10000,1021,6.21,71,15,1.71,48,0,10000,1021,6.21,71,15,1.71,48,0,10000,1021,6.21,71,15,1.71,48,0,10000,1021,6.21,71,15,1.71,48,0,10000,1021,6.21,71,15,1.71,48,0,10000,1021,6.21,71,15,1.71,48,0,10000,1021,6.21,71,15,1.71,48,0,10000,1021,6.21,71,15,1.71,48,0,10000,1021,6.21,71,15,1.71,48,0,10000
1021,10.84,87,300,6.69,100,0,9000,5,0,12,6,1020,7.75,69,337,1.14,75,0,10000,1020,7.75,69,337,1.14,75,0,10000,1020,7.75,69,337,1.14,75,0,10000,1020,7.75,69,337,1.14,75,0,10000,1020,7.75,69,337,1.14,75,0,10000,1020,7.75,69,337,1.14,75,0,10000,1020,7.75,69,337,1.14,75,0,10000,1020,7.75,69,337,1.14,75,0,10000,1020,7.75,69,337,1.14,75,0,10000,1020,7.75,69,337,1.14,75,0,10000,1020,7.75,69,337,1.14,75,0,10000,1020,7.75,69,337,1.14,75,0,10000
1021,10.84,87,300,6.69,100,0,9000,8,0,12,6,1019,9.2,64,241,0.85,100,0,10000,1019,9.2,64,241,0.85,100,0,10000,1019,9.2,64,241,0.85,100,0,10000,1019,9.2,64,241,0.85,100,0,10000,1019,9.2,64,241,0.85,100,0,10000,1019,9.2,64,241,0.85,100,0,10000,1019,9.2,64,241,0.85,100,0,10000,1019,9.2,64,241,0.85,100,0,10000,1019,9.2,64,241,0.85,100,0,10000,1019,9.2,64,241,0.85,100,0,10000,1019,9.2,64,241,0.85,100,0,10000,1019,9.2,64,241,0.85,100,0,10000
1021,10.84,87,300,6.69,100,0,9000,11,0,12,6,1018,10.04,67,220,2.4,100,0,10000,1018,10.04,67,220,2.4,100,0,10000,1018,10.04,67,220,2.4,100,0,10000,1018,10.04,67,220,2.4,100,0,10000,1018,10.04,67,220,2.4,100,0,10000,1018,10.04,67,220,2.4,100,0,10000,1018,10.04,67,220,2.4,100,0,10000,1018,10.04,67,220,2.4,100,0,10000,1018,10.04,67,220,2.4,100,0,10000,1018,10.04,67,220,2.4,100,0,10000,1018,10.04,67,220,2.4,100,0,10000,1018,10.04,67,220,2.4,100,0,10000
1021,10.84,87,300,6.69,100,0,9000,14,0,12,6,1016,10.18,74,46,0.75,93,0,10000,1016,10.18,74,46,0.75,93,0,10000,1016,10.18,74,46,0.75,93,0,10000,1016,10.18,74,46,0.75,93,0,10000,1016,10.18,74,46,0.75,93,0,10000,1016,10.18,74,46,0.75,93,0,10000,1016,10.18,74,46,0.75,93,0,10000,1016,10.18,74,46,0.75,93,0,10000,1016,10.18,74,46,0.75,93,0,10000,1016,10.18,74,46,0.75,93,0,10000,1016,10.18,74,46,0.75,93,0,10000,1016,10.18,74,46,0.75,93,0,10000
1021,10.84,87,300,6.69,100,0,9000,17,0,12,6,1021,10.84,87,346,4.67,100,0,10000,1021,10.84,87,346,4.67,100,0,10000,1021,10.84,87,346,4.67,100,0,10000,1021,10.84,87,346,4.67,100,0,10000,1021,10.84,87,346,4.67,100,0,10000,1021,10.84,87,346,4.67,100,0,10000,1021,10.84,87,346,4.67,100,0,10000,1021,10.84,87,346,4.67,100,0,10000,1021,10.84,87,346,4.67,100,0,10000,1021,10.84,87,346,4.67,100,0,10000,1021,10.84,87,346,4.67,100,0,10000,1021,10.84,87,346,4.67,100,0,10000
1021,10.84,87,300,6.69,100,0,9000,20,0,12,6,1021,9.95,84,5,4.15,97,0,10000,1021,9.95,84,5,4.15,97,0,10000,1021,9.95,84,5,4.15,97,0,10000,1021,9.95,84,5,4.15,97,0,10000,1021,9.95,84,5,4.15,97,0,10000,1021,9.95,84,5,4.15,97,0,10000,1021,9.95,84,5,4.15,97,0,10000,1021,9.95,84,5,4.15,97,0,10000,1021,9.95,84,5,4.15,97,0,10000,1021,9.95,84,5,4.15,97,0,10000,1021,9.95,84,5,4.15,97,0,10000,1021,9.95,84,5,4.15,97,0,10000
1021,10.84,87,300,6.69,100,0,9000,23,0,12,6,1022,8.79,83,32,3.52,95,0,10000,1022,8.79,83,32,3.52,95,0,10000,1022,8.79,83,32,3.52,95,0,10000,1022,8.79,83,32,3.52,95,0,10000,1022,8.79,83,32,3.52,95,0,10000,1022,8.79,83,32,3.52,95,0,10000,1022,8.79,83,32,3.52,95,0,10000,1022,8.79,83,32,3.52,95,0,10000,1022,8.79,83,32,3.52,95,0,10000,1022,8.79,83,32,3.52,95,0,10000,1022,8.79,83,32,3.52,95,0,10000,1022,8.79,83,32,3.52,95,0,10000
1021,10.84,87,300,6.69,100,0,9000,2,0,13,6,1021,6.21,71,15,1.71,48,0,10000,1021,6.21,71,15,1.71,48,0,10000,1021,6.21,71,15,1.71,48,0,10000,1021,6.21,71,15,1.71,48,0,10000,1021,6.21,71,15,1.71,48,0,10000,1021,6.21,71,15,1.71,48,0,10000,1021,6.21,71,15,1.71,48,0,10000,1021,6.21,71,15,1.71,48,0,10000,1021,6.21,71,15,1.71,48,0,10000,1021,6.21,71,15,1.71,48,0,10000,1021,6.21,71,15,1.71,48,0,10000,1021,6.21,71,15,1.71,48,0,10000
1021,10.84,87,300,6.69,100,0,9000,5,0,13,6,1020,7.75,69,337,1.14,75,0,10000,1020,7.75,69,337,1.14,75,0,10000,1020,7.75,69,337,1.14,75,0,10000,1020,7.75,69,337,1.14,75,0,10000,1020,7.75,69,337,1.14,75,0,10000,1020,7.75,69,337,1.14,75,0,10000,1020,7.75,69,337,1.14,75,0,10000,1020,7.75,69,337,1.14,75,0,10000,1020,7.75,69,337,1.14,75,0,10000,1020,7.75,69,337,1.14,75,0,10000,1020,7.75,69,337,1.14,75,0,10000,1020,7.75,69,337,1.14,75,0,10000
1021,10.84,87,300,6.69,100,0,9000,8,0,13,6,1019,9.2,64,241,0.85,100,0,10000,1019,9.2,64,241,0.85,100,0,10000,1019,9.2,64,241,0.85,100,0,10000,1019,9.2,64,241,0.85,100,0,10000,1019,9.2,64,241,0.85,100,0,10000,1019,9.2,64,241,0.85,100,0,10000,1019,9.2,64,241,0.85,100,0,10000,1019,9.2,64,241,0.85,100,0,10000,1019,9.2,64,241,0.85,100,0,10000,1019,9.2,64,241,0.85,100,0,10000,1019,9.2,64,241,0.85,100,0,10000,1019,9.2,64,241,0.85,100,0,10000
1021,10.84,87,300,6.69,100,0,9000,11,0,13,6,1018,10.04,67,220,2.4,100,0,10000,1018,10.04,67,220,2.4,100,0,10000,1018,10.04,67,220,2.4,100,0,10000,1018,10.04,67,220,2.4,100,0,10000,1018,10.04,67,220,2.4,100,0,10000,1018,10.04,67,220,2.4,100,0,10000,1018,10.04,67,220,2.4,100,0,10000,1018,10.04,67,220,2.4,100,0,10000,1018,10.04,67,220,2.4,100,0,10000,1018,10.04,67,220,2.4,100,0,10000,1018,10.04,67,220,2.4,100,0,10000,1018,10.04,67,220,2.4,100,0,10000
1021,10.84,87,300,6.69,100,0,9000,14,0,13,6,1016,10.18,74,46,0.75,93,0,10000,1016,10.18,74,46,0.75,93,0,10000,1016,10.18,74,46,0.75,93,0,10000,1016,10.18,74,46,0.75,93,0,10000,1016,10.18,74,46,0.75,93,0,10000,1016,10.18,74,46,0.75,93,0,10000,1016,10.18,74,46,0.75,93,0,10000,1016,10.18,74,46,0.75,93,0,10000,1016,10.18,74,46,0.75,93,0,10000,1016,10.18,74,46,0.75,93,0,10000,1016,10.18,74,46,0.75,93,0,10000,1016,10.18,74,46,0.75,93,0,10000
1021,10.84,87,300,6.69,100,0,9000,17,0,13,6,1021,10.84,87,346,4.67,100,0,10000,1021,10.84,87,346,4.67,100,0,10000,1021,10.84,87,346,4.67,100,0,10000,1021,10.84,87,346,4.67,100,0,10000,1021,10.84,87,346,4.67,100,0,10000,1021,10.84,87,346,4.67,100,0,10000,1021,10.84,87,346,4.67,100,0,10000,1021,10.84,87,346,4.67,100,0,10000,1021,10.84,87,346,4.67,100,0,10000,1021,10.84,87,346,4.67,100,0,10000,1021,10.84,87,346,4.67,100,0,10000,1021,10.84,87,346,4.67,100,0,10000
1021,10.84,87,300,6.69,100,0,9000,20,0,13,6,1021,9.95,84,5,4.15,97,0,10000,1021,9.95,84,5,4.15,97,0,10000,1021,9.95,84,5,4.15,97,0,10000,1021,9.95,84,5,4.15,97,0,10000,1021,9.95,84,5,4.15,97,0,10000,1021,9.95,84,5,4.15,97,0,10000,1021,9.95,84,5,4.15,97,0,10000,1021,9.95,84,5,4.15,97,0,10000,1021,9.95,84,5,4.15,97,0,10000,1021,9.95,84,5,4.15,97,0,10000,1021,9.95,84,5,4.15,97,0,10000,1021,9.95,84,5,4.15,97,0,10000
1021,10.84,87,300,6.69,100,0,9000,23,0,13,6,1022,8.79,83,32,3.52,95,0,10000,1022,8.79,83,32,3.52,95,0,10000,1022,8.79,83,32,3.52,95,0,10000,1022,8.79,83,32,3.52,95,0,10000,1022,8.79,83,32,3.52,95,0,10000,1022,8.79,83,32,3.52,95,0,10000,1022,8.79,83,32,3.52,95,0,10000,1022,8.79,83,32,3.52,95,0,10000,1022,8.79,83,32,3.52,95,0,10000,1022,8.79,83,32,3.52,95,0,10000,1022,8.79,83,32,3.52,95,0,10000,1022,8.79,83,32,3.52,95,0,10000
1021,10.84,87,300,6.69,100,0,9000,2,0,14,6,1021,6.21,71,15,1.71,48,0,10000,1021,6.21,71,15,1.71,48,0,10000,1021,6.21,71,15,1.71,48,0,10000,1021,6.21,71,15,1.71,48,0,10000,1021,6.21,71,15,1.71,48,0,10000,1021,6.21,71,15,1.71,48,0,10000,1021,6.21,71,15,1.71,48,0,10000,1021,6.21,71,15,1.71,48,0,10000,1021,6.21,71,15,1.71,48,0,10000,1021,6.21,71,15,1.71,48,0,10000,1021,6.21,71,15,1.71,48,0,10000,1021,6.21,71,15,1.71,48,0,10000
1021,10.84,87,300,6.69,100,0,9000,5,0,14,6,1020,7.75,69,337,1.14,75,0,10000,1020,7.75,69,337,1.14,75,0,10000,1020,7.75,69,337,1.14,75,0,10000,1020,7.75,69,337,1.14,75,0,10000,1020,7.75,69,337,1.14,75,0,10000,1020,7.75,69,337,1.14,75,0,10000,1020,7.75,69,337,1.14,75,0,10000,1020,7.75,69,337,1.14,75,0,10000,1020,7.75,69,337,1.14,75,0,10000,1020,7.75,69,337,1.14,75,0,10000,1020,7.75,69,337,1.14,75,0,10000,1020,7.75,69,337,1.14,75,0,10000
1021,10.84,87,300,6.69,100,0,9000,8,0,14,6,1019,9.2,64,241,0.85,100,0,10000,1019,9.2,64,241,0.85,100,0,10000,1019,9.2,64,241,0.85,100,0,10000,1019,9.2,64,241,0.85,100,0,10000,1019,9.2,64,241,0.85,100,0,10000,1019,9.2,64,241,0.85,100,0,10000,1019,9.2,64,241,0.85,100,0,10000,1019,9.2,64,241,0.85,100,0,10000,1019,9.2,64,241,0.85,100,0,10000,1019,9.2,64,241,0.85,100,0,10000,1019,9.2,64,241,0.85,100,0,10000,1019,9.2,64,241,0.85,100,0,10000
1021,10.84,87,300,6.69,100,0,9000,11,0,14,6,1018,10.04,67,220,2.4,100,0,10000,1018,10.04,67,220,2.4,100,0,10000,1018,10.04,67,220,2.4,100,0,10000,1018,10.04,67,220,2.4,100,0,10000,1018,10.04,67,220,2.4,100,0,10000,1018,10.04,67,220,2.4,100,0,10000,1018,10.04,67,220,2.4,100,0,10000,1018,10.04,67,220,2.4,100,0,10000,1018,10.04,67,220,2.4,100,0,10000,1018,10.04,67,220,2.4,100,0,10000,1018,10.04,67,220,2.4,100,0,10000,1018,10.04,67,220,2.4,100,0,10000
1021,10.84,87,300,6.69,100,0,9000,14,0,14,6,1016,10.18,74,46,0.75,93,0,10000,1016,10.18,74,46,0.75,93,0,10000,1016,10.18,74,46,0.75,93,0,10000,1016,10.18,74,46,0.75,93,0,10000,1016,10.18,74,46,0.75,93,0,10000,1016,10.18,74,46,0.75,93,0,10000,1016,10.18,74,46,0.75,93,0,10000,1016,10.18,74,46,0.75,93,0,10000,1016,10.18,74,46,0.75,93,0,10000,1016,10.18,74,46,0.75,93,0,10000,1016,10.18,74,46,0.75,93,0,10000,1016,10.18,74,46,0.75,93,0,10000
1021,10.84,87,300,6.69,100,0,9000,17,0,14,6,1021,10.84,87,346,4.67,100,0,10000,1021,10.84,87,346,4.67,100,0,10000,1021,10.84,87,346,4.67,100,0,10000,1021,10.84,87,346,4.67,100,0,10000,1021,10.84,87,346,4.67,100,0,10000,1021,10.84,87,346,4.67,100,0,10000,1021,10.84,87,346,4.67,100,0,10000,1021,10.84,87,346,4.67,100,0,10000,1021,10.84,87,346,4.67,100,0,10000,1021,10.84,87,346,4.67,100,0,10000,1021,10.84,87,346,4.67,100,0,10000,1021,10.84,87,346,4.67,100,0,10000
1021,10.84,87,300,6.69,100,0,9000,20,0,14,6,1021,9.95,84,5,4.15,97,0,10000,1021,9.95,84,5,4.15,97,0,10000,1021,9.95,84,5,4.15,97,0,10000,1021,9.95,84,5,4.15,97,0,10000,1021,9.95,84,5,4.15,97,0,10000,1021,9.95,84,5,4.15,97,0,10000,1021,9.95,84,5,4.15,97,0,10000,1021,9.95,84,5,4.15,97,0,10000,1021,9.95,84,5,4.15,97,0,10000,1021,9.95,84,5,4.15,97,0,10000,1021,9.95,84,5,4.15,97,0,10000,1021,9.95,84,5,4.15,97,0,10000
1021,10.84,87,300,6.69,100,0,9000,23,0,14,6,1022,8.79,83,32,3.52,95,0,10000,1022,8.79,83,32,3.52,95,0,10000,1022,8.79,83,32,3.52,95,0,10000,1022,8.79,83,32,3.52,95,0,10000,1022,8.79,83,32,3.52,95,0,10000,1022,8.79,83,32,3.52,95,0,10000,1022,8.79,83,32,3.52,95,0,10000,1022,8.79,83,32,3.52,95,0,10000,1022,8.79,83,32,3.52,95,0,10000,1022,8.79,83,32,3.52,95,0,10000,1022,8.79,83,32,3.52,95,0,10000,1022,8.79,83,32,3.52,95,0,10000
