1025,7.84,70,340,3.09,100,0.17,10000,2,0,17,12,1024,7.38,85,33,2.65,100,0,10000,1024,7.38,85,33,2.65,100,0,10000,1024,7.38,85,33,2.65,100,0,10000,1024,7.38,85,33,2.65,100,0,10000,1024,7.38,85,33,2.65,100,0,10000,1024,7.38,85,33,2.65,100,0,10000,1024,7.38,85,33,2.65,100,0,10000,1024,7.38,85,33,2.65,100,0,10000,1024,7.38,85,33,2.65,100,0,10000,1024,7.38,85,33,2.65,100,0,10000,1024,7.38,85,33,2.65,100,0,10000,1024,7.38,85,33,2.65,100,0,10000
1025,7.84,70,340,3.09,100,0.17,10000,5,0,17,12,1024,7.08,86,71,2.21,100,0,10000,1024,7.08,86,71,2.21,100,0,10000,1024,7.08,86,71,2.21,100,0,10000,1024,7.08,86,71,2.21,100,0,10000,1024,7.08,86,71,2.21,100,0,10000,1024,7.08,86,71,2.21,100,0,10000,1024,7.08,86,71,2.21,100,0,10000,1024,7.08,86,71,2.21,100,0,10000,1024,7.08,86,71,2.21,100,0,10000,1024,7.08,86,71,2.21,100,0,10000,1024,7.08,86,71,2.21,100,0,10000,1024,7.08,86,71,2.21,100,0,10000
1025,7.84,70,340,3.09,100,0.17,10000,8,0,17,12,1024,7.48,87,6,3.32,98,0,10000,1024,7.48,87,6,3.32,98,0,10000,1024,7.48,87,6,3.32,98,0,10000,1024,7.48,87,6,3.32,98,0,10000,1024,7.48,87,6,3.32,98,0,10000,1024,7.48,87,6,3.32,98,0,10000,1024,7.48,87,6,3.32,98,0,10000,1024,7.48,87,6,3.32,98,0,10000,1024,7.48,87,6,3.32,98,0,10000,1024,7.48,87,6,3.32,98,0,10000,1024,7.48,87,6,3.32,98,0,10000,1024,7.48,87,6,3.32,98,0,10000
1025,7.84,70,340,3.09,100,0.17,10000,11,0,17,12,1024,8.9,77,354,4.82,100,0,10000,1024,8.9,77,354,4.82,100,0,10000,1024,8.9,77,354,4.82,100,0,10000,1024,8.9,77,354,4.82,100,0,10000,1024,8.9,77,354,4.82,100,0,10000,1024,8.9,77,354,4.82,100,0,10000,1024,8.9,77,354,4.82,100,0,10000,1024,8.9,77,354,4.82,100,0,10000,1024,8.9,77,354,4.82,100,0,10000,1024,8.9,77,354,4.82,100,0,10000,1024,8.9,77,354,4.82,100,0,10000,1024,8.9,77,354,4.82,100,0,10000
1025,7.84,70,340,3.09,100,0.17,10000,14,0,17,12,1023,9.68,71,14,4.85,100,0,10000,1023,9.68,71,14,4.85,100,0,10000,1023,9.68,71,14,4.85,100,0,10000,1023,9.68,71,14,4.85,100,0,10000,1023,9.68,71,14,4.85,100,0,10000,1023,9.68,71,14,4.85,100,0,10000,1023,9.68,71,14,4.85,100,0,10000,1023,9.68,71,14,4.85,100,0,10000,1023,9.68,71,14,4.85,100,0,10000,1023,9.68,71,14,4.85,100,0,10000,1023,9.68,71,14,4.85,100,0,10000,1023,9.68,71,14,4.85,100,0,10000
1025,7.84,70,340,3.09,100,0.17,10000,17,0,17,12,1022,8.95,76,319,2.14,93,0,10000,1022,8.95,76,319,2.14,93,0,10000,1022,8.95,76,319,2.14,93,0,10000,1022,8.95,76,319,2.14,93,0,10000,1022,8.95,76,319,2.14,93,0,10000,1022,8.95,76,319,2.14,93,0,10000,1022,8.95,76,319,2.14,93,0,10000,1022,8.95,76,319,2.14,93,0,10000,1022,8.95,76,319,2.14,93,0,10000,1022,8.95,76,319,2.14,93,0,10000,1022,8.95,76,319,2.14,93,0,10000,1022,8.95,76,319,2.14,93,0,10000
1025,7.84,70,340,3.09,100,0.17,10000,20,0,17,12,1025,7.79,76,18,4.21,100,0,10000,1025,7.79,76,18,4.21,100,0,10000,1025,7.79,76,18,4.21,100,0,10000,1025,7.79,76,18,4.21,100,0,10000,1025,7.79,76,18,4.21,100,0,10000,1025,7.79,76,18,4.21,100,0,10000,1025,7.79,76,18,4.21,100,0,10000,1025,7.79,76,18,4.21,100,0,10000,1025,7.79,76,18,4.21,100,0,10000,1025,7.79,76,18,4.21,100,0,10000,1025,7.79,76,18,4.21,100,0,10000,1025,7.79,76,18,4.21,100,0,10000
1025,7.84,70,340,3.09,100,0.17,10000,23,0,17,12,1025,7.43,80,20,3.42,100,0,10000,1025,7.43,80,20,3.42,100,0,10000,1025,7.43,80,20,3.42,100,0,10000,1025,7.43,80,20,3.42,100,0,10000,1025,7.43,80,20,3.42,100,0,10000,1025,7.43,80,20,3.42,100,0,10000,1025,7.43,80,20,3.42,100,0,10000,1025,7.43,80,20,3.42,100,0,10000,1025,7.43,80,20,3.42,100,0,10000,1025,7.43,80,20,3.42,100,0,10000,1025,7.43,80,20,3.42,100,0,10000,1025,7.43,80,20,3.42,100,0,10000
1025,7.84,70,340,3.09,100,0.17,10000,2,0,18,12,1024,7.38,85,33,2.65,100,0,10000,1024,7.38,85,33,2.65,100,0,10000,1024,7.38,85,33,2.65,100,0,10000,1024,7.38,85,33,2.65,100,0,10000,1024,7.38,85,33,2.65,100,0,10000,1024,7.38,85,33,2.65,100,0,10000,1024,7.38,85,33,2.65,100,0,10000,1024,7.38,85,33,2.65,100,0,10000,1024,7.38,85,33,2.65,100,0,10000,1024,7.38,85,33,2.65,100,0,10000,1024,7.38,85,33,2.65,100,0,10000,1024,7.38,85,33,2.65,100,0,10000
1025,7.84,70,340,3.09,100,0.17,10000,5,0,18,12,1024,7.08,86,71,2.21,100,0,10000,1024,7.08,86,71,2.21,100,0,10000,1024,7.08,86,71,2.21,100,0,10000,1024,7.08,86,71,2.21,100,0,10000,1024,7.08,86,71,2.21,100,0,10000,1024,7.08,86,71,2.21,100,0,10000,1024,7.08,86,71,2.21,100,0,10000,1024,7.08,86,71,2.21,100,0,10000,1024,7.08,86,71,2.21,100,0,10000,1024,7.08,86,71,2.21,100,0,10000,1024,7.08,86,71,2.21,100,0,10000,1024,7.08,86,71,2.21,100,0,10000
1025,7.84,70,340,3.09,100,0.17,10000,8,0,18,12,1024,7.48,87,6,3.32,98,0,10000,1024,7.48,87,6,3.32,98,0,10000,1024,7.48,87,6,3.32,98,0,10000,1024,7.48,87,6,3.32,98,0,10000,1024,7.48,87,6,3.32,98,0,10000,1024,7.48,87,6,3.32,98,0,10000,1024,7.48,87,6,3.32,98,0,10000,1024,7.48,87,6,3.32,98,0,10000,1024,7.48,87,6,3.32,98,0,10000,1024,7.48,87,6,3.32,98,0,10000,1024,7.48,87,6,3.32,98,0,10000,1024,7.48,87,6,3.32,98,0,10000
1025,7.84,70,340,3.09,100,0.17,10000,11,0,18,12,1024,8.9,77,354,4.82,100,0,10000,1024,8.9,77,354,4.82,100,0,10000,1024,8.9,77,354,4.82,100,0,10000,1024,8.9,77,354,4.82,100,0,10000,1024,8.9,77,354,4.82,100,0,10000,1024,8.9,77,354,4.82,100,0,10000,1024,8.9,77,354,4.82,100,0,10000,1024,8.9,77,354,4.82,100,0,10000,1024,8.9,77,354,4.82,100,0,10000,1024,8.9,77,354,4.82,100,0,10000,1024,8.9,77,354,4.82,100,0,10000,1024,8.9,77,354,4.82,100,0,10000
1025,7.84,70,340,3.09,100,0.17,10000,14,0,18,12,1023,9.68,71,14,4.85,100,0,10000,1023,9.68,71,14,4.85,100,0,10000,1023,9.68,71,14,4.85,100,0,10000,1023,9.68,71,14,4.85,100,0,10000,1023,9.68,71,14,4.85,100,0,10000,1023,9.68,71,14,4.85,100,0,10000,1023,9.68,71,14,4.85,100,0,10000,1023,9.68,71,14,4.85,100,0,10000,1023,9.68,71,14,4.85,100,0,10000,1023,9.68,71,14,4.85,100,0,10000,1023,9.68,71,14,4.85,100,0,10000,1023,9.68,71,14,4.85,100,0,10000
1025,7.84,70,340,3.09,100,0.17,10000,17,0,18,12,1022,8.95,76,319,2.14,93,0,10000,1022,8.95,76,319,2.14,93,0,10000,1022,8.95,76,319,2.14,93,0,10000,1022,8.95,76,319,2.14,93,0,10000,1022,8.95,76,319,2.14,93,0,10000,1022,8.95,76,319,2.14,93,0,10000,1022,8.95,76,319,2.14,93,0,10000,1022,8.95,76,319,2.14,93,0,10000,1022,8.95,76,319,2.14,93,0,10000,1022,8.95,76,319,2.14,93,0,10000,1022,8.95,76,319,2.14,93,0,10000,1022,8.95,76,319,2.14,93,0,10000
1025,7.84,70,340,3.09,100,0.17,10000,20,0,18,12,1025,7.79,76,18,4.21,100,0,10000,1025,7.79,76,18,4.21,100,0,10000,1025,7.79,76,18,4.21,100,0,10000,1025,7.79,76,18,4.21,100,0,10000,1025,7.79,76,18,4.21,100,0,10000,1025,7.79,76,18,4.21,100,0,10000,1025,7.79,76,18,4.21,100,0,10000,1025,7.79,76,18,4.21,100,0,10000,1025,7.79,76,18,4.21,100,0,10000,1025,7.79,76,18,4.21,100,0,10000,1025,7.79,76,18,4.21,100,0,10000,1025,7.79,76,18,4.21,100,0,10000
1025,7.84,70,340,3.09,100,0.17,10000,23,0,18,12,1025,7.43,80,20,3.42,100,0,10000,1025,7.43,80,20,3.42,100,0,10000,1025,7.43,80,20,3.42,100,0,10000,1025,7.43,80,20,3.42,100,0,10000,1025,7.43,80,20,3.42,100,0,10000,1025,7.43,80,20,3.42,100,0,10000,1025,7.43,80,20,3.42,100,0,10000,1025,7.43,80,20,3.42,100,0,10000,1025,7.43,80,20,3.42,100,0,10000,1025,7.43,80,20,3.42,100,0,10000,1025,7.43,80,20,3.42,100,0,10000,1025,7.43,80,20,3.42,100,0,10000
1025,7.84,70,340,3.09,100,0.17,10000,2,0,19,12,1024,7.38,85,33,2.65,100,0,10000,1024,7.38,85,33,2.65,100,0,10000,1024,7.38,85,33,2.65,100,0,10000,1024,7.38,85,33,2.65,100,0,10000,1024,7.38,85,33,2.65,100,0,10000,1024,7.38,85,33,2.65,100,0,10000,1024,7.38,85,33,2.65,100,0,10000,1024,7.38,85,33,2.65,100,0,10000,1024,7.38,85,33,2.65,100,0,10000,1024,7.38,85,33,2.65,100,0,10000,1024,7.38,85,33,2.65,100,0,10000,1024,7.38,85,33,2.65,100,0,10000
1025,7.84,70,340,3.09,100,0.17,10000,5,0,19,12,1024,7.08,86,71,2.21,100,0,10000,1024,7.08,86,71,2.21,100,0,10000,1024,7.08,86,71,2.21,100,0,10000,1024,7.08,86,71,2.21,100,0,10000,1024,7.08,86,71,2.21,100,0,10000,1024,7.08,86,71,2.21,100,0,10000,1024,7.08,86,71,2.21,100,0,10000,1024,7.08,86,71,2.21,100,0,10000,1024,7.08,86,71,2.21,100,0,10000,1024,7.08,86,71,2.21,100,0,10000,1024,7.08,86,71,2.21,100,0,10000,1024,7.08,86,71,2.21,100,0,10000
1025,7.84,70,340,3.09,100,0.17,10000,8,0,19,12,1024,7.48,87,6,3.32,98,0,10000,1024,7.48,87,6,3.32,98,0,10000,1024,7.48,87,6,3.32,98,0,10000,1024,7.48,87,6,3.32,98,0,10000,1024,7.48,87,6,3.32,98,0,10000,1024,7.48,87,6,3.32,98,0,10000,1024,7.48,87,6,3.32,98,0,10000,1024,7.48,87,6,3.32,98,0,10000,1024,7.48,87,6,3.32,98,0,10000,1024,7.48,87,6,3.32,98,0,10000,1024,7.48,87,6,3.32,98,0,10000,1024,7.48,87,6,3.32,98,0,10000
1025,7.84,70,340,3.09,100,0.17,10000,11,0,19,12,1024,8.9,77,354,4.82,100,0,10000,1024,8.9,77,354,4.82,100,0,10000,1024,8.9,77,354,4.82,100,0,10000,1024,8.9,77,354,4.82,100,0,10000,1024,8.9,77,354,4.82,100,0,10000,1024,8.9,77,354,4.82,100,0,10000,1024,8.9,77,354,4.82,100,0,10000,1024,8.9,77,354,4.82,100,0,10000,1024,8.9,77,354,4.82,100,0,10000,1024,8.9,77,354,4.82,100,0,10000,1024,8.9,77,354,4.82,100,0,10000,1024,8.9,77,354,4.82,100,0,10000
1025,7.84,70,340,3.09,100,0.17,10000,14,0,19,12,1023,9.68,71,14,4.85,100,0,10000,1023,9.68,71,14,4.85,100,0,10000,1023,9.68,71,14,4.85,100,0,10000,1023,9.68,71,14,4.85,100,0,10000,1023,9.68,71,14,4.85,100,0,10000,1023,9.68,71,14,4.85,100,0,10000,1023,9.68,71,14,4.85,100,0,10000,1023,9.68,71,14,4.85,100,0,10000,1023,9.68,71,14,4.85,100,0,10000,1023,9.68,71,14,4.85,100,0,10000,1023,9.68,71,14,4.85,100,0,10000,1023,9.68,71,14,4.85,100,0,10000
1025,7.84,70,340,3.09,100,0.17,10000,17,0,19,12,1022,8.95,76,319,2.14,93,0,10000,1022,8.95,76,319,2.14,93,0,10000,1022,8.95,76,319,2.14,93,0,10000,1022,8.95,76,319,2.14,93,0,10000,1022,8.95,76,319,2.14,93,0,10000,1022,8.95,76,319,2.14,93,0,10000,1022,8.95,76,319,2.14,93,0,10000,1022,8.95,76,319,2.14,93,0,10000,1022,8.95,76,319,2.14,93,0,10000,1022,8.95,76,319,2.14,93,0,10000,1022,8.95,76,319,2.14,93,0,10000,1022,8.95,76,319,2.14,93,0,10000
1025,7.84,70,340,3.09,100,0.17,10000,20,0,19,12,1025,7.79,76,18,4.21,100,0,10000,1025,7.79,76,18,4.21,100,0,10000,1025,7.79,76,18,4.21,100,0,10000,1025,7.79,76,18,4.21,100,0,10000,1025,7.79,76,18,4.21,100,0,10000,1025,7.79,76,18,4.21,100,0,10000,1025,7.79,76,18,4.21,100,0,10000,1025,7.79,76,18,4.21,100,0,10000,1025,7.79,76,18,4.21,100,0,10000,1025,7.79,76,18,4.21,100,0,10000,1025,7.79,76,18,4.21,100,0,10000,1025,7.79,76,18,4.21,100,0,10000
1025,7.84,70,340,3.09,100,0.17,10000,23,0,19,12,1025,7.43,80,20,3.42,100,0,10000,1025,7.43,80,20,3.42,100,0,10000,1025,7.43,80,20,3.42,100,0,10000,1025,7.43,80,20,3.42,100,0,10000,1025,7.43,80,20,3.42,100,0,10000,1025,7.43,80,20,3.42,100,0,10000,1025,7.43,80,20,3.42,100,0,10000,1025,7.43,80,20,3.42,100,0,10000,1025,7.43,80,20,3.42,100,0,10000,1025,7.43,80,20,3.42,100,0,10000,1025,7.43,80,20,3.42,100,0,10000,1025,7.43,80,20,3.42,100,0,10000
1025,7.84,70,340,3.09,100,0.17,10000,2,0,20,12,1024,7.38,85,33,2.65,100,0,10000,1024,7.38,85,33,2.65,100,0,10000,1024,7.38,85,33,2.65,100,0,10000,1024,7.38,85,33,2.65,100,0,10000,1024,7.38,85,33,2.65,100,0,10000,1024,7.38,85,33,2.65,100,0,10000,1024,7.38,85,33,2.65,100,0,10000,1024,7.38,85,33,2.65,100,0,10000,1024,7.38,85,33,2.65,100,0,10000,1024,7.38,85,33,2.65,100,0,10000,1024,7.38,85,33,2.65,100,0,10000,1024,7.38,85,33,2.65,100,0,10000
1025,7.84,70,340,3.09,100,0.17,10000,5,0,20,12,1024,7.08,86,71,2.21,100,0,10000,1024,7.08,86,71,2.21,100,0,10000,1024,7.08,86,71,2.21,100,0,10000,1024,7.08,86,71,2.21,100,0,10000,1024,7.08,86,71,2.21,100,0,10000,1024,7.08,86,71,2.21,100,0,10000,1024,7.08,86,71,2.21,100,0,10000,1024,7.08,86,71,2.21,100,0,10000,1024,7.08,86,71,2.21,100,0,10000,1024,7.08,86,71,2.21,100,0,10000,1024,7.08,86,71,2.21,100,0,10000,1024,7.08,86,71,2.21,100,0,10000
1025,7.84,70,340,3.09,100,0.17,10000,8,0,20,12,1024,7.48,87,6,3.32,98,0,10000,1024,7.48,87,6,3.32,98,0,10000,1024,7.48,87,6,3.32,98,0,10000,1024,7.48,87,6,3.32,98,0,10000,1024,7.48,87,6,3.32,98,0,10000,1024,7.48,87,6,3.32,98,0,10000,1024,7.48,87,6,3.32,98,0,10000,1024,7.48,87,6,3.32,98,0,10000,1024,7.48,87,6,3.32,98,0,10000,1024,7.48,87,6,3.32,98,0,10000,1024,7.48,87,6,3.32,98,0,10000,1024,7.48,87,6,3.32,98,0,10000
1025,7.84,70,340,3.09,100,0.17,10000,11,0,20,12,1024,8.9,77,354,4.82,100,0,10000,1024,8.9,77,354,4.82,100,0,10000,1024,8.9,77,354,4.82,100,0,10000,1024,8.9,77,354,4.82,100,0,10000,1024,8.9,77,354,4.82,100,0,10000,1024,8.9,77,354,4.82,100,0,10000,1024,8.9,77,354,4.82,100,0,10000,1024,8.9,77,354,4.82,100,0,10000,1024,8.9,77,354,4.82,100,0,10000,1024,8.9,77,354,4.82,100,0,10000,1024,8.9,77,354,4.82,100,0,10000,1024,8.9,77,354,4.82,100,0,10000
1025,7.84,70,340,3.09,100,0.17,10000,14,0,20,12,1023,9.68,71,14,4.85,100,0,10000,1023,9.68,71,14,4.85,100,0,10000,1023,9.68,71,14,4.85,100,0,10000,1023,9.68,71,14,4.85,100,0,10000,1023,9.68,71,14,4.85,100,0,10000,1023,9.68,71,14,4.85,100,0,10000,1023,9.68,71,14,4.85,100,0,10000,1023,9.68,71,14,4.85,100,0,10000,1023,9.68,71,14,4.85,100,0,10000,1023,9.68,71,14,4.85,100,0,10000,1023,9.68,71,14,4.85,100,0,10000,1023,9.68,71,14,4.85,100,0,10000
1025,7.84,70,340,3.09,100,0.17,10000,17,0,20,12,1022,8.95,76,319,2.14,93,0,10000,1022,8.95,76,319,2.14,93,0,10000,1022,8.95,76,319,2.14,93,0,10000,1022,8.95,76,319,2.14,93,0,10000,1022,8.95,76,319,2.14,93,0,10000,1022,8.95,76,319,2.14,93,0,10000,1022,8.95,76,319,2.14,93,0,10000,1022,8.95,76,319,2.14,93,0,10000,1022,8.95,76,319,2.14,93,0,10000,1022,8.95,76,319,2.14,93,0,10000,1022,8.95,76,319,2.14,93,0,10000,1022,8.95,76,319,2.14,93,0,10000
1025,7.84,70,340,3.09,100,0.17,10000,20,0,20,12,1025,7.79,76,18,4.21,100,0,10000,1025,7.79,76,18,4.21,100,0,10000,1025,7.79,76,18,4.21,100,0,10000,1025,7.79,76,18,4.21,100,0,10000,1025,7.79,76,18,4.21,100,0,10000,1025,7.79,76,18,4.21,100,0,10000,1025,7.79,76,18,4.21,100,0,10000,1025,7.79,76,18,4.21,100,0,10000,1025,7.79,76,18,4.21,100,0,10000,1025,7.79,76,18,4.21,100,0,10000,1025,7.79,76,18,4.21,100,0,10000,1025,7.79,76,18,4.21,100,0,10000
1025,7.84,70,340,3.09,100,0.17,10000,23,0,20,12,1025,7.43,80,20,3.42,100,0,10000,1025,7.43,80,20,3.42,100,0,10000,1025,7.43,80,20,3.42,100,0,10000,1025,7.43,80,20,3.42,100,0,10000,1025,7.43,80,20,3.42,100,0,10000,1025,7.43,80,20,3.42,100,0,10000,1025,7.43,80,20,3.42,100,0,10000,1025,7.43,80,20,3.42,100,0,10000,1025,7.43,80,20,3.42,100,0,10000,1025,7.43,80,20,3.42,100,0,10000,1025,7.43,80,20,3.42,100,0,10000,1025,7.43,80,20,3.42,100,0,10000
1025,7.84,70,340,3.09,100,0.17,10000,2,0,21,12,1024,7.38,85,33,2.65,100,0,10000,1024,7.38,85,33,2.65,100,0,10000,1024,7.38,85,33,2.65,100,0,10000,1024,7.38,85,33,2.65,100,0,10000,1024,7.38,85,33,2.65,100,0,10000,1024,7.38,85,33,2.65,100,0,10000,1024,7.38,85,33,2.65,100,0,10000,1024,7.38,85,33,2.65,100,0,10000,1024,7.38,85,33,2.65,100,0,10000,1024,7.38,85,33,2.65,100,0,10000,1024,7.38,85,33,2.65,100,0,10000,1024,7.38,85,33,2.65,100,0,10000
1025,7.84,70,340,3.09,100,0.17,10000,5,0,21,12,1024,7.08,86,71,2.21,100,0,10000,1024,7.08,86,71,2.21,100,0,10000,1024,7.08,86,71,2.21,100,0,10000,1024,7.08,86,71,2.21,100,0,10000,1024,7.08,86,71,2.21,100,0,10000,1024,7.08,86,71,2.21,100,0,10000,1024,7.08,86,71,2.21,100,0,10000,1024,7.08,86,71,2.21,100,0,10000,1024,7.08,86,71,2.21,100,0,10000,1024,7.08,86,71,2.21,100,0,10000,1024,7.08,86,71,2.21,100,0,10000,1024,7.08,86,71,2.21,100,0,10000
1025,7.84,70,340,3.09,100,0.17,10000,8,0,21,12,1024,7.48,87,6,3.32,98,0,10000,1024,7.48,87,6,3.32,98,0,10000,1024,7.48,87,6,3.32,98,0,10000,1024,7.48,87,6,3.32,98,0,10000,1024,7.48,87,6,3.32,98,0,10000,1024,7.48,87,6,3.32,98,0,10000,1024,7.48,87,6,3.32,98,0,10000,1024,7.48,87,6,3.32,98,0,10000,1024,7.48,87,6,3.32,98,0,10000,1024,7.48,87,6,3.32,98,0,10000,1024,7.48,87,6,3.32,98,0,10000,1024,7.48,87,6,3.32,98,0,10000
1025,7.84,70,340,3.09,100,0.17,10000,11,0,21,12,1024,8.9,77,354,4.82,100,0,10000,1024,8.9,77,354,4.82,100,0,10000,1024,8.9,77,354,4.82,100,0,10000,1024,8.9,77,354,4.82,100,0,10000,1024,8.9,77,354,4.82,100,0,10000,1024,8.9,77,354,4.82,100,0,10000,1024,8.9,77,354,4.82,100,0,10000,1024,8.9,77,354,4.82,100,0,10000,1024,8.9,77,354,4.82,100,0,10000,1024,8.9,77,354,4.82,100,0,10000,1024,8.9,77,354,4.82,100,0,10000,1024,8.9,77,354,4.82,100,0,10000
1025,7.84,70,340,3.09,100,0.17,10000,14,0,21,12,1023,9.68,71,14,4.85,100,0,10000,1023,9.68,71,14,4.85,100,0,10000,1023,9.68,71,14,4.85,100,0,10000,1023,9.68,71,14,4.85,100,0,10000,1023,9.68,71,14,4.85,100,0,10000,1023,9.68,71,14,4.85,100,0,10000,1023,9.68,71,14,4.85,100,0,10000,1023,9.68,71,14,4.85,100,0,10000,1023,9.68,71,14,4.85,100,0,10000,1023,9.68,71,14,4.85,100,0,10000,1023,9.68,71,14,4.85,100,0,10000,1023,9.68,71,14,4.85,100,0,10000
1025,7.84,70,340,3.09,100,0.17,10000,17,0,21,12,1022,8.95,76,319,2.14,93,0,10000,1022,8.95,76,319,2.14,93,0,10000,1022,8.95,76,319,2.14,93,0,10000,1022,8.95,76,319,2.14,93,0,10000,1022,8.95,76,319,2.14,93,0,10000,1022,8.95,76,319,2.14,93,0,10000,1022,8.95,76,319,2.14,93,0,10000,1022,8.95,76,319,2.14,93,0,10000,1022,8.95,76,319,2.14,93,0,10000,1022,8.95,76,319,2.14,93,0,10000,1022,8.95,76,319,2.14,93,0,10000,1022,8.95,76,319,2.14,93,0,10000
1025,7.84,70,340,3.09,100,0.17,10000,20,0,21,12,1025,7.79,76,18,4.21,100,0,10000,1025,7.79,76,18,4.21,100,0,10000,1025,7.79,76,18,4.21,100,0,10000,1025,7.79,76,18,4.21,100,0,10000,1025,7.79,76,18,4.21,100,0,10000,1025,7.79,76,18,4.21,100,0,10000,1025,7.79,76,18,4.21,100,0,10000,1025,7.79,76,18,4.21,100,0,10000,1025,7.79,76,18,4.21,100,0,10000,1025,7.79,76,18,4.21,100,0,10000,1025,7.79,76,18,4.21,100,0,10000,1025,7.79,76,18,4.21,100,0,10000
1025,7.84,70,340,3.09,100,0.17,10000,23,0,21,12,1025,7.43,80,20,3.42,100,0,10000,1025,7.43,80,20,3.42,100,0,10000,1025,7.43,80,20,3.42,100,0,10000,1025,7.43,80,20,3.42,100,0,10000,1025,7.43,80,20,3.42,100,0,10000,1025,7.43,80,20,3.42,100,0,10000,1025,7.43,80,20,3.42,100,0,10000,1025,7.43,80,20,3.42,100,0,10000,1025,7.43,80,20,3.42,100,0,10000,1025,7.43,80,20,3.42,100,0,10000,1025,7.43,80,20,3.42,100,0,10000,1025,7.43,80,20,3.42,100,0,10000
1025,7.84,70,340,3.09,100,0.17,10000,2,0,22,12,1024,7.38,85,33,2.65,100,0,10000,1024,7.38,85,33,2.65,100,0,10000,1024,7.38,85,33,2.65,100,0,10000,1024,7.38,85,33,2.65,100,0,10000,1024,7.38,85,33,2.65,100,0,10000,1024,7.38,85,33,2.65,100,0,10000,1024,7.38,85,33,2.65,100,0,10000,1024,7.38,85,33,2.65,100,0,10000,1024,7.38,85,33,2.65,100,0,10000,1024,7.38,85,33,2.65,100,0,10000,1024,7.38,85,33,2.65,100,0,10000,1024,7.38,85,33,2.65,100,0,10000
1025,7.84,70,340,3.09,100,0.17,10000,5,0,22,12,1024,7.08,86,71,2.21,100,0,10000,1024,7.08,86,71,2.21,100,0,10000,1024,7.08,86,71,2.21,100,0,10000,1024,7.08,86,71,2.21,100,0,10000,1024,7.08,86,71,2.21,100,0,10000,1024,7.08,86,71,2.21,100,0,10000,1024,7.08,86,71,2.21,100,0,10000,1024,7.08,86,71,2.21,100,0,10000,1024,7.08,86,71,2.21,100,0,10000,1024,7.08,86,71,2.21,100,0,10000,1024,7.08,86,71,2.21,100,0,10000,1024,7.08,86,71,2.21,100,0,10000
1025,7.84,70,340,3.09,100,0.17,10000,8,0,22,12,1024,7.48,87,6,3.32,98,0,10000,1024,7.48,87,6,3.32,98,0,10000,1024,7.48,87,6,3.32,98,0,10000,1024,7.48,87,6,3.32,98,0,10000,1024,7.48,87,6,3.32,98,0,10000,1024,7.48,87,6,3.32,98,0,10000,1024,7.48,87,6,3.32,98,0,10000,1024,7.48,87,6,3.32,98,0,10000,1024,7.48,87,6,3.32,98,0,10000,1024,7.48,87,6,3.32,98,0,10000,1024,7.48,87,6,3.32,98,0,10000,1024,7.48,87,6,3.32,98,0,10000
1025,7.84,70,340,3.09,100,0.17,10000,11,0,22,12,1024,8.9,77,354,4.82,100,0,10000,1024,8.9,77,354,4.82,100,0,10000,1024,8.9,77,354,4.82,100,0,10000,1024,8.9,77,354,4.82,100,0,10000,1024,8.9,77,354,4.82,100,0,10000,1024,8.9,77,354,4.82,100,0,10000,1024,8.9,77,354,4.82,100,0,10000,1024,8.9,77,354,4.82,100,0,10000,1024,8.9,77,354,4.82,100,0,10000,1024,8.9,77,354,4.82,100,0,10000,1024,8.9,77,354,4.82,100,0,10000,1024,8.9,77,354,4.82,100,0,10000
1025,7.84,70,340,3.09,100,0.17,10000,14,0,22,12,1023,9.68,71,14,4.85,100,0,10000,1023,9.68,71,14,4.85,100,0,10000,1023,9.68,71,14,4.85,100,0,10000,1023,9.68,71,14,4.85,100,0,10000,1023,9.68,71,14,4.85,100,0,10000,1023,9.68,71,14,4.85,100,0,10000,1023,9.68,71,14,4.85,100,0,10000,1023,9.68,71,14,4.85,100,0,10000,1023,9.68,71,14,4.85,100,0,10000,1023,9.68,71,14,4.85,100,0,10000,1023,9.68,71,14,4.85,100,0,10000,1023,9.68,71,14,4.85,100,0,10000
1025,7.84,70,340,3.09,100,0.17,10000,17,0,22,12,1022,8.95,76,319,2.14,93,0,10000,1022,8.95,76,319,2.14,93,0,10000,1022,8.95,76,319,2.14,93,0,10000,1022,8.95,76,319,2.14,93,0,10000,1022,8.95,76,319,2.14,93,0,10000,1022,8.95,76,319,2.14,93,0,10000,1022,8.95,76,319,2.14,93,0,10000,1022,8.95,76,319,2.14,93,0,10000,1022,8.95,76,319,2.14,93,0,10000,1022,8.95,76,319,2.14,93,0,10000,1022,8.95,76,319,2.14,93,0,10000,1022,8.95,76,319,2.14,93,0,10000
1025,7.84,70,340,3.09,100,0.17,10000,20,0,22,12,1025,7.79,76,18,4.21,100,0,10000,1025,7.79,76,18,4.21,100,0,10000,1025,7.79,76,18,4.21,100,0,10000,1025,7.79,76,18,4.21,100,0,10000,1025,7.79,76,18,4.21,100,0,10000,1025,7.79,76,18,4.21,100,0,10000,1025,7.79,76,18,4.21,100,0,10000,1025,7.79,76,18,4.21,100,0,10000,1025,7.79,76,18,4.21,100,0,10000,1025,7.79,76,18,4.21,100,0,10000,1025,7.79,76,18,4.21,100,0,10000,1025,7.79,76,18,4.21,100,0,10000
1025,7.84,70,340,3.09,100,0.17,10000,23,0,22,12,1025,7.43,80,20,3.42,100,0,10000,1025,7.43,80,20,3.42,100,0,10000,1025,7.43,80,20,3.42,100,0,10000,1025,7.43,80,20,3.42,100,0,10000,1025,7.43,80,20,3.42,100,0,10000,1025,7.43,80,20,3.42,100,0,10000,1025,7.43,80,20,3.42,100,0,10000,1025,7.43,80,20,3.42,100,0,10000,1025,7.43,80,20,3.42,100,0,10000,1025,7.43,80,20,3.42,100,0,10000,1025,7.43,80,20,3.42,100,0,10000,1025,7.43,80,20,3.42,100,0,10000
1025,7.84,70,340,3.09,100,0.17,10000,2,0,23,12,1024,7.38,85,33,2.65,100,0,10000,1024,7.38,85,33,2.65,100,0,10000,1024,7.38,85,33,2.65,100,0,10000,1024,7.38,85,33,2.65,100,0,10000,1024,7.38,85,33,2.65,100,0,10000,1024,7.38,85,33,2.65,100,0,10000,1024,7.38,85,33,2.65,100,0,10000,1024,7.38,85,33,2.65,100,0,10000,1024,7.38,85,33,2.65,100,0,10000,1024,7.38,85,33,2.65,100,0,10000,1024,7.38,85,33,2.65,100,0,10000,1024,7.38,85,33,2.65,100,0,10000
1025,7.84,70,340,3.09,100,0.17,10000,5,0,23,12,1024,7.08,86,71,2.21,100,0,10000,1024,7.08,86,71,2.21,100,0,10000,1024,7.08,86,71,2.21,100,0,10000,1024,7.08,86,71,2.21,100,0,10000,1024,7.08,86,71,2.21,100,0,10000,1024,7.08,86,71,2.21,100,0,10000,1024,7.08,86,71,2.21,100,0,10000,1024,7.08,86,71,2.21,100,0,10000,1024,7.08,86,71,2.21,100,0,10000,1024,7.08,86,71,2.21,100,0,10000,1024,7.08,86,71,2.21,100,0,10000,1024,7.08,86,71,2.21,100,0,10000
1025,7.84,70,340,3.09,100,0.17,10000,8,0,23,12,1024,7.48,87,6,3.32,98,0,10000,1024,7.48,87,6,3.32,98,0,10000,1024,7.48,87,6,3.32,98,0,10000,1024,7.48,87,6,3.32,98,0,10000,1024,7.48,87,6,3.32,98,0,10000,1024,7.48,87,6,3.32,98,0,10000,1024,7.48,87,6,3.32,98,0,10000,1024,7.48,87,6,3.32,98,0,10000,1024,7.48,87,6,3.32,98,0,10000,1024,7.48,87,6,3.32,98,0,10000,1024,7.48,87,6,3.32,98,0,10000,1024,7.48,87,6,3.32,98,0,10000
1025,7.84,70,340,3.09,100,0.17,10000,11,0,23,12,1024,8.9,77,354,4.82,100,0,10000,1024,8.9,77,354,4.82,100,0,10000,1024,8.9,77,354,4.82,100,0,10000,1024,8.9,77,354,4.82,100,0,10000,1024,8.9,77,354,4.82,100,0,10000,1024,8.9,77,354,4.82,100,0,10000,1024,8.9,77,354,4.82,100,0,10000,1024,8.9,77,354,4.82,100,0,10000,1024,8.9,77,354,4.82,100,0,10000,1024,8.9,77,354,4.82,100,0,10000,1024,8.9,77,354,4.82,100,0,10000,1024,8.9,77,354,4.82,100,0,10000
1025,7.84,70,340,3.09,100,0.17,10000,14,0,23,12,1023,9.68,71,14,4.85,100,0,10000,1023,9.68,71,14,4.85,100,0,10000,1023,9.68,71,14,4.85,100,0,10000,1023,9.68,71,14,4.85,100,0,10000,1023,9.68,71,14,4.85,100,0,10000,1023,9.68,71,14,4.85,100,0,10000,1023,9.68,71,14,4.85,100,0,10000,1023,9.68,71,14,4.85,100,0,10000,1023,9.68,71,14,4.85,100,0,10000,1023,9.68,71,14,4.85,100,0,10000,1023,9.68,71,14,4.85,100,0,10000,1023,9.68,71,14,4.85,100,0,10000
1025,7.84,70,340,3.09,100,0.17,10000,17,0,23,12,1022,8.95,76,319,2.14,93,0,10000,1022,8.95,76,319,2.14,93,0,10000,1022,8.95,76,319,2.14,93,0,10000,1022,8.95,76,319,2.14,93,0,10000,1022,8.95,76,319,2.14,93,0,10000,1022,8.95,76,319,2.14,93,0,10000,1022,8.95,76,319,2.14,93,0,10000,1022,8.95,76,319,2.14,93,0,10000,1022,8.95,76,319,2.14,93,0,10000,1022,8.95,76,319,2.14,93,0,10000,1022,8.95,76,319,2.14,93,0,10000,1022,8.95,76,319,2.14,93,0,10000
1025,7.84,70,340,3.09,100,0.17,10000,20,0,23,12,1025,7.79,76,18,4.21,100,0,10000,1025,7.79,76,18,4.21,100,0,10000,1025,7.79,76,18,4.21,100,0,10000,1025,7.79,76,18,4.21,100,0,10000,1025,7.79,76,18,4.21,100,0,10000,1025,7.79,76,18,4.21,100,0,10000,1025,7.79,76,18,4.21,100,0,10000,1025,7.79,76,18,4.21,100,0,10000,1025,7.79,76,18,4.21,100,0,10000,1025,7.79,76,18,4.21,100,0,10000,1025,7.79,76,18,4.21,100,0,10000,1025,7.79,76,18,4.21,100,0,10000
1025,7.84,70,340,3.09,100,0.17,10000,23,0,23,12,1025,7.43,80,20,3.42,100,0,10000,1025,7.43,80,20,3.42,100,0,10000,1025,7.43,80,20,3.42,100,0,10000,1025,7.43,80,20,3.42,100,0,10000,1025,7.43,80,20,3.42,100,0,10000,1025,7.43,80,20,3.42,100,0,10000,1025,7.43,80,20,3.42,100,0,10000,1025,7.43,80,20,3.42,100,0,10000,1025,7.43,80,20,3.42,100,0,10000,1025,7.43,80,20,3.42,100,0,10000,1025,7.43,80,20,3.42,100,0,10000,1025,7.43,80,20,3.42,100,0,10000
1025,7.84,70,340,3.09,100,0.17,10000,2,0,24,12,1024,7.38,85,33,2.65,100,0,10000,1024,7.38,85,33,2.65,100,0,10000,1024,7.38,85,33,2.65,100,0,10000,1024,7.38,85,33,2.65,100,0,10000,1024,7.38,85,33,2.65,100,0,10000,1024,7.38,85,33,2.65,100,0,10000,1024,7.38,85,33,2.65,100,0,10000,1024,7.38,85,33,2.65,100,0,10000,1024,7.38,85,33,2.65,100,0,10000,1024,7.38,85,33,2.65,100,0,10000,1024,7.38,85,33,2.65,100,0,10000,1024,7.38,85,33,2.65,100,0,10000
1025,7.84,70,340,3.09,100,0.17,10000,5,0,24,12,1024,7.08,86,71,2.21,100,0,10000,1024,7.08,86,71,2.21,100,0,10000,1024,7.08,86,71,2.21,100,0,10000,1024,7.08,86,71,2.21,100,0,10000,1024,7.08,86,71,2.21,100,0,10000,1024,7.08,86,71,2.21,100,0,10000,1024,7.08,86,71,2.21,100,0,10000,1024,7.08,86,71,2.21,100,0,10000,1024,7.08,86,71,2.21,100,0,10000,1024,7.08,86,71,2.21,100,0,10000,1024,7.08,86,71,2.21,100,0,10000,1024,7.08,86,71,2.21,100,0,10000
1025,7.84,70,340,3.09,100,0.17,10000,8,0,24,12,1024,7.48,87,6,3.32,98,0,10000,1024,7.48,87,6,3.32,98,0,10000,1024,7.48,87,6,3.32,98,0,10000,1024,7.48,87,6,3.32,98,0,10000,1024,7.48,87,6,3.32,98,0,10000,1024,7.48,87,6,3.32,98,0,10000,1024,7.48,87,6,3.32,98,0,10000,1024,7.48,87,6,3.32,98,0,10000,1024,7.48,87,6,3.32,98,0,10000,1024,7.48,87,6,3.32,98,0,10000,1024,7.48,87,6,3.32,98,0,10000,1024,7.48,87,6,3.32,98,0,10000
1025,7.84,70,340,3.09,100,0.17,10000,11,0,24,12,1024,8.9,77,354,4.82,100,0,10000,1024,8.9,77,354,4.82,100,0,10000,1024,8.9,77,354,4.82,100,0,10000,1024,8.9,77,354,4.82,100,0,10000,1024,8.9,77,354,4.82,100,0,10000,1024,8.9,77,354,4.82,100,0,10000,1024,8.9,77,354,4.82,100,0,10000,1024,8.9,77,354,4.82,100,0,10000,1024,8.9,77,354,4.82,100,0,10000,1024,8.9,77,354,4.82,100,0,10000,1024,8.9,77,354,4.82,100,0,10000,1024,8.9,77,354,4.82,100,0,10000
1025,7.84,70,340,3.09,100,0.17,10000,14,0,24,12,1023,9.68,71,14,4.85,100,0,10000,1023,9.68,71,14,4.85,100,0,10000,1023,9.68,71,14,4.85,100,0,10000,1023,9.68,71,14,4.85,100,0,10000,1023,9.68,71,14,4.85,100,0,10000,1023,9.68,71,14,4.85,100,0,10000,1023,9.68,71,14,4.85,100,0,10000,1023,9.68,71,14,4.85,100,0,10000,1023,9.68,71,14,4.85,100,0,10000,1023,9.68,71,14,4.85,100,0,10000,1023,9.68,71,14,4.85,100,0,10000,1023,9.68,71,14,4.85,100,0,10000
1025,7.84,70,340,3.09,100,0.17,10000,17,0,24,12,1022,8.95,76,319,2.14,93,0,10000,1022,8.95,76,319,2.14,93,0,10000,1022,8.95,76,319,2.14,93,0,10000,1022,8.95,76,319,2.14,93,0,10000,1022,8.95,76,319,2.14,93,0,10000,1022,8.95,76,319,2.14,93,0,10000,1022,8.95,76,319,2.14,93,0,10000,1022,8.95,76,319,2.14,93,0,10000,1022,8.95,76,319,2.14,93,0,10000,1022,8.95,76,319,2.14,93,0,10000,1022,8.95,76,319,2.14,93,0,10000,1022,8.95,76,319,2.14,93,0,10000
1025,7.84,70,340,3.09,100,0.17,10000,20,0,24,12,1025,7.79,76,18,4.21,100,0,10000,1025,7.79,76,18,4.21,100,0,10000,1025,7.79,76,18,4.21,100,0,10000,1025,7.79,76,18,4.21,100,0,10000,1025,7.79,76,18,4.21,100,0,10000,1025,7.79,76,18,4.21,100,0,10000,1025,7.79,76,18,4.21,100,0,10000,1025,7.79,76,18,4.21,100,0,10000,1025,7.79,76,18,4.21,100,0,10000,1025,7.79,76,18,4.21,100,0,10000,1025,7.79,76,18,4.21,100,0,10000,1025,7.79,76,18,4.21,100,0,10000
1025,7.84,70,340,3.09,100,0.17,10000,23,0,24,12,1025,7.43,80,20,3.42,100,0,10000,1025,7.43,80,20,3.42,100,0,10000,1025,7.43,80,20,3.42,100,0,10000,1025,7.43,80,20,3.42,100,0,10000,1025,7.43,80,20,3.42,100,0,10000,1025,7.43,80,20,3.42,100,0,10000,1025,7.43,80,20,3.42,100,0,10000,1025,7.43,80,20,3.42,100,0,10000,1025,7.43,80,20,3.42,100,0,10000,1025,7.43,80,20,3.42,100,0,10000,1025,7.43,80,20,3.42,100,0,10000,1025,7.43,80,20,3.42,100,0,10000
1025,7.84,70,340,3.09,100,0.17,10000,2,0,25,12,1024,7.38,85,33,2.65,100,0,10000,1024,7.38,85,33,2.65,100,0,10000,1024,7.38,85,33,2.65,100,0,10000,1024,7.38,85,33,2.65,100,0,10000,1024,7.38,85,33,2.65,100,0,10000,1024,7.38,85,33,2.65,100,0,10000,1024,7.38,85,33,2.65,100,0,10000,1024,7.38,85,33,2.65,100,0,10000,1024,7.38,85,33,2.65,100,0,10000,1024,7.38,85,33,2.65,100,0,10000,1024,7.38,85,33,2.65,100,0,10000,1024,7.38,85,33,2.65,100,0,10000
1025,7.84,70,340,3.09,100,0.17,10000,5,0,25,12,1024,7.08,86,71,2.21,100,0,10000,1024,7.08,86,71,2.21,100,0,10000,1024,7.08,86,71,2.21,100,0,10000,1024,7.08,86,71,2.21,100,0,10000,1024,7.08,86,71,2.21,100,0,10000,1024,7.08,86,71,2.21,100,0,10000,1024,7.08,86,71,2.21,100,0,10000,1024,7.08,86,71,2.21,100,0,10000,1024,7.08,86,71,2.21,100,0,10000,1024,7.08,86,71,2.21,100,0,10000,1024,7.08,86,71,2.21,100,0,10000,1024,7.08,86,71,2.21,100,0,10000
1025,7.84,70,340,3.09,100,0.17,10000,8,0,25,12,1024,7.48,87,6,3.32,98,0,10000,1024,7.48,87,6,3.32,98,0,10000,1024,7.48,87,6,3.32,98,0,10000,1024,7.48,87,6,3.32,98,0,10000,1024,7.48,87,6,3.32,98,0,10000,1024,7.48,87,6,3.32,98,0,10000,1024,7.48,87,6,3.32,98,0,10000,1024,7.48,87,6,3.32,98,0,10000,1024,7.48,87,6,3.32,98,0,10000,1024,7.48,87,6,3.32,98,0,10000,1024,7.48,87,6,3.32,98,0,10000,1024,7.48,87,6,3.32,98,0,10000
1025,7.84,70,340,3.09,100,0.17,10000,11,0,25,12,1024,8.9,77,354,4.82,100,0,10000,1024,8.9,77,354,4.82,100,0,10000,1024,8.9,77,354,4.82,100,0,10000,1024,8.9,77,354,4.82,100,0,10000,1024,8.9,77,354,4.82,100,0,10000,1024,8.9,77,354,4.82,100,0,10000,1024,8.9,77,354,4.82,100,0,10000,1024,8.9,77,354,4.82,100,0,10000,1024,8.9,77,354,4.82,100,0,10000,1024,8.9,77,354,4.82,100,0,10000,1024,8.9,77,354,4.82,100,0,10000,1024,8.9,77,354,4.82,100,0,10000
1025,7.84,70,340,3.09,100,0.17,10000,14,0,25,12,1023,9.68,71,14,4.85,100,0,10000,1023,9.68,71,14,4.85,100,0,10000,1023,9.68,71,14,4.85,100,0,10000,1023,9.68,71,14,4.85,100,0,10000,1023,9.68,71,14,4.85,100,0,10000,1023,9.68,71,14,4.85,100,0,10000,1023,9.68,71,14,4.85,100,0,10000,1023,9.68,71,14,4.85,100,0,10000,1023,9.68,71,14,4.85,100,0,10000,1023,9.68,71,14,4.85,100,0,10000,1023,9.68,71,14,4.85,100,0,10000,1023,9.68,71,14,4.85,100,0,10000
1025,7.84,70,340,3.09,100,0.17,10000,17,0,25,12,1022,8.95,76,319,2.14,93,0,10000,1022,8.95,76,319,2.14,93,0,10000,1022,8.95,76,319,2.14,93,0,10000,1022,8.95,76,319,2.14,93,0,10000,1022,8.95,76,319,2.14,93,0,10000,1022,8.95,76,319,2.14,93,0,10000,1022,8.95,76,319,2.14,93,0,10000,1022,8.95,76,319,2.14,93,0,10000,1022,8.95,76,319,2.14,93,0,10000,1022,8.95,76,319,2.14,93,0,10000,1022,8.95,76,319,2.14,93,0,10000,1022,8.95,76,319,2.14,93,0,10000
1025,7.84,70,340,3.09,100,0.17,10000,20,0,25,12,1025,7.79,76,18,4.21,100,0,10000,1025,7.79,76,18,4.21,100,0,10000,1025,7.79,76,18,4.21,100,0,10000,1025,7.79,76,18,4.21,100,0,10000,1025,7.79,76,18,4.21,100,0,10000,1025,7.79,76,18,4.21,100,0,10000,1025,7.79,76,18,4.21,100,0,10000,1025,7.79,76,18,4.21,100,0,10000,1025,7.79,76,18,4.21,100,0,10000,1025,7.79,76,18,4.21,100,0,10000,1025,7.79,76,18,4.21,100,0,10000,1025,7.79,76,18,4.21,100,0,10000
1025,7.84,70,340,3.09,100,0.17,10000,23,0,25,12,1025,7.43,80,20,3.42,100,0,10000,1025,7.43,80,20,3.42,100,0,10000,1025,7.43,80,20,3.42,100,0,10000,1025,7.43,80,20,3.42,100,0,10000,1025,7.43,80,20,3.42,100,0,10000,1025,7.43,80,20,3.42,100,0,10000,1025,7.43,80,20,3.42,100,0,10000,1025,7.43,80,20,3.42,100,0,10000,1025,7.43,80,20,3.42,100,0,10000,1025,7.43,80,20,3.42,100,0,10000,1025,7.43,80,20,3.42,100,0,10000,1025,7.43,80,20,3.42,100,0,10000
1025,7.84,70,340,3.09,100,0.17,10000,2,0,26,12,1024,7.38,85,33,2.65,100,0,10000,1024,7.38,85,33,2.65,100,0,10000,1024,7.38,85,33,2.65,100,0,10000,1024,7.38,85,33,2.65,100,0,10000,1024,7.38,85,33,2.65,100,0,10000,1024,7.38,85,33,2.65,100,0,10000,1024,7.38,85,33,2.65,100,0,10000,1024,7.38,85,33,2.65,100,0,10000,1024,7.38,85,33,2.65,100,0,10000,1024,7.38,85,33,2.65,100,0,10000,1024,7.38,85,33,2.65,100,0,10000,1024,7.38,85,33,2.65,100,0,10000
1025,7.84,70,340,3.09,100,0.17,10000,5,0,26,12,1024,7.08,86,71,2.21,100,0,10000,1024,7.08,86,71,2.21,100,0,10000,1024,7.08,86,71,2.21,100,0,10000,1024,7.08,86,71,2.21,100,0,10000,1024,7.08,86,71,2.21,100,0,10000,1024,7.08,86,71,2.21,100,0,10000,1024,7.08,86,71,2.21,100,0,10000,1024,7.08,86,71,2.21,100,0,10000,1024,7.08,86,71,2.21,100,0,10000,1024,7.08,86,71,2.21,100,0,10000,1024,7.08,86,71,2.21,100,0,10000,1024,7.08,86,71,2.21,100,0,10000
1025,7.84,70,340,3.09,100,0.17,10000,8,0,26,12,1024,7.48,87,6,3.32,98,0,10000,1024,7.48,87,6,3.32,98,0,10000,1024,7.48,87,6,3.32,98,0,10000,1024,7.48,87,6,3.32,98,0,10000,1024,7.48,87,6,3.32,98,0,10000,1024,7.48,87,6,3.32,98,0,10000,1024,7.48,87,6,3.32,98,0,10000,1024,7.48,87,6,3.32,98,0,10000,1024,7.48,87,6,3.32,98,0,10000,1024,7.48,87,6,3.32,98,0,10000,1024,7.48,87,6,3.32,98,0,10000,1024,7.48,87,6,3.32,98,0,10000
1025,7.84,70,340,3.09,100,0.17,10000,11,0,26,12,1024,8.9,77,354,4.82,100,0,10000,1024,8.9,77,354,4.82,100,0,10000,1024,8.9,77,354,4.82,100,0,10000,1024,8.9,77,354,4.82,100,0,10000,1024,8.9,77,354,4.82,100,0,10000,1024,8.9,77,354,4.82,100,0,10000,1024,8.9,77,354,4.82,100,0,10000,1024,8.9,77,354,4.82,100,0,10000,1024,8.9,77,354,4.82,100,0,10000,1024,8.9,77,354,4.82,100,0,10000,1024,8.9,77,354,4.82,100,0,10000,1024,8.9,77,354,4.82,100,0,10000
1025,7.84,70,340,3.09,100,0.17,10000,14,0,26,12,1023,9.68,71,14,4.85,100,0,10000,1023,9.68,71,14,4.85,100,0,10000,1023,9.68,71,14,4.85,100,0,10000,1023,9.68,71,14,4.85,100,0,10000,1023,9.68,71,14,4.85,100,0,10000,1023,9.68,71,14,4.85,100,0,10000,1023,9.68,71,14,4.85,100,0,10000,1023,9.68,71,14,4.85,100,0,10000,1023,9.68,71,14,4.85,100,0,10000,1023,9.68,71,14,4.85,100,0,10000,1023,9.68,71,14,4.85,100,0,10000,1023,9.68,71,14,4.85,100,0,10000
1025,7.84,70,340,3.09,100,0.17,10000,17,0,26,12,1022,8.95,76,319,2.14,93,0,10000,1022,8.95,76,319,2.14,93,0,10000,1022,8.95,76,319,2.14,93,0,10000,1022,8.95,76,319,2.14,93,0,10000,1022,8.95,76,319,2.14,93,0,10000,1022,8.95,76,319,2.14,93,0,10000,1022,8.95,76,319,2.14,93,0,10000,1022,8.95,76,319,2.14,93,0,10000,1022,8.95,76,319,2.14,93,0,10000,1022,8.95,76,319,2.14,93,0,10000,1022,8.95,76,319,2.14,93,0,10000,1022,8.95,76,319,2.14,93,0,10000
1025,7.84,70,340,3.09,100,0.17,10000,20,0,26,12,1025,7.79,76,18,4.21,100,0,10000,1025,7.79,76,18,4.21,100,0,10000,1025,7.79,76,18,4.21,100,0,10000,1025,7.79,76,18,4.21,100,0,10000,1025,7.79,76,18,4.21,100,0,10000,1025,7.79,76,18,4.21,100,0,10000,1025,7.79,76,18,4.21,100,0,10000,1025,7.79,76,18,4.21,100,0,10000,1025,7.79,76,18,4.21,100,0,10000,1025,7.79,76,18,4.21,100,0,10000,1025,7.79,76,18,4.21,100,0,10000,1025,7.79,76,18,4.21,100,0,10000
1025,7.84,70,340,3.09,100,0.17,10000,23,0,26,12,1025,7.43,80,20,3.42,100,0,10000,1025,7.43,80,20,3.42,100,0,10000,1025,7.43,80,20,3.42,100,0,10000,1025,7.43,80,20,3.42,100,0,10000,1025,7.43,80,20,3.42,100,0,10000,1025,7.43,80,20,3.42,100,0,10000,1025,7.43,80,20,3.42,100,0,10000,1025,7.43,80,20,3.42,100,0,10000,1025,7.43,80,20,3.42,100,0,10000,1025,7.43,80,20,3.42,100,0,10000,1025,7.43,80,20,3.42,100,0,10000,1025,7.43,80,20,3.42,100,0,10000
1025,7.84,70,340,3.09,100,0.17,10000,2,0,27,12,1024,7.38,85,33,2.65,100,0,10000,1024,7.38,85,33,2.65,100,0,10000,1024,7.38,85,33,2.65,100,0,10000,1024,7.38,85,33,2.65,100,0,10000,1024,7.38,85,33,2.65,100,0,10000,1024,7.38,85,33,2.65,100,0,10000,1024,7.38,85,33,2.65,100,0,10000,1024,7.38,85,33,2.65,100,0,10000,1024,7.38,85,33,2.65,100,0,10000,1024,7.38,85,33,2.65,100,0,10000,1024,7.38,85,33,2.65,100,0,10000,1024,7.38,85,33,2.65,100,0,10000
1025,7.84,70,340,3.09,100,0.17,10000,5,0,27,12,1024,7.08,86,71,2.21,100,0,10000,1024,7.08,86,71,2.21,100,0,10000,1024,7.08,86,71,2.21,100,0,10000,1024,7.08,86,71,2.21,100,0,10000,1024,7.08,86,71,2.21,100,0,10000,1024,7.08,86,71,2.21,100,0,10000,1024,7.08,86,71,2.21,100,0,10000,1024,7.08,86,71,2.21,100,0,10000,1024,7.08,86,71,2.21,100,0,10000,1024,7.08,86,71,2.21,100,0,10000,1024,7.08,86,71,2.21,100,0,10000,1024,7.08,86,71,2.21,100,0,10000
1025,7.84,70,340,3.09,100,0.17,10000,8,0,27,12,1024,7.48,87,6,3.32,98,0,10000,1024,7.48,87,6,3.32,98,0,10000,1024,7.48,87,6,3.32,98,0,10000,1024,7.48,87,6,3.32,98,0,10000,1024,7.48,87,6,3.32,98,0,10000,1024,7.48,87,6,3.32,98,0,10000,1024,7.48,87,6,3.32,98,0,10000,1024,7.48,87,6,3.32,98,0,10000,1024,7.48,87,6,3.32,98,0,10000,1024,7.48,87,6,3.32,98,0,10000,1024,7.48,87,6,3.32,98,0,10000,1024,7.48,87,6,3.32,98,0,10000
1025,7.84,70,340,3.09,100,0.17,10000,11,0,27,12,1024,8.9,77,354,4.82,100,0,10000,1024,8.9,77,354,4.82,100,0,10000,1024,8.9,77,354,4.82,100,0,10000,1024,8.9,77,354,4.82,100,0,10000,1024,8.9,77,354,4.82,100,0,10000,1024,8.9,77,354,4.82,100,0,10000,1024,8.9,77,354,4.82,100,0,10000,1024,8.9,77,354,4.82,100,0,10000,1024,8.9,77,354,4.82,100,0,10000,1024,8.9,77,354,4.82,100,0,10000,1024,8.9,77,354,4.82,100,0,10000,1024,8.9,77,354,4.82,100,0,10000
1025,7.84,70,340,3.09,100,0.17,10000,14,0,27,12,1023,9.68,71,14,4.85,100,0,10000,1023,9.68,71,14,4.85,100,0,10000,1023,9.68,71,14,4.85,100,0,10000,1023,9.68,71,14,4.85,100,0,10000,1023,9.68,71,14,4.85,100,0,10000,1023,9.68,71,14,4.85,100,0,10000,1023,9.68,71,14,4.85,100,0,10000,1023,9.68,71,14,4.85,100,0,10000,1023,9.68,71,14,4.85,100,0,10000,1023,9.68,71,14,4.85,100,0,10000,1023,9.68,71,14,4.85,100,0,10000,1023,9.68,71,14,4.85,100,0,10000
1025,7.84,70,340,3.09,100,0.17,10000,17,0,27,12,1022,8.95,76,319,2.14,93,0,10000,1022,8.95,76,319,2.14,93,0,10000,1022,8.95,76,319,2.14,93,0,10000,1022,8.95,76,319,2.14,93,0,10000,1022,8.95,76,319,2.14,93,0,10000,1022,8.95,76,319,2.14,93,0,10000,1022,8.95,76,319,2.14,93,0,10000,1022,8.95,76,319,2.14,93,0,10000,1022,8.95,76,319,2.14,93,0,10000,1022,8.95,76,319,2.14,93,0,10000,1022,8.95,76,319,2.14,93,0,10000,1022,8.95,76,319,2.14,93,0,10000
1025,7.84,70,340,3.09,100,0.17,10000,20,0,27,12,1025,7.79,76,18,4.21,100,0,10000,1025,7.79,76,18,4.21,100,0,10000,1025,7.79,76,18,4.21,100,0,10000,1025,7.79,76,18,4.21,100,0,10000,1025,7.79,76,18,4.21,100,0,10000,1025,7.79,76,18,4.21,100,0,10000,1025,7.79,76,18,4.21,100,0,10000,1025,7.79,76,18,4.21,100,0,10000,1025,7.79,76,18,4.21,100,0,10000,1025,7.79,76,18,4.21,100,0,10000,1025,7.79,76,18,4.21,100,0,10000,1025,7.79,76,18,4.21,100,0,10000
1025,7.84,70,340,3.09,100,0.17,10000,23,0,27,12,1025,7.43,80,20,3.42,100,0,10000,1025,7.43,80,20,3.42,100,0,10000,1025,7.43,80,20,3.42,100,0,10000,1025,7.43,80,20,3.42,100,0,10000,1025,7.43,80,20,3.42,100,0,10000,1025,7.43,80,20,3.42,100,0,10000,1025,7.43,80,20,3.42,100,0,10000,1025,7.43,80,20,3.42,100,0,10000,1025,7.43,80,20,3.42,100,0,10000,1025,7.43,80,20,3.42,100,0,10000,1025,7.43,80,20,3.42,100,0,10000,1025,7.43,80,20,3.42,100,0,10000
1025,7.84,70,340,3.09,100,0.17,10000,2,0,28,12,1024,7.38,85,33,2.65,100,0,10000,1024,7.38,85,33,2.65,100,0,10000,1024,7.38,85,33,2.65,100,0,10000,1024,7.38,85,33,2.65,100,0,10000,1024,7.38,85,33,2.65,100,0,10000,1024,7.38,85,33,2.65,100,0,10000,1024,7.38,85,33,2.65,100,0,10000,1024,7.38,85,33,2.65,100,0,10000,1024,7.38,85,33,2.65,100,0,10000,1024,7.38,85,33,2.65,100,0,10000,1024,7.38,85,33,2.65,100,0,10000,1024,7.38,85,33,2.65,100,0,10000
1025,7.84,70,340,3.09,100,0.17,10000,5,0,28,12,1024,7.08,86,71,2.21,100,0,10000,1024,7.08,86,71,2.21,100,0,10000,1024,7.08,86,71,2.21,100,0,10000,1024,7.08,86,71,2.21,100,0,10000,1024,7.08,86,71,2.21,100,0,10000,1024,7.08,86,71,2.21,100,0,10000,1024,7.08,86,71,2.21,100,0,10000,1024,7.08,86,71,2.21,100,0,10000,1024,7.08,86,71,2.21,100,0,10000,1024,7.08,86,71,2.21,100,0,10000,1024,7.08,86,71,2.21,100,0,10000,1024,7.08,86,71,2.21,100,0,10000
1025,7.84,70,340,3.09,100,0.17,10000,8,0,28,12,1024,7.48,87,6,3.32,98,0,10000,1024,7.48,87,6,3.32,98,0,10000,1024,7.48,87,6,3.32,98,0,10000,1024,7.48,87,6,3.32,98,0,10000,1024,7.48,87,6,3.32,98,0,10000,1024,7.48,87,6,3.32,98,0,10000,1024,7.48,87,6,3.32,98,0,10000,1024,7.48,87,6,3.32,98,0,10000,1024,7.48,87,6,3.32,98,0,10000,1024,7.48,87,6,3.32,98,0,10000,1024,7.48,87,6,3.32,98,0,10000,1024,7.48,87,6,3.32,98,0,10000
1025,7.84,70,340,3.09,100,0.17,10000,11,0,28,12,1024,8.9,77,354,4.82,100,0,10000,1024,8.9,77,354,4.82,100,0,10000,1024,8.9,77,354,4.82,100,0,10000,1024,8.9,77,354,4.82,100,0,10000,1024,8.9,77,354,4.82,100,0,10000,1024,8.9,77,354,4.82,100,0,10000,1024,8.9,77,354,4.82,100,0,10000,1024,8.9,77,354,4.82,100,0,10000,1024,8.9,77,354,4.82,100,0,10000,1024,8.9,77,354,4.82,100,0,10000,1024,8.9,77,354,4.82,100,0,10000,1024,8.9,77,354,4.82,100,0,10000
1025,7.84,70,340,3.09,100,0.17,10000,14,0,28,12,1023,9.68,71,14,4.85,100,0,10000,1023,9.68,71,14,4.85,100,0,10000,1023,9.68,71,14,4.85,100,0,10000,1023,9.68,71,14,4.85,100,0,10000,1023,9.68,71,14,4.85,100,0,10000,1023,9.68,71,14,4.85,100,0,10000,1023,9.68,71,14,4.85,100,0,10000,1023,9.68,71,14,4.85,100,0,10000,1023,9.68,71,14,4.85,100,0,10000,1023,9.68,71,14,4.85,100,0,10000,1023,9.68,71,14,4.85,100,0,10000,1023,9.68,71,14,4.85,100,0,10000
1025,7.84,70,340,3.09,100,0.17,10000,17,0,28,12,1022,8.95,76,319,2.14,93,0,10000,1022,8.95,76,319,2.14,93,0,10000,1022,8.95,76,319,2.14,93,0,10000,1022,8.95,76,319,2.14,93,0,10000,1022,8.95,76,319,2.14,93,0,10000,1022,8.95,76,319,2.14,93,0,10000,1022,8.95,76,319,2.14,93,0,10000,1022,8.95,76,319,2.14,93,0,10000,1022,8.95,76,319,2.14,93,0,10000,1022,8.95,76,319,2.14,93,0,10000,1022,8.95,76,319,2.14,93,0,10000,1022,8.95,76,319,2.14,93,0,10000
1025,7.84,70,340,3.09,100,0.17,10000,20,0,28,12,1025,7.79,76,18,4.21,100,0,10000,1025,7.79,76,18,4.21,100,0,10000,1025,7.79,76,18,4.21,100,0,10000,1025,7.79,76,18,4.21,100,0,10000,1025,7.79,76,18,4.21,100,0,10000,1025,7.79,76,18,4.21,100,0,10000,1025,7.79,76,18,4.21,100,0,10000,1025,7.79,76,18,4.21,100,0,10000,1025,7.79,76,18,4.21,100,0,10000,1025,7.79,76,18,4.21,100,0,10000,1025,7.79,76,18,4.21,100,0,10000,1025,7.79,76,18,4.21,100,0,10000
1025,7.84,70,340,3.09,100,0.17,10000,23,0,28,12,1025,7.43,80,20,3.42,100,0,10000,1025,7.43,80,20,3.42,100,0,10000,1025,7.43,80,20,3.42,100,0,10000,1025,7.43,80,20,3.42,100,0,10000,1025,7.43,80,20,3.42,100,0,10000,1025,7.43,80,20,3.42,100,0,10000,1025,7.43,80,20,3.42,100,0,10000,1025,7.43,80,20,3.42,100,0,10000,1025,7.43,80,20,3.42,100,0,10000,1025,7.43,80,20,3.42,100,0,10000,1025,7.43,80,20,3.42,100,0,10000,1025,7.43,80,20,3.42,100,0,10000
1025,7.84,70,340,3.09,100,0.17,10000,2,0,29,12,1024,7.38,85,33,2.65,100,0,10000,1024,7.38,85,33,2.65,100,0,10000,1024,7.38,85,33,2.65,100,0,10000,1024,7.38,85,33,2.65,100,0,10000,1024,7.38,85,33,2.65,100,0,10000,1024,7.38,85,33,2.65,100,0,10000,1024,7.38,85,33,2.65,100,0,10000,1024,7.38,85,33,2.65,100,0,10000,1024,7.38,85,33,2.65,100,0,10000,1024,7.38,85,33,2.65,100,0,10000,1024,7.38,85,33,2.65,100,0,10000,1024,7.38,85,33,2.65,100,0,10000
1025,7.84,70,340,3.09,100,0.17,10000,5,0,29,12,1024,7.08,86,71,2.21,100,0,10000,1024,7.08,86,71,2.21,100,0,10000,1024,7.08,86,71,2.21,100,0,10000,1024,7.08,86,71,2.21,100,0,10000,1024,7.08,86,71,2.21,100,0,10000,1024,7.08,86,71,2.21,100,0,10000,1024,7.08,86,71,2.21,100,0,10000,1024,7.08,86,71,2.21,100,0,10000,1024,7.08,86,71,2.21,100,0,10000,1024,7.08,86,71,2.21,100,0,10000,1024,7.08,86,71,2.21,100,0,10000,1024,7.08,86,71,2.21,100,0,10000
1025,7.84,70,340,3.09,100,0.17,10000,8,0,29,12,1024,7.48,87,6,3.32,98,0,10000,1024,7.48,87,6,3.32,98,0,10000,1024,7.48,87,6,3.32,98,0,10000,1024,7.48,87,6,3.32,98,0,10000,1024,7.48,87,6,3.32,98,0,10000,1024,7.48,87,6,3.32,98,0,10000,1024,7.48,87,6,3.32,98,0,10000,1024,7.48,87,6,3.32,98,0,10000,1024,7.48,87,6,3.32,98,0,10000,1024,7.48,87,6,3.32,98,0,10000,1024,7.48,87,6,3.32,98,0,10000,1024,7.48,87,6,3.32,98,0,10000
1025,7.84,70,340,3.09,100,0.17,10000,11,0,29,12,1024,8.9,77,354,4.82,100,0,10000,1024,8.9,77,354,4.82,100,0,10000,1024,8.9,77,354,4.82,100,0,10000,1024,8.9,77,354,4.82,100,0,10000,1024,8.9,77,354,4.82,100,0,10000,1024,8.9,77,354,4.82,100,0,10000,1024,8.9,77,354,4.82,100,0,10000,1024,8.9,77,354,4.82,100,0,10000,1024,8.9,77,354,4.82,100,0,10000,1024,8.9,77,354,4.82,100,0,10000,1024,8.9,77,354,4.82,100,0,10000,1024,8.9,77,354,4.82,100,0,10000
1025,7.84,70,340,3.09,100,0.17,10000,14,0,29,12,1023,9.68,71,14,4.85,100,0,10000,1023,9.68,71,14,4.85,100,0,10000,1023,9.68,71,14,4.85,100,0,10000,1023,9.68,71,14,4.85,100,0,10000,1023,9.68,71,14,4.85,100,0,10000,1023,9.68,71,14,4.85,100,0,10000,1023,9.68,71,14,4.85,100,0,10000,1023,9.68,71,14,4.85,100,0,10000,1023,9.68,71,14,4.85,100,0,10000,1023,9.68,71,14,4.85,100,0,10000,1023,9.68,71,14,4.85,100,0,10000,1023,9.68,71,14,4.85,100,0,10000
1025,7.84,70,340,3.09,100,0.17,10000,17,0,29,12,1022,8.95,76,319,2.14,93,0,10000,1022,8.95,76,319,2.14,93,0,10000,1022,8.95,76,319,2.14,93,0,10000,1022,8.95,76,319,2.14,93,0,10000,1022,8.95,76,319,2.14,93,0,10000,1022,8.95,76,319,2.14,93,0,10000,1022,8.95,76,319,2.14,93,0,10000,1022,8.95,76,319,2.14,93,0,10000,1022,8.95,76,319,2.14,93,0,10000,1022,8.95,76,319,2.14,93,0,10000,1022,8.95,76,319,2.14,93,0,10000,1022,8.95,76,319,2.14,93,0,10000
1025,7.84,70,340,3.09,100,0.17,10000,20,0,29,12,1025,7.79,76,18,4.21,100,0,10000,1025,7.79,76,18,4.21,100,0,10000,1025,7.79,76,18,4.21,100,0,10000,1025,7.79,76,18,4.21,100,0,10000,1025,7.79,76,18,4.21,100,0,10000,1025,7.79,76,18,4.21,100,0,10000,1025,7.79,76,18,4.21,100,0,10000,1025,7.79,76,18,4.21,100,0,10000,1025,7.79,76,18,4.21,100,0,10000,1025,7.79,76,18,4.21,100,0,10000,1025,7.79,76,18,4.21,100,0,10000,1025,7.79,76,18,4.21,100,0,10000
1025,7.84,70,340,3.09,100,0.17,10000,23,0,29,12,1025,7.43,80,20,3.42,100,0,10000,1025,7.43,80,20,3.42,100,0,10000,1025,7.43,80,20,3.42,100,0,10000,1025,7.43,80,20,3.42,100,0,10000,1025,7.43,80,20,3.42,100,0,10000,1025,7.43,80,20,3.42,100,0,10000,1025,7.43,80,20,3.42,100,0,10000,1025,7.43,80,20,3.42,100,0,10000,1025,7.43,80,20,3.42,100,0,10000,1025,7.43,80,20,3.42,100,0,10000,1025,7.43,80,20,3.42,100,0,10000,1025,7.43,80,20,3.42,100,0,10000
1025,7.84,70,340,3.09,100,0.17,10000,2,0,30,12,1024,7.38,85,33,2.65,100,0,10000,1024,7.38,85,33,2.65,100,0,10000,1024,7.38,85,33,2.65,100,0,10000,1024,7.38,85,33,2.65,100,0,10000,1024,7.38,85,33,2.65,100,0,10000,1024,7.38,85,33,2.65,100,0,10000,1024,7.38,85,33,2.65,100,0,10000,1024,7.38,85,33,2.65,100,0,10000,1024,7.38,85,33,2.65,100,0,10000,1024,7.38,85,33,2.65,100,0,10000,1024,7.38,85,33,2.65,100,0,10000,1024,7.38,85,33,2.65,100,0,10000
1025,7.84,70,340,3.09,100,0.17,10000,5,0,30,12,1024,7.08,86,71,2.21,100,0,10000,1024,7.08,86,71,2.21,100,0,10000,1024,7.08,86,71,2.21,100,0,10000,1024,7.08,86,71,2.21,100,0,10000,1024,7.08,86,71,2.21,100,0,10000,1024,7.08,86,71,2.21,100,0,10000,1024,7.08,86,71,2.21,100,0,10000,1024,7.08,86,71,2.21,100,0,10000,1024,7.08,86,71,2.21,100,0,10000,1024,7.08,86,71,2.21,100,0,10000,1024,7.08,86,71,2.21,100,0,10000,1024,7.08,86,71,2.21,100,0,10000
1025,7.84,70,340,3.09,100,0.17,10000,8,0,30,12,1024,7.48,87,6,3.32,98,0,10000,1024,7.48,87,6,3.32,98,0,10000,1024,7.48,87,6,3.32,98,0,10000,1024,7.48,87,6,3.32,98,0,10000,1024,7.48,87,6,3.32,98,0,10000,1024,7.48,87,6,3.32,98,0,10000,1024,7.48,87,6,3.32,98,0,10000,1024,7.48,87,6,3.32,98,0,10000,1024,7.48,87,6,3.32,98,0,10000,1024,7.48,87,6,3.32,98,0,10000,1024,7.48,87,6,3.32,98,0,10000,1024,7.48,87,6,3.32,98,0,10000
1025,7.84,70,340,3.09,100,0.17,10000,11,0,30,12,1024,8.9,77,354,4.82,100,0,10000,1024,8.9,77,354,4.82,100,0,10000,1024,8.9,77,354,4.82,100,0,10000,1024,8.9,77,354,4.82,100,0,10000,1024,8.9,77,354,4.82,100,0,10000,1024,8.9,77,354,4.82,100,0,10000,1024,8.9,77,354,4.82,100,0,10000,1024,8.9,77,354,4.82,100,0,10000,1024,8.9,77,354,4.82,100,0,10000,1024,8.9,77,354,4.82,100,0,10000,1024,8.9,77,354,4.82,100,0,10000,1024,8.9,77,354,4.82,100,0,10000
1025,7.84,70,340,3.09,100,0.17,10000,14,0,30,12,1023,9.68,71,14,4.85,100,0,10000,1023,9.68,71,14,4.85,100,0,10000,1023,9.68,71,14,4.85,100,0,10000,1023,9.68,71,14,4.85,100,0,10000,1023,9.68,71,14,4.85,100,0,10000,1023,9.68,71,14,4.85,100,0,10000,1023,9.68,71,14,4.85,100,0,10000,1023,9.68,71,14,4.85,100,0,10000,1023,9.68,71,14,4.85,100,0,10000,1023,9.68,71,14,4.85,100,0,10000,1023,9.68,71,14,4.85,100,0,10000,1023,9.68,71,14,4.85,100,0,10000
1025,7.84,70,340,3.09,100,0.17,10000,17,0,30,12,1022,8.95,76,319,2.14,93,0,10000,1022,8.95,76,319,2.14,93,0,10000,1022,8.95,76,319,2.14,93,0,10000,1022,8.95,76,319,2.14,93,0,10000,1022,8.95,76,319,2.14,93,0,10000,1022,8.95,76,319,2.14,93,0,10000,1022,8.95,76,319,2.14,93,0,10000,1022,8.95,76,319,2.14,93,0,10000,1022,8.95,76,319,2.14,93,0,10000,1022,8.95,76,319,2.14,93,0,10000,1022,8.95,76,319,2.14,93,0,10000,1022,8.95,76,319,2.14,93,0,10000
1025,7.84,70,340,3.09,100,0.17,10000,20,0,30,12,1025,7.79,76,18,4.21,100,0,10000,1025,7.79,76,18,4.21,100,0,10000,1025,7.79,76,18,4.21,100,0,10000,1025,7.79,76,18,4.21,100,0,10000,1025,7.79,76,18,4.21,100,0,10000,1025,7.79,76,18,4.21,100,0,10000,1025,7.79,76,18,4.21,100,0,10000,1025,7.79,76,18,4.21,100,0,10000,1025,7.79,76,18,4.21,100,0,10000,1025,7.79,76,18,4.21,100,0,10000,1025,7.79,76,18,4.21,100,0,10000,1025,7.79,76,18,4.21,100,0,10000
1025,7.84,70,340,3.09,100,0.17,10000,23,0,30,12,1025,7.43,80,20,3.42,100,0,10000,1025,7.43,80,20,3.42,100,0,10000,1025,7.43,80,20,3.42,100,0,10000,1025,7.43,80,20,3.42,100,0,10000,1025,7.43,80,20,3.42,100,0,10000,1025,7.43,80,20,3.42,100,0,10000,1025,7.43,80,20,3.42,100,0,10000,1025,7.43,80,20,3.42,100,0,10000,1025,7.43,80,20,3.42,100,0,10000,1025,7.43,80,20,3.42,100,0,10000,1025,7.43,80,20,3.42,100,0,10000,1025,7.43,80,20,3.42,100,0,10000
1025,7.84,70,340,3.09,100,0.17,10000,2,0,31,12,1024,7.38,85,33,2.65,100,0,10000,1024,7.38,85,33,2.65,100,0,10000,1024,7.38,85,33,2.65,100,0,10000,1024,7.38,85,33,2.65,100,0,10000,1024,7.38,85,33,2.65,100,0,10000,1024,7.38,85,33,2.65,100,0,10000,1024,7.38,85,33,2.65,100,0,10000,1024,7.38,85,33,2.65,100,0,10000,1024,7.38,85,33,2.65,100,0,10000,1024,7.38,85,33,2.65,100,0,10000,1024,7.38,85,33,2.65,100,0,10000,1024,7.38,85,33,2.65,100,0,10000
1025,7.84,70,340,3.09,100,0.17,10000,5,0,31,12,1024,7.08,86,71,2.21,100,0,10000,1024,7.08,86,71,2.21,100,0,10000,1024,7.08,86,71,2.21,100,0,10000,1024,7.08,86,71,2.21,100,0,10000,1024,7.08,86,71,2.21,100,0,10000,1024,7.08,86,71,2.21,100,0,10000,1024,7.08,86,71,2.21,100,0,10000,1024,7.08,86,71,2.21,100,0,10000,1024,7.08,86,71,2.21,100,0,10000,1024,7.08,86,71,2.21,100,0,10000,1024,7.08,86,71,2.21,100,0,10000,1024,7.08,86,71,2.21,100,0,10000
1025,7.84,70,340,3.09,100,0.17,10000,8,0,31,12,1024,7.48,87,6,3.32,98,0,10000,1024,7.48,87,6,3.32,98,0,10000,1024,7.48,87,6,3.32,98,0,10000,1024,7.48,87,6,3.32,98,0,10000,1024,7.48,87,6,3.32,98,0,10000,1024,7.48,87,6,3.32,98,0,10000,1024,7.48,87,6,3.32,98,0,10000,1024,7.48,87,6,3.32,98,0,10000,1024,7.48,87,6,3.32,98,0,10000,1024,7.48,87,6,3.32,98,0,10000,1024,7.48,87,6,3.32,98,0,10000,1024,7.48,87,6,3.32,98,0,10000
1025,7.84,70,340,3.09,100,0.17,10000,11,0,31,12,1024,8.9,77,354,4.82,100,0,10000,1024,8.9,77,354,4.82,100,0,10000,1024,8.9,77,354,4.82,100,0,10000,1024,8.9,77,354,4.82,100,0,10000,1024,8.9,77,354,4.82,100,0,10000,1024,8.9,77,354,4.82,100,0,10000,1024,8.9,77,354,4.82,100,0,10000,1024,8.9,77,354,4.82,100,0,10000,1024,8.9,77,354,4.82,100,0,10000,1024,8.9,77,354,4.82,100,0,10000,1024,8.9,77,354,4.82,100,0,10000,1024,8.9,77,354,4.82,100,0,10000
1025,7.84,70,340,3.09,100,0.17,10000,14,0,31,12,1023,9.68,71,14,4.85,100,0,10000,1023,9.68,71,14,4.85,100,0,10000,1023,9.68,71,14,4.85,100,0,10000,1023,9.68,71,14,4.85,100,0,10000,1023,9.68,71,14,4.85,100,0,10000,1023,9.68,71,14,4.85,100,0,10000,1023,9.68,71,14,4.85,100,0,10000,1023,9.68,71,14,4.85,100,0,10000,1023,9.68,71,14,4.85,100,0,10000,1023,9.68,71,14,4.85,100,0,10000,1023,9.68,71,14,4.85,100,0,10000,1023,9.68,71,14,4.85,100,0,10000
1025,7.84,70,340,3.09,100,0.17,10000,17,0,31,12,1022,8.95,76,319,2.14,93,0,10000,1022,8.95,76,319,2.14,93,0,10000,1022,8.95,76,319,2.14,93,0,10000,1022,8.95,76,319,2.14,93,0,10000,1022,8.95,76,319,2.14,93,0,10000,1022,8.95,76,319,2.14,93,0,10000,1022,8.95,76,319,2.14,93,0,10000,1022,8.95,76,319,2.14,93,0,10000,1022,8.95,76,319,2.14,93,0,10000,1022,8.95,76,319,2.14,93,0,10000,1022,8.95,76,319,2.14,93,0,10000,1022,8.95,76,319,2.14,93,0,10000
1025,7.84,70,340,3.09,100,0.17,10000,20,0,31,12,1025,7.79,76,18,4.21,100,0,10000,1025,7.79,76,18,4.21,100,0,10000,1025,7.79,76,18,4.21,100,0,10000,1025,7.79,76,18,4.21,100,0,10000,1025,7.79,76,18,4.21,100,0,10000,1025,7.79,76,18,4.21,100,0,10000,1025,7.79,76,18,4.21,100,0,10000,1025,7.79,76,18,4.21,100,0,10000,1025,7.79,76,18,4.21,100,0,10000,1025,7.79,76,18,4.21,100,0,10000,1025,7.79,76,18,4.21,100,0,10000,1025,7.79,76,18,4.21,100,0,10000
1025,7.84,70,340,3.09,100,0.17,10000,23,0,31,12,1025,7.43,80,20,3.42,100,0,10000,1025,7.43,80,20,3.42,100,0,10000,1025,7.43,80,20,3.42,100,0,10000,1025,7.43,80,20,3.42,100,0,10000,1025,7.43,80,20,3.42,100,0,10000,1025,7.43,80,20,3.42,100,0,10000,1025,7.43,80,20,3.42,100,0,10000,1025,7.43,80,20,3.42,100,0,10000,1025,7.43,80,20,3.42,100,0,10000,1025,7.43,80,20,3.42,100,0,10000,1025,7.43,80,20,3.42,100,0,10000,1025,7.43,80,20,3.42,100,0,10000
1025,7.84,70,340,3.09,100,0.17,10000,2,0,1,1,1024,7.38,85,33,2.65,100,0,10000,1024,7.38,85,33,2.65,100,0,10000,1024,7.38,85,33,2.65,100,0,10000,1024,7.38,85,33,2.65,100,0,10000,1024,7.38,85,33,2.65,100,0,10000,1024,7.38,85,33,2.65,100,0,10000,1024,7.38,85,33,2.65,100,0,10000,1024,7.38,85,33,2.65,100,0,10000,1024,7.38,85,33,2.65,100,0,10000,1024,7.38,85,33,2.65,100,0,10000,1024,7.38,85,33,2.65,100,0,10000,1024,7.38,85,33,2.65,100,0,10000
1025,7.84,70,340,3.09,100,0.17,10000,5,0,1,1,1024,7.08,86,71,2.21,100,0,10000,1024,7.08,86,71,2.21,100,0,10000,1024,7.08,86,71,2.21,100,0,10000,1024,7.08,86,71,2.21,100,0,10000,1024,7.08,86,71,2.21,100,0,10000,1024,7.08,86,71,2.21,100,0,10000,1024,7.08,86,71,2.21,100,0,10000,1024,7.08,86,71,2.21,100,0,10000,1024,7.08,86,71,2.21,100,0,10000,1024,7.08,86,71,2.21,100,0,10000,1024,7.08,86,71,2.21,100,0,10000,1024,7.08,86,71,2.21,100,0,10000
1025,7.84,70,340,3.09,100,0.17,10000,8,0,1,1,1024,7.48,87,6,3.32,98,0,10000,1024,7.48,87,6,3.32,98,0,10000,1024,7.48,87,6,3.32,98,0,10000,1024,7.48,87,6,3.32,98,0,10000,1024,7.48,87,6,3.32,98,0,10000,1024,7.48,87,6,3.32,98,0,10000,1024,7.48,87,6,3.32,98,0,10000,1024,7.48,87,6,3.32,98,0,10000,1024,7.48,87,6,3.32,98,0,10000,1024,7.48,87,6,3.32,98,0,10000,1024,7.48,87,6,3.32,98,0,10000,1024,7.48,87,6,3.32,98,0,10000
1025,7.84,70,340,3.09,100,0.17,10000,11,0,1,1,1024,8.9,77,354,4.82,100,0,10000,1024,8.9,77,354,4.82,100,0,10000,1024,8.9,77,354,4.82,100,0,10000,1024,8.9,77,354,4.82,100,0,10000,1024,8.9,77,354,4.82,100,0,10000,1024,8.9,77,354,4.82,100,0,10000,1024,8.9,77,354,4.82,100,0,10000,1024,8.9,77,354,4.82,100,0,10000,1024,8.9,77,354,4.82,100,0,10000,1024,8.9,77,354,4.82,100,0,10000,1024,8.9,77,354,4.82,100,0,10000,1024,8.9,77,354,4.82,100,0,10000
1025,7.84,70,340,3.09,100,0.17,10000,14,0,1,1,1023,9.68,71,14,4.85,100,0,10000,1023,9.68,71,14,4.85,100,0,10000,1023,9.68,71,14,4.85,100,0,10000,1023,9.68,71,14,4.85,100,0,10000,1023,9.68,71,14,4.85,100,0,10000,1023,9.68,71,14,4.85,100,0,10000,1023,9.68,71,14,4.85,100,0,10000,1023,9.68,71,14,4.85,100,0,10000,1023,9.68,71,14,4.85,100,0,10000,1023,9.68,71,14,4.85,100,0,10000,1023,9.68,71,14,4.85,100,0,10000,1023,9.68,71,14,4.85,100,0,10000
1025,7.84,70,340,3.09,100,0.17,10000,17,0,1,1,1022,8.95,76,319,2.14,93,0,10000,1022,8.95,76,319,2.14,93,0,10000,1022,8.95,76,319,2.14,93,0,10000,1022,8.95,76,319,2.14,93,0,10000,1022,8.95,76,319,2.14,93,0,10000,1022,8.95,76,319,2.14,93,0,10000,1022,8.95,76,319,2.14,93,0,10000,1022,8.95,76,319,2.14,93,0,10000,1022,8.95,76,319,2.14,93,0,10000,1022,8.95,76,319,2.14,93,0,10000,1022,8.95,76,319,2.14,93,0,10000,1022,8.95,76,319,2.14,93,0,10000
1025,7.84,70,340,3.09,100,0.22,10000,20,0,1,1,1025,7.79,76,18,4.21,100,0,10000,1025,7.79,76,18,4.21,100,0,10000,1025,7.79,76,18,4.21,100,0,10000,1025,7.79,76,18,4.21,100,0,10000,1025,7.79,76,18,4.21,100,0,10000,1025,7.79,76,18,4.21,100,0,10000,1025,7.79,76,18,4.21,100,0,10000,1025,7.79,76,18,4.21,100,0,10000,1025,7.79,76,18,4.21,100,0,10000,1025,7.79,76,18,4.21,100,0,10000,1025,7.79,76,18,4.21,100,0,10000,1025,7.79,76,18,4.21,100,0,10000
1025,7.84,70,340,3.09,100,0.22,10000,23,0,1,1,1025,7.43,80,20,3.42,100,0,10000,1025,7.43,80,20,3.42,100,0,10000,1025,7.43,80,20,3.42,100,0,10000,1025,7.43,80,20,3.42,100,0,10000,1025,7.43,80,20,3.42,100,0,10000,1025,7.43,80,20,3.42,100,0,10000,1025,7.43,80,20,3.42,100,0,10000,1025,7.43,80,20,3.42,100,0,10000,1025,7.43,80,20,3.42,100,0,10000,1025,7.43,80,20,3.42,100,0,10000,1025,7.43,80,20,3.42,100,0,10000,1025,7.43,80,20,3.42,100,0,10000
1025,7.84,70,340,3.09,100,0.22,10000,2,0,2,1,1024,7.38,85,33,2.65,100,0,10000,1024,7.38,85,33,2.65,100,0,10000,1024,7.38,85,33,2.65,100,0,10000,1024,7.38,85,33,2.65,100,0,10000,1024,7.38,85,33,2.65,100,0,10000,1024,7.38,85,33,2.65,100,0,10000,1024,7.38,85,33,2.65,100,0,10000,1024,7.38,85,33,2.65,100,0,10000,1024,7.38,85,33,2.65,100,0,10000,1024,7.38,85,33,2.65,100,0,10000,1024,7.38,85,33,2.65,100,0,10000,1024,7.38,85,33,2.65,100,0,10000
1025,7.84,70,340,3.09,100,0.22,10000,5,0,2,1,1024,7.08,86,71,2.21,100,0,10000,1024,7.08,86,71,2.21,100,0,10000,1024,7.08,86,71,2.21,100,0,10000,1024,7.08,86,71,2.21,100,0,10000,1024,7.08,86,71,2.21,100,0,10000,1024,7.08,86,71,2.21,100,0,10000,1024,7.08,86,71,2.21,100,0,10000,1024,7.08,86,71,2.21,100,0,10000,1024,7.08,86,71,2.21,100,0,10000,1024,7.08,86,71,2.21,100,0,10000,1024,7.08,86,71,2.21,100,0,10000,1024,7.08,86,71,2.21,100,0,10000
1025,7.84,70,340,3.09,100,0.22,10000,8,0,2,1,1024,7.48,87,6,3.32,98,0,10000,1024,7.48,87,6,3.32,98,0,10000,1024,7.48,87,6,3.32,98,0,10000,1024,7.48,87,6,3.32,98,0,10000,1024,7.48,87,6,3.32,98,0,10000,1024,7.48,87,6,3.32,98,0,10000,1024,7.48,87,6,3.32,98,0,10000,1024,7.48,87,6,3.32,98,0,10000,1024,7.48,87,6,3.32,98,0,10000,1024,7.48,87,6,3.32,98,0,10000,1024,7.48,87,6,3.32,98,0,10000,1024,7.48,87,6,3.32,98,0,10000
1025,7.84,70,340,3.09,100,0.22,10000,11,0,2,1,1024,8.9,77,354,4.82,100,0,10000,1024,8.9,77,354,4.82,100,0,10000,1024,8.9,77,354,4.82,100,0,10000,1024,8.9,77,354,4.82,100,0,10000,1024,8.9,77,354,4.82,100,0,10000,1024,8.9,77,354,4.82,100,0,10000,1024,8.9,77,354,4.82,100,0,10000,1024,8.9,77,354,4.82,100,0,10000,1024,8.9,77,354,4.82,100,0,10000,1024,8.9,77,354,4.82,100,0,10000,1024,8.9,77,354,4.82,100,0,10000,1024,8.9,77,354,4.82,100,0,10000
1025,7.84,70,340,3.09,100,0.22,10000,14,0,2,1,1023,9.68,71,14,4.85,100,0,10000,1023,9.68,71,14,4.85,100,0,10000,1023,9.68,71,14,4.85,100,0,10000,1023,9.68,71,14,4.85,100,0,10000,1023,9.68,71,14,4.85,100,0,10000,1023,9.68,71,14,4.85,100,0,10000,1023,9.68,71,14,4.85,100,0,10000,1023,9.68,71,14,4.85,100,0,10000,1023,9.68,71,14,4.85,100,0,10000,1023,9.68,71,14,4.85,100,0,10000,1023,9.68,71,14,4.85,100,0,10000,1023,9.68,71,14,4.85,100,0,10000
1025,7.84,70,340,3.09,100,0.22,10000,17,0,2,1,1022,8.95,76,319,2.14,93,0,10000,1022,8.95,76,319,2.14,93,0,10000,1022,8.95,76,319,2.14,93,0,10000,1022,8.95,76,319,2.14,93,0,10000,1022,8.95,76,319,2.14,93,0,10000,1022,8.95,76,319,2.14,93,0,10000,1022,8.95,76,319,2.14,93,0,10000,1022,8.95,76,319,2.14,93,0,10000,1022,8.95,76,319,2.14,93,0,10000,1022,8.95,76,319,2.14,93,0,10000,1022,8.95,76,319,2.14,93,0,10000,1022,8.95,76,319,2.14,93,0,10000
1025,7.84,70,340,3.09,100,0.22,10000,20,0,2,1,1025,7.79,76,18,4.21,100,0,10000,1025,7.79,76,18,4.21,100,0,10000,1025,7.79,76,18,4.21,100,0,10000,1025,7.79,76,18,4.21,100,0,10000,1025,7.79,76,18,4.21,100,0,10000,1025,7.79,76,18,4.21,100,0,10000,1025,7.79,76,18,4.21,100,0,10000,1025,7.79,76,18,4.21,100,0,10000,1025,7.79,76,18,4.21,100,0,10000,1025,7.79,76,18,4.21,100,0,10000,1025,7.79,76,18,4.21,100,0,10000,1025,7.79,76,18,4.21,100,0,10000
1025,7.84,70,340,3.09,100,0.22,10000,23,0,2,1,1025,7.43,80,20,3.42,100,0,10000,1025,7.43,80,20,3.42,100,0,10000,1025,7.43,80,20,3.42,100,0,10000,1025,7.43,80,20,3.42,100,0,10000,1025,7.43,80,20,3.42,100,0,10000,1025,7.43,80,20,3.42,100,0,10000,1025,7.43,80,20,3.42,100,0,10000,1025,7.43,80,20,3.42,100,0,10000,1025,7.43,80,20,3.42,100,0,10000,1025,7.43,80,20,3.42,100,0,10000,1025,7.43,80,20,3.42,100,0,10000,1025,7.43,80,20,3.42,100,0,10000
1025,7.84,70,340,3.09,100,0.22,10000,2,0,3,1,1024,7.38,85,33,2.65,100,0,10000,1024,7.38,85,33,2.65,100,0,10000,1024,7.38,85,33,2.65,100,0,10000,1024,7.38,85,33,2.65,100,0,10000,1024,7.38,85,33,2.65,100,0,10000,1024,7.38,85,33,2.65,100,0,10000,1024,7.38,85,33,2.65,100,0,10000,1024,7.38,85,33,2.65,100,0,10000,1024,7.38,85,33,2.65,100,0,10000,1024,7.38,85,33,2.65,100,0,10000,1024,7.38,85,33,2.65,100,0,10000,1024,7.38,85,33,2.65,100,0,10000
1025,7.84,70,340,3.09,100,0.22,10000,5,0,3,1,1024,7.08,86,71,2.21,100,0,10000,1024,7.08,86,71,2.21,100,0,10000,1024,7.08,86,71,2.21,100,0,10000,1024,7.08,86,71,2.21,100,0,10000,1024,7.08,86,71,2.21,100,0,10000,1024,7.08,86,71,2.21,100,0,10000,1024,7.08,86,71,2.21,100,0,10000,1024,7.08,86,71,2.21,100,0,10000,1024,7.08,86,71,2.21,100,0,10000,1024,7.08,86,71,2.21,100,0,10000,1024,7.08,86,71,2.21,100,0,10000,1024,7.08,86,71,2.21,100,0,10000
1025,7.84,70,340,3.09,100,0.22,10000,8,0,3,1,1024,7.48,87,6,3.32,98,0,10000,1024,7.48,87,6,3.32,98,0,10000,1024,7.48,87,6,3.32,98,0,10000,1024,7.48,87,6,3.32,98,0,10000,1024,7.48,87,6,3.32,98,0,10000,1024,7.48,87,6,3.32,98,0,10000,1024,7.48,87,6,3.32,98,0,10000,1024,7.48,87,6,3.32,98,0,10000,1024,7.48,87,6,3.32,98,0,10000,1024,7.48,87,6,3.32,98,0,10000,1024,7.48,87,6,3.32,98,0,10000,1024,7.48,87,6,3.32,98,0,10000
1025,7.84,70,340,3.09,100,0.22,10000,11,0,3,1,1024,8.9,77,354,4.82,100,0,10000,1024,8.9,77,354,4.82,100,0,10000,1024,8.9,77,354,4.82,100,0,10000,1024,8.9,77,354,4.82,100,0,10000,1024,8.9,77,354,4.82,100,0,10000,1024,8.9,77,354,4.82,100,0,10000,1024,8.9,77,354,4.82,100,0,10000,1024,8.9,77,354,4.82,100,0,10000,1024,8.9,77,354,4.82,100,0,10000,1024,8.9,77,354,4.82,100,0,10000,1024,8.9,77,354,4.82,100,0,10000,1024,8.9,77,354,4.82,100,0,10000
1025,7.84,70,340,3.09,100,0.22,10000,14,0,3,1,1023,9.68,71,14,4.85,100,0,10000,1023,9.68,71,14,4.85,100,0,10000,1023,9.68,71,14,4.85,100,0,10000,1023,9.68,71,14,4.85,100,0,10000,1023,9.68,71,14,4.85,100,0,10000,1023,9.68,71,14,4.85,100,0,10000,1023,9.68,71,14,4.85,100,0,10000,1023,9.68,71,14,4.85,100,0,10000,1023,9.68,71,14,4.85,100,0,10000,1023,9.68,71,14,4.85,100,0,10000,1023,9.68,71,14,4.85,100,0,10000,1023,9.68,71,14,4.85,100,0,10000
1025,7.84,70,340,3.09,100,0.22,10000,17,0,3,1,1022,8.95,76,319,2.14,93,0,10000,1022,8.95,76,319,2.14,93,0,10000,1022,8.95,76,319,2.14,93,0,10000,1022,8.95,76,319,2.14,93,0,10000,1022,8.95,76,319,2.14,93,0,10000,1022,8.95,76,319,2.14,93,0,10000,1022,8.95,76,319,2.14,93,0,10000,1022,8.95,76,319,2.14,93,0,10000,1022,8.95,76,319,2.14,93,0,10000,1022,8.95,76,319,2.14,93,0,10000,1022,8.95,76,319,2.14,93,0,10000,1022,8.95,76,319,2.14,93,0,10000
1025,7.84,70,340,3.09,100,0.22,10000,20,0,3,1,1025,7.79,76,18,4.21,100,0,10000,1025,7.79,76,18,4.21,100,0,10000,1025,7.79,76,18,4.21,100,0,10000,1025,7.79,76,18,4.21,100,0,10000,1025,7.79,76,18,4.21,100,0,10000,1025,7.79,76,18,4.21,100,0,10000,1025,7.79,76,18,4.21,100,0,10000,1025,7.79,76,18,4.21,100,0,10000,1025,7.79,76,18,4.21,100,0,10000,1025,7.79,76,18,4.21,100,0,10000,1025,7.79,76,18,4.21,100,0,10000,1025,7.79,76,18,4.21,100,0,10000
1025,7.84,70,340,3.09,100,0.22,10000,23,0,3,1,1025,7.43,80,20,3.42,100,0,10000,1025,7.43,80,20,3.42,100,0,10000,1025,7.43,80,20,3.42,100,0,10000,1025,7.43,80,20,3.42,100,0,10000,1025,7.43,80,20,3.42,100,0,10000,1025,7.43,80,20,3.42,100,0,10000,1025,7.43,80,20,3.42,100,0,10000,1025,7.43,80,20,3.42,100,0,10000,1025,7.43,80,20,3.42,100,0,10000,1025,7.43,80,20,3.42,100,0,10000,1025,7.43,80,20,3.42,100,0,10000,1025,7.43,80,20,3.42,100,0,10000
1025,7.84,70,340,3.09,100,0.22,10000,2,0,4,1,1024,7.38,85,33,2.65,100,0,10000,1024,7.38,85,33,2.65,100,0,10000,1024,7.38,85,33,2.65,100,0,10000,1024,7.38,85,33,2.65,100,0,10000,1024,7.38,85,33,2.65,100,0,10000,1024,7.38,85,33,2.65,100,0,10000,1024,7.38,85,33,2.65,100,0,10000,1024,7.38,85,33,2.65,100,0,10000,1024,7.38,85,33,2.65,100,0,10000,1024,7.38,85,33,2.65,100,0,10000,1024,7.38,85,33,2.65,100,0,10000,1024,7.38,85,33,2.65,100,0,10000
1025,7.84,70,340,3.09,100,0.22,10000,5,0,4,1,1024,7.08,86,71,2.21,100,0,10000,1024,7.08,86,71,2.21,100,0,10000,1024,7.08,86,71,2.21,100,0,10000,1024,7.08,86,71,2.21,100,0,10000,1024,7.08,86,71,2.21,100,0,10000,1024,7.08,86,71,2.21,100,0,10000,1024,7.08,86,71,2.21,100,0,10000,1024,7.08,86,71,2.21,100,0,10000,1024,7.08,86,71,2.21,100,0,10000,1024,7.08,86,71,2.21,100,0,10000,1024,7.08,86,71,2.21,100,0,10000,1024,7.08,86,71,2.21,100,0,10000
1025,7.84,70,340,3.09,100,0.22,10000,8,0,4,1,1024,7.48,87,6,3.32,98,0,10000,1024,7.48,87,6,3.32,98,0,10000,1024,7.48,87,6,3.32,98,0,10000,1024,7.48,87,6,3.32,98,0,10000,1024,7.48,87,6,3.32,98,0,10000,1024,7.48,87,6,3.32,98,0,10000,1024,7.48,87,6,3.32,98,0,10000,1024,7.48,87,6,3.32,98,0,10000,1024,7.48,87,6,3.32,98,0,10000,1024,7.48,87,6,3.32,98,0,10000,1024,7.48,87,6,3.32,98,0,10000,1024,7.48,87,6,3.32,98,0,10000
1025,7.84,70,340,3.09,100,0.22,10000,11,0,4,1,1024,8.9,77,354,4.82,100,0,10000,1024,8.9,77,354,4.82,100,0,10000,1024,8.9,77,354,4.82,100,0,10000,1024,8.9,77,354,4.82,100,0,10000,1024,8.9,77,354,4.82,100,0,10000,1024,8.9,77,354,4.82,100,0,10000,1024,8.9,77,354,4.82,100,0,10000,1024,8.9,77,354,4.82,100,0,10000,1024,8.9,77,354,4.82,100,0,10000,1024,8.9,77,354,4.82,100,0,10000,1024,8.9,77,354,4.82,100,0,10000,1024,8.9,77,354,4.82,100,0,10000
1025,7.84,70,340,3.09,100,0.22,10000,14,0,4,1,1023,9.68,71,14,4.85,100,0,10000,1023,9.68,71,14,4.85,100,0,10000,1023,9.68,71,14,4.85,100,0,10000,1023,9.68,71,14,4.85,100,0,10000,1023,9.68,71,14,4.85,100,0,10000,1023,9.68,71,14,4.85,100,0,10000,1023,9.68,71,14,4.85,100,0,10000,1023,9.68,71,14,4.85,100,0,10000,1023,9.68,71,14,4.85,100,0,10000,1023,9.68,71,14,4.85,100,0,10000,1023,9.68,71,14,4.85,100,0,10000,1023,9.68,71,14,4.85,100,0,10000
1025,7.84,70,340,3.09,100,0.22,10000,17,0,4,1,1022,8.95,76,319,2.14,93,0,10000,1022,8.95,76,319,2.14,93,0,10000,1022,8.95,76,319,2.14,93,0,10000,1022,8.95,76,319,2.14,93,0,10000,1022,8.95,76,319,2.14,93,0,10000,1022,8.95,76,319,2.14,93,0,10000,1022,8.95,76,319,2.14,93,0,10000,1022,8.95,76,319,2.14,93,0,10000,1022,8.95,76,319,2.14,93,0,10000,1022,8.95,76,319,2.14,93,0,10000,1022,8.95,76,319,2.14,93,0,10000,1022,8.95,76,319,2.14,93,0,10000
1025,7.84,70,340,3.09,100,0.22,10000,20,0,4,1,1025,7.79,76,18,4.21,100,0,10000,1025,7.79,76,18,4.21,100,0,10000,1025,7.79,76,18,4.21,100,0,10000,1025,7.79,76,18,4.21,100,0,10000,1025,7.79,76,18,4.21,100,0,10000,1025,7.79,76,18,4.21,100,0,10000,1025,7.79,76,18,4.21,100,0,10000,1025,7.79,76,18,4.21,100,0,10000,1025,7.79,76,18,4.21,100,0,10000,1025,7.79,76,18,4.21,100,0,10000,1025,7.79,76,18,4.21,100,0,10000,1025,7.79,76,18,4.21,100,0,10000
1025,7.84,70,340,3.09,100,0.22,10000,23,0,4,1,1025,7.43,80,20,3.42,100,0,10000,1025,7.43,80,20,3.42,100,0,10000,1025,7.43,80,20,3.42,100,0,10000,1025,7.43,80,20,3.42,100,0,10000,1025,7.43,80,20,3.42,100,0,10000,1025,7.43,80,20,3.42,100,0,10000,1025,7.43,80,20,3.42,100,0,10000,1025,7.43,80,20,3.42,100,0,10000,1025,7.43,80,20,3.42,100,0,10000,1025,7.43,80,20,3.42,100,0,10000,1025,7.43,80,20,3.42,100,0,10000,1025,7.43,80,20,3.42,100,0,10000
1025,7.84,70,340,3.09,100,0.22,10000,2,0,5,1,1024,7.38,85,33,2.65,100,0,10000,1024,7.38,85,33,2.65,100,0,10000,1024,7.38,85,33,2.65,100,0,10000,1024,7.38,85,33,2.65,100,0,10000,1024,7.38,85,33,2.65,100,0,10000,1024,7.38,85,33,2.65,100,0,10000,1024,7.38,85,33,2.65,100,0,10000,1024,7.38,85,33,2.65,100,0,10000,1024,7.38,85,33,2.65,100,0,10000,1024,7.38,85,33,2.65,100,0,10000,1024,7.38,85,33,2.65,100,0,10000,1024,7.38,85,33,2.65,100,0,10000
1025,7.84,70,340,3.09,100,0.22,10000,5,0,5,1,1024,7.08,86,71,2.21,100,0,10000,1024,7.08,86,71,2.21,100,0,10000,1024,7.08,86,71,2.21,100,0,10000,1024,7.08,86,71,2.21,100,0,10000,1024,7.08,86,71,2.21,100,0,10000,1024,7.08,86,71,2.21,100,0,10000,1024,7.08,86,71,2.21,100,0,10000,1024,7.08,86,71,2.21,100,0,10000,1024,7.08,86,71,2.21,100,0,10000,1024,7.08,86,71,2.21,100,0,10000,1024,7.08,86,71,2.21,100,0,10000,1024,7.08,86,71,2.21,100,0,10000
1025,7.84,70,340,3.09,100,0.22,10000,8,0,5,1,1024,7.48,87,6,3.32,98,0,10000,1024,7.48,87,6,3.32,98,0,10000,1024,7.48,87,6,3.32,98,0,10000,1024,7.48,87,6,3.32,98,0,10000,1024,7.48,87,6,3.32,98,0,10000,1024,7.48,87,6,3.32,98,0,10000,1024,7.48,87,6,3.32,98,0,10000,1024,7.48,87,6,3.32,98,0,10000,1024,7.48,87,6,3.32,98,0,10000,1024,7.48,87,6,3.32,98,0,10000,1024,7.48,87,6,3.32,98,0,10000,1024,7.48,87,6,3.32,98,0,10000
1025,7.84,70,340,3.09,100,0.22,10000,11,0,5,1,1024,8.9,77,354,4.82,100,0,10000,1024,8.9,77,354,4.82,100,0,10000,1024,8.9,77,354,4.82,100,0,10000,1024,8.9,77,354,4.82,100,0,10000,1024,8.9,77,354,4.82,100,0,10000,1024,8.9,77,354,4.82,100,0,10000,1024,8.9,77,354,4.82,100,0,10000,1024,8.9,77,354,4.82,100,0,10000,1024,8.9,77,354,4.82,100,0,10000,1024,8.9,77,354,4.82,100,0,10000,1024,8.9,77,354,4.82,100,0,10000,1024,8.9,77,354,4.82,100,0,10000
1025,7.84,70,340,3.09,100,0.22,10000,14,0,5,1,1023,9.68,71,14,4.85,100,0,10000,1023,9.68,71,14,4.85,100,0,10000,1023,9.68,71,14,4.85,100,0,10000,1023,9.68,71,14,4.85,100,0,10000,1023,9.68,71,14,4.85,100,0,10000,1023,9.68,71,14,4.85,100,0,10000,1023,9.68,71,14,4.85,100,0,10000,1023,9.68,71,14,4.85,100,0,10000,1023,9.68,71,14,4.85,100,0,10000,1023,9.68,71,14,4.85,100,0,10000,1023,9.68,71,14,4.85,100,0,10000,1023,9.68,71,14,4.85,100,0,10000
1025,7.84,70,340,3.09,100,0.22,10000,17,0,5,1,1022,8.95,76,319,2.14,93,0,10000,1022,8.95,76,319,2.14,93,0,10000,1022,8.95,76,319,2.14,93,0,10000,1022,8.95,76,319,2.14,93,0,10000,1022,8.95,76,319,2.14,93,0,10000,1022,8.95,76,319,2.14,93,0,10000,1022,8.95,76,319,2.14,93,0,10000,1022,8.95,76,319,2.14,93,0,10000,1022,8.95,76,319,2.14,93,0,10000,1022,8.95,76,319,2.14,93,0,10000,1022,8.95,76,319,2.14,93,0,10000,1022,8.95,76,319,2.14,93,0,10000
1025,7.84,70,340,3.09,100,0.22,10000,20,0,5,1,1025,7.79,76,18,4.21,100,0,10000,1025,7.79,76,18,4.21,100,0,10000,1025,7.79,76,18,4.21,100,0,10000,1025,7.79,76,18,4.21,100,0,10000,1025,7.79,76,18,4.21,100,0,10000,1025,7.79,76,18,4.21,100,0,10000,1025,7.79,76,18,4.21,100,0,10000,1025,7.79,76,18,4.21,100,0,10000,1025,7.79,76,18,4.21,100,0,10000,1025,7.79,76,18,4.21,100,0,10000,1025,7.79,76,18,4.21,100,0,10000,1025,7.79,76,18,4.21,100,0,10000
1025,7.84,70,340,3.09,100,0.22,10000,23,0,5,1,1025,7.43,80,20,3.42,100,0,10000,1025,7.43,80,20,3.42,100,0,10000,1025,7.43,80,20,3.42,100,0,10000,1025,7.43,80,20,3.42,100,0,10000,1025,7.43,80,20,3.42,100,0,10000,1025,7.43,80,20,3.42,100,0,10000,1025,7.43,80,20,3.42,100,0,10000,1025,7.43,80,20,3.42,100,0,10000,1025,7.43,80,20,3.42,100,0,10000,1025,7.43,80,20,3.42,100,0,10000,1025,7.43,80,20,3.42,100,0,10000,1025,7.43,80,20,3.42,100,0,10000
1025,7.84,70,340,3.09,100,0.22,10000,2,0,6,1,1024,7.38,85,33,2.65,100,0,10000,1024,7.38,85,33,2.65,100,0,10000,1024,7.38,85,33,2.65,100,0,10000,1024,7.38,85,33,2.65,100,0,10000,1024,7.38,85,33,2.65,100,0,10000,1024,7.38,85,33,2.65,100,0,10000,1024,7.38,85,33,2.65,100,0,10000,1024,7.38,85,33,2.65,100,0,10000,1024,7.38,85,33,2.65,100,0,10000,1024,7.38,85,33,2.65,100,0,10000,1024,7.38,85,33,2.65,100,0,10000,1024,7.38,85,33,2.65,100,0,10000
1025,7.84,70,340,3.09,100,0.22,10000,5,0,6,1,1024,7.08,86,71,2.21,100,0,10000,1024,7.08,86,71,2.21,100,0,10000,1024,7.08,86,71,2.21,100,0,10000,1024,7.08,86,71,2.21,100,0,10000,1024,7.08,86,71,2.21,100,0,10000,1024,7.08,86,71,2.21,100,0,10000,1024,7.08,86,71,2.21,100,0,10000,1024,7.08,86,71,2.21,100,0,10000,1024,7.08,86,71,2.21,100,0,10000,1024,7.08,86,71,2.21,100,0,10000,1024,7.08,86,71,2.21,100,0,10000,1024,7.08,86,71,2.21,100,0,10000
1025,7.84,70,340,3.09,100,0.22,10000,8,0,6,1,1024,7.48,87,6,3.32,98,0,10000,1024,7.48,87,6,3.32,98,0,10000,1024,7.48,87,6,3.32,98,0,10000,1024,7.48,87,6,3.32,98,0,10000,1024,7.48,87,6,3.32,98,0,10000,1024,7.48,87,6,3.32,98,0,10000,1024,7.48,87,6,3.32,98,0,10000,1024,7.48,87,6,3.32,98,0,10000,1024,7.48,87,6,3.32,98,0,10000,1024,7.48,87,6,3.32,98,0,10000,1024,7.48,87,6,3.32,98,0,10000,1024,7.48,87,6,3.32,98,0,10000
1025,7.84,70,340,3.09,100,0.22,10000,11,0,6,1,1024,8.9,77,354,4.82,100,0,10000,1024,8.9,77,354,4.82,100,0,10000,1024,8.9,77,354,4.82,100,0,10000,1024,8.9,77,354,4.82,100,0,10000,1024,8.9,77,354,4.82,100,0,10000,1024,8.9,77,354,4.82,100,0,10000,1024,8.9,77,354,4.82,100,0,10000,1024,8.9,77,354,4.82,100,0,10000,1024,8.9,77,354,4.82,100,0,10000,1024,8.9,77,354,4.82,100,0,10000,1024,8.9,77,354,4.82,100,0,10000,1024,8.9,77,354,4.82,100,0,10000
1025,7.84,70,340,3.09,100,0.22,10000,14,0,6,1,1023,9.68,71,14,4.85,100,0,10000,1023,9.68,71,14,4.85,100,0,10000,1023,9.68,71,14,4.85,100,0,10000,1023,9.68,71,14,4.85,100,0,10000,1023,9.68,71,14,4.85,100,0,10000,1023,9.68,71,14,4.85,100,0,10000,1023,9.68,71,14,4.85,100,0,10000,1023,9.68,71,14,4.85,100,0,10000,1023,9.68,71,14,4.85,100,0,10000,1023,9.68,71,14,4.85,100,0,10000,1023,9.68,71,14,4.85,100,0,10000,1023,9.68,71,14,4.85,100,0,10000
1025,7.84,70,340,3.09,100,0.22,10000,17,0,6,1,1022,8.95,76,319,2.14,93,0,10000,1022,8.95,76,319,2.14,93,0,10000,1022,8.95,76,319,2.14,93,0,10000,1022,8.95,76,319,2.14,93,0,10000,1022,8.95,76,319,2.14,93,0,10000,1022,8.95,76,319,2.14,93,0,10000,1022,8.95,76,319,2.14,93,0,10000,1022,8.95,76,319,2.14,93,0,10000,1022,8.95,76,319,2.14,93,0,10000,1022,8.95,76,319,2.14,93,0,10000,1022,8.95,76,319,2.14,93,0,10000,1022,8.95,76,319,2.14,93,0,10000
1025,7.84,70,340,3.09,100,0.22,10000,20,0,6,1,1025,7.79,76,18,4.21,100,0,10000,1025,7.79,76,18,4.21,100,0,10000,1025,7.79,76,18,4.21,100,0,10000,1025,7.79,76,18,4.21,100,0,10000,1025,7.79,76,18,4.21,100,0,10000,1025,7.79,76,18,4.21,100,0,10000,1025,7.79,76,18,4.21,100,0,10000,1025,7.79,76,18,4.21,100,0,10000,1025,7.79,76,18,4.21,100,0,10000,1025,7.79,76,18,4.21,100,0,10000,1025,7.79,76,18,4.21,100,0,10000,1025,7.79,76,18,4.21,100,0,10000
1025,7.84,70,340,3.09,100,0.22,10000,23,0,6,1,1025,7.43,80,20,3.42,100,0,10000,1025,7.43,80,20,3.42,100,0,10000,1025,7.43,80,20,3.42,100,0,10000,1025,7.43,80,20,3.42,100,0,10000,1025,7.43,80,20,3.42,100,0,10000,1025,7.43,80,20,3.42,100,0,10000,1025,7.43,80,20,3.42,100,0,10000,1025,7.43,80,20,3.42,100,0,10000,1025,7.43,80,20,3.42,100,0,10000,1025,7.43,80,20,3.42,100,0,10000,1025,7.43,80,20,3.42,100,0,10000,1025,7.43,80,20,3.42,100,0,10000
1025,7.84,70,340,3.09,100,0.22,10000,2,0,7,1,1024,7.38,85,33,2.65,100,0,10000,1024,7.38,85,33,2.65,100,0,10000,1024,7.38,85,33,2.65,100,0,10000,1024,7.38,85,33,2.65,100,0,10000,1024,7.38,85,33,2.65,100,0,10000,1024,7.38,85,33,2.65,100,0,10000,1024,7.38,85,33,2.65,100,0,10000,1024,7.38,85,33,2.65,100,0,10000,1024,7.38,85,33,2.65,100,0,10000,1024,7.38,85,33,2.65,100,0,10000,1024,7.38,85,33,2.65,100,0,10000,1024,7.38,85,33,2.65,100,0,10000
1025,7.84,70,340,3.09,100,0.22,10000,5,0,7,1,1024,7.08,86,71,2.21,100,0,10000,1024,7.08,86,71,2.21,100,0,10000,1024,7.08,86,71,2.21,100,0,10000,1024,7.08,86,71,2.21,100,0,10000,1024,7.08,86,71,2.21,100,0,10000,1024,7.08,86,71,2.21,100,0,10000,1024,7.08,86,71,2.21,100,0,10000,1024,7.08,86,71,2.21,100,0,10000,1024,7.08,86,71,2.21,100,0,10000,1024,7.08,86,71,2.21,100,0,10000,1024,7.08,86,71,2.21,100,0,10000,1024,7.08,86,71,2.21,100,0,10000
1025,7.84,70,340,3.09,100,0.22,10000,8,0,7,1,1024,7.48,87,6,3.32,98,0,10000,1024,7.48,87,6,3.32,98,0,10000,1024,7.48,87,6,3.32,98,0,10000,1024,7.48,87,6,3.32,98,0,10000,1024,7.48,87,6,3.32,98,0,10000,1024,7.48,87,6,3.32,98,0,10000,1024,7.48,87,6,3.32,98,0,10000,1024,7.48,87,6,3.32,98,0,10000,1024,7.48,87,6,3.32,98,0,10000,1024,7.48,87,6,3.32,98,0,10000,1024,7.48,87,6,3.32,98,0,10000,1024,7.48,87,6,3.32,98,0,10000
1025,7.84,70,340,3.09,100,0.22,10000,11,0,7,1,1024,8.9,77,354,4.82,100,0,10000,1024,8.9,77,354,4.82,100,0,10000,1024,8.9,77,354,4.82,100,0,10000,1024,8.9,77,354,4.82,100,0,10000,1024,8.9,77,354,4.82,100,0,10000,1024,8.9,77,354,4.82,100,0,10000,1024,8.9,77,354,4.82,100,0,10000,1024,8.9,77,354,4.82,100,0,10000,1024,8.9,77,354,4.82,100,0,10000,1024,8.9,77,354,4.82,100,0,10000,1024,8.9,77,354,4.82,100,0,10000,1024,8.9,77,354,4.82,100,0,10000
1025,7.84,70,340,3.09,100,0.22,10000,14,0,7,1,1023,9.68,71,14,4.85,100,0,10000,1023,9.68,71,14,4.85,100,0,10000,1023,9.68,71,14,4.85,100,0,10000,1023,9.68,71,14,4.85,100,0,10000,1023,9.68,71,14,4.85,100,0,10000,1023,9.68,71,14,4.85,100,0,10000,1023,9.68,71,14,4.85,100,0,10000,1023,9.68,71,14,4.85,100,0,10000,1023,9.68,71,14,4.85,100,0,10000,1023,9.68,71,14,4.85,100,0,10000,1023,9.68,71,14,4.85,100,0,10000,1023,9.68,71,14,4.85,100,0,10000
1025,7.84,70,340,3.09,100,0.22,10000,17,0,7,1,1022,8.95,76,319,2.14,93,0,10000,1022,8.95,76,319,2.14,93,0,10000,1022,8.95,76,319,2.14,93,0,10000,1022,8.95,76,319,2.14,93,0,10000,1022,8.95,76,319,2.14,93,0,10000,1022,8.95,76,319,2.14,93,0,10000,1022,8.95,76,319,2.14,93,0,10000,1022,8.95,76,319,2.14,93,0,10000,1022,8.95,76,319,2.14,93,0,10000,1022,8.95,76,319,2.14,93,0,10000,1022,8.95,76,319,2.14,93,0,10000,1022,8.95,76,319,2.14,93,0,10000
1025,7.84,70,340,3.09,100,0.22,10000,20,0,7,1,1025,7.79,76,18,4.21,100,0,10000,1025,7.79,76,18,4.21,100,0,10000,1025,7.79,76,18,4.21,100,0,10000,1025,7.79,76,18,4.21,100,0,10000,1025,7.79,76,18,4.21,100,0,10000,1025,7.79,76,18,4.21,100,0,10000,1025,7.79,76,18,4.21,100,0,10000,1025,7.79,76,18,4.21,100,0,10000,1025,7.79,76,18,4.21,100,0,10000,1025,7.79,76,18,4.21,100,0,10000,1025,7.79,76,18,4.21,100,0,10000,1025,7.79,76,18,4.21,100,0,10000
1025,7.84,70,340,3.09,100,0.22,10000,23,0,7,1,1025,7.43,80,20,3.42,100,0,10000,1025,7.43,80,20,3.42,100,0,10000,1025,7.43,80,20,3.42,100,0,10000,1025,7.43,80,20,3.42,100,0,10000,1025,7.43,80,20,3.42,100,0,10000,1025,7.43,80,20,3.42,100,0,10000,1025,7.43,80,20,3.42,100,0,10000,1025,7.43,80,20,3.42,100,0,10000,1025,7.43,80,20,3.42,100,0,10000,1025,7.43,80,20,3.42,100,0,10000,1025,7.43,80,20,3.42,100,0,10000,1025,7.43,80,20,3.42,100,0,10000
1025,7.84,70,340,3.09,100,0.22,10000,2,0,8,1,1024,7.38,85,33,2.65,100,0,10000,1024,7.38,85,33,2.65,100,0,10000,1024,7.38,85,33,2.65,100,0,10000,1024,7.38,85,33,2.65,100,0,10000,1024,7.38,85,33,2.65,100,0,10000,1024,7.38,85,33,2.65,100,0,10000,1024,7.38,85,33,2.65,100,0,10000,1024,7.38,85,33,2.65,100,0,10000,1024,7.38,85,33,2.65,100,0,10000,1024,7.38,85,33,2.65,100,0,10000,1024,7.38,85,33,2.65,100,0,10000,1024,7.38,85,33,2.65,100,0,10000
1025,7.84,70,340,3.09,100,0.22,10000,5,0,8,1,1024,7.08,86,71,2.21,100,0,10000,1024,7.08,86,71,2.21,100,0,10000,1024,7.08,86,71,2.21,100,0,10000,1024,7.08,86,71,2.21,100,0,10000,1024,7.08,86,71,2.21,100,0,10000,1024,7.08,86,71,2.21,100,0,10000,1024,7.08,86,71,2.21,100,0,10000,1024,7.08,86,71,2.21,100,0,10000,1024,7.08,86,71,2.21,100,0,10000,1024,7.08,86,71,2.21,100,0,10000,1024,7.08,86,71,2.21,100,0,10000,1024,7.08,86,71,2.21,100,0,10000
1025,7.84,70,340,3.09,100,0.22,10000,8,0,8,1,1024,7.48,87,6,3.32,98,0,10000,1024,7.48,87,6,3.32,98,0,10000,1024,7.48,87,6,3.32,98,0,10000,1024,7.48,87,6,3.32,98,0,10000,1024,7.48,87,6,3.32,98,0,10000,1024,7.48,87,6,3.32,98,0,10000,1024,7.48,87,6,3.32,98,0,10000,1024,7.48,87,6,3.32,98,0,10000,1024,7.48,87,6,3.32,98,0,10000,1024,7.48,87,6,3.32,98,0,10000,1024,7.48,87,6,3.32,98,0,10000,1024,7.48,87,6,3.32,98,0,10000
1025,7.84,70,340,3.09,100,0.22,10000,11,0,8,1,1024,8.9,77,354,4.82,100,0,10000,1024,8.9,77,354,4.82,100,0,10000,1024,8.9,77,354,4.82,100,0,10000,1024,8.9,77,354,4.82,100,0,10000,1024,8.9,77,354,4.82,100,0,10000,1024,8.9,77,354,4.82,100,0,10000,1024,8.9,77,354,4.82,100,0,10000,1024,8.9,77,354,4.82,100,0,10000,1024,8.9,77,354,4.82,100,0,10000,1024,8.9,77,354,4.82,100,0,10000,1024,8.9,77,354,4.82,100,0,10000,1024,8.9,77,354,4.82,100,0,10000
1025,7.84,70,340,3.09,100,0.22,10000,14,0,8,1,1023,9.68,71,14,4.85,100,0,10000,1023,9.68,71,14,4.85,100,0,10000,1023,9.68,71,14,4.85,100,0,10000,1023,9.68,71,14,4.85,100,0,10000,1023,9.68,71,14,4.85,100,0,10000,1023,9.68,71,14,4.85,100,0,10000,1023,9.68,71,14,4.85,100,0,10000,1023,9.68,71,14,4.85,100,0,10000,1023,9.68,71,14,4.85,100,0,10000,1023,9.68,71,14,4.85,100,0,10000,1023,9.68,71,14,4.85,100,0,10000,1023,9.68,71,14,4.85,100,0,10000
1025,7.84,70,340,3.09,100,0.22,10000,17,0,8,1,1022,8.95,76,319,2.14,93,0,10000,1022,8.95,76,319,2.14,93,0,10000,1022,8.95,76,319,2.14,93,0,10000,1022,8.95,76,319,2.14,93,0,10000,1022,8.95,76,319,2.14,93,0,10000,1022,8.95,76,319,2.14,93,0,10000,1022,8.95,76,319,2.14,93,0,10000,1022,8.95,76,319,2.14,93,0,10000,1022,8.95,76,319,2.14,93,0,10000,1022,8.95,76,319,2.14,93,0,10000,1022,8.95,76,319,2.14,93,0,10000,1022,8.95,76,319,2.14,93,0,10000
1025,7.84,70,340,3.09,100,0.22,10000,20,0,8,1,1025,7.79,76,18,4.21,100,0,10000,1025,7.79,76,18,4.21,100,0,10000,1025,7.79,76,18,4.21,100,0,10000,1025,7.79,76,18,4.21,100,0,10000,1025,7.79,76,18,4.21,100,0,10000,1025,7.79,76,18,4.21,100,0,10000,1025,7.79,76,18,4.21,100,0,10000,1025,7.79,76,18,4.21,100,0,10000,1025,7.79,76,18,4.21,100,0,10000,1025,7.79,76,18,4.21,100,0,10000,1025,7.79,76,18,4.21,100,0,10000,1025,7.79,76,18,4.21,100,0,10000
1025,7.84,70,340,3.09,100,0.22,10000,23,0,8,1,1025,7.43,80,20,3.42,100,0,10000,1025,7.43,80,20,3.42,100,0,10000,1025,7.43,80,20,3.42,100,0,10000,1025,7.43,80,20,3.42,100,0,10000,1025,7.43,80,20,3.42,100,0,10000,1025,7.43,80,20,3.42,100,0,10000,1025,7.43,80,20,3.42,100,0,10000,1025,7.43,80,20,3.42,100,0,10000,1025,7.43,80,20,3.42,100,0,10000,1025,7.43,80,20,3.42,100,0,10000,1025,7.43,80,20,3.42,100,0,10000,1025,7.43,80,20,3.42,100,0,10000
1025,7.84,70,340,3.09,100,0.22,10000,2,0,9,1,1024,7.38,85,33,2.65,100,0,10000,1024,7.38,85,33,2.65,100,0,10000,1024,7.38,85,33,2.65,100,0,10000,1024,7.38,85,33,2.65,100,0,10000,1024,7.38,85,33,2.65,100,0,10000,1024,7.38,85,33,2.65,100,0,10000,1024,7.38,85,33,2.65,100,0,10000,1024,7.38,85,33,2.65,100,0,10000,1024,7.38,85,33,2.65,100,0,10000,1024,7.38,85,33,2.65,100,0,10000,1024,7.38,85,33,2.65,100,0,10000,1024,7.38,85,33,2.65,100,0,10000
1025,7.84,70,340,3.09,100,0.22,10000,5,0,9,1,1024,7.08,86,71,2.21,100,0,10000,1024,7.08,86,71,2.21,100,0,10000,1024,7.08,86,71,2.21,100,0,10000,1024,7.08,86,71,2.21,100,0,10000,1024,7.08,86,71,2.21,100,0,10000,1024,7.08,86,71,2.21,100,0,10000,1024,7.08,86,71,2.21,100,0,10000,1024,7.08,86,71,2.21,100,0,10000,1024,7.08,86,71,2.21,100,0,10000,1024,7.08,86,71,2.21,100,0,10000,1024,7.08,86,71,2.21,100,0,10000,1024,7.08,86,71,2.21,100,0,10000
1025,7.84,70,340,3.09,100,0.22,10000,8,0,9,1,1024,7.48,87,6,3.32,98,0,10000,1024,7.48,87,6,3.32,98,0,10000,1024,7.48,87,6,3.32,98,0,10000,1024,7.48,87,6,3.32,98,0,10000,1024,7.48,87,6,3.32,98,0,10000,1024,7.48,87,6,3.32,98,0,10000,1024,7.48,87,6,3.32,98,0,10000,1024,7.48,87,6,3.32,98,0,10000,1024,7.48,87,6,3.32,98,0,10000,1024,7.48,87,6,3.32,98,0,10000,1024,7.48,87,6,3.32,98,0,10000,1024,7.48,87,6,3.32,98,0,10000
1025,7.84,70,340,3.09,100,0.22,10000,11,0,9,1,1024,8.9,77,354,4.82,100,0,10000,1024,8.9,77,354,4.82,100,0,10000,1024,8.9,77,354,4.82,100,0,10000,1024,8.9,77,354,4.82,100,0,10000,1024,8.9,77,354,4.82,100,0,10000,1024,8.9,77,354,4.82,100,0,10000,1024,8.9,77,354,4.82,100,0,10000,1024,8.9,77,354,4.82,100,0,10000,1024,8.9,77,354,4.82,100,0,10000,1024,8.9,77,354,4.82,100,0,10000,1024,8.9,77,354,4.82,100,0,10000,1024,8.9,77,354,4.82,100,0,10000
1025,7.84,70,340,3.09,100,0.22,10000,14,0,9,1,1023,9.68,71,14,4.85,100,0,10000,1023,9.68,71,14,4.85,100,0,10000,1023,9.68,71,14,4.85,100,0,10000,1023,9.68,71,14,4.85,100,0,10000,1023,9.68,71,14,4.85,100,0,10000,1023,9.68,71,14,4.85,100,0,10000,1023,9.68,71,14,4.85,100,0,10000,1023,9.68,71,14,4.85,100,0,10000,1023,9.68,71,14,4.85,100,0,10000,1023,9.68,71,14,4.85,100,0,10000,1023,9.68,71,14,4.85,100,0,10000,1023,9.68,71,14,4.85,100,0,10000
1025,7.84,70,340,3.09,100,0.22,10000,17,0,9,1,1022,8.95,76,319,2.14,93,0,10000,1022,8.95,76,319,2.14,93,0,10000,1022,8.95,76,319,2.14,93,0,10000,1022,8.95,76,319,2.14,93,0,10000,1022,8.95,76,319,2.14,93,0,10000,1022,8.95,76,319,2.14,93,0,10000,1022,8.95,76,319,2.14,93,0,10000,1022,8.95,76,319,2.14,93,0,10000,1022,8.95,76,319,2.14,93,0,10000,1022,8.95,76,319,2.14,93,0,10000,1022,8.95,76,319,2.14,93,0,10000,1022,8.95,76,319,2.14,93,0,10000
1025,7.84,70,340,3.09,100,0.22,10000,20,0,9,1,1025,7.79,76,18,4.21,100,0,10000,1025,7.79,76,18,4.21,100,0,10000,1025,7.79,76,18,4.21,100,0,10000,1025,7.79,76,18,4.21,100,0,10000,1025,7.79,76,18,4.21,100,0,10000,1025,7.79,76,18,4.21,100,0,10000,1025,7.79,76,18,4.21,100,0,10000,1025,7.79,76,18,4.21,100,0,10000,1025,7.79,76,18,4.21,100,0,10000,1025,7.79,76,18,4.21,100,0,10000,1025,7.79,76,18,4.21,100,0,10000,1025,7.79,76,18,4.21,100,0,10000
1025,7.84,70,340,3.09,100,0.22,10000,23,0,9,1,1025,7.43,80,20,3.42,100,0,10000,1025,7.43,80,20,3.42,100,0,10000,1025,7.43,80,20,3.42,100,0,10000,1025,7.43,80,20,3.42,100,0,10000,1025,7.43,80,20,3.42,100,0,10000,1025,7.43,80,20,3.42,100,0,10000,1025,7.43,80,20,3.42,100,0,10000,1025,7.43,80,20,3.42,100,0,10000,1025,7.43,80,20,3.42,100,0,10000,1025,7.43,80,20,3.42,100,0,10000,1025,7.43,80,20,3.42,100,0,10000,1025,7.43,80,20,3.42,100,0,10000
1025,7.84,70,340,3.09,100,0.22,10000,2,0,10,1,1024,7.38,85,33,2.65,100,0,10000,1024,7.38,85,33,2.65,100,0,10000,1024,7.38,85,33,2.65,100,0,10000,1024,7.38,85,33,2.65,100,0,10000,1024,7.38,85,33,2.65,100,0,10000,1024,7.38,85,33,2.65,100,0,10000,1024,7.38,85,33,2.65,100,0,10000,1024,7.38,85,33,2.65,100,0,10000,1024,7.38,85,33,2.65,100,0,10000,1024,7.38,85,33,2.65,100,0,10000,1024,7.38,85,33,2.65,100,0,10000,1024,7.38,85,33,2.65,100,0,10000
1025,7.84,70,340,3.09,100,0.22,10000,5,0,10,1,1024,7.08,86,71,2.21,100,0,10000,1024,7.08,86,71,2.21,100,0,10000,1024,7.08,86,71,2.21,100,0,10000,1024,7.08,86,71,2.21,100,0,10000,1024,7.08,86,71,2.21,100,0,10000,1024,7.08,86,71,2.21,100,0,10000,1024,7.08,86,71,2.21,100,0,10000,1024,7.08,86,71,2.21,100,0,10000,1024,7.08,86,71,2.21,100,0,10000,1024,7.08,86,71,2.21,100,0,10000,1024,7.08,86,71,2.21,100,0,10000,1024,7.08,86,71,2.21,100,0,10000
1025,7.84,70,340,3.09,100,0.22,10000,8,0,10,1,1024,7.48,87,6,3.32,98,0,10000,1024,7.48,87,6,3.32,98,0,10000,1024,7.48,87,6,3.32,98,0,10000,1024,7.48,87,6,3.32,98,0,10000,1024,7.48,87,6,3.32,98,0,10000,1024,7.48,87,6,3.32,98,0,10000,1024,7.48,87,6,3.32,98,0,10000,1024,7.48,87,6,3.32,98,0,10000,1024,7.48,87,6,3.32,98,0,10000,1024,7.48,87,6,3.32,98,0,10000,1024,7.48,87,6,3.32,98,0,10000,1024,7.48,87,6,3.32,98,0,10000
1025,7.84,70,340,3.09,100,0.22,10000,11,0,10,1,1024,8.9,77,354,4.82,100,0,10000,1024,8.9,77,354,4.82,100,0,10000,1024,8.9,77,354,4.82,100,0,10000,1024,8.9,77,354,4.82,100,0,10000,1024,8.9,77,354,4.82,100,0,10000,1024,8.9,77,354,4.82,100,0,10000,1024,8.9,77,354,4.82,100,0,10000,1024,8.9,77,354,4.82,100,0,10000,1024,8.9,77,354,4.82,100,0,10000,1024,8.9,77,354,4.82,100,0,10000,1024,8.9,77,354,4.82,100,0,10000,1024,8.9,77,354,4.82,100,0,10000
1025,7.84,70,340,3.09,100,0.22,10000,14,0,10,1,1023,9.68,71,14,4.85,100,0,10000,1023,9.68,71,14,4.85,100,0,10000,1023,9.68,71,14,4.85,100,0,10000,1023,9.68,71,14,4.85,100,0,10000,1023,9.68,71,14,4.85,100,0,10000,1023,9.68,71,14,4.85,100,0,10000,1023,9.68,71,14,4.85,100,0,10000,1023,9.68,71,14,4.85,100,0,10000,1023,9.68,71,14,4.85,100,0,10000,1023,9.68,71,14,4.85,100,0,10000,1023,9.68,71,14,4.85,100,0,10000,1023,9.68,71,14,4.85,100,0,10000
1025,7.84,70,340,3.09,100,0.22,10000,17,0,10,1,1022,8.95,76,319,2.14,93,0,10000,1022,8.95,76,319,2.14,93,0,10000,1022,8.95,76,319,2.14,93,0,10000,1022,8.95,76,319,2.14,93,0,10000,1022,8.95,76,319,2.14,93,0,10000,1022,8.95,76,319,2.14,93,0,10000,1022,8.95,76,319,2.14,93,0,10000,1022,8.95,76,319,2.14,93,0,10000,1022,8.95,76,319,2.14,93,0,10000,1022,8.95,76,319,2.14,93,0,10000,1022,8.95,76,319,2.14,93,0,10000,1022,8.95,76,319,2.14,93,0,10000
1025,7.84,70,340,3.09,100,0.22,10000,20,0,10,1,1025,7.79,76,18,4.21,100,0,10000,1025,7.79,76,18,4.21,100,0,10000,1025,7.79,76,18,4.21,100,0,10000,1025,7.79,76,18,4.21,100,0,10000,1025,7.79,76,18,4.21,100,0,10000,1025,7.79,76,18,4.21,100,0,10000,1025,7.79,76,18,4.21,100,0,10000,1025,7.79,76,18,4.21,100,0,10000,1025,7.79,76,18,4.21,100,0,10000,1025,7.79,76,18,4.21,100,0,10000,1025,7.79,76,18,4.21,100,0,10000,1025,7.79,76,18,4.21,100,0,10000
1025,7.84,70,340,3.09,100,0.22,10000,23,0,10,1,1025,7.43,80,20,3.42,100,0,10000,1025,7.43,80,20,3.42,100,0,10000,1025,7.43,80,20,3.42,100,0,10000,1025,7.43,80,20,3.42,100,0,10000,1025,7.43,80,20,3.42,100,0,10000,1025,7.43,80,20,3.42,100,0,10000,1025,7.43,80,20,3.42,100,0,10000,1025,7.43,80,20,3.42,100,0,10000,1025,7.43,80,20,3.42,100,0,10000,1025,7.43,80,20,3.42,100,0,10000,1025,7.43,80,20,3.42,100,0,10000,1025,7.43,80,20,3.42,100,0,10000
1025,7.84,70,340,3.09,100,0.22,10000,2,0,11,1,1024,7.38,85,33,2.65,100,0,10000,1024,7.38,85,33,2.65,100,0,10000,1024,7.38,85,33,2.65,100,0,10000,1024,7.38,85,33,2.65,100,0,10000,1024,7.38,85,33,2.65,100,0,10000,1024,7.38,85,33,2.65,100,0,10000,1024,7.38,85,33,2.65,100,0,10000,1024,7.38,85,33,2.65,100,0,10000,1024,7.38,85,33,2.65,100,0,10000,1024,7.38,85,33,2.65,100,0,10000,1024,7.38,85,33,2.65,100,0,10000,1024,7.38,85,33,2.65,100,0,10000
1025,7.84,70,340,3.09,100,0.22,10000,5,0,11,1,1024,7.08,86,71,2.21,100,0,10000,1024,7.08,86,71,2.21,100,0,10000,1024,7.08,86,71,2.21,100,0,10000,1024,7.08,86,71,2.21,100,0,10000,1024,7.08,86,71,2.21,100,0,10000,1024,7.08,86,71,2.21,100,0,10000,1024,7.08,86,71,2.21,100,0,10000,1024,7.08,86,71,2.21,100,0,10000,1024,7.08,86,71,2.21,100,0,10000,1024,7.08,86,71,2.21,100,0,10000,1024,7.08,86,71,2.21,100,0,10000,1024,7.08,86,71,2.21,100,0,10000
1025,7.84,70,340,3.09,100,0.22,10000,8,0,11,1,1024,7.48,87,6,3.32,98,0,10000,1024,7.48,87,6,3.32,98,0,10000,1024,7.48,87,6,3.32,98,0,10000,1024,7.48,87,6,3.32,98,0,10000,1024,7.48,87,6,3.32,98,0,10000,1024,7.48,87,6,3.32,98,0,10000,1024,7.48,87,6,3.32,98,0,10000,1024,7.48,87,6,3.32,98,0,10000,1024,7.48,87,6,3.32,98,0,10000,1024,7.48,87,6,3.32,98,0,10000,1024,7.48,87,6,3.32,98,0,10000,1024,7.48,87,6,3.32,98,0,10000
1025,7.84,70,340,3.09,100,0.22,10000,11,0,11,1,1024,8.9,77,354,4.82,100,0,10000,1024,8.9,77,354,4.82,100,0,10000,1024,8.9,77,354,4.82,100,0,10000,1024,8.9,77,354,4.82,100,0,10000,1024,8.9,77,354,4.82,100,0,10000,1024,8.9,77,354,4.82,100,0,10000,1024,8.9,77,354,4.82,100,0,10000,1024,8.9,77,354,4.82,100,0,10000,1024,8.9,77,354,4.82,100,0,10000,1024,8.9,77,354,4.82,100,0,10000,1024,8.9,77,354,4.82,100,0,10000,1024,8.9,77,354,4.82,100,0,10000
1025,7.84,70,340,3.09,100,0.22,10000,14,0,11,1,1023,9.68,71,14,4.85,100,0,10000,1023,9.68,71,14,4.85,100,0,10000,1023,9.68,71,14,4.85,100,0,10000,1023,9.68,71,14,4.85,100,0,10000,1023,9.68,71,14,4.85,100,0,10000,1023,9.68,71,14,4.85,100,0,10000,1023,9.68,71,14,4.85,100,0,10000,1023,9.68,71,14,4.85,100,0,10000,1023,9.68,71,14,4.85,100,0,10000,1023,9.68,71,14,4.85,100,0,10000,1023,9.68,71,14,4.85,100,0,10000,1023,9.68,71,14,4.85,100,0,10000
1025,7.84,70,340,3.09,100,0.22,10000,17,0,11,1,1022,8.95,76,319,2.14,93,0,10000,1022,8.95,76,319,2.14,93,0,10000,1022,8.95,76,319,2.14,93,0,10000,1022,8.95,76,319,2.14,93,0,10000,1022,8.95,76,319,2.14,93,0,10000,1022,8.95,76,319,2.14,93,0,10000,1022,8.95,76,319,2.14,93,0,10000,1022,8.95,76,319,2.14,93,0,10000,1022,8.95,76,319,2.14,93,0,10000,1022,8.95,76,319,2.14,93,0,10000,1022,8.95,76,319,2.14,93,0,10000,1022,8.95,76,319,2.14,93,0,10000
1025,7.84,70,340,3.09,100,0.22,10000,20,0,11,1,1025,7.79,76,18,4.21,100,0,10000,1025,7.79,76,18,4.21,100,0,10000,1025,7.79,76,18,4.21,100,0,10000,1025,7.79,76,18,4.21,100,0,10000,1025,7.79,76,18,4.21,100,0,10000,1025,7.79,76,18,4.21,100,0,10000,1025,7.79,76,18,4.21,100,0,10000,1025,7.79,76,18,4.21,100,0,10000,1025,7.79,76,18,4.21,100,0,10000,1025,7.79,76,18,4.21,100,0,10000,1025,7.79,76,18,4.21,100,0,10000,1025,7.79,76,18,4.21,100,0,10000
1025,7.84,70,340,3.09,100,0.22,10000,23,0,11,1,1025,7.43,80,20,3.42,100,0,10000,1025,7.43,80,20,3.42,100,0,10000,1025,7.43,80,20,3.42,100,0,10000,1025,7.43,80,20,3.42,100,0,10000,1025,7.43,80,20,3.42,100,0,10000,1025,7.43,80,20,3.42,100,0,10000,1025,7.43,80,20,3.42,100,0,10000,1025,7.43,80,20,3.42,100,0,10000,1025,7.43,80,20,3.42,100,0,10000,1025,7.43,80,20,3.42,100,0,10000,1025,7.43,80,20,3.42,100,0,10000,1025,7.43,80,20,3.42,100,0,10000
1025,7.84,70,340,3.09,100,0.22,10000,2,0,12,1,1024,7.38,85,33,2.65,100,0,10000,1024,7.38,85,33,2.65,100,0,10000,1024,7.38,85,33,2.65,100,0,10000,1024,7.38,85,33,2.65,100,0,10000,1024,7.38,85,33,2.65,100,0,10000,1024,7.38,85,33,2.65,100,0,10000,1024,7.38,85,33,2.65,100,0,10000,1024,7.38,85,33,2.65,100,0,10000,1024,7.38,85,33,2.65,100,0,10000,1024,7.38,85,33,2.65,100,0,10000,1024,7.38,85,33,2.65,100,0,10000,1024,7.38,85,33,2.65,100,0,10000
1025,7.84,70,340,3.09,100,0.22,10000,5,0,12,1,1024,7.08,86,71,2.21,100,0,10000,1024,7.08,86,71,2.21,100,0,10000,1024,7.08,86,71,2.21,100,0,10000,1024,7.08,86,71,2.21,100,0,10000,1024,7.08,86,71,2.21,100,0,10000,1024,7.08,86,71,2.21,100,0,10000,1024,7.08,86,71,2.21,100,0,10000,1024,7.08,86,71,2.21,100,0,10000,1024,7.08,86,71,2.21,100,0,10000,1024,7.08,86,71,2.21,100,0,10000,1024,7.08,86,71,2.21,100,0,10000,1024,7.08,86,71,2.21,100,0,10000
1025,7.84,70,340,3.09,100,0.22,10000,8,0,12,1,1024,7.48,87,6,3.32,98,0,10000,1024,7.48,87,6,3.32,98,0,10000,1024,7.48,87,6,3.32,98,0,10000,1024,7.48,87,6,3.32,98,0,10000,1024,7.48,87,6,3.32,98,0,10000,1024,7.48,87,6,3.32,98,0,10000,1024,7.48,87,6,3.32,98,0,10000,1024,7.48,87,6,3.32,98,0,10000,1024,7.48,87,6,3.32,98,0,10000,1024,7.48,87,6,3.32,98,0,10000,1024,7.48,87,6,3.32,98,0,10000,1024,7.48,87,6,3.32,98,0,10000
1025,7.84,70,340,3.09,100,0.22,10000,11,0,12,1,1024,8.9,77,354,4.82,100,0,10000,1024,8.9,77,354,4.82,100,0,10000,1024,8.9,77,354,4.82,100,0,10000,1024,8.9,77,354,4.82,100,0,10000,1024,8.9,77,354,4.82,100,0,10000,1024,8.9,77,354,4.82,100,0,10000,1024,8.9,77,354,4.82,100,0,10000,1024,8.9,77,354,4.82,100,0,10000,1024,8.9,77,354,4.82,100,0,10000,1024,8.9,77,354,4.82,100,0,10000,1024,8.9,77,354,4.82,100,0,10000,1024,8.9,77,354,4.82,100,0,10000
1025,7.84,70,340,3.09,100,0.22,10000,14,0,12,1,1023,9.68,71,14,4.85,100,0,10000,1023,9.68,71,14,4.85,100,0,10000,1023,9.68,71,14,4.85,100,0,10000,1023,9.68,71,14,4.85,100,0,10000,1023,9.68,71,14,4.85,100,0,10000,1023,9.68,71,14,4.85,100,0,10000,1023,9.68,71,14,4.85,100,0,10000,1023,9.68,71,14,4.85,100,0,10000,1023,9.68,71,14,4.85,100,0,10000,1023,9.68,71,14,4.85,100,0,10000,1023,9.68,71,14,4.85,100,0,10000,1023,9.68,71,14,4.85,100,0,10000
1025,7.84,70,340,3.09,100,0.22,10000,17,0,12,1,1022,8.95,76,319,2.14,93,0,10000,1022,8.95,76,319,2.14,93,0,10000,1022,8.95,76,319,2.14,93,0,10000,1022,8.95,76,319,2.14,93,0,10000,1022,8.95,76,319,2.14,93,0,10000,1022,8.95,76,319,2.14,93,0,10000,1022,8.95,76,319,2.14,93,0,10000,1022,8.95,76,319,2.14,93,0,10000,1022,8.95,76,319,2.14,93,0,10000,1022,8.95,76,319,2.14,93,0,10000,1022,8.95,76,319,2.14,93,0,10000,1022,8.95,76,319,2.14,93,0,10000
1025,7.84,70,340,3.09,100,0.22,10000,20,0,12,1,1025,7.79,76,18,4.21,100,0,10000,1025,7.79,76,18,4.21,100,0,10000,1025,7.79,76,18,4.21,100,0,10000,1025,7.79,76,18,4.21,100,0,10000,1025,7.79,76,18,4.21,100,0,10000,1025,7.79,76,18,4.21,100,0,10000,1025,7.79,76,18,4.21,100,0,10000,1025,7.79,76,18,4.21,100,0,10000,1025,7.79,76,18,4.21,100,0,10000,1025,7.79,76,18,4.21,100,0,10000,1025,7.79,76,18,4.21,100,0,10000,1025,7.79,76,18,4.21,100,0,10000
1025,7.84,70,340,3.09,100,0.22,10000,23,0,12,1,1025,7.43,80,20,3.42,100,0,10000,1025,7.43,80,20,3.42,100,0,10000,1025,7.43,80,20,3.42,100,0,10000,1025,7.43,80,20,3.42,100,0,10000,1025,7.43,80,20,3.42,100,0,10000,1025,7.43,80,20,3.42,100,0,10000,1025,7.43,80,20,3.42,100,0,10000,1025,7.43,80,20,3.42,100,0,10000,1025,7.43,80,20,3.42,100,0,10000,1025,7.43,80,20,3.42,100,0,10000,1025,7.43,80,20,3.42,100,0,10000,1025,7.43,80,20,3.42,100,0,10000
1025,7.84,70,340,3.09,100,0.22,10000,2,0,13,1,1024,7.38,85,33,2.65,100,0,10000,1024,7.38,85,33,2.65,100,0,10000,1024,7.38,85,33,2.65,100,0,10000,1024,7.38,85,33,2.65,100,0,10000,1024,7.38,85,33,2.65,100,0,10000,1024,7.38,85,33,2.65,100,0,10000,1024,7.38,85,33,2.65,100,0,10000,1024,7.38,85,33,2.65,100,0,10000,1024,7.38,85,33,2.65,100,0,10000,1024,7.38,85,33,2.65,100,0,10000,1024,7.38,85,33,2.65,100,0,10000,1024,7.38,85,33,2.65,100,0,10000
1025,7.84,70,340,3.09,100,0.22,10000,5,0,13,1,1024,7.08,86,71,2.21,100,0,10000,1024,7.08,86,71,2.21,100,0,10000,1024,7.08,86,71,2.21,100,0,10000,1024,7.08,86,71,2.21,100,0,10000,1024,7.08,86,71,2.21,100,0,10000,1024,7.08,86,71,2.21,100,0,10000,1024,7.08,86,71,2.21,100,0,10000,1024,7.08,86,71,2.21,100,0,10000,1024,7.08,86,71,2.21,100,0,10000,1024,7.08,86,71,2.21,100,0,10000,1024,7.08,86,71,2.21,100,0,10000,1024,7.08,86,71,2.21,100,0,10000
1025,7.84,70,340,3.09,100,0.22,10000,8,0,13,1,1024,7.48,87,6,3.32,98,0,10000,1024,7.48,87,6,3.32,98,0,10000,1024,7.48,87,6,3.32,98,0,10000,1024,7.48,87,6,3.32,98,0,10000,1024,7.48,87,6,3.32,98,0,10000,1024,7.48,87,6,3.32,98,0,10000,1024,7.48,87,6,3.32,98,0,10000,1024,7.48,87,6,3.32,98,0,10000,1024,7.48,87,6,3.32,98,0,10000,1024,7.48,87,6,3.32,98,0,10000,1024,7.48,87,6,3.32,98,0,10000,1024,7.48,87,6,3.32,98,0,10000
1025,7.84,70,340,3.09,100,0.22,10000,11,0,13,1,1024,8.9,77,354,4.82,100,0,10000,1024,8.9,77,354,4.82,100,0,10000,1024,8.9,77,354,4.82,100,0,10000,1024,8.9,77,354,4.82,100,0,10000,1024,8.9,77,354,4.82,100,0,10000,1024,8.9,77,354,4.82,100,0,10000,1024,8.9,77,354,4.82,100,0,10000,1024,8.9,77,354,4.82,100,0,10000,1024,8.9,77,354,4.82,100,0,10000,1024,8.9,77,354,4.82,100,0,10000,1024,8.9,77,354,4.82,100,0,10000,1024,8.9,77,354,4.82,100,0,10000
1025,7.84,70,340,3.09,100,0.22,10000,14,0,13,1,1023,9.68,71,14,4.85,100,0,10000,1023,9.68,71,14,4.85,100,0,10000,1023,9.68,71,14,4.85,100,0,10000,1023,9.68,71,14,4.85,100,0,10000,1023,9.68,71,14,4.85,100,0,10000,1023,9.68,71,14,4.85,100,0,10000,1023,9.68,71,14,4.85,100,0,10000,1023,9.68,71,14,4.85,100,0,10000,1023,9.68,71,14,4.85,100,0,10000,1023,9.68,71,14,4.85,100,0,10000,1023,9.68,71,14,4.85,100,0,10000,1023,9.68,71,14,4.85,100,0,10000
1025,7.84,70,340,3.09,100,0.22,10000,17,0,13,1,1022,8.95,76,319,2.14,93,0,10000,1022,8.95,76,319,2.14,93,0,10000,1022,8.95,76,319,2.14,93,0,10000,1022,8.95,76,319,2.14,93,0,10000,1022,8.95,76,319,2.14,93,0,10000,1022,8.95,76,319,2.14,93,0,10000,1022,8.95,76,319,2.14,93,0,10000,1022,8.95,76,319,2.14,93,0,10000,1022,8.95,76,319,2.14,93,0,10000,1022,8.95,76,319,2.14,93,0,10000,1022,8.95,76,319,2.14,93,0,10000,1022,8.95,76,319,2.14,93,0,10000
1025,7.84,70,340,3.09,100,0.22,10000,20,0,13,1,1025,7.79,76,18,4.21,100,0,10000,1025,7.79,76,18,4.21,100,0,10000,1025,7.79,76,18,4.21,100,0,10000,1025,7.79,76,18,4.21,100,0,10000,1025,7.79,76,18,4.21,100,0,10000,1025,7.79,76,18,4.21,100,0,10000,1025,7.79,76,18,4.21,100,0,10000,1025,7.79,76,18,4.21,100,0,10000,1025,7.79,76,18,4.21,100,0,10000,1025,7.79,76,18,4.21,100,0,10000,1025,7.79,76,18,4.21,100,0,10000,1025,7.79,76,18,4.21,100,0,10000
1025,7.84,70,340,3.09,100,0.22,10000,23,0,13,1,1025,7.43,80,20,3.42,100,0,10000,1025,7.43,80,20,3.42,100,0,10000,1025,7.43,80,20,3.42,100,0,10000,1025,7.43,80,20,3.42,100,0,10000,1025,7.43,80,20,3.42,100,0,10000,1025,7.43,80,20,3.42,100,0,10000,1025,7.43,80,20,3.42,100,0,10000,1025,7.43,80,20,3.42,100,0,10000,1025,7.43,80,20,3.42,100,0,10000,1025,7.43,80,20,3.42,100,0,10000,1025,7.43,80,20,3.42,100,0,10000,1025,7.43,80,20,3.42,100,0,10000
1025,7.84,70,340,3.09,100,0.22,10000,2,0,14,1,1024,7.38,85,33,2.65,100,0,10000,1024,7.38,85,33,2.65,100,0,10000,1024,7.38,85,33,2.65,100,0,10000,1024,7.38,85,33,2.65,100,0,10000,1024,7.38,85,33,2.65,100,0,10000,1024,7.38,85,33,2.65,100,0,10000,1024,7.38,85,33,2.65,100,0,10000,1024,7.38,85,33,2.65,100,0,10000,1024,7.38,85,33,2.65,100,0,10000,1024,7.38,85,33,2.65,100,0,10000,1024,7.38,85,33,2.65,100,0,10000,1024,7.38,85,33,2.65,100,0,10000
1025,7.84,70,340,3.09,100,0.22,10000,5,0,14,1,1024,7.08,86,71,2.21,100,0,10000,1024,7.08,86,71,2.21,100,0,10000,1024,7.08,86,71,2.21,100,0,10000,1024,7.08,86,71,2.21,100,0,10000,1024,7.08,86,71,2.21,100,0,10000,1024,7.08,86,71,2.21,100,0,10000,1024,7.08,86,71,2.21,100,0,10000,1024,7.08,86,71,2.21,100,0,10000,1024,7.08,86,71,2.21,100,0,10000,1024,7.08,86,71,2.21,100,0,10000,1024,7.08,86,71,2.21,100,0,10000,1024,7.08,86,71,2.21,100,0,10000
1025,7.84,70,340,3.09,100,0.22,10000,8,0,14,1,1024,7.48,87,6,3.32,98,0,10000,1024,7.48,87,6,3.32,98,0,10000,1024,7.48,87,6,3.32,98,0,10000,1024,7.48,87,6,3.32,98,0,10000,1024,7.48,87,6,3.32,98,0,10000,1024,7.48,87,6,3.32,98,0,10000,1024,7.48,87,6,3.32,98,0,10000,1024,7.48,87,6,3.32,98,0,10000,1024,7.48,87,6,3.32,98,0,10000,1024,7.48,87,6,3.32,98,0,10000,1024,7.48,87,6,3.32,98,0,10000,1024,7.48,87,6,3.32,98,0,10000
1025,7.84,70,340,3.09,100,0.22,10000,11,0,14,1,1024,8.9,77,354,4.82,100,0,10000,1024,8.9,77,354,4.82,100,0,10000,1024,8.9,77,354,4.82,100,0,10000,1024,8.9,77,354,4.82,100,0,10000,1024,8.9,77,354,4.82,100,0,10000,1024,8.9,77,354,4.82,100,0,10000,1024,8.9,77,354,4.82,100,0,10000,1024,8.9,77,354,4.82,100,0,10000,1024,8.9,77,354,4.82,100,0,10000,1024,8.9,77,354,4.82,100,0,10000,1024,8.9,77,354,4.82,100,0,10000,1024,8.9,77,354,4.82,100,0,10000
1025,7.84,70,340,3.09,100,0.22,10000,14,0,14,1,1023,9.68,71,14,4.85,100,0,10000,1023,9.68,71,14,4.85,100,0,10000,1023,9.68,71,14,4.85,100,0,10000,1023,9.68,71,14,4.85,100,0,10000,1023,9.68,71,14,4.85,100,0,10000,1023,9.68,71,14,4.85,100,0,10000,1023,9.68,71,14,4.85,100,0,10000,1023,9.68,71,14,4.85,100,0,10000,1023,9.68,71,14,4.85,100,0,10000,1023,9.68,71,14,4.85,100,0,10000,1023,9.68,71,14,4.85,100,0,10000,1023,9.68,71,14,4.85,100,0,10000
1025,7.84,70,340,3.09,100,0.22,10000,17,0,14,1,1022,8.95,76,319,2.14,93,0,10000,1022,8.95,76,319,2.14,93,0,10000,1022,8.95,76,319,2.14,93,0,10000,1022,8.95,76,319,2.14,93,0,10000,1022,8.95,76,319,2.14,93,0,10000,1022,8.95,76,319,2.14,93,0,10000,1022,8.95,76,319,2.14,93,0,10000,1022,8.95,76,319,2.14,93,0,10000,1022,8.95,76,319,2.14,93,0,10000,1022,8.95,76,319,2.14,93,0,10000,1022,8.95,76,319,2.14,93,0,10000,1022,8.95,76,319,2.14,93,0,10000
1025,7.84,70,340,3.09,100,0.22,10000,20,0,14,1,1025,7.79,76,18,4.21,100,0,10000,1025,7.79,76,18,4.21,100,0,10000,1025,7.79,76,18,4.21,100,0,10000,1025,7.79,76,18,4.21,100,0,10000,1025,7.79,76,18,4.21,100,0,10000,1025,7.79,76,18,4.21,100,0,10000,1025,7.79,76,18,4.21,100,0,10000,1025,7.79,76,18,4.21,100,0,10000,1025,7.79,76,18,4.21,100,0,10000,1025,7.79,76,18,4.21,100,0,10000,1025,7.79,76,18,4.21,100,0,10000,1025,7.79,76,18,4.21,100,0,10000
1025,7.84,70,340,3.09,100,0.22,10000,23,0,14,1,1025,7.43,80,20,3.42,100,0,10000,1025,7.43,80,20,3.42,100,0,10000,1025,7.43,80,20,3.42,100,0,10000,1025,7.43,80,20,3.42,100,0,10000,1025,7.43,80,20,3.42,100,0,10000,1025,7.43,80,20,3.42,100,0,10000,1025,7.43,80,20,3.42,100,0,10000,1025,7.43,80,20,3.42,100,0,10000,1025,7.43,80,20,3.42,100,0,10000,1025,7.43,80,20,3.42,100,0,10000,1025,7.43,80,20,3.42,100,0,10000,1025,7.43,80,20,3.42,100,0,10000
1025,7.84,70,340,3.09,100,0.22,10000,2,0,15,1,1024,7.38,85,33,2.65,100,0,10000,1024,7.38,85,33,2.65,100,0,10000,1024,7.38,85,33,2.65,100,0,10000,1024,7.38,85,33,2.65,100,0,10000,1024,7.38,85,33,2.65,100,0,10000,1024,7.38,85,33,2.65,100,0,10000,1024,7.38,85,33,2.65,100,0,10000,1024,7.38,85,33,2.65,100,0,10000,1024,7.38,85,33,2.65,100,0,10000,1024,7.38,85,33,2.65,100,0,10000,1024,7.38,85,33,2.65,100,0,10000,1024,7.38,85,33,2.65,100,0,10000
1025,7.84,70,340,3.09,100,0.22,10000,5,0,15,1,1024,7.08,86,71,2.21,100,0,10000,1024,7.08,86,71,2.21,100,0,10000,1024,7.08,86,71,2.21,100,0,10000,1024,7.08,86,71,2.21,100,0,10000,1024,7.08,86,71,2.21,100,0,10000,1024,7.08,86,71,2.21,100,0,10000,1024,7.08,86,71,2.21,100,0,10000,1024,7.08,86,71,2.21,100,0,10000,1024,7.08,86,71,2.21,100,0,10000,1024,7.08,86,71,2.21,100,0,10000,1024,7.08,86,71,2.21,100,0,10000,1024,7.08,86,71,2.21,100,0,10000
1025,7.84,70,340,3.09,100,0.22,10000,8,0,15,1,1024,7.48,87,6,3.32,98,0,10000,1024,7.48,87,6,3.32,98,0,10000,1024,7.48,87,6,3.32,98,0,10000,1024,7.48,87,6,3.32,98,0,10000,1024,7.48,87,6,3.32,98,0,10000,1024,7.48,87,6,3.32,98,0,10000,1024,7.48,87,6,3.32,98,0,10000,1024,7.48,87,6,3.32,98,0,10000,1024,7.48,87,6,3.32,98,0,10000,1024,7.48,87,6,3.32,98,0,10000,1024,7.48,87,6,3.32,98,0,10000,1024,7.48,87,6,3.32,98,0,10000
1025,7.84,70,340,3.09,100,0.22,10000,11,0,15,1,1024,8.9,77,354,4.82,100,0,10000,1024,8.9,77,354,4.82,100,0,10000,1024,8.9,77,354,4.82,100,0,10000,1024,8.9,77,354,4.82,100,0,10000,1024,8.9,77,354,4.82,100,0,10000,1024,8.9,77,354,4.82,100,0,10000,1024,8.9,77,354,4.82,100,0,10000,1024,8.9,77,354,4.82,100,0,10000,1024,8.9,77,354,4.82,100,0,10000,1024,8.9,77,354,4.82,100,0,10000,1024,8.9,77,354,4.82,100,0,10000,1024,8.9,77,354,4.82,100,0,10000
1025,7.84,70,340,3.09,100,0.22,10000,14,0,15,1,1023,9.68,71,14,4.85,100,0,10000,1023,9.68,71,14,4.85,100,0,10000,1023,9.68,71,14,4.85,100,0,10000,1023,9.68,71,14,4.85,100,0,10000,1023,9.68,71,14,4.85,100,0,10000,1023,9.68,71,14,4.85,100,0,10000,1023,9.68,71,14,4.85,100,0,10000,1023,9.68,71,14,4.85,100,0,10000,1023,9.68,71,14,4.85,100,0,10000,1023,9.68,71,14,4.85,100,0,10000,1023,9.68,71,14,4.85,100,0,10000,1023,9.68,71,14,4.85,100,0,10000
1025,7.84,70,340,3.09,100,0.22,10000,17,0,15,1,1022,8.95,76,319,2.14,93,0,10000,1022,8.95,76,319,2.14,93,0,10000,1022,8.95,76,319,2.14,93,0,10000,1022,8.95,76,319,2.14,93,0,10000,1022,8.95,76,319,2.14,93,0,10000,1022,8.95,76,319,2.14,93,0,10000,1022,8.95,76,319,2.14,93,0,10000,1022,8.95,76,319,2.14,93,0,10000,1022,8.95,76,319,2.14,93,0,10000,1022,8.95,76,319,2.14,93,0,10000,1022,8.95,76,319,2.14,93,0,10000,1022,8.95,76,319,2.14,93,0,10000
1025,7.84,70,340,3.09,100,0.22,10000,20,0,15,1,1025,7.79,76,18,4.21,100,0,10000,1025,7.79,76,18,4.21,100,0,10000,1025,7.79,76,18,4.21,100,0,10000,1025,7.79,76,18,4.21,100,0,10000,1025,7.79,76,18,4.21,100,0,10000,1025,7.79,76,18,4.21,100,0,10000,1025,7.79,76,18,4.21,100,0,10000,1025,7.79,76,18,4.21,100,0,10000,1025,7.79,76,18,4.21,100,0,10000,1025,7.79,76,18,4.21,100,0,10000,1025,7.79,76,18,4.21,100,0,10000,1025,7.79,76,18,4.21,100,0,10000
1025,7.84,70,340,3.09,100,0.22,10000,23,0,15,1,1025,7.43,80,20,3.42,100,0,10000,1025,7.43,80,20,3.42,100,0,10000,1025,7.43,80,20,3.42,100,0,10000,1025,7.43,80,20,3.42,100,0,10000,1025,7.43,80,20,3.42,100,0,10000,1025,7.43,80,20,3.42,100,0,10000,1025,7.43,80,20,3.42,100,0,10000,1025,7.43,80,20,3.42,100,0,10000,1025,7.43,80,20,3.42,100,0,10000,1025,7.43,80,20,3.42,100,0,10000,1025,7.43,80,20,3.42,100,0,10000,1025,7.43,80,20,3.42,100,0,10000
1025,7.84,70,340,3.09,100,0.22,10000,2,0,16,1,1024,7.38,85,33,2.65,100,0,10000,1024,7.38,85,33,2.65,100,0,10000,1024,7.38,85,33,2.65,100,0,10000,1024,7.38,85,33,2.65,100,0,10000,1024,7.38,85,33,2.65,100,0,10000,1024,7.38,85,33,2.65,100,0,10000,1024,7.38,85,33,2.65,100,0,10000,1024,7.38,85,33,2.65,100,0,10000,1024,7.38,85,33,2.65,100,0,10000,1024,7.38,85,33,2.65,100,0,10000,1024,7.38,85,33,2.65,100,0,10000,1024,7.38,85,33,2.65,100,0,10000
1025,7.84,70,340,3.09,100,0.22,10000,5,0,16,1,1024,7.08,86,71,2.21,100,0,10000,1024,7.08,86,71,2.21,100,0,10000,1024,7.08,86,71,2.21,100,0,10000,1024,7.08,86,71,2.21,100,0,10000,1024,7.08,86,71,2.21,100,0,10000,1024,7.08,86,71,2.21,100,0,10000,1024,7.08,86,71,2.21,100,0,10000,1024,7.08,86,71,2.21,100,0,10000,1024,7.08,86,71,2.21,100,0,10000,1024,7.08,86,71,2.21,100,0,10000,1024,7.08,86,71,2.21,100,0,10000,1024,7.08,86,71,2.21,100,0,10000
1025,7.84,70,340,3.09,100,0.22,10000,8,0,16,1,1024,7.48,87,6,3.32,98,0,10000,1024,7.48,87,6,3.32,98,0,10000,1024,7.48,87,6,3.32,98,0,10000,1024,7.48,87,6,3.32,98,0,10000,1024,7.48,87,6,3.32,98,0,10000,1024,7.48,87,6,3.32,98,0,10000,1024,7.48,87,6,3.32,98,0,10000,1024,7.48,87,6,3.32,98,0,10000,1024,7.48,87,6,3.32,98,0,10000,1024,7.48,87,6,3.32,98,0,10000,1024,7.48,87,6,3.32,98,0,10000,1024,7.48,87,6,3.32,98,0,10000
1025,7.84,70,340,3.09,100,0.22,10000,11,0,16,1,1024,8.9,77,354,4.82,100,0,10000,1024,8.9,77,354,4.82,100,0,10000,1024,8.9,77,354,4.82,100,0,10000,1024,8.9,77,354,4.82,100,0,10000,1024,8.9,77,354,4.82,100,0,10000,1024,8.9,77,354,4.82,100,0,10000,1024,8.9,77,354,4.82,100,0,10000,1024,8.9,77,354,4.82,100,0,10000,1024,8.9,77,354,4.82,100,0,10000,1024,8.9,77,354,4.82,100,0,10000,1024,8.9,77,354,4.82,100,0,10000,1024,8.9,77,354,4.82,100,0,10000
1025,7.84,70,340,3.09,100,0.22,10000,14,0,16,1,1023,9.68,71,14,4.85,100,0,10000,1023,9.68,71,14,4.85,100,0,10000,1023,9.68,71,14,4.85,100,0,10000,1023,9.68,71,14,4.85,100,0,10000,1023,9.68,71,14,4.85,100,0,10000,1023,9.68,71,14,4.85,100,0,10000,1023,9.68,71,14,4.85,100,0,10000,1023,9.68,71,14,4.85,100,0,10000,1023,9.68,71,14,4.85,100,0,10000,1023,9.68,71,14,4.85,100,0,10000,1023,9.68,71,14,4.85,100,0,10000,1023,9.68,71,14,4.85,100,0,10000
1025,7.84,70,340,3.09,100,0.22,10000,17,0,16,1,1022,8.95,76,319,2.14,93,0,10000,1022,8.95,76,319,2.14,93,0,10000,1022,8.95,76,319,2.14,93,0,10000,1022,8.95,76,319,2.14,93,0,10000,1022,8.95,76,319,2.14,93,0,10000,1022,8.95,76,319,2.14,93,0,10000,1022,8.95,76,319,2.14,93,0,10000,1022,8.95,76,319,2.14,93,0,10000,1022,8.95,76,319,2.14,93,0,10000,1022,8.95,76,319,2.14,93,0,10000,1022,8.95,76,319,2.14,93,0,10000,1022,8.95,76,319,2.14,93,0,10000
1025,7.84,70,340,3.09,100,0.22,10000,20,0,16,1,1025,7.79,76,18,4.21,100,0,10000,1025,7.79,76,18,4.21,100,0,10000,1025,7.79,76,18,4.21,100,0,10000,1025,7.79,76,18,4.21,100,0,10000,1025,7.79,76,18,4.21,100,0,10000,1025,7.79,76,18,4.21,100,0,10000,1025,7.79,76,18,4.21,100,0,10000,1025,7.79,76,18,4.21,100,0,10000,1025,7.79,76,18,4.21,100,0,10000,1025,7.79,76,18,4.21,100,0,10000,1025,7.79,76,18,4.21,100,0,10000,1025,7.79,76,18,4.21,100,0,10000
1025,7.84,70,340,3.09,100,0.22,10000,23,0,16,1,1025,7.43,80,20,3.42,100,0,10000,1025,7.43,80,20,3.42,100,0,10000,1025,7.43,80,20,3.42,100,0,10000,1025,7.43,80,20,3.42,100,0,10000,1025,7.43,80,20,3.42,100,0,10000,1025,7.43,80,20,3.42,100,0,10000,1025,7.43,80,20,3.42,100,0,10000,1025,7.43,80,20,3.42,100,0,10000,1025,7.43,80,20,3.42,100,0,10000,1025,7.43,80,20,3.42,100,0,10000,1025,7.43,80,20,3.42,100,0,10000,1025,7.43,80,20,3.42,100,0,10000
1025,7.84,70,340,3.09,100,0.22,10000,2,0,17,1,1024,7.38,85,33,2.65,100,0,10000,1024,7.38,85,33,2.65,100,0,10000,1024,7.38,85,33,2.65,100,0,10000,1024,7.38,85,33,2.65,100,0,10000,1024,7.38,85,33,2.65,100,0,10000,1024,7.38,85,33,2.65,100,0,10000,1024,7.38,85,33,2.65,100,0,10000,1024,7.38,85,33,2.65,100,0,10000,1024,7.38,85,33,2.65,100,0,10000,1024,7.38,85,33,2.65,100,0,10000,1024,7.38,85,33,2.65,100,0,10000,1024,7.38,85,33,2.65,100,0,10000
1025,7.84,70,340,3.09,100,0.22,10000,5,0,17,1,1024,7.08,86,71,2.21,100,0,10000,1024,7.08,86,71,2.21,100,0,10000,1024,7.08,86,71,2.21,100,0,10000,1024,7.08,86,71,2.21,100,0,10000,1024,7.08,86,71,2.21,100,0,10000,1024,7.08,86,71,2.21,100,0,10000,1024,7.08,86,71,2.21,100,0,10000,1024,7.08,86,71,2.21,100,0,10000,1024,7.08,86,71,2.21,100,0,10000,1024,7.08,86,71,2.21,100,0,10000,1024,7.08,86,71,2.21,100,0,10000,1024,7.08,86,71,2.21,100,0,10000
1025,7.84,70,340,3.09,100,0.22,10000,8,0,17,1,1024,7.48,87,6,3.32,98,0,10000,1024,7.48,87,6,3.32,98,0,10000,1024,7.48,87,6,3.32,98,0,10000,1024,7.48,87,6,3.32,98,0,10000,1024,7.48,87,6,3.32,98,0,10000,1024,7.48,87,6,3.32,98,0,10000,1024,7.48,87,6,3.32,98,0,10000,1024,7.48,87,6,3.32,98,0,10000,1024,7.48,87,6,3.32,98,0,10000,1024,7.48,87,6,3.32,98,0,10000,1024,7.48,87,6,3.32,98,0,10000,1024,7.48,87,6,3.32,98,0,10000
1025,7.84,70,340,3.09,100,0.22,10000,11,0,17,1,1024,8.9,77,354,4.82,100,0,10000,1024,8.9,77,354,4.82,100,0,10000,1024,8.9,77,354,4.82,100,0,10000,1024,8.9,77,354,4.82,100,0,10000,1024,8.9,77,354,4.82,100,0,10000,1024,8.9,77,354,4.82,100,0,10000,1024,8.9,77,354,4.82,100,0,10000,1024,8.9,77,354,4.82,100,0,10000,1024,8.9,77,354,4.82,100,0,10000,1024,8.9,77,354,4.82,100,0,10000,1024,8.9,77,354,4.82,100,0,10000,1024,8.9,77,354,4.82,100,0,10000
1025,7.84,70,340,3.09,100,0.22,10000,14,0,17,1,1023,9.68,71,14,4.85,100,0,10000,1023,9.68,71,14,4.85,100,0,10000,1023,9.68,71,14,4.85,100,0,10000,1023,9.68,71,14,4.85,100,0,10000,1023,9.68,71,14,4.85,100,0,10000,1023,9.68,71,14,4.85,100,0,10000,1023,9.68,71,14,4.85,100,0,10000,1023,9.68,71,14,4.85,100,0,10000,1023,9.68,71,14,4.85,100,0,10000,1023,9.68,71,14,4.85,100,0,10000,1023,9.68,71,14,4.85,100,0,10000,1023,9.68,71,14,4.85,100,0,10000
1025,7.84,70,340,3.09,100,0.22,10000,17,0,17,1,1022,8.95,76,319,2.14,93,0,10000,1022,8.95,76,319,2.14,93,0,10000,1022,8.95,76,319,2.14,93,0,10000,1022,8.95,76,319,2.14,93,0,10000,1022,8.95,76,319,2.14,93,0,10000,1022,8.95,76,319,2.14,93,0,10000,1022,8.95,76,319,2.14,93,0,10000,1022,8.95,76,319,2.14,93,0,10000,1022,8.95,76,319,2.14,93,0,10000,1022,8.95,76,319,2.14,93,0,10000,1022,8.95,76,319,2.14,93,0,10000,1022,8.95,76,319,2.14,93,0,10000
1025,7.84,70,340,3.09,100,0.22,10000,20,0,17,1,1025,7.79,76,18,4.21,100,0,10000,1025,7.79,76,18,4.21,100,0,10000,1025,7.79,76,18,4.21,100,0,10000,1025,7.79,76,18,4.21,100,0,10000,1025,7.79,76,18,4.21,100,0,10000,1025,7.79,76,18,4.21,100,0,10000,1025,7.79,76,18,4.21,100,0,10000,1025,7.79,76,18,4.21,100,0,10000,1025,7.79,76,18,4.21,100,0,10000,1025,7.79,76,18,4.21,100,0,10000,1025,7.79,76,18,4.21,100,0,10000,1025,7.79,76,18,4.21,100,0,10000
1025,7.84,70,340,3.09,100,0.22,10000,23,0,17,1,1025,7.43,80,20,3.42,100,0,10000,1025,7.43,80,20,3.42,100,0,10000,1025,7.43,80,20,3.42,100,0,10000,1025,7.43,80,20,3.42,100,0,10000,1025,7.43,80,20,3.42,100,0,10000,1025,7.43,80,20,3.42,100,0,10000,1025,7.43,80,20,3.42,100,0,10000,1025,7.43,80,20,3.42,100,0,10000,1025,7.43,80,20,3.42,100,0,10000,1025,7.43,80,20,3.42,100,0,10000,1025,7.43,80,20,3.42,100,0,10000,1025,7.43,80,20,3.42,100,0,10000
1025,7.84,70,340,3.09,100,0.22,10000,2,0,18,1,1024,7.38,85,33,2.65,100,0,10000,1024,7.38,85,33,2.65,100,0,10000,1024,7.38,85,33,2.65,100,0,10000,1024,7.38,85,33,2.65,100,0,10000,1024,7.38,85,33,2.65,100,0,10000,1024,7.38,85,33,2.65,100,0,10000,1024,7.38,85,33,2.65,100,0,10000,1024,7.38,85,33,2.65,100,0,10000,1024,7.38,85,33,2.65,100,0,10000,1024,7.38,85,33,2.65,100,0,10000,1024,7.38,85,33,2.65,100,0,10000,1024,7.38,85,33,2.65,100,0,10000
1025,7.84,70,340,3.09,100,0.22,10000,5,0,18,1,1024,7.08,86,71,2.21,100,0,10000,1024,7.08,86,71,2.21,100,0,10000,1024,7.08,86,71,2.21,100,0,10000,1024,7.08,86,71,2.21,100,0,10000,1024,7.08,86,71,2.21,100,0,10000,1024,7.08,86,71,2.21,100,0,10000,1024,7.08,86,71,2.21,100,0,10000,1024,7.08,86,71,2.21,100,0,10000,1024,7.08,86,71,2.21,100,0,10000,1024,7.08,86,71,2.21,100,0,10000,1024,7.08,86,71,2.21,100,0,10000,1024,7.08,86,71,2.21,100,0,10000
1025,7.84,70,340,3.09,100,0.22,10000,8,0,18,1,1024,7.48,87,6,3.32,98,0,10000,1024,7.48,87,6,3.32,98,0,10000,1024,7.48,87,6,3.32,98,0,10000,1024,7.48,87,6,3.32,98,0,10000,1024,7.48,87,6,3.32,98,0,10000,1024,7.48,87,6,3.32,98,0,10000,1024,7.48,87,6,3.32,98,0,10000,1024,7.48,87,6,3.32,98,0,10000,1024,7.48,87,6,3.32,98,0,10000,1024,7.48,87,6,3.32,98,0,10000,1024,7.48,87,6,3.32,98,0,10000,1024,7.48,87,6,3.32,98,0,10000
1025,7.84,70,340,3.09,100,0.22,10000,11,0,18,1,1024,8.9,77,354,4.82,100,0,10000,1024,8.9,77,354,4.82,100,0,10000,1024,8.9,77,354,4.82,100,0,10000,1024,8.9,77,354,4.82,100,0,10000,1024,8.9,77,354,4.82,100,0,10000,1024,8.9,77,354,4.82,100,0,10000,1024,8.9,77,354,4.82,100,0,10000,1024,8.9,77,354,4.82,100,0,10000,1024,8.9,77,354,4.82,100,0,10000,1024,8.9,77,354,4.82,100,0,10000,1024,8.9,77,354,4.82,100,0,10000,1024,8.9,77,354,4.82,100,0,10000
1025,7.84,70,340,3.09,100,0.22,10000,14,0,18,1,1023,9.68,71,14,4.85,100,0,10000,1023,9.68,71,14,4.85,100,0,10000,1023,9.68,71,14,4.85,100,0,10000,1023,9.68,71,14,4.85,100,0,10000,1023,9.68,71,14,4.85,100,0,10000,1023,9.68,71,14,4.85,100,0,10000,1023,9.68,71,14,4.85,100,0,10000,1023,9.68,71,14,4.85,100,0,10000,1023,9.68,71,14,4.85,100,0,10000,1023,9.68,71,14,4.85,100,0,10000,1023,9.68,71,14,4.85,100,0,10000,1023,9.68,71,14,4.85,100,0,10000
1025,7.84,70,340,3.09,100,0.22,10000,17,0,18,1,1022,8.95,76,319,2.14,93,0,10000,1022,8.95,76,319,2.14,93,0,10000,1022,8.95,76,319,2.14,93,0,10000,1022,8.95,76,319,2.14,93,0,10000,1022,8.95,76,319,2.14,93,0,10000,1022,8.95,76,319,2.14,93,0,10000,1022,8.95,76,319,2.14,93,0,10000,1022,8.95,76,319,2.14,93,0,10000,1022,8.95,76,319,2.14,93,0,10000,1022,8.95,76,319,2.14,93,0,10000,1022,8.95,76,319,2.14,93,0,10000,1022,8.95,76,319,2.14,93,0,10000
1025,7.84,70,340,3.09,100,0.22,10000,20,0,18,1,1025,7.79,76,18,4.21,100,0,10000,1025,7.79,76,18,4.21,100,0,10000,1025,7.79,76,18,4.21,100,0,10000,1025,7.79,76,18,4.21,100,0,10000,1025,7.79,76,18,4.21,100,0,10000,1025,7.79,76,18,4.21,100,0,10000,1025,7.79,76,18,4.21,100,0,10000,1025,7.79,76,18,4.21,100,0,10000,1025,7.79,76,18,4.21,100,0,10000,1025,7.79,76,18,4.21,100,0,10000,1025,7.79,76,18,4.21,100,0,10000,1025,7.79,76,18,4.21,100,0,10000
1025,7.84,70,340,3.09,100,0.22,10000,23,0,18,1,1025,7.43,80,20,3.42,100,0,10000,1025,7.43,80,20,3.42,100,0,10000,1025,7.43,80,20,3.42,100,0,10000,1025,7.43,80,20,3.42,100,0,10000,1025,7.43,80,20,3.42,100,0,10000,1025,7.43,80,20,3.42,100,0,10000,1025,7.43,80,20,3.42,100,0,10000,1025,7.43,80,20,3.42,100,0,10000,1025,7.43,80,20,3.42,100,0,10000,1025,7.43,80,20,3.42,100,0,10000,1025,7.43,80,20,3.42,100,0,10000,1025,7.43,80,20,3.42,100,0,10000
1025,7.84,70,340,3.09,100,0.22,10000,2,0,19,1,1024,7.38,85,33,2.65,100,0,10000,1024,7.38,85,33,2.65,100,0,10000,1024,7.38,85,33,2.65,100,0,10000,1024,7.38,85,33,2.65,100,0,10000,1024,7.38,85,33,2.65,100,0,10000,1024,7.38,85,33,2.65,100,0,10000,1024,7.38,85,33,2.65,100,0,10000,1024,7.38,85,33,2.65,100,0,10000,1024,7.38,85,33,2.65,100,0,10000,1024,7.38,85,33,2.65,100,0,10000,1024,7.38,85,33,2.65,100,0,10000,1024,7.38,85,33,2.65,100,0,10000
1025,7.84,70,340,3.09,100,0.22,10000,5,0,19,1,1024,7.08,86,71,2.21,100,0,10000,1024,7.08,86,71,2.21,100,0,10000,1024,7.08,86,71,2.21,100,0,10000,1024,7.08,86,71,2.21,100,0,10000,1024,7.08,86,71,2.21,100,0,10000,1024,7.08,86,71,2.21,100,0,10000,1024,7.08,86,71,2.21,100,0,10000,1024,7.08,86,71,2.21,100,0,10000,1024,7.08,86,71,2.21,100,0,10000,1024,7.08,86,71,2.21,100,0,10000,1024,7.08,86,71,2.21,100,0,10000,1024,7.08,86,71,2.21,100,0,10000
1025,7.84,70,340,3.09,100,0.22,10000,8,0,19,1,1024,7.48,87,6,3.32,98,0,10000,1024,7.48,87,6,3.32,98,0,10000,1024,7.48,87,6,3.32,98,0,10000,1024,7.48,87,6,3.32,98,0,10000,1024,7.48,87,6,3.32,98,0,10000,1024,7.48,87,6,3.32,98,0,10000,1024,7.48,87,6,3.32,98,0,10000,1024,7.48,87,6,3.32,98,0,10000,1024,7.48,87,6,3.32,98,0,10000,1024,7.48,87,6,3.32,98,0,10000,1024,7.48,87,6,3.32,98,0,10000,1024,7.48,87,6,3.32,98,0,10000
1025,7.84,70,340,3.09,100,0.22,10000,11,0,19,1,1024,8.9,77,354,4.82,100,0,10000,1024,8.9,77,354,4.82,100,0,10000,1024,8.9,77,354,4.82,100,0,10000,1024,8.9,77,354,4.82,100,0,10000,1024,8.9,77,354,4.82,100,0,10000,1024,8.9,77,354,4.82,100,0,10000,1024,8.9,77,354,4.82,100,0,10000,1024,8.9,77,354,4.82,100,0,10000,1024,8.9,77,354,4.82,100,0,10000,1024,8.9,77,354,4.82,100,0,10000,1024,8.9,77,354,4.82,100,0,10000,1024,8.9,77,354,4.82,100,0,10000
1025,7.84,70,340,3.09,100,0.22,10000,14,0,19,1,1023,9.68,71,14,4.85,100,0,10000,1023,9.68,71,14,4.85,100,0,10000,1023,9.68,71,14,4.85,100,0,10000,1023,9.68,71,14,4.85,100,0,10000,1023,9.68,71,14,4.85,100,0,10000,1023,9.68,71,14,4.85,100,0,10000,1023,9.68,71,14,4.85,100,0,10000,1023,9.68,71,14,4.85,100,0,10000,1023,9.68,71,14,4.85,100,0,10000,1023,9.68,71,14,4.85,100,0,10000,1023,9.68,71,14,4.85,100,0,10000,1023,9.68,71,14,4.85,100,0,10000
1025,7.84,70,340,3.09,100,0.22,10000,17,0,19,1,1022,8.95,76,319,2.14,93,0,10000,1022,8.95,76,319,2.14,93,0,10000,1022,8.95,76,319,2.14,93,0,10000,1022,8.95,76,319,2.14,93,0,10000,1022,8.95,76,319,2.14,93,0,10000,1022,8.95,76,319,2.14,93,0,10000,1022,8.95,76,319,2.14,93,0,10000,1022,8.95,76,319,2.14,93,0,10000,1022,8.95,76,319,2.14,93,0,10000,1022,8.95,76,319,2.14,93,0,10000,1022,8.95,76,319,2.14,93,0,10000,1022,8.95,76,319,2.14,93,0,10000
1025,7.84,70,340,3.09,100,0.22,10000,20,0,19,1,1025,7.79,76,18,4.21,100,0,10000,1025,7.79,76,18,4.21,100,0,10000,1025,7.79,76,18,4.21,100,0,10000,1025,7.79,76,18,4.21,100,0,10000,1025,7.79,76,18,4.21,100,0,10000,1025,7.79,76,18,4.21,100,0,10000,1025,7.79,76,18,4.21,100,0,10000,1025,7.79,76,18,4.21,100,0,10000,1025,7.79,76,18,4.21,100,0,10000,1025,7.79,76,18,4.21,100,0,10000,1025,7.79,76,18,4.21,100,0,10000,1025,7.79,76,18,4.21,100,0,10000
1025,7.84,70,340,3.09,100,0.22,10000,23,0,19,1,1025,7.43,80,20,3.42,100,0,10000,1025,7.43,80,20,3.42,100,0,10000,1025,7.43,80,20,3.42,100,0,10000,1025,7.43,80,20,3.42,100,0,10000,1025,7.43,80,20,3.42,100,0,10000,1025,7.43,80,20,3.42,100,0,10000,1025,7.43,80,20,3.42,100,0,10000,1025,7.43,80,20,3.42,100,0,10000,1025,7.43,80,20,3.42,100,0,10000,1025,7.43,80,20,3.42,100,0,10000,1025,7.43,80,20,3.42,100,0,10000,1025,7.43,80,20,3.42,100,0,10000
1025,7.84,70,340,3.09,100,0.22,10000,2,0,20,1,1024,7.38,85,33,2.65,100,0,10000,1024,7.38,85,33,2.65,100,0,10000,1024,7.38,85,33,2.65,100,0,10000,1024,7.38,85,33,2.65,100,0,10000,1024,7.38,85,33,2.65,100,0,10000,1024,7.38,85,33,2.65,100,0,10000,1024,7.38,85,33,2.65,100,0,10000,1024,7.38,85,33,2.65,100,0,10000,1024,7.38,85,33,2.65,100,0,10000,1024,7.38,85,33,2.65,100,0,10000,1024,7.38,85,33,2.65,100,0,10000,1024,7.38,85,33,2.65,100,0,10000
1025,7.84,70,340,3.09,100,0.22,10000,5,0,20,1,1024,7.08,86,71,2.21,100,0,10000,1024,7.08,86,71,2.21,100,0,10000,1024,7.08,86,71,2.21,100,0,10000,1024,7.08,86,71,2.21,100,0,10000,1024,7.08,86,71,2.21,100,0,10000,1024,7.08,86,71,2.21,100,0,10000,1024,7.08,86,71,2.21,100,0,10000,1024,7.08,86,71,2.21,100,0,10000,1024,7.08,86,71,2.21,100,0,10000,1024,7.08,86,71,2.21,100,0,10000,1024,7.08,86,71,2.21,100,0,10000,1024,7.08,86,71,2.21,100,0,10000
1025,7.84,70,340,3.09,100,0.22,10000,8,0,20,1,1024,7.48,87,6,3.32,98,0,10000,1024,7.48,87,6,3.32,98,0,10000,1024,7.48,87,6,3.32,98,0,10000,1024,7.48,87,6,3.32,98,0,10000,1024,7.48,87,6,3.32,98,0,10000,1024,7.48,87,6,3.32,98,0,10000,1024,7.48,87,6,3.32,98,0,10000,1024,7.48,87,6,3.32,98,0,10000,1024,7.48,87,6,3.32,98,0,10000,1024,7.48,87,6,3.32,98,0,10000,1024,7.48,87,6,3.32,98,0,10000,1024,7.48,87,6,3.32,98,0,10000
1025,7.84,70,340,3.09,100,0.22,10000,11,0,20,1,1024,8.9,77,354,4.82,100,0,10000,1024,8.9,77,354,4.82,100,0,10000,1024,8.9,77,354,4.82,100,0,10000,1024,8.9,77,354,4.82,100,0,10000,1024,8.9,77,354,4.82,100,0,10000,1024,8.9,77,354,4.82,100,0,10000,1024,8.9,77,354,4.82,100,0,10000,1024,8.9,77,354,4.82,100,0,10000,1024,8.9,77,354,4.82,100,0,10000,1024,8.9,77,354,4.82,100,0,10000,1024,8.9,77,354,4.82,100,0,10000,1024,8.9,77,354,4.82,100,0,10000
1025,7.84,70,340,3.09,100,0.22,10000,14,0,20,1,1023,9.68,71,14,4.85,100,0,10000,1023,9.68,71,14,4.85,100,0,10000,1023,9.68,71,14,4.85,100,0,10000,1023,9.68,71,14,4.85,100,0,10000,1023,9.68,71,14,4.85,100,0,10000,1023,9.68,71,14,4.85,100,0,10000,1023,9.68,71,14,4.85,100,0,10000,1023,9.68,71,14,4.85,100,0,10000,1023,9.68,71,14,4.85,100,0,10000,1023,9.68,71,14,4.85,100,0,10000,1023,9.68,71,14,4.85,100,0,10000,1023,9.68,71,14,4.85,100,0,10000
1025,7.84,70,340,3.09,100,0.22,10000,17,0,20,1,1022,8.95,76,319,2.14,93,0,10000,1022,8.95,76,319,2.14,93,0,10000,1022,8.95,76,319,2.14,93,0,10000,1022,8.95,76,319,2.14,93,0,10000,1022,8.95,76,319,2.14,93,0,10000,1022,8.95,76,319,2.14,93,0,10000,1022,8.95,76,319,2.14,93,0,10000,1022,8.95,76,319,2.14,93,0,10000,1022,8.95,76,319,2.14,93,0,10000,1022,8.95,76,319,2.14,93,0,10000,1022,8.95,76,319,2.14,93,0,10000,1022,8.95,76,319,2.14,93,0,10000
1025,7.84,70,340,3.09,100,0.22,10000,20,0,20,1,1025,7.79,76,18,4.21,100,0,10000,1025,7.79,76,18,4.21,100,0,10000,1025,7.79,76,18,4.21,100,0,10000,1025,7.79,76,18,4.21,100,0,10000,1025,7.79,76,18,4.21,100,0,10000,1025,7.79,76,18,4.21,100,0,10000,1025,7.79,76,18,4.21,100,0,10000,1025,7.79,76,18,4.21,100,0,10000,1025,7.79,76,18,4.21,100,0,10000,1025,7.79,76,18,4.21,100,0,10000,1025,7.79,76,18,4.21,100,0,10000,1025,7.79,76,18,4.21,100,0,10000
1025,7.84,70,340,3.09,100,0.22,10000,23,0,20,1,1025,7.43,80,20,3.42,100,0,10000,1025,7.43,80,20,3.42,100,0,10000,1025,7.43,80,20,3.42,100,0,10000,1025,7.43,80,20,3.42,100,0,10000,1025,7.43,80,20,3.42,100,0,10000,1025,7.43,80,20,3.42,100,0,10000,1025,7.43,80,20,3.42,100,0,10000,1025,7.43,80,20,3.42,100,0,10000,1025,7.43,80,20,3.42,100,0,10000,1025,7.43,80,20,3.42,100,0,10000,1025,7.43,80,20,3.42,100,0,10000,1025,7.43,80,20,3.42,100,0,10000
1025,7.84,70,340,3.09,100,0.22,10000,2,0,21,1,1024,7.38,85,33,2.65,100,0,10000,1024,7.38,85,33,2.65,100,0,10000,1024,7.38,85,33,2.65,100,0,10000,1024,7.38,85,33,2.65,100,0,10000,1024,7.38,85,33,2.65,100,0,10000,1024,7.38,85,33,2.65,100,0,10000,1024,7.38,85,33,2.65,100,0,10000,1024,7.38,85,33,2.65,100,0,10000,1024,7.38,85,33,2.65,100,0,10000,1024,7.38,85,33,2.65,100,0,10000,1024,7.38,85,33,2.65,100,0,10000,1024,7.38,85,33,2.65,100,0,10000
1025,7.84,70,340,3.09,100,0.22,10000,5,0,21,1,1024,7.08,86,71,2.21,100,0,10000,1024,7.08,86,71,2.21,100,0,10000,1024,7.08,86,71,2.21,100,0,10000,1024,7.08,86,71,2.21,100,0,10000,1024,7.08,86,71,2.21,100,0,10000,1024,7.08,86,71,2.21,100,0,10000,1024,7.08,86,71,2.21,100,0,10000,1024,7.08,86,71,2.21,100,0,10000,1024,7.08,86,71,2.21,100,0,10000,1024,7.08,86,71,2.21,100,0,10000,1024,7.08,86,71,2.21,100,0,10000,1024,7.08,86,71,2.21,100,0,10000
1025,7.84,70,340,3.09,100,0.22,10000,8,0,21,1,1024,7.48,87,6,3.32,98,0,10000,1024,7.48,87,6,3.32,98,0,10000,1024,7.48,87,6,3.32,98,0,10000,1024,7.48,87,6,3.32,98,0,10000,1024,7.48,87,6,3.32,98,0,10000,1024,7.48,87,6,3.32,98,0,10000,1024,7.48,87,6,3.32,98,0,10000,1024,7.48,87,6,3.32,98,0,10000,1024,7.48,87,6,3.32,98,0,10000,1024,7.48,87,6,3.32,98,0,10000,1024,7.48,87,6,3.32,98,0,10000,1024,7.48,87,6,3.32,98,0,10000
1025,7.84,70,340,3.09,100,0.22,10000,11,0,21,1,1024,8.9,77,354,4.82,100,0,10000,1024,8.9,77,354,4.82,100,0,10000,1024,8.9,77,354,4.82,100,0,10000,1024,8.9,77,354,4.82,100,0,10000,1024,8.9,77,354,4.82,100,0,10000,1024,8.9,77,354,4.82,100,0,10000,1024,8.9,77,354,4.82,100,0,10000,1024,8.9,77,354,4.82,100,0,10000,1024,8.9,77,354,4.82,100,0,10000,1024,8.9,77,354,4.82,100,0,10000,1024,8.9,77,354,4.82,100,0,10000,1024,8.9,77,354,4.82,100,0,10000
1025,7.84,70,340,3.09,100,0.22,10000,14,0,21,1,1023,9.68,71,14,4.85,100,0,10000,1023,9.68,71,14,4.85,100,0,10000,1023,9.68,71,14,4.85,100,0,10000,1023,9.68,71,14,4.85,100,0,10000,1023,9.68,71,14,4.85,100,0,10000,1023,9.68,71,14,4.85,100,0,10000,1023,9.68,71,14,4.85,100,0,10000,1023,9.68,71,14,4.85,100,0,10000,1023,9.68,71,14,4.85,100,0,10000,1023,9.68,71,14,4.85,100,0,10000,1023,9.68,71,14,4.85,100,0,10000,1023,9.68,71,14,4.85,100,0,10000
1025,7.84,70,340,3.09,100,0.22,10000,17,0,21,1,1022,8.95,76,319,2.14,93,0,10000,1022,8.95,76,319,2.14,93,0,10000,1022,8.95,76,319,2.14,93,0,10000,1022,8.95,76,319,2.14,93,0,10000,1022,8.95,76,319,2.14,93,0,10000,1022,8.95,76,319,2.14,93,0,10000,1022,8.95,76,319,2.14,93,0,10000,1022,8.95,76,319,2.14,93,0,10000,1022,8.95,76,319,2.14,93,0,10000,1022,8.95,76,319,2.14,93,0,10000,1022,8.95,76,319,2.14,93,0,10000,1022,8.95,76,319,2.14,93,0,10000
1025,7.84,70,340,3.09,100,0.22,10000,20,0,21,1,1025,7.79,76,18,4.21,100,0,10000,1025,7.79,76,18,4.21,100,0,10000,1025,7.79,76,18,4.21,100,0,10000,1025,7.79,76,18,4.21,100,0,10000,1025,7.79,76,18,4.21,100,0,10000,1025,7.79,76,18,4.21,100,0,10000,1025,7.79,76,18,4.21,100,0,10000,1025,7.79,76,18,4.21,100,0,10000,1025,7.79,76,18,4.21,100,0,10000,1025,7.79,76,18,4.21,100,0,10000,1025,7.79,76,18,4.21,100,0,10000,1025,7.79,76,18,4.21,100,0,10000
1025,7.84,70,340,3.09,100,0.17,10000,23,0,21,1,1025,7.43,80,20,3.42,100,0,10000,1025,7.43,80,20,3.42,100,0,10000,1025,7.43,80,20,3.42,100,0,10000,1025,7.43,80,20,3.42,100,0,10000,1025,7.43,80,20,3.42,100,0,10000,1025,7.43,80,20,3.42,100,0,10000,1025,7.43,80,20,3.42,100,0,10000,1025,7.43,80,20,3.42,100,0,10000,1025,7.43,80,20,3.42,100,0,10000,1025,7.43,80,20,3.42,100,0,10000,1025,7.43,80,20,3.42,100,0,10000,1025,7.43,80,20,3.42,100,0,10000
1025,7.84,70,340,3.09,100,0.21,10000,2,0,22,1,1024,7.38,85,33,2.65,100,0,10000,1024,7.38,85,33,2.65,100,0,10000,1024,7.38,85,33,2.65,100,0,10000,1024,7.38,85,33,2.65,100,0,10000,1024,7.38,85,33,2.65,100,0,10000,1024,7.38,85,33,2.65,100,0,10000,1024,7.38,85,33,2.65,100,0,10000,1024,7.38,85,33,2.65,100,0,10000,1024,7.38,85,33,2.65,100,0,10000,1024,7.38,85,33,2.65,100,0,10000,1024,7.38,85,33,2.65,100,0,10000,1024,7.38,85,33,2.65,100,0,10000
1025,7.84,70,340,3.09,100,0.21,10000,5,0,22,1,1024,7.08,86,71,2.21,100,0,10000,1024,7.08,86,71,2.21,100,0,10000,1024,7.08,86,71,2.21,100,0,10000,1024,7.08,86,71,2.21,100,0,10000,1024,7.08,86,71,2.21,100,0,10000,1024,7.08,86,71,2.21,100,0,10000,1024,7.08,86,71,2.21,100,0,10000,1024,7.08,86,71,2.21,100,0,10000,1024,7.08,86,71,2.21,100,0,10000,1024,7.08,86,71,2.21,100,0,10000,1024,7.08,86,71,2.21,100,0,10000,1024,7.08,86,71,2.21,100,0,10000
1025,7.84,70,340,3.09,100,0.21,10000,8,0,22,1,1024,7.48,87,6,3.32,98,0,10000,1024,7.48,87,6,3.32,98,0,10000,1024,7.48,87,6,3.32,98,0,10000,1024,7.48,87,6,3.32,98,0,10000,1024,7.48,87,6,3.32,98,0,10000,1024,7.48,87,6,3.32,98,0,10000,1024,7.48,87,6,3.32,98,0,10000,1024,7.48,87,6,3.32,98,0,10000,1024,7.48,87,6,3.32,98,0,10000,1024,7.48,87,6,3.32,98,0,10000,1024,7.48,87,6,3.32,98,0,10000,1024,7.48,87,6,3.32,98,0,10000
1025,7.84,70,340,3.09,100,0.21,10000,11,0,22,1,1024,8.9,77,354,4.82,100,0,10000,1024,8.9,77,354,4.82,100,0,10000,1024,8.9,77,354,4.82,100,0,10000,1024,8.9,77,354,4.82,100,0,10000,1024,8.9,77,354,4.82,100,0,10000,1024,8.9,77,354,4.82,100,0,10000,1024,8.9,77,354,4.82,100,0,10000,1024,8.9,77,354,4.82,100,0,10000,1024,8.9,77,354,4.82,100,0,10000,1024,8.9,77,354,4.82,100,0,10000,1024,8.9,77,354,4.82,100,0,10000,1024,8.9,77,354,4.82,100,0,10000
1025,7.84,70,340,3.09,100,0.21,10000,14,0,22,1,1023,9.68,71,14,4.85,100,0,10000,1023,9.68,71,14,4.85,100,0,10000,1023,9.68,71,14,4.85,100,0,10000,1023,9.68,71,14,4.85,100,0,10000,1023,9.68,71,14,4.85,100,0,10000,1023,9.68,71,14,4.85,100,0,10000,1023,9.68,71,14,4.85,100,0,10000,1023,9.68,71,14,4.85,100,0,10000,1023,9.68,71,14,4.85,100,0,10000,1023,9.68,71,14,4.85,100,0,10000,1023,9.68,71,14,4.85,100,0,10000,1023,9.68,71,14,4.85,100,0,10000
1025,7.84,70,340,3.09,100,0.21,10000,17,0,22,1,1022,8.95,76,319,2.14,93,0,10000,1022,8.95,76,319,2.14,93,0,10000,1022,8.95,76,319,2.14,93,0,10000,1022,8.95,76,319,2.14,93,0,10000,1022,8.95,76,319,2.14,93,0,10000,1022,8.95,76,319,2.14,93,0,10000,1022,8.95,76,319,2.14,93,0,10000,1022,8.95,76,319,2.14,93,0,10000,1022,8.95,76,319,2.14,93,0,10000,1022,8.95,76,319,2.14,93,0,10000,1022,8.95,76,319,2.14,93,0,10000,1022,8.95,76,319,2.14,93,0,10000
1025,7.84,70,340,3.09,100,0.21,10000,20,0,22,1,1025,7.79,76,18,4.21,100,0,10000,1025,7.79,76,18,4.21,100,0,10000,1025,7.79,76,18,4.21,100,0,10000,1025,7.79,76,18,4.21,100,0,10000,1025,7.79,76,18,4.21,100,0,10000,1025,7.79,76,18,4.21,100,0,10000,1025,7.79,76,18,4.21,100,0,10000,1025,7.79,76,18,4.21,100,0,10000,1025,7.79,76,18,4.21,100,0,10000,1025,7.79,76,18,4.21,100,0,10000,1025,7.79,76,18,4.21,100,0,10000,1025,7.79,76,18,4.21,100,0,10000
1025,7.84,70,340,3.09,100,0.21,10000,23,0,22,1,1025,7.43,80,20,3.42,100,0,10000,1025,7.43,80,20,3.42,100,0,10000,1025,7.43,80,20,3.42,100,0,10000,1025,7.43,80,20,3.42,100,0,10000,1025,7.43,80,20,3.42,100,0,10000,1025,7.43,80,20,3.42,100,0,10000,1025,7.43,80,20,3.42,100,0,10000,1025,7.43,80,20,3.42,100,0,10000,1025,7.43,80,20,3.42,100,0,10000,1025,7.43,80,20,3.42,100,0,10000,1025,7.43,80,20,3.42,100,0,10000,1025,7.43,80,20,3.42,100,0,10000
1025,7.84,70,340,3.09,100,0.21,10000,2,0,23,1,1024,7.38,85,33,2.65,100,0,10000,1024,7.38,85,33,2.65,100,0,10000,1024,7.38,85,33,2.65,100,0,10000,1024,7.38,85,33,2.65,100,0,10000,1024,7.38,85,33,2.65,100,0,10000,1024,7.38,85,33,2.65,100,0,10000,1024,7.38,85,33,2.65,100,0,10000,1024,7.38,85,33,2.65,100,0,10000,1024,7.38,85,33,2.65,100,0,10000,1024,7.38,85,33,2.65,100,0,10000,1024,7.38,85,33,2.65,100,0,10000,1024,7.38,85,33,2.65,100,0,10000
1025,7.84,70,340,3.09,100,0.21,10000,5,0,23,1,1024,7.08,86,71,2.21,100,0,10000,1024,7.08,86,71,2.21,100,0,10000,1024,7.08,86,71,2.21,100,0,10000,1024,7.08,86,71,2.21,100,0,10000,1024,7.08,86,71,2.21,100,0,10000,1024,7.08,86,71,2.21,100,0,10000,1024,7.08,86,71,2.21,100,0,10000,1024,7.08,86,71,2.21,100,0,10000,1024,7.08,86,71,2.21,100,0,10000,1024,7.08,86,71,2.21,100,0,10000,1024,7.08,86,71,2.21,100,0,10000,1024,7.08,86,71,2.21,100,0,10000
1025,7.84,70,340,3.09,100,0.21,10000,8,0,23,1,1024,7.48,87,6,3.32,98,0,10000,1024,7.48,87,6,3.32,98,0,10000,1024,7.48,87,6,3.32,98,0,10000,1024,7.48,87,6,3.32,98,0,10000,1024,7.48,87,6,3.32,98,0,10000,1024,7.48,87,6,3.32,98,0,10000,1024,7.48,87,6,3.32,98,0,10000,1024,7.48,87,6,3.32,98,0,10000,1024,7.48,87,6,3.32,98,0,10000,1024,7.48,87,6,3.32,98,0,10000,1024,7.48,87,6,3.32,98,0,10000,1024,7.48,87,6,3.32,98,0,10000
1025,7.84,70,340,3.09,100,0.21,10000,11,0,23,1,1024,8.9,77,354,4.82,100,0,10000,1024,8.9,77,354,4.82,100,0,10000,1024,8.9,77,354,4.82,100,0,10000,1024,8.9,77,354,4.82,100,0,10000,1024,8.9,77,354,4.82,100,0,10000,1024,8.9,77,354,4.82,100,0,10000,1024,8.9,77,354,4.82,100,0,10000,1024,8.9,77,354,4.82,100,0,10000,1024,8.9,77,354,4.82,100,0,10000,1024,8.9,77,354,4.82,100,0,10000,1024,8.9,77,354,4.82,100,0,10000,1024,8.9,77,354,4.82,100,0,10000
1025,7.84,70,340,3.09,100,0.21,10000,14,0,23,1,1023,9.68,71,14,4.85,100,0,10000,1023,9.68,71,14,4.85,100,0,10000,1023,9.68,71,14,4.85,100,0,10000,1023,9.68,71,14,4.85,100,0,10000,1023,9.68,71,14,4.85,100,0,10000,1023,9.68,71,14,4.85,100,0,10000,1023,9.68,71,14,4.85,100,0,10000,1023,9.68,71,14,4.85,100,0,10000,1023,9.68,71,14,4.85,100,0,10000,1023,9.68,71,14,4.85,100,0,10000,1023,9.68,71,14,4.85,100,0,10000,1023,9.68,71,14,4.85,100,0,10000
1025,7.84,70,340,3.09,100,0.21,10000,17,0,23,1,1022,8.95,76,319,2.14,93,0,10000,1022,8.95,76,319,2.14,93,0,10000,1022,8.95,76,319,2.14,93,0,10000,1022,8.95,76,319,2.14,93,0,10000,1022,8.95,76,319,2.14,93,0,10000,1022,8.95,76,319,2.14,93,0,10000,1022,8.95,76,319,2.14,93,0,10000,1022,8.95,76,319,2.14,93,0,10000,1022,8.95,76,319,2.14,93,0,10000,1022,8.95,76,319,2.14,93,0,10000,1022,8.95,76,319,2.14,93,0,10000,1022,8.95,76,319,2.14,93,0,10000
1025,7.84,70,340,3.09,100,0.21,10000,20,0,23,1,1025,7.79,76,18,4.21,100,0,10000,1025,7.79,76,18,4.21,100,0,10000,1025,7.79,76,18,4.21,100,0,10000,1025,7.79,76,18,4.21,100,0,10000,1025,7.79,76,18,4.21,100,0,10000,1025,7.79,76,18,4.21,100,0,10000,1025,7.79,76,18,4.21,100,0,10000,1025,7.79,76,18,4.21,100,0,10000,1025,7.79,76,18,4.21,100,0,10000,1025,7.79,76,18,4.21,100,0,10000,1025,7.79,76,18,4.21,100,0,10000,1025,7.79,76,18,4.21,100,0,10000
1025,7.84,70,340,3.09,100,0.21,10000,23,0,23,1,1025,7.43,80,20,3.42,100,0,10000,1025,7.43,80,20,3.42,100,0,10000,1025,7.43,80,20,3.42,100,0,10000,1025,7.43,80,20,3.42,100,0,10000,1025,7.43,80,20,3.42,100,0,10000,1025,7.43,80,20,3.42,100,0,10000,1025,7.43,80,20,3.42,100,0,10000,1025,7.43,80,20,3.42,100,0,10000,1025,7.43,80,20,3.42,100,0,10000,1025,7.43,80,20,3.42,100,0,10000,1025,7.43,80,20,3.42,100,0,10000,1025,7.43,80,20,3.42,100,0,10000
1025,7.84,70,340,3.09,100,0.21,10000,2,0,24,1,1024,7.38,85,33,2.65,100,0,10000,1024,7.38,85,33,2.65,100,0,10000,1024,7.38,85,33,2.65,100,0,10000,1024,7.38,85,33,2.65,100,0,10000,1024,7.38,85,33,2.65,100,0,10000,1024,7.38,85,33,2.65,100,0,10000,1024,7.38,85,33,2.65,100,0,10000,1024,7.38,85,33,2.65,100,0,10000,1024,7.38,85,33,2.65,100,0,10000,1024,7.38,85,33,2.65,100,0,10000,1024,7.38,85,33,2.65,100,0,10000,1024,7.38,85,33,2.65,100,0,10000
1025,7.84,70,340,3.09,100,0.21,10000,5,0,24,1,1024,7.08,86,71,2.21,100,0,10000,1024,7.08,86,71,2.21,100,0,10000,1024,7.08,86,71,2.21,100,0,10000,1024,7.08,86,71,2.21,100,0,10000,1024,7.08,86,71,2.21,100,0,10000,1024,7.08,86,71,2.21,100,0,10000,1024,7.08,86,71,2.21,100,0,10000,1024,7.08,86,71,2.21,100,0,10000,1024,7.08,86,71,2.21,100,0,10000,1024,7.08,86,71,2.21,100,0,10000,1024,7.08,86,71,2.21,100,0,10000,1024,7.08,86,71,2.21,100,0,10000
1025,7.84,70,340,3.09,100,0.21,10000,8,0,24,1,1024,7.48,87,6,3.32,98,0,10000,1024,7.48,87,6,3.32,98,0,10000,1024,7.48,87,6,3.32,98,0,10000,1024,7.48,87,6,3.32,98,0,10000,1024,7.48,87,6,3.32,98,0,10000,1024,7.48,87,6,3.32,98,0,10000,1024,7.48,87,6,3.32,98,0,10000,1024,7.48,87,6,3.32,98,0,10000,1024,7.48,87,6,3.32,98,0,10000,1024,7.48,87,6,3.32,98,0,10000,1024,7.48,87,6,3.32,98,0,10000,1024,7.48,87,6,3.32,98,0,10000
1025,7.84,70,340,3.09,100,0.21,10000,11,0,24,1,1024,8.9,77,354,4.82,100,0,10000,1024,8.9,77,354,4.82,100,0,10000,1024,8.9,77,354,4.82,100,0,10000,1024,8.9,77,354,4.82,100,0,10000,1024,8.9,77,354,4.82,100,0,10000,1024,8.9,77,354,4.82,100,0,10000,1024,8.9,77,354,4.82,100,0,10000,1024,8.9,77,354,4.82,100,0,10000,1024,8.9,77,354,4.82,100,0,10000,1024,8.9,77,354,4.82,100,0,10000,1024,8.9,77,354,4.82,100,0,10000,1024,8.9,77,354,4.82,100,0,10000
1025,7.84,70,340,3.09,100,0.21,10000,14,0,24,1,1023,9.68,71,14,4.85,100,0,10000,1023,9.68,71,14,4.85,100,0,10000,1023,9.68,71,14,4.85,100,0,10000,1023,9.68,71,14,4.85,100,0,10000,1023,9.68,71,14,4.85,100,0,10000,1023,9.68,71,14,4.85,100,0,10000,1023,9.68,71,14,4.85,100,0,10000,1023,9.68,71,14,4.85,100,0,10000,1023,9.68,71,14,4.85,100,0,10000,1023,9.68,71,14,4.85,100,0,10000,1023,9.68,71,14,4.85,100,0,10000,1023,9.68,71,14,4.85,100,0,10000
1025,7.84,70,340,3.09,100,0.21,10000,17,0,24,1,1022,8.95,76,319,2.14,93,0,10000,1022,8.95,76,319,2.14,93,0,10000,1022,8.95,76,319,2.14,93,0,10000,1022,8.95,76,319,2.14,93,0,10000,1022,8.95,76,319,2.14,93,0,10000,1022,8.95,76,319,2.14,93,0,10000,1022,8.95,76,319,2.14,93,0,10000,1022,8.95,76,319,2.14,93,0,10000,1022,8.95,76,319,2.14,93,0,10000,1022,8.95,76,319,2.14,93,0,10000,1022,8.95,76,319,2.14,93,0,10000,1022,8.95,76,319,2.14,93,0,10000
1025,7.84,70,340,3.09,100,0.21,10000,20,0,24,1,1025,7.79,76,18,4.21,100,0,10000,1025,7.79,76,18,4.21,100,0,10000,1025,7.79,76,18,4.21,100,0,10000,1025,7.79,76,18,4.21,100,0,10000,1025,7.79,76,18,4.21,100,0,10000,1025,7.79,76,18,4.21,100,0,10000,1025,7.79,76,18,4.21,100,0,10000,1025,7.79,76,18,4.21,100,0,10000,1025,7.79,76,18,4.21,100,0,10000,1025,7.79,76,18,4.21,100,0,10000,1025,7.79,76,18,4.21,100,0,10000,1025,7.79,76,18,4.21,100,0,10000
1025,7.84,70,340,3.09,100,0.21,10000,23,0,24,1,1025,7.43,80,20,3.42,100,0,10000,1025,7.43,80,20,3.42,100,0,10000,1025,7.43,80,20,3.42,100,0,10000,1025,7.43,80,20,3.42,100,0,10000,1025,7.43,80,20,3.42,100,0,10000,1025,7.43,80,20,3.42,100,0,10000,1025,7.43,80,20,3.42,100,0,10000,1025,7.43,80,20,3.42,100,0,10000,1025,7.43,80,20,3.42,100,0,10000,1025,7.43,80,20,3.42,100,0,10000,1025,7.43,80,20,3.42,100,0,10000,1025,7.43,80,20,3.42,100,0,10000
1025,7.84,70,340,3.09,100,0.21,10000,2,0,25,1,1024,7.38,85,33,2.65,100,0,10000,1024,7.38,85,33,2.65,100,0,10000,1024,7.38,85,33,2.65,100,0,10000,1024,7.38,85,33,2.65,100,0,10000,1024,7.38,85,33,2.65,100,0,10000,1024,7.38,85,33,2.65,100,0,10000,1024,7.38,85,33,2.65,100,0,10000,1024,7.38,85,33,2.65,100,0,10000,1024,7.38,85,33,2.65,100,0,10000,1024,7.38,85,33,2.65,100,0,10000,1024,7.38,85,33,2.65,100,0,10000,1024,7.38,85,33,2.65,100,0,10000
1025,7.84,70,340,3.09,100,0.21,10000,5,0,25,1,1024,7.08,86,71,2.21,100,0,10000,1024,7.08,86,71,2.21,100,0,10000,1024,7.08,86,71,2.21,100,0,10000,1024,7.08,86,71,2.21,100,0,10000,1024,7.08,86,71,2.21,100,0,10000,1024,7.08,86,71,2.21,100,0,10000,1024,7.08,86,71,2.21,100,0,10000,1024,7.08,86,71,2.21,100,0,10000,1024,7.08,86,71,2.21,100,0,10000,1024,7.08,86,71,2.21,100,0,10000,1024,7.08,86,71,2.21,100,0,10000,1024,7.08,86,71,2.21,100,0,10000
1025,7.84,70,340,3.09,100,0.21,10000,8,0,25,1,1024,7.48,87,6,3.32,98,0,10000,1024,7.48,87,6,3.32,98,0,10000,1024,7.48,87,6,3.32,98,0,10000,1024,7.48,87,6,3.32,98,0,10000,1024,7.48,87,6,3.32,98,0,10000,1024,7.48,87,6,3.32,98,0,10000,1024,7.48,87,6,3.32,98,0,10000,1024,7.48,87,6,3.32,98,0,10000,1024,7.48,87,6,3.32,98,0,10000,1024,7.48,87,6,3.32,98,0,10000,1024,7.48,87,6,3.32,98,0,10000,1024,7.48,87,6,3.32,98,0,10000
1025,7.84,70,340,3.09,100,0.21,10000,11,0,25,1,1024,8.9,77,354,4.82,100,0,10000,1024,8.9,77,354,4.82,100,0,10000,1024,8.9,77,354,4.82,100,0,10000,1024,8.9,77,354,4.82,100,0,10000,1024,8.9,77,354,4.82,100,0,10000,1024,8.9,77,354,4.82,100,0,10000,1024,8.9,77,354,4.82,100,0,10000,1024,8.9,77,354,4.82,100,0,10000,1024,8.9,77,354,4.82,100,0,10000,1024,8.9,77,354,4.82,100,0,10000,1024,8.9,77,354,4.82,100,0,10000,1024,8.9,77,354,4.82,100,0,10000
1025,7.84,70,340,3.09,100,0.21,10000,14,0,25,1,1023,9.68,71,14,4.85,100,0,10000,1023,9.68,71,14,4.85,100,0,10000,1023,9.68,71,14,4.85,100,0,10000,1023,9.68,71,14,4.85,100,0,10000,1023,9.68,71,14,4.85,100,0,10000,1023,9.68,71,14,4.85,100,0,10000,1023,9.68,71,14,4.85,100,0,10000,1023,9.68,71,14,4.85,100,0,10000,1023,9.68,71,14,4.85,100,0,10000,1023,9.68,71,14,4.85,100,0,10000,1023,9.68,71,14,4.85,100,0,10000,1023,9.68,71,14,4.85,100,0,10000
1025,7.84,70,340,3.09,100,0.21,10000,17,0,25,1,1022,8.95,76,319,2.14,93,0,10000,1022,8.95,76,319,2.14,93,0,10000,1022,8.95,76,319,2.14,93,0,10000,1022,8.95,76,319,2.14,93,0,10000,1022,8.95,76,319,2.14,93,0,10000,1022,8.95,76,319,2.14,93,0,10000,1022,8.95,76,319,2.14,93,0,10000,1022,8.95,76,319,2.14,93,0,10000,1022,8.95,76,319,2.14,93,0,10000,1022,8.95,76,319,2.14,93,0,10000,1022,8.95,76,319,2.14,93,0,10000,1022,8.95,76,319,2.14,93,0,10000
1025,7.84,70,340,3.09,100,0.21,10000,20,0,25,1,1025,7.79,76,18,4.21,100,0,10000,1025,7.79,76,18,4.21,100,0,10000,1025,7.79,76,18,4.21,100,0,10000,1025,7.79,76,18,4.21,100,0,10000,1025,7.79,76,18,4.21,100,0,10000,1025,7.79,76,18,4.21,100,0,10000,1025,7.79,76,18,4.21,100,0,10000,1025,7.79,76,18,4.21,100,0,10000,1025,7.79,76,18,4.21,100,0,10000,1025,7.79,76,18,4.21,100,0,10000,1025,7.79,76,18,4.21,100,0,10000,1025,7.79,76,18,4.21,100,0,10000
1025,7.84,70,340,3.09,100,0.21,10000,23,0,25,1,1025,7.43,80,20,3.42,100,0,10000,1025,7.43,80,20,3.42,100,0,10000,1025,7.43,80,20,3.42,100,0,10000,1025,7.43,80,20,3.42,100,0,10000,1025,7.43,80,20,3.42,100,0,10000,1025,7.43,80,20,3.42,100,0,10000,1025,7.43,80,20,3.42,100,0,10000,1025,7.43,80,20,3.42,100,0,10000,1025,7.43,80,20,3.42,100,0,10000,1025,7.43,80,20,3.42,100,0,10000,1025,7.43,80,20,3.42,100,0,10000,1025,7.43,80,20,3.42,100,0,10000
1025,7.84,70,340,3.09,100,0.21,10000,2,0,26,1,1024,7.38,85,33,2.65,100,0,10000,1024,7.38,85,33,2.65,100,0,10000,1024,7.38,85,33,2.65,100,0,10000,1024,7.38,85,33,2.65,100,0,10000,1024,7.38,85,33,2.65,100,0,10000,1024,7.38,85,33,2.65,100,0,10000,1024,7.38,85,33,2.65,100,0,10000,1024,7.38,85,33,2.65,100,0,10000,1024,7.38,85,33,2.65,100,0,10000,1024,7.38,85,33,2.65,100,0,10000,1024,7.38,85,33,2.65,100,0,10000,1024,7.38,85,33,2.65,100,0,10000
1025,7.84,70,340,3.09,100,0.21,10000,5,0,26,1,1024,7.08,86,71,2.21,100,0,10000,1024,7.08,86,71,2.21,100,0,10000,1024,7.08,86,71,2.21,100,0,10000,1024,7.08,86,71,2.21,100,0,10000,1024,7.08,86,71,2.21,100,0,10000,1024,7.08,86,71,2.21,100,0,10000,1024,7.08,86,71,2.21,100,0,10000,1024,7.08,86,71,2.21,100,0,10000,1024,7.08,86,71,2.21,100,0,10000,1024,7.08,86,71,2.21,100,0,10000,1024,7.08,86,71,2.21,100,0,10000,1024,7.08,86,71,2.21,100,0,10000
1025,7.84,70,340,3.09,100,0.21,10000,8,0,26,1,1024,7.48,87,6,3.32,98,0,10000,1024,7.48,87,6,3.32,98,0,10000,1024,7.48,87,6,3.32,98,0,10000,1024,7.48,87,6,3.32,98,0,10000,1024,7.48,87,6,3.32,98,0,10000,1024,7.48,87,6,3.32,98,0,10000,1024,7.48,87,6,3.32,98,0,10000,1024,7.48,87,6,3.32,98,0,10000,1024,7.48,87,6,3.32,98,0,10000,1024,7.48,87,6,3.32,98,0,10000,1024,7.48,87,6,3.32,98,0,10000,1024,7.48,87,6,3.32,98,0,10000
1025,7.84,70,340,3.09,100,0.21,10000,11,0,26,1,1024,8.9,77,354,4.82,100,0,10000,1024,8.9,77,354,4.82,100,0,10000,1024,8.9,77,354,4.82,100,0,10000,1024,8.9,77,354,4.82,100,0,10000,1024,8.9,77,354,4.82,100,0,10000,1024,8.9,77,354,4.82,100,0,10000,1024,8.9,77,354,4.82,100,0,10000,1024,8.9,77,354,4.82,100,0,10000,1024,8.9,77,354,4.82,100,0,10000,1024,8.9,77,354,4.82,100,0,10000,1024,8.9,77,354,4.82,100,0,10000,1024,8.9,77,354,4.82,100,0,10000
1025,7.84,70,340,3.09,100,0.21,10000,14,0,26,1,1023,9.68,71,14,4.85,100,0,10000,1023,9.68,71,14,4.85,100,0,10000,1023,9.68,71,14,4.85,100,0,10000,1023,9.68,71,14,4.85,100,0,10000,1023,9.68,71,14,4.85,100,0,10000,1023,9.68,71,14,4.85,100,0,10000,1023,9.68,71,14,4.85,100,0,10000,1023,9.68,71,14,4.85,100,0,10000,1023,9.68,71,14,4.85,100,0,10000,1023,9.68,71,14,4.85,100,0,10000,1023,9.68,71,14,4.85,100,0,10000,1023,9.68,71,14,4.85,100,0,10000
1025,7.84,70,340,3.09,100,0.21,10000,17,0,26,1,1022,8.95,76,319,2.14,93,0,10000,1022,8.95,76,319,2.14,93,0,10000,1022,8.95,76,319,2.14,93,0,10000,1022,8.95,76,319,2.14,93,0,10000,1022,8.95,76,319,2.14,93,0,10000,1022,8.95,76,319,2.14,93,0,10000,1022,8.95,76,319,2.14,93,0,10000,1022,8.95,76,319,2.14,93,0,10000,1022,8.95,76,319,2.14,93,0,10000,1022,8.95,76,319,2.14,93,0,10000,1022,8.95,76,319,2.14,93,0,10000,1022,8.95,76,319,2.14,93,0,10000
1025,7.84,70,340,3.09,100,0.21,10000,20,0,26,1,1025,7.79,76,18,4.21,100,0,10000,1025,7.79,76,18,4.21,100,0,10000,1025,7.79,76,18,4.21,100,0,10000,1025,7.79,76,18,4.21,100,0,10000,1025,7.79,76,18,4.21,100,0,10000,1025,7.79,76,18,4.21,100,0,10000,1025,7.79,76,18,4.21,100,0,10000,1025,7.79,76,18,4.21,100,0,10000,1025,7.79,76,18,4.21,100,0,10000,1025,7.79,76,18,4.21,100,0,10000,1025,7.79,76,18,4.21,100,0,10000,1025,7.79,76,18,4.21,100,0,10000
1025,7.84,70,340,3.09,100,0.21,10000,23,0,26,1,1025,7.43,80,20,3.42,100,0,10000,1025,7.43,80,20,3.42,100,0,10000,1025,7.43,80,20,3.42,100,0,10000,1025,7.43,80,20,3.42,100,0,10000,1025,7.43,80,20,3.42,100,0,10000,1025,7.43,80,20,3.42,100,0,10000,1025,7.43,80,20,3.42,100,0,10000,1025,7.43,80,20,3.42,100,0,10000,1025,7.43,80,20,3.42,100,0,10000,1025,7.43,80,20,3.42,100,0,10000,1025,7.43,80,20,3.42,100,0,10000,1025,7.43,80,20,3.42,100,0,10000
1025,7.84,70,340,3.09,100,0.21,10000,2,0,27,1,1024,7.38,85,33,2.65,100,0,10000,1024,7.38,85,33,2.65,100,0,10000,1024,7.38,85,33,2.65,100,0,10000,1024,7.38,85,33,2.65,100,0,10000,1024,7.38,85,33,2.65,100,0,10000,1024,7.38,85,33,2.65,100,0,10000,1024,7.38,85,33,2.65,100,0,10000,1024,7.38,85,33,2.65,100,0,10000,1024,7.38,85,33,2.65,100,0,10000,1024,7.38,85,33,2.65,100,0,10000,1024,7.38,85,33,2.65,100,0,10000,1024,7.38,85,33,2.65,100,0,10000
1025,7.84,70,340,3.09,100,0.21,10000,5,0,27,1,1024,7.08,86,71,2.21,100,0,10000,1024,7.08,86,71,2.21,100,0,10000,1024,7.08,86,71,2.21,100,0,10000,1024,7.08,86,71,2.21,100,0,10000,1024,7.08,86,71,2.21,100,0,10000,1024,7.08,86,71,2.21,100,0,10000,1024,7.08,86,71,2.21,100,0,10000,1024,7.08,86,71,2.21,100,0,10000,1024,7.08,86,71,2.21,100,0,10000,1024,7.08,86,71,2.21,100,0,10000,1024,7.08,86,71,2.21,100,0,10000,1024,7.08,86,71,2.21,100,0,10000
1025,7.84,70,340,3.09,100,0.21,10000,8,0,27,1,1024,7.48,87,6,3.32,98,0,10000,1024,7.48,87,6,3.32,98,0,10000,1024,7.48,87,6,3.32,98,0,10000,1024,7.48,87,6,3.32,98,0,10000,1024,7.48,87,6,3.32,98,0,10000,1024,7.48,87,6,3.32,98,0,10000,1024,7.48,87,6,3.32,98,0,10000,1024,7.48,87,6,3.32,98,0,10000,1024,7.48,87,6,3.32,98,0,10000,1024,7.48,87,6,3.32,98,0,10000,1024,7.48,87,6,3.32,98,0,10000,1024,7.48,87,6,3.32,98,0,10000
1025,7.84,70,340,3.09,100,0.21,10000,11,0,27,1,1024,8.9,77,354,4.82,100,0,10000,1024,8.9,77,354,4.82,100,0,10000,1024,8.9,77,354,4.82,100,0,10000,1024,8.9,77,354,4.82,100,0,10000,1024,8.9,77,354,4.82,100,0,10000,1024,8.9,77,354,4.82,100,0,10000,1024,8.9,77,354,4.82,100,0,10000,1024,8.9,77,354,4.82,100,0,10000,1024,8.9,77,354,4.82,100,0,10000,1024,8.9,77,354,4.82,100,0,10000,1024,8.9,77,354,4.82,100,0,10000,1024,8.9,77,354,4.82,100,0,10000
1025,7.84,70,340,3.09,100,0.21,10000,14,0,27,1,1023,9.68,71,14,4.85,100,0,10000,1023,9.68,71,14,4.85,100,0,10000,1023,9.68,71,14,4.85,100,0,10000,1023,9.68,71,14,4.85,100,0,10000,1023,9.68,71,14,4.85,100,0,10000,1023,9.68,71,14,4.85,100,0,10000,1023,9.68,71,14,4.85,100,0,10000,1023,9.68,71,14,4.85,100,0,10000,1023,9.68,71,14,4.85,100,0,10000,1023,9.68,71,14,4.85,100,0,10000,1023,9.68,71,14,4.85,100,0,10000,1023,9.68,71,14,4.85,100,0,10000
1025,7.84,70,340,3.09,100,0.21,10000,17,0,27,1,1022,8.95,76,319,2.14,93,0,10000,1022,8.95,76,319,2.14,93,0,10000,1022,8.95,76,319,2.14,93,0,10000,1022,8.95,76,319,2.14,93,0,10000,1022,8.95,76,319,2.14,93,0,10000,1022,8.95,76,319,2.14,93,0,10000,1022,8.95,76,319,2.14,93,0,10000,1022,8.95,76,319,2.14,93,0,10000,1022,8.95,76,319,2.14,93,0,10000,1022,8.95,76,319,2.14,93,0,10000,1022,8.95,76,319,2.14,93,0,10000,1022,8.95,76,319,2.14,93,0,10000
1025,7.84,70,340,3.09,100,0.21,10000,20,0,27,1,1025,7.79,76,18,4.21,100,0,10000,1025,7.79,76,18,4.21,100,0,10000,1025,7.79,76,18,4.21,100,0,10000,1025,7.79,76,18,4.21,100,0,10000,1025,7.79,76,18,4.21,100,0,10000,1025,7.79,76,18,4.21,100,0,10000,1025,7.79,76,18,4.21,100,0,10000,1025,7.79,76,18,4.21,100,0,10000,1025,7.79,76,18,4.21,100,0,10000,1025,7.79,76,18,4.21,100,0,10000,1025,7.79,76,18,4.21,100,0,10000,1025,7.79,76,18,4.21,100,0,10000
1025,7.84,70,340,3.09,100,0.21,10000,23,0,27,1,1025,7.43,80,20,3.42,100,0,10000,1025,7.43,80,20,3.42,100,0,10000,1025,7.43,80,20,3.42,100,0,10000,1025,7.43,80,20,3.42,100,0,10000,1025,7.43,80,20,3.42,100,0,10000,1025,7.43,80,20,3.42,100,0,10000,1025,7.43,80,20,3.42,100,0,10000,1025,7.43,80,20,3.42,100,0,10000,1025,7.43,80,20,3.42,100,0,10000,1025,7.43,80,20,3.42,100,0,10000,1025,7.43,80,20,3.42,100,0,10000,1025,7.43,80,20,3.42,100,0,10000
1025,7.84,70,340,3.09,100,0.21,10000,2,0,28,1,1024,7.38,85,33,2.65,100,0,10000,1024,7.38,85,33,2.65,100,0,10000,1024,7.38,85,33,2.65,100,0,10000,1024,7.38,85,33,2.65,100,0,10000,1024,7.38,85,33,2.65,100,0,10000,1024,7.38,85,33,2.65,100,0,10000,1024,7.38,85,33,2.65,100,0,10000,1024,7.38,85,33,2.65,100,0,10000,1024,7.38,85,33,2.65,100,0,10000,1024,7.38,85,33,2.65,100,0,10000,1024,7.38,85,33,2.65,100,0,10000,1024,7.38,85,33,2.65,100,0,10000
1025,7.84,70,340,3.09,100,0.21,10000,5,0,28,1,1024,7.08,86,71,2.21,100,0,10000,1024,7.08,86,71,2.21,100,0,10000,1024,7.08,86,71,2.21,100,0,10000,1024,7.08,86,71,2.21,100,0,10000,1024,7.08,86,71,2.21,100,0,10000,1024,7.08,86,71,2.21,100,0,10000,1024,7.08,86,71,2.21,100,0,10000,1024,7.08,86,71,2.21,100,0,10000,1024,7.08,86,71,2.21,100,0,10000,1024,7.08,86,71,2.21,100,0,10000,1024,7.08,86,71,2.21,100,0,10000,1024,7.08,86,71,2.21,100,0,10000
1025,7.84,70,340,3.09,100,0.21,10000,8,0,28,1,1024,7.48,87,6,3.32,98,0,10000,1024,7.48,87,6,3.32,98,0,10000,1024,7.48,87,6,3.32,98,0,10000,1024,7.48,87,6,3.32,98,0,10000,1024,7.48,87,6,3.32,98,0,10000,1024,7.48,87,6,3.32,98,0,10000,1024,7.48,87,6,3.32,98,0,10000,1024,7.48,87,6,3.32,98,0,10000,1024,7.48,87,6,3.32,98,0,10000,1024,7.48,87,6,3.32,98,0,10000,1024,7.48,87,6,3.32,98,0,10000,1024,7.48,87,6,3.32,98,0,10000
1025,7.84,70,340,3.09,100,0.21,10000,11,0,28,1,1024,8.9,77,354,4.82,100,0,10000,1024,8.9,77,354,4.82,100,0,10000,1024,8.9,77,354,4.82,100,0,10000,1024,8.9,77,354,4.82,100,0,10000,1024,8.9,77,354,4.82,100,0,10000,1024,8.9,77,354,4.82,100,0,10000,1024,8.9,77,354,4.82,100,0,10000,1024,8.9,77,354,4.82,100,0,10000,1024,8.9,77,354,4.82,100,0,10000,1024,8.9,77,354,4.82,100,0,10000,1024,8.9,77,354,4.82,100,0,10000,1024,8.9,77,354,4.82,100,0,10000
1025,7.84,70,340,3.09,100,0.21,10000,14,0,28,1,1023,9.68,71,14,4.85,100,0,10000,1023,9.68,71,14,4.85,100,0,10000,1023,9.68,71,14,4.85,100,0,10000,1023,9.68,71,14,4.85,100,0,10000,1023,9.68,71,14,4.85,100,0,10000,1023,9.68,71,14,4.85,100,0,10000,1023,9.68,71,14,4.85,100,0,10000,1023,9.68,71,14,4.85,100,0,10000,1023,9.68,71,14,4.85,100,0,10000,1023,9.68,71,14,4.85,100,0,10000,1023,9.68,71,14,4.85,100,0,10000,1023,9.68,71,14,4.85,100,0,10000
1025,7.84,70,340,3.09,100,0.21,10000,17,0,28,1,1022,8.95,76,319,2.14,93,0,10000,1022,8.95,76,319,2.14,93,0,10000,1022,8.95,76,319,2.14,93,0,10000,1022,8.95,76,319,2.14,93,0,10000,1022,8.95,76,319,2.14,93,0,10000,1022,8.95,76,319,2.14,93,0,10000,1022,8.95,76,319,2.14,93,0,10000,1022,8.95,76,319,2.14,93,0,10000,1022,8.95,76,319,2.14,93,0,10000,1022,8.95,76,319,2.14,93,0,10000,1022,8.95,76,319,2.14,93,0,10000,1022,8.95,76,319,2.14,93,0,10000
1025,7.84,70,340,3.09,100,0.21,10000,20,0,28,1,1025,7.79,76,18,4.21,100,0,10000,1025,7.79,76,18,4.21,100,0,10000,1025,7.79,76,18,4.21,100,0,10000,1025,7.79,76,18,4.21,100,0,10000,1025,7.79,76,18,4.21,100,0,10000,1025,7.79,76,18,4.21,100,0,10000,1025,7.79,76,18,4.21,100,0,10000,1025,7.79,76,18,4.21,100,0,10000,1025,7.79,76,18,4.21,100,0,10000,1025,7.79,76,18,4.21,100,0,10000,1025,7.79,76,18,4.21,100,0,10000,1025,7.79,76,18,4.21,100,0,10000
1025,7.84,70,340,3.09,100,0.21,10000,23,0,28,1,1025,7.43,80,20,3.42,100,0,10000,1025,7.43,80,20,3.42,100,0,10000,1025,7.43,80,20,3.42,100,0,10000,1025,7.43,80,20,3.42,100,0,10000,1025,7.43,80,20,3.42,100,0,10000,1025,7.43,80,20,3.42,100,0,10000,1025,7.43,80,20,3.42,100,0,10000,1025,7.43,80,20,3.42,100,0,10000,1025,7.43,80,20,3.42,100,0,10000,1025,7.43,80,20,3.42,100,0,10000,1025,7.43,80,20,3.42,100,0,10000,1025,7.43,80,20,3.42,100,0,10000
1025,7.84,70,340,3.09,100,0.21,10000,2,0,29,1,1024,7.38,85,33,2.65,100,0,10000,1024,7.38,85,33,2.65,100,0,10000,1024,7.38,85,33,2.65,100,0,10000,1024,7.38,85,33,2.65,100,0,10000,1024,7.38,85,33,2.65,100,0,10000,1024,7.38,85,33,2.65,100,0,10000,1024,7.38,85,33,2.65,100,0,10000,1024,7.38,85,33,2.65,100,0,10000,1024,7.38,85,33,2.65,100,0,10000,1024,7.38,85,33,2.65,100,0,10000,1024,7.38,85,33,2.65,100,0,10000,1024,7.38,85,33,2.65,100,0,10000
1025,7.84,70,340,3.09,100,0.21,10000,5,0,29,1,1024,7.08,86,71,2.21,100,0,10000,1024,7.08,86,71,2.21,100,0,10000,1024,7.08,86,71,2.21,100,0,10000,1024,7.08,86,71,2.21,100,0,10000,1024,7.08,86,71,2.21,100,0,10000,1024,7.08,86,71,2.21,100,0,10000,1024,7.08,86,71,2.21,100,0,10000,1024,7.08,86,71,2.21,100,0,10000,1024,7.08,86,71,2.21,100,0,10000,1024,7.08,86,71,2.21,100,0,10000,1024,7.08,86,71,2.21,100,0,10000,1024,7.08,86,71,2.21,100,0,10000
1025,7.84,70,340,3.09,100,0.21,10000,8,0,29,1,1024,7.48,87,6,3.32,98,0,10000,1024,7.48,87,6,3.32,98,0,10000,1024,7.48,87,6,3.32,98,0,10000,1024,7.48,87,6,3.32,98,0,10000,1024,7.48,87,6,3.32,98,0,10000,1024,7.48,87,6,3.32,98,0,10000,1024,7.48,87,6,3.32,98,0,10000,1024,7.48,87,6,3.32,98,0,10000,1024,7.48,87,6,3.32,98,0,10000,1024,7.48,87,6,3.32,98,0,10000,1024,7.48,87,6,3.32,98,0,10000,1024,7.48,87,6,3.32,98,0,10000
1025,7.84,70,340,3.09,100,0.21,10000,11,0,29,1,1024,8.9,77,354,4.82,100,0,10000,1024,8.9,77,354,4.82,100,0,10000,1024,8.9,77,354,4.82,100,0,10000,1024,8.9,77,354,4.82,100,0,10000,1024,8.9,77,354,4.82,100,0,10000,1024,8.9,77,354,4.82,100,0,10000,1024,8.9,77,354,4.82,100,0,10000,1024,8.9,77,354,4.82,100,0,10000,1024,8.9,77,354,4.82,100,0,10000,1024,8.9,77,354,4.82,100,0,10000,1024,8.9,77,354,4.82,100,0,10000,1024,8.9,77,354,4.82,100,0,10000
1025,7.84,70,340,3.09,100,0.21,10000,14,0,29,1,1023,9.68,71,14,4.85,100,0,10000,1023,9.68,71,14,4.85,100,0,10000,1023,9.68,71,14,4.85,100,0,10000,1023,9.68,71,14,4.85,100,0,10000,1023,9.68,71,14,4.85,100,0,10000,1023,9.68,71,14,4.85,100,0,10000,1023,9.68,71,14,4.85,100,0,10000,1023,9.68,71,14,4.85,100,0,10000,1023,9.68,71,14,4.85,100,0,10000,1023,9.68,71,14,4.85,100,0,10000,1023,9.68,71,14,4.85,100,0,10000,1023,9.68,71,14,4.85,100,0,10000
1025,7.84,70,340,3.09,100,0.21,10000,17,0,29,1,1022,8.95,76,319,2.14,93,0,10000,1022,8.95,76,319,2.14,93,0,10000,1022,8.95,76,319,2.14,93,0,10000,1022,8.95,76,319,2.14,93,0,10000,1022,8.95,76,319,2.14,93,0,10000,1022,8.95,76,319,2.14,93,0,10000,1022,8.95,76,319,2.14,93,0,10000,1022,8.95,76,319,2.14,93,0,10000,1022,8.95,76,319,2.14,93,0,10000,1022,8.95,76,319,2.14,93,0,10000,1022,8.95,76,319,2.14,93,0,10000,1022,8.95,76,319,2.14,93,0,10000
1025,7.84,70,340,3.09,100,0.21,10000,20,0,29,1,1025,7.79,76,18,4.21,100,0,10000,1025,7.79,76,18,4.21,100,0,10000,1025,7.79,76,18,4.21,100,0,10000,1025,7.79,76,18,4.21,100,0,10000,1025,7.79,76,18,4.21,100,0,10000,1025,7.79,76,18,4.21,100,0,10000,1025,7.79,76,18,4.21,100,0,10000,1025,7.79,76,18,4.21,100,0,10000,1025,7.79,76,18,4.21,100,0,10000,1025,7.79,76,18,4.21,100,0,10000,1025,7.79,76,18,4.21,100,0,10000,1025,7.79,76,18,4.21,100,0,10000
1025,7.84,70,340,3.09,100,0.21,10000,23,0,29,1,1025,7.43,80,20,3.42,100,0,10000,1025,7.43,80,20,3.42,100,0,10000,1025,7.43,80,20,3.42,100,0,10000,1025,7.43,80,20,3.42,100,0,10000,1025,7.43,80,20,3.42,100,0,10000,1025,7.43,80,20,3.42,100,0,10000,1025,7.43,80,20,3.42,100,0,10000,1025,7.43,80,20,3.42,100,0,10000,1025,7.43,80,20,3.42,100,0,10000,1025,7.43,80,20,3.42,100,0,10000,1025,7.43,80,20,3.42,100,0,10000,1025,7.43,80,20,3.42,100,0,10000
1025,7.84,70,340,3.09,100,0.21,10000,2,0,30,1,1024,7.38,85,33,2.65,100,0,10000,1024,7.38,85,33,2.65,100,0,10000,1024,7.38,85,33,2.65,100,0,10000,1024,7.38,85,33,2.65,100,0,10000,1024,7.38,85,33,2.65,100,0,10000,1024,7.38,85,33,2.65,100,0,10000,1024,7.38,85,33,2.65,100,0,10000,1024,7.38,85,33,2.65,100,0,10000,1024,7.38,85,33,2.65,100,0,10000,1024,7.38,85,33,2.65,100,0,10000,1024,7.38,85,33,2.65,100,0,10000,1024,7.38,85,33,2.65,100,0,10000
1025,7.84,70,340,3.09,100,0.21,10000,5,0,30,1,1024,7.08,86,71,2.21,100,0,10000,1024,7.08,86,71,2.21,100,0,10000,1024,7.08,86,71,2.21,100,0,10000,1024,7.08,86,71,2.21,100,0,10000,1024,7.08,86,71,2.21,100,0,10000,1024,7.08,86,71,2.21,100,0,10000,1024,7.08,86,71,2.21,100,0,10000,1024,7.08,86,71,2.21,100,0,10000,1024,7.08,86,71,2.21,100,0,10000,1024,7.08,86,71,2.21,100,0,10000,1024,7.08,86,71,2.21,100,0,10000,1024,7.08,86,71,2.21,100,0,10000
1025,7.84,70,340,3.09,100,0.21,10000,8,0,30,1,1024,7.48,87,6,3.32,98,0,10000,1024,7.48,87,6,3.32,98,0,10000,1024,7.48,87,6,3.32,98,0,10000,1024,7.48,87,6,3.32,98,0,10000,1024,7.48,87,6,3.32,98,0,10000,1024,7.48,87,6,3.32,98,0,10000,1024,7.48,87,6,3.32,98,0,10000,1024,7.48,87,6,3.32,98,0,10000,1024,7.48,87,6,3.32,98,0,10000,1024,7.48,87,6,3.32,98,0,10000,1024,7.48,87,6,3.32,98,0,10000,1024,7.48,87,6,3.32,98,0,10000
1025,7.84,70,340,3.09,100,0.21,10000,11,0,30,1,1024,8.9,77,354,4.82,100,0,10000,1024,8.9,77,354,4.82,100,0,10000,1024,8.9,77,354,4.82,100,0,10000,1024,8.9,77,354,4.82,100,0,10000,1024,8.9,77,354,4.82,100,0,10000,1024,8.9,77,354,4.82,100,0,10000,1024,8.9,77,354,4.82,100,0,10000,1024,8.9,77,354,4.82,100,0,10000,1024,8.9,77,354,4.82,100,0,10000,1024,8.9,77,354,4.82,100,0,10000,1024,8.9,77,354,4.82,100,0,10000,1024,8.9,77,354,4.82,100,0,10000
1025,7.84,70,340,3.09,100,0.21,10000,14,0,30,1,1023,9.68,71,14,4.85,100,0,10000,1023,9.68,71,14,4.85,100,0,10000,1023,9.68,71,14,4.85,100,0,10000,1023,9.68,71,14,4.85,100,0,10000,1023,9.68,71,14,4.85,100,0,10000,1023,9.68,71,14,4.85,100,0,10000,1023,9.68,71,14,4.85,100,0,10000,1023,9.68,71,14,4.85,100,0,10000,1023,9.68,71,14,4.85,100,0,10000,1023,9.68,71,14,4.85,100,0,10000,1023,9.68,71,14,4.85,100,0,10000,1023,9.68,71,14,4.85,100,0,10000
1025,7.84,70,340,3.09,100,0.21,10000,17,0,30,1,1022,8.95,76,319,2.14,93,0,10000,1022,8.95,76,319,2.14,93,0,10000,1022,8.95,76,319,2.14,93,0,10000,1022,8.95,76,319,2.14,93,0,10000,1022,8.95,76,319,2.14,93,0,10000,1022,8.95,76,319,2.14,93,0,10000,1022,8.95,76,319,2.14,93,0,10000,1022,8.95,76,319,2.14,93,0,10000,1022,8.95,76,319,2.14,93,0,10000,1022,8.95,76,319,2.14,93,0,10000,1022,8.95,76,319,2.14,93,0,10000,1022,8.95,76,319,2.14,93,0,10000
1025,7.84,70,340,3.09,100,0.21,10000,20,0,30,1,1025,7.79,76,18,4.21,100,0,10000,1025,7.79,76,18,4.21,100,0,10000,1025,7.79,76,18,4.21,100,0,10000,1025,7.79,76,18,4.21,100,0,10000,1025,7.79,76,18,4.21,100,0,10000,1025,7.79,76,18,4.21,100,0,10000,1025,7.79,76,18,4.21,100,0,10000,1025,7.79,76,18,4.21,100,0,10000,1025,7.79,76,18,4.21,100,0,10000,1025,7.79,76,18,4.21,100,0,10000,1025,7.79,76,18,4.21,100,0,10000,1025,7.79,76,18,4.21,100,0,10000
1025,7.84,70,340,3.09,100,0.21,10000,23,0,30,1,1025,7.43,80,20,3.42,100,0,10000,1025,7.43,80,20,3.42,100,0,10000,1025,7.43,80,20,3.42,100,0,10000,1025,7.43,80,20,3.42,100,0,10000,1025,7.43,80,20,3.42,100,0,10000,1025,7.43,80,20,3.42,100,0,10000,1025,7.43,80,20,3.42,100,0,10000,1025,7.43,80,20,3.42,100,0,10000,1025,7.43,80,20,3.42,100,0,10000,1025,7.43,80,20,3.42,100,0,10000,1025,7.43,80,20,3.42,100,0,10000,1025,7.43,80,20,3.42,100,0,10000
1025,7.84,70,340,3.09,100,0.21,10000,2,0,31,1,1024,7.38,85,33,2.65,100,0,10000,1024,7.38,85,33,2.65,100,0,10000,1024,7.38,85,33,2.65,100,0,10000,1024,7.38,85,33,2.65,100,0,10000,1024,7.38,85,33,2.65,100,0,10000,1024,7.38,85,33,2.65,100,0,10000,1024,7.38,85,33,2.65,100,0,10000,1024,7.38,85,33,2.65,100,0,10000,1024,7.38,85,33,2.65,100,0,10000,1024,7.38,85,33,2.65,100,0,10000,1024,7.38,85,33,2.65,100,0,10000,1024,7.38,85,33,2.65,100,0,10000
1025,7.84,70,340,3.09,100,0.21,10000,5,0,31,1,1024,7.08,86,71,2.21,100,0,10000,1024,7.08,86,71,2.21,100,0,10000,1024,7.08,86,71,2.21,100,0,10000,1024,7.08,86,71,2.21,100,0,10000,1024,7.08,86,71,2.21,100,0,10000,1024,7.08,86,71,2.21,100,0,10000,1024,7.08,86,71,2.21,100,0,10000,1024,7.08,86,71,2.21,100,0,10000,1024,7.08,86,71,2.21,100,0,10000,1024,7.08,86,71,2.21,100,0,10000,1024,7.08,86,71,2.21,100,0,10000,1024,7.08,86,71,2.21,100,0,10000
1025,7.84,70,340,3.09,100,0.21,10000,8,0,31,1,1024,7.48,87,6,3.32,98,0,10000,1024,7.48,87,6,3.32,98,0,10000,1024,7.48,87,6,3.32,98,0,10000,1024,7.48,87,6,3.32,98,0,10000,1024,7.48,87,6,3.32,98,0,10000,1024,7.48,87,6,3.32,98,0,10000,1024,7.48,87,6,3.32,98,0,10000,1024,7.48,87,6,3.32,98,0,10000,1024,7.48,87,6,3.32,98,0,10000,1024,7.48,87,6,3.32,98,0,10000,1024,7.48,87,6,3.32,98,0,10000,1024,7.48,87,6,3.32,98,0,10000
1025,7.84,70,340,3.09,100,0.21,10000,11,0,31,1,1024,8.9,77,354,4.82,100,0,10000,1024,8.9,77,354,4.82,100,0,10000,1024,8.9,77,354,4.82,100,0,10000,1024,8.9,77,354,4.82,100,0,10000,1024,8.9,77,354,4.82,100,0,10000,1024,8.9,77,354,4.82,100,0,10000,1024,8.9,77,354,4.82,100,0,10000,1024,8.9,77,354,4.82,100,0,10000,1024,8.9,77,354,4.82,100,0,10000,1024,8.9,77,354,4.82,100,0,10000,1024,8.9,77,354,4.82,100,0,10000,1024,8.9,77,354,4.82,100,0,10000
1025,7.84,70,340,3.09,100,0.21,10000,14,0,31,1,1023,9.68,71,14,4.85,100,0,10000,1023,9.68,71,14,4.85,100,0,10000,1023,9.68,71,14,4.85,100,0,10000,1023,9.68,71,14,4.85,100,0,10000,1023,9.68,71,14,4.85,100,0,10000,1023,9.68,71,14,4.85,100,0,10000,1023,9.68,71,14,4.85,100,0,10000,1023,9.68,71,14,4.85,100,0,10000,1023,9.68,71,14,4.85,100,0,10000,1023,9.68,71,14,4.85,100,0,10000,1023,9.68,71,14,4.85,100,0,10000,1023,9.68,71,14,4.85,100,0,10000
1025,7.84,70,340,3.09,100,0.21,10000,17,0,31,1,1022,8.95,76,319,2.14,93,0,10000,1022,8.95,76,319,2.14,93,0,10000,1022,8.95,76,319,2.14,93,0,10000,1022,8.95,76,319,2.14,93,0,10000,1022,8.95,76,319,2.14,93,0,10000,1022,8.95,76,319,2.14,93,0,10000,1022,8.95,76,319,2.14,93,0,10000,1022,8.95,76,319,2.14,93,0,10000,1022,8.95,76,319,2.14,93,0,10000,1022,8.95,76,319,2.14,93,0,10000,1022,8.95,76,319,2.14,93,0,10000,1022,8.95,76,319,2.14,93,0,10000
1025,7.84,70,340,3.09,100,0.21,10000,20,0,31,1,1025,7.79,76,18,4.21,100,0,10000,1025,7.79,76,18,4.21,100,0,10000,1025,7.79,76,18,4.21,100,0,10000,1025,7.79,76,18,4.21,100,0,10000,1025,7.79,76,18,4.21,100,0,10000,1025,7.79,76,18,4.21,100,0,10000,1025,7.79,76,18,4.21,100,0,10000,1025,7.79,76,18,4.21,100,0,10000,1025,7.79,76,18,4.21,100,0,10000,1025,7.79,76,18,4.21,100,0,10000,1025,7.79,76,18,4.21,100,0,10000,1025,7.79,76,18,4.21,100,0,10000
1025,7.84,70,340,3.09,100,0.21,10000,23,0,31,1,1025,7.43,80,20,3.42,100,0,10000,1025,7.43,80,20,3.42,100,0,10000,1025,7.43,80,20,3.42,100,0,10000,1025,7.43,80,20,3.42,100,0,10000,1025,7.43,80,20,3.42,100,0,10000,1025,7.43,80,20,3.42,100,0,10000,1025,7.43,80,20,3.42,100,0,10000,1025,7.43,80,20,3.42,100,0,10000,1025,7.43,80,20,3.42,100,0,10000,1025,7.43,80,20,3.42,100,0,10000,1025,7.43,80,20,3.42,100,0,10000,1025,7.43,80,20,3.42,100,0,10000
1025,7.84,70,340,3.09,100,0.21,10000,2,0,1,2,1024,7.38,85,33,2.65,100,0,10000,1024,7.38,85,33,2.65,100,0,10000,1024,7.38,85,33,2.65,100,0,10000,1024,7.38,85,33,2.65,100,0,10000,1024,7.38,85,33,2.65,100,0,10000,1024,7.38,85,33,2.65,100,0,10000,1024,7.38,85,33,2.65,100,0,10000,1024,7.38,85,33,2.65,100,0,10000,1024,7.38,85,33,2.65,100,0,10000,1024,7.38,85,33,2.65,100,0,10000,1024,7.38,85,33,2.65,100,0,10000,1024,7.38,85,33,2.65,100,0,10000
1025,7.84,70,340,3.09,100,0.21,10000,5,0,1,2,1024,7.08,86,71,2.21,100,0,10000,1024,7.08,86,71,2.21,100,0,10000,1024,7.08,86,71,2.21,100,0,10000,1024,7.08,86,71,2.21,100,0,10000,1024,7.08,86,71,2.21,100,0,10000,1024,7.08,86,71,2.21,100,0,10000,1024,7.08,86,71,2.21,100,0,10000,1024,7.08,86,71,2.21,100,0,10000,1024,7.08,86,71,2.21,100,0,10000,1024,7.08,86,71,2.21,100,0,10000,1024,7.08,86,71,2.21,100,0,10000,1024,7.08,86,71,2.21,100,0,10000
1025,7.84,70,340,3.09,100,0.21,10000,8,0,1,2,1024,7.48,87,6,3.32,98,0,10000,1024,7.48,87,6,3.32,98,0,10000,1024,7.48,87,6,3.32,98,0,10000,1024,7.48,87,6,3.32,98,0,10000,1024,7.48,87,6,3.32,98,0,10000,1024,7.48,87,6,3.32,98,0,10000,1024,7.48,87,6,3.32,98,0,10000,1024,7.48,87,6,3.32,98,0,10000,1024,7.48,87,6,3.32,98,0,10000,1024,7.48,87,6,3.32,98,0,10000,1024,7.48,87,6,3.32,98,0,10000,1024,7.48,87,6,3.32,98,0,10000
1025,7.84,70,340,3.09,100,0.21,10000,11,0,1,2,1024,8.9,77,354,4.82,100,0,10000,1024,8.9,77,354,4.82,100,0,10000,1024,8.9,77,354,4.82,100,0,10000,1024,8.9,77,354,4.82,100,0,10000,1024,8.9,77,354,4.82,100,0,10000,1024,8.9,77,354,4.82,100,0,10000,1024,8.9,77,354,4.82,100,0,10000,1024,8.9,77,354,4.82,100,0,10000,1024,8.9,77,354,4.82,100,0,10000,1024,8.9,77,354,4.82,100,0,10000,1024,8.9,77,354,4.82,100,0,10000,1024,8.9,77,354,4.82,100,0,10000
1025,7.84,70,340,3.09,100,0.21,10000,14,0,1,2,1023,9.68,71,14,4.85,100,0,10000,1023,9.68,71,14,4.85,100,0,10000,1023,9.68,71,14,4.85,100,0,10000,1023,9.68,71,14,4.85,100,0,10000,1023,9.68,71,14,4.85,100,0,10000,1023,9.68,71,14,4.85,100,0,10000,1023,9.68,71,14,4.85,100,0,10000,1023,9.68,71,14,4.85,100,0,10000,1023,9.68,71,14,4.85,100,0,10000,1023,9.68,71,14,4.85,100,0,10000,1023,9.68,71,14,4.85,100,0,10000,1023,9.68,71,14,4.85,100,0,10000
1025,7.84,70,340,3.09,100,0.21,10000,17,0,1,2,1022,8.95,76,319,2.14,93,0,10000,1022,8.95,76,319,2.14,93,0,10000,1022,8.95,76,319,2.14,93,0,10000,1022,8.95,76,319,2.14,93,0,10000,1022,8.95,76,319,2.14,93,0,10000,1022,8.95,76,319,2.14,93,0,10000,1022,8.95,76,319,2.14,93,0,10000,1022,8.95,76,319,2.14,93,0,10000,1022,8.95,76,319,2.14,93,0,10000,1022,8.95,76,319,2.14,93,0,10000,1022,8.95,76,319,2.14,93,0,10000,1022,8.95,76,319,2.14,93,0,10000
1025,7.84,70,340,3.09,100,0.21,10000,20,0,1,2,1025,7.79,76,18,4.21,100,0,10000,1025,7.79,76,18,4.21,100,0,10000,1025,7.79,76,18,4.21,100,0,10000,1025,7.79,76,18,4.21,100,0,10000,1025,7.79,76,18,4.21,100,0,10000,1025,7.79,76,18,4.21,100,0,10000,1025,7.79,76,18,4.21,100,0,10000,1025,7.79,76,18,4.21,100,0,10000,1025,7.79,76,18,4.21,100,0,10000,1025,7.79,76,18,4.21,100,0,10000,1025,7.79,76,18,4.21,100,0,10000,1025,7.79,76,18,4.21,100,0,10000
1025,7.84,70,340,3.09,100,0.21,10000,23,0,1,2,1025,7.43,80,20,3.42,100,0,10000,1025,7.43,80,20,3.42,100,0,10000,1025,7.43,80,20,3.42,100,0,10000,1025,7.43,80,20,3.42,100,0,10000,1025,7.43,80,20,3.42,100,0,10000,1025,7.43,80,20,3.42,100,0,10000,1025,7.43,80,20,3.42,100,0,10000,1025,7.43,80,20,3.42,100,0,10000,1025,7.43,80,20,3.42,100,0,10000,1025,7.43,80,20,3.42,100,0,10000,1025,7.43,80,20,3.42,100,0,10000,1025,7.43,80,20,3.42,100,0,10000
1025,7.84,70,340,3.09,100,0.21,10000,2,0,2,2,1024,7.38,85,33,2.65,100,0,10000,1024,7.38,85,33,2.65,100,0,10000,1024,7.38,85,33,2.65,100,0,10000,1024,7.38,85,33,2.65,100,0,10000,1024,7.38,85,33,2.65,100,0,10000,1024,7.38,85,33,2.65,100,0,10000,1024,7.38,85,33,2.65,100,0,10000,1024,7.38,85,33,2.65,100,0,10000,1024,7.38,85,33,2.65,100,0,10000,1024,7.38,85,33,2.65,100,0,10000,1024,7.38,85,33,2.65,100,0,10000,1024,7.38,85,33,2.65,100,0,10000
1025,7.84,70,340,3.09,100,0.21,10000,5,0,2,2,1024,7.08,86,71,2.21,100,0,10000,1024,7.08,86,71,2.21,100,0,10000,1024,7.08,86,71,2.21,100,0,10000,1024,7.08,86,71,2.21,100,0,10000,1024,7.08,86,71,2.21,100,0,10000,1024,7.08,86,71,2.21,100,0,10000,1024,7.08,86,71,2.21,100,0,10000,1024,7.08,86,71,2.21,100,0,10000,1024,7.08,86,71,2.21,100,0,10000,1024,7.08,86,71,2.21,100,0,10000,1024,7.08,86,71,2.21,100,0,10000,1024,7.08,86,71,2.21,100,0,10000
1025,7.84,70,340,3.09,100,0.21,10000,8,0,2,2,1024,7.48,87,6,3.32,98,0,10000,1024,7.48,87,6,3.32,98,0,10000,1024,7.48,87,6,3.32,98,0,10000,1024,7.48,87,6,3.32,98,0,10000,1024,7.48,87,6,3.32,98,0,10000,1024,7.48,87,6,3.32,98,0,10000,1024,7.48,87,6,3.32,98,0,10000,1024,7.48,87,6,3.32,98,0,10000,1024,7.48,87,6,3.32,98,0,10000,1024,7.48,87,6,3.32,98,0,10000,1024,7.48,87,6,3.32,98,0,10000,1024,7.48,87,6,3.32,98,0,10000
1025,7.84,70,340,3.09,100,0.21,10000,11,0,2,2,1024,8.9,77,354,4.82,100,0,10000,1024,8.9,77,354,4.82,100,0,10000,1024,8.9,77,354,4.82,100,0,10000,1024,8.9,77,354,4.82,100,0,10000,1024,8.9,77,354,4.82,100,0,10000,1024,8.9,77,354,4.82,100,0,10000,1024,8.9,77,354,4.82,100,0,10000,1024,8.9,77,354,4.82,100,0,10000,1024,8.9,77,354,4.82,100,0,10000,1024,8.9,77,354,4.82,100,0,10000,1024,8.9,77,354,4.82,100,0,10000,1024,8.9,77,354,4.82,100,0,10000
1025,7.84,70,340,3.09,100,0.21,10000,14,0,2,2,1023,9.68,71,14,4.85,100,0,10000,1023,9.68,71,14,4.85,100,0,10000,1023,9.68,71,14,4.85,100,0,10000,1023,9.68,71,14,4.85,100,0,10000,1023,9.68,71,14,4.85,100,0,10000,1023,9.68,71,14,4.85,100,0,10000,1023,9.68,71,14,4.85,100,0,10000,1023,9.68,71,14,4.85,100,0,10000,1023,9.68,71,14,4.85,100,0,10000,1023,9.68,71,14,4.85,100,0,10000,1023,9.68,71,14,4.85,100,0,10000,1023,9.68,71,14,4.85,100,0,10000
1025,7.84,70,340,3.09,100,0.21,10000,17,0,2,2,1022,8.95,76,319,2.14,93,0,10000,1022,8.95,76,319,2.14,93,0,10000,1022,8.95,76,319,2.14,93,0,10000,1022,8.95,76,319,2.14,93,0,10000,1022,8.95,76,319,2.14,93,0,10000,1022,8.95,76,319,2.14,93,0,10000,1022,8.95,76,319,2.14,93,0,10000,1022,8.95,76,319,2.14,93,0,10000,1022,8.95,76,319,2.14,93,0,10000,1022,8.95,76,319,2.14,93,0,10000,1022,8.95,76,319,2.14,93,0,10000,1022,8.95,76,319,2.14,93,0,10000
1025,7.84,70,340,3.09,100,0.21,10000,20,0,2,2,1025,7.79,76,18,4.21,100,0,10000,1025,7.79,76,18,4.21,100,0,10000,1025,7.79,76,18,4.21,100,0,10000,1025,7.79,76,18,4.21,100,0,10000,1025,7.79,76,18,4.21,100,0,10000,1025,7.79,76,18,4.21,100,0,10000,1025,7.79,76,18,4.21,100,0,10000,1025,7.79,76,18,4.21,100,0,10000,1025,7.79,76,18,4.21,100,0,10000,1025,7.79,76,18,4.21,100,0,10000,1025,7.79,76,18,4.21,100,0,10000,1025,7.79,76,18,4.21,100,0,10000
1025,7.84,70,340,3.09,100,0.21,10000,23,0,2,2,1025,7.43,80,20,3.42,100,0,10000,1025,7.43,80,20,3.42,100,0,10000,1025,7.43,80,20,3.42,100,0,10000,1025,7.43,80,20,3.42,100,0,10000,1025,7.43,80,20,3.42,100,0,10000,1025,7.43,80,20,3.42,100,0,10000,1025,7.43,80,20,3.42,100,0,10000,1025,7.43,80,20,3.42,100,0,10000,1025,7.43,80,20,3.42,100,0,10000,1025,7.43,80,20,3.42,100,0,10000,1025,7.43,80,20,3.42,100,0,10000,1025,7.43,80,20,3.42,100,0,10000
1025,7.84,70,340,3.09,100,0.21,10000,2,0,3,2,1024,7.38,85,33,2.65,100,0,10000,1024,7.38,85,33,2.65,100,0,10000,1024,7.38,85,33,2.65,100,0,10000,1024,7.38,85,33,2.65,100,0,10000,1024,7.38,85,33,2.65,100,0,10000,1024,7.38,85,33,2.65,100,0,10000,1024,7.38,85,33,2.65,100,0,10000,1024,7.38,85,33,2.65,100,0,10000,1024,7.38,85,33,2.65,100,0,10000,1024,7.38,85,33,2.65,100,0,10000,1024,7.38,85,33,2.65,100,0,10000,1024,7.38,85,33,2.65,100,0,10000
1025,7.84,70,340,3.09,100,0.21,10000,5,0,3,2,1024,7.08,86,71,2.21,100,0,10000,1024,7.08,86,71,2.21,100,0,10000,1024,7.08,86,71,2.21,100,0,10000,1024,7.08,86,71,2.21,100,0,10000,1024,7.08,86,71,2.21,100,0,10000,1024,7.08,86,71,2.21,100,0,10000,1024,7.08,86,71,2.21,100,0,10000,1024,7.08,86,71,2.21,100,0,10000,1024,7.08,86,71,2.21,100,0,10000,1024,7.08,86,71,2.21,100,0,10000,1024,7.08,86,71,2.21,100,0,10000,1024,7.08,86,71,2.21,100,0,10000
1025,7.84,70,340,3.09,100,0.21,10000,8,0,3,2,1024,7.48,87,6,3.32,98,0,10000,1024,7.48,87,6,3.32,98,0,10000,1024,7.48,87,6,3.32,98,0,10000,1024,7.48,87,6,3.32,98,0,10000,1024,7.48,87,6,3.32,98,0,10000,1024,7.48,87,6,3.32,98,0,10000,1024,7.48,87,6,3.32,98,0,10000,1024,7.48,87,6,3.32,98,0,10000,1024,7.48,87,6,3.32,98,0,10000,1024,7.48,87,6,3.32,98,0,10000,1024,7.48,87,6,3.32,98,0,10000,1024,7.48,87,6,3.32,98,0,10000
1025,7.84,70,340,3.09,100,0.21,10000,11,0,3,2,1024,8.9,77,354,4.82,100,0,10000,1024,8.9,77,354,4.82,100,0,10000,1024,8.9,77,354,4.82,100,0,10000,1024,8.9,77,354,4.82,100,0,10000,1024,8.9,77,354,4.82,100,0,10000,1024,8.9,77,354,4.82,100,0,10000,1024,8.9,77,354,4.82,100,0,10000,1024,8.9,77,354,4.82,100,0,10000,1024,8.9,77,354,4.82,100,0,10000,1024,8.9,77,354,4.82,100,0,10000,1024,8.9,77,354,4.82,100,0,10000,1024,8.9,77,354,4.82,100,0,10000
1025,7.84,70,340,3.09,100,0.21,10000,14,0,3,2,1023,9.68,71,14,4.85,100,0,10000,1023,9.68,71,14,4.85,100,0,10000,1023,9.68,71,14,4.85,100,0,10000,1023,9.68,71,14,4.85,100,0,10000,1023,9.68,71,14,4.85,100,0,10000,1023,9.68,71,14,4.85,100,0,10000,1023,9.68,71,14,4.85,100,0,10000,1023,9.68,71,14,4.85,100,0,10000,1023,9.68,71,14,4.85,100,0,10000,1023,9.68,71,14,4.85,100,0,10000,1023,9.68,71,14,4.85,100,0,10000,1023,9.68,71,14,4.85,100,0,10000
1025,7.84,70,340,3.09,100,0.21,10000,17,0,3,2,1022,8.95,76,319,2.14,93,0,10000,1022,8.95,76,319,2.14,93,0,10000,1022,8.95,76,319,2.14,93,0,10000,1022,8.95,76,319,2.14,93,0,10000,1022,8.95,76,319,2.14,93,0,10000,1022,8.95,76,319,2.14,93,0,10000,1022,8.95,76,319,2.14,93,0,10000,1022,8.95,76,319,2.14,93,0,10000,1022,8.95,76,319,2.14,93,0,10000,1022,8.95,76,319,2.14,93,0,10000,1022,8.95,76,319,2.14,93,0,10000,1022,8.95,76,319,2.14,93,0,10000
1025,7.84,70,340,3.09,100,0.21,10000,20,0,3,2,1025,7.79,76,18,4.21,100,0,10000,1025,7.79,76,18,4.21,100,0,10000,1025,7.79,76,18,4.21,100,0,10000,1025,7.79,76,18,4.21,100,0,10000,1025,7.79,76,18,4.21,100,0,10000,1025,7.79,76,18,4.21,100,0,10000,1025,7.79,76,18,4.21,100,0,10000,1025,7.79,76,18,4.21,100,0,10000,1025,7.79,76,18,4.21,100,0,10000,1025,7.79,76,18,4.21,100,0,10000,1025,7.79,76,18,4.21,100,0,10000,1025,7.79,76,18,4.21,100,0,10000
1025,7.84,70,340,3.09,100,0.21,10000,23,0,3,2,1025,7.43,80,20,3.42,100,0,10000,1025,7.43,80,20,3.42,100,0,10000,1025,7.43,80,20,3.42,100,0,10000,1025,7.43,80,20,3.42,100,0,10000,1025,7.43,80,20,3.42,100,0,10000,1025,7.43,80,20,3.42,100,0,10000,1025,7.43,80,20,3.42,100,0,10000,1025,7.43,80,20,3.42,100,0,10000,1025,7.43,80,20,3.42,100,0,10000,1025,7.43,80,20,3.42,100,0,10000,1025,7.43,80,20,3.42,100,0,10000,1025,7.43,80,20,3.42,100,0,10000
1025,7.84,70,340,3.09,100,0.17,10000,2,0,4,2,1024,7.38,85,33,2.65,100,0,10000,1024,7.38,85,33,2.65,100,0,10000,1024,7.38,85,33,2.65,100,0,10000,1024,7.38,85,33,2.65,100,0,10000,1024,7.38,85,33,2.65,100,0,10000,1024,7.38,85,33,2.65,100,0,10000,1024,7.38,85,33,2.65,100,0,10000,1024,7.38,85,33,2.65,100,0,10000,1024,7.38,85,33,2.65,100,0,10000,1024,7.38,85,33,2.65,100,0,10000,1024,7.38,85,33,2.65,100,0,10000,1024,7.38,85,33,2.65,100,0,10000
1025,7.84,70,340,3.09,100,0.17,10000,5,0,4,2,1024,7.08,86,71,2.21,100,0,10000,1024,7.08,86,71,2.21,100,0,10000,1024,7.08,86,71,2.21,100,0,10000,1024,7.08,86,71,2.21,100,0,10000,1024,7.08,86,71,2.21,100,0,10000,1024,7.08,86,71,2.21,100,0,10000,1024,7.08,86,71,2.21,100,0,10000,1024,7.08,86,71,2.21,100,0,10000,1024,7.08,86,71,2.21,100,0,10000,1024,7.08,86,71,2.21,100,0,10000,1024,7.08,86,71,2.21,100,0,10000,1024,7.08,86,71,2.21,100,0,10000
1025,7.84,70,340,3.09,100,0.17,10000,8,0,4,2,1024,7.48,87,6,3.32,98,0,10000,1024,7.48,87,6,3.32,98,0,10000,1024,7.48,87,6,3.32,98,0,10000,1024,7.48,87,6,3.32,98,0,10000,1024,7.48,87,6,3.32,98,0,10000,1024,7.48,87,6,3.32,98,0,10000,1024,7.48,87,6,3.32,98,0,10000,1024,7.48,87,6,3.32,98,0,10000,1024,7.48,87,6,3.32,98,0,10000,1024,7.48,87,6,3.32,98,0,10000,1024,7.48,87,6,3.32,98,0,10000,1024,7.48,87,6,3.32,98,0,10000
1025,7.84,70,340,3.09,100,0.17,10000,11,0,4,2,1024,8.9,77,354,4.82,100,0,10000,1024,8.9,77,354,4.82,100,0,10000,1024,8.9,77,354,4.82,100,0,10000,1024,8.9,77,354,4.82,100,0,10000,1024,8.9,77,354,4.82,100,0,10000,1024,8.9,77,354,4.82,100,0,10000,1024,8.9,77,354,4.82,100,0,10000,1024,8.9,77,354,4.82,100,0,10000,1024,8.9,77,354,4.82,100,0,10000,1024,8.9,77,354,4.82,100,0,10000,1024,8.9,77,354,4.82,100,0,10000,1024,8.9,77,354,4.82,100,0,10000
1025,7.84,70,340,3.09,100,0.17,10000,14,0,4,2,1023,9.68,71,14,4.85,100,0,10000,1023,9.68,71,14,4.85,100,0,10000,1023,9.68,71,14,4.85,100,0,10000,1023,9.68,71,14,4.85,100,0,10000,1023,9.68,71,14,4.85,100,0,10000,1023,9.68,71,14,4.85,100,0,10000,1023,9.68,71,14,4.85,100,0,10000,1023,9.68,71,14,4.85,100,0,10000,1023,9.68,71,14,4.85,100,0,10000,1023,9.68,71,14,4.85,100,0,10000,1023,9.68,71,14,4.85,100,0,10000,1023,9.68,71,14,4.85,100,0,10000
1025,7.84,70,340,3.09,100,0.17,10000,17,0,4,2,1022,8.95,76,319,2.14,93,0,10000,1022,8.95,76,319,2.14,93,0,10000,1022,8.95,76,319,2.14,93,0,10000,1022,8.95,76,319,2.14,93,0,10000,1022,8.95,76,319,2.14,93,0,10000,1022,8.95,76,319,2.14,93,0,10000,1022,8.95,76,319,2.14,93,0,10000,1022,8.95,76,319,2.14,93,0,10000,1022,8.95,76,319,2.14,93,0,10000,1022,8.95,76,319,2.14,93,0,10000,1022,8.95,76,319,2.14,93,0,10000,1022,8.95,76,319,2.14,93,0,10000
1025,7.84,70,340,3.09,100,0.17,10000,20,0,4,2,1025,7.79,76,18,4.21,100,0,10000,1025,7.79,76,18,4.21,100,0,10000,1025,7.79,76,18,4.21,100,0,10000,1025,7.79,76,18,4.21,100,0,10000,1025,7.79,76,18,4.21,100,0,10000,1025,7.79,76,18,4.21,100,0,10000,1025,7.79,76,18,4.21,100,0,10000,1025,7.79,76,18,4.21,100,0,10000,1025,7.79,76,18,4.21,100,0,10000,1025,7.79,76,18,4.21,100,0,10000,1025,7.79,76,18,4.21,100,0,10000,1025,7.79,76,18,4.21,100,0,10000
1025,7.84,70,340,3.09,100,0.17,10000,23,0,4,2,1025,7.43,80,20,3.42,100,0,10000,1025,7.43,80,20,3.42,100,0,10000,1025,7.43,80,20,3.42,100,0,10000,1025,7.43,80,20,3.42,100,0,10000,1025,7.43,80,20,3.42,100,0,10000,1025,7.43,80,20,3.42,100,0,10000,1025,7.43,80,20,3.42,100,0,10000,1025,7.43,80,20,3.42,100,0,10000,1025,7.43,80,20,3.42,100,0,10000,1025,7.43,80,20,3.42,100,0,10000,1025,7.43,80,20,3.42,100,0,10000,1025,7.43,80,20,3.42,100,0,10000
