1021,9.84,93,310,5.66,100,0,10000,0,0,1,1,1021,5.58,72,24,2.07,18,0,10000,1021,5.58,72,24,2.07,18,0,10000,1021,5.58,72,24,2.07,18,0,10000,1021,5.58,72,24,2.07,18,0,10000,1021,5.58,72,24,2.07,18,0,10000,1021,5.58,72,24,2.07,18,0,10000,1021,5.58,72,24,2.07,18,0,10000,1021,5.58,72,24,2.07,18,0,10000,1021,5.58,72,24,2.07,18,0,10000,1021,5.58,72,24,2.07,18,0,10000,1021,5.58,72,24,2.07,18,0,10000,1021,5.58,72,24,2.07,18,0,10000
1021,9.84,93,310,5.66,100,0,10000,3,0,1,1,1020,7.11,68,5,1.16,43,0,10000,1020,7.11,68,5,1.16,43,0,10000,1020,7.11,68,5,1.16,43,0,10000,1020,7.11,68,5,1.16,43,0,10000,1020,7.11,68,5,1.16,43,0,10000,1020,7.11,68,5,1.16,43,0,10000,1020,7.11,68,5,1.16,43,0,10000,1020,7.11,68,5,1.16,43,0,10000,1020,7.11,68,5,1.16,43,0,10000,1020,7.11,68,5,1.16,43,0,10000,1020,7.11,68,5,1.16,43,0,10000,1020,7.11,68,5,1.16,43,0,10000
1021,9.84,93,310,5.66,100,0,10000,6,0,1,1,1019,8.9,64,324,2.03,100,0,10000,1019,8.9,64,324,2.03,100,0,10000,1019,8.9,64,324,2.03,100,0,10000,1019,8.9,64,324,2.03,100,0,10000,1019,8.9,64,324,2.03,100,0,10000,1019,8.9,64,324,2.03,100,0,10000,1019,8.9,64,324,2.03,100,0,10000,1019,8.9,64,324,2.03,100,0,10000,1019,8.9,64,324,2.03,100,0,10000,1019,8.9,64,324,2.03,100,0,10000,1019,8.9,64,324,2.03,100,0,10000,1019,8.9,64,324,2.03,100,0,10000
1021,9.84,93,310,5.66,100,0,10000,9,0,1,1,1018,9.62,64,297,2.19,100,0,10000,1018,9.62,64,297,2.19,100,0,10000,1018,9.62,64,297,2.19,100,0,10000,1018,9.62,64,297,2.19,100,0,10000,1018,9.62,64,297,2.19,100,0,10000,1018,9.62,64,297,2.19,100,0,10000,1018,9.62,64,297,2.19,100,0,10000,1018,9.62,64,297,2.19,100,0,10000,1018,9.62,64,297,2.19,100,0,10000,1018,9.62,64,297,2.19,100,0,10000,1018,9.62,64,297,2.19,100,0,10000,1018,9.62,64,297,2.19,100,0,10000
1021,9.84,93,310,5.66,100,0,10000,12,0,1,1,1017,10.16,63,290,2.74,86,0,10000,1017,10.16,63,290,2.74,86,0,10000,1017,10.16,63,290,2.74,86,0,10000,1017,10.16,63,290,2.74,86,0,10000,1017,10.16,63,290,2.74,86,0,10000,1017,10.16,63,290,2.74,86,0,10000,1017,10.16,63,290,2.74,86,0,10000,1017,10.16,63,290,2.74,86,0,10000,1017,10.16,63,290,2.74,86,0,10000,1017,10.16,63,290,2.74,86,0,10000,1017,10.16,63,290,2.74,86,0,10000,1017,10.16,63,290,2.74,86,0,10000
1021,9.84,93,310,5.66,100,0,10000,15,0,1,1,1021,9.84,93,356,4.34,100,0,10000,1021,9.84,93,356,4.34,100,0,10000,1021,9.84,93,356,4.34,100,0,10000,1021,9.84,93,356,4.34,100,0,10000,1021,9.84,93,356,4.34,100,0,10000,1021,9.84,93,356,4.34,100,0,10000,1021,9.84,93,356,4.34,100,0,10000,1021,9.84,93,356,4.34,100,0,10000,1021,9.84,93,356,4.34,100,0,10000,1021,9.84,93,356,4.34,100,0,10000,1021,9.84,93,356,4.34,100,0,10000,1021,9.84,93,356,4.34,100,0,10000
1021,9.84,93,310,5.66,100,0,10000,18,0,1,1,1021,9.46,87,360,4.3,100,0,10000,1021,9.46,87,360,4.3,100,0,10000,1021,9.46,87,360,4.3,100,0,10000,1021,9.46,87,360,4.3,100,0,10000,1021,9.46,87,360,4.3,100,0,10000,1021,9.46,87,360,4.3,100,0,10000,1021,9.46,87,360,4.3,100,0,10000,1021,9.46,87,360,4.3,100,0,10000,1021,9.46,87,360,4.3,100,0,10000,1021,9.46,87,360,4.3,100,0,10000,1021,9.46,87,360,4.3,100,0,10000,1021,9.46,87,360,4.3,100,0,10000
1021,9.84,93,310,5.66,100,0,10000,21,0,1,1,1022,8.51,84,33,4.61,99,0,10000,1022,8.51,84,33,4.61,99,0,10000,1022,8.51,84,33,4.61,99,0,10000,1022,8.51,84,33,4.61,99,0,10000,1022,8.51,84,33,4.61,99,0,10000,1022,8.51,84,33,4.61,99,0,10000,1022,8.51,84,33,4.61,99,0,10000,1022,8.51,84,33,4.61,99,0,10000,1022,8.51,84,33,4.61,99,0,10000,1022,8.51,84,33,4.61,99,0,10000,1022,8.51,84,33,4.61,99,0,10000,1022,8.51,84,33,4.61,99,0,10000
1021,9.84,93,310,5.66,100,0,10000,0,0,2,1,1021,5.58,72,24,2.07,18,0,10000,1021,5.58,72,24,2.07,18,0,10000,1021,5.58,72,24,2.07,18,0,10000,1021,5.58,72,24,2.07,18,0,10000,1021,5.58,72,24,2.07,18,0,10000,1021,5.58,72,24,2.07,18,0,10000,1021,5.58,72,24,2.07,18,0,10000,1021,5.58,72,24,2.07,18,0,10000,1021,5.58,72,24,2.07,18,0,10000,1021,5.58,72,24,2.07,18,0,10000,1021,5.58,72,24,2.07,18,0,10000,1021,5.58,72,24,2.07,18,0,10000
1021,9.84,93,310,5.66,100,0,10000,3,0,2,1,1020,7.11,68,5,1.16,43,0,10000,1020,7.11,68,5,1.16,43,0,10000,1020,7.11,68,5,1.16,43,0,10000,1020,7.11,68,5,1.16,43,0,10000,1020,7.11,68,5,1.16,43,0,10000,1020,7.11,68,5,1.16,43,0,10000,1020,7.11,68,5,1.16,43,0,10000,1020,7.11,68,5,1.16,43,0,10000,1020,7.11,68,5,1.16,43,0,10000,1020,7.11,68,5,1.16,43,0,10000,1020,7.11,68,5,1.16,43,0,10000,1020,7.11,68,5,1.16,43,0,10000
1021,9.84,93,310,5.66,100,0,10000,6,0,2,1,1019,8.9,64,324,2.03,100,0,10000,1019,8.9,64,324,2.03,100,0,10000,1019,8.9,64,324,2.03,100,0,10000,1019,8.9,64,324,2.03,100,0,10000,1019,8.9,64,324,2.03,100,0,10000,1019,8.9,64,324,2.03,100,0,10000,1019,8.9,64,324,2.03,100,0,10000,1019,8.9,64,324,2.03,100,0,10000,1019,8.9,64,324,2.03,100,0,10000,1019,8.9,64,324,2.03,100,0,10000,1019,8.9,64,324,2.03,100,0,10000,1019,8.9,64,324,2.03,100,0,10000
1021,9.84,93,310,5.66,100,0,10000,9,0,2,1,1018,9.62,64,297,2.19,100,0,10000,1018,9.62,64,297,2.19,100,0,10000,1018,9.62,64,297,2.19,100,0,10000,1018,9.62,64,297,2.19,100,0,10000,1018,9.62,64,297,2.19,100,0,10000,1018,9.62,64,297,2.19,100,0,10000,1018,9.62,64,297,2.19,100,0,10000,1018,9.62,64,297,2.19,100,0,10000,1018,9.62,64,297,2.19,100,0,10000,1018,9.62,64,297,2.19,100,0,10000,1018,9.62,64,297,2.19,100,0,10000,1018,9.62,64,297,2.19,100,0,10000
1021,9.84,93,310,5.66,100,0,10000,12,0,2,1,1017,10.16,63,290,2.74,86,0,10000,1017,10.16,63,290,2.74,86,0,10000,1017,10.16,63,290,2.74,86,0,10000,1017,10.16,63,290,2.74,86,0,10000,1017,10.16,63,290,2.74,86,0,10000,1017,10.16,63,290,2.74,86,0,10000,1017,10.16,63,290,2.74,86,0,10000,1017,10.16,63,290,2.74,86,0,10000,1017,10.16,63,290,2.74,86,0,10000,1017,10.16,63,290,2.74,86,0,10000,1017,10.16,63,290,2.74,86,0,10000,1017,10.16,63,290,2.74,86,0,10000
1021,9.84,93,310,5.66,100,0,10000,15,0,2,1,1021,9.84,93,356,4.34,100,0,10000,1021,9.84,93,356,4.34,100,0,10000,1021,9.84,93,356,4.34,100,0,10000,1021,9.84,93,356,4.34,100,0,10000,1021,9.84,93,356,4.34,100,0,10000,1021,9.84,93,356,4.34,100,0,10000,1021,9.84,93,356,4.34,100,0,10000,1021,9.84,93,356,4.34,100,0,10000,1021,9.84,93,356,4.34,100,0,10000,1021,9.84,93,356,4.34,100,0,10000,1021,9.84,93,356,4.34,100,0,10000,1021,9.84,93,356,4.34,100,0,10000
1021,9.84,93,310,5.66,100,0,10000,18,0,2,1,1021,9.46,87,360,4.3,100,0,10000,1021,9.46,87,360,4.3,100,0,10000,1021,9.46,87,360,4.3,100,0,10000,1021,9.46,87,360,4.3,100,0,10000,1021,9.46,87,360,4.3,100,0,10000,1021,9.46,87,360,4.3,100,0,10000,1021,9.46,87,360,4.3,100,0,10000,1021,9.46,87,360,4.3,100,0,10000,1021,9.46,87,360,4.3,100,0,10000,1021,9.46,87,360,4.3,100,0,10000,1021,9.46,87,360,4.3,100,0,10000,1021,9.46,87,360,4.3,100,0,10000
1021,9.84,93,310,5.66,100,0,10000,21,0,2,1,1022,8.51,84,33,4.61,99,0,10000,1022,8.51,84,33,4.61,99,0,10000,1022,8.51,84,33,4.61,99,0,10000,1022,8.51,84,33,4.61,99,0,10000,1022,8.51,84,33,4.61,99,0,10000,1022,8.51,84,33,4.61,99,0,10000,1022,8.51,84,33,4.61,99,0,10000,1022,8.51,84,33,4.61,99,0,10000,1022,8.51,84,33,4.61,99,0,10000,1022,8.51,84,33,4.61,99,0,10000,1022,8.51,84,33,4.61,99,0,10000,1022,8.51,84,33,4.61,99,0,10000
1021,9.84,93,310,5.66,100,0,10000,0,0,3,1,1021,5.58,72,24,2.07,18,0,10000,1021,5.58,72,24,2.07,18,0,10000,1021,5.58,72,24,2.07,18,0,10000,1021,5.58,72,24,2.07,18,0,10000,1021,5.58,72,24,2.07,18,0,10000,1021,5.58,72,24,2.07,18,0,10000,1021,5.58,72,24,2.07,18,0,10000,1021,5.58,72,24,2.07,18,0,10000,1021,5.58,72,24,2.07,18,0,10000,1021,5.58,72,24,2.07,18,0,10000,1021,5.58,72,24,2.07,18,0,10000,1021,5.58,72,24,2.07,18,0,10000
1021,9.84,93,310,5.66,100,0,10000,3,0,3,1,1020,7.11,68,5,1.16,43,0,10000,1020,7.11,68,5,1.16,43,0,10000,1020,7.11,68,5,1.16,43,0,10000,1020,7.11,68,5,1.16,43,0,10000,1020,7.11,68,5,1.16,43,0,10000,1020,7.11,68,5,1.16,43,0,10000,1020,7.11,68,5,1.16,43,0,10000,1020,7.11,68,5,1.16,43,0,10000,1020,7.11,68,5,1.16,43,0,10000,1020,7.11,68,5,1.16,43,0,10000,1020,7.11,68,5,1.16,43,0,10000,1020,7.11,68,5,1.16,43,0,10000
1021,9.84,93,310,5.66,100,0,10000,6,0,3,1,1019,8.9,64,324,2.03,100,0,10000,1019,8.9,64,324,2.03,100,0,10000,1019,8.9,64,324,2.03,100,0,10000,1019,8.9,64,324,2.03,100,0,10000,1019,8.9,64,324,2.03,100,0,10000,1019,8.9,64,324,2.03,100,0,10000,1019,8.9,64,324,2.03,100,0,10000,1019,8.9,64,324,2.03,100,0,10000,1019,8.9,64,324,2.03,100,0,10000,1019,8.9,64,324,2.03,100,0,10000,1019,8.9,64,324,2.03,100,0,10000,1019,8.9,64,324,2.03,100,0,10000
1021,9.84,93,310,5.66,100,0,10000,9,0,3,1,1018,9.62,64,297,2.19,100,0,10000,1018,9.62,64,297,2.19,100,0,10000,1018,9.62,64,297,2.19,100,0,10000,1018,9.62,64,297,2.19,100,0,10000,1018,9.62,64,297,2.19,100,0,10000,1018,9.62,64,297,2.19,100,0,10000,1018,9.62,64,297,2.19,100,0,10000,1018,9.62,64,297,2.19,100,0,10000,1018,9.62,64,297,2.19,100,0,10000,1018,9.62,64,297,2.19,100,0,10000,1018,9.62,64,297,2.19,100,0,10000,1018,9.62,64,297,2.19,100,0,10000
1021,9.84,93,310,5.66,100,0,10000,12,0,3,1,1017,10.16,63,290,2.74,86,0,10000,1017,10.16,63,290,2.74,86,0,10000,1017,10.16,63,290,2.74,86,0,10000,1017,10.16,63,290,2.74,86,0,10000,1017,10.16,63,290,2.74,86,0,10000,1017,10.16,63,290,2.74,86,0,10000,1017,10.16,63,290,2.74,86,0,10000,1017,10.16,63,290,2.74,86,0,10000,1017,10.16,63,290,2.74,86,0,10000,1017,10.16,63,290,2.74,86,0,10000,1017,10.16,63,290,2.74,86,0,10000,1017,10.16,63,290,2.74,86,0,10000
1021,9.84,93,310,5.66,100,0,10000,15,0,3,1,1021,9.84,93,356,4.34,100,0,10000,1021,9.84,93,356,4.34,100,0,10000,1021,9.84,93,356,4.34,100,0,10000,1021,9.84,93,356,4.34,100,0,10000,1021,9.84,93,356,4.34,100,0,10000,1021,9.84,93,356,4.34,100,0,10000,1021,9.84,93,356,4.34,100,0,10000,1021,9.84,93,356,4.34,100,0,10000,1021,9.84,93,356,4.34,100,0,10000,1021,9.84,93,356,4.34,100,0,10000,1021,9.84,93,356,4.34,100,0,10000,1021,9.84,93,356,4.34,100,0,10000
1021,9.84,93,310,5.66,100,0,10000,18,0,3,1,1021,9.46,87,360,4.3,100,0,10000,1021,9.46,87,360,4.3,100,0,10000,1021,9.46,87,360,4.3,100,0,10000,1021,9.46,87,360,4.3,100,0,10000,1021,9.46,87,360,4.3,100,0,10000,1021,9.46,87,360,4.3,100,0,10000,1021,9.46,87,360,4.3,100,0,10000,1021,9.46,87,360,4.3,100,0,10000,1021,9.46,87,360,4.3,100,0,10000,1021,9.46,87,360,4.3,100,0,10000,1021,9.46,87,360,4.3,100,0,10000,1021,9.46,87,360,4.3,100,0,10000
1021,9.84,93,310,5.66,100,0,10000,21,0,3,1,1022,8.51,84,33,4.61,99,0,10000,1022,8.51,84,33,4.61,99,0,10000,1022,8.51,84,33,4.61,99,0,10000,1022,8.51,84,33,4.61,99,0,10000,1022,8.51,84,33,4.61,99,0,10000,1022,8.51,84,33,4.61,99,0,10000,1022,8.51,84,33,4.61,99,0,10000,1022,8.51,84,33,4.61,99,0,10000,1022,8.51,84,33,4.61,99,0,10000,1022,8.51,84,33,4.61,99,0,10000,1022,8.51,84,33,4.61,99,0,10000,1022,8.51,84,33,4.61,99,0,10000
1021,9.84,93,310,5.66,100,0,10000,0,0,4,1,1021,5.58,72,24,2.07,18,0,10000,1021,5.58,72,24,2.07,18,0,10000,1021,5.58,72,24,2.07,18,0,10000,1021,5.58,72,24,2.07,18,0,10000,1021,5.58,72,24,2.07,18,0,10000,1021,5.58,72,24,2.07,18,0,10000,1021,5.58,72,24,2.07,18,0,10000,1021,5.58,72,24,2.07,18,0,10000,1021,5.58,72,24,2.07,18,0,10000,1021,5.58,72,24,2.07,18,0,10000,1021,5.58,72,24,2.07,18,0,10000,1021,5.58,72,24,2.07,18,0,10000
1021,9.84,93,310,5.66,100,0,10000,3,0,4,1,1020,7.11,68,5,1.16,43,0,10000,1020,7.11,68,5,1.16,43,0,10000,1020,7.11,68,5,1.16,43,0,10000,1020,7.11,68,5,1.16,43,0,10000,1020,7.11,68,5,1.16,43,0,10000,1020,7.11,68,5,1.16,43,0,10000,1020,7.11,68,5,1.16,43,0,10000,1020,7.11,68,5,1.16,43,0,10000,1020,7.11,68,5,1.16,43,0,10000,1020,7.11,68,5,1.16,43,0,10000,1020,7.11,68,5,1.16,43,0,10000,1020,7.11,68,5,1.16,43,0,10000
1021,9.84,93,310,5.66,100,0,10000,6,0,4,1,1019,8.9,64,324,2.03,100,0,10000,1019,8.9,64,324,2.03,100,0,10000,1019,8.9,64,324,2.03,100,0,10000,1019,8.9,64,324,2.03,100,0,10000,1019,8.9,64,324,2.03,100,0,10000,1019,8.9,64,324,2.03,100,0,10000,1019,8.9,64,324,2.03,100,0,10000,1019,8.9,64,324,2.03,100,0,10000,1019,8.9,64,324,2.03,100,0,10000,1019,8.9,64,324,2.03,100,0,10000,1019,8.9,64,324,2.03,100,0,10000,1019,8.9,64,324,2.03,100,0,10000
1021,9.84,93,310,5.66,100,0,10000,9,0,4,1,1018,9.62,64,297,2.19,100,0,10000,1018,9.62,64,297,2.19,100,0,10000,1018,9.62,64,297,2.19,100,0,10000,1018,9.62,64,297,2.19,100,0,10000,1018,9.62,64,297,2.19,100,0,10000,1018,9.62,64,297,2.19,100,0,10000,1018,9.62,64,297,2.19,100,0,10000,1018,9.62,64,297,2.19,100,0,10000,1018,9.62,64,297,2.19,100,0,10000,1018,9.62,64,297,2.19,100,0,10000,1018,9.62,64,297,2.19,100,0,10000,1018,9.62,64,297,2.19,100,0,10000
1021,9.84,93,310,5.66,100,0,10000,12,0,4,1,1017,10.16,63,290,2.74,86,0,10000,1017,10.16,63,290,2.74,86,0,10000,1017,10.16,63,290,2.74,86,0,10000,1017,10.16,63,290,2.74,86,0,10000,1017,10.16,63,290,2.74,86,0,10000,1017,10.16,63,290,2.74,86,0,10000,1017,10.16,63,290,2.74,86,0,10000,1017,10.16,63,290,2.74,86,0,10000,1017,10.16,63,290,2.74,86,0,10000,1017,10.16,63,290,2.74,86,0,10000,1017,10.16,63,290,2.74,86,0,10000,1017,10.16,63,290,2.74,86,0,10000
1021,9.84,93,310,5.66,100,0,10000,15,0,4,1,1021,9.84,93,356,4.34,100,0,10000,1021,9.84,93,356,4.34,100,0,10000,1021,9.84,93,356,4.34,100,0,10000,1021,9.84,93,356,4.34,100,0,10000,1021,9.84,93,356,4.34,100,0,10000,1021,9.84,93,356,4.34,100,0,10000,1021,9.84,93,356,4.34,100,0,10000,1021,9.84,93,356,4.34,100,0,10000,1021,9.84,93,356,4.34,100,0,10000,1021,9.84,93,356,4.34,100,0,10000,1021,9.84,93,356,4.34,100,0,10000,1021,9.84,93,356,4.34,100,0,10000
1021,9.84,93,310,5.66,100,0,10000,18,0,4,1,1021,9.46,87,360,4.3,100,0,10000,1021,9.46,87,360,4.3,100,0,10000,1021,9.46,87,360,4.3,100,0,10000,1021,9.46,87,360,4.3,100,0,10000,1021,9.46,87,360,4.3,100,0,10000,1021,9.46,87,360,4.3,100,0,10000,1021,9.46,87,360,4.3,100,0,10000,1021,9.46,87,360,4.3,100,0,10000,1021,9.46,87,360,4.3,100,0,10000,1021,9.46,87,360,4.3,100,0,10000,1021,9.46,87,360,4.3,100,0,10000,1021,9.46,87,360,4.3,100,0,10000
1021,9.84,93,310,5.66,100,0,10000,21,0,4,1,1022,8.51,84,33,4.61,99,0,10000,1022,8.51,84,33,4.61,99,0,10000,1022,8.51,84,33,4.61,99,0,10000,1022,8.51,84,33,4.61,99,0,10000,1022,8.51,84,33,4.61,99,0,10000,1022,8.51,84,33,4.61,99,0,10000,1022,8.51,84,33,4.61,99,0,10000,1022,8.51,84,33,4.61,99,0,10000,1022,8.51,84,33,4.61,99,0,10000,1022,8.51,84,33,4.61,99,0,10000,1022,8.51,84,33,4.61,99,0,10000,1022,8.51,84,33,4.61,99,0,10000
1021,9.84,93,310,5.66,100,0,10000,0,0,5,1,1021,5.58,72,24,2.07,18,0,10000,1021,5.58,72,24,2.07,18,0,10000,1021,5.58,72,24,2.07,18,0,10000,1021,5.58,72,24,2.07,18,0,10000,1021,5.58,72,24,2.07,18,0,10000,1021,5.58,72,24,2.07,18,0,10000,1021,5.58,72,24,2.07,18,0,10000,1021,5.58,72,24,2.07,18,0,10000,1021,5.58,72,24,2.07,18,0,10000,1021,5.58,72,24,2.07,18,0,10000,1021,5.58,72,24,2.07,18,0,10000,1021,5.58,72,24,2.07,18,0,10000
1021,9.84,93,310,5.66,100,0,10000,3,0,5,1,1020,7.11,68,5,1.16,43,0,10000,1020,7.11,68,5,1.16,43,0,10000,1020,7.11,68,5,1.16,43,0,10000,1020,7.11,68,5,1.16,43,0,10000,1020,7.11,68,5,1.16,43,0,10000,1020,7.11,68,5,1.16,43,0,10000,1020,7.11,68,5,1.16,43,0,10000,1020,7.11,68,5,1.16,43,0,10000,1020,7.11,68,5,1.16,43,0,10000,1020,7.11,68,5,1.16,43,0,10000,1020,7.11,68,5,1.16,43,0,10000,1020,7.11,68,5,1.16,43,0,10000
1021,9.84,93,310,5.66,100,0,10000,6,0,5,1,1019,8.9,64,324,2.03,100,0,10000,1019,8.9,64,324,2.03,100,0,10000,1019,8.9,64,324,2.03,100,0,10000,1019,8.9,64,324,2.03,100,0,10000,1019,8.9,64,324,2.03,100,0,10000,1019,8.9,64,324,2.03,100,0,10000,1019,8.9,64,324,2.03,100,0,10000,1019,8.9,64,324,2.03,100,0,10000,1019,8.9,64,324,2.03,100,0,10000,1019,8.9,64,324,2.03,100,0,10000,1019,8.9,64,324,2.03,100,0,10000,1019,8.9,64,324,2.03,100,0,10000
1021,9.84,93,310,5.66,100,0,10000,9,0,5,1,1018,9.62,64,297,2.19,100,0,10000,1018,9.62,64,297,2.19,100,0,10000,1018,9.62,64,297,2.19,100,0,10000,1018,9.62,64,297,2.19,100,0,10000,1018,9.62,64,297,2.19,100,0,10000,1018,9.62,64,297,2.19,100,0,10000,1018,9.62,64,297,2.19,100,0,10000,1018,9.62,64,297,2.19,100,0,10000,1018,9.62,64,297,2.19,100,0,10000,1018,9.62,64,297,2.19,100,0,10000,1018,9.62,64,297,2.19,100,0,10000,1018,9.62,64,297,2.19,100,0,10000
1021,9.84,93,310,5.66,100,0,10000,12,0,5,1,1017,10.16,63,290,2.74,86,0,10000,1017,10.16,63,290,2.74,86,0,10000,1017,10.16,63,290,2.74,86,0,10000,1017,10.16,63,290,2.74,86,0,10000,1017,10.16,63,290,2.74,86,0,10000,1017,10.16,63,290,2.74,86,0,10000,1017,10.16,63,290,2.74,86,0,10000,1017,10.16,63,290,2.74,86,0,10000,1017,10.16,63,290,2.74,86,0,10000,1017,10.16,63,290,2.74,86,0,10000,1017,10.16,63,290,2.74,86,0,10000,1017,10.16,63,290,2.74,86,0,10000
1021,9.84,93,310,5.66,100,0,10000,15,0,5,1,1021,9.84,93,356,4.34,100,0,10000,1021,9.84,93,356,4.34,100,0,10000,1021,9.84,93,356,4.34,100,0,10000,1021,9.84,93,356,4.34,100,0,10000,1021,9.84,93,356,4.34,100,0,10000,1021,9.84,93,356,4.34,100,0,10000,1021,9.84,93,356,4.34,100,0,10000,1021,9.84,93,356,4.34,100,0,10000,1021,9.84,93,356,4.34,100,0,10000,1021,9.84,93,356,4.34,100,0,10000,1021,9.84,93,356,4.34,100,0,10000,1021,9.84,93,356,4.34,100,0,10000
1021,9.84,93,310,5.66,100,0,10000,18,0,5,1,1021,9.46,87,360,4.3,100,0,10000,1021,9.46,87,360,4.3,100,0,10000,1021,9.46,87,360,4.3,100,0,10000,1021,9.46,87,360,4.3,100,0,10000,1021,9.46,87,360,4.3,100,0,10000,1021,9.46,87,360,4.3,100,0,10000,1021,9.46,87,360,4.3,100,0,10000,1021,9.46,87,360,4.3,100,0,10000,1021,9.46,87,360,4.3,100,0,10000,1021,9.46,87,360,4.3,100,0,10000,1021,9.46,87,360,4.3,100,0,10000,1021,9.46,87,360,4.3,100,0,10000
1021,9.84,93,310,5.66,100,0,10000,21,0,5,1,1022,8.51,84,33,4.61,99,0,10000,1022,8.51,84,33,4.61,99,0,10000,1022,8.51,84,33,4.61,99,0,10000,1022,8.51,84,33,4.61,99,0,10000,1022,8.51,84,33,4.61,99,0,10000,1022,8.51,84,33,4.61,99,0,10000,1022,8.51,84,33,4.61,99,0,10000,1022,8.51,84,33,4.61,99,0,10000,1022,8.51,84,33,4.61,99,0,10000,1022,8.51,84,33,4.61,99,0,10000,1022,8.51,84,33,4.61,99,0,10000,1022,8.51,84,33,4.61,99,0,10000
1021,9.84,93,310,5.66,100,0,10000,0,0,6,1,1021,5.58,72,24,2.07,18,0,10000,1021,5.58,72,24,2.07,18,0,10000,1021,5.58,72,24,2.07,18,0,10000,1021,5.58,72,24,2.07,18,0,10000,1021,5.58,72,24,2.07,18,0,10000,1021,5.58,72,24,2.07,18,0,10000,1021,5.58,72,24,2.07,18,0,10000,1021,5.58,72,24,2.07,18,0,10000,1021,5.58,72,24,2.07,18,0,10000,1021,5.58,72,24,2.07,18,0,10000,1021,5.58,72,24,2.07,18,0,10000,1021,5.58,72,24,2.07,18,0,10000
1021,9.84,93,310,5.66,100,0,10000,3,0,6,1,1020,7.11,68,5,1.16,43,0,10000,1020,7.11,68,5,1.16,43,0,10000,1020,7.11,68,5,1.16,43,0,10000,1020,7.11,68,5,1.16,43,0,10000,1020,7.11,68,5,1.16,43,0,10000,1020,7.11,68,5,1.16,43,0,10000,1020,7.11,68,5,1.16,43,0,10000,1020,7.11,68,5,1.16,43,0,10000,1020,7.11,68,5,1.16,43,0,10000,1020,7.11,68,5,1.16,43,0,10000,1020,7.11,68,5,1.16,43,0,10000,1020,7.11,68,5,1.16,43,0,10000
1021,9.84,93,310,5.66,100,0,10000,6,0,6,1,1019,8.9,64,324,2.03,100,0,10000,1019,8.9,64,324,2.03,100,0,10000,1019,8.9,64,324,2.03,100,0,10000,1019,8.9,64,324,2.03,100,0,10000,1019,8.9,64,324,2.03,100,0,10000,1019,8.9,64,324,2.03,100,0,10000,1019,8.9,64,324,2.03,100,0,10000,1019,8.9,64,324,2.03,100,0,10000,1019,8.9,64,324,2.03,100,0,10000,1019,8.9,64,324,2.03,100,0,10000,1019,8.9,64,324,2.03,100,0,10000,1019,8.9,64,324,2.03,100,0,10000
1021,9.84,93,310,5.66,100,0,10000,9,0,6,1,1018,9.62,64,297,2.19,100,0,10000,1018,9.62,64,297,2.19,100,0,10000,1018,9.62,64,297,2.19,100,0,10000,1018,9.62,64,297,2.19,100,0,10000,1018,9.62,64,297,2.19,100,0,10000,1018,9.62,64,297,2.19,100,0,10000,1018,9.62,64,297,2.19,100,0,10000,1018,9.62,64,297,2.19,100,0,10000,1018,9.62,64,297,2.19,100,0,10000,1018,9.62,64,297,2.19,100,0,10000,1018,9.62,64,297,2.19,100,0,10000,1018,9.62,64,297,2.19,100,0,10000
1021,9.84,93,310,5.66,100,0,10000,12,0,6,1,1017,10.16,63,290,2.74,86,0,10000,1017,10.16,63,290,2.74,86,0,10000,1017,10.16,63,290,2.74,86,0,10000,1017,10.16,63,290,2.74,86,0,10000,1017,10.16,63,290,2.74,86,0,10000,1017,10.16,63,290,2.74,86,0,10000,1017,10.16,63,290,2.74,86,0,10000,1017,10.16,63,290,2.74,86,0,10000,1017,10.16,63,290,2.74,86,0,10000,1017,10.16,63,290,2.74,86,0,10000,1017,10.16,63,290,2.74,86,0,10000,1017,10.16,63,290,2.74,86,0,10000
1021,9.84,93,310,5.66,100,0,10000,15,0,6,1,1021,9.84,93,356,4.34,100,0,10000,1021,9.84,93,356,4.34,100,0,10000,1021,9.84,93,356,4.34,100,0,10000,1021,9.84,93,356,4.34,100,0,10000,1021,9.84,93,356,4.34,100,0,10000,1021,9.84,93,356,4.34,100,0,10000,1021,9.84,93,356,4.34,100,0,10000,1021,9.84,93,356,4.34,100,0,10000,1021,9.84,93,356,4.34,100,0,10000,1021,9.84,93,356,4.34,100,0,10000,1021,9.84,93,356,4.34,100,0,10000,1021,9.84,93,356,4.34,100,0,10000
1021,9.84,93,310,5.66,100,0,10000,18,0,6,1,1021,9.46,87,360,4.3,100,0,10000,1021,9.46,87,360,4.3,100,0,10000,1021,9.46,87,360,4.3,100,0,10000,1021,9.46,87,360,4.3,100,0,10000,1021,9.46,87,360,4.3,100,0,10000,1021,9.46,87,360,4.3,100,0,10000,1021,9.46,87,360,4.3,100,0,10000,1021,9.46,87,360,4.3,100,0,10000,1021,9.46,87,360,4.3,100,0,10000,1021,9.46,87,360,4.3,100,0,10000,1021,9.46,87,360,4.3,100,0,10000,1021,9.46,87,360,4.3,100,0,10000
1021,9.84,93,310,5.66,100,0,10000,21,0,6,1,1022,8.51,84,33,4.61,99,0,10000,1022,8.51,84,33,4.61,99,0,10000,1022,8.51,84,33,4.61,99,0,10000,1022,8.51,84,33,4.61,99,0,10000,1022,8.51,84,33,4.61,99,0,10000,1022,8.51,84,33,4.61,99,0,10000,1022,8.51,84,33,4.61,99,0,10000,1022,8.51,84,33,4.61,99,0,10000,1022,8.51,84,33,4.61,99,0,10000,1022,8.51,84,33,4.61,99,0,10000,1022,8.51,84,33,4.61,99,0,10000,1022,8.51,84,33,4.61,99,0,10000
1021,9.84,93,310,5.66,100,0,10000,0,0,7,1,1021,5.58,72,24,2.07,18,0,10000,1021,5.58,72,24,2.07,18,0,10000,1021,5.58,72,24,2.07,18,0,10000,1021,5.58,72,24,2.07,18,0,10000,1021,5.58,72,24,2.07,18,0,10000,1021,5.58,72,24,2.07,18,0,10000,1021,5.58,72,24,2.07,18,0,10000,1021,5.58,72,24,2.07,18,0,10000,1021,5.58,72,24,2.07,18,0,10000,1021,5.58,72,24,2.07,18,0,10000,1021,5.58,72,24,2.07,18,0,10000,1021,5.58,72,24,2.07,18,0,10000
1021,9.84,93,310,5.66,100,0,10000,3,0,7,1,1020,7.11,68,5,1.16,43,0,10000,1020,7.11,68,5,1.16,43,0,10000,1020,7.11,68,5,1.16,43,0,10000,1020,7.11,68,5,1.16,43,0,10000,1020,7.11,68,5,1.16,43,0,10000,1020,7.11,68,5,1.16,43,0,10000,1020,7.11,68,5,1.16,43,0,10000,1020,7.11,68,5,1.16,43,0,10000,1020,7.11,68,5,1.16,43,0,10000,1020,7.11,68,5,1.16,43,0,10000,1020,7.11,68,5,1.16,43,0,10000,1020,7.11,68,5,1.16,43,0,10000
1021,9.84,93,310,5.66,100,0,10000,6,0,7,1,1019,8.9,64,324,2.03,100,0,10000,1019,8.9,64,324,2.03,100,0,10000,1019,8.9,64,324,2.03,100,0,10000,1019,8.9,64,324,2.03,100,0,10000,1019,8.9,64,324,2.03,100,0,10000,1019,8.9,64,324,2.03,100,0,10000,1019,8.9,64,324,2.03,100,0,10000,1019,8.9,64,324,2.03,100,0,10000,1019,8.9,64,324,2.03,100,0,10000,1019,8.9,64,324,2.03,100,0,10000,1019,8.9,64,324,2.03,100,0,10000,1019,8.9,64,324,2.03,100,0,10000
1021,9.84,93,310,5.66,100,0,10000,9,0,7,1,1018,9.62,64,297,2.19,100,0,10000,1018,9.62,64,297,2.19,100,0,10000,1018,9.62,64,297,2.19,100,0,10000,1018,9.62,64,297,2.19,100,0,10000,1018,9.62,64,297,2.19,100,0,10000,1018,9.62,64,297,2.19,100,0,10000,1018,9.62,64,297,2.19,100,0,10000,1018,9.62,64,297,2.19,100,0,10000,1018,9.62,64,297,2.19,100,0,10000,1018,9.62,64,297,2.19,100,0,10000,1018,9.62,64,297,2.19,100,0,10000,1018,9.62,64,297,2.19,100,0,10000
1021,9.84,93,310,5.66,100,0,10000,12,0,7,1,1017,10.16,63,290,2.74,86,0,10000,1017,10.16,63,290,2.74,86,0,10000,1017,10.16,63,290,2.74,86,0,10000,1017,10.16,63,290,2.74,86,0,10000,1017,10.16,63,290,2.74,86,0,10000,1017,10.16,63,290,2.74,86,0,10000,1017,10.16,63,290,2.74,86,0,10000,1017,10.16,63,290,2.74,86,0,10000,1017,10.16,63,290,2.74,86,0,10000,1017,10.16,63,290,2.74,86,0,10000,1017,10.16,63,290,2.74,86,0,10000,1017,10.16,63,290,2.74,86,0,10000
1021,9.84,93,310,5.66,100,0,10000,15,0,7,1,1021,9.84,93,356,4.34,100,0,10000,1021,9.84,93,356,4.34,100,0,10000,1021,9.84,93,356,4.34,100,0,10000,1021,9.84,93,356,4.34,100,0,10000,1021,9.84,93,356,4.34,100,0,10000,1021,9.84,93,356,4.34,100,0,10000,1021,9.84,93,356,4.34,100,0,10000,1021,9.84,93,356,4.34,100,0,10000,1021,9.84,93,356,4.34,100,0,10000,1021,9.84,93,356,4.34,100,0,10000,1021,9.84,93,356,4.34,100,0,10000,1021,9.84,93,356,4.34,100,0,10000
1021,9.84,93,310,5.66,100,0,10000,18,0,7,1,1021,9.46,87,360,4.3,100,0,10000,1021,9.46,87,360,4.3,100,0,10000,1021,9.46,87,360,4.3,100,0,10000,1021,9.46,87,360,4.3,100,0,10000,1021,9.46,87,360,4.3,100,0,10000,1021,9.46,87,360,4.3,100,0,10000,1021,9.46,87,360,4.3,100,0,10000,1021,9.46,87,360,4.3,100,0,10000,1021,9.46,87,360,4.3,100,0,10000,1021,9.46,87,360,4.3,100,0,10000,1021,9.46,87,360,4.3,100,0,10000,1021,9.46,87,360,4.3,100,0,10000
1021,9.84,93,310,5.66,100,0,10000,21,0,7,1,1022,8.51,84,33,4.61,99,0,10000,1022,8.51,84,33,4.61,99,0,10000,1022,8.51,84,33,4.61,99,0,10000,1022,8.51,84,33,4.61,99,0,10000,1022,8.51,84,33,4.61,99,0,10000,1022,8.51,84,33,4.61,99,0,10000,1022,8.51,84,33,4.61,99,0,10000,1022,8.51,84,33,4.61,99,0,10000,1022,8.51,84,33,4.61,99,0,10000,1022,8.51,84,33,4.61,99,0,10000,1022,8.51,84,33,4.61,99,0,10000,1022,8.51,84,33,4.61,99,0,10000
1021,9.84,93,310,5.66,100,0,10000,0,0,8,1,1021,5.58,72,24,2.07,18,0,10000,1021,5.58,72,24,2.07,18,0,10000,1021,5.58,72,24,2.07,18,0,10000,1021,5.58,72,24,2.07,18,0,10000,1021,5.58,72,24,2.07,18,0,10000,1021,5.58,72,24,2.07,18,0,10000,1021,5.58,72,24,2.07,18,0,10000,1021,5.58,72,24,2.07,18,0,10000,1021,5.58,72,24,2.07,18,0,10000,1021,5.58,72,24,2.07,18,0,10000,1021,5.58,72,24,2.07,18,0,10000,1021,5.58,72,24,2.07,18,0,10000
1021,9.84,93,310,5.66,100,0,10000,3,0,8,1,1020,7.11,68,5,1.16,43,0,10000,1020,7.11,68,5,1.16,43,0,10000,1020,7.11,68,5,1.16,43,0,10000,1020,7.11,68,5,1.16,43,0,10000,1020,7.11,68,5,1.16,43,0,10000,1020,7.11,68,5,1.16,43,0,10000,1020,7.11,68,5,1.16,43,0,10000,1020,7.11,68,5,1.16,43,0,10000,1020,7.11,68,5,1.16,43,0,10000,1020,7.11,68,5,1.16,43,0,10000,1020,7.11,68,5,1.16,43,0,10000,1020,7.11,68,5,1.16,43,0,10000
1021,9.84,93,310,5.66,100,0,10000,6,0,8,1,1019,8.9,64,324,2.03,100,0,10000,1019,8.9,64,324,2.03,100,0,10000,1019,8.9,64,324,2.03,100,0,10000,1019,8.9,64,324,2.03,100,0,10000,1019,8.9,64,324,2.03,100,0,10000,1019,8.9,64,324,2.03,100,0,10000,1019,8.9,64,324,2.03,100,0,10000,1019,8.9,64,324,2.03,100,0,10000,1019,8.9,64,324,2.03,100,0,10000,1019,8.9,64,324,2.03,100,0,10000,1019,8.9,64,324,2.03,100,0,10000,1019,8.9,64,324,2.03,100,0,10000
1021,9.84,93,310,5.66,100,0,10000,9,0,8,1,1018,9.62,64,297,2.19,100,0,10000,1018,9.62,64,297,2.19,100,0,10000,1018,9.62,64,297,2.19,100,0,10000,1018,9.62,64,297,2.19,100,0,10000,1018,9.62,64,297,2.19,100,0,10000,1018,9.62,64,297,2.19,100,0,10000,1018,9.62,64,297,2.19,100,0,10000,1018,9.62,64,297,2.19,100,0,10000,1018,9.62,64,297,2.19,100,0,10000,1018,9.62,64,297,2.19,100,0,10000,1018,9.62,64,297,2.19,100,0,10000,1018,9.62,64,297,2.19,100,0,10000
1021,9.84,93,310,5.66,100,0,10000,12,0,8,1,1017,10.16,63,290,2.74,86,0,10000,1017,10.16,63,290,2.74,86,0,10000,1017,10.16,63,290,2.74,86,0,10000,1017,10.16,63,290,2.74,86,0,10000,1017,10.16,63,290,2.74,86,0,10000,1017,10.16,63,290,2.74,86,0,10000,1017,10.16,63,290,2.74,86,0,10000,1017,10.16,63,290,2.74,86,0,10000,1017,10.16,63,290,2.74,86,0,10000,1017,10.16,63,290,2.74,86,0,10000,1017,10.16,63,290,2.74,86,0,10000,1017,10.16,63,290,2.74,86,0,10000
1021,9.84,93,310,5.66,100,0,10000,15,0,8,1,1021,9.84,93,356,4.34,100,0,10000,1021,9.84,93,356,4.34,100,0,10000,1021,9.84,93,356,4.34,100,0,10000,1021,9.84,93,356,4.34,100,0,10000,1021,9.84,93,356,4.34,100,0,10000,1021,9.84,93,356,4.34,100,0,10000,1021,9.84,93,356,4.34,100,0,10000,1021,9.84,93,356,4.34,100,0,10000,1021,9.84,93,356,4.34,100,0,10000,1021,9.84,93,356,4.34,100,0,10000,1021,9.84,93,356,4.34,100,0,10000,1021,9.84,93,356,4.34,100,0,10000
1021,9.84,93,310,5.66,100,0,10000,18,0,8,1,1021,9.46,87,360,4.3,100,0,10000,1021,9.46,87,360,4.3,100,0,10000,1021,9.46,87,360,4.3,100,0,10000,1021,9.46,87,360,4.3,100,0,10000,1021,9.46,87,360,4.3,100,0,10000,1021,9.46,87,360,4.3,100,0,10000,1021,9.46,87,360,4.3,100,0,10000,1021,9.46,87,360,4.3,100,0,10000,1021,9.46,87,360,4.3,100,0,10000,1021,9.46,87,360,4.3,100,0,10000,1021,9.46,87,360,4.3,100,0,10000,1021,9.46,87,360,4.3,100,0,10000
1021,9.84,93,310,5.66,100,0,10000,21,0,8,1,1022,8.51,84,33,4.61,99,0,10000,1022,8.51,84,33,4.61,99,0,10000,1022,8.51,84,33,4.61,99,0,10000,1022,8.51,84,33,4.61,99,0,10000,1022,8.51,84,33,4.61,99,0,10000,1022,8.51,84,33,4.61,99,0,10000,1022,8.51,84,33,4.61,99,0,10000,1022,8.51,84,33,4.61,99,0,10000,1022,8.51,84,33,4.61,99,0,10000,1022,8.51,84,33,4.61,99,0,10000,1022,8.51,84,33,4.61,99,0,10000,1022,8.51,84,33,4.61,99,0,10000
1021,9.84,93,310,5.66,100,0,10000,0,0,9,1,1021,5.58,72,24,2.07,18,0,10000,1021,5.58,72,24,2.07,18,0,10000,1021,5.58,72,24,2.07,18,0,10000,1021,5.58,72,24,2.07,18,0,10000,1021,5.58,72,24,2.07,18,0,10000,1021,5.58,72,24,2.07,18,0,10000,1021,5.58,72,24,2.07,18,0,10000,1021,5.58,72,24,2.07,18,0,10000,1021,5.58,72,24,2.07,18,0,10000,1021,5.58,72,24,2.07,18,0,10000,1021,5.58,72,24,2.07,18,0,10000,1021,5.58,72,24,2.07,18,0,10000
1021,9.84,93,310,5.66,100,0,10000,3,0,9,1,1020,7.11,68,5,1.16,43,0,10000,1020,7.11,68,5,1.16,43,0,10000,1020,7.11,68,5,1.16,43,0,10000,1020,7.11,68,5,1.16,43,0,10000,1020,7.11,68,5,1.16,43,0,10000,1020,7.11,68,5,1.16,43,0,10000,1020,7.11,68,5,1.16,43,0,10000,1020,7.11,68,5,1.16,43,0,10000,1020,7.11,68,5,1.16,43,0,10000,1020,7.11,68,5,1.16,43,0,10000,1020,7.11,68,5,1.16,43,0,10000,1020,7.11,68,5,1.16,43,0,10000
1021,9.84,93,310,5.66,100,0,10000,6,0,9,1,1019,8.9,64,324,2.03,100,0,10000,1019,8.9,64,324,2.03,100,0,10000,1019,8.9,64,324,2.03,100,0,10000,1019,8.9,64,324,2.03,100,0,10000,1019,8.9,64,324,2.03,100,0,10000,1019,8.9,64,324,2.03,100,0,10000,1019,8.9,64,324,2.03,100,0,10000,1019,8.9,64,324,2.03,100,0,10000,1019,8.9,64,324,2.03,100,0,10000,1019,8.9,64,324,2.03,100,0,10000,1019,8.9,64,324,2.03,100,0,10000,1019,8.9,64,324,2.03,100,0,10000
1021,9.84,93,310,5.66,100,0,10000,9,0,9,1,1018,9.62,64,297,2.19,100,0,10000,1018,9.62,64,297,2.19,100,0,10000,1018,9.62,64,297,2.19,100,0,10000,1018,9.62,64,297,2.19,100,0,10000,1018,9.62,64,297,2.19,100,0,10000,1018,9.62,64,297,2.19,100,0,10000,1018,9.62,64,297,2.19,100,0,10000,1018,9.62,64,297,2.19,100,0,10000,1018,9.62,64,297,2.19,100,0,10000,1018,9.62,64,297,2.19,100,0,10000,1018,9.62,64,297,2.19,100,0,10000,1018,9.62,64,297,2.19,100,0,10000
1021,9.84,93,310,5.66,100,0,10000,12,0,9,1,1017,10.16,63,290,2.74,86,0,10000,1017,10.16,63,290,2.74,86,0,10000,1017,10.16,63,290,2.74,86,0,10000,1017,10.16,63,290,2.74,86,0,10000,1017,10.16,63,290,2.74,86,0,10000,1017,10.16,63,290,2.74,86,0,10000,1017,10.16,63,290,2.74,86,0,10000,1017,10.16,63,290,2.74,86,0,10000,1017,10.16,63,290,2.74,86,0,10000,1017,10.16,63,290,2.74,86,0,10000,1017,10.16,63,290,2.74,86,0,10000,1017,10.16,63,290,2.74,86,0,10000
1021,9.84,93,310,5.66,100,0,10000,15,0,9,1,1021,9.84,93,356,4.34,100,0,10000,1021,9.84,93,356,4.34,100,0,10000,1021,9.84,93,356,4.34,100,0,10000,1021,9.84,93,356,4.34,100,0,10000,1021,9.84,93,356,4.34,100,0,10000,1021,9.84,93,356,4.34,100,0,10000,1021,9.84,93,356,4.34,100,0,10000,1021,9.84,93,356,4.34,100,0,10000,1021,9.84,93,356,4.34,100,0,10000,1021,9.84,93,356,4.34,100,0,10000,1021,9.84,93,356,4.34,100,0,10000,1021,9.84,93,356,4.34,100,0,10000
1021,9.84,93,310,5.66,100,0,10000,18,0,9,1,1021,9.46,87,360,4.3,100,0,10000,1021,9.46,87,360,4.3,100,0,10000,1021,9.46,87,360,4.3,100,0,10000,1021,9.46,87,360,4.3,100,0,10000,1021,9.46,87,360,4.3,100,0,10000,1021,9.46,87,360,4.3,100,0,10000,1021,9.46,87,360,4.3,100,0,10000,1021,9.46,87,360,4.3,100,0,10000,1021,9.46,87,360,4.3,100,0,10000,1021,9.46,87,360,4.3,100,0,10000,1021,9.46,87,360,4.3,100,0,10000,1021,9.46,87,360,4.3,100,0,10000
1021,9.84,93,310,5.66,100,0,10000,21,0,9,1,1022,8.51,84,33,4.61,99,0,10000,1022,8.51,84,33,4.61,99,0,10000,1022,8.51,84,33,4.61,99,0,10000,1022,8.51,84,33,4.61,99,0,10000,1022,8.51,84,33,4.61,99,0,10000,1022,8.51,84,33,4.61,99,0,10000,1022,8.51,84,33,4.61,99,0,10000,1022,8.51,84,33,4.61,99,0,10000,1022,8.51,84,33,4.61,99,0,10000,1022,8.51,84,33,4.61,99,0,10000,1022,8.51,84,33,4.61,99,0,10000,1022,8.51,84,33,4.61,99,0,10000
1021,9.84,93,310,5.66,100,0,10000,0,0,10,1,1021,5.58,72,24,2.07,18,0,10000,1021,5.58,72,24,2.07,18,0,10000,1021,5.58,72,24,2.07,18,0,10000,1021,5.58,72,24,2.07,18,0,10000,1021,5.58,72,24,2.07,18,0,10000,1021,5.58,72,24,2.07,18,0,10000,1021,5.58,72,24,2.07,18,0,10000,1021,5.58,72,24,2.07,18,0,10000,1021,5.58,72,24,2.07,18,0,10000,1021,5.58,72,24,2.07,18,0,10000,1021,5.58,72,24,2.07,18,0,10000,1021,5.58,72,24,2.07,18,0,10000
1021,9.84,93,310,5.66,100,0,10000,3,0,10,1,1020,7.11,68,5,1.16,43,0,10000,1020,7.11,68,5,1.16,43,0,10000,1020,7.11,68,5,1.16,43,0,10000,1020,7.11,68,5,1.16,43,0,10000,1020,7.11,68,5,1.16,43,0,10000,1020,7.11,68,5,1.16,43,0,10000,1020,7.11,68,5,1.16,43,0,10000,1020,7.11,68,5,1.16,43,0,10000,1020,7.11,68,5,1.16,43,0,10000,1020,7.11,68,5,1.16,43,0,10000,1020,7.11,68,5,1.16,43,0,10000,1020,7.11,68,5,1.16,43,0,10000
1021,9.84,93,310,5.66,100,0,10000,6,0,10,1,1019,8.9,64,324,2.03,100,0,10000,1019,8.9,64,324,2.03,100,0,10000,1019,8.9,64,324,2.03,100,0,10000,1019,8.9,64,324,2.03,100,0,10000,1019,8.9,64,324,2.03,100,0,10000,1019,8.9,64,324,2.03,100,0,10000,1019,8.9,64,324,2.03,100,0,10000,1019,8.9,64,324,2.03,100,0,10000,1019,8.9,64,324,2.03,100,0,10000,1019,8.9,64,324,2.03,100,0,10000,1019,8.9,64,324,2.03,100,0,10000,1019,8.9,64,324,2.03,100,0,10000
1021,9.84,93,310,5.66,100,0,10000,9,0,10,1,1018,9.62,64,297,2.19,100,0,10000,1018,9.62,64,297,2.19,100,0,10000,1018,9.62,64,297,2.19,100,0,10000,1018,9.62,64,297,2.19,100,0,10000,1018,9.62,64,297,2.19,100,0,10000,1018,9.62,64,297,2.19,100,0,10000,1018,9.62,64,297,2.19,100,0,10000,1018,9.62,64,297,2.19,100,0,10000,1018,9.62,64,297,2.19,100,0,10000,1018,9.62,64,297,2.19,100,0,10000,1018,9.62,64,297,2.19,100,0,10000,1018,9.62,64,297,2.19,100,0,10000
1021,9.84,93,310,5.66,100,0,10000,12,0,10,1,1017,10.16,63,290,2.74,86,0,10000,1017,10.16,63,290,2.74,86,0,10000,1017,10.16,63,290,2.74,86,0,10000,1017,10.16,63,290,2.74,86,0,10000,1017,10.16,63,290,2.74,86,0,10000,1017,10.16,63,290,2.74,86,0,10000,1017,10.16,63,290,2.74,86,0,10000,1017,10.16,63,290,2.74,86,0,10000,1017,10.16,63,290,2.74,86,0,10000,1017,10.16,63,290,2.74,86,0,10000,1017,10.16,63,290,2.74,86,0,10000,1017,10.16,63,290,2.74,86,0,10000
1021,9.84,93,310,5.66,100,0,10000,15,0,10,1,1021,9.84,93,356,4.34,100,0,10000,1021,9.84,93,356,4.34,100,0,10000,1021,9.84,93,356,4.34,100,0,10000,1021,9.84,93,356,4.34,100,0,10000,1021,9.84,93,356,4.34,100,0,10000,1021,9.84,93,356,4.34,100,0,10000,1021,9.84,93,356,4.34,100,0,10000,1021,9.84,93,356,4.34,100,0,10000,1021,9.84,93,356,4.34,100,0,10000,1021,9.84,93,356,4.34,100,0,10000,1021,9.84,93,356,4.34,100,0,10000,1021,9.84,93,356,4.34,100,0,10000
1021,9.84,93,310,5.66,100,0,10000,18,0,10,1,1021,9.46,87,360,4.3,100,0,10000,1021,9.46,87,360,4.3,100,0,10000,1021,9.46,87,360,4.3,100,0,10000,1021,9.46,87,360,4.3,100,0,10000,1021,9.46,87,360,4.3,100,0,10000,1021,9.46,87,360,4.3,100,0,10000,1021,9.46,87,360,4.3,100,0,10000,1021,9.46,87,360,4.3,100,0,10000,1021,9.46,87,360,4.3,100,0,10000,1021,9.46,87,360,4.3,100,0,10000,1021,9.46,87,360,4.3,100,0,10000,1021,9.46,87,360,4.3,100,0,10000
1021,9.84,93,310,5.66,100,0,10000,21,0,10,1,1022,8.51,84,33,4.61,99,0,10000,1022,8.51,84,33,4.61,99,0,10000,1022,8.51,84,33,4.61,99,0,10000,1022,8.51,84,33,4.61,99,0,10000,1022,8.51,84,33,4.61,99,0,10000,1022,8.51,84,33,4.61,99,0,10000,1022,8.51,84,33,4.61,99,0,10000,1022,8.51,84,33,4.61,99,0,10000,1022,8.51,84,33,4.61,99,0,10000,1022,8.51,84,33,4.61,99,0,10000,1022,8.51,84,33,4.61,99,0,10000,1022,8.51,84,33,4.61,99,0,10000
1021,9.84,93,310,5.66,100,0,10000,0,0,11,1,1021,5.58,72,24,2.07,18,0,10000,1021,5.58,72,24,2.07,18,0,10000,1021,5.58,72,24,2.07,18,0,10000,1021,5.58,72,24,2.07,18,0,10000,1021,5.58,72,24,2.07,18,0,10000,1021,5.58,72,24,2.07,18,0,10000,1021,5.58,72,24,2.07,18,0,10000,1021,5.58,72,24,2.07,18,0,10000,1021,5.58,72,24,2.07,18,0,10000,1021,5.58,72,24,2.07,18,0,10000,1021,5.58,72,24,2.07,18,0,10000,1021,5.58,72,24,2.07,18,0,10000
1021,9.84,93,310,5.66,100,0,10000,3,0,11,1,1020,7.11,68,5,1.16,43,0,10000,1020,7.11,68,5,1.16,43,0,10000,1020,7.11,68,5,1.16,43,0,10000,1020,7.11,68,5,1.16,43,0,10000,1020,7.11,68,5,1.16,43,0,10000,1020,7.11,68,5,1.16,43,0,10000,1020,7.11,68,5,1.16,43,0,10000,1020,7.11,68,5,1.16,43,0,10000,1020,7.11,68,5,1.16,43,0,10000,1020,7.11,68,5,1.16,43,0,10000,1020,7.11,68,5,1.16,43,0,10000,1020,7.11,68,5,1.16,43,0,10000
1021,9.84,93,310,5.66,100,0,10000,6,0,11,1,1019,8.9,64,324,2.03,100,0,10000,1019,8.9,64,324,2.03,100,0,10000,1019,8.9,64,324,2.03,100,0,10000,1019,8.9,64,324,2.03,100,0,10000,1019,8.9,64,324,2.03,100,0,10000,1019,8.9,64,324,2.03,100,0,10000,1019,8.9,64,324,2.03,100,0,10000,1019,8.9,64,324,2.03,100,0,10000,1019,8.9,64,324,2.03,100,0,10000,1019,8.9,64,324,2.03,100,0,10000,1019,8.9,64,324,2.03,100,0,10000,1019,8.9,64,324,2.03,100,0,10000
1021,9.84,93,310,5.66,100,0,10000,9,0,11,1,1018,9.62,64,297,2.19,100,0,10000,1018,9.62,64,297,2.19,100,0,10000,1018,9.62,64,297,2.19,100,0,10000,1018,9.62,64,297,2.19,100,0,10000,1018,9.62,64,297,2.19,100,0,10000,1018,9.62,64,297,2.19,100,0,10000,1018,9.62,64,297,2.19,100,0,10000,1018,9.62,64,297,2.19,100,0,10000,1018,9.62,64,297,2.19,100,0,10000,1018,9.62,64,297,2.19,100,0,10000,1018,9.62,64,297,2.19,100,0,10000,1018,9.62,64,297,2.19,100,0,10000
1021,9.84,93,310,5.66,100,0,10000,12,0,11,1,1017,10.16,63,290,2.74,86,0,10000,1017,10.16,63,290,2.74,86,0,10000,1017,10.16,63,290,2.74,86,0,10000,1017,10.16,63,290,2.74,86,0,10000,1017,10.16,63,290,2.74,86,0,10000,1017,10.16,63,290,2.74,86,0,10000,1017,10.16,63,290,2.74,86,0,10000,1017,10.16,63,290,2.74,86,0,10000,1017,10.16,63,290,2.74,86,0,10000,1017,10.16,63,290,2.74,86,0,10000,1017,10.16,63,290,2.74,86,0,10000,1017,10.16,63,290,2.74,86,0,10000
1021,9.84,93,310,5.66,100,0,10000,15,0,11,1,1021,9.84,93,356,4.34,100,0,10000,1021,9.84,93,356,4.34,100,0,10000,1021,9.84,93,356,4.34,100,0,10000,1021,9.84,93,356,4.34,100,0,10000,1021,9.84,93,356,4.34,100,0,10000,1021,9.84,93,356,4.34,100,0,10000,1021,9.84,93,356,4.34,100,0,10000,1021,9.84,93,356,4.34,100,0,10000,1021,9.84,93,356,4.34,100,0,10000,1021,9.84,93,356,4.34,100,0,10000,1021,9.84,93,356,4.34,100,0,10000,1021,9.84,93,356,4.34,100,0,10000
1021,9.84,93,310,5.66,100,0,10000,18,0,11,1,1021,9.46,87,360,4.3,100,0,10000,1021,9.46,87,360,4.3,100,0,10000,1021,9.46,87,360,4.3,100,0,10000,1021,9.46,87,360,4.3,100,0,10000,1021,9.46,87,360,4.3,100,0,10000,1021,9.46,87,360,4.3,100,0,10000,1021,9.46,87,360,4.3,100,0,10000,1021,9.46,87,360,4.3,100,0,10000,1021,9.46,87,360,4.3,100,0,10000,1021,9.46,87,360,4.3,100,0,10000,1021,9.46,87,360,4.3,100,0,10000,1021,9.46,87,360,4.3,100,0,10000
1021,9.84,93,310,5.66,100,0,10000,21,0,11,1,1022,8.51,84,33,4.61,99,0,10000,1022,8.51,84,33,4.61,99,0,10000,1022,8.51,84,33,4.61,99,0,10000,1022,8.51,84,33,4.61,99,0,10000,1022,8.51,84,33,4.61,99,0,10000,1022,8.51,84,33,4.61,99,0,10000,1022,8.51,84,33,4.61,99,0,10000,1022,8.51,84,33,4.61,99,0,10000,1022,8.51,84,33,4.61,99,0,10000,1022,8.51,84,33,4.61,99,0,10000,1022,8.51,84,33,4.61,99,0,10000,1022,8.51,84,33,4.61,99,0,10000
1021,9.84,93,310,5.66,100,0,10000,0,0,12,1,1021,5.58,72,24,2.07,18,0,10000,1021,5.58,72,24,2.07,18,0,10000,1021,5.58,72,24,2.07,18,0,10000,1021,5.58,72,24,2.07,18,0,10000,1021,5.58,72,24,2.07,18,0,10000,1021,5.58,72,24,2.07,18,0,10000,1021,5.58,72,24,2.07,18,0,10000,1021,5.58,72,24,2.07,18,0,10000,1021,5.58,72,24,2.07,18,0,10000,1021,5.58,72,24,2.07,18,0,10000,1021,5.58,72,24,2.07,18,0,10000,1021,5.58,72,24,2.07,18,0,10000
1021,9.84,93,310,5.66,100,0,10000,3,0,12,1,1020,7.11,68,5,1.16,43,0,10000,1020,7.11,68,5,1.16,43,0,10000,1020,7.11,68,5,1.16,43,0,10000,1020,7.11,68,5,1.16,43,0,10000,1020,7.11,68,5,1.16,43,0,10000,1020,7.11,68,5,1.16,43,0,10000,1020,7.11,68,5,1.16,43,0,10000,1020,7.11,68,5,1.16,43,0,10000,1020,7.11,68,5,1.16,43,0,10000,1020,7.11,68,5,1.16,43,0,10000,1020,7.11,68,5,1.16,43,0,10000,1020,7.11,68,5,1.16,43,0,10000
1021,9.84,93,310,5.66,100,0,10000,6,0,12,1,1019,8.9,64,324,2.03,100,0,10000,1019,8.9,64,324,2.03,100,0,10000,1019,8.9,64,324,2.03,100,0,10000,1019,8.9,64,324,2.03,100,0,10000,1019,8.9,64,324,2.03,100,0,10000,1019,8.9,64,324,2.03,100,0,10000,1019,8.9,64,324,2.03,100,0,10000,1019,8.9,64,324,2.03,100,0,10000,1019,8.9,64,324,2.03,100,0,10000,1019,8.9,64,324,2.03,100,0,10000,1019,8.9,64,324,2.03,100,0,10000,1019,8.9,64,324,2.03,100,0,10000
1021,9.84,93,310,5.66,100,0,10000,9,0,12,1,1018,9.62,64,297,2.19,100,0,10000,1018,9.62,64,297,2.19,100,0,10000,1018,9.62,64,297,2.19,100,0,10000,1018,9.62,64,297,2.19,100,0,10000,1018,9.62,64,297,2.19,100,0,10000,1018,9.62,64,297,2.19,100,0,10000,1018,9.62,64,297,2.19,100,0,10000,1018,9.62,64,297,2.19,100,0,10000,1018,9.62,64,297,2.19,100,0,10000,1018,9.62,64,297,2.19,100,0,10000,1018,9.62,64,297,2.19,100,0,10000,1018,9.62,64,297,2.19,100,0,10000
1021,9.84,93,310,5.66,100,0,10000,12,0,12,1,1017,10.16,63,290,2.74,86,0,10000,1017,10.16,63,290,2.74,86,0,10000,1017,10.16,63,290,2.74,86,0,10000,1017,10.16,63,290,2.74,86,0,10000,1017,10.16,63,290,2.74,86,0,10000,1017,10.16,63,290,2.74,86,0,10000,1017,10.16,63,290,2.74,86,0,10000,1017,10.16,63,290,2.74,86,0,10000,1017,10.16,63,290,2.74,86,0,10000,1017,10.16,63,290,2.74,86,0,10000,1017,10.16,63,290,2.74,86,0,10000,1017,10.16,63,290,2.74,86,0,10000
1021,9.84,93,310,5.66,100,0,10000,15,0,12,1,1021,9.84,93,356,4.34,100,0,10000,1021,9.84,93,356,4.34,100,0,10000,1021,9.84,93,356,4.34,100,0,10000,1021,9.84,93,356,4.34,100,0,10000,1021,9.84,93,356,4.34,100,0,10000,1021,9.84,93,356,4.34,100,0,10000,1021,9.84,93,356,4.34,100,0,10000,1021,9.84,93,356,4.34,100,0,10000,1021,9.84,93,356,4.34,100,0,10000,1021,9.84,93,356,4.34,100,0,10000,1021,9.84,93,356,4.34,100,0,10000,1021,9.84,93,356,4.34,100,0,10000
1021,9.84,93,310,5.66,100,0,10000,18,0,12,1,1021,9.46,87,360,4.3,100,0,10000,1021,9.46,87,360,4.3,100,0,10000,1021,9.46,87,360,4.3,100,0,10000,1021,9.46,87,360,4.3,100,0,10000,1021,9.46,87,360,4.3,100,0,10000,1021,9.46,87,360,4.3,100,0,10000,1021,9.46,87,360,4.3,100,0,10000,1021,9.46,87,360,4.3,100,0,10000,1021,9.46,87,360,4.3,100,0,10000,1021,9.46,87,360,4.3,100,0,10000,1021,9.46,87,360,4.3,100,0,10000,1021,9.46,87,360,4.3,100,0,10000
1021,9.84,93,310,5.66,100,0,10000,21,0,12,1,1022,8.51,84,33,4.61,99,0,10000,1022,8.51,84,33,4.61,99,0,10000,1022,8.51,84,33,4.61,99,0,10000,1022,8.51,84,33,4.61,99,0,10000,1022,8.51,84,33,4.61,99,0,10000,1022,8.51,84,33,4.61,99,0,10000,1022,8.51,84,33,4.61,99,0,10000,1022,8.51,84,33,4.61,99,0,10000,1022,8.51,84,33,4.61,99,0,10000,1022,8.51,84,33,4.61,99,0,10000,1022,8.51,84,33,4.61,99,0,10000,1022,8.51,84,33,4.61,99,0,10000
1021,9.84,93,310,5.66,100,0,10000,0,0,13,1,1021,5.58,72,24,2.07,18,0,10000,1021,5.58,72,24,2.07,18,0,10000,1021,5.58,72,24,2.07,18,0,10000,1021,5.58,72,24,2.07,18,0,10000,1021,5.58,72,24,2.07,18,0,10000,1021,5.58,72,24,2.07,18,0,10000,1021,5.58,72,24,2.07,18,0,10000,1021,5.58,72,24,2.07,18,0,10000,1021,5.58,72,24,2.07,18,0,10000,1021,5.58,72,24,2.07,18,0,10000,1021,5.58,72,24,2.07,18,0,10000,1021,5.58,72,24,2.07,18,0,10000
1021,9.84,93,310,5.66,100,0,10000,3,0,13,1,1020,7.11,68,5,1.16,43,0,10000,1020,7.11,68,5,1.16,43,0,10000,1020,7.11,68,5,1.16,43,0,10000,1020,7.11,68,5,1.16,43,0,10000,1020,7.11,68,5,1.16,43,0,10000,1020,7.11,68,5,1.16,43,0,10000,1020,7.11,68,5,1.16,43,0,10000,1020,7.11,68,5,1.16,43,0,10000,1020,7.11,68,5,1.16,43,0,10000,1020,7.11,68,5,1.16,43,0,10000,1020,7.11,68,5,1.16,43,0,10000,1020,7.11,68,5,1.16,43,0,10000
1021,9.84,93,310,5.66,100,0,10000,6,0,13,1,1019,8.9,64,324,2.03,100,0,10000,1019,8.9,64,324,2.03,100,0,10000,1019,8.9,64,324,2.03,100,0,10000,1019,8.9,64,324,2.03,100,0,10000,1019,8.9,64,324,2.03,100,0,10000,1019,8.9,64,324,2.03,100,0,10000,1019,8.9,64,324,2.03,100,0,10000,1019,8.9,64,324,2.03,100,0,10000,1019,8.9,64,324,2.03,100,0,10000,1019,8.9,64,324,2.03,100,0,10000,1019,8.9,64,324,2.03,100,0,10000,1019,8.9,64,324,2.03,100,0,10000
1021,9.84,93,310,5.66,100,0,10000,9,0,13,1,1018,9.62,64,297,2.19,100,0,10000,1018,9.62,64,297,2.19,100,0,10000,1018,9.62,64,297,2.19,100,0,10000,1018,9.62,64,297,2.19,100,0,10000,1018,9.62,64,297,2.19,100,0,10000,1018,9.62,64,297,2.19,100,0,10000,1018,9.62,64,297,2.19,100,0,10000,1018,9.62,64,297,2.19,100,0,10000,1018,9.62,64,297,2.19,100,0,10000,1018,9.62,64,297,2.19,100,0,10000,1018,9.62,64,297,2.19,100,0,10000,1018,9.62,64,297,2.19,100,0,10000
1021,9.84,93,310,5.66,100,0,10000,12,0,13,1,1017,10.16,63,290,2.74,86,0,10000,1017,10.16,63,290,2.74,86,0,10000,1017,10.16,63,290,2.74,86,0,10000,1017,10.16,63,290,2.74,86,0,10000,1017,10.16,63,290,2.74,86,0,10000,1017,10.16,63,290,2.74,86,0,10000,1017,10.16,63,290,2.74,86,0,10000,1017,10.16,63,290,2.74,86,0,10000,1017,10.16,63,290,2.74,86,0,10000,1017,10.16,63,290,2.74,86,0,10000,1017,10.16,63,290,2.74,86,0,10000,1017,10.16,63,290,2.74,86,0,10000
1021,9.84,93,310,5.66,100,0,10000,15,0,13,1,1021,9.84,93,356,4.34,100,0,10000,1021,9.84,93,356,4.34,100,0,10000,1021,9.84,93,356,4.34,100,0,10000,1021,9.84,93,356,4.34,100,0,10000,1021,9.84,93,356,4.34,100,0,10000,1021,9.84,93,356,4.34,100,0,10000,1021,9.84,93,356,4.34,100,0,10000,1021,9.84,93,356,4.34,100,0,10000,1021,9.84,93,356,4.34,100,0,10000,1021,9.84,93,356,4.34,100,0,10000,1021,9.84,93,356,4.34,100,0,10000,1021,9.84,93,356,4.34,100,0,10000
1021,9.84,93,310,5.66,100,0,10000,18,0,13,1,1021,9.46,87,360,4.3,100,0,10000,1021,9.46,87,360,4.3,100,0,10000,1021,9.46,87,360,4.3,100,0,10000,1021,9.46,87,360,4.3,100,0,10000,1021,9.46,87,360,4.3,100,0,10000,1021,9.46,87,360,4.3,100,0,10000,1021,9.46,87,360,4.3,100,0,10000,1021,9.46,87,360,4.3,100,0,10000,1021,9.46,87,360,4.3,100,0,10000,1021,9.46,87,360,4.3,100,0,10000,1021,9.46,87,360,4.3,100,0,10000,1021,9.46,87,360,4.3,100,0,10000
1021,9.84,93,310,5.66,100,0,10000,21,0,13,1,1022,8.51,84,33,4.61,99,0,10000,1022,8.51,84,33,4.61,99,0,10000,1022,8.51,84,33,4.61,99,0,10000,1022,8.51,84,33,4.61,99,0,10000,1022,8.51,84,33,4.61,99,0,10000,1022,8.51,84,33,4.61,99,0,10000,1022,8.51,84,33,4.61,99,0,10000,1022,8.51,84,33,4.61,99,0,10000,1022,8.51,84,33,4.61,99,0,10000,1022,8.51,84,33,4.61,99,0,10000,1022,8.51,84,33,4.61,99,0,10000,1022,8.51,84,33,4.61,99,0,10000
1021,9.84,93,310,5.66,100,0,10000,0,0,14,1,1021,5.58,72,24,2.07,18,0,10000,1021,5.58,72,24,2.07,18,0,10000,1021,5.58,72,24,2.07,18,0,10000,1021,5.58,72,24,2.07,18,0,10000,1021,5.58,72,24,2.07,18,0,10000,1021,5.58,72,24,2.07,18,0,10000,1021,5.58,72,24,2.07,18,0,10000,1021,5.58,72,24,2.07,18,0,10000,1021,5.58,72,24,2.07,18,0,10000,1021,5.58,72,24,2.07,18,0,10000,1021,5.58,72,24,2.07,18,0,10000,1021,5.58,72,24,2.07,18,0,10000
1021,9.84,93,310,5.66,100,0,10000,3,0,14,1,1020,7.11,68,5,1.16,43,0,10000,1020,7.11,68,5,1.16,43,0,10000,1020,7.11,68,5,1.16,43,0,10000,1020,7.11,68,5,1.16,43,0,10000,1020,7.11,68,5,1.16,43,0,10000,1020,7.11,68,5,1.16,43,0,10000,1020,7.11,68,5,1.16,43,0,10000,1020,7.11,68,5,1.16,43,0,10000,1020,7.11,68,5,1.16,43,0,10000,1020,7.11,68,5,1.16,43,0,10000,1020,7.11,68,5,1.16,43,0,10000,1020,7.11,68,5,1.16,43,0,10000
1021,9.84,93,310,5.66,100,0,10000,6,0,14,1,1019,8.9,64,324,2.03,100,0,10000,1019,8.9,64,324,2.03,100,0,10000,1019,8.9,64,324,2.03,100,0,10000,1019,8.9,64,324,2.03,100,0,10000,1019,8.9,64,324,2.03,100,0,10000,1019,8.9,64,324,2.03,100,0,10000,1019,8.9,64,324,2.03,100,0,10000,1019,8.9,64,324,2.03,100,0,10000,1019,8.9,64,324,2.03,100,0,10000,1019,8.9,64,324,2.03,100,0,10000,1019,8.9,64,324,2.03,100,0,10000,1019,8.9,64,324,2.03,100,0,10000
1021,9.84,93,310,5.66,100,0,10000,9,0,14,1,1018,9.62,64,297,2.19,100,0,10000,1018,9.62,64,297,2.19,100,0,10000,1018,9.62,64,297,2.19,100,0,10000,1018,9.62,64,297,2.19,100,0,10000,1018,9.62,64,297,2.19,100,0,10000,1018,9.62,64,297,2.19,100,0,10000,1018,9.62,64,297,2.19,100,0,10000,1018,9.62,64,297,2.19,100,0,10000,1018,9.62,64,297,2.19,100,0,10000,1018,9.62,64,297,2.19,100,0,10000,1018,9.62,64,297,2.19,100,0,10000,1018,9.62,64,297,2.19,100,0,10000
1021,9.84,93,310,5.66,100,0,10000,12,0,14,1,1017,10.16,63,290,2.74,86,0,10000,1017,10.16,63,290,2.74,86,0,10000,1017,10.16,63,290,2.74,86,0,10000,1017,10.16,63,290,2.74,86,0,10000,1017,10.16,63,290,2.74,86,0,10000,1017,10.16,63,290,2.74,86,0,10000,1017,10.16,63,290,2.74,86,0,10000,1017,10.16,63,290,2.74,86,0,10000,1017,10.16,63,290,2.74,86,0,10000,1017,10.16,63,290,2.74,86,0,10000,1017,10.16,63,290,2.74,86,0,10000,1017,10.16,63,290,2.74,86,0,10000
1021,9.84,93,310,5.66,100,0,10000,15,0,14,1,1021,9.84,93,356,4.34,100,0,10000,1021,9.84,93,356,4.34,100,0,10000,1021,9.84,93,356,4.34,100,0,10000,1021,9.84,93,356,4.34,100,0,10000,1021,9.84,93,356,4.34,100,0,10000,1021,9.84,93,356,4.34,100,0,10000,1021,9.84,93,356,4.34,100,0,10000,1021,9.84,93,356,4.34,100,0,10000,1021,9.84,93,356,4.34,100,0,10000,1021,9.84,93,356,4.34,100,0,10000,1021,9.84,93,356,4.34,100,0,10000,1021,9.84,93,356,4.34,100,0,10000
1021,9.84,93,310,5.66,100,0,10000,18,0,14,1,1021,9.46,87,360,4.3,100,0,10000,1021,9.46,87,360,4.3,100,0,10000,1021,9.46,87,360,4.3,100,0,10000,1021,9.46,87,360,4.3,100,0,10000,1021,9.46,87,360,4.3,100,0,10000,1021,9.46,87,360,4.3,100,0,10000,1021,9.46,87,360,4.3,100,0,10000,1021,9.46,87,360,4.3,100,0,10000,1021,9.46,87,360,4.3,100,0,10000,1021,9.46,87,360,4.3,100,0,10000,1021,9.46,87,360,4.3,100,0,10000,1021,9.46,87,360,4.3,100,0,10000
1021,9.84,93,310,5.66,100,0,10000,21,0,14,1,1022,8.51,84,33,4.61,99,0,10000,1022,8.51,84,33,4.61,99,0,10000,1022,8.51,84,33,4.61,99,0,10000,1022,8.51,84,33,4.61,99,0,10000,1022,8.51,84,33,4.61,99,0,10000,1022,8.51,84,33,4.61,99,0,10000,1022,8.51,84,33,4.61,99,0,10000,1022,8.51,84,33,4.61,99,0,10000,1022,8.51,84,33,4.61,99,0,10000,1022,8.51,84,33,4.61,99,0,10000,1022,8.51,84,33,4.61,99,0,10000,1022,8.51,84,33,4.61,99,0,10000
1021,9.84,93,310,5.66,100,0,10000,0,0,15,1,1021,5.58,72,24,2.07,18,0,10000,1021,5.58,72,24,2.07,18,0,10000,1021,5.58,72,24,2.07,18,0,10000,1021,5.58,72,24,2.07,18,0,10000,1021,5.58,72,24,2.07,18,0,10000,1021,5.58,72,24,2.07,18,0,10000,1021,5.58,72,24,2.07,18,0,10000,1021,5.58,72,24,2.07,18,0,10000,1021,5.58,72,24,2.07,18,0,10000,1021,5.58,72,24,2.07,18,0,10000,1021,5.58,72,24,2.07,18,0,10000,1021,5.58,72,24,2.07,18,0,10000
1021,9.84,93,310,5.66,100,0,10000,3,0,15,1,1020,7.11,68,5,1.16,43,0,10000,1020,7.11,68,5,1.16,43,0,10000,1020,7.11,68,5,1.16,43,0,10000,1020,7.11,68,5,1.16,43,0,10000,1020,7.11,68,5,1.16,43,0,10000,1020,7.11,68,5,1.16,43,0,10000,1020,7.11,68,5,1.16,43,0,10000,1020,7.11,68,5,1.16,43,0,10000,1020,7.11,68,5,1.16,43,0,10000,1020,7.11,68,5,1.16,43,0,10000,1020,7.11,68,5,1.16,43,0,10000,1020,7.11,68,5,1.16,43,0,10000
1021,9.84,93,310,5.66,100,0,10000,6,0,15,1,1019,8.9,64,324,2.03,100,0,10000,1019,8.9,64,324,2.03,100,0,10000,1019,8.9,64,324,2.03,100,0,10000,1019,8.9,64,324,2.03,100,0,10000,1019,8.9,64,324,2.03,100,0,10000,1019,8.9,64,324,2.03,100,0,10000,1019,8.9,64,324,2.03,100,0,10000,1019,8.9,64,324,2.03,100,0,10000,1019,8.9,64,324,2.03,100,0,10000,1019,8.9,64,324,2.03,100,0,10000,1019,8.9,64,324,2.03,100,0,10000,1019,8.9,64,324,2.03,100,0,10000
1021,9.84,93,310,5.66,100,0,10000,9,0,15,1,1018,9.62,64,297,2.19,100,0,10000,1018,9.62,64,297,2.19,100,0,10000,1018,9.62,64,297,2.19,100,0,10000,1018,9.62,64,297,2.19,100,0,10000,1018,9.62,64,297,2.19,100,0,10000,1018,9.62,64,297,2.19,100,0,10000,1018,9.62,64,297,2.19,100,0,10000,1018,9.62,64,297,2.19,100,0,10000,1018,9.62,64,297,2.19,100,0,10000,1018,9.62,64,297,2.19,100,0,10000,1018,9.62,64,297,2.19,100,0,10000,1018,9.62,64,297,2.19,100,0,10000
1021,9.84,93,310,5.66,100,0,10000,12,0,15,1,1017,10.16,63,290,2.74,86,0,10000,1017,10.16,63,290,2.74,86,0,10000,1017,10.16,63,290,2.74,86,0,10000,1017,10.16,63,290,2.74,86,0,10000,1017,10.16,63,290,2.74,86,0,10000,1017,10.16,63,290,2.74,86,0,10000,1017,10.16,63,290,2.74,86,0,10000,1017,10.16,63,290,2.74,86,0,10000,1017,10.16,63,290,2.74,86,0,10000,1017,10.16,63,290,2.74,86,0,10000,1017,10.16,63,290,2.74,86,0,10000,1017,10.16,63,290,2.74,86,0,10000
1021,9.84,93,310,5.66,100,0,10000,15,0,15,1,1021,9.84,93,356,4.34,100,0,10000,1021,9.84,93,356,4.34,100,0,10000,1021,9.84,93,356,4.34,100,0,10000,1021,9.84,93,356,4.34,100,0,10000,1021,9.84,93,356,4.34,100,0,10000,1021,9.84,93,356,4.34,100,0,10000,1021,9.84,93,356,4.34,100,0,10000,1021,9.84,93,356,4.34,100,0,10000,1021,9.84,93,356,4.34,100,0,10000,1021,9.84,93,356,4.34,100,0,10000,1021,9.84,93,356,4.34,100,0,10000,1021,9.84,93,356,4.34,100,0,10000
1021,9.84,93,310,5.66,100,0,10000,18,0,15,1,1021,9.46,87,360,4.3,100,0,10000,1021,9.46,87,360,4.3,100,0,10000,1021,9.46,87,360,4.3,100,0,10000,1021,9.46,87,360,4.3,100,0,10000,1021,9.46,87,360,4.3,100,0,10000,1021,9.46,87,360,4.3,100,0,10000,1021,9.46,87,360,4.3,100,0,10000,1021,9.46,87,360,4.3,100,0,10000,1021,9.46,87,360,4.3,100,0,10000,1021,9.46,87,360,4.3,100,0,10000,1021,9.46,87,360,4.3,100,0,10000,1021,9.46,87,360,4.3,100,0,10000
1021,9.84,93,310,5.66,100,0,10000,21,0,15,1,1022,8.51,84,33,4.61,99,0,10000,1022,8.51,84,33,4.61,99,0,10000,1022,8.51,84,33,4.61,99,0,10000,1022,8.51,84,33,4.61,99,0,10000,1022,8.51,84,33,4.61,99,0,10000,1022,8.51,84,33,4.61,99,0,10000,1022,8.51,84,33,4.61,99,0,10000,1022,8.51,84,33,4.61,99,0,10000,1022,8.51,84,33,4.61,99,0,10000,1022,8.51,84,33,4.61,99,0,10000,1022,8.51,84,33,4.61,99,0,10000,1022,8.51,84,33,4.61,99,0,10000
1021,9.84,93,310,5.66,100,0,10000,0,0,16,1,1021,5.58,72,24,2.07,18,0,10000,1021,5.58,72,24,2.07,18,0,10000,1021,5.58,72,24,2.07,18,0,10000,1021,5.58,72,24,2.07,18,0,10000,1021,5.58,72,24,2.07,18,0,10000,1021,5.58,72,24,2.07,18,0,10000,1021,5.58,72,24,2.07,18,0,10000,1021,5.58,72,24,2.07,18,0,10000,1021,5.58,72,24,2.07,18,0,10000,1021,5.58,72,24,2.07,18,0,10000,1021,5.58,72,24,2.07,18,0,10000,1021,5.58,72,24,2.07,18,0,10000
1021,9.84,93,310,5.66,100,0,10000,3,0,16,1,1020,7.11,68,5,1.16,43,0,10000,1020,7.11,68,5,1.16,43,0,10000,1020,7.11,68,5,1.16,43,0,10000,1020,7.11,68,5,1.16,43,0,10000,1020,7.11,68,5,1.16,43,0,10000,1020,7.11,68,5,1.16,43,0,10000,1020,7.11,68,5,1.16,43,0,10000,1020,7.11,68,5,1.16,43,0,10000,1020,7.11,68,5,1.16,43,0,10000,1020,7.11,68,5,1.16,43,0,10000,1020,7.11,68,5,1.16,43,0,10000,1020,7.11,68,5,1.16,43,0,10000
1021,9.84,93,310,5.66,100,0,10000,6,0,16,1,1019,8.9,64,324,2.03,100,0,10000,1019,8.9,64,324,2.03,100,0,10000,1019,8.9,64,324,2.03,100,0,10000,1019,8.9,64,324,2.03,100,0,10000,1019,8.9,64,324,2.03,100,0,10000,1019,8.9,64,324,2.03,100,0,10000,1019,8.9,64,324,2.03,100,0,10000,1019,8.9,64,324,2.03,100,0,10000,1019,8.9,64,324,2.03,100,0,10000,1019,8.9,64,324,2.03,100,0,10000,1019,8.9,64,324,2.03,100,0,10000,1019,8.9,64,324,2.03,100,0,10000
1021,9.84,93,310,5.66,100,0,10000,9,0,16,1,1018,9.62,64,297,2.19,100,0,10000,1018,9.62,64,297,2.19,100,0,10000,1018,9.62,64,297,2.19,100,0,10000,1018,9.62,64,297,2.19,100,0,10000,1018,9.62,64,297,2.19,100,0,10000,1018,9.62,64,297,2.19,100,0,10000,1018,9.62,64,297,2.19,100,0,10000,1018,9.62,64,297,2.19,100,0,10000,1018,9.62,64,297,2.19,100,0,10000,1018,9.62,64,297,2.19,100,0,10000,1018,9.62,64,297,2.19,100,0,10000,1018,9.62,64,297,2.19,100,0,10000
1021,9.84,93,310,5.66,100,0,10000,12,0,16,1,1017,10.16,63,290,2.74,86,0,10000,1017,10.16,63,290,2.74,86,0,10000,1017,10.16,63,290,2.74,86,0,10000,1017,10.16,63,290,2.74,86,0,10000,1017,10.16,63,290,2.74,86,0,10000,1017,10.16,63,290,2.74,86,0,10000,1017,10.16,63,290,2.74,86,0,10000,1017,10.16,63,290,2.74,86,0,10000,1017,10.16,63,290,2.74,86,0,10000,1017,10.16,63,290,2.74,86,0,10000,1017,10.16,63,290,2.74,86,0,10000,1017,10.16,63,290,2.74,86,0,10000
1021,9.84,93,310,5.66,100,0,10000,15,0,16,1,1021,9.84,93,356,4.34,100,0,10000,1021,9.84,93,356,4.34,100,0,10000,1021,9.84,93,356,4.34,100,0,10000,1021,9.84,93,356,4.34,100,0,10000,1021,9.84,93,356,4.34,100,0,10000,1021,9.84,93,356,4.34,100,0,10000,1021,9.84,93,356,4.34,100,0,10000,1021,9.84,93,356,4.34,100,0,10000,1021,9.84,93,356,4.34,100,0,10000,1021,9.84,93,356,4.34,100,0,10000,1021,9.84,93,356,4.34,100,0,10000,1021,9.84,93,356,4.34,100,0,10000
1021,9.84,93,310,5.66,100,0,10000,18,0,16,1,1021,9.46,87,360,4.3,100,0,10000,1021,9.46,87,360,4.3,100,0,10000,1021,9.46,87,360,4.3,100,0,10000,1021,9.46,87,360,4.3,100,0,10000,1021,9.46,87,360,4.3,100,0,10000,1021,9.46,87,360,4.3,100,0,10000,1021,9.46,87,360,4.3,100,0,10000,1021,9.46,87,360,4.3,100,0,10000,1021,9.46,87,360,4.3,100,0,10000,1021,9.46,87,360,4.3,100,0,10000,1021,9.46,87,360,4.3,100,0,10000,1021,9.46,87,360,4.3,100,0,10000
1021,9.84,93,310,5.66,100,0,10000,21,0,16,1,1022,8.51,84,33,4.61,99,0,10000,1022,8.51,84,33,4.61,99,0,10000,1022,8.51,84,33,4.61,99,0,10000,1022,8.51,84,33,4.61,99,0,10000,1022,8.51,84,33,4.61,99,0,10000,1022,8.51,84,33,4.61,99,0,10000,1022,8.51,84,33,4.61,99,0,10000,1022,8.51,84,33,4.61,99,0,10000,1022,8.51,84,33,4.61,99,0,10000,1022,8.51,84,33,4.61,99,0,10000,1022,8.51,84,33,4.61,99,0,10000,1022,8.51,84,33,4.61,99,0,10000
1021,9.84,93,310,5.66,100,0,10000,0,0,17,1,1021,5.58,72,24,2.07,18,0,10000,1021,5.58,72,24,2.07,18,0,10000,1021,5.58,72,24,2.07,18,0,10000,1021,5.58,72,24,2.07,18,0,10000,1021,5.58,72,24,2.07,18,0,10000,1021,5.58,72,24,2.07,18,0,10000,1021,5.58,72,24,2.07,18,0,10000,1021,5.58,72,24,2.07,18,0,10000,1021,5.58,72,24,2.07,18,0,10000,1021,5.58,72,24,2.07,18,0,10000,1021,5.58,72,24,2.07,18,0,10000,1021,5.58,72,24,2.07,18,0,10000
1021,9.84,93,310,5.66,100,0,10000,3,0,17,1,1020,7.11,68,5,1.16,43,0,10000,1020,7.11,68,5,1.16,43,0,10000,1020,7.11,68,5,1.16,43,0,10000,1020,7.11,68,5,1.16,43,0,10000,1020,7.11,68,5,1.16,43,0,10000,1020,7.11,68,5,1.16,43,0,10000,1020,7.11,68,5,1.16,43,0,10000,1020,7.11,68,5,1.16,43,0,10000,1020,7.11,68,5,1.16,43,0,10000,1020,7.11,68,5,1.16,43,0,10000,1020,7.11,68,5,1.16,43,0,10000,1020,7.11,68,5,1.16,43,0,10000
1021,9.84,93,310,5.66,100,0,10000,6,0,17,1,1019,8.9,64,324,2.03,100,0,10000,1019,8.9,64,324,2.03,100,0,10000,1019,8.9,64,324,2.03,100,0,10000,1019,8.9,64,324,2.03,100,0,10000,1019,8.9,64,324,2.03,100,0,10000,1019,8.9,64,324,2.03,100,0,10000,1019,8.9,64,324,2.03,100,0,10000,1019,8.9,64,324,2.03,100,0,10000,1019,8.9,64,324,2.03,100,0,10000,1019,8.9,64,324,2.03,100,0,10000,1019,8.9,64,324,2.03,100,0,10000,1019,8.9,64,324,2.03,100,0,10000
1021,9.84,93,310,5.66,100,0,10000,9,0,17,1,1018,9.62,64,297,2.19,100,0,10000,1018,9.62,64,297,2.19,100,0,10000,1018,9.62,64,297,2.19,100,0,10000,1018,9.62,64,297,2.19,100,0,10000,1018,9.62,64,297,2.19,100,0,10000,1018,9.62,64,297,2.19,100,0,10000,1018,9.62,64,297,2.19,100,0,10000,1018,9.62,64,297,2.19,100,0,10000,1018,9.62,64,297,2.19,100,0,10000,1018,9.62,64,297,2.19,100,0,10000,1018,9.62,64,297,2.19,100,0,10000,1018,9.62,64,297,2.19,100,0,10000
1021,9.84,93,310,5.66,100,0,10000,12,0,17,1,1017,10.16,63,290,2.74,86,0,10000,1017,10.16,63,290,2.74,86,0,10000,1017,10.16,63,290,2.74,86,0,10000,1017,10.16,63,290,2.74,86,0,10000,1017,10.16,63,290,2.74,86,0,10000,1017,10.16,63,290,2.74,86,0,10000,1017,10.16,63,290,2.74,86,0,10000,1017,10.16,63,290,2.74,86,0,10000,1017,10.16,63,290,2.74,86,0,10000,1017,10.16,63,290,2.74,86,0,10000,1017,10.16,63,290,2.74,86,0,10000,1017,10.16,63,290,2.74,86,0,10000
1021,9.84,93,310,5.66,100,0,10000,15,0,17,1,1021,9.84,93,356,4.34,100,0,10000,1021,9.84,93,356,4.34,100,0,10000,1021,9.84,93,356,4.34,100,0,10000,1021,9.84,93,356,4.34,100,0,10000,1021,9.84,93,356,4.34,100,0,10000,1021,9.84,93,356,4.34,100,0,10000,1021,9.84,93,356,4.34,100,0,10000,1021,9.84,93,356,4.34,100,0,10000,1021,9.84,93,356,4.34,100,0,10000,1021,9.84,93,356,4.34,100,0,10000,1021,9.84,93,356,4.34,100,0,10000,1021,9.84,93,356,4.34,100,0,10000
1021,9.84,93,310,5.66,100,0,10000,18,0,17,1,1021,9.46,87,360,4.3,100,0,10000,1021,9.46,87,360,4.3,100,0,10000,1021,9.46,87,360,4.3,100,0,10000,1021,9.46,87,360,4.3,100,0,10000,1021,9.46,87,360,4.3,100,0,10000,1021,9.46,87,360,4.3,100,0,10000,1021,9.46,87,360,4.3,100,0,10000,1021,9.46,87,360,4.3,100,0,10000,1021,9.46,87,360,4.3,100,0,10000,1021,9.46,87,360,4.3,100,0,10000,1021,9.46,87,360,4.3,100,0,10000,1021,9.46,87,360,4.3,100,0,10000
1021,9.84,93,310,5.66,100,0,10000,21,0,17,1,1022,8.51,84,33,4.61,99,0,10000,1022,8.51,84,33,4.61,99,0,10000,1022,8.51,84,33,4.61,99,0,10000,1022,8.51,84,33,4.61,99,0,10000,1022,8.51,84,33,4.61,99,0,10000,1022,8.51,84,33,4.61,99,0,10000,1022,8.51,84,33,4.61,99,0,10000,1022,8.51,84,33,4.61,99,0,10000,1022,8.51,84,33,4.61,99,0,10000,1022,8.51,84,33,4.61,99,0,10000,1022,8.51,84,33,4.61,99,0,10000,1022,8.51,84,33,4.61,99,0,10000
1021,9.84,93,310,5.66,100,0,10000,0,0,18,1,1021,5.58,72,24,2.07,18,0,10000,1021,5.58,72,24,2.07,18,0,10000,1021,5.58,72,24,2.07,18,0,10000,1021,5.58,72,24,2.07,18,0,10000,1021,5.58,72,24,2.07,18,0,10000,1021,5.58,72,24,2.07,18,0,10000,1021,5.58,72,24,2.07,18,0,10000,1021,5.58,72,24,2.07,18,0,10000,1021,5.58,72,24,2.07,18,0,10000,1021,5.58,72,24,2.07,18,0,10000,1021,5.58,72,24,2.07,18,0,10000,1021,5.58,72,24,2.07,18,0,10000
1021,9.84,93,310,5.66,100,0,10000,3,0,18,1,1020,7.11,68,5,1.16,43,0,10000,1020,7.11,68,5,1.16,43,0,10000,1020,7.11,68,5,1.16,43,0,10000,1020,7.11,68,5,1.16,43,0,10000,1020,7.11,68,5,1.16,43,0,10000,1020,7.11,68,5,1.16,43,0,10000,1020,7.11,68,5,1.16,43,0,10000,1020,7.11,68,5,1.16,43,0,10000,1020,7.11,68,5,1.16,43,0,10000,1020,7.11,68,5,1.16,43,0,10000,1020,7.11,68,5,1.16,43,0,10000,1020,7.11,68,5,1.16,43,0,10000
1021,9.84,93,310,5.66,100,0,10000,6,0,18,1,1019,8.9,64,324,2.03,100,0,10000,1019,8.9,64,324,2.03,100,0,10000,1019,8.9,64,324,2.03,100,0,10000,1019,8.9,64,324,2.03,100,0,10000,1019,8.9,64,324,2.03,100,0,10000,1019,8.9,64,324,2.03,100,0,10000,1019,8.9,64,324,2.03,100,0,10000,1019,8.9,64,324,2.03,100,0,10000,1019,8.9,64,324,2.03,100,0,10000,1019,8.9,64,324,2.03,100,0,10000,1019,8.9,64,324,2.03,100,0,10000,1019,8.9,64,324,2.03,100,0,10000
1021,9.84,93,310,5.66,100,0,10000,9,0,18,1,1018,9.62,64,297,2.19,100,0,10000,1018,9.62,64,297,2.19,100,0,10000,1018,9.62,64,297,2.19,100,0,10000,1018,9.62,64,297,2.19,100,0,10000,1018,9.62,64,297,2.19,100,0,10000,1018,9.62,64,297,2.19,100,0,10000,1018,9.62,64,297,2.19,100,0,10000,1018,9.62,64,297,2.19,100,0,10000,1018,9.62,64,297,2.19,100,0,10000,1018,9.62,64,297,2.19,100,0,10000,1018,9.62,64,297,2.19,100,0,10000,1018,9.62,64,297,2.19,100,0,10000
1021,9.84,93,310,5.66,100,0,10000,12,0,18,1,1017,10.16,63,290,2.74,86,0,10000,1017,10.16,63,290,2.74,86,0,10000,1017,10.16,63,290,2.74,86,0,10000,1017,10.16,63,290,2.74,86,0,10000,1017,10.16,63,290,2.74,86,0,10000,1017,10.16,63,290,2.74,86,0,10000,1017,10.16,63,290,2.74,86,0,10000,1017,10.16,63,290,2.74,86,0,10000,1017,10.16,63,290,2.74,86,0,10000,1017,10.16,63,290,2.74,86,0,10000,1017,10.16,63,290,2.74,86,0,10000,1017,10.16,63,290,2.74,86,0,10000
1021,9.84,93,310,5.66,100,0,10000,15,0,18,1,1021,9.84,93,356,4.34,100,0,10000,1021,9.84,93,356,4.34,100,0,10000,1021,9.84,93,356,4.34,100,0,10000,1021,9.84,93,356,4.34,100,0,10000,1021,9.84,93,356,4.34,100,0,10000,1021,9.84,93,356,4.34,100,0,10000,1021,9.84,93,356,4.34,100,0,10000,1021,9.84,93,356,4.34,100,0,10000,1021,9.84,93,356,4.34,100,0,10000,1021,9.84,93,356,4.34,100,0,10000,1021,9.84,93,356,4.34,100,0,10000,1021,9.84,93,356,4.34,100,0,10000
1021,9.84,93,310,5.66,100,0,10000,18,0,18,1,1021,9.46,87,360,4.3,100,0,10000,1021,9.46,87,360,4.3,100,0,10000,1021,9.46,87,360,4.3,100,0,10000,1021,9.46,87,360,4.3,100,0,10000,1021,9.46,87,360,4.3,100,0,10000,1021,9.46,87,360,4.3,100,0,10000,1021,9.46,87,360,4.3,100,0,10000,1021,9.46,87,360,4.3,100,0,10000,1021,9.46,87,360,4.3,100,0,10000,1021,9.46,87,360,4.3,100,0,10000,1021,9.46,87,360,4.3,100,0,10000,1021,9.46,87,360,4.3,100,0,10000
1021,9.84,93,310,5.66,100,0,10000,21,0,18,1,1022,8.51,84,33,4.61,99,0,10000,1022,8.51,84,33,4.61,99,0,10000,1022,8.51,84,33,4.61,99,0,10000,1022,8.51,84,33,4.61,99,0,10000,1022,8.51,84,33,4.61,99,0,10000,1022,8.51,84,33,4.61,99,0,10000,1022,8.51,84,33,4.61,99,0,10000,1022,8.51,84,33,4.61,99,0,10000,1022,8.51,84,33,4.61,99,0,10000,1022,8.51,84,33,4.61,99,0,10000,1022,8.51,84,33,4.61,99,0,10000,1022,8.51,84,33,4.61,99,0,10000
1021,9.84,93,310,5.66,100,0,10000,0,0,19,1,1021,5.58,72,24,2.07,18,0,10000,1021,5.58,72,24,2.07,18,0,10000,1021,5.58,72,24,2.07,18,0,10000,1021,5.58,72,24,2.07,18,0,10000,1021,5.58,72,24,2.07,18,0,10000,1021,5.58,72,24,2.07,18,0,10000,1021,5.58,72,24,2.07,18,0,10000,1021,5.58,72,24,2.07,18,0,10000,1021,5.58,72,24,2.07,18,0,10000,1021,5.58,72,24,2.07,18,0,10000,1021,5.58,72,24,2.07,18,0,10000,1021,5.58,72,24,2.07,18,0,10000
1021,9.84,93,310,5.66,100,0,10000,3,0,19,1,1020,7.11,68,5,1.16,43,0,10000,1020,7.11,68,5,1.16,43,0,10000,1020,7.11,68,5,1.16,43,0,10000,1020,7.11,68,5,1.16,43,0,10000,1020,7.11,68,5,1.16,43,0,10000,1020,7.11,68,5,1.16,43,0,10000,1020,7.11,68,5,1.16,43,0,10000,1020,7.11,68,5,1.16,43,0,10000,1020,7.11,68,5,1.16,43,0,10000,1020,7.11,68,5,1.16,43,0,10000,1020,7.11,68,5,1.16,43,0,10000,1020,7.11,68,5,1.16,43,0,10000
1021,9.84,93,310,5.66,100,0,10000,6,0,19,1,1019,8.9,64,324,2.03,100,0,10000,1019,8.9,64,324,2.03,100,0,10000,1019,8.9,64,324,2.03,100,0,10000,1019,8.9,64,324,2.03,100,0,10000,1019,8.9,64,324,2.03,100,0,10000,1019,8.9,64,324,2.03,100,0,10000,1019,8.9,64,324,2.03,100,0,10000,1019,8.9,64,324,2.03,100,0,10000,1019,8.9,64,324,2.03,100,0,10000,1019,8.9,64,324,2.03,100,0,10000,1019,8.9,64,324,2.03,100,0,10000,1019,8.9,64,324,2.03,100,0,10000
1021,9.84,93,310,5.66,100,0,10000,9,0,19,1,1018,9.62,64,297,2.19,100,0,10000,1018,9.62,64,297,2.19,100,0,10000,1018,9.62,64,297,2.19,100,0,10000,1018,9.62,64,297,2.19,100,0,10000,1018,9.62,64,297,2.19,100,0,10000,1018,9.62,64,297,2.19,100,0,10000,1018,9.62,64,297,2.19,100,0,10000,1018,9.62,64,297,2.19,100,0,10000,1018,9.62,64,297,2.19,100,0,10000,1018,9.62,64,297,2.19,100,0,10000,1018,9.62,64,297,2.19,100,0,10000,1018,9.62,64,297,2.19,100,0,10000
1021,9.84,93,310,5.66,100,0,10000,12,0,19,1,1017,10.16,63,290,2.74,86,0,10000,1017,10.16,63,290,2.74,86,0,10000,1017,10.16,63,290,2.74,86,0,10000,1017,10.16,63,290,2.74,86,0,10000,1017,10.16,63,290,2.74,86,0,10000,1017,10.16,63,290,2.74,86,0,10000,1017,10.16,63,290,2.74,86,0,10000,1017,10.16,63,290,2.74,86,0,10000,1017,10.16,63,290,2.74,86,0,10000,1017,10.16,63,290,2.74,86,0,10000,1017,10.16,63,290,2.74,86,0,10000,1017,10.16,63,290,2.74,86,0,10000
1021,9.84,93,310,5.66,100,0,10000,15,0,19,1,1021,9.84,93,356,4.34,100,0,10000,1021,9.84,93,356,4.34,100,0,10000,1021,9.84,93,356,4.34,100,0,10000,1021,9.84,93,356,4.34,100,0,10000,1021,9.84,93,356,4.34,100,0,10000,1021,9.84,93,356,4.34,100,0,10000,1021,9.84,93,356,4.34,100,0,10000,1021,9.84,93,356,4.34,100,0,10000,1021,9.84,93,356,4.34,100,0,10000,1021,9.84,93,356,4.34,100,0,10000,1021,9.84,93,356,4.34,100,0,10000,1021,9.84,93,356,4.34,100,0,10000
1021,9.84,93,310,5.66,100,0,10000,18,0,19,1,1021,9.46,87,360,4.3,100,0,10000,1021,9.46,87,360,4.3,100,0,10000,1021,9.46,87,360,4.3,100,0,10000,1021,9.46,87,360,4.3,100,0,10000,1021,9.46,87,360,4.3,100,0,10000,1021,9.46,87,360,4.3,100,0,10000,1021,9.46,87,360,4.3,100,0,10000,1021,9.46,87,360,4.3,100,0,10000,1021,9.46,87,360,4.3,100,0,10000,1021,9.46,87,360,4.3,100,0,10000,1021,9.46,87,360,4.3,100,0,10000,1021,9.46,87,360,4.3,100,0,10000
1021,9.84,93,310,5.66,100,0,10000,21,0,19,1,1022,8.51,84,33,4.61,99,0,10000,1022,8.51,84,33,4.61,99,0,10000,1022,8.51,84,33,4.61,99,0,10000,1022,8.51,84,33,4.61,99,0,10000,1022,8.51,84,33,4.61,99,0,10000,1022,8.51,84,33,4.61,99,0,10000,1022,8.51,84,33,4.61,99,0,10000,1022,8.51,84,33,4.61,99,0,10000,1022,8.51,84,33,4.61,99,0,10000,1022,8.51,84,33,4.61,99,0,10000,1022,8.51,84,33,4.61,99,0,10000,1022,8.51,84,33,4.61,99,0,10000
1021,9.84,93,310,5.66,100,0,10000,0,0,20,1,1021,5.58,72,24,2.07,18,0,10000,1021,5.58,72,24,2.07,18,0,10000,1021,5.58,72,24,2.07,18,0,10000,1021,5.58,72,24,2.07,18,0,10000,1021,5.58,72,24,2.07,18,0,10000,1021,5.58,72,24,2.07,18,0,10000,1021,5.58,72,24,2.07,18,0,10000,1021,5.58,72,24,2.07,18,0,10000,1021,5.58,72,24,2.07,18,0,10000,1021,5.58,72,24,2.07,18,0,10000,1021,5.58,72,24,2.07,18,0,10000,1021,5.58,72,24,2.07,18,0,10000
1021,9.84,93,310,5.66,100,0,10000,3,0,20,1,1020,7.11,68,5,1.16,43,0,10000,1020,7.11,68,5,1.16,43,0,10000,1020,7.11,68,5,1.16,43,0,10000,1020,7.11,68,5,1.16,43,0,10000,1020,7.11,68,5,1.16,43,0,10000,1020,7.11,68,5,1.16,43,0,10000,1020,7.11,68,5,1.16,43,0,10000,1020,7.11,68,5,1.16,43,0,10000,1020,7.11,68,5,1.16,43,0,10000,1020,7.11,68,5,1.16,43,0,10000,1020,7.11,68,5,1.16,43,0,10000,1020,7.11,68,5,1.16,43,0,10000
1021,9.84,93,310,5.66,100,0,10000,6,0,20,1,1019,8.9,64,324,2.03,100,0,10000,1019,8.9,64,324,2.03,100,0,10000,1019,8.9,64,324,2.03,100,0,10000,1019,8.9,64,324,2.03,100,0,10000,1019,8.9,64,324,2.03,100,0,10000,1019,8.9,64,324,2.03,100,0,10000,1019,8.9,64,324,2.03,100,0,10000,1019,8.9,64,324,2.03,100,0,10000,1019,8.9,64,324,2.03,100,0,10000,1019,8.9,64,324,2.03,100,0,10000,1019,8.9,64,324,2.03,100,0,10000,1019,8.9,64,324,2.03,100,0,10000
1021,9.84,93,310,5.66,100,0,10000,9,0,20,1,1018,9.62,64,297,2.19,100,0,10000,1018,9.62,64,297,2.19,100,0,10000,1018,9.62,64,297,2.19,100,0,10000,1018,9.62,64,297,2.19,100,0,10000,1018,9.62,64,297,2.19,100,0,10000,1018,9.62,64,297,2.19,100,0,10000,1018,9.62,64,297,2.19,100,0,10000,1018,9.62,64,297,2.19,100,0,10000,1018,9.62,64,297,2.19,100,0,10000,1018,9.62,64,297,2.19,100,0,10000,1018,9.62,64,297,2.19,100,0,10000,1018,9.62,64,297,2.19,100,0,10000
1021,9.84,93,310,5.66,100,0,10000,12,0,20,1,1017,10.16,63,290,2.74,86,0,10000,1017,10.16,63,290,2.74,86,0,10000,1017,10.16,63,290,2.74,86,0,10000,1017,10.16,63,290,2.74,86,0,10000,1017,10.16,63,290,2.74,86,0,10000,1017,10.16,63,290,2.74,86,0,10000,1017,10.16,63,290,2.74,86,0,10000,1017,10.16,63,290,2.74,86,0,10000,1017,10.16,63,290,2.74,86,0,10000,1017,10.16,63,290,2.74,86,0,10000,1017,10.16,63,290,2.74,86,0,10000,1017,10.16,63,290,2.74,86,0,10000
1021,9.84,93,310,5.66,100,0,10000,15,0,20,1,1021,9.84,93,356,4.34,100,0,10000,1021,9.84,93,356,4.34,100,0,10000,1021,9.84,93,356,4.34,100,0,10000,1021,9.84,93,356,4.34,100,0,10000,1021,9.84,93,356,4.34,100,0,10000,1021,9.84,93,356,4.34,100,0,10000,1021,9.84,93,356,4.34,100,0,10000,1021,9.84,93,356,4.34,100,0,10000,1021,9.84,93,356,4.34,100,0,10000,1021,9.84,93,356,4.34,100,0,10000,1021,9.84,93,356,4.34,100,0,10000,1021,9.84,93,356,4.34,100,0,10000
1021,9.84,93,310,5.66,100,0,10000,18,0,20,1,1021,9.46,87,360,4.3,100,0,10000,1021,9.46,87,360,4.3,100,0,10000,1021,9.46,87,360,4.3,100,0,10000,1021,9.46,87,360,4.3,100,0,10000,1021,9.46,87,360,4.3,100,0,10000,1021,9.46,87,360,4.3,100,0,10000,1021,9.46,87,360,4.3,100,0,10000,1021,9.46,87,360,4.3,100,0,10000,1021,9.46,87,360,4.3,100,0,10000,1021,9.46,87,360,4.3,100,0,10000,1021,9.46,87,360,4.3,100,0,10000,1021,9.46,87,360,4.3,100,0,10000
1021,9.84,93,310,5.66,100,0,10000,21,0,20,1,1022,8.51,84,33,4.61,99,0,10000,1022,8.51,84,33,4.61,99,0,10000,1022,8.51,84,33,4.61,99,0,10000,1022,8.51,84,33,4.61,99,0,10000,1022,8.51,84,33,4.61,99,0,10000,1022,8.51,84,33,4.61,99,0,10000,1022,8.51,84,33,4.61,99,0,10000,1022,8.51,84,33,4.61,99,0,10000,1022,8.51,84,33,4.61,99,0,10000,1022,8.51,84,33,4.61,99,0,10000,1022,8.51,84,33,4.61,99,0,10000,1022,8.51,84,33,4.61,99,0,10000
1021,9.84,93,310,5.66,100,0,10000,0,0,21,1,1021,5.58,72,24,2.07,18,0,10000,1021,5.58,72,24,2.07,18,0,10000,1021,5.58,72,24,2.07,18,0,10000,1021,5.58,72,24,2.07,18,0,10000,1021,5.58,72,24,2.07,18,0,10000,1021,5.58,72,24,2.07,18,0,10000,1021,5.58,72,24,2.07,18,0,10000,1021,5.58,72,24,2.07,18,0,10000,1021,5.58,72,24,2.07,18,0,10000,1021,5.58,72,24,2.07,18,0,10000,1021,5.58,72,24,2.07,18,0,10000,1021,5.58,72,24,2.07,18,0,10000
1021,9.84,93,310,5.66,100,0,10000,3,0,21,1,1020,7.11,68,5,1.16,43,0,10000,1020,7.11,68,5,1.16,43,0,10000,1020,7.11,68,5,1.16,43,0,10000,1020,7.11,68,5,1.16,43,0,10000,1020,7.11,68,5,1.16,43,0,10000,1020,7.11,68,5,1.16,43,0,10000,1020,7.11,68,5,1.16,43,0,10000,1020,7.11,68,5,1.16,43,0,10000,1020,7.11,68,5,1.16,43,0,10000,1020,7.11,68,5,1.16,43,0,10000,1020,7.11,68,5,1.16,43,0,10000,1020,7.11,68,5,1.16,43,0,10000
1021,9.84,93,310,5.66,100,0,10000,6,0,21,1,1019,8.9,64,324,2.03,100,0,10000,1019,8.9,64,324,2.03,100,0,10000,1019,8.9,64,324,2.03,100,0,10000,1019,8.9,64,324,2.03,100,0,10000,1019,8.9,64,324,2.03,100,0,10000,1019,8.9,64,324,2.03,100,0,10000,1019,8.9,64,324,2.03,100,0,10000,1019,8.9,64,324,2.03,100,0,10000,1019,8.9,64,324,2.03,100,0,10000,1019,8.9,64,324,2.03,100,0,10000,1019,8.9,64,324,2.03,100,0,10000,1019,8.9,64,324,2.03,100,0,10000
1021,9.84,93,310,5.66,100,0,10000,9,0,21,1,1018,9.62,64,297,2.19,100,0,10000,1018,9.62,64,297,2.19,100,0,10000,1018,9.62,64,297,2.19,100,0,10000,1018,9.62,64,297,2.19,100,0,10000,1018,9.62,64,297,2.19,100,0,10000,1018,9.62,64,297,2.19,100,0,10000,1018,9.62,64,297,2.19,100,0,10000,1018,9.62,64,297,2.19,100,0,10000,1018,9.62,64,297,2.19,100,0,10000,1018,9.62,64,297,2.19,100,0,10000,1018,9.62,64,297,2.19,100,0,10000,1018,9.62,64,297,2.19,100,0,10000
1021,9.84,93,310,5.66,100,0,10000,12,0,21,1,1017,10.16,63,290,2.74,86,0,10000,1017,10.16,63,290,2.74,86,0,10000,1017,10.16,63,290,2.74,86,0,10000,1017,10.16,63,290,2.74,86,0,10000,1017,10.16,63,290,2.74,86,0,10000,1017,10.16,63,290,2.74,86,0,10000,1017,10.16,63,290,2.74,86,0,10000,1017,10.16,63,290,2.74,86,0,10000,1017,10.16,63,290,2.74,86,0,10000,1017,10.16,63,290,2.74,86,0,10000,1017,10.16,63,290,2.74,86,0,10000,1017,10.16,63,290,2.74,86,0,10000
1021,9.84,93,310,5.66,100,0,10000,15,0,21,1,1021,9.84,93,356,4.34,100,0,10000,1021,9.84,93,356,4.34,100,0,10000,1021,9.84,93,356,4.34,100,0,10000,1021,9.84,93,356,4.34,100,0,10000,1021,9.84,93,356,4.34,100,0,10000,1021,9.84,93,356,4.34,100,0,10000,1021,9.84,93,356,4.34,100,0,10000,1021,9.84,93,356,4.34,100,0,10000,1021,9.84,93,356,4.34,100,0,10000,1021,9.84,93,356,4.34,100,0,10000,1021,9.84,93,356,4.34,100,0,10000,1021,9.84,93,356,4.34,100,0,10000
1021,9.84,93,310,5.66,100,0,10000,18,0,21,1,1021,9.46,87,360,4.3,100,0,10000,1021,9.46,87,360,4.3,100,0,10000,1021,9.46,87,360,4.3,100,0,10000,1021,9.46,87,360,4.3,100,0,10000,1021,9.46,87,360,4.3,100,0,10000,1021,9.46,87,360,4.3,100,0,10000,1021,9.46,87,360,4.3,100,0,10000,1021,9.46,87,360,4.3,100,0,10000,1021,9.46,87,360,4.3,100,0,10000,1021,9.46,87,360,4.3,100,0,10000,1021,9.46,87,360,4.3,100,0,10000,1021,9.46,87,360,4.3,100,0,10000
1021,9.84,93,310,5.66,100,0,10000,21,0,21,1,1022,8.51,84,33,4.61,99,0,10000,1022,8.51,84,33,4.61,99,0,10000,1022,8.51,84,33,4.61,99,0,10000,1022,8.51,84,33,4.61,99,0,10000,1022,8.51,84,33,4.61,99,0,10000,1022,8.51,84,33,4.61,99,0,10000,1022,8.51,84,33,4.61,99,0,10000,1022,8.51,84,33,4.61,99,0,10000,1022,8.51,84,33,4.61,99,0,10000,1022,8.51,84,33,4.61,99,0,10000,1022,8.51,84,33,4.61,99,0,10000,1022,8.51,84,33,4.61,99,0,10000
1021,9.84,93,310,5.66,100,0,10000,0,0,22,1,1021,5.58,72,24,2.07,18,0,10000,1021,5.58,72,24,2.07,18,0,10000,1021,5.58,72,24,2.07,18,0,10000,1021,5.58,72,24,2.07,18,0,10000,1021,5.58,72,24,2.07,18,0,10000,1021,5.58,72,24,2.07,18,0,10000,1021,5.58,72,24,2.07,18,0,10000,1021,5.58,72,24,2.07,18,0,10000,1021,5.58,72,24,2.07,18,0,10000,1021,5.58,72,24,2.07,18,0,10000,1021,5.58,72,24,2.07,18,0,10000,1021,5.58,72,24,2.07,18,0,10000
1021,9.84,93,310,5.66,100,0,10000,3,0,22,1,1020,7.11,68,5,1.16,43,0,10000,1020,7.11,68,5,1.16,43,0,10000,1020,7.11,68,5,1.16,43,0,10000,1020,7.11,68,5,1.16,43,0,10000,1020,7.11,68,5,1.16,43,0,10000,1020,7.11,68,5,1.16,43,0,10000,1020,7.11,68,5,1.16,43,0,10000,1020,7.11,68,5,1.16,43,0,10000,1020,7.11,68,5,1.16,43,0,10000,1020,7.11,68,5,1.16,43,0,10000,1020,7.11,68,5,1.16,43,0,10000,1020,7.11,68,5,1.16,43,0,10000
1021,9.84,93,310,5.66,100,0,10000,6,0,22,1,1019,8.9,64,324,2.03,100,0,10000,1019,8.9,64,324,2.03,100,0,10000,1019,8.9,64,324,2.03,100,0,10000,1019,8.9,64,324,2.03,100,0,10000,1019,8.9,64,324,2.03,100,0,10000,1019,8.9,64,324,2.03,100,0,10000,1019,8.9,64,324,2.03,100,0,10000,1019,8.9,64,324,2.03,100,0,10000,1019,8.9,64,324,2.03,100,0,10000,1019,8.9,64,324,2.03,100,0,10000,1019,8.9,64,324,2.03,100,0,10000,1019,8.9,64,324,2.03,100,0,10000
1021,9.84,93,310,5.66,100,0,10000,9,0,22,1,1018,9.62,64,297,2.19,100,0,10000,1018,9.62,64,297,2.19,100,0,10000,1018,9.62,64,297,2.19,100,0,10000,1018,9.62,64,297,2.19,100,0,10000,1018,9.62,64,297,2.19,100,0,10000,1018,9.62,64,297,2.19,100,0,10000,1018,9.62,64,297,2.19,100,0,10000,1018,9.62,64,297,2.19,100,0,10000,1018,9.62,64,297,2.19,100,0,10000,1018,9.62,64,297,2.19,100,0,10000,1018,9.62,64,297,2.19,100,0,10000,1018,9.62,64,297,2.19,100,0,10000
1021,9.84,93,310,5.66,100,0,10000,12,0,22,1,1017,10.16,63,290,2.74,86,0,10000,1017,10.16,63,290,2.74,86,0,10000,1017,10.16,63,290,2.74,86,0,10000,1017,10.16,63,290,2.74,86,0,10000,1017,10.16,63,290,2.74,86,0,10000,1017,10.16,63,290,2.74,86,0,10000,1017,10.16,63,290,2.74,86,0,10000,1017,10.16,63,290,2.74,86,0,10000,1017,10.16,63,290,2.74,86,0,10000,1017,10.16,63,290,2.74,86,0,10000,1017,10.16,63,290,2.74,86,0,10000,1017,10.16,63,290,2.74,86,0,10000
1021,9.84,93,310,5.66,100,0,10000,15,0,22,1,1021,9.84,93,356,4.34,100,0,10000,1021,9.84,93,356,4.34,100,0,10000,1021,9.84,93,356,4.34,100,0,10000,1021,9.84,93,356,4.34,100,0,10000,1021,9.84,93,356,4.34,100,0,10000,1021,9.84,93,356,4.34,100,0,10000,1021,9.84,93,356,4.34,100,0,10000,1021,9.84,93,356,4.34,100,0,10000,1021,9.84,93,356,4.34,100,0,10000,1021,9.84,93,356,4.34,100,0,10000,1021,9.84,93,356,4.34,100,0,10000,1021,9.84,93,356,4.34,100,0,10000
1021,9.84,93,310,5.66,100,0,10000,18,0,22,1,1021,9.46,87,360,4.3,100,0,10000,1021,9.46,87,360,4.3,100,0,10000,1021,9.46,87,360,4.3,100,0,10000,1021,9.46,87,360,4.3,100,0,10000,1021,9.46,87,360,4.3,100,0,10000,1021,9.46,87,360,4.3,100,0,10000,1021,9.46,87,360,4.3,100,0,10000,1021,9.46,87,360,4.3,100,0,10000,1021,9.46,87,360,4.3,100,0,10000,1021,9.46,87,360,4.3,100,0,10000,1021,9.46,87,360,4.3,100,0,10000,1021,9.46,87,360,4.3,100,0,10000
1021,9.84,93,310,5.66,100,0,10000,21,0,22,1,1022,8.51,84,33,4.61,99,0,10000,1022,8.51,84,33,4.61,99,0,10000,1022,8.51,84,33,4.61,99,0,10000,1022,8.51,84,33,4.61,99,0,10000,1022,8.51,84,33,4.61,99,0,10000,1022,8.51,84,33,4.61,99,0,10000,1022,8.51,84,33,4.61,99,0,10000,1022,8.51,84,33,4.61,99,0,10000,1022,8.51,84,33,4.61,99,0,10000,1022,8.51,84,33,4.61,99,0,10000,1022,8.51,84,33,4.61,99,0,10000,1022,8.51,84,33,4.61,99,0,10000
1021,9.84,93,310,5.66,100,0,10000,0,0,23,1,1021,5.58,72,24,2.07,18,0,10000,1021,5.58,72,24,2.07,18,0,10000,1021,5.58,72,24,2.07,18,0,10000,1021,5.58,72,24,2.07,18,0,10000,1021,5.58,72,24,2.07,18,0,10000,1021,5.58,72,24,2.07,18,0,10000,1021,5.58,72,24,2.07,18,0,10000,1021,5.58,72,24,2.07,18,0,10000,1021,5.58,72,24,2.07,18,0,10000,1021,5.58,72,24,2.07,18,0,10000,1021,5.58,72,24,2.07,18,0,10000,1021,5.58,72,24,2.07,18,0,10000
1021,9.84,93,310,5.66,100,0,10000,3,0,23,1,1020,7.11,68,5,1.16,43,0,10000,1020,7.11,68,5,1.16,43,0,10000,1020,7.11,68,5,1.16,43,0,10000,1020,7.11,68,5,1.16,43,0,10000,1020,7.11,68,5,1.16,43,0,10000,1020,7.11,68,5,1.16,43,0,10000,1020,7.11,68,5,1.16,43,0,10000,1020,7.11,68,5,1.16,43,0,10000,1020,7.11,68,5,1.16,43,0,10000,1020,7.11,68,5,1.16,43,0,10000,1020,7.11,68,5,1.16,43,0,10000,1020,7.11,68,5,1.16,43,0,10000
1021,9.84,93,310,5.66,100,0,10000,6,0,23,1,1019,8.9,64,324,2.03,100,0,10000,1019,8.9,64,324,2.03,100,0,10000,1019,8.9,64,324,2.03,100,0,10000,1019,8.9,64,324,2.03,100,0,10000,1019,8.9,64,324,2.03,100,0,10000,1019,8.9,64,324,2.03,100,0,10000,1019,8.9,64,324,2.03,100,0,10000,1019,8.9,64,324,2.03,100,0,10000,1019,8.9,64,324,2.03,100,0,10000,1019,8.9,64,324,2.03,100,0,10000,1019,8.9,64,324,2.03,100,0,10000,1019,8.9,64,324,2.03,100,0,10000
1021,9.84,93,310,5.66,100,0,10000,9,0,23,1,1018,9.62,64,297,2.19,100,0,10000,1018,9.62,64,297,2.19,100,0,10000,1018,9.62,64,297,2.19,100,0,10000,1018,9.62,64,297,2.19,100,0,10000,1018,9.62,64,297,2.19,100,0,10000,1018,9.62,64,297,2.19,100,0,10000,1018,9.62,64,297,2.19,100,0,10000,1018,9.62,64,297,2.19,100,0,10000,1018,9.62,64,297,2.19,100,0,10000,1018,9.62,64,297,2.19,100,0,10000,1018,9.62,64,297,2.19,100,0,10000,1018,9.62,64,297,2.19,100,0,10000
1021,9.84,93,310,5.66,100,0,10000,12,0,23,1,1017,10.16,63,290,2.74,86,0,10000,1017,10.16,63,290,2.74,86,0,10000,1017,10.16,63,290,2.74,86,0,10000,1017,10.16,63,290,2.74,86,0,10000,1017,10.16,63,290,2.74,86,0,10000,1017,10.16,63,290,2.74,86,0,10000,1017,10.16,63,290,2.74,86,0,10000,1017,10.16,63,290,2.74,86,0,10000,1017,10.16,63,290,2.74,86,0,10000,1017,10.16,63,290,2.74,86,0,10000,1017,10.16,63,290,2.74,86,0,10000,1017,10.16,63,290,2.74,86,0,10000
1021,9.84,93,310,5.66,100,0,10000,15,0,23,1,1021,9.84,93,356,4.34,100,0,10000,1021,9.84,93,356,4.34,100,0,10000,1021,9.84,93,356,4.34,100,0,10000,1021,9.84,93,356,4.34,100,0,10000,1021,9.84,93,356,4.34,100,0,10000,1021,9.84,93,356,4.34,100,0,10000,1021,9.84,93,356,4.34,100,0,10000,1021,9.84,93,356,4.34,100,0,10000,1021,9.84,93,356,4.34,100,0,10000,1021,9.84,93,356,4.34,100,0,10000,1021,9.84,93,356,4.34,100,0,10000,1021,9.84,93,356,4.34,100,0,10000
1021,9.84,93,310,5.66,100,0,10000,18,0,23,1,1021,9.46,87,360,4.3,100,0,10000,1021,9.46,87,360,4.3,100,0,10000,1021,9.46,87,360,4.3,100,0,10000,1021,9.46,87,360,4.3,100,0,10000,1021,9.46,87,360,4.3,100,0,10000,1021,9.46,87,360,4.3,100,0,10000,1021,9.46,87,360,4.3,100,0,10000,1021,9.46,87,360,4.3,100,0,10000,1021,9.46,87,360,4.3,100,0,10000,1021,9.46,87,360,4.3,100,0,10000,1021,9.46,87,360,4.3,100,0,10000,1021,9.46,87,360,4.3,100,0,10000
1021,9.84,93,310,5.66,100,0,10000,21,0,23,1,1022,8.51,84,33,4.61,99,0,10000,1022,8.51,84,33,4.61,99,0,10000,1022,8.51,84,33,4.61,99,0,10000,1022,8.51,84,33,4.61,99,0,10000,1022,8.51,84,33,4.61,99,0,10000,1022,8.51,84,33,4.61,99,0,10000,1022,8.51,84,33,4.61,99,0,10000,1022,8.51,84,33,4.61,99,0,10000,1022,8.51,84,33,4.61,99,0,10000,1022,8.51,84,33,4.61,99,0,10000,1022,8.51,84,33,4.61,99,0,10000,1022,8.51,84,33,4.61,99,0,10000
1021,9.84,93,310,5.66,100,0,10000,0,0,24,1,1021,5.58,72,24,2.07,18,0,10000,1021,5.58,72,24,2.07,18,0,10000,1021,5.58,72,24,2.07,18,0,10000,1021,5.58,72,24,2.07,18,0,10000,1021,5.58,72,24,2.07,18,0,10000,1021,5.58,72,24,2.07,18,0,10000,1021,5.58,72,24,2.07,18,0,10000,1021,5.58,72,24,2.07,18,0,10000,1021,5.58,72,24,2.07,18,0,10000,1021,5.58,72,24,2.07,18,0,10000,1021,5.58,72,24,2.07,18,0,10000,1021,5.58,72,24,2.07,18,0,10000
1021,9.84,93,310,5.66,100,0,10000,3,0,24,1,1020,7.11,68,5,1.16,43,0,10000,1020,7.11,68,5,1.16,43,0,10000,1020,7.11,68,5,1.16,43,0,10000,1020,7.11,68,5,1.16,43,0,10000,1020,7.11,68,5,1.16,43,0,10000,1020,7.11,68,5,1.16,43,0,10000,1020,7.11,68,5,1.16,43,0,10000,1020,7.11,68,5,1.16,43,0,10000,1020,7.11,68,5,1.16,43,0,10000,1020,7.11,68,5,1.16,43,0,10000,1020,7.11,68,5,1.16,43,0,10000,1020,7.11,68,5,1.16,43,0,10000
1021,9.84,93,310,5.66,100,0,10000,6,0,24,1,1019,8.9,64,324,2.03,100,0,10000,1019,8.9,64,324,2.03,100,0,10000,1019,8.9,64,324,2.03,100,0,10000,1019,8.9,64,324,2.03,100,0,10000,1019,8.9,64,324,2.03,100,0,10000,1019,8.9,64,324,2.03,100,0,10000,1019,8.9,64,324,2.03,100,0,10000,1019,8.9,64,324,2.03,100,0,10000,1019,8.9,64,324,2.03,100,0,10000,1019,8.9,64,324,2.03,100,0,10000,1019,8.9,64,324,2.03,100,0,10000,1019,8.9,64,324,2.03,100,0,10000
1021,9.84,93,310,5.66,100,0,10000,9,0,24,1,1018,9.62,64,297,2.19,100,0,10000,1018,9.62,64,297,2.19,100,0,10000,1018,9.62,64,297,2.19,100,0,10000,1018,9.62,64,297,2.19,100,0,10000,1018,9.62,64,297,2.19,100,0,10000,1018,9.62,64,297,2.19,100,0,10000,1018,9.62,64,297,2.19,100,0,10000,1018,9.62,64,297,2.19,100,0,10000,1018,9.62,64,297,2.19,100,0,10000,1018,9.62,64,297,2.19,100,0,10000,1018,9.62,64,297,2.19,100,0,10000,1018,9.62,64,297,2.19,100,0,10000
1021,9.84,93,310,5.66,100,0,10000,12,0,24,1,1017,10.16,63,290,2.74,86,0,10000,1017,10.16,63,290,2.74,86,0,10000,1017,10.16,63,290,2.74,86,0,10000,1017,10.16,63,290,2.74,86,0,10000,1017,10.16,63,290,2.74,86,0,10000,1017,10.16,63,290,2.74,86,0,10000,1017,10.16,63,290,2.74,86,0,10000,1017,10.16,63,290,2.74,86,0,10000,1017,10.16,63,290,2.74,86,0,10000,1017,10.16,63,290,2.74,86,0,10000,1017,10.16,63,290,2.74,86,0,10000,1017,10.16,63,290,2.74,86,0,10000
1021,9.84,93,310,5.66,100,0,10000,15,0,24,1,1021,9.84,93,356,4.34,100,0,10000,1021,9.84,93,356,4.34,100,0,10000,1021,9.84,93,356,4.34,100,0,10000,1021,9.84,93,356,4.34,100,0,10000,1021,9.84,93,356,4.34,100,0,10000,1021,9.84,93,356,4.34,100,0,10000,1021,9.84,93,356,4.34,100,0,10000,1021,9.84,93,356,4.34,100,0,10000,1021,9.84,93,356,4.34,100,0,10000,1021,9.84,93,356,4.34,100,0,10000,1021,9.84,93,356,4.34,100,0,10000,1021,9.84,93,356,4.34,100,0,10000
1021,9.84,93,310,5.66,100,0,10000,18,0,24,1,1021,9.46,87,360,4.3,100,0,10000,1021,9.46,87,360,4.3,100,0,10000,1021,9.46,87,360,4.3,100,0,10000,1021,9.46,87,360,4.3,100,0,10000,1021,9.46,87,360,4.3,100,0,10000,1021,9.46,87,360,4.3,100,0,10000,1021,9.46,87,360,4.3,100,0,10000,1021,9.46,87,360,4.3,100,0,10000,1021,9.46,87,360,4.3,100,0,10000,1021,9.46,87,360,4.3,100,0,10000,1021,9.46,87,360,4.3,100,0,10000,1021,9.46,87,360,4.3,100,0,10000
1021,9.84,93,310,5.66,100,0,10000,21,0,24,1,1022,8.51,84,33,4.61,99,0,10000,1022,8.51,84,33,4.61,99,0,10000,1022,8.51,84,33,4.61,99,0,10000,1022,8.51,84,33,4.61,99,0,10000,1022,8.51,84,33,4.61,99,0,10000,1022,8.51,84,33,4.61,99,0,10000,1022,8.51,84,33,4.61,99,0,10000,1022,8.51,84,33,4.61,99,0,10000,1022,8.51,84,33,4.61,99,0,10000,1022,8.51,84,33,4.61,99,0,10000,1022,8.51,84,33,4.61,99,0,10000,1022,8.51,84,33,4.61,99,0,10000
1021,9.84,93,310,5.66,100,0,10000,0,0,25,1,1021,5.58,72,24,2.07,18,0,10000,1021,5.58,72,24,2.07,18,0,10000,1021,5.58,72,24,2.07,18,0,10000,1021,5.58,72,24,2.07,18,0,10000,1021,5.58,72,24,2.07,18,0,10000,1021,5.58,72,24,2.07,18,0,10000,1021,5.58,72,24,2.07,18,0,10000,1021,5.58,72,24,2.07,18,0,10000,1021,5.58,72,24,2.07,18,0,10000,1021,5.58,72,24,2.07,18,0,10000,1021,5.58,72,24,2.07,18,0,10000,1021,5.58,72,24,2.07,18,0,10000
1021,9.84,93,310,5.66,100,0,10000,3,0,25,1,1020,7.11,68,5,1.16,43,0,10000,1020,7.11,68,5,1.16,43,0,10000,1020,7.11,68,5,1.16,43,0,10000,1020,7.11,68,5,1.16,43,0,10000,1020,7.11,68,5,1.16,43,0,10000,1020,7.11,68,5,1.16,43,0,10000,1020,7.11,68,5,1.16,43,0,10000,1020,7.11,68,5,1.16,43,0,10000,1020,7.11,68,5,1.16,43,0,10000,1020,7.11,68,5,1.16,43,0,10000,1020,7.11,68,5,1.16,43,0,10000,1020,7.11,68,5,1.16,43,0,10000
1021,9.84,93,310,5.66,100,0,10000,6,0,25,1,1019,8.9,64,324,2.03,100,0,10000,1019,8.9,64,324,2.03,100,0,10000,1019,8.9,64,324,2.03,100,0,10000,1019,8.9,64,324,2.03,100,0,10000,1019,8.9,64,324,2.03,100,0,10000,1019,8.9,64,324,2.03,100,0,10000,1019,8.9,64,324,2.03,100,0,10000,1019,8.9,64,324,2.03,100,0,10000,1019,8.9,64,324,2.03,100,0,10000,1019,8.9,64,324,2.03,100,0,10000,1019,8.9,64,324,2.03,100,0,10000,1019,8.9,64,324,2.03,100,0,10000
1021,9.84,93,310,5.66,100,0,10000,9,0,25,1,1018,9.62,64,297,2.19,100,0,10000,1018,9.62,64,297,2.19,100,0,10000,1018,9.62,64,297,2.19,100,0,10000,1018,9.62,64,297,2.19,100,0,10000,1018,9.62,64,297,2.19,100,0,10000,1018,9.62,64,297,2.19,100,0,10000,1018,9.62,64,297,2.19,100,0,10000,1018,9.62,64,297,2.19,100,0,10000,1018,9.62,64,297,2.19,100,0,10000,1018,9.62,64,297,2.19,100,0,10000,1018,9.62,64,297,2.19,100,0,10000,1018,9.62,64,297,2.19,100,0,10000
1021,9.84,93,310,5.66,100,0,10000,12,0,25,1,1017,10.16,63,290,2.74,86,0,10000,1017,10.16,63,290,2.74,86,0,10000,1017,10.16,63,290,2.74,86,0,10000,1017,10.16,63,290,2.74,86,0,10000,1017,10.16,63,290,2.74,86,0,10000,1017,10.16,63,290,2.74,86,0,10000,1017,10.16,63,290,2.74,86,0,10000,1017,10.16,63,290,2.74,86,0,10000,1017,10.16,63,290,2.74,86,0,10000,1017,10.16,63,290,2.74,86,0,10000,1017,10.16,63,290,2.74,86,0,10000,1017,10.16,63,290,2.74,86,0,10000
1021,9.84,93,310,5.66,100,0,10000,15,0,25,1,1021,9.84,93,356,4.34,100,0,10000,1021,9.84,93,356,4.34,100,0,10000,1021,9.84,93,356,4.34,100,0,10000,1021,9.84,93,356,4.34,100,0,10000,1021,9.84,93,356,4.34,100,0,10000,1021,9.84,93,356,4.34,100,0,10000,1021,9.84,93,356,4.34,100,0,10000,1021,9.84,93,356,4.34,100,0,10000,1021,9.84,93,356,4.34,100,0,10000,1021,9.84,93,356,4.34,100,0,10000,1021,9.84,93,356,4.34,100,0,10000,1021,9.84,93,356,4.34,100,0,10000
1021,9.84,93,310,5.66,100,0,10000,18,0,25,1,1021,9.46,87,360,4.3,100,0,10000,1021,9.46,87,360,4.3,100,0,10000,1021,9.46,87,360,4.3,100,0,10000,1021,9.46,87,360,4.3,100,0,10000,1021,9.46,87,360,4.3,100,0,10000,1021,9.46,87,360,4.3,100,0,10000,1021,9.46,87,360,4.3,100,0,10000,1021,9.46,87,360,4.3,100,0,10000,1021,9.46,87,360,4.3,100,0,10000,1021,9.46,87,360,4.3,100,0,10000,1021,9.46,87,360,4.3,100,0,10000,1021,9.46,87,360,4.3,100,0,10000
1021,9.84,93,310,5.66,100,0,10000,21,0,25,1,1022,8.51,84,33,4.61,99,0,10000,1022,8.51,84,33,4.61,99,0,10000,1022,8.51,84,33,4.61,99,0,10000,1022,8.51,84,33,4.61,99,0,10000,1022,8.51,84,33,4.61,99,0,10000,1022,8.51,84,33,4.61,99,0,10000,1022,8.51,84,33,4.61,99,0,10000,1022,8.51,84,33,4.61,99,0,10000,1022,8.51,84,33,4.61,99,0,10000,1022,8.51,84,33,4.61,99,0,10000,1022,8.51,84,33,4.61,99,0,10000,1022,8.51,84,33,4.61,99,0,10000
1021,9.84,93,310,5.66,100,0,10000,0,0,26,1,1021,5.58,72,24,2.07,18,0,10000,1021,5.58,72,24,2.07,18,0,10000,1021,5.58,72,24,2.07,18,0,10000,1021,5.58,72,24,2.07,18,0,10000,1021,5.58,72,24,2.07,18,0,10000,1021,5.58,72,24,2.07,18,0,10000,1021,5.58,72,24,2.07,18,0,10000,1021,5.58,72,24,2.07,18,0,10000,1021,5.58,72,24,2.07,18,0,10000,1021,5.58,72,24,2.07,18,0,10000,1021,5.58,72,24,2.07,18,0,10000,1021,5.58,72,24,2.07,18,0,10000
1021,9.84,93,310,5.66,100,0,10000,3,0,26,1,1020,7.11,68,5,1.16,43,0,10000,1020,7.11,68,5,1.16,43,0,10000,1020,7.11,68,5,1.16,43,0,10000,1020,7.11,68,5,1.16,43,0,10000,1020,7.11,68,5,1.16,43,0,10000,1020,7.11,68,5,1.16,43,0,10000,1020,7.11,68,5,1.16,43,0,10000,1020,7.11,68,5,1.16,43,0,10000,1020,7.11,68,5,1.16,43,0,10000,1020,7.11,68,5,1.16,43,0,10000,1020,7.11,68,5,1.16,43,0,10000,1020,7.11,68,5,1.16,43,0,10000
1021,9.84,93,310,5.66,100,0,10000,6,0,26,1,1019,8.9,64,324,2.03,100,0,10000,1019,8.9,64,324,2.03,100,0,10000,1019,8.9,64,324,2.03,100,0,10000,1019,8.9,64,324,2.03,100,0,10000,1019,8.9,64,324,2.03,100,0,10000,1019,8.9,64,324,2.03,100,0,10000,1019,8.9,64,324,2.03,100,0,10000,1019,8.9,64,324,2.03,100,0,10000,1019,8.9,64,324,2.03,100,0,10000,1019,8.9,64,324,2.03,100,0,10000,1019,8.9,64,324,2.03,100,0,10000,1019,8.9,64,324,2.03,100,0,10000
1021,9.84,93,310,5.66,100,0,10000,9,0,26,1,1018,9.62,64,297,2.19,100,0,10000,1018,9.62,64,297,2.19,100,0,10000,1018,9.62,64,297,2.19,100,0,10000,1018,9.62,64,297,2.19,100,0,10000,1018,9.62,64,297,2.19,100,0,10000,1018,9.62,64,297,2.19,100,0,10000,1018,9.62,64,297,2.19,100,0,10000,1018,9.62,64,297,2.19,100,0,10000,1018,9.62,64,297,2.19,100,0,10000,1018,9.62,64,297,2.19,100,0,10000,1018,9.62,64,297,2.19,100,0,10000,1018,9.62,64,297,2.19,100,0,10000
1021,9.84,93,310,5.66,100,0,10000,12,0,26,1,1017,10.16,63,290,2.74,86,0,10000,1017,10.16,63,290,2.74,86,0,10000,1017,10.16,63,290,2.74,86,0,10000,1017,10.16,63,290,2.74,86,0,10000,1017,10.16,63,290,2.74,86,0,10000,1017,10.16,63,290,2.74,86,0,10000,1017,10.16,63,290,2.74,86,0,10000,1017,10.16,63,290,2.74,86,0,10000,1017,10.16,63,290,2.74,86,0,10000,1017,10.16,63,290,2.74,86,0,10000,1017,10.16,63,290,2.74,86,0,10000,1017,10.16,63,290,2.74,86,0,10000
1021,9.84,93,310,5.66,100,0,10000,15,0,26,1,1021,9.84,93,356,4.34,100,0,10000,1021,9.84,93,356,4.34,100,0,10000,1021,9.84,93,356,4.34,100,0,10000,1021,9.84,93,356,4.34,100,0,10000,1021,9.84,93,356,4.34,100,0,10000,1021,9.84,93,356,4.34,100,0,10000,1021,9.84,93,356,4.34,100,0,10000,1021,9.84,93,356,4.34,100,0,10000,1021,9.84,93,356,4.34,100,0,10000,1021,9.84,93,356,4.34,100,0,10000,1021,9.84,93,356,4.34,100,0,10000,1021,9.84,93,356,4.34,100,0,10000
1021,9.84,93,310,5.66,100,0,10000,18,0,26,1,1021,9.46,87,360,4.3,100,0,10000,1021,9.46,87,360,4.3,100,0,10000,1021,9.46,87,360,4.3,100,0,10000,1021,9.46,87,360,4.3,100,0,10000,1021,9.46,87,360,4.3,100,0,10000,1021,9.46,87,360,4.3,100,0,10000,1021,9.46,87,360,4.3,100,0,10000,1021,9.46,87,360,4.3,100,0,10000,1021,9.46,87,360,4.3,100,0,10000,1021,9.46,87,360,4.3,100,0,10000,1021,9.46,87,360,4.3,100,0,10000,1021,9.46,87,360,4.3,100,0,10000
1021,9.84,93,310,5.66,100,0,10000,21,0,26,1,1022,8.51,84,33,4.61,99,0,10000,1022,8.51,84,33,4.61,99,0,10000,1022,8.51,84,33,4.61,99,0,10000,1022,8.51,84,33,4.61,99,0,10000,1022,8.51,84,33,4.61,99,0,10000,1022,8.51,84,33,4.61,99,0,10000,1022,8.51,84,33,4.61,99,0,10000,1022,8.51,84,33,4.61,99,0,10000,1022,8.51,84,33,4.61,99,0,10000,1022,8.51,84,33,4.61,99,0,10000,1022,8.51,84,33,4.61,99,0,10000,1022,8.51,84,33,4.61,99,0,10000
1021,9.84,93,310,5.66,100,0,10000,0,0,27,1,1021,5.58,72,24,2.07,18,0,10000,1021,5.58,72,24,2.07,18,0,10000,1021,5.58,72,24,2.07,18,0,10000,1021,5.58,72,24,2.07,18,0,10000,1021,5.58,72,24,2.07,18,0,10000,1021,5.58,72,24,2.07,18,0,10000,1021,5.58,72,24,2.07,18,0,10000,1021,5.58,72,24,2.07,18,0,10000,1021,5.58,72,24,2.07,18,0,10000,1021,5.58,72,24,2.07,18,0,10000,1021,5.58,72,24,2.07,18,0,10000,1021,5.58,72,24,2.07,18,0,10000
1021,9.84,93,310,5.66,100,0,10000,3,0,27,1,1020,7.11,68,5,1.16,43,0,10000,1020,7.11,68,5,1.16,43,0,10000,1020,7.11,68,5,1.16,43,0,10000,1020,7.11,68,5,1.16,43,0,10000,1020,7.11,68,5,1.16,43,0,10000,1020,7.11,68,5,1.16,43,0,10000,1020,7.11,68,5,1.16,43,0,10000,1020,7.11,68,5,1.16,43,0,10000,1020,7.11,68,5,1.16,43,0,10000,1020,7.11,68,5,1.16,43,0,10000,1020,7.11,68,5,1.16,43,0,10000,1020,7.11,68,5,1.16,43,0,10000
1021,9.84,93,310,5.66,100,0,10000,6,0,27,1,1019,8.9,64,324,2.03,100,0,10000,1019,8.9,64,324,2.03,100,0,10000,1019,8.9,64,324,2.03,100,0,10000,1019,8.9,64,324,2.03,100,0,10000,1019,8.9,64,324,2.03,100,0,10000,1019,8.9,64,324,2.03,100,0,10000,1019,8.9,64,324,2.03,100,0,10000,1019,8.9,64,324,2.03,100,0,10000,1019,8.9,64,324,2.03,100,0,10000,1019,8.9,64,324,2.03,100,0,10000,1019,8.9,64,324,2.03,100,0,10000,1019,8.9,64,324,2.03,100,0,10000
1021,9.84,93,310,5.66,100,0,10000,9,0,27,1,1018,9.62,64,297,2.19,100,0,10000,1018,9.62,64,297,2.19,100,0,10000,1018,9.62,64,297,2.19,100,0,10000,1018,9.62,64,297,2.19,100,0,10000,1018,9.62,64,297,2.19,100,0,10000,1018,9.62,64,297,2.19,100,0,10000,1018,9.62,64,297,2.19,100,0,10000,1018,9.62,64,297,2.19,100,0,10000,1018,9.62,64,297,2.19,100,0,10000,1018,9.62,64,297,2.19,100,0,10000,1018,9.62,64,297,2.19,100,0,10000,1018,9.62,64,297,2.19,100,0,10000
1021,9.84,93,310,5.66,100,0,10000,12,0,27,1,1017,10.16,63,290,2.74,86,0,10000,1017,10.16,63,290,2.74,86,0,10000,1017,10.16,63,290,2.74,86,0,10000,1017,10.16,63,290,2.74,86,0,10000,1017,10.16,63,290,2.74,86,0,10000,1017,10.16,63,290,2.74,86,0,10000,1017,10.16,63,290,2.74,86,0,10000,1017,10.16,63,290,2.74,86,0,10000,1017,10.16,63,290,2.74,86,0,10000,1017,10.16,63,290,2.74,86,0,10000,1017,10.16,63,290,2.74,86,0,10000,1017,10.16,63,290,2.74,86,0,10000
1021,9.84,93,310,5.66,100,0,10000,15,0,27,1,1021,9.84,93,356,4.34,100,0,10000,1021,9.84,93,356,4.34,100,0,10000,1021,9.84,93,356,4.34,100,0,10000,1021,9.84,93,356,4.34,100,0,10000,1021,9.84,93,356,4.34,100,0,10000,1021,9.84,93,356,4.34,100,0,10000,1021,9.84,93,356,4.34,100,0,10000,1021,9.84,93,356,4.34,100,0,10000,1021,9.84,93,356,4.34,100,0,10000,1021,9.84,93,356,4.34,100,0,10000,1021,9.84,93,356,4.34,100,0,10000,1021,9.84,93,356,4.34,100,0,10000
1021,9.84,93,310,5.66,100,0,10000,18,0,27,1,1021,9.46,87,360,4.3,100,0,10000,1021,9.46,87,360,4.3,100,0,10000,1021,9.46,87,360,4.3,100,0,10000,1021,9.46,87,360,4.3,100,0,10000,1021,9.46,87,360,4.3,100,0,10000,1021,9.46,87,360,4.3,100,0,10000,1021,9.46,87,360,4.3,100,0,10000,1021,9.46,87,360,4.3,100,0,10000,1021,9.46,87,360,4.3,100,0,10000,1021,9.46,87,360,4.3,100,0,10000,1021,9.46,87,360,4.3,100,0,10000,1021,9.46,87,360,4.3,100,0,10000
1021,9.84,93,310,5.66,100,0,10000,21,0,27,1,1022,8.51,84,33,4.61,99,0,10000,1022,8.51,84,33,4.61,99,0,10000,1022,8.51,84,33,4.61,99,0,10000,1022,8.51,84,33,4.61,99,0,10000,1022,8.51,84,33,4.61,99,0,10000,1022,8.51,84,33,4.61,99,0,10000,1022,8.51,84,33,4.61,99,0,10000,1022,8.51,84,33,4.61,99,0,10000,1022,8.51,84,33,4.61,99,0,10000,1022,8.51,84,33,4.61,99,0,10000,1022,8.51,84,33,4.61,99,0,10000,1022,8.51,84,33,4.61,99,0,10000
1021,9.84,93,310,5.66,100,0,10000,0,0,28,1,1021,5.58,72,24,2.07,18,0,10000,1021,5.58,72,24,2.07,18,0,10000,1021,5.58,72,24,2.07,18,0,10000,1021,5.58,72,24,2.07,18,0,10000,1021,5.58,72,24,2.07,18,0,10000,1021,5.58,72,24,2.07,18,0,10000,1021,5.58,72,24,2.07,18,0,10000,1021,5.58,72,24,2.07,18,0,10000,1021,5.58,72,24,2.07,18,0,10000,1021,5.58,72,24,2.07,18,0,10000,1021,5.58,72,24,2.07,18,0,10000,1021,5.58,72,24,2.07,18,0,10000
1021,9.84,93,310,5.66,100,0,10000,3,0,28,1,1020,7.11,68,5,1.16,43,0,10000,1020,7.11,68,5,1.16,43,0,10000,1020,7.11,68,5,1.16,43,0,10000,1020,7.11,68,5,1.16,43,0,10000,1020,7.11,68,5,1.16,43,0,10000,1020,7.11,68,5,1.16,43,0,10000,1020,7.11,68,5,1.16,43,0,10000,1020,7.11,68,5,1.16,43,0,10000,1020,7.11,68,5,1.16,43,0,10000,1020,7.11,68,5,1.16,43,0,10000,1020,7.11,68,5,1.16,43,0,10000,1020,7.11,68,5,1.16,43,0,10000
1021,9.84,93,310,5.66,100,0,10000,6,0,28,1,1019,8.9,64,324,2.03,100,0,10000,1019,8.9,64,324,2.03,100,0,10000,1019,8.9,64,324,2.03,100,0,10000,1019,8.9,64,324,2.03,100,0,10000,1019,8.9,64,324,2.03,100,0,10000,1019,8.9,64,324,2.03,100,0,10000,1019,8.9,64,324,2.03,100,0,10000,1019,8.9,64,324,2.03,100,0,10000,1019,8.9,64,324,2.03,100,0,10000,1019,8.9,64,324,2.03,100,0,10000,1019,8.9,64,324,2.03,100,0,10000,1019,8.9,64,324,2.03,100,0,10000
1021,9.84,93,310,5.66,100,0,10000,9,0,28,1,1018,9.62,64,297,2.19,100,0,10000,1018,9.62,64,297,2.19,100,0,10000,1018,9.62,64,297,2.19,100,0,10000,1018,9.62,64,297,2.19,100,0,10000,1018,9.62,64,297,2.19,100,0,10000,1018,9.62,64,297,2.19,100,0,10000,1018,9.62,64,297,2.19,100,0,10000,1018,9.62,64,297,2.19,100,0,10000,1018,9.62,64,297,2.19,100,0,10000,1018,9.62,64,297,2.19,100,0,10000,1018,9.62,64,297,2.19,100,0,10000,1018,9.62,64,297,2.19,100,0,10000
1021,9.84,93,310,5.66,100,0,10000,12,0,28,1,1017,10.16,63,290,2.74,86,0,10000,1017,10.16,63,290,2.74,86,0,10000,1017,10.16,63,290,2.74,86,0,10000,1017,10.16,63,290,2.74,86,0,10000,1017,10.16,63,290,2.74,86,0,10000,1017,10.16,63,290,2.74,86,0,10000,1017,10.16,63,290,2.74,86,0,10000,1017,10.16,63,290,2.74,86,0,10000,1017,10.16,63,290,2.74,86,0,10000,1017,10.16,63,290,2.74,86,0,10000,1017,10.16,63,290,2.74,86,0,10000,1017,10.16,63,290,2.74,86,0,10000
1021,9.84,93,310,5.66,100,0,10000,15,0,28,1,1021,9.84,93,356,4.34,100,0,10000,1021,9.84,93,356,4.34,100,0,10000,1021,9.84,93,356,4.34,100,0,10000,1021,9.84,93,356,4.34,100,0,10000,1021,9.84,93,356,4.34,100,0,10000,1021,9.84,93,356,4.34,100,0,10000,1021,9.84,93,356,4.34,100,0,10000,1021,9.84,93,356,4.34,100,0,10000,1021,9.84,93,356,4.34,100,0,10000,1021,9.84,93,356,4.34,100,0,10000,1021,9.84,93,356,4.34,100,0,10000,1021,9.84,93,356,4.34,100,0,10000
1021,9.84,93,310,5.66,100,0,10000,18,0,28,1,1021,9.46,87,360,4.3,100,0,10000,1021,9.46,87,360,4.3,100,0,10000,1021,9.46,87,360,4.3,100,0,10000,1021,9.46,87,360,4.3,100,0,10000,1021,9.46,87,360,4.3,100,0,10000,1021,9.46,87,360,4.3,100,0,10000,1021,9.46,87,360,4.3,100,0,10000,1021,9.46,87,360,4.3,100,0,10000,1021,9.46,87,360,4.3,100,0,10000,1021,9.46,87,360,4.3,100,0,10000,1021,9.46,87,360,4.3,100,0,10000,1021,9.46,87,360,4.3,100,0,10000
1021,9.84,93,310,5.66,100,0,10000,21,0,28,1,1022,8.51,84,33,4.61,99,0,10000,1022,8.51,84,33,4.61,99,0,10000,1022,8.51,84,33,4.61,99,0,10000,1022,8.51,84,33,4.61,99,0,10000,1022,8.51,84,33,4.61,99,0,10000,1022,8.51,84,33,4.61,99,0,10000,1022,8.51,84,33,4.61,99,0,10000,1022,8.51,84,33,4.61,99,0,10000,1022,8.51,84,33,4.61,99,0,10000,1022,8.51,84,33,4.61,99,0,10000,1022,8.51,84,33,4.61,99,0,10000,1022,8.51,84,33,4.61,99,0,10000
1021,9.84,93,310,5.66,100,0,10000,0,0,29,1,1021,5.58,72,24,2.07,18,0,10000,1021,5.58,72,24,2.07,18,0,10000,1021,5.58,72,24,2.07,18,0,10000,1021,5.58,72,24,2.07,18,0,10000,1021,5.58,72,24,2.07,18,0,10000,1021,5.58,72,24,2.07,18,0,10000,1021,5.58,72,24,2.07,18,0,10000,1021,5.58,72,24,2.07,18,0,10000,1021,5.58,72,24,2.07,18,0,10000,1021,5.58,72,24,2.07,18,0,10000,1021,5.58,72,24,2.07,18,0,10000,1021,5.58,72,24,2.07,18,0,10000
1021,9.84,93,310,5.66,100,0,10000,3,0,29,1,1020,7.11,68,5,1.16,43,0,10000,1020,7.11,68,5,1.16,43,0,10000,1020,7.11,68,5,1.16,43,0,10000,1020,7.11,68,5,1.16,43,0,10000,1020,7.11,68,5,1.16,43,0,10000,1020,7.11,68,5,1.16,43,0,10000,1020,7.11,68,5,1.16,43,0,10000,1020,7.11,68,5,1.16,43,0,10000,1020,7.11,68,5,1.16,43,0,10000,1020,7.11,68,5,1.16,43,0,10000,1020,7.11,68,5,1.16,43,0,10000,1020,7.11,68,5,1.16,43,0,10000
1021,9.84,93,310,5.66,100,0,10000,6,0,29,1,1019,8.9,64,324,2.03,100,0,10000,1019,8.9,64,324,2.03,100,0,10000,1019,8.9,64,324,2.03,100,0,10000,1019,8.9,64,324,2.03,100,0,10000,1019,8.9,64,324,2.03,100,0,10000,1019,8.9,64,324,2.03,100,0,10000,1019,8.9,64,324,2.03,100,0,10000,1019,8.9,64,324,2.03,100,0,10000,1019,8.9,64,324,2.03,100,0,10000,1019,8.9,64,324,2.03,100,0,10000,1019,8.9,64,324,2.03,100,0,10000,1019,8.9,64,324,2.03,100,0,10000
1021,9.84,93,310,5.66,100,0,10000,9,0,29,1,1018,9.62,64,297,2.19,100,0,10000,1018,9.62,64,297,2.19,100,0,10000,1018,9.62,64,297,2.19,100,0,10000,1018,9.62,64,297,2.19,100,0,10000,1018,9.62,64,297,2.19,100,0,10000,1018,9.62,64,297,2.19,100,0,10000,1018,9.62,64,297,2.19,100,0,10000,1018,9.62,64,297,2.19,100,0,10000,1018,9.62,64,297,2.19,100,0,10000,1018,9.62,64,297,2.19,100,0,10000,1018,9.62,64,297,2.19,100,0,10000,1018,9.62,64,297,2.19,100,0,10000
1021,9.84,93,310,5.66,100,0,10000,12,0,29,1,1017,10.16,63,290,2.74,86,0,10000,1017,10.16,63,290,2.74,86,0,10000,1017,10.16,63,290,2.74,86,0,10000,1017,10.16,63,290,2.74,86,0,10000,1017,10.16,63,290,2.74,86,0,10000,1017,10.16,63,290,2.74,86,0,10000,1017,10.16,63,290,2.74,86,0,10000,1017,10.16,63,290,2.74,86,0,10000,1017,10.16,63,290,2.74,86,0,10000,1017,10.16,63,290,2.74,86,0,10000,1017,10.16,63,290,2.74,86,0,10000,1017,10.16,63,290,2.74,86,0,10000
1021,9.84,93,310,5.66,100,0,10000,15,0,29,1,1021,9.84,93,356,4.34,100,0,10000,1021,9.84,93,356,4.34,100,0,10000,1021,9.84,93,356,4.34,100,0,10000,1021,9.84,93,356,4.34,100,0,10000,1021,9.84,93,356,4.34,100,0,10000,1021,9.84,93,356,4.34,100,0,10000,1021,9.84,93,356,4.34,100,0,10000,1021,9.84,93,356,4.34,100,0,10000,1021,9.84,93,356,4.34,100,0,10000,1021,9.84,93,356,4.34,100,0,10000,1021,9.84,93,356,4.34,100,0,10000,1021,9.84,93,356,4.34,100,0,10000
1021,9.84,93,310,5.66,100,0,10000,18,0,29,1,1021,9.46,87,360,4.3,100,0,10000,1021,9.46,87,360,4.3,100,0,10000,1021,9.46,87,360,4.3,100,0,10000,1021,9.46,87,360,4.3,100,0,10000,1021,9.46,87,360,4.3,100,0,10000,1021,9.46,87,360,4.3,100,0,10000,1021,9.46,87,360,4.3,100,0,10000,1021,9.46,87,360,4.3,100,0,10000,1021,9.46,87,360,4.3,100,0,10000,1021,9.46,87,360,4.3,100,0,10000,1021,9.46,87,360,4.3,100,0,10000,1021,9.46,87,360,4.3,100,0,10000
1021,9.84,93,310,5.66,100,0,10000,21,0,29,1,1022,8.51,84,33,4.61,99,0,10000,1022,8.51,84,33,4.61,99,0,10000,1022,8.51,84,33,4.61,99,0,10000,1022,8.51,84,33,4.61,99,0,10000,1022,8.51,84,33,4.61,99,0,10000,1022,8.51,84,33,4.61,99,0,10000,1022,8.51,84,33,4.61,99,0,10000,1022,8.51,84,33,4.61,99,0,10000,1022,8.51,84,33,4.61,99,0,10000,1022,8.51,84,33,4.61,99,0,10000,1022,8.51,84,33,4.61,99,0,10000,1022,8.51,84,33,4.61,99,0,10000
1021,9.84,93,310,5.66,100,0,10000,0,0,30,1,1021,5.58,72,24,2.07,18,0,10000,1021,5.58,72,24,2.07,18,0,10000,1021,5.58,72,24,2.07,18,0,10000,1021,5.58,72,24,2.07,18,0,10000,1021,5.58,72,24,2.07,18,0,10000,1021,5.58,72,24,2.07,18,0,10000,1021,5.58,72,24,2.07,18,0,10000,1021,5.58,72,24,2.07,18,0,10000,1021,5.58,72,24,2.07,18,0,10000,1021,5.58,72,24,2.07,18,0,10000,1021,5.58,72,24,2.07,18,0,10000,1021,5.58,72,24,2.07,18,0,10000
1021,9.84,93,310,5.66,100,0,10000,3,0,30,1,1020,7.11,68,5,1.16,43,0,10000,1020,7.11,68,5,1.16,43,0,10000,1020,7.11,68,5,1.16,43,0,10000,1020,7.11,68,5,1.16,43,0,10000,1020,7.11,68,5,1.16,43,0,10000,1020,7.11,68,5,1.16,43,0,10000,1020,7.11,68,5,1.16,43,0,10000,1020,7.11,68,5,1.16,43,0,10000,1020,7.11,68,5,1.16,43,0,10000,1020,7.11,68,5,1.16,43,0,10000,1020,7.11,68,5,1.16,43,0,10000,1020,7.11,68,5,1.16,43,0,10000
1021,9.84,93,310,5.66,100,0,10000,6,0,30,1,1019,8.9,64,324,2.03,100,0,10000,1019,8.9,64,324,2.03,100,0,10000,1019,8.9,64,324,2.03,100,0,10000,1019,8.9,64,324,2.03,100,0,10000,1019,8.9,64,324,2.03,100,0,10000,1019,8.9,64,324,2.03,100,0,10000,1019,8.9,64,324,2.03,100,0,10000,1019,8.9,64,324,2.03,100,0,10000,1019,8.9,64,324,2.03,100,0,10000,1019,8.9,64,324,2.03,100,0,10000,1019,8.9,64,324,2.03,100,0,10000,1019,8.9,64,324,2.03,100,0,10000
1021,9.84,93,310,5.66,100,0,10000,9,0,30,1,1018,9.62,64,297,2.19,100,0,10000,1018,9.62,64,297,2.19,100,0,10000,1018,9.62,64,297,2.19,100,0,10000,1018,9.62,64,297,2.19,100,0,10000,1018,9.62,64,297,2.19,100,0,10000,1018,9.62,64,297,2.19,100,0,10000,1018,9.62,64,297,2.19,100,0,10000,1018,9.62,64,297,2.19,100,0,10000,1018,9.62,64,297,2.19,100,0,10000,1018,9.62,64,297,2.19,100,0,10000,1018,9.62,64,297,2.19,100,0,10000,1018,9.62,64,297,2.19,100,0,10000
1021,9.84,93,310,5.66,100,0,10000,12,0,30,1,1017,10.16,63,290,2.74,86,0,10000,1017,10.16,63,290,2.74,86,0,10000,1017,10.16,63,290,2.74,86,0,10000,1017,10.16,63,290,2.74,86,0,10000,1017,10.16,63,290,2.74,86,0,10000,1017,10.16,63,290,2.74,86,0,10000,1017,10.16,63,290,2.74,86,0,10000,1017,10.16,63,290,2.74,86,0,10000,1017,10.16,63,290,2.74,86,0,10000,1017,10.16,63,290,2.74,86,0,10000,1017,10.16,63,290,2.74,86,0,10000,1017,10.16,63,290,2.74,86,0,10000
1021,9.84,93,310,5.66,100,0,10000,15,0,30,1,1021,9.84,93,356,4.34,100,0,10000,1021,9.84,93,356,4.34,100,0,10000,1021,9.84,93,356,4.34,100,0,10000,1021,9.84,93,356,4.34,100,0,10000,1021,9.84,93,356,4.34,100,0,10000,1021,9.84,93,356,4.34,100,0,10000,1021,9.84,93,356,4.34,100,0,10000,1021,9.84,93,356,4.34,100,0,10000,1021,9.84,93,356,4.34,100,0,10000,1021,9.84,93,356,4.34,100,0,10000,1021,9.84,93,356,4.34,100,0,10000,1021,9.84,93,356,4.34,100,0,10000
1021,9.84,93,310,5.66,100,0,10000,18,0,30,1,1021,9.46,87,360,4.3,100,0,10000,1021,9.46,87,360,4.3,100,0,10000,1021,9.46,87,360,4.3,100,0,10000,1021,9.46,87,360,4.3,100,0,10000,1021,9.46,87,360,4.3,100,0,10000,1021,9.46,87,360,4.3,100,0,10000,1021,9.46,87,360,4.3,100,0,10000,1021,9.46,87,360,4.3,100,0,10000,1021,9.46,87,360,4.3,100,0,10000,1021,9.46,87,360,4.3,100,0,10000,1021,9.46,87,360,4.3,100,0,10000,1021,9.46,87,360,4.3,100,0,10000
1021,9.84,93,310,5.66,100,0,10000,21,0,30,1,1022,8.51,84,33,4.61,99,0,10000,1022,8.51,84,33,4.61,99,0,10000,1022,8.51,84,33,4.61,99,0,10000,1022,8.51,84,33,4.61,99,0,10000,1022,8.51,84,33,4.61,99,0,10000,1022,8.51,84,33,4.61,99,0,10000,1022,8.51,84,33,4.61,99,0,10000,1022,8.51,84,33,4.61,99,0,10000,1022,8.51,84,33,4.61,99,0,10000,1022,8.51,84,33,4.61,99,0,10000,1022,8.51,84,33,4.61,99,0,10000,1022,8.51,84,33,4.61,99,0,10000
1021,9.84,93,310,5.66,100,0,10000,0,0,31,1,1021,5.58,72,24,2.07,18,0,10000,1021,5.58,72,24,2.07,18,0,10000,1021,5.58,72,24,2.07,18,0,10000,1021,5.58,72,24,2.07,18,0,10000,1021,5.58,72,24,2.07,18,0,10000,1021,5.58,72,24,2.07,18,0,10000,1021,5.58,72,24,2.07,18,0,10000,1021,5.58,72,24,2.07,18,0,10000,1021,5.58,72,24,2.07,18,0,10000,1021,5.58,72,24,2.07,18,0,10000,1021,5.58,72,24,2.07,18,0,10000,1021,5.58,72,24,2.07,18,0,10000
1021,9.84,93,310,5.66,100,0,10000,3,0,31,1,1020,7.11,68,5,1.16,43,0,10000,1020,7.11,68,5,1.16,43,0,10000,1020,7.11,68,5,1.16,43,0,10000,1020,7.11,68,5,1.16,43,0,10000,1020,7.11,68,5,1.16,43,0,10000,1020,7.11,68,5,1.16,43,0,10000,1020,7.11,68,5,1.16,43,0,10000,1020,7.11,68,5,1.16,43,0,10000,1020,7.11,68,5,1.16,43,0,10000,1020,7.11,68,5,1.16,43,0,10000,1020,7.11,68,5,1.16,43,0,10000,1020,7.11,68,5,1.16,43,0,10000
1021,9.84,93,310,5.66,100,0,10000,6,0,31,1,1019,8.9,64,324,2.03,100,0,10000,1019,8.9,64,324,2.03,100,0,10000,1019,8.9,64,324,2.03,100,0,10000,1019,8.9,64,324,2.03,100,0,10000,1019,8.9,64,324,2.03,100,0,10000,1019,8.9,64,324,2.03,100,0,10000,1019,8.9,64,324,2.03,100,0,10000,1019,8.9,64,324,2.03,100,0,10000,1019,8.9,64,324,2.03,100,0,10000,1019,8.9,64,324,2.03,100,0,10000,1019,8.9,64,324,2.03,100,0,10000,1019,8.9,64,324,2.03,100,0,10000
1021,9.84,93,310,5.66,100,0,10000,9,0,31,1,1018,9.62,64,297,2.19,100,0,10000,1018,9.62,64,297,2.19,100,0,10000,1018,9.62,64,297,2.19,100,0,10000,1018,9.62,64,297,2.19,100,0,10000,1018,9.62,64,297,2.19,100,0,10000,1018,9.62,64,297,2.19,100,0,10000,1018,9.62,64,297,2.19,100,0,10000,1018,9.62,64,297,2.19,100,0,10000,1018,9.62,64,297,2.19,100,0,10000,1018,9.62,64,297,2.19,100,0,10000,1018,9.62,64,297,2.19,100,0,10000,1018,9.62,64,297,2.19,100,0,10000
1021,9.84,93,310,5.66,100,0,10000,12,0,31,1,1017,10.16,63,290,2.74,86,0,10000,1017,10.16,63,290,2.74,86,0,10000,1017,10.16,63,290,2.74,86,0,10000,1017,10.16,63,290,2.74,86,0,10000,1017,10.16,63,290,2.74,86,0,10000,1017,10.16,63,290,2.74,86,0,10000,1017,10.16,63,290,2.74,86,0,10000,1017,10.16,63,290,2.74,86,0,10000,1017,10.16,63,290,2.74,86,0,10000,1017,10.16,63,290,2.74,86,0,10000,1017,10.16,63,290,2.74,86,0,10000,1017,10.16,63,290,2.74,86,0,10000
1021,9.84,93,310,5.66,100,0,10000,15,0,31,1,1021,9.84,93,356,4.34,100,0,10000,1021,9.84,93,356,4.34,100,0,10000,1021,9.84,93,356,4.34,100,0,10000,1021,9.84,93,356,4.34,100,0,10000,1021,9.84,93,356,4.34,100,0,10000,1021,9.84,93,356,4.34,100,0,10000,1021,9.84,93,356,4.34,100,0,10000,1021,9.84,93,356,4.34,100,0,10000,1021,9.84,93,356,4.34,100,0,10000,1021,9.84,93,356,4.34,100,0,10000,1021,9.84,93,356,4.34,100,0,10000,1021,9.84,93,356,4.34,100,0,10000
1021,9.84,93,310,5.66,100,0,10000,18,0,31,1,1021,9.46,87,360,4.3,100,0,10000,1021,9.46,87,360,4.3,100,0,10000,1021,9.46,87,360,4.3,100,0,10000,1021,9.46,87,360,4.3,100,0,10000,1021,9.46,87,360,4.3,100,0,10000,1021,9.46,87,360,4.3,100,0,10000,1021,9.46,87,360,4.3,100,0,10000,1021,9.46,87,360,4.3,100,0,10000,1021,9.46,87,360,4.3,100,0,10000,1021,9.46,87,360,4.3,100,0,10000,1021,9.46,87,360,4.3,100,0,10000,1021,9.46,87,360,4.3,100,0,10000
1021,9.84,93,310,5.66,100,0,10000,21,0,31,1,1022,8.51,84,33,4.61,99,0,10000,1022,8.51,84,33,4.61,99,0,10000,1022,8.51,84,33,4.61,99,0,10000,1022,8.51,84,33,4.61,99,0,10000,1022,8.51,84,33,4.61,99,0,10000,1022,8.51,84,33,4.61,99,0,10000,1022,8.51,84,33,4.61,99,0,10000,1022,8.51,84,33,4.61,99,0,10000,1022,8.51,84,33,4.61,99,0,10000,1022,8.51,84,33,4.61,99,0,10000,1022,8.51,84,33,4.61,99,0,10000,1022,8.51,84,33,4.61,99,0,10000
1021,9.84,93,310,5.66,100,0,10000,0,0,1,2,1021,5.58,72,24,2.07,18,0,10000,1021,5.58,72,24,2.07,18,0,10000,1021,5.58,72,24,2.07,18,0,10000,1021,5.58,72,24,2.07,18,0,10000,1021,5.58,72,24,2.07,18,0,10000,1021,5.58,72,24,2.07,18,0,10000,1021,5.58,72,24,2.07,18,0,10000,1021,5.58,72,24,2.07,18,0,10000,1021,5.58,72,24,2.07,18,0,10000,1021,5.58,72,24,2.07,18,0,10000,1021,5.58,72,24,2.07,18,0,10000,1021,5.58,72,24,2.07,18,0,10000
1021,9.84,93,310,5.66,100,0,10000,3,0,1,2,1020,7.11,68,5,1.16,43,0,10000,1020,7.11,68,5,1.16,43,0,10000,1020,7.11,68,5,1.16,43,0,10000,1020,7.11,68,5,1.16,43,0,10000,1020,7.11,68,5,1.16,43,0,10000,1020,7.11,68,5,1.16,43,0,10000,1020,7.11,68,5,1.16,43,0,10000,1020,7.11,68,5,1.16,43,0,10000,1020,7.11,68,5,1.16,43,0,10000,1020,7.11,68,5,1.16,43,0,10000,1020,7.11,68,5,1.16,43,0,10000,1020,7.11,68,5,1.16,43,0,10000
1021,9.84,93,310,5.66,100,0,10000,6,0,1,2,1019,8.9,64,324,2.03,100,0,10000,1019,8.9,64,324,2.03,100,0,10000,1019,8.9,64,324,2.03,100,0,10000,1019,8.9,64,324,2.03,100,0,10000,1019,8.9,64,324,2.03,100,0,10000,1019,8.9,64,324,2.03,100,0,10000,1019,8.9,64,324,2.03,100,0,10000,1019,8.9,64,324,2.03,100,0,10000,1019,8.9,64,324,2.03,100,0,10000,1019,8.9,64,324,2.03,100,0,10000,1019,8.9,64,324,2.03,100,0,10000,1019,8.9,64,324,2.03,100,0,10000
1021,9.84,93,310,5.66,100,0,10000,9,0,1,2,1018,9.62,64,297,2.19,100,0,10000,1018,9.62,64,297,2.19,100,0,10000,1018,9.62,64,297,2.19,100,0,10000,1018,9.62,64,297,2.19,100,0,10000,1018,9.62,64,297,2.19,100,0,10000,1018,9.62,64,297,2.19,100,0,10000,1018,9.62,64,297,2.19,100,0,10000,1018,9.62,64,297,2.19,100,0,10000,1018,9.62,64,297,2.19,100,0,10000,1018,9.62,64,297,2.19,100,0,10000,1018,9.62,64,297,2.19,100,0,10000,1018,9.62,64,297,2.19,100,0,10000
1021,9.84,93,310,5.66,100,0,10000,12,0,1,2,1017,10.16,63,290,2.74,86,0,10000,1017,10.16,63,290,2.74,86,0,10000,1017,10.16,63,290,2.74,86,0,10000,1017,10.16,63,290,2.74,86,0,10000,1017,10.16,63,290,2.74,86,0,10000,1017,10.16,63,290,2.74,86,0,10000,1017,10.16,63,290,2.74,86,0,10000,1017,10.16,63,290,2.74,86,0,10000,1017,10.16,63,290,2.74,86,0,10000,1017,10.16,63,290,2.74,86,0,10000,1017,10.16,63,290,2.74,86,0,10000,1017,10.16,63,290,2.74,86,0,10000
1021,9.84,93,310,5.66,100,0,10000,15,0,1,2,1021,9.84,93,356,4.34,100,0,10000,1021,9.84,93,356,4.34,100,0,10000,1021,9.84,93,356,4.34,100,0,10000,1021,9.84,93,356,4.34,100,0,10000,1021,9.84,93,356,4.34,100,0,10000,1021,9.84,93,356,4.34,100,0,10000,1021,9.84,93,356,4.34,100,0,10000,1021,9.84,93,356,4.34,100,0,10000,1021,9.84,93,356,4.34,100,0,10000,1021,9.84,93,356,4.34,100,0,10000,1021,9.84,93,356,4.34,100,0,10000,1021,9.84,93,356,4.34,100,0,10000
1021,9.84,93,310,5.66,100,0,10000,18,0,1,2,1021,9.46,87,360,4.3,100,0,10000,1021,9.46,87,360,4.3,100,0,10000,1021,9.46,87,360,4.3,100,0,10000,1021,9.46,87,360,4.3,100,0,10000,1021,9.46,87,360,4.3,100,0,10000,1021,9.46,87,360,4.3,100,0,10000,1021,9.46,87,360,4.3,100,0,10000,1021,9.46,87,360,4.3,100,0,10000,1021,9.46,87,360,4.3,100,0,10000,1021,9.46,87,360,4.3,100,0,10000,1021,9.46,87,360,4.3,100,0,10000,1021,9.46,87,360,4.3,100,0,10000
1021,9.84,93,310,5.66,100,0,10000,21,0,1,2,1022,8.51,84,33,4.61,99,0,10000,1022,8.51,84,33,4.61,99,0,10000,1022,8.51,84,33,4.61,99,0,10000,1022,8.51,84,33,4.61,99,0,10000,1022,8.51,84,33,4.61,99,0,10000,1022,8.51,84,33,4.61,99,0,10000,1022,8.51,84,33,4.61,99,0,10000,1022,8.51,84,33,4.61,99,0,10000,1022,8.51,84,33,4.61,99,0,10000,1022,8.51,84,33,4.61,99,0,10000,1022,8.51,84,33,4.61,99,0,10000,1022,8.51,84,33,4.61,99,0,10000
1021,9.84,93,310,5.66,100,0,10000,0,0,2,2,1021,5.58,72,24,2.07,18,0,10000,1021,5.58,72,24,2.07,18,0,10000,1021,5.58,72,24,2.07,18,0,10000,1021,5.58,72,24,2.07,18,0,10000,1021,5.58,72,24,2.07,18,0,10000,1021,5.58,72,24,2.07,18,0,10000,1021,5.58,72,24,2.07,18,0,10000,1021,5.58,72,24,2.07,18,0,10000,1021,5.58,72,24,2.07,18,0,10000,1021,5.58,72,24,2.07,18,0,10000,1021,5.58,72,24,2.07,18,0,10000,1021,5.58,72,24,2.07,18,0,10000
1021,9.84,93,310,5.66,100,0,10000,3,0,2,2,1020,7.11,68,5,1.16,43,0,10000,1020,7.11,68,5,1.16,43,0,10000,1020,7.11,68,5,1.16,43,0,10000,1020,7.11,68,5,1.16,43,0,10000,1020,7.11,68,5,1.16,43,0,10000,1020,7.11,68,5,1.16,43,0,10000,1020,7.11,68,5,1.16,43,0,10000,1020,7.11,68,5,1.16,43,0,10000,1020,7.11,68,5,1.16,43,0,10000,1020,7.11,68,5,1.16,43,0,10000,1020,7.11,68,5,1.16,43,0,10000,1020,7.11,68,5,1.16,43,0,10000
1021,9.84,93,310,5.66,100,0,10000,6,0,2,2,1019,8.9,64,324,2.03,100,0,10000,1019,8.9,64,324,2.03,100,0,10000,1019,8.9,64,324,2.03,100,0,10000,1019,8.9,64,324,2.03,100,0,10000,1019,8.9,64,324,2.03,100,0,10000,1019,8.9,64,324,2.03,100,0,10000,1019,8.9,64,324,2.03,100,0,10000,1019,8.9,64,324,2.03,100,0,10000,1019,8.9,64,324,2.03,100,0,10000,1019,8.9,64,324,2.03,100,0,10000,1019,8.9,64,324,2.03,100,0,10000,1019,8.9,64,324,2.03,100,0,10000
1021,9.84,93,310,5.66,100,0,10000,9,0,2,2,1018,9.62,64,297,2.19,100,0,10000,1018,9.62,64,297,2.19,100,0,10000,1018,9.62,64,297,2.19,100,0,10000,1018,9.62,64,297,2.19,100,0,10000,1018,9.62,64,297,2.19,100,0,10000,1018,9.62,64,297,2.19,100,0,10000,1018,9.62,64,297,2.19,100,0,10000,1018,9.62,64,297,2.19,100,0,10000,1018,9.62,64,297,2.19,100,0,10000,1018,9.62,64,297,2.19,100,0,10000,1018,9.62,64,297,2.19,100,0,10000,1018,9.62,64,297,2.19,100,0,10000
1021,9.84,93,310,5.66,100,0,10000,12,0,2,2,1017,10.16,63,290,2.74,86,0,10000,1017,10.16,63,290,2.74,86,0,10000,1017,10.16,63,290,2.74,86,0,10000,1017,10.16,63,290,2.74,86,0,10000,1017,10.16,63,290,2.74,86,0,10000,1017,10.16,63,290,2.74,86,0,10000,1017,10.16,63,290,2.74,86,0,10000,1017,10.16,63,290,2.74,86,0,10000,1017,10.16,63,290,2.74,86,0,10000,1017,10.16,63,290,2.74,86,0,10000,1017,10.16,63,290,2.74,86,0,10000,1017,10.16,63,290,2.74,86,0,10000
1021,9.84,93,310,5.66,100,0,10000,15,0,2,2,1021,9.84,93,356,4.34,100,0,10000,1021,9.84,93,356,4.34,100,0,10000,1021,9.84,93,356,4.34,100,0,10000,1021,9.84,93,356,4.34,100,0,10000,1021,9.84,93,356,4.34,100,0,10000,1021,9.84,93,356,4.34,100,0,10000,1021,9.84,93,356,4.34,100,0,10000,1021,9.84,93,356,4.34,100,0,10000,1021,9.84,93,356,4.34,100,0,10000,1021,9.84,93,356,4.34,100,0,10000,1021,9.84,93,356,4.34,100,0,10000,1021,9.84,93,356,4.34,100,0,10000
1021,9.84,93,310,5.66,100,0,10000,18,0,2,2,1021,9.46,87,360,4.3,100,0,10000,1021,9.46,87,360,4.3,100,0,10000,1021,9.46,87,360,4.3,100,0,10000,1021,9.46,87,360,4.3,100,0,10000,1021,9.46,87,360,4.3,100,0,10000,1021,9.46,87,360,4.3,100,0,10000,1021,9.46,87,360,4.3,100,0,10000,1021,9.46,87,360,4.3,100,0,10000,1021,9.46,87,360,4.3,100,0,10000,1021,9.46,87,360,4.3,100,0,10000,1021,9.46,87,360,4.3,100,0,10000,1021,9.46,87,360,4.3,100,0,10000
1021,9.84,93,310,5.66,100,0,10000,21,0,2,2,1022,8.51,84,33,4.61,99,0,10000,1022,8.51,84,33,4.61,99,0,10000,1022,8.51,84,33,4.61,99,0,10000,1022,8.51,84,33,4.61,99,0,10000,1022,8.51,84,33,4.61,99,0,10000,1022,8.51,84,33,4.61,99,0,10000,1022,8.51,84,33,4.61,99,0,10000,1022,8.51,84,33,4.61,99,0,10000,1022,8.51,84,33,4.61,99,0,10000,1022,8.51,84,33,4.61,99,0,10000,1022,8.51,84,33,4.61,99,0,10000,1022,8.51,84,33,4.61,99,0,10000
1021,9.84,93,310,5.66,100,0,10000,0,0,3,2,1021,5.58,72,24,2.07,18,0,10000,1021,5.58,72,24,2.07,18,0,10000,1021,5.58,72,24,2.07,18,0,10000,1021,5.58,72,24,2.07,18,0,10000,1021,5.58,72,24,2.07,18,0,10000,1021,5.58,72,24,2.07,18,0,10000,1021,5.58,72,24,2.07,18,0,10000,1021,5.58,72,24,2.07,18,0,10000,1021,5.58,72,24,2.07,18,0,10000,1021,5.58,72,24,2.07,18,0,10000,1021,5.58,72,24,2.07,18,0,10000,1021,5.58,72,24,2.07,18,0,10000
1021,9.84,93,310,5.66,100,0,10000,3,0,3,2,1020,7.11,68,5,1.16,43,0,10000,1020,7.11,68,5,1.16,43,0,10000,1020,7.11,68,5,1.16,43,0,10000,1020,7.11,68,5,1.16,43,0,10000,1020,7.11,68,5,1.16,43,0,10000,1020,7.11,68,5,1.16,43,0,10000,1020,7.11,68,5,1.16,43,0,10000,1020,7.11,68,5,1.16,43,0,10000,1020,7.11,68,5,1.16,43,0,10000,1020,7.11,68,5,1.16,43,0,10000,1020,7.11,68,5,1.16,43,0,10000,1020,7.11,68,5,1.16,43,0,10000
1021,9.84,93,310,5.66,100,0,10000,6,0,3,2,1019,8.9,64,324,2.03,100,0,10000,1019,8.9,64,324,2.03,100,0,10000,1019,8.9,64,324,2.03,100,0,10000,1019,8.9,64,324,2.03,100,0,10000,1019,8.9,64,324,2.03,100,0,10000,1019,8.9,64,324,2.03,100,0,10000,1019,8.9,64,324,2.03,100,0,10000,1019,8.9,64,324,2.03,100,0,10000,1019,8.9,64,324,2.03,100,0,10000,1019,8.9,64,324,2.03,100,0,10000,1019,8.9,64,324,2.03,100,0,10000,1019,8.9,64,324,2.03,100,0,10000
1021,9.84,93,310,5.66,100,0,10000,9,0,3,2,1018,9.62,64,297,2.19,100,0,10000,1018,9.62,64,297,2.19,100,0,10000,1018,9.62,64,297,2.19,100,0,10000,1018,9.62,64,297,2.19,100,0,10000,1018,9.62,64,297,2.19,100,0,10000,1018,9.62,64,297,2.19,100,0,10000,1018,9.62,64,297,2.19,100,0,10000,1018,9.62,64,297,2.19,100,0,10000,1018,9.62,64,297,2.19,100,0,10000,1018,9.62,64,297,2.19,100,0,10000,1018,9.62,64,297,2.19,100,0,10000,1018,9.62,64,297,2.19,100,0,10000
1021,9.84,93,310,5.66,100,0,10000,12,0,3,2,1017,10.16,63,290,2.74,86,0,10000,1017,10.16,63,290,2.74,86,0,10000,1017,10.16,63,290,2.74,86,0,10000,1017,10.16,63,290,2.74,86,0,10000,1017,10.16,63,290,2.74,86,0,10000,1017,10.16,63,290,2.74,86,0,10000,1017,10.16,63,290,2.74,86,0,10000,1017,10.16,63,290,2.74,86,0,10000,1017,10.16,63,290,2.74,86,0,10000,1017,10.16,63,290,2.74,86,0,10000,1017,10.16,63,290,2.74,86,0,10000,1017,10.16,63,290,2.74,86,0,10000
1021,9.84,93,310,5.66,100,0,10000,15,0,3,2,1021,9.84,93,356,4.34,100,0,10000,1021,9.84,93,356,4.34,100,0,10000,1021,9.84,93,356,4.34,100,0,10000,1021,9.84,93,356,4.34,100,0,10000,1021,9.84,93,356,4.34,100,0,10000,1021,9.84,93,356,4.34,100,0,10000,1021,9.84,93,356,4.34,100,0,10000,1021,9.84,93,356,4.34,100,0,10000,1021,9.84,93,356,4.34,100,0,10000,1021,9.84,93,356,4.34,100,0,10000,1021,9.84,93,356,4.34,100,0,10000,1021,9.84,93,356,4.34,100,0,10000
1021,9.84,93,310,5.66,100,0,10000,18,0,3,2,1021,9.46,87,360,4.3,100,0,10000,1021,9.46,87,360,4.3,100,0,10000,1021,9.46,87,360,4.3,100,0,10000,1021,9.46,87,360,4.3,100,0,10000,1021,9.46,87,360,4.3,100,0,10000,1021,9.46,87,360,4.3,100,0,10000,1021,9.46,87,360,4.3,100,0,10000,1021,9.46,87,360,4.3,100,0,10000,1021,9.46,87,360,4.3,100,0,10000,1021,9.46,87,360,4.3,100,0,10000,1021,9.46,87,360,4.3,100,0,10000,1021,9.46,87,360,4.3,100,0,10000
1021,9.84,93,310,5.66,100,0,10000,21,0,3,2,1022,8.51,84,33,4.61,99,0,10000,1022,8.51,84,33,4.61,99,0,10000,1022,8.51,84,33,4.61,99,0,10000,1022,8.51,84,33,4.61,99,0,10000,1022,8.51,84,33,4.61,99,0,10000,1022,8.51,84,33,4.61,99,0,10000,1022,8.51,84,33,4.61,99,0,10000,1022,8.51,84,33,4.61,99,0,10000,1022,8.51,84,33,4.61,99,0,10000,1022,8.51,84,33,4.61,99,0,10000,1022,8.51,84,33,4.61,99,0,10000,1022,8.51,84,33,4.61,99,0,10000
1021,9.84,93,310,5.66,100,0,10000,0,0,4,2,1021,5.58,72,24,2.07,18,0,10000,1021,5.58,72,24,2.07,18,0,10000,1021,5.58,72,24,2.07,18,0,10000,1021,5.58,72,24,2.07,18,0,10000,1021,5.58,72,24,2.07,18,0,10000,1021,5.58,72,24,2.07,18,0,10000,1021,5.58,72,24,2.07,18,0,10000,1021,5.58,72,24,2.07,18,0,10000,1021,5.58,72,24,2.07,18,0,10000,1021,5.58,72,24,2.07,18,0,10000,1021,5.58,72,24,2.07,18,0,10000,1021,5.58,72,24,2.07,18,0,10000
1021,9.84,93,310,5.66,100,0,10000,3,0,4,2,1020,7.11,68,5,1.16,43,0,10000,1020,7.11,68,5,1.16,43,0,10000,1020,7.11,68,5,1.16,43,0,10000,1020,7.11,68,5,1.16,43,0,10000,1020,7.11,68,5,1.16,43,0,10000,1020,7.11,68,5,1.16,43,0,10000,1020,7.11,68,5,1.16,43,0,10000,1020,7.11,68,5,1.16,43,0,10000,1020,7.11,68,5,1.16,43,0,10000,1020,7.11,68,5,1.16,43,0,10000,1020,7.11,68,5,1.16,43,0,10000,1020,7.11,68,5,1.16,43,0,10000
1021,9.84,93,310,5.66,100,0,10000,6,0,4,2,1019,8.9,64,324,2.03,100,0,10000,1019,8.9,64,324,2.03,100,0,10000,1019,8.9,64,324,2.03,100,0,10000,1019,8.9,64,324,2.03,100,0,10000,1019,8.9,64,324,2.03,100,0,10000,1019,8.9,64,324,2.03,100,0,10000,1019,8.9,64,324,2.03,100,0,10000,1019,8.9,64,324,2.03,100,0,10000,1019,8.9,64,324,2.03,100,0,10000,1019,8.9,64,324,2.03,100,0,10000,1019,8.9,64,324,2.03,100,0,10000,1019,8.9,64,324,2.03,100,0,10000
1021,9.84,93,310,5.66,100,0,10000,9,0,4,2,1018,9.62,64,297,2.19,100,0,10000,1018,9.62,64,297,2.19,100,0,10000,1018,9.62,64,297,2.19,100,0,10000,1018,9.62,64,297,2.19,100,0,10000,1018,9.62,64,297,2.19,100,0,10000,1018,9.62,64,297,2.19,100,0,10000,1018,9.62,64,297,2.19,100,0,10000,1018,9.62,64,297,2.19,100,0,10000,1018,9.62,64,297,2.19,100,0,10000,1018,9.62,64,297,2.19,100,0,10000,1018,9.62,64,297,2.19,100,0,10000,1018,9.62,64,297,2.19,100,0,10000
1021,9.84,93,310,5.66,100,0,10000,12,0,4,2,1017,10.16,63,290,2.74,86,0,10000,1017,10.16,63,290,2.74,86,0,10000,1017,10.16,63,290,2.74,86,0,10000,1017,10.16,63,290,2.74,86,0,10000,1017,10.16,63,290,2.74,86,0,10000,1017,10.16,63,290,2.74,86,0,10000,1017,10.16,63,290,2.74,86,0,10000,1017,10.16,63,290,2.74,86,0,10000,1017,10.16,63,290,2.74,86,0,10000,1017,10.16,63,290,2.74,86,0,10000,1017,10.16,63,290,2.74,86,0,10000,1017,10.16,63,290,2.74,86,0,10000
1021,9.84,93,310,5.66,100,0,10000,15,0,4,2,1021,9.84,93,356,4.34,100,0,10000,1021,9.84,93,356,4.34,100,0,10000,1021,9.84,93,356,4.34,100,0,10000,1021,9.84,93,356,4.34,100,0,10000,1021,9.84,93,356,4.34,100,0,10000,1021,9.84,93,356,4.34,100,0,10000,1021,9.84,93,356,4.34,100,0,10000,1021,9.84,93,356,4.34,100,0,10000,1021,9.84,93,356,4.34,100,0,10000,1021,9.84,93,356,4.34,100,0,10000,1021,9.84,93,356,4.34,100,0,10000,1021,9.84,93,356,4.34,100,0,10000
1021,9.84,93,310,5.66,100,0,10000,18,0,4,2,1021,9.46,87,360,4.3,100,0,10000,1021,9.46,87,360,4.3,100,0,10000,1021,9.46,87,360,4.3,100,0,10000,1021,9.46,87,360,4.3,100,0,10000,1021,9.46,87,360,4.3,100,0,10000,1021,9.46,87,360,4.3,100,0,10000,1021,9.46,87,360,4.3,100,0,10000,1021,9.46,87,360,4.3,100,0,10000,1021,9.46,87,360,4.3,100,0,10000,1021,9.46,87,360,4.3,100,0,10000,1021,9.46,87,360,4.3,100,0,10000,1021,9.46,87,360,4.3,100,0,10000
1021,9.84,93,310,5.66,100,0,10000,21,0,4,2,1022,8.51,84,33,4.61,99,0,10000,1022,8.51,84,33,4.61,99,0,10000,1022,8.51,84,33,4.61,99,0,10000,1022,8.51,84,33,4.61,99,0,10000,1022,8.51,84,33,4.61,99,0,10000,1022,8.51,84,33,4.61,99,0,10000,1022,8.51,84,33,4.61,99,0,10000,1022,8.51,84,33,4.61,99,0,10000,1022,8.51,84,33,4.61,99,0,10000,1022,8.51,84,33,4.61,99,0,10000,1022,8.51,84,33,4.61,99,0,10000,1022,8.51,84,33,4.61,99,0,10000
1021,9.84,93,310,5.66,100,0,10000,0,0,5,2,1021,5.58,72,24,2.07,18,0,10000,1021,5.58,72,24,2.07,18,0,10000,1021,5.58,72,24,2.07,18,0,10000,1021,5.58,72,24,2.07,18,0,10000,1021,5.58,72,24,2.07,18,0,10000,1021,5.58,72,24,2.07,18,0,10000,1021,5.58,72,24,2.07,18,0,10000,1021,5.58,72,24,2.07,18,0,10000,1021,5.58,72,24,2.07,18,0,10000,1021,5.58,72,24,2.07,18,0,10000,1021,5.58,72,24,2.07,18,0,10000,1021,5.58,72,24,2.07,18,0,10000
1021,9.84,93,310,5.66,100,0,10000,3,0,5,2,1020,7.11,68,5,1.16,43,0,10000,1020,7.11,68,5,1.16,43,0,10000,1020,7.11,68,5,1.16,43,0,10000,1020,7.11,68,5,1.16,43,0,10000,1020,7.11,68,5,1.16,43,0,10000,1020,7.11,68,5,1.16,43,0,10000,1020,7.11,68,5,1.16,43,0,10000,1020,7.11,68,5,1.16,43,0,10000,1020,7.11,68,5,1.16,43,0,10000,1020,7.11,68,5,1.16,43,0,10000,1020,7.11,68,5,1.16,43,0,10000,1020,7.11,68,5,1.16,43,0,10000
1021,9.84,93,310,5.66,100,0,10000,6,0,5,2,1019,8.9,64,324,2.03,100,0,10000,1019,8.9,64,324,2.03,100,0,10000,1019,8.9,64,324,2.03,100,0,10000,1019,8.9,64,324,2.03,100,0,10000,1019,8.9,64,324,2.03,100,0,10000,1019,8.9,64,324,2.03,100,0,10000,1019,8.9,64,324,2.03,100,0,10000,1019,8.9,64,324,2.03,100,0,10000,1019,8.9,64,324,2.03,100,0,10000,1019,8.9,64,324,2.03,100,0,10000,1019,8.9,64,324,2.03,100,0,10000,1019,8.9,64,324,2.03,100,0,10000
1021,9.84,93,310,5.66,100,0,10000,9,0,5,2,1018,9.62,64,297,2.19,100,0,10000,1018,9.62,64,297,2.19,100,0,10000,1018,9.62,64,297,2.19,100,0,10000,1018,9.62,64,297,2.19,100,0,10000,1018,9.62,64,297,2.19,100,0,10000,1018,9.62,64,297,2.19,100,0,10000,1018,9.62,64,297,2.19,100,0,10000,1018,9.62,64,297,2.19,100,0,10000,1018,9.62,64,297,2.19,100,0,10000,1018,9.62,64,297,2.19,100,0,10000,1018,9.62,64,297,2.19,100,0,10000,1018,9.62,64,297,2.19,100,0,10000
1021,9.84,93,310,5.66,100,0,10000,12,0,5,2,1017,10.16,63,290,2.74,86,0,10000,1017,10.16,63,290,2.74,86,0,10000,1017,10.16,63,290,2.74,86,0,10000,1017,10.16,63,290,2.74,86,0,10000,1017,10.16,63,290,2.74,86,0,10000,1017,10.16,63,290,2.74,86,0,10000,1017,10.16,63,290,2.74,86,0,10000,1017,10.16,63,290,2.74,86,0,10000,1017,10.16,63,290,2.74,86,0,10000,1017,10.16,63,290,2.74,86,0,10000,1017,10.16,63,290,2.74,86,0,10000,1017,10.16,63,290,2.74,86,0,10000
1021,9.84,93,310,5.66,100,0,10000,15,0,5,2,1021,9.84,93,356,4.34,100,0,10000,1021,9.84,93,356,4.34,100,0,10000,1021,9.84,93,356,4.34,100,0,10000,1021,9.84,93,356,4.34,100,0,10000,1021,9.84,93,356,4.34,100,0,10000,1021,9.84,93,356,4.34,100,0,10000,1021,9.84,93,356,4.34,100,0,10000,1021,9.84,93,356,4.34,100,0,10000,1021,9.84,93,356,4.34,100,0,10000,1021,9.84,93,356,4.34,100,0,10000,1021,9.84,93,356,4.34,100,0,10000,1021,9.84,93,356,4.34,100,0,10000
1021,9.84,93,310,5.66,100,0,10000,18,0,5,2,1021,9.46,87,360,4.3,100,0,10000,1021,9.46,87,360,4.3,100,0,10000,1021,9.46,87,360,4.3,100,0,10000,1021,9.46,87,360,4.3,100,0,10000,1021,9.46,87,360,4.3,100,0,10000,1021,9.46,87,360,4.3,100,0,10000,1021,9.46,87,360,4.3,100,0,10000,1021,9.46,87,360,4.3,100,0,10000,1021,9.46,87,360,4.3,100,0,10000,1021,9.46,87,360,4.3,100,0,10000,1021,9.46,87,360,4.3,100,0,10000,1021,9.46,87,360,4.3,100,0,10000
1021,9.84,93,310,5.66,100,0,10000,21,0,5,2,1022,8.51,84,33,4.61,99,0,10000,1022,8.51,84,33,4.61,99,0,10000,1022,8.51,84,33,4.61,99,0,10000,1022,8.51,84,33,4.61,99,0,10000,1022,8.51,84,33,4.61,99,0,10000,1022,8.51,84,33,4.61,99,0,10000,1022,8.51,84,33,4.61,99,0,10000,1022,8.51,84,33,4.61,99,0,10000,1022,8.51,84,33,4.61,99,0,10000,1022,8.51,84,33,4.61,99,0,10000,1022,8.51,84,33,4.61,99,0,10000,1022,8.51,84,33,4.61,99,0,10000
1021,9.84,93,310,5.66,100,0,10000,0,0,6,2,1021,5.58,72,24,2.07,18,0,10000,1021,5.58,72,24,2.07,18,0,10000,1021,5.58,72,24,2.07,18,0,10000,1021,5.58,72,24,2.07,18,0,10000,1021,5.58,72,24,2.07,18,0,10000,1021,5.58,72,24,2.07,18,0,10000,1021,5.58,72,24,2.07,18,0,10000,1021,5.58,72,24,2.07,18,0,10000,1021,5.58,72,24,2.07,18,0,10000,1021,5.58,72,24,2.07,18,0,10000,1021,5.58,72,24,2.07,18,0,10000,1021,5.58,72,24,2.07,18,0,10000
1021,9.84,93,310,5.66,100,0,10000,3,0,6,2,1020,7.11,68,5,1.16,43,0,10000,1020,7.11,68,5,1.16,43,0,10000,1020,7.11,68,5,1.16,43,0,10000,1020,7.11,68,5,1.16,43,0,10000,1020,7.11,68,5,1.16,43,0,10000,1020,7.11,68,5,1.16,43,0,10000,1020,7.11,68,5,1.16,43,0,10000,1020,7.11,68,5,1.16,43,0,10000,1020,7.11,68,5,1.16,43,0,10000,1020,7.11,68,5,1.16,43,0,10000,1020,7.11,68,5,1.16,43,0,10000,1020,7.11,68,5,1.16,43,0,10000
1021,9.84,93,310,5.66,100,0,10000,6,0,6,2,1019,8.9,64,324,2.03,100,0,10000,1019,8.9,64,324,2.03,100,0,10000,1019,8.9,64,324,2.03,100,0,10000,1019,8.9,64,324,2.03,100,0,10000,1019,8.9,64,324,2.03,100,0,10000,1019,8.9,64,324,2.03,100,0,10000,1019,8.9,64,324,2.03,100,0,10000,1019,8.9,64,324,2.03,100,0,10000,1019,8.9,64,324,2.03,100,0,10000,1019,8.9,64,324,2.03,100,0,10000,1019,8.9,64,324,2.03,100,0,10000,1019,8.9,64,324,2.03,100,0,10000
1021,9.84,93,310,5.66,100,0,10000,9,0,6,2,1018,9.62,64,297,2.19,100,0,10000,1018,9.62,64,297,2.19,100,0,10000,1018,9.62,64,297,2.19,100,0,10000,1018,9.62,64,297,2.19,100,0,10000,1018,9.62,64,297,2.19,100,0,10000,1018,9.62,64,297,2.19,100,0,10000,1018,9.62,64,297,2.19,100,0,10000,1018,9.62,64,297,2.19,100,0,10000,1018,9.62,64,297,2.19,100,0,10000,1018,9.62,64,297,2.19,100,0,10000,1018,9.62,64,297,2.19,100,0,10000,1018,9.62,64,297,2.19,100,0,10000
1021,9.84,93,310,5.66,100,0,10000,12,0,6,2,1017,10.16,63,290,2.74,86,0,10000,1017,10.16,63,290,2.74,86,0,10000,1017,10.16,63,290,2.74,86,0,10000,1017,10.16,63,290,2.74,86,0,10000,1017,10.16,63,290,2.74,86,0,10000,1017,10.16,63,290,2.74,86,0,10000,1017,10.16,63,290,2.74,86,0,10000,1017,10.16,63,290,2.74,86,0,10000,1017,10.16,63,290,2.74,86,0,10000,1017,10.16,63,290,2.74,86,0,10000,1017,10.16,63,290,2.74,86,0,10000,1017,10.16,63,290,2.74,86,0,10000
1021,9.84,93,310,5.66,100,0,10000,15,0,6,2,1021,9.84,93,356,4.34,100,0,10000,1021,9.84,93,356,4.34,100,0,10000,1021,9.84,93,356,4.34,100,0,10000,1021,9.84,93,356,4.34,100,0,10000,1021,9.84,93,356,4.34,100,0,10000,1021,9.84,93,356,4.34,100,0,10000,1021,9.84,93,356,4.34,100,0,10000,1021,9.84,93,356,4.34,100,0,10000,1021,9.84,93,356,4.34,100,0,10000,1021,9.84,93,356,4.34,100,0,10000,1021,9.84,93,356,4.34,100,0,10000,1021,9.84,93,356,4.34,100,0,10000
1021,9.84,93,310,5.66,100,0,10000,18,0,6,2,1021,9.46,87,360,4.3,100,0,10000,1021,9.46,87,360,4.3,100,0,10000,1021,9.46,87,360,4.3,100,0,10000,1021,9.46,87,360,4.3,100,0,10000,1021,9.46,87,360,4.3,100,0,10000,1021,9.46,87,360,4.3,100,0,10000,1021,9.46,87,360,4.3,100,0,10000,1021,9.46,87,360,4.3,100,0,10000,1021,9.46,87,360,4.3,100,0,10000,1021,9.46,87,360,4.3,100,0,10000,1021,9.46,87,360,4.3,100,0,10000,1021,9.46,87,360,4.3,100,0,10000
1021,9.84,93,310,5.66,100,0,10000,21,0,6,2,1022,8.51,84,33,4.61,99,0,10000,1022,8.51,84,33,4.61,99,0,10000,1022,8.51,84,33,4.61,99,0,10000,1022,8.51,84,33,4.61,99,0,10000,1022,8.51,84,33,4.61,99,0,10000,1022,8.51,84,33,4.61,99,0,10000,1022,8.51,84,33,4.61,99,0,10000,1022,8.51,84,33,4.61,99,0,10000,1022,8.51,84,33,4.61,99,0,10000,1022,8.51,84,33,4.61,99,0,10000,1022,8.51,84,33,4.61,99,0,10000,1022,8.51,84,33,4.61,99,0,10000
1021,9.84,93,310,5.66,100,0,10000,0,0,7,2,1021,5.58,72,24,2.07,18,0,10000,1021,5.58,72,24,2.07,18,0,10000,1021,5.58,72,24,2.07,18,0,10000,1021,5.58,72,24,2.07,18,0,10000,1021,5.58,72,24,2.07,18,0,10000,1021,5.58,72,24,2.07,18,0,10000,1021,5.58,72,24,2.07,18,0,10000,1021,5.58,72,24,2.07,18,0,10000,1021,5.58,72,24,2.07,18,0,10000,1021,5.58,72,24,2.07,18,0,10000,1021,5.58,72,24,2.07,18,0,10000,1021,5.58,72,24,2.07,18,0,10000
1021,9.84,93,310,5.66,100,0,10000,3,0,7,2,1020,7.11,68,5,1.16,43,0,10000,1020,7.11,68,5,1.16,43,0,10000,1020,7.11,68,5,1.16,43,0,10000,1020,7.11,68,5,1.16,43,0,10000,1020,7.11,68,5,1.16,43,0,10000,1020,7.11,68,5,1.16,43,0,10000,1020,7.11,68,5,1.16,43,0,10000,1020,7.11,68,5,1.16,43,0,10000,1020,7.11,68,5,1.16,43,0,10000,1020,7.11,68,5,1.16,43,0,10000,1020,7.11,68,5,1.16,43,0,10000,1020,7.11,68,5,1.16,43,0,10000
1021,9.84,93,310,5.66,100,0,10000,6,0,7,2,1019,8.9,64,324,2.03,100,0,10000,1019,8.9,64,324,2.03,100,0,10000,1019,8.9,64,324,2.03,100,0,10000,1019,8.9,64,324,2.03,100,0,10000,1019,8.9,64,324,2.03,100,0,10000,1019,8.9,64,324,2.03,100,0,10000,1019,8.9,64,324,2.03,100,0,10000,1019,8.9,64,324,2.03,100,0,10000,1019,8.9,64,324,2.03,100,0,10000,1019,8.9,64,324,2.03,100,0,10000,1019,8.9,64,324,2.03,100,0,10000,1019,8.9,64,324,2.03,100,0,10000
1021,9.84,93,310,5.66,100,0,10000,9,0,7,2,1018,9.62,64,297,2.19,100,0,10000,1018,9.62,64,297,2.19,100,0,10000,1018,9.62,64,297,2.19,100,0,10000,1018,9.62,64,297,2.19,100,0,10000,1018,9.62,64,297,2.19,100,0,10000,1018,9.62,64,297,2.19,100,0,10000,1018,9.62,64,297,2.19,100,0,10000,1018,9.62,64,297,2.19,100,0,10000,1018,9.62,64,297,2.19,100,0,10000,1018,9.62,64,297,2.19,100,0,10000,1018,9.62,64,297,2.19,100,0,10000,1018,9.62,64,297,2.19,100,0,10000
1021,9.84,93,310,5.66,100,0,10000,12,0,7,2,1017,10.16,63,290,2.74,86,0,10000,1017,10.16,63,290,2.74,86,0,10000,1017,10.16,63,290,2.74,86,0,10000,1017,10.16,63,290,2.74,86,0,10000,1017,10.16,63,290,2.74,86,0,10000,1017,10.16,63,290,2.74,86,0,10000,1017,10.16,63,290,2.74,86,0,10000,1017,10.16,63,290,2.74,86,0,10000,1017,10.16,63,290,2.74,86,0,10000,1017,10.16,63,290,2.74,86,0,10000,1017,10.16,63,290,2.74,86,0,10000,1017,10.16,63,290,2.74,86,0,10000
1021,9.84,93,310,5.66,100,0,10000,15,0,7,2,1021,9.84,93,356,4.34,100,0,10000,1021,9.84,93,356,4.34,100,0,10000,1021,9.84,93,356,4.34,100,0,10000,1021,9.84,93,356,4.34,100,0,10000,1021,9.84,93,356,4.34,100,0,10000,1021,9.84,93,356,4.34,100,0,10000,1021,9.84,93,356,4.34,100,0,10000,1021,9.84,93,356,4.34,100,0,10000,1021,9.84,93,356,4.34,100,0,10000,1021,9.84,93,356,4.34,100,0,10000,1021,9.84,93,356,4.34,100,0,10000,1021,9.84,93,356,4.34,100,0,10000
1021,9.84,93,310,5.66,100,0,10000,18,0,7,2,1021,9.46,87,360,4.3,100,0,10000,1021,9.46,87,360,4.3,100,0,10000,1021,9.46,87,360,4.3,100,0,10000,1021,9.46,87,360,4.3,100,0,10000,1021,9.46,87,360,4.3,100,0,10000,1021,9.46,87,360,4.3,100,0,10000,1021,9.46,87,360,4.3,100,0,10000,1021,9.46,87,360,4.3,100,0,10000,1021,9.46,87,360,4.3,100,0,10000,1021,9.46,87,360,4.3,100,0,10000,1021,9.46,87,360,4.3,100,0,10000,1021,9.46,87,360,4.3,100,0,10000
1021,9.84,93,310,5.66,100,0,10000,21,0,7,2,1022,8.51,84,33,4.61,99,0,10000,1022,8.51,84,33,4.61,99,0,10000,1022,8.51,84,33,4.61,99,0,10000,1022,8.51,84,33,4.61,99,0,10000,1022,8.51,84,33,4.61,99,0,10000,1022,8.51,84,33,4.61,99,0,10000,1022,8.51,84,33,4.61,99,0,10000,1022,8.51,84,33,4.61,99,0,10000,1022,8.51,84,33,4.61,99,0,10000,1022,8.51,84,33,4.61,99,0,10000,1022,8.51,84,33,4.61,99,0,10000,1022,8.51,84,33,4.61,99,0,10000
1021,9.84,93,310,5.66,100,0,10000,0,0,8,2,1021,5.58,72,24,2.07,18,0,10000,1021,5.58,72,24,2.07,18,0,10000,1021,5.58,72,24,2.07,18,0,10000,1021,5.58,72,24,2.07,18,0,10000,1021,5.58,72,24,2.07,18,0,10000,1021,5.58,72,24,2.07,18,0,10000,1021,5.58,72,24,2.07,18,0,10000,1021,5.58,72,24,2.07,18,0,10000,1021,5.58,72,24,2.07,18,0,10000,1021,5.58,72,24,2.07,18,0,10000,1021,5.58,72,24,2.07,18,0,10000,1021,5.58,72,24,2.07,18,0,10000
1021,9.84,93,310,5.66,100,0,10000,3,0,8,2,1020,7.11,68,5,1.16,43,0,10000,1020,7.11,68,5,1.16,43,0,10000,1020,7.11,68,5,1.16,43,0,10000,1020,7.11,68,5,1.16,43,0,10000,1020,7.11,68,5,1.16,43,0,10000,1020,7.11,68,5,1.16,43,0,10000,1020,7.11,68,5,1.16,43,0,10000,1020,7.11,68,5,1.16,43,0,10000,1020,7.11,68,5,1.16,43,0,10000,1020,7.11,68,5,1.16,43,0,10000,1020,7.11,68,5,1.16,43,0,10000,1020,7.11,68,5,1.16,43,0,10000
1021,9.84,93,310,5.66,100,0,10000,6,0,8,2,1019,8.9,64,324,2.03,100,0,10000,1019,8.9,64,324,2.03,100,0,10000,1019,8.9,64,324,2.03,100,0,10000,1019,8.9,64,324,2.03,100,0,10000,1019,8.9,64,324,2.03,100,0,10000,1019,8.9,64,324,2.03,100,0,10000,1019,8.9,64,324,2.03,100,0,10000,1019,8.9,64,324,2.03,100,0,10000,1019,8.9,64,324,2.03,100,0,10000,1019,8.9,64,324,2.03,100,0,10000,1019,8.9,64,324,2.03,100,0,10000,1019,8.9,64,324,2.03,100,0,10000
1021,9.84,93,310,5.66,100,0,10000,9,0,8,2,1018,9.62,64,297,2.19,100,0,10000,1018,9.62,64,297,2.19,100,0,10000,1018,9.62,64,297,2.19,100,0,10000,1018,9.62,64,297,2.19,100,0,10000,1018,9.62,64,297,2.19,100,0,10000,1018,9.62,64,297,2.19,100,0,10000,1018,9.62,64,297,2.19,100,0,10000,1018,9.62,64,297,2.19,100,0,10000,1018,9.62,64,297,2.19,100,0,10000,1018,9.62,64,297,2.19,100,0,10000,1018,9.62,64,297,2.19,100,0,10000,1018,9.62,64,297,2.19,100,0,10000
1021,9.84,93,310,5.66,100,0,10000,12,0,8,2,1017,10.16,63,290,2.74,86,0,10000,1017,10.16,63,290,2.74,86,0,10000,1017,10.16,63,290,2.74,86,0,10000,1017,10.16,63,290,2.74,86,0,10000,1017,10.16,63,290,2.74,86,0,10000,1017,10.16,63,290,2.74,86,0,10000,1017,10.16,63,290,2.74,86,0,10000,1017,10.16,63,290,2.74,86,0,10000,1017,10.16,63,290,2.74,86,0,10000,1017,10.16,63,290,2.74,86,0,10000,1017,10.16,63,290,2.74,86,0,10000,1017,10.16,63,290,2.74,86,0,10000
1021,9.84,93,310,5.66,100,0,10000,15,0,8,2,1021,9.84,93,356,4.34,100,0,10000,1021,9.84,93,356,4.34,100,0,10000,1021,9.84,93,356,4.34,100,0,10000,1021,9.84,93,356,4.34,100,0,10000,1021,9.84,93,356,4.34,100,0,10000,1021,9.84,93,356,4.34,100,0,10000,1021,9.84,93,356,4.34,100,0,10000,1021,9.84,93,356,4.34,100,0,10000,1021,9.84,93,356,4.34,100,0,10000,1021,9.84,93,356,4.34,100,0,10000,1021,9.84,93,356,4.34,100,0,10000,1021,9.84,93,356,4.34,100,0,10000
1021,9.84,93,310,5.66,100,0,10000,18,0,8,2,1021,9.46,87,360,4.3,100,0,10000,1021,9.46,87,360,4.3,100,0,10000,1021,9.46,87,360,4.3,100,0,10000,1021,9.46,87,360,4.3,100,0,10000,1021,9.46,87,360,4.3,100,0,10000,1021,9.46,87,360,4.3,100,0,10000,1021,9.46,87,360,4.3,100,0,10000,1021,9.46,87,360,4.3,100,0,10000,1021,9.46,87,360,4.3,100,0,10000,1021,9.46,87,360,4.3,100,0,10000,1021,9.46,87,360,4.3,100,0,10000,1021,9.46,87,360,4.3,100,0,10000
1021,9.84,93,310,5.66,100,0,10000,21,0,8,2,1022,8.51,84,33,4.61,99,0,10000,1022,8.51,84,33,4.61,99,0,10000,1022,8.51,84,33,4.61,99,0,10000,1022,8.51,84,33,4.61,99,0,10000,1022,8.51,84,33,4.61,99,0,10000,1022,8.51,84,33,4.61,99,0,10000,1022,8.51,84,33,4.61,99,0,10000,1022,8.51,84,33,4.61,99,0,10000,1022,8.51,84,33,4.61,99,0,10000,1022,8.51,84,33,4.61,99,0,10000,1022,8.51,84,33,4.61,99,0,10000,1022,8.51,84,33,4.61,99,0,10000
1021,9.84,93,310,5.66,100,0,10000,0,0,9,2,1021,5.58,72,24,2.07,18,0,10000,1021,5.58,72,24,2.07,18,0,10000,1021,5.58,72,24,2.07,18,0,10000,1021,5.58,72,24,2.07,18,0,10000,1021,5.58,72,24,2.07,18,0,10000,1021,5.58,72,24,2.07,18,0,10000,1021,5.58,72,24,2.07,18,0,10000,1021,5.58,72,24,2.07,18,0,10000,1021,5.58,72,24,2.07,18,0,10000,1021,5.58,72,24,2.07,18,0,10000,1021,5.58,72,24,2.07,18,0,10000,1021,5.58,72,24,2.07,18,0,10000
1021,9.84,93,310,5.66,100,0,10000,3,0,9,2,1020,7.11,68,5,1.16,43,0,10000,1020,7.11,68,5,1.16,43,0,10000,1020,7.11,68,5,1.16,43,0,10000,1020,7.11,68,5,1.16,43,0,10000,1020,7.11,68,5,1.16,43,0,10000,1020,7.11,68,5,1.16,43,0,10000,1020,7.11,68,5,1.16,43,0,10000,1020,7.11,68,5,1.16,43,0,10000,1020,7.11,68,5,1.16,43,0,10000,1020,7.11,68,5,1.16,43,0,10000,1020,7.11,68,5,1.16,43,0,10000,1020,7.11,68,5,1.16,43,0,10000
1021,9.84,93,310,5.66,100,0,10000,6,0,9,2,1019,8.9,64,324,2.03,100,0,10000,1019,8.9,64,324,2.03,100,0,10000,1019,8.9,64,324,2.03,100,0,10000,1019,8.9,64,324,2.03,100,0,10000,1019,8.9,64,324,2.03,100,0,10000,1019,8.9,64,324,2.03,100,0,10000,1019,8.9,64,324,2.03,100,0,10000,1019,8.9,64,324,2.03,100,0,10000,1019,8.9,64,324,2.03,100,0,10000,1019,8.9,64,324,2.03,100,0,10000,1019,8.9,64,324,2.03,100,0,10000,1019,8.9,64,324,2.03,100,0,10000
1021,9.84,93,310,5.66,100,0,10000,9,0,9,2,1018,9.62,64,297,2.19,100,0,10000,1018,9.62,64,297,2.19,100,0,10000,1018,9.62,64,297,2.19,100,0,10000,1018,9.62,64,297,2.19,100,0,10000,1018,9.62,64,297,2.19,100,0,10000,1018,9.62,64,297,2.19,100,0,10000,1018,9.62,64,297,2.19,100,0,10000,1018,9.62,64,297,2.19,100,0,10000,1018,9.62,64,297,2.19,100,0,10000,1018,9.62,64,297,2.19,100,0,10000,1018,9.62,64,297,2.19,100,0,10000,1018,9.62,64,297,2.19,100,0,10000
1021,9.84,93,310,5.66,100,0,10000,12,0,9,2,1017,10.16,63,290,2.74,86,0,10000,1017,10.16,63,290,2.74,86,0,10000,1017,10.16,63,290,2.74,86,0,10000,1017,10.16,63,290,2.74,86,0,10000,1017,10.16,63,290,2.74,86,0,10000,1017,10.16,63,290,2.74,86,0,10000,1017,10.16,63,290,2.74,86,0,10000,1017,10.16,63,290,2.74,86,0,10000,1017,10.16,63,290,2.74,86,0,10000,1017,10.16,63,290,2.74,86,0,10000,1017,10.16,63,290,2.74,86,0,10000,1017,10.16,63,290,2.74,86,0,10000
1021,9.84,93,310,5.66,100,0,10000,15,0,9,2,1021,9.84,93,356,4.34,100,0,10000,1021,9.84,93,356,4.34,100,0,10000,1021,9.84,93,356,4.34,100,0,10000,1021,9.84,93,356,4.34,100,0,10000,1021,9.84,93,356,4.34,100,0,10000,1021,9.84,93,356,4.34,100,0,10000,1021,9.84,93,356,4.34,100,0,10000,1021,9.84,93,356,4.34,100,0,10000,1021,9.84,93,356,4.34,100,0,10000,1021,9.84,93,356,4.34,100,0,10000,1021,9.84,93,356,4.34,100,0,10000,1021,9.84,93,356,4.34,100,0,10000
1021,9.84,93,310,5.66,100,0,10000,18,0,9,2,1021,9.46,87,360,4.3,100,0,10000,1021,9.46,87,360,4.3,100,0,10000,1021,9.46,87,360,4.3,100,0,10000,1021,9.46,87,360,4.3,100,0,10000,1021,9.46,87,360,4.3,100,0,10000,1021,9.46,87,360,4.3,100,0,10000,1021,9.46,87,360,4.3,100,0,10000,1021,9.46,87,360,4.3,100,0,10000,1021,9.46,87,360,4.3,100,0,10000,1021,9.46,87,360,4.3,100,0,10000,1021,9.46,87,360,4.3,100,0,10000,1021,9.46,87,360,4.3,100,0,10000
1021,9.84,93,310,5.66,100,0,10000,21,0,9,2,1022,8.51,84,33,4.61,99,0,10000,1022,8.51,84,33,4.61,99,0,10000,1022,8.51,84,33,4.61,99,0,10000,1022,8.51,84,33,4.61,99,0,10000,1022,8.51,84,33,4.61,99,0,10000,1022,8.51,84,33,4.61,99,0,10000,1022,8.51,84,33,4.61,99,0,10000,1022,8.51,84,33,4.61,99,0,10000,1022,8.51,84,33,4.61,99,0,10000,1022,8.51,84,33,4.61,99,0,10000,1022,8.51,84,33,4.61,99,0,10000,1022,8.51,84,33,4.61,99,0,10000
1021,9.84,93,310,5.66,100,0,10000,0,0,10,2,1021,5.58,72,24,2.07,18,0,10000,1021,5.58,72,24,2.07,18,0,10000,1021,5.58,72,24,2.07,18,0,10000,1021,5.58,72,24,2.07,18,0,10000,1021,5.58,72,24,2.07,18,0,10000,1021,5.58,72,24,2.07,18,0,10000,1021,5.58,72,24,2.07,18,0,10000,1021,5.58,72,24,2.07,18,0,10000,1021,5.58,72,24,2.07,18,0,10000,1021,5.58,72,24,2.07,18,0,10000,1021,5.58,72,24,2.07,18,0,10000,1021,5.58,72,24,2.07,18,0,10000
1021,9.84,93,310,5.66,100,0,10000,3,0,10,2,1020,7.11,68,5,1.16,43,0,10000,1020,7.11,68,5,1.16,43,0,10000,1020,7.11,68,5,1.16,43,0,10000,1020,7.11,68,5,1.16,43,0,10000,1020,7.11,68,5,1.16,43,0,10000,1020,7.11,68,5,1.16,43,0,10000,1020,7.11,68,5,1.16,43,0,10000,1020,7.11,68,5,1.16,43,0,10000,1020,7.11,68,5,1.16,43,0,10000,1020,7.11,68,5,1.16,43,0,10000,1020,7.11,68,5,1.16,43,0,10000,1020,7.11,68,5,1.16,43,0,10000
1021,9.84,93,310,5.66,100,0,10000,6,0,10,2,1019,8.9,64,324,2.03,100,0,10000,1019,8.9,64,324,2.03,100,0,10000,1019,8.9,64,324,2.03,100,0,10000,1019,8.9,64,324,2.03,100,0,10000,1019,8.9,64,324,2.03,100,0,10000,1019,8.9,64,324,2.03,100,0,10000,1019,8.9,64,324,2.03,100,0,10000,1019,8.9,64,324,2.03,100,0,10000,1019,8.9,64,324,2.03,100,0,10000,1019,8.9,64,324,2.03,100,0,10000,1019,8.9,64,324,2.03,100,0,10000,1019,8.9,64,324,2.03,100,0,10000
1021,9.84,93,310,5.66,100,0,10000,9,0,10,2,1018,9.62,64,297,2.19,100,0,10000,1018,9.62,64,297,2.19,100,0,10000,1018,9.62,64,297,2.19,100,0,10000,1018,9.62,64,297,2.19,100,0,10000,1018,9.62,64,297,2.19,100,0,10000,1018,9.62,64,297,2.19,100,0,10000,1018,9.62,64,297,2.19,100,0,10000,1018,9.62,64,297,2.19,100,0,10000,1018,9.62,64,297,2.19,100,0,10000,1018,9.62,64,297,2.19,100,0,10000,1018,9.62,64,297,2.19,100,0,10000,1018,9.62,64,297,2.19,100,0,10000
1021,9.84,93,310,5.66,100,0,10000,12,0,10,2,1017,10.16,63,290,2.74,86,0,10000,1017,10.16,63,290,2.74,86,0,10000,1017,10.16,63,290,2.74,86,0,10000,1017,10.16,63,290,2.74,86,0,10000,1017,10.16,63,290,2.74,86,0,10000,1017,10.16,63,290,2.74,86,0,10000,1017,10.16,63,290,2.74,86,0,10000,1017,10.16,63,290,2.74,86,0,10000,1017,10.16,63,290,2.74,86,0,10000,1017,10.16,63,290,2.74,86,0,10000,1017,10.16,63,290,2.74,86,0,10000,1017,10.16,63,290,2.74,86,0,10000
1021,9.84,93,310,5.66,100,0,10000,15,0,10,2,1021,9.84,93,356,4.34,100,0,10000,1021,9.84,93,356,4.34,100,0,10000,1021,9.84,93,356,4.34,100,0,10000,1021,9.84,93,356,4.34,100,0,10000,1021,9.84,93,356,4.34,100,0,10000,1021,9.84,93,356,4.34,100,0,10000,1021,9.84,93,356,4.34,100,0,10000,1021,9.84,93,356,4.34,100,0,10000,1021,9.84,93,356,4.34,100,0,10000,1021,9.84,93,356,4.34,100,0,10000,1021,9.84,93,356,4.34,100,0,10000,1021,9.84,93,356,4.34,100,0,10000
1021,9.84,93,310,5.66,100,0,10000,18,0,10,2,1021,9.46,87,360,4.3,100,0,10000,1021,9.46,87,360,4.3,100,0,10000,1021,9.46,87,360,4.3,100,0,10000,1021,9.46,87,360,4.3,100,0,10000,1021,9.46,87,360,4.3,100,0,10000,1021,9.46,87,360,4.3,100,0,10000,1021,9.46,87,360,4.3,100,0,10000,1021,9.46,87,360,4.3,100,0,10000,1021,9.46,87,360,4.3,100,0,10000,1021,9.46,87,360,4.3,100,0,10000,1021,9.46,87,360,4.3,100,0,10000,1021,9.46,87,360,4.3,100,0,10000
1021,9.84,93,310,5.66,100,0,10000,21,0,10,2,1022,8.51,84,33,4.61,99,0,10000,1022,8.51,84,33,4.61,99,0,10000,1022,8.51,84,33,4.61,99,0,10000,1022,8.51,84,33,4.61,99,0,10000,1022,8.51,84,33,4.61,99,0,10000,1022,8.51,84,33,4.61,99,0,10000,1022,8.51,84,33,4.61,99,0,10000,1022,8.51,84,33,4.61,99,0,10000,1022,8.51,84,33,4.61,99,0,10000,1022,8.51,84,33,4.61,99,0,10000,1022,8.51,84,33,4.61,99,0,10000,1022,8.51,84,33,4.61,99,0,10000
1021,9.84,93,310,5.66,100,0,10000,0,0,11,2,1021,5.58,72,24,2.07,18,0,10000,1021,5.58,72,24,2.07,18,0,10000,1021,5.58,72,24,2.07,18,0,10000,1021,5.58,72,24,2.07,18,0,10000,1021,5.58,72,24,2.07,18,0,10000,1021,5.58,72,24,2.07,18,0,10000,1021,5.58,72,24,2.07,18,0,10000,1021,5.58,72,24,2.07,18,0,10000,1021,5.58,72,24,2.07,18,0,10000,1021,5.58,72,24,2.07,18,0,10000,1021,5.58,72,24,2.07,18,0,10000,1021,5.58,72,24,2.07,18,0,10000
1021,9.84,93,310,5.66,100,0,10000,3,0,11,2,1020,7.11,68,5,1.16,43,0,10000,1020,7.11,68,5,1.16,43,0,10000,1020,7.11,68,5,1.16,43,0,10000,1020,7.11,68,5,1.16,43,0,10000,1020,7.11,68,5,1.16,43,0,10000,1020,7.11,68,5,1.16,43,0,10000,1020,7.11,68,5,1.16,43,0,10000,1020,7.11,68,5,1.16,43,0,10000,1020,7.11,68,5,1.16,43,0,10000,1020,7.11,68,5,1.16,43,0,10000,1020,7.11,68,5,1.16,43,0,10000,1020,7.11,68,5,1.16,43,0,10000
1021,9.84,93,310,5.66,100,0,10000,6,0,11,2,1019,8.9,64,324,2.03,100,0,10000,1019,8.9,64,324,2.03,100,0,10000,1019,8.9,64,324,2.03,100,0,10000,1019,8.9,64,324,2.03,100,0,10000,1019,8.9,64,324,2.03,100,0,10000,1019,8.9,64,324,2.03,100,0,10000,1019,8.9,64,324,2.03,100,0,10000,1019,8.9,64,324,2.03,100,0,10000,1019,8.9,64,324,2.03,100,0,10000,1019,8.9,64,324,2.03,100,0,10000,1019,8.9,64,324,2.03,100,0,10000,1019,8.9,64,324,2.03,100,0,10000
1021,9.84,93,310,5.66,100,0,10000,9,0,11,2,1018,9.62,64,297,2.19,100,0,10000,1018,9.62,64,297,2.19,100,0,10000,1018,9.62,64,297,2.19,100,0,10000,1018,9.62,64,297,2.19,100,0,10000,1018,9.62,64,297,2.19,100,0,10000,1018,9.62,64,297,2.19,100,0,10000,1018,9.62,64,297,2.19,100,0,10000,1018,9.62,64,297,2.19,100,0,10000,1018,9.62,64,297,2.19,100,0,10000,1018,9.62,64,297,2.19,100,0,10000,1018,9.62,64,297,2.19,100,0,10000,1018,9.62,64,297,2.19,100,0,10000
1021,9.84,93,310,5.66,100,0,10000,12,0,11,2,1017,10.16,63,290,2.74,86,0,10000,1017,10.16,63,290,2.74,86,0,10000,1017,10.16,63,290,2.74,86,0,10000,1017,10.16,63,290,2.74,86,0,10000,1017,10.16,63,290,2.74,86,0,10000,1017,10.16,63,290,2.74,86,0,10000,1017,10.16,63,290,2.74,86,0,10000,1017,10.16,63,290,2.74,86,0,10000,1017,10.16,63,290,2.74,86,0,10000,1017,10.16,63,290,2.74,86,0,10000,1017,10.16,63,290,2.74,86,0,10000,1017,10.16,63,290,2.74,86,0,10000
1021,9.84,93,310,5.66,100,0,10000,15,0,11,2,1021,9.84,93,356,4.34,100,0,10000,1021,9.84,93,356,4.34,100,0,10000,1021,9.84,93,356,4.34,100,0,10000,1021,9.84,93,356,4.34,100,0,10000,1021,9.84,93,356,4.34,100,0,10000,1021,9.84,93,356,4.34,100,0,10000,1021,9.84,93,356,4.34,100,0,10000,1021,9.84,93,356,4.34,100,0,10000,1021,9.84,93,356,4.34,100,0,10000,1021,9.84,93,356,4.34,100,0,10000,1021,9.84,93,356,4.34,100,0,10000,1021,9.84,93,356,4.34,100,0,10000
1021,9.84,93,310,5.66,100,0,10000,18,0,11,2,1021,9.46,87,360,4.3,100,0,10000,1021,9.46,87,360,4.3,100,0,10000,1021,9.46,87,360,4.3,100,0,10000,1021,9.46,87,360,4.3,100,0,10000,1021,9.46,87,360,4.3,100,0,10000,1021,9.46,87,360,4.3,100,0,10000,1021,9.46,87,360,4.3,100,0,10000,1021,9.46,87,360,4.3,100,0,10000,1021,9.46,87,360,4.3,100,0,10000,1021,9.46,87,360,4.3,100,0,10000,1021,9.46,87,360,4.3,100,0,10000,1021,9.46,87,360,4.3,100,0,10000
1021,9.84,93,310,5.66,100,0,10000,21,0,11,2,1022,8.51,84,33,4.61,99,0,10000,1022,8.51,84,33,4.61,99,0,10000,1022,8.51,84,33,4.61,99,0,10000,1022,8.51,84,33,4.61,99,0,10000,1022,8.51,84,33,4.61,99,0,10000,1022,8.51,84,33,4.61,99,0,10000,1022,8.51,84,33,4.61,99,0,10000,1022,8.51,84,33,4.61,99,0,10000,1022,8.51,84,33,4.61,99,0,10000,1022,8.51,84,33,4.61,99,0,10000,1022,8.51,84,33,4.61,99,0,10000,1022,8.51,84,33,4.61,99,0,10000
1021,9.84,93,310,5.66,100,0,10000,0,0,12,2,1021,5.58,72,24,2.07,18,0,10000,1021,5.58,72,24,2.07,18,0,10000,1021,5.58,72,24,2.07,18,0,10000,1021,5.58,72,24,2.07,18,0,10000,1021,5.58,72,24,2.07,18,0,10000,1021,5.58,72,24,2.07,18,0,10000,1021,5.58,72,24,2.07,18,0,10000,1021,5.58,72,24,2.07,18,0,10000,1021,5.58,72,24,2.07,18,0,10000,1021,5.58,72,24,2.07,18,0,10000,1021,5.58,72,24,2.07,18,0,10000,1021,5.58,72,24,2.07,18,0,10000
1021,9.84,93,310,5.66,100,0,10000,3,0,12,2,1020,7.11,68,5,1.16,43,0,10000,1020,7.11,68,5,1.16,43,0,10000,1020,7.11,68,5,1.16,43,0,10000,1020,7.11,68,5,1.16,43,0,10000,1020,7.11,68,5,1.16,43,0,10000,1020,7.11,68,5,1.16,43,0,10000,1020,7.11,68,5,1.16,43,0,10000,1020,7.11,68,5,1.16,43,0,10000,1020,7.11,68,5,1.16,43,0,10000,1020,7.11,68,5,1.16,43,0,10000,1020,7.11,68,5,1.16,43,0,10000,1020,7.11,68,5,1.16,43,0,10000
1021,9.84,93,310,5.66,100,0,10000,6,0,12,2,1019,8.9,64,324,2.03,100,0,10000,1019,8.9,64,324,2.03,100,0,10000,1019,8.9,64,324,2.03,100,0,10000,1019,8.9,64,324,2.03,100,0,10000,1019,8.9,64,324,2.03,100,0,10000,1019,8.9,64,324,2.03,100,0,10000,1019,8.9,64,324,2.03,100,0,10000,1019,8.9,64,324,2.03,100,0,10000,1019,8.9,64,324,2.03,100,0,10000,1019,8.9,64,324,2.03,100,0,10000,1019,8.9,64,324,2.03,100,0,10000,1019,8.9,64,324,2.03,100,0,10000
1021,9.84,93,310,5.66,100,0,10000,9,0,12,2,1018,9.62,64,297,2.19,100,0,10000,1018,9.62,64,297,2.19,100,0,10000,1018,9.62,64,297,2.19,100,0,10000,1018,9.62,64,297,2.19,100,0,10000,1018,9.62,64,297,2.19,100,0,10000,1018,9.62,64,297,2.19,100,0,10000,1018,9.62,64,297,2.19,100,0,10000,1018,9.62,64,297,2.19,100,0,10000,1018,9.62,64,297,2.19,100,0,10000,1018,9.62,64,297,2.19,100,0,10000,1018,9.62,64,297,2.19,100,0,10000,1018,9.62,64,297,2.19,100,0,10000
1021,9.84,93,310,5.66,100,0,10000,12,0,12,2,1017,10.16,63,290,2.74,86,0,10000,1017,10.16,63,290,2.74,86,0,10000,1017,10.16,63,290,2.74,86,0,10000,1017,10.16,63,290,2.74,86,0,10000,1017,10.16,63,290,2.74,86,0,10000,1017,10.16,63,290,2.74,86,0,10000,1017,10.16,63,290,2.74,86,0,10000,1017,10.16,63,290,2.74,86,0,10000,1017,10.16,63,290,2.74,86,0,10000,1017,10.16,63,290,2.74,86,0,10000,1017,10.16,63,290,2.74,86,0,10000,1017,10.16,63,290,2.74,86,0,10000
1021,9.84,93,310,5.66,100,0,10000,15,0,12,2,1021,9.84,93,356,4.34,100,0,10000,1021,9.84,93,356,4.34,100,0,10000,1021,9.84,93,356,4.34,100,0,10000,1021,9.84,93,356,4.34,100,0,10000,1021,9.84,93,356,4.34,100,0,10000,1021,9.84,93,356,4.34,100,0,10000,1021,9.84,93,356,4.34,100,0,10000,1021,9.84,93,356,4.34,100,0,10000,1021,9.84,93,356,4.34,100,0,10000,1021,9.84,93,356,4.34,100,0,10000,1021,9.84,93,356,4.34,100,0,10000,1021,9.84,93,356,4.34,100,0,10000
1021,9.84,93,310,5.66,100,0,10000,18,0,12,2,1021,9.46,87,360,4.3,100,0,10000,1021,9.46,87,360,4.3,100,0,10000,1021,9.46,87,360,4.3,100,0,10000,1021,9.46,87,360,4.3,100,0,10000,1021,9.46,87,360,4.3,100,0,10000,1021,9.46,87,360,4.3,100,0,10000,1021,9.46,87,360,4.3,100,0,10000,1021,9.46,87,360,4.3,100,0,10000,1021,9.46,87,360,4.3,100,0,10000,1021,9.46,87,360,4.3,100,0,10000,1021,9.46,87,360,4.3,100,0,10000,1021,9.46,87,360,4.3,100,0,10000
1021,9.84,93,310,5.66,100,0,10000,21,0,12,2,1022,8.51,84,33,4.61,99,0,10000,1022,8.51,84,33,4.61,99,0,10000,1022,8.51,84,33,4.61,99,0,10000,1022,8.51,84,33,4.61,99,0,10000,1022,8.51,84,33,4.61,99,0,10000,1022,8.51,84,33,4.61,99,0,10000,1022,8.51,84,33,4.61,99,0,10000,1022,8.51,84,33,4.61,99,0,10000,1022,8.51,84,33,4.61,99,0,10000,1022,8.51,84,33,4.61,99,0,10000,1022,8.51,84,33,4.61,99,0,10000,1022,8.51,84,33,4.61,99,0,10000
1021,9.84,93,310,5.66,100,0,10000,0,0,13,2,1021,5.58,72,24,2.07,18,0,10000,1021,5.58,72,24,2.07,18,0,10000,1021,5.58,72,24,2.07,18,0,10000,1021,5.58,72,24,2.07,18,0,10000,1021,5.58,72,24,2.07,18,0,10000,1021,5.58,72,24,2.07,18,0,10000,1021,5.58,72,24,2.07,18,0,10000,1021,5.58,72,24,2.07,18,0,10000,1021,5.58,72,24,2.07,18,0,10000,1021,5.58,72,24,2.07,18,0,10000,1021,5.58,72,24,2.07,18,0,10000,1021,5.58,72,24,2.07,18,0,10000
1021,9.84,93,310,5.66,100,0,10000,3,0,13,2,1020,7.11,68,5,1.16,43,0,10000,1020,7.11,68,5,1.16,43,0,10000,1020,7.11,68,5,1.16,43,0,10000,1020,7.11,68,5,1.16,43,0,10000,1020,7.11,68,5,1.16,43,0,10000,1020,7.11,68,5,1.16,43,0,10000,1020,7.11,68,5,1.16,43,0,10000,1020,7.11,68,5,1.16,43,0,10000,1020,7.11,68,5,1.16,43,0,10000,1020,7.11,68,5,1.16,43,0,10000,1020,7.11,68,5,1.16,43,0,10000,1020,7.11,68,5,1.16,43,0,10000
1021,9.84,93,310,5.66,100,0,10000,6,0,13,2,1019,8.9,64,324,2.03,100,0,10000,1019,8.9,64,324,2.03,100,0,10000,1019,8.9,64,324,2.03,100,0,10000,1019,8.9,64,324,2.03,100,0,10000,1019,8.9,64,324,2.03,100,0,10000,1019,8.9,64,324,2.03,100,0,10000,1019,8.9,64,324,2.03,100,0,10000,1019,8.9,64,324,2.03,100,0,10000,1019,8.9,64,324,2.03,100,0,10000,1019,8.9,64,324,2.03,100,0,10000,1019,8.9,64,324,2.03,100,0,10000,1019,8.9,64,324,2.03,100,0,10000
1021,9.84,93,310,5.66,100,0,10000,9,0,13,2,1018,9.62,64,297,2.19,100,0,10000,1018,9.62,64,297,2.19,100,0,10000,1018,9.62,64,297,2.19,100,0,10000,1018,9.62,64,297,2.19,100,0,10000,1018,9.62,64,297,2.19,100,0,10000,1018,9.62,64,297,2.19,100,0,10000,1018,9.62,64,297,2.19,100,0,10000,1018,9.62,64,297,2.19,100,0,10000,1018,9.62,64,297,2.19,100,0,10000,1018,9.62,64,297,2.19,100,0,10000,1018,9.62,64,297,2.19,100,0,10000,1018,9.62,64,297,2.19,100,0,10000
1021,9.84,93,310,5.66,100,0,10000,12,0,13,2,1017,10.16,63,290,2.74,86,0,10000,1017,10.16,63,290,2.74,86,0,10000,1017,10.16,63,290,2.74,86,0,10000,1017,10.16,63,290,2.74,86,0,10000,1017,10.16,63,290,2.74,86,0,10000,1017,10.16,63,290,2.74,86,0,10000,1017,10.16,63,290,2.74,86,0,10000,1017,10.16,63,290,2.74,86,0,10000,1017,10.16,63,290,2.74,86,0,10000,1017,10.16,63,290,2.74,86,0,10000,1017,10.16,63,290,2.74,86,0,10000,1017,10.16,63,290,2.74,86,0,10000
1021,9.84,93,310,5.66,100,0,10000,15,0,13,2,1021,9.84,93,356,4.34,100,0,10000,1021,9.84,93,356,4.34,100,0,10000,1021,9.84,93,356,4.34,100,0,10000,1021,9.84,93,356,4.34,100,0,10000,1021,9.84,93,356,4.34,100,0,10000,1021,9.84,93,356,4.34,100,0,10000,1021,9.84,93,356,4.34,100,0,10000,1021,9.84,93,356,4.34,100,0,10000,1021,9.84,93,356,4.34,100,0,10000,1021,9.84,93,356,4.34,100,0,10000,1021,9.84,93,356,4.34,100,0,10000,1021,9.84,93,356,4.34,100,0,10000
1021,9.84,93,310,5.66,100,0,10000,18,0,13,2,1021,9.46,87,360,4.3,100,0,10000,1021,9.46,87,360,4.3,100,0,10000,1021,9.46,87,360,4.3,100,0,10000,1021,9.46,87,360,4.3,100,0,10000,1021,9.46,87,360,4.3,100,0,10000,1021,9.46,87,360,4.3,100,0,10000,1021,9.46,87,360,4.3,100,0,10000,1021,9.46,87,360,4.3,100,0,10000,1021,9.46,87,360,4.3,100,0,10000,1021,9.46,87,360,4.3,100,0,10000,1021,9.46,87,360,4.3,100,0,10000,1021,9.46,87,360,4.3,100,0,10000
1021,9.84,93,310,5.66,100,0,10000,21,0,13,2,1022,8.51,84,33,4.61,99,0,10000,1022,8.51,84,33,4.61,99,0,10000,1022,8.51,84,33,4.61,99,0,10000,1022,8.51,84,33,4.61,99,0,10000,1022,8.51,84,33,4.61,99,0,10000,1022,8.51,84,33,4.61,99,0,10000,1022,8.51,84,33,4.61,99,0,10000,1022,8.51,84,33,4.61,99,0,10000,1022,8.51,84,33,4.61,99,0,10000,1022,8.51,84,33,4.61,99,0,10000,1022,8.51,84,33,4.61,99,0,10000,1022,8.51,84,33,4.61,99,0,10000
1021,9.84,93,310,5.66,100,0,10000,0,0,14,2,1021,5.58,72,24,2.07,18,0,10000,1021,5.58,72,24,2.07,18,0,10000,1021,5.58,72,24,2.07,18,0,10000,1021,5.58,72,24,2.07,18,0,10000,1021,5.58,72,24,2.07,18,0,10000,1021,5.58,72,24,2.07,18,0,10000,1021,5.58,72,24,2.07,18,0,10000,1021,5.58,72,24,2.07,18,0,10000,1021,5.58,72,24,2.07,18,0,10000,1021,5.58,72,24,2.07,18,0,10000,1021,5.58,72,24,2.07,18,0,10000,1021,5.58,72,24,2.07,18,0,10000
1021,9.84,93,310,5.66,100,0,10000,3,0,14,2,1020,7.11,68,5,1.16,43,0,10000,1020,7.11,68,5,1.16,43,0,10000,1020,7.11,68,5,1.16,43,0,10000,1020,7.11,68,5,1.16,43,0,10000,1020,7.11,68,5,1.16,43,0,10000,1020,7.11,68,5,1.16,43,0,10000,1020,7.11,68,5,1.16,43,0,10000,1020,7.11,68,5,1.16,43,0,10000,1020,7.11,68,5,1.16,43,0,10000,1020,7.11,68,5,1.16,43,0,10000,1020,7.11,68,5,1.16,43,0,10000,1020,7.11,68,5,1.16,43,0,10000
1021,9.84,93,310,5.66,100,0,10000,6,0,14,2,1019,8.9,64,324,2.03,100,0,10000,1019,8.9,64,324,2.03,100,0,10000,1019,8.9,64,324,2.03,100,0,10000,1019,8.9,64,324,2.03,100,0,10000,1019,8.9,64,324,2.03,100,0,10000,1019,8.9,64,324,2.03,100,0,10000,1019,8.9,64,324,2.03,100,0,10000,1019,8.9,64,324,2.03,100,0,10000,1019,8.9,64,324,2.03,100,0,10000,1019,8.9,64,324,2.03,100,0,10000,1019,8.9,64,324,2.03,100,0,10000,1019,8.9,64,324,2.03,100,0,10000
1021,9.84,93,310,5.66,100,0,10000,9,0,14,2,1018,9.62,64,297,2.19,100,0,10000,1018,9.62,64,297,2.19,100,0,10000,1018,9.62,64,297,2.19,100,0,10000,1018,9.62,64,297,2.19,100,0,10000,1018,9.62,64,297,2.19,100,0,10000,1018,9.62,64,297,2.19,100,0,10000,1018,9.62,64,297,2.19,100,0,10000,1018,9.62,64,297,2.19,100,0,10000,1018,9.62,64,297,2.19,100,0,10000,1018,9.62,64,297,2.19,100,0,10000,1018,9.62,64,297,2.19,100,0,10000,1018,9.62,64,297,2.19,100,0,10000
1021,9.84,93,310,5.66,100,0,10000,12,0,14,2,1017,10.16,63,290,2.74,86,0,10000,1017,10.16,63,290,2.74,86,0,10000,1017,10.16,63,290,2.74,86,0,10000,1017,10.16,63,290,2.74,86,0,10000,1017,10.16,63,290,2.74,86,0,10000,1017,10.16,63,290,2.74,86,0,10000,1017,10.16,63,290,2.74,86,0,10000,1017,10.16,63,290,2.74,86,0,10000,1017,10.16,63,290,2.74,86,0,10000,1017,10.16,63,290,2.74,86,0,10000,1017,10.16,63,290,2.74,86,0,10000,1017,10.16,63,290,2.74,86,0,10000
1021,9.84,93,310,5.66,100,0,10000,15,0,14,2,1021,9.84,93,356,4.34,100,0,10000,1021,9.84,93,356,4.34,100,0,10000,1021,9.84,93,356,4.34,100,0,10000,1021,9.84,93,356,4.34,100,0,10000,1021,9.84,93,356,4.34,100,0,10000,1021,9.84,93,356,4.34,100,0,10000,1021,9.84,93,356,4.34,100,0,10000,1021,9.84,93,356,4.34,100,0,10000,1021,9.84,93,356,4.34,100,0,10000,1021,9.84,93,356,4.34,100,0,10000,1021,9.84,93,356,4.34,100,0,10000,1021,9.84,93,356,4.34,100,0,10000
1021,9.84,93,310,5.66,100,0,10000,18,0,14,2,1021,9.46,87,360,4.3,100,0,10000,1021,9.46,87,360,4.3,100,0,10000,1021,9.46,87,360,4.3,100,0,10000,1021,9.46,87,360,4.3,100,0,10000,1021,9.46,87,360,4.3,100,0,10000,1021,9.46,87,360,4.3,100,0,10000,1021,9.46,87,360,4.3,100,0,10000,1021,9.46,87,360,4.3,100,0,10000,1021,9.46,87,360,4.3,100,0,10000,1021,9.46,87,360,4.3,100,0,10000,1021,9.46,87,360,4.3,100,0,10000,1021,9.46,87,360,4.3,100,0,10000
1021,9.84,93,310,5.66,100,0,10000,21,0,14,2,1022,8.51,84,33,4.61,99,0,10000,1022,8.51,84,33,4.61,99,0,10000,1022,8.51,84,33,4.61,99,0,10000,1022,8.51,84,33,4.61,99,0,10000,1022,8.51,84,33,4.61,99,0,10000,1022,8.51,84,33,4.61,99,0,10000,1022,8.51,84,33,4.61,99,0,10000,1022,8.51,84,33,4.61,99,0,10000,1022,8.51,84,33,4.61,99,0,10000,1022,8.51,84,33,4.61,99,0,10000,1022,8.51,84,33,4.61,99,0,10000,1022,8.51,84,33,4.61,99,0,10000
1021,9.84,93,310,5.66,100,0,10000,0,0,15,2,1021,5.58,72,24,2.07,18,0,10000,1021,5.58,72,24,2.07,18,0,10000,1021,5.58,72,24,2.07,18,0,10000,1021,5.58,72,24,2.07,18,0,10000,1021,5.58,72,24,2.07,18,0,10000,1021,5.58,72,24,2.07,18,0,10000,1021,5.58,72,24,2.07,18,0,10000,1021,5.58,72,24,2.07,18,0,10000,1021,5.58,72,24,2.07,18,0,10000,1021,5.58,72,24,2.07,18,0,10000,1021,5.58,72,24,2.07,18,0,10000,1021,5.58,72,24,2.07,18,0,10000
1021,9.84,93,310,5.66,100,0,10000,3,0,15,2,1020,7.11,68,5,1.16,43,0,10000,1020,7.11,68,5,1.16,43,0,10000,1020,7.11,68,5,1.16,43,0,10000,1020,7.11,68,5,1.16,43,0,10000,1020,7.11,68,5,1.16,43,0,10000,1020,7.11,68,5,1.16,43,0,10000,1020,7.11,68,5,1.16,43,0,10000,1020,7.11,68,5,1.16,43,0,10000,1020,7.11,68,5,1.16,43,0,10000,1020,7.11,68,5,1.16,43,0,10000,1020,7.11,68,5,1.16,43,0,10000,1020,7.11,68,5,1.16,43,0,10000
1021,9.84,93,310,5.66,100,0,10000,6,0,15,2,1019,8.9,64,324,2.03,100,0,10000,1019,8.9,64,324,2.03,100,0,10000,1019,8.9,64,324,2.03,100,0,10000,1019,8.9,64,324,2.03,100,0,10000,1019,8.9,64,324,2.03,100,0,10000,1019,8.9,64,324,2.03,100,0,10000,1019,8.9,64,324,2.03,100,0,10000,1019,8.9,64,324,2.03,100,0,10000,1019,8.9,64,324,2.03,100,0,10000,1019,8.9,64,324,2.03,100,0,10000,1019,8.9,64,324,2.03,100,0,10000,1019,8.9,64,324,2.03,100,0,10000
1021,9.84,93,310,5.66,100,0,10000,9,0,15,2,1018,9.62,64,297,2.19,100,0,10000,1018,9.62,64,297,2.19,100,0,10000,1018,9.62,64,297,2.19,100,0,10000,1018,9.62,64,297,2.19,100,0,10000,1018,9.62,64,297,2.19,100,0,10000,1018,9.62,64,297,2.19,100,0,10000,1018,9.62,64,297,2.19,100,0,10000,1018,9.62,64,297,2.19,100,0,10000,1018,9.62,64,297,2.19,100,0,10000,1018,9.62,64,297,2.19,100,0,10000,1018,9.62,64,297,2.19,100,0,10000,1018,9.62,64,297,2.19,100,0,10000
1021,9.84,93,310,5.66,100,0,10000,12,0,15,2,1017,10.16,63,290,2.74,86,0,10000,1017,10.16,63,290,2.74,86,0,10000,1017,10.16,63,290,2.74,86,0,10000,1017,10.16,63,290,2.74,86,0,10000,1017,10.16,63,290,2.74,86,0,10000,1017,10.16,63,290,2.74,86,0,10000,1017,10.16,63,290,2.74,86,0,10000,1017,10.16,63,290,2.74,86,0,10000,1017,10.16,63,290,2.74,86,0,10000,1017,10.16,63,290,2.74,86,0,10000,1017,10.16,63,290,2.74,86,0,10000,1017,10.16,63,290,2.74,86,0,10000
1021,9.84,93,310,5.66,100,0,10000,15,0,15,2,1021,9.84,93,356,4.34,100,0,10000,1021,9.84,93,356,4.34,100,0,10000,1021,9.84,93,356,4.34,100,0,10000,1021,9.84,93,356,4.34,100,0,10000,1021,9.84,93,356,4.34,100,0,10000,1021,9.84,93,356,4.34,100,0,10000,1021,9.84,93,356,4.34,100,0,10000,1021,9.84,93,356,4.34,100,0,10000,1021,9.84,93,356,4.34,100,0,10000,1021,9.84,93,356,4.34,100,0,10000,1021,9.84,93,356,4.34,100,0,10000,1021,9.84,93,356,4.34,100,0,10000
1021,9.84,93,310,5.66,100,0,10000,18,0,15,2,1021,9.46,87,360,4.3,100,0,10000,1021,9.46,87,360,4.3,100,0,10000,1021,9.46,87,360,4.3,100,0,10000,1021,9.46,87,360,4.3,100,0,10000,1021,9.46,87,360,4.3,100,0,10000,1021,9.46,87,360,4.3,100,0,10000,1021,9.46,87,360,4.3,100,0,10000,1021,9.46,87,360,4.3,100,0,10000,1021,9.46,87,360,4.3,100,0,10000,1021,9.46,87,360,4.3,100,0,10000,1021,9.46,87,360,4.3,100,0,10000,1021,9.46,87,360,4.3,100,0,10000
1021,9.84,93,310,5.66,100,0,10000,21,0,15,2,1022,8.51,84,33,4.61,99,0,10000,1022,8.51,84,33,4.61,99,0,10000,1022,8.51,84,33,4.61,99,0,10000,1022,8.51,84,33,4.61,99,0,10000,1022,8.51,84,33,4.61,99,0,10000,1022,8.51,84,33,4.61,99,0,10000,1022,8.51,84,33,4.61,99,0,10000,1022,8.51,84,33,4.61,99,0,10000,1022,8.51,84,33,4.61,99,0,10000,1022,8.51,84,33,4.61,99,0,10000,1022,8.51,84,33,4.61,99,0,10000,1022,8.51,84,33,4.61,99,0,10000
1021,9.84,93,310,5.66,100,0,10000,0,0,16,2,1021,5.58,72,24,2.07,18,0,10000,1021,5.58,72,24,2.07,18,0,10000,1021,5.58,72,24,2.07,18,0,10000,1021,5.58,72,24,2.07,18,0,10000,1021,5.58,72,24,2.07,18,0,10000,1021,5.58,72,24,2.07,18,0,10000,1021,5.58,72,24,2.07,18,0,10000,1021,5.58,72,24,2.07,18,0,10000,1021,5.58,72,24,2.07,18,0,10000,1021,5.58,72,24,2.07,18,0,10000,1021,5.58,72,24,2.07,18,0,10000,1021,5.58,72,24,2.07,18,0,10000
1021,9.84,93,310,5.66,100,0,10000,3,0,16,2,1020,7.11,68,5,1.16,43,0,10000,1020,7.11,68,5,1.16,43,0,10000,1020,7.11,68,5,1.16,43,0,10000,1020,7.11,68,5,1.16,43,0,10000,1020,7.11,68,5,1.16,43,0,10000,1020,7.11,68,5,1.16,43,0,10000,1020,7.11,68,5,1.16,43,0,10000,1020,7.11,68,5,1.16,43,0,10000,1020,7.11,68,5,1.16,43,0,10000,1020,7.11,68,5,1.16,43,0,10000,1020,7.11,68,5,1.16,43,0,10000,1020,7.11,68,5,1.16,43,0,10000
1021,9.84,93,310,5.66,100,0,10000,6,0,16,2,1019,8.9,64,324,2.03,100,0,10000,1019,8.9,64,324,2.03,100,0,10000,1019,8.9,64,324,2.03,100,0,10000,1019,8.9,64,324,2.03,100,0,10000,1019,8.9,64,324,2.03,100,0,10000,1019,8.9,64,324,2.03,100,0,10000,1019,8.9,64,324,2.03,100,0,10000,1019,8.9,64,324,2.03,100,0,10000,1019,8.9,64,324,2.03,100,0,10000,1019,8.9,64,324,2.03,100,0,10000,1019,8.9,64,324,2.03,100,0,10000,1019,8.9,64,324,2.03,100,0,10000
1021,9.84,93,310,5.66,100,0,10000,9,0,16,2,1018,9.62,64,297,2.19,100,0,10000,1018,9.62,64,297,2.19,100,0,10000,1018,9.62,64,297,2.19,100,0,10000,1018,9.62,64,297,2.19,100,0,10000,1018,9.62,64,297,2.19,100,0,10000,1018,9.62,64,297,2.19,100,0,10000,1018,9.62,64,297,2.19,100,0,10000,1018,9.62,64,297,2.19,100,0,10000,1018,9.62,64,297,2.19,100,0,10000,1018,9.62,64,297,2.19,100,0,10000,1018,9.62,64,297,2.19,100,0,10000,1018,9.62,64,297,2.19,100,0,10000
1021,9.84,93,310,5.66,100,0,10000,12,0,16,2,1017,10.16,63,290,2.74,86,0,10000,1017,10.16,63,290,2.74,86,0,10000,1017,10.16,63,290,2.74,86,0,10000,1017,10.16,63,290,2.74,86,0,10000,1017,10.16,63,290,2.74,86,0,10000,1017,10.16,63,290,2.74,86,0,10000,1017,10.16,63,290,2.74,86,0,10000,1017,10.16,63,290,2.74,86,0,10000,1017,10.16,63,290,2.74,86,0,10000,1017,10.16,63,290,2.74,86,0,10000,1017,10.16,63,290,2.74,86,0,10000,1017,10.16,63,290,2.74,86,0,10000
1021,9.84,93,310,5.66,100,0,10000,15,0,16,2,1021,9.84,93,356,4.34,100,0,10000,1021,9.84,93,356,4.34,100,0,10000,1021,9.84,93,356,4.34,100,0,10000,1021,9.84,93,356,4.34,100,0,10000,1021,9.84,93,356,4.34,100,0,10000,1021,9.84,93,356,4.34,100,0,10000,1021,9.84,93,356,4.34,100,0,10000,1021,9.84,93,356,4.34,100,0,10000,1021,9.84,93,356,4.34,100,0,10000,1021,9.84,93,356,4.34,100,0,10000,1021,9.84,93,356,4.34,100,0,10000,1021,9.84,93,356,4.34,100,0,10000
1021,9.84,93,310,5.66,100,0,10000,18,0,16,2,1021,9.46,87,360,4.3,100,0,10000,1021,9.46,87,360,4.3,100,0,10000,1021,9.46,87,360,4.3,100,0,10000,1021,9.46,87,360,4.3,100,0,10000,1021,9.46,87,360,4.3,100,0,10000,1021,9.46,87,360,4.3,100,0,10000,1021,9.46,87,360,4.3,100,0,10000,1021,9.46,87,360,4.3,100,0,10000,1021,9.46,87,360,4.3,100,0,10000,1021,9.46,87,360,4.3,100,0,10000,1021,9.46,87,360,4.3,100,0,10000,1021,9.46,87,360,4.3,100,0,10000
1021,9.84,93,310,5.66,100,0,10000,21,0,16,2,1022,8.51,84,33,4.61,99,0,10000,1022,8.51,84,33,4.61,99,0,10000,1022,8.51,84,33,4.61,99,0,10000,1022,8.51,84,33,4.61,99,0,10000,1022,8.51,84,33,4.61,99,0,10000,1022,8.51,84,33,4.61,99,0,10000,1022,8.51,84,33,4.61,99,0,10000,1022,8.51,84,33,4.61,99,0,10000,1022,8.51,84,33,4.61,99,0,10000,1022,8.51,84,33,4.61,99,0,10000,1022,8.51,84,33,4.61,99,0,10000,1022,8.51,84,33,4.61,99,0,10000
1021,9.84,93,310,5.66,100,0,10000,0,0,17,2,1021,5.58,72,24,2.07,18,0,10000,1021,5.58,72,24,2.07,18,0,10000,1021,5.58,72,24,2.07,18,0,10000,1021,5.58,72,24,2.07,18,0,10000,1021,5.58,72,24,2.07,18,0,10000,1021,5.58,72,24,2.07,18,0,10000,1021,5.58,72,24,2.07,18,0,10000,1021,5.58,72,24,2.07,18,0,10000,1021,5.58,72,24,2.07,18,0,10000,1021,5.58,72,24,2.07,18,0,10000,1021,5.58,72,24,2.07,18,0,10000,1021,5.58,72,24,2.07,18,0,10000
1021,9.84,93,310,5.66,100,0,10000,3,0,17,2,1020,7.11,68,5,1.16,43,0,10000,1020,7.11,68,5,1.16,43,0,10000,1020,7.11,68,5,1.16,43,0,10000,1020,7.11,68,5,1.16,43,0,10000,1020,7.11,68,5,1.16,43,0,10000,1020,7.11,68,5,1.16,43,0,10000,1020,7.11,68,5,1.16,43,0,10000,1020,7.11,68,5,1.16,43,0,10000,1020,7.11,68,5,1.16,43,0,10000,1020,7.11,68,5,1.16,43,0,10000,1020,7.11,68,5,1.16,43,0,10000,1020,7.11,68,5,1.16,43,0,10000
1021,9.84,93,310,5.66,100,0,10000,6,0,17,2,1019,8.9,64,324,2.03,100,0,10000,1019,8.9,64,324,2.03,100,0,10000,1019,8.9,64,324,2.03,100,0,10000,1019,8.9,64,324,2.03,100,0,10000,1019,8.9,64,324,2.03,100,0,10000,1019,8.9,64,324,2.03,100,0,10000,1019,8.9,64,324,2.03,100,0,10000,1019,8.9,64,324,2.03,100,0,10000,1019,8.9,64,324,2.03,100,0,10000,1019,8.9,64,324,2.03,100,0,10000,1019,8.9,64,324,2.03,100,0,10000,1019,8.9,64,324,2.03,100,0,10000
1021,9.84,93,310,5.66,100,0,10000,9,0,17,2,1018,9.62,64,297,2.19,100,0,10000,1018,9.62,64,297,2.19,100,0,10000,1018,9.62,64,297,2.19,100,0,10000,1018,9.62,64,297,2.19,100,0,10000,1018,9.62,64,297,2.19,100,0,10000,1018,9.62,64,297,2.19,100,0,10000,1018,9.62,64,297,2.19,100,0,10000,1018,9.62,64,297,2.19,100,0,10000,1018,9.62,64,297,2.19,100,0,10000,1018,9.62,64,297,2.19,100,0,10000,1018,9.62,64,297,2.19,100,0,10000,1018,9.62,64,297,2.19,100,0,10000
1021,9.84,93,310,5.66,100,0,10000,12,0,17,2,1017,10.16,63,290,2.74,86,0,10000,1017,10.16,63,290,2.74,86,0,10000,1017,10.16,63,290,2.74,86,0,10000,1017,10.16,63,290,2.74,86,0,10000,1017,10.16,63,290,2.74,86,0,10000,1017,10.16,63,290,2.74,86,0,10000,1017,10.16,63,290,2.74,86,0,10000,1017,10.16,63,290,2.74,86,0,10000,1017,10.16,63,290,2.74,86,0,10000,1017,10.16,63,290,2.74,86,0,10000,1017,10.16,63,290,2.74,86,0,10000,1017,10.16,63,290,2.74,86,0,10000
1021,9.84,93,310,5.66,100,0,10000,15,0,17,2,1021,9.84,93,356,4.34,100,0,10000,1021,9.84,93,356,4.34,100,0,10000,1021,9.84,93,356,4.34,100,0,10000,1021,9.84,93,356,4.34,100,0,10000,1021,9.84,93,356,4.34,100,0,10000,1021,9.84,93,356,4.34,100,0,10000,1021,9.84,93,356,4.34,100,0,10000,1021,9.84,93,356,4.34,100,0,10000,1021,9.84,93,356,4.34,100,0,10000,1021,9.84,93,356,4.34,100,0,10000,1021,9.84,93,356,4.34,100,0,10000,1021,9.84,93,356,4.34,100,0,10000
1021,9.84,93,310,5.66,100,0,10000,18,0,17,2,1021,9.46,87,360,4.3,100,0,10000,1021,9.46,87,360,4.3,100,0,10000,1021,9.46,87,360,4.3,100,0,10000,1021,9.46,87,360,4.3,100,0,10000,1021,9.46,87,360,4.3,100,0,10000,1021,9.46,87,360,4.3,100,0,10000,1021,9.46,87,360,4.3,100,0,10000,1021,9.46,87,360,4.3,100,0,10000,1021,9.46,87,360,4.3,100,0,10000,1021,9.46,87,360,4.3,100,0,10000,1021,9.46,87,360,4.3,100,0,10000,1021,9.46,87,360,4.3,100,0,10000
1021,9.84,93,310,5.66,100,0,10000,21,0,17,2,1022,8.51,84,33,4.61,99,0,10000,1022,8.51,84,33,4.61,99,0,10000,1022,8.51,84,33,4.61,99,0,10000,1022,8.51,84,33,4.61,99,0,10000,1022,8.51,84,33,4.61,99,0,10000,1022,8.51,84,33,4.61,99,0,10000,1022,8.51,84,33,4.61,99,0,10000,1022,8.51,84,33,4.61,99,0,10000,1022,8.51,84,33,4.61,99,0,10000,1022,8.51,84,33,4.61,99,0,10000,1022,8.51,84,33,4.61,99,0,10000,1022,8.51,84,33,4.61,99,0,10000
1021,9.84,93,310,5.66,100,0,10000,0,0,18,2,1021,5.58,72,24,2.07,18,0,10000,1021,5.58,72,24,2.07,18,0,10000,1021,5.58,72,24,2.07,18,0,10000,1021,5.58,72,24,2.07,18,0,10000,1021,5.58,72,24,2.07,18,0,10000,1021,5.58,72,24,2.07,18,0,10000,1021,5.58,72,24,2.07,18,0,10000,1021,5.58,72,24,2.07,18,0,10000,1021,5.58,72,24,2.07,18,0,10000,1021,5.58,72,24,2.07,18,0,10000,1021,5.58,72,24,2.07,18,0,10000,1021,5.58,72,24,2.07,18,0,10000
1021,9.84,93,310,5.66,100,0,10000,3,0,18,2,1020,7.11,68,5,1.16,43,0,10000,1020,7.11,68,5,1.16,43,0,10000,1020,7.11,68,5,1.16,43,0,10000,1020,7.11,68,5,1.16,43,0,10000,1020,7.11,68,5,1.16,43,0,10000,1020,7.11,68,5,1.16,43,0,10000,1020,7.11,68,5,1.16,43,0,10000,1020,7.11,68,5,1.16,43,0,10000,1020,7.11,68,5,1.16,43,0,10000,1020,7.11,68,5,1.16,43,0,10000,1020,7.11,68,5,1.16,43,0,10000,1020,7.11,68,5,1.16,43,0,10000
1021,9.84,93,310,5.66,100,0,10000,6,0,18,2,1019,8.9,64,324,2.03,100,0,10000,1019,8.9,64,324,2.03,100,0,10000,1019,8.9,64,324,2.03,100,0,10000,1019,8.9,64,324,2.03,100,0,10000,1019,8.9,64,324,2.03,100,0,10000,1019,8.9,64,324,2.03,100,0,10000,1019,8.9,64,324,2.03,100,0,10000,1019,8.9,64,324,2.03,100,0,10000,1019,8.9,64,324,2.03,100,0,10000,1019,8.9,64,324,2.03,100,0,10000,1019,8.9,64,324,2.03,100,0,10000,1019,8.9,64,324,2.03,100,0,10000
1021,9.84,93,310,5.66,100,0,10000,9,0,18,2,1018,9.62,64,297,2.19,100,0,10000,1018,9.62,64,297,2.19,100,0,10000,1018,9.62,64,297,2.19,100,0,10000,1018,9.62,64,297,2.19,100,0,10000,1018,9.62,64,297,2.19,100,0,10000,1018,9.62,64,297,2.19,100,0,10000,1018,9.62,64,297,2.19,100,0,10000,1018,9.62,64,297,2.19,100,0,10000,1018,9.62,64,297,2.19,100,0,10000,1018,9.62,64,297,2.19,100,0,10000,1018,9.62,64,297,2.19,100,0,10000,1018,9.62,64,297,2.19,100,0,10000
1021,9.84,93,310,5.66,100,0,10000,12,0,18,2,1017,10.16,63,290,2.74,86,0,10000,1017,10.16,63,290,2.74,86,0,10000,1017,10.16,63,290,2.74,86,0,10000,1017,10.16,63,290,2.74,86,0,10000,1017,10.16,63,290,2.74,86,0,10000,1017,10.16,63,290,2.74,86,0,10000,1017,10.16,63,290,2.74,86,0,10000,1017,10.16,63,290,2.74,86,0,10000,1017,10.16,63,290,2.74,86,0,10000,1017,10.16,63,290,2.74,86,0,10000,1017,10.16,63,290,2.74,86,0,10000,1017,10.16,63,290,2.74,86,0,10000
1021,9.84,93,310,5.66,100,0,10000,15,0,18,2,1021,9.84,93,356,4.34,100,0,10000,1021,9.84,93,356,4.34,100,0,10000,1021,9.84,93,356,4.34,100,0,10000,1021,9.84,93,356,4.34,100,0,10000,1021,9.84,93,356,4.34,100,0,10000,1021,9.84,93,356,4.34,100,0,10000,1021,9.84,93,356,4.34,100,0,10000,1021,9.84,93,356,4.34,100,0,10000,1021,9.84,93,356,4.34,100,0,10000,1021,9.84,93,356,4.34,100,0,10000,1021,9.84,93,356,4.34,100,0,10000,1021,9.84,93,356,4.34,100,0,10000
1021,9.84,93,310,5.66,100,0,10000,18,0,18,2,1021,9.46,87,360,4.3,100,0,10000,1021,9.46,87,360,4.3,100,0,10000,1021,9.46,87,360,4.3,100,0,10000,1021,9.46,87,360,4.3,100,0,10000,1021,9.46,87,360,4.3,100,0,10000,1021,9.46,87,360,4.3,100,0,10000,1021,9.46,87,360,4.3,100,0,10000,1021,9.46,87,360,4.3,100,0,10000,1021,9.46,87,360,4.3,100,0,10000,1021,9.46,87,360,4.3,100,0,10000,1021,9.46,87,360,4.3,100,0,10000,1021,9.46,87,360,4.3,100,0,10000
1021,9.84,93,310,5.66,100,0,10000,21,0,18,2,1022,8.51,84,33,4.61,99,0,10000,1022,8.51,84,33,4.61,99,0,10000,1022,8.51,84,33,4.61,99,0,10000,1022,8.51,84,33,4.61,99,0,10000,1022,8.51,84,33,4.61,99,0,10000,1022,8.51,84,33,4.61,99,0,10000,1022,8.51,84,33,4.61,99,0,10000,1022,8.51,84,33,4.61,99,0,10000,1022,8.51,84,33,4.61,99,0,10000,1022,8.51,84,33,4.61,99,0,10000,1022,8.51,84,33,4.61,99,0,10000,1022,8.51,84,33,4.61,99,0,10000
1021,9.84,93,310,5.66,100,0,10000,0,0,19,2,1021,5.58,72,24,2.07,18,0,10000,1021,5.58,72,24,2.07,18,0,10000,1021,5.58,72,24,2.07,18,0,10000,1021,5.58,72,24,2.07,18,0,10000,1021,5.58,72,24,2.07,18,0,10000,1021,5.58,72,24,2.07,18,0,10000,1021,5.58,72,24,2.07,18,0,10000,1021,5.58,72,24,2.07,18,0,10000,1021,5.58,72,24,2.07,18,0,10000,1021,5.58,72,24,2.07,18,0,10000,1021,5.58,72,24,2.07,18,0,10000,1021,5.58,72,24,2.07,18,0,10000
1021,9.84,93,310,5.66,100,0,10000,3,0,19,2,1020,7.11,68,5,1.16,43,0,10000,1020,7.11,68,5,1.16,43,0,10000,1020,7.11,68,5,1.16,43,0,10000,1020,7.11,68,5,1.16,43,0,10000,1020,7.11,68,5,1.16,43,0,10000,1020,7.11,68,5,1.16,43,0,10000,1020,7.11,68,5,1.16,43,0,10000,1020,7.11,68,5,1.16,43,0,10000,1020,7.11,68,5,1.16,43,0,10000,1020,7.11,68,5,1.16,43,0,10000,1020,7.11,68,5,1.16,43,0,10000,1020,7.11,68,5,1.16,43,0,10000
1021,9.84,93,310,5.66,100,0,10000,6,0,19,2,1019,8.9,64,324,2.03,100,0,10000,1019,8.9,64,324,2.03,100,0,10000,1019,8.9,64,324,2.03,100,0,10000,1019,8.9,64,324,2.03,100,0,10000,1019,8.9,64,324,2.03,100,0,10000,1019,8.9,64,324,2.03,100,0,10000,1019,8.9,64,324,2.03,100,0,10000,1019,8.9,64,324,2.03,100,0,10000,1019,8.9,64,324,2.03,100,0,10000,1019,8.9,64,324,2.03,100,0,10000,1019,8.9,64,324,2.03,100,0,10000,1019,8.9,64,324,2.03,100,0,10000
1021,9.84,93,310,5.66,100,0,10000,9,0,19,2,1018,9.62,64,297,2.19,100,0,10000,1018,9.62,64,297,2.19,100,0,10000,1018,9.62,64,297,2.19,100,0,10000,1018,9.62,64,297,2.19,100,0,10000,1018,9.62,64,297,2.19,100,0,10000,1018,9.62,64,297,2.19,100,0,10000,1018,9.62,64,297,2.19,100,0,10000,1018,9.62,64,297,2.19,100,0,10000,1018,9.62,64,297,2.19,100,0,10000,1018,9.62,64,297,2.19,100,0,10000,1018,9.62,64,297,2.19,100,0,10000,1018,9.62,64,297,2.19,100,0,10000
1021,9.84,93,310,5.66,100,0,10000,12,0,19,2,1017,10.16,63,290,2.74,86,0,10000,1017,10.16,63,290,2.74,86,0,10000,1017,10.16,63,290,2.74,86,0,10000,1017,10.16,63,290,2.74,86,0,10000,1017,10.16,63,290,2.74,86,0,10000,1017,10.16,63,290,2.74,86,0,10000,1017,10.16,63,290,2.74,86,0,10000,1017,10.16,63,290,2.74,86,0,10000,1017,10.16,63,290,2.74,86,0,10000,1017,10.16,63,290,2.74,86,0,10000,1017,10.16,63,290,2.74,86,0,10000,1017,10.16,63,290,2.74,86,0,10000
1021,9.84,93,310,5.66,100,0,10000,15,0,19,2,1021,9.84,93,356,4.34,100,0,10000,1021,9.84,93,356,4.34,100,0,10000,1021,9.84,93,356,4.34,100,0,10000,1021,9.84,93,356,4.34,100,0,10000,1021,9.84,93,356,4.34,100,0,10000,1021,9.84,93,356,4.34,100,0,10000,1021,9.84,93,356,4.34,100,0,10000,1021,9.84,93,356,4.34,100,0,10000,1021,9.84,93,356,4.34,100,0,10000,1021,9.84,93,356,4.34,100,0,10000,1021,9.84,93,356,4.34,100,0,10000,1021,9.84,93,356,4.34,100,0,10000
1021,9.84,93,310,5.66,100,0,10000,18,0,19,2,1021,9.46,87,360,4.3,100,0,10000,1021,9.46,87,360,4.3,100,0,10000,1021,9.46,87,360,4.3,100,0,10000,1021,9.46,87,360,4.3,100,0,10000,1021,9.46,87,360,4.3,100,0,10000,1021,9.46,87,360,4.3,100,0,10000,1021,9.46,87,360,4.3,100,0,10000,1021,9.46,87,360,4.3,100,0,10000,1021,9.46,87,360,4.3,100,0,10000,1021,9.46,87,360,4.3,100,0,10000,1021,9.46,87,360,4.3,100,0,10000,1021,9.46,87,360,4.3,100,0,10000
1021,9.84,93,310,5.66,100,0,10000,21,0,19,2,1022,8.51,84,33,4.61,99,0,10000,1022,8.51,84,33,4.61,99,0,10000,1022,8.51,84,33,4.61,99,0,10000,1022,8.51,84,33,4.61,99,0,10000,1022,8.51,84,33,4.61,99,0,10000,1022,8.51,84,33,4.61,99,0,10000,1022,8.51,84,33,4.61,99,0,10000,1022,8.51,84,33,4.61,99,0,10000,1022,8.51,84,33,4.61,99,0,10000,1022,8.51,84,33,4.61,99,0,10000,1022,8.51,84,33,4.61,99,0,10000,1022,8.51,84,33,4.61,99,0,10000
1021,9.84,93,310,5.66,100,0,10000,0,0,20,2,1021,5.58,72,24,2.07,18,0,10000,1021,5.58,72,24,2.07,18,0,10000,1021,5.58,72,24,2.07,18,0,10000,1021,5.58,72,24,2.07,18,0,10000,1021,5.58,72,24,2.07,18,0,10000,1021,5.58,72,24,2.07,18,0,10000,1021,5.58,72,24,2.07,18,0,10000,1021,5.58,72,24,2.07,18,0,10000,1021,5.58,72,24,2.07,18,0,10000,1021,5.58,72,24,2.07,18,0,10000,1021,5.58,72,24,2.07,18,0,10000,1021,5.58,72,24,2.07,18,0,10000
