1014,9.84,66,10,2.06,0,0,10000,0,0,10,4,1014,9.84,66,16,3.91,0,0,10000,1014,9.84,66,16,3.91,0,0,10000,1014,9.84,66,16,3.91,0,0,10000,1014,9.84,66,16,3.91,0,0,10000,1014,9.84,66,16,3.91,0,0,10000,1014,9.84,66,16,3.91,0,0,10000,1014,9.84,66,16,3.91,0,0,10000,1014,9.84,66,16,3.91,0,0,10000,1014,9.84,66,16,3.91,0,0,10000,1014,9.84,66,16,3.91,0,0,10000,1014,9.84,66,16,3.91,0,0,10000,1014,9.84,66,16,3.91,0,0,10000
1014,9.84,66,10,2.06,0,0,10000,1,0,10,4,1014,9.84,66,16,3.91,0,0,10000,1014,9.84,66,16,3.91,0,0,10000,1014,9.84,66,16,3.91,0,0,10000,1014,9.84,66,16,3.91,0,0,10000,1014,9.84,66,16,3.91,0,0,10000,1014,9.84,66,16,3.91,0,0,10000,1014,9.84,66,16,3.91,0,0,10000,1014,9.84,66,16,3.91,0,0,10000,1014,9.84,66,16,3.91,0,0,10000,1014,9.84,66,16,3.91,0,0,10000,1014,9.84,66,16,3.91,0,0,10000,1014,9.84,66,16,3.91,0,0,10000
1014,9.84,66,10,2.06,0,0,10000,2,0,10,4,1014,9.84,66,16,3.91,0,0,10000,1014,9.84,66,16,3.91,0,0,10000,1014,9.84,66,16,3.91,0,0,10000,1014,9.84,66,16,3.91,0,0,10000,1014,9.84,66,16,3.91,0,0,10000,1014,9.84,66,16,3.91,0,0,10000,1014,9.84,66,16,3.91,0,0,10000,1014,9.84,66,16,3.91,0,0,10000,1014,9.84,66,16,3.91,0,0,10000,1014,9.84,66,16,3.91,0,0,10000,1014,9.84,66,16,3.91,0,0,10000,1014,9.84,66,16,3.91,0,0,10000
1014,9.84,66,10,2.06,0,0,10000,3,0,10,4,1014,9.84,66,16,3.91,0,0,10000,1014,9.84,66,16,3.91,0,0,10000,1014,9.84,66,16,3.91,0,0,10000,1014,9.84,66,16,3.91,0,0,10000,1014,9.84,66,16,3.91,0,0,10000,1014,9.84,66,16,3.91,0,0,10000,1014,9.84,66,16,3.91,0,0,10000,1014,9.84,66,16,3.91,0,0,10000,1014,9.84,66,16,3.91,0,0,10000,1014,9.84,66,16,3.91,0,0,10000,1014,9.84,66,16,3.91,0,0,10000,1014,9.84,66,16,3.91,0,0,10000
1014,9.84,66,10,2.06,0,0,10000,4,0,10,4,1014,9.84,66,16,3.91,0,0,10000,1014,9.84,66,16,3.91,0,0,10000,1014,9.84,66,16,3.91,0,0,10000,1014,9.84,66,16,3.91,0,0,10000,1014,9.84,66,16,3.91,0,0,10000,1014,9.84,66,16,3.91,0,0,10000,1014,9.84,66,16,3.91,0,0,10000,1014,9.84,66,16,3.91,0,0,10000,1014,9.84,66,16,3.91,0,0,10000,1014,9.84,66,16,3.91,0,0,10000,1014,9.84,66,16,3.91,0,0,10000,1014,9.84,66,16,3.91,0,0,10000
1014,9.84,66,10,2.06,0,0,10000,5,0,10,4,1014,9.84,66,16,3.91,0,0,10000,1014,9.84,66,16,3.91,0,0,10000,1014,9.84,66,16,3.91,0,0,10000,1014,9.84,66,16,3.91,0,0,10000,1014,9.84,66,16,3.91,0,0,10000,1014,9.84,66,16,3.91,0,0,10000,1014,9.84,66,16,3.91,0,0,10000,1014,9.84,66,16,3.91,0,0,10000,1014,9.84,66,16,3.91,0,0,10000,1014,9.84,66,16,3.91,0,0,10000,1014,9.84,66,16,3.91,0,0,10000,1014,9.84,66,16,3.91,0,0,10000
1014,9.84,66,10,2.06,0,0,10000,6,0,10,4,1014,9.84,66,16,3.91,0,0,10000,1014,9.84,66,16,3.91,0,0,10000,1014,9.84,66,16,3.91,0,0,10000,1014,9.84,66,16,3.91,0,0,10000,1014,9.84,66,16,3.91,0,0,10000,1014,9.84,66,16,3.91,0,0,10000,1014,9.84,66,16,3.91,0,0,10000,1014,9.84,66,16,3.91,0,0,10000,1014,9.84,66,16,3.91,0,0,10000,1014,9.84,66,16,3.91,0,0,10000,1014,9.84,66,16,3.91,0,0,10000,1014,9.84,66,16,3.91,0,0,10000
1014,9.84,66,10,2.06,0,0,10000,7,0,10,4,1014,9.84,66,16,3.91,0,0,10000,1014,9.84,66,16,3.91,0,0,10000,1014,9.84,66,16,3.91,0,0,10000,1014,9.84,66,16,3.91,0,0,10000,1014,9.84,66,16,3.91,0,0,10000,1014,9.84,66,16,3.91,0,0,10000,1014,9.84,66,16,3.91,0,0,10000,1014,9.84,66,16,3.91,0,0,10000,1014,9.84,66,16,3.91,0,0,10000,1014,9.84,66,16,3.91,0,0,10000,1014,9.84,66,16,3.91,0,0,10000,1014,9.84,66,16,3.91,0,0,10000
1014,9.84,66,10,2.06,0,0,10000,8,0,10,4,1014,9.84,66,16,3.91,0,0,10000,1014,9.84,66,16,3.91,0,0,10000,1014,9.84,66,16,3.91,0,0,10000,1014,9.84,66,16,3.91,0,0,10000,1014,9.84,66,16,3.91,0,0,10000,1014,9.84,66,16,3.91,0,0,10000,1014,9.84,66,16,3.91,0,0,10000,1014,9.84,66,16,3.91,0,0,10000,1014,9.84,66,16,3.91,0,0,10000,1014,9.84,66,16,3.91,0,0,10000,1014,9.84,66,16,3.91,0,0,10000,1014,9.84,66,16,3.91,0,0,10000
1014,9.84,66,10,2.06,0,0,10000,9,0,10,4,1014,9.84,66,16,3.91,0,0,10000,1014,9.84,66,16,3.91,0,0,10000,1014,9.84,66,16,3.91,0,0,10000,1014,9.84,66,16,3.91,0,0,10000,1014,9.84,66,16,3.91,0,0,10000,1014,9.84,66,16,3.91,0,0,10000,1014,9.84,66,16,3.91,0,0,10000,1014,9.84,66,16,3.91,0,0,10000,1014,9.84,66,16,3.91,0,0,10000,1014,9.84,66,16,3.91,0,0,10000,1014,9.84,66,16,3.91,0,0,10000,1014,9.84,66,16,3.91,0,0,10000
1014,9.84,66,10,2.06,0,0,10000,10,0,10,4,1014,9.84,66,16,3.91,0,0,10000,1014,9.84,66,16,3.91,0,0,10000,1014,9.84,66,16,3.91,0,0,10000,1014,9.84,66,16,3.91,0,0,10000,1014,9.84,66,16,3.91,0,0,10000,1014,9.84,66,16,3.91,0,0,10000,1014,9.84,66,16,3.91,0,0,10000,1014,9.84,66,16,3.91,0,0,10000,1014,9.84,66,16,3.91,0,0,10000,1014,9.84,66,16,3.91,0,0,10000,1014,9.84,66,16,3.91,0,0,10000,1014,9.84,66,16,3.91,0,0,10000
1014,9.84,66,10,2.06,0,0,10000,11,0,10,4,1014,9.84,66,16,3.91,0,0,10000,1014,9.84,66,16,3.91,0,0,10000,1014,9.84,66,16,3.91,0,0,10000,1014,9.84,66,16,3.91,0,0,10000,1014,9.84,66,16,3.91,0,0,10000,1014,9.84,66,16,3.91,0,0,10000,1014,9.84,66,16,3.91,0,0,10000,1014,9.84,66,16,3.91,0,0,10000,1014,9.84,66,16,3.91,0,0,10000,1014,9.84,66,16,3.91,0,0,10000,1014,9.84,66,16,3.91,0,0,10000,1014,9.84,66,16,3.91,0,0,10000
1014,9.84,66,10,2.06,0,0,10000,12,0,10,4,1014,9.84,66,16,3.91,0,0,10000,1014,9.84,66,16,3.91,0,0,10000,1014,9.84,66,16,3.91,0,0,10000,1014,9.84,66,16,3.91,0,0,10000,1014,9.84,66,16,3.91,0,0,10000,1014,9.84,66,16,3.91,0,0,10000,1014,9.84,66,16,3.91,0,0,10000,1014,9.84,66,16,3.91,0,0,10000,1014,9.84,66,16,3.91,0,0,10000,1014,9.84,66,16,3.91,0,0,10000,1014,9.84,66,16,3.91,0,0,10000,1014,9.84,66,16,3.91,0,0,10000
1014,9.84,66,10,2.06,0,0,10000,13,0,10,4,1014,9.84,66,16,3.91,0,0,10000,1014,9.84,66,16,3.91,0,0,10000,1014,9.84,66,16,3.91,0,0,10000,1014,9.84,66,16,3.91,0,0,10000,1014,9.84,66,16,3.91,0,0,10000,1014,9.84,66,16,3.91,0,0,10000,1014,9.84,66,16,3.91,0,0,10000,1014,9.84,66,16,3.91,0,0,10000,1014,9.84,66,16,3.91,0,0,10000,1014,9.84,66,16,3.91,0,0,10000,1014,9.84,66,16,3.91,0,0,10000,1014,9.84,66,16,3.91,0,0,10000
1014,9.84,66,10,2.06,0,0,10000,14,0,10,4,1014,9.84,66,16,3.91,0,0,10000,1014,9.84,66,16,3.91,0,0,10000,1014,9.84,66,16,3.91,0,0,10000,1014,9.84,66,16,3.91,0,0,10000,1014,9.84,66,16,3.91,0,0,10000,1014,9.84,66,16,3.91,0,0,10000,1014,9.84,66,16,3.91,0,0,10000,1014,9.84,66,16,3.91,0,0,10000,1014,9.84,66,16,3.91,0,0,10000,1014,9.84,66,16,3.91,0,0,10000,1014,9.84,66,16,3.91,0,0,10000,1014,9.84,66,16,3.91,0,0,10000
1014,9.84,66,10,2.06,0,0,10000,15,0,10,4,1014,9.84,66,16,3.91,0,0,10000,1014,9.84,66,16,3.91,0,0,10000,1014,9.84,66,16,3.91,0,0,10000,1014,9.84,66,16,3.91,0,0,10000,1014,9.84,66,16,3.91,0,0,10000,1014,9.84,66,16,3.91,0,0,10000,1014,9.84,66,16,3.91,0,0,10000,1014,9.84,66,16,3.91,0,0,10000,1014,9.84,66,16,3.91,0,0,10000,1014,9.84,66,16,3.91,0,0,10000,1014,9.84,66,16,3.91,0,0,10000,1014,9.84,66,16,3.91,0,0,10000
1014,9.84,66,10,2.06,0,0,10000,16,0,10,4,1014,9.84,66,16,3.91,0,0,10000,1014,9.84,66,16,3.91,0,0,10000,1014,9.84,66,16,3.91,0,0,10000,1014,9.84,66,16,3.91,0,0,10000,1014,9.84,66,16,3.91,0,0,10000,1014,9.84,66,16,3.91,0,0,10000,1014,9.84,66,16,3.91,0,0,10000,1014,9.84,66,16,3.91,0,0,10000,1014,9.84,66,16,3.91,0,0,10000,1014,9.84,66,16,3.91,0,0,10000,1014,9.84,66,16,3.91,0,0,10000,1014,9.84,66,16,3.91,0,0,10000
1014,9.84,66,10,2.06,0,0,10000,17,0,10,4,1014,9.84,66,16,3.91,0,0,10000,1014,9.84,66,16,3.91,0,0,10000,1014,9.84,66,16,3.91,0,0,10000,1014,9.84,66,16,3.91,0,0,10000,1014,9.84,66,16,3.91,0,0,10000,1014,9.84,66,16,3.91,0,0,10000,1014,9.84,66,16,3.91,0,0,10000,1014,9.84,66,16,3.91,0,0,10000,1014,9.84,66,16,3.91,0,0,10000,1014,9.84,66,16,3.91,0,0,10000,1014,9.84,66,16,3.91,0,0,10000,1014,9.84,66,16,3.91,0,0,10000
1014,9.84,66,10,2.06,0,0,10000,18,0,10,4,1014,9.84,66,16,3.91,0,0,10000,1014,9.84,66,16,3.91,0,0,10000,1014,9.84,66,16,3.91,0,0,10000,1014,9.84,66,16,3.91,0,0,10000,1014,9.84,66,16,3.91,0,0,10000,1014,9.84,66,16,3.91,0,0,10000,1014,9.84,66,16,3.91,0,0,10000,1014,9.84,66,16,3.91,0,0,10000,1014,9.84,66,16,3.91,0,0,10000,1014,9.84,66,16,3.91,0,0,10000,1014,9.84,66,16,3.91,0,0,10000,1014,9.84,66,16,3.91,0,0,10000
1014,9.84,66,10,2.06,0,0,10000,19,0,10,4,1014,9.84,66,16,3.91,0,0,10000,1014,9.84,66,16,3.91,0,0,10000,1014,9.84,66,16,3.91,0,0,10000,1014,9.84,66,16,3.91,0,0,10000,1014,9.84,66,16,3.91,0,0,10000,1014,9.84,66,16,3.91,0,0,10000,1014,9.84,66,16,3.91,0,0,10000,1014,9.84,66,16,3.91,0,0,10000,1014,9.84,66,16,3.91,0,0,10000,1014,9.84,66,16,3.91,0,0,10000,1014,9.84,66,16,3.91,0,0,10000,1014,9.84,66,16,3.91,0,0,10000
1014,9.84,66,10,2.06,0,0,10000,20,0,10,4,1014,9.84,66,16,3.91,0,0,10000,1014,9.84,66,16,3.91,0,0,10000,1014,9.84,66,16,3.91,0,0,10000,1014,9.84,66,16,3.91,0,0,10000,1014,9.84,66,16,3.91,0,0,10000,1014,9.84,66,16,3.91,0,0,10000,1014,9.84,66,16,3.91,0,0,10000,1014,9.84,66,16,3.91,0,0,10000,1014,9.84,66,16,3.91,0,0,10000,1014,9.84,66,16,3.91,0,0,10000,1014,9.84,66,16,3.91,0,0,10000,1014,9.84,66,16,3.91,0,0,10000
1014,9.84,66,10,2.06,0,0,10000,21,0,10,4,1014,9.84,66,16,3.91,0,0,10000,1014,9.84,66,16,3.91,0,0,10000,1014,9.84,66,16,3.91,0,0,10000,1014,9.84,66,16,3.91,0,0,10000,1014,9.84,66,16,3.91,0,0,10000,1014,9.84,66,16,3.91,0,0,10000,1014,9.84,66,16,3.91,0,0,10000,1014,9.84,66,16,3.91,0,0,10000,1014,9.84,66,16,3.91,0,0,10000,1014,9.84,66,16,3.91,0,0,10000,1014,9.84,66,16,3.91,0,0,10000,1014,9.84,66,16,3.91,0,0,10000
1014,9.84,66,10,2.06,0,0,10000,22,0,10,4,1014,9.84,66,16,3.91,0,0,10000,1014,9.84,66,16,3.91,0,0,10000,1014,9.84,66,16,3.91,0,0,10000,1014,9.84,66,16,3.91,0,0,10000,1014,9.84,66,16,3.91,0,0,10000,1014,9.84,66,16,3.91,0,0,10000,1014,9.84,66,16,3.91,0,0,10000,1014,9.84,66,16,3.91,0,0,10000,1014,9.84,66,16,3.91,0,0,10000,1014,9.84,66,16,3.91,0,0,10000,1014,9.84,66,16,3.91,0,0,10000,1014,9.84,66,16,3.91,0,0,10000
1014,9.84,66,10,2.06,0,0,10000,23,0,10,4,1014,9.84,66,16,3.91,0,0,10000,1014,9.84,66,16,3.91,0,0,10000,1014,9.84,66,16,3.91,0,0,10000,1014,9.84,66,16,3.91,0,0,10000,1014,9.84,66,16,3.91,0,0,10000,1014,9.84,66,16,3.91,0,0,10000,1014,9.84,66,16,3.91,0,0,10000,1014,9.84,66,16,3.91,0,0,10000,1014,9.84,66,16,3.91,0,0,10000,1014,9.84,66,16,3.91,0,0,10000,1014,9.84,66,16,3.91,0,0,10000,1014,9.84,66,16,3.91,0,0,10000
1014,9.84,66,10,2.06,0,0,10000,0,0,11,4,1014,9.84,66,16,3.91,0,0,10000,1014,9.84,66,16,3.91,0,0,10000,1014,9.84,66,16,3.91,0,0,10000,1014,9.84,66,16,3.91,0,0,10000,1014,9.84,66,16,3.91,0,0,10000,1014,9.84,66,16,3.91,0,0,10000,1014,9.84,66,16,3.91,0,0,10000,1014,9.84,66,16,3.91,0,0,10000,1014,9.84,66,16,3.91,0,0,10000,1014,9.84,66,16,3.91,0,0,10000,1014,9.84,66,16,3.91,0,0,10000,1014,9.84,66,16,3.91,0,0,10000
1014,9.84,66,10,2.06,0,0,10000,1,0,11,4,1014,9.84,66,16,3.91,0,0,10000,1014,9.84,66,16,3.91,0,0,10000,1014,9.84,66,16,3.91,0,0,10000,1014,9.84,66,16,3.91,0,0,10000,1014,9.84,66,16,3.91,0,0,10000,1014,9.84,66,16,3.91,0,0,10000,1014,9.84,66,16,3.91,0,0,10000,1014,9.84,66,16,3.91,0,0,10000,1014,9.84,66,16,3.91,0,0,10000,1014,9.84,66,16,3.91,0,0,10000,1014,9.84,66,16,3.91,0,0,10000,1014,9.84,66,16,3.91,0,0,10000
1014,9.84,66,10,2.06,0,0,10000,2,0,11,4,1014,9.84,66,16,3.91,0,0,10000,1014,9.84,66,16,3.91,0,0,10000,1014,9.84,66,16,3.91,0,0,10000,1014,9.84,66,16,3.91,0,0,10000,1014,9.84,66,16,3.91,0,0,10000,1014,9.84,66,16,3.91,0,0,10000,1014,9.84,66,16,3.91,0,0,10000,1014,9.84,66,16,3.91,0,0,10000,1014,9.84,66,16,3.91,0,0,10000,1014,9.84,66,16,3.91,0,0,10000,1014,9.84,66,16,3.91,0,0,10000,1014,9.84,66,16,3.91,0,0,10000
1014,9.84,66,10,2.06,0,0,10000,3,0,11,4,1014,9.84,66,16,3.91,0,0,10000,1014,9.84,66,16,3.91,0,0,10000,1014,9.84,66,16,3.91,0,0,10000,1014,9.84,66,16,3.91,0,0,10000,1014,9.84,66,16,3.91,0,0,10000,1014,9.84,66,16,3.91,0,0,10000,1014,9.84,66,16,3.91,0,0,10000,1014,9.84,66,16,3.91,0,0,10000,1014,9.84,66,16,3.91,0,0,10000,1014,9.84,66,16,3.91,0,0,10000,1014,9.84,66,16,3.91,0,0,10000,1014,9.84,66,16,3.91,0,0,10000
1014,9.84,66,10,2.06,0,0,10000,4,0,11,4,1014,9.84,66,16,3.91,0,0,10000,1014,9.84,66,16,3.91,0,0,10000,1014,9.84,66,16,3.91,0,0,10000,1014,9.84,66,16,3.91,0,0,10000,1014,9.84,66,16,3.91,0,0,10000,1014,9.84,66,16,3.91,0,0,10000,1014,9.84,66,16,3.91,0,0,10000,1014,9.84,66,16,3.91,0,0,10000,1014,9.84,66,16,3.91,0,0,10000,1014,9.84,66,16,3.91,0,0,10000,1014,9.84,66,16,3.91,0,0,10000,1014,9.84,66,16,3.91,0,0,10000
1014,9.84,66,10,2.06,0,0,10000,5,0,11,4,1014,9.84,66,16,3.91,0,0,10000,1014,9.84,66,16,3.91,0,0,10000,1014,9.84,66,16,3.91,0,0,10000,1014,9.84,66,16,3.91,0,0,10000,1014,9.84,66,16,3.91,0,0,10000,1014,9.84,66,16,3.91,0,0,10000,1014,9.84,66,16,3.91,0,0,10000,1014,9.84,66,16,3.91,0,0,10000,1014,9.84,66,16,3.91,0,0,10000,1014,9.84,66,16,3.91,0,0,10000,1014,9.84,66,16,3.91,0,0,10000,1014,9.84,66,16,3.91,0,0,10000
1014,9.84,66,10,2.06,0,0,10000,6,0,11,4,1014,9.84,66,16,3.91,0,0,10000,1014,9.84,66,16,3.91,0,0,10000,1014,9.84,66,16,3.91,0,0,10000,1014,9.84,66,16,3.91,0,0,10000,1014,9.84,66,16,3.91,0,0,10000,1014,9.84,66,16,3.91,0,0,10000,1014,9.84,66,16,3.91,0,0,10000,1014,9.84,66,16,3.91,0,0,10000,1014,9.84,66,16,3.91,0,0,10000,1014,9.84,66,16,3.91,0,0,10000,1014,9.84,66,16,3.91,0,0,10000,1014,9.84,66,16,3.91,0,0,10000
1014,9.84,66,10,2.06,0,0,10000,7,0,11,4,1014,9.84,66,16,3.91,0,0,10000,1014,9.84,66,16,3.91,0,0,10000,1014,9.84,66,16,3.91,0,0,10000,1014,9.84,66,16,3.91,0,0,10000,1014,9.84,66,16,3.91,0,0,10000,1014,9.84,66,16,3.91,0,0,10000,1014,9.84,66,16,3.91,0,0,10000,1014,9.84,66,16,3.91,0,0,10000,1014,9.84,66,16,3.91,0,0,10000,1014,9.84,66,16,3.91,0,0,10000,1014,9.84,66,16,3.91,0,0,10000,1014,9.84,66,16,3.91,0,0,10000
1014,9.84,66,10,2.06,0,0,10000,8,0,11,4,1014,9.84,66,16,3.91,0,0,10000,1014,9.84,66,16,3.91,0,0,10000,1014,9.84,66,16,3.91,0,0,10000,1014,9.84,66,16,3.91,0,0,10000,1014,9.84,66,16,3.91,0,0,10000,1014,9.84,66,16,3.91,0,0,10000,1014,9.84,66,16,3.91,0,0,10000,1014,9.84,66,16,3.91,0,0,10000,1014,9.84,66,16,3.91,0,0,10000,1014,9.84,66,16,3.91,0,0,10000,1014,9.84,66,16,3.91,0,0,10000,1014,9.84,66,16,3.91,0,0,10000
1014,9.84,66,10,2.06,0,0,10000,9,0,11,4,1014,9.84,66,16,3.91,0,0,10000,1014,9.84,66,16,3.91,0,0,10000,1014,9.84,66,16,3.91,0,0,10000,1014,9.84,66,16,3.91,0,0,10000,1014,9.84,66,16,3.91,0,0,10000,1014,9.84,66,16,3.91,0,0,10000,1014,9.84,66,16,3.91,0,0,10000,1014,9.84,66,16,3.91,0,0,10000,1014,9.84,66,16,3.91,0,0,10000,1014,9.84,66,16,3.91,0,0,10000,1014,9.84,66,16,3.91,0,0,10000,1014,9.84,66,16,3.91,0,0,10000
1014,9.84,66,10,2.06,0,0,10000,10,0,11,4,1014,9.84,66,16,3.91,0,0,10000,1014,9.84,66,16,3.91,0,0,10000,1014,9.84,66,16,3.91,0,0,10000,1014,9.84,66,16,3.91,0,0,10000,1014,9.84,66,16,3.91,0,0,10000,1014,9.84,66,16,3.91,0,0,10000,1014,9.84,66,16,3.91,0,0,10000,1014,9.84,66,16,3.91,0,0,10000,1014,9.84,66,16,3.91,0,0,10000,1014,9.84,66,16,3.91,0,0,10000,1014,9.84,66,16,3.91,0,0,10000,1014,9.84,66,16,3.91,0,0,10000
1014,9.84,66,10,2.06,0,0,10000,11,0,11,4,1014,9.84,66,16,3.91,0,0,10000,1014,9.84,66,16,3.91,0,0,10000,1014,9.84,66,16,3.91,0,0,10000,1014,9.84,66,16,3.91,0,0,10000,1014,9.84,66,16,3.91,0,0,10000,1014,9.84,66,16,3.91,0,0,10000,1014,9.84,66,16,3.91,0,0,10000,1014,9.84,66,16,3.91,0,0,10000,1014,9.84,66,16,3.91,0,0,10000,1014,9.84,66,16,3.91,0,0,10000,1014,9.84,66,16,3.91,0,0,10000,1014,9.84,66,16,3.91,0,0,10000
1014,9.84,66,10,2.06,0,0,10000,12,0,11,4,1014,9.84,66,16,3.91,0,0,10000,1014,9.84,66,16,3.91,0,0,10000,1014,9.84,66,16,3.91,0,0,10000,1014,9.84,66,16,3.91,0,0,10000,1014,9.84,66,16,3.91,0,0,10000,1014,9.84,66,16,3.91,0,0,10000,1014,9.84,66,16,3.91,0,0,10000,1014,9.84,66,16,3.91,0,0,10000,1014,9.84,66,16,3.91,0,0,10000,1014,9.84,66,16,3.91,0,0,10000,1014,9.84,66,16,3.91,0,0,10000,1014,9.84,66,16,3.91,0,0,10000
1014,9.84,66,10,2.06,0,0,10000,13,0,11,4,1014,9.84,66,16,3.91,0,0,10000,1014,9.84,66,16,3.91,0,0,10000,1014,9.84,66,16,3.91,0,0,10000,1014,9.84,66,16,3.91,0,0,10000,1014,9.84,66,16,3.91,0,0,10000,1014,9.84,66,16,3.91,0,0,10000,1014,9.84,66,16,3.91,0,0,10000,1014,9.84,66,16,3.91,0,0,10000,1014,9.84,66,16,3.91,0,0,10000,1014,9.84,66,16,3.91,0,0,10000,1014,9.84,66,16,3.91,0,0,10000,1014,9.84,66,16,3.91,0,0,10000
1014,9.84,66,10,2.06,0,0,10000,14,0,11,4,1014,9.84,66,16,3.91,0,0,10000,1014,9.84,66,16,3.91,0,0,10000,1014,9.84,66,16,3.91,0,0,10000,1014,9.84,66,16,3.91,0,0,10000,1014,9.84,66,16,3.91,0,0,10000,1014,9.84,66,16,3.91,0,0,10000,1014,9.84,66,16,3.91,0,0,10000,1014,9.84,66,16,3.91,0,0,10000,1014,9.84,66,16,3.91,0,0,10000,1014,9.84,66,16,3.91,0,0,10000,1014,9.84,66,16,3.91,0,0,10000,1014,9.84,66,16,3.91,0,0,10000
1014,9.84,66,10,2.06,0,0,10000,15,0,11,4,1014,9.84,66,16,3.91,0,0,10000,1014,9.84,66,16,3.91,0,0,10000,1014,9.84,66,16,3.91,0,0,10000,1014,9.84,66,16,3.91,0,0,10000,1014,9.84,66,16,3.91,0,0,10000,1014,9.84,66,16,3.91,0,0,10000,1014,9.84,66,16,3.91,0,0,10000,1014,9.84,66,16,3.91,0,0,10000,1014,9.84,66,16,3.91,0,0,10000,1014,9.84,66,16,3.91,0,0,10000,1014,9.84,66,16,3.91,0,0,10000,1014,9.84,66,16,3.91,0,0,10000
1014,9.84,66,10,2.06,0,0,10000,16,0,11,4,1014,9.84,66,16,3.91,0,0,10000,1014,9.84,66,16,3.91,0,0,10000,1014,9.84,66,16,3.91,0,0,10000,1014,9.84,66,16,3.91,0,0,10000,1014,9.84,66,16,3.91,0,0,10000,1014,9.84,66,16,3.91,0,0,10000,1014,9.84,66,16,3.91,0,0,10000,1014,9.84,66,16,3.91,0,0,10000,1014,9.84,66,16,3.91,0,0,10000,1014,9.84,66,16,3.91,0,0,10000,1014,9.84,66,16,3.91,0,0,10000,1014,9.84,66,16,3.91,0,0,10000
1014,9.84,66,10,2.06,0,0,10000,17,0,11,4,1014,9.84,66,16,3.91,0,0,10000,1014,9.84,66,16,3.91,0,0,10000,1014,9.84,66,16,3.91,0,0,10000,1014,9.84,66,16,3.91,0,0,10000,1014,9.84,66,16,3.91,0,0,10000,1014,9.84,66,16,3.91,0,0,10000,1014,9.84,66,16,3.91,0,0,10000,1014,9.84,66,16,3.91,0,0,10000,1014,9.84,66,16,3.91,0,0,10000,1014,9.84,66,16,3.91,0,0,10000,1014,9.84,66,16,3.91,0,0,10000,1014,9.84,66,16,3.91,0,0,10000
1014,9.84,66,10,2.06,0,0,10000,18,0,11,4,1014,9.84,66,16,3.91,0,0,10000,1014,9.84,66,16,3.91,0,0,10000,1014,9.84,66,16,3.91,0,0,10000,1014,9.84,66,16,3.91,0,0,10000,1014,9.84,66,16,3.91,0,0,10000,1014,9.84,66,16,3.91,0,0,10000,1014,9.84,66,16,3.91,0,0,10000,1014,9.84,66,16,3.91,0,0,10000,1014,9.84,66,16,3.91,0,0,10000,1014,9.84,66,16,3.91,0,0,10000,1014,9.84,66,16,3.91,0,0,10000,1014,9.84,66,16,3.91,0,0,10000
1014,9.84,66,10,2.06,0,0,10000,19,0,11,4,1014,9.84,66,16,3.91,0,0,10000,1014,9.84,66,16,3.91,0,0,10000,1014,9.84,66,16,3.91,0,0,10000,1014,9.84,66,16,3.91,0,0,10000,1014,9.84,66,16,3.91,0,0,10000,1014,9.84,66,16,3.91,0,0,10000,1014,9.84,66,16,3.91,0,0,10000,1014,9.84,66,16,3.91,0,0,10000,1014,9.84,66,16,3.91,0,0,10000,1014,9.84,66,16,3.91,0,0,10000,1014,9.84,66,16,3.91,0,0,10000,1014,9.84,66,16,3.91,0,0,10000
1014,9.84,66,10,2.06,0,0,10000,20,0,11,4,1014,9.84,66,16,3.91,0,0,10000,1014,9.84,66,16,3.91,0,0,10000,1014,9.84,66,16,3.91,0,0,10000,1014,9.84,66,16,3.91,0,0,10000,1014,9.84,66,16,3.91,0,0,10000,1014,9.84,66,16,3.91,0,0,10000,1014,9.84,66,16,3.91,0,0,10000,1014,9.84,66,16,3.91,0,0,10000,1014,9.84,66,16,3.91,0,0,10000,1014,9.84,66,16,3.91,0,0,10000,1014,9.84,66,16,3.91,0,0,10000,1014,9.84,66,16,3.91,0,0,10000
1014,9.84,66,10,2.06,0,0,10000,21,0,11,4,1014,9.84,66,16,3.91,0,0,10000,1014,9.84,66,16,3.91,0,0,10000,1014,9.84,66,16,3.91,0,0,10000,1014,9.84,66,16,3.91,0,0,10000,1014,9.84,66,16,3.91,0,0,10000,1014,9.84,66,16,3.91,0,0,10000,1014,9.84,66,16,3.91,0,0,10000,1014,9.84,66,16,3.91,0,0,10000,1014,9.84,66,16,3.91,0,0,10000,1014,9.84,66,16,3.91,0,0,10000,1014,9.84,66,16,3.91,0,0,10000,1014,9.84,66,16,3.91,0,0,10000
1014,9.84,66,10,2.06,0,0,10000,22,0,11,4,1014,9.84,66,16,3.91,0,0,10000,1014,9.84,66,16,3.91,0,0,10000,1014,9.84,66,16,3.91,0,0,10000,1014,9.84,66,16,3.91,0,0,10000,1014,9.84,66,16,3.91,0,0,10000,1014,9.84,66,16,3.91,0,0,10000,1014,9.84,66,16,3.91,0,0,10000,1014,9.84,66,16,3.91,0,0,10000,1014,9.84,66,16,3.91,0,0,10000,1014,9.84,66,16,3.91,0,0,10000,1014,9.84,66,16,3.91,0,0,10000,1014,9.84,66,16,3.91,0,0,10000
1014,9.84,66,10,2.06,0,0,10000,23,0,11,4,1014,9.84,66,16,3.91,0,0,10000,1014,9.84,66,16,3.91,0,0,10000,1014,9.84,66,16,3.91,0,0,10000,1014,9.84,66,16,3.91,0,0,10000,1014,9.84,66,16,3.91,0,0,10000,1014,9.84,66,16,3.91,0,0,10000,1014,9.84,66,16,3.91,0,0,10000,1014,9.84,66,16,3.91,0,0,10000,1014,9.84,66,16,3.91,0,0,10000,1014,9.84,66,16,3.91,0,0,10000,1014,9.84,66,16,3.91,0,0,10000,1014,9.84,66,16,3.91,0,0,10000
1014,9.84,66,10,2.06,0,0,10000,0,0,12,4,1014,9.84,66,16,3.91,0,0,10000,1014,9.84,66,16,3.91,0,0,10000,1014,9.84,66,16,3.91,0,0,10000,1014,9.84,66,16,3.91,0,0,10000,1014,9.84,66,16,3.91,0,0,10000,1014,9.84,66,16,3.91,0,0,10000,1014,9.84,66,16,3.91,0,0,10000,1014,9.84,66,16,3.91,0,0,10000,1014,9.84,66,16,3.91,0,0,10000,1014,9.84,66,16,3.91,0,0,10000,1014,9.84,66,16,3.91,0,0,10000,1014,9.84,66,16,3.91,0,0,10000
1014,9.84,66,10,2.06,0,0,10000,1,0,12,4,1014,9.84,66,16,3.91,0,0,10000,1014,9.84,66,16,3.91,0,0,10000,1014,9.84,66,16,3.91,0,0,10000,1014,9.84,66,16,3.91,0,0,10000,1014,9.84,66,16,3.91,0,0,10000,1014,9.84,66,16,3.91,0,0,10000,1014,9.84,66,16,3.91,0,0,10000,1014,9.84,66,16,3.91,0,0,10000,1014,9.84,66,16,3.91,0,0,10000,1014,9.84,66,16,3.91,0,0,10000,1014,9.84,66,16,3.91,0,0,10000,1014,9.84,66,16,3.91,0,0,10000
1014,9.84,66,10,2.06,0,0,10000,2,0,12,4,1014,9.84,66,16,3.91,0,0,10000,1014,9.84,66,16,3.91,0,0,10000,1014,9.84,66,16,3.91,0,0,10000,1014,9.84,66,16,3.91,0,0,10000,1014,9.84,66,16,3.91,0,0,10000,1014,9.84,66,16,3.91,0,0,10000,1014,9.84,66,16,3.91,0,0,10000,1014,9.84,66,16,3.91,0,0,10000,1014,9.84,66,16,3.91,0,0,10000,1014,9.84,66,16,3.91,0,0,10000,1014,9.84,66,16,3.91,0,0,10000,1014,9.84,66,16,3.91,0,0,10000
1014,9.84,66,10,2.06,0,0,10000,3,0,12,4,1014,9.84,66,16,3.91,0,0,10000,1014,9.84,66,16,3.91,0,0,10000,1014,9.84,66,16,3.91,0,0,10000,1014,9.84,66,16,3.91,0,0,10000,1014,9.84,66,16,3.91,0,0,10000,1014,9.84,66,16,3.91,0,0,10000,1014,9.84,66,16,3.91,0,0,10000,1014,9.84,66,16,3.91,0,0,10000,1014,9.84,66,16,3.91,0,0,10000,1014,9.84,66,16,3.91,0,0,10000,1014,9.84,66,16,3.91,0,0,10000,1014,9.84,66,16,3.91,0,0,10000
1014,9.84,66,10,2.06,0,0,10000,4,0,12,4,1014,9.84,66,16,3.91,0,0,10000,1014,9.84,66,16,3.91,0,0,10000,1014,9.84,66,16,3.91,0,0,10000,1014,9.84,66,16,3.91,0,0,10000,1014,9.84,66,16,3.91,0,0,10000,1014,9.84,66,16,3.91,0,0,10000,1014,9.84,66,16,3.91,0,0,10000,1014,9.84,66,16,3.91,0,0,10000,1014,9.84,66,16,3.91,0,0,10000,1014,9.84,66,16,3.91,0,0,10000,1014,9.84,66,16,3.91,0,0,10000,1014,9.84,66,16,3.91,0,0,10000
1014,9.84,66,10,2.06,0,0,10000,5,0,12,4,1014,9.84,66,16,3.91,0,0,10000,1014,9.84,66,16,3.91,0,0,10000,1014,9.84,66,16,3.91,0,0,10000,1014,9.84,66,16,3.91,0,0,10000,1014,9.84,66,16,3.91,0,0,10000,1014,9.84,66,16,3.91,0,0,10000,1014,9.84,66,16,3.91,0,0,10000,1014,9.84,66,16,3.91,0,0,10000,1014,9.84,66,16,3.91,0,0,10000,1014,9.84,66,16,3.91,0,0,10000,1014,9.84,66,16,3.91,0,0,10000,1014,9.84,66,16,3.91,0,0,10000
1014,9.84,66,10,2.06,0,0,10000,6,0,12,4,1014,9.84,66,16,3.91,0,0,10000,1014,9.84,66,16,3.91,0,0,10000,1014,9.84,66,16,3.91,0,0,10000,1014,9.84,66,16,3.91,0,0,10000,1014,9.84,66,16,3.91,0,0,10000,1014,9.84,66,16,3.91,0,0,10000,1014,9.84,66,16,3.91,0,0,10000,1014,9.84,66,16,3.91,0,0,10000,1014,9.84,66,16,3.91,0,0,10000,1014,9.84,66,16,3.91,0,0,10000,1014,9.84,66,16,3.91,0,0,10000,1014,9.84,66,16,3.91,0,0,10000
1014,9.84,66,10,2.06,0,0,10000,7,0,12,4,1014,9.84,66,16,3.91,0,0,10000,1014,9.84,66,16,3.91,0,0,10000,1014,9.84,66,16,3.91,0,0,10000,1014,9.84,66,16,3.91,0,0,10000,1014,9.84,66,16,3.91,0,0,10000,1014,9.84,66,16,3.91,0,0,10000,1014,9.84,66,16,3.91,0,0,10000,1014,9.84,66,16,3.91,0,0,10000,1014,9.84,66,16,3.91,0,0,10000,1014,9.84,66,16,3.91,0,0,10000,1014,9.84,66,16,3.91,0,0,10000,1014,9.84,66,16,3.91,0,0,10000
1014,9.84,66,10,2.06,0,0,10000,8,0,12,4,1014,9.84,66,16,3.91,0,0,10000,1014,9.84,66,16,3.91,0,0,10000,1014,9.84,66,16,3.91,0,0,10000,1014,9.84,66,16,3.91,0,0,10000,1014,9.84,66,16,3.91,0,0,10000,1014,9.84,66,16,3.91,0,0,10000,1014,9.84,66,16,3.91,0,0,10000,1014,9.84,66,16,3.91,0,0,10000,1014,9.84,66,16,3.91,0,0,10000,1014,9.84,66,16,3.91,0,0,10000,1014,9.84,66,16,3.91,0,0,10000,1014,9.84,66,16,3.91,0,0,10000
1014,9.84,66,10,2.06,0,0,10000,9,0,12,4,1014,9.84,66,16,3.91,0,0,10000,1014,9.84,66,16,3.91,0,0,10000,1014,9.84,66,16,3.91,0,0,10000,1014,9.84,66,16,3.91,0,0,10000,1014,9.84,66,16,3.91,0,0,10000,1014,9.84,66,16,3.91,0,0,10000,1014,9.84,66,16,3.91,0,0,10000,1014,9.84,66,16,3.91,0,0,10000,1014,9.84,66,16,3.91,0,0,10000,1014,9.84,66,16,3.91,0,0,10000,1014,9.84,66,16,3.91,0,0,10000,1014,9.84,66,16,3.91,0,0,10000
1014,9.84,66,10,2.06,0,0,10000,10,0,12,4,1014,9.84,66,16,3.91,0,0,10000,1014,9.84,66,16,3.91,0,0,10000,1014,9.84,66,16,3.91,0,0,10000,1014,9.84,66,16,3.91,0,0,10000,1014,9.84,66,16,3.91,0,0,10000,1014,9.84,66,16,3.91,0,0,10000,1014,9.84,66,16,3.91,0,0,10000,1014,9.84,66,16,3.91,0,0,10000,1014,9.84,66,16,3.91,0,0,10000,1014,9.84,66,16,3.91,0,0,10000,1014,9.84,66,16,3.91,0,0,10000,1014,9.84,66,16,3.91,0,0,10000
1014,9.84,66,10,2.06,0,0,10000,11,0,12,4,1014,9.84,66,16,3.91,0,0,10000,1014,9.84,66,16,3.91,0,0,10000,1014,9.84,66,16,3.91,0,0,10000,1014,9.84,66,16,3.91,0,0,10000,1014,9.84,66,16,3.91,0,0,10000,1014,9.84,66,16,3.91,0,0,10000,1014,9.84,66,16,3.91,0,0,10000,1014,9.84,66,16,3.91,0,0,10000,1014,9.84,66,16,3.91,0,0,10000,1014,9.84,66,16,3.91,0,0,10000,1014,9.84,66,16,3.91,0,0,10000,1014,9.84,66,16,3.91,0,0,10000
1014,9.84,66,10,2.06,0,0,10000,12,0,12,4,1014,9.84,66,16,3.91,0,0,10000,1014,9.84,66,16,3.91,0,0,10000,1014,9.84,66,16,3.91,0,0,10000,1014,9.84,66,16,3.91,0,0,10000,1014,9.84,66,16,3.91,0,0,10000,1014,9.84,66,16,3.91,0,0,10000,1014,9.84,66,16,3.91,0,0,10000,1014,9.84,66,16,3.91,0,0,10000,1014,9.84,66,16,3.91,0,0,10000,1014,9.84,66,16,3.91,0,0,10000,1014,9.84,66,16,3.91,0,0,10000,1014,9.84,66,16,3.91,0,0,10000
1014,9.84,66,10,2.06,0,0,10000,13,0,12,4,1014,9.84,66,16,3.91,0,0,10000,1014,9.84,66,16,3.91,0,0,10000,1014,9.84,66,16,3.91,0,0,10000,1014,9.84,66,16,3.91,0,0,10000,1014,9.84,66,16,3.91,0,0,10000,1014,9.84,66,16,3.91,0,0,10000,1014,9.84,66,16,3.91,0,0,10000,1014,9.84,66,16,3.91,0,0,10000,1014,9.84,66,16,3.91,0,0,10000,1014,9.84,66,16,3.91,0,0,10000,1014,9.84,66,16,3.91,0,0,10000,1014,9.84,66,16,3.91,0,0,10000
1014,9.84,66,10,2.06,0,0,10000,14,0,12,4,1014,9.84,66,16,3.91,0,0,10000,1014,9.84,66,16,3.91,0,0,10000,1014,9.84,66,16,3.91,0,0,10000,1014,9.84,66,16,3.91,0,0,10000,1014,9.84,66,16,3.91,0,0,10000,1014,9.84,66,16,3.91,0,0,10000,1014,9.84,66,16,3.91,0,0,10000,1014,9.84,66,16,3.91,0,0,10000,1014,9.84,66,16,3.91,0,0,10000,1014,9.84,66,16,3.91,0,0,10000,1014,9.84,66,16,3.91,0,0,10000,1014,9.84,66,16,3.91,0,0,10000
1014,9.84,66,10,2.06,0,0,10000,15,0,12,4,1014,9.84,66,16,3.91,0,0,10000,1014,9.84,66,16,3.91,0,0,10000,1014,9.84,66,16,3.91,0,0,10000,1014,9.84,66,16,3.91,0,0,10000,1014,9.84,66,16,3.91,0,0,10000,1014,9.84,66,16,3.91,0,0,10000,1014,9.84,66,16,3.91,0,0,10000,1014,9.84,66,16,3.91,0,0,10000,1014,9.84,66,16,3.91,0,0,10000,1014,9.84,66,16,3.91,0,0,10000,1014,9.84,66,16,3.91,0,0,10000,1014,9.84,66,16,3.91,0,0,10000
1014,9.84,66,10,2.06,0,0,10000,16,0,12,4,1014,9.84,66,16,3.91,0,0,10000,1014,9.84,66,16,3.91,0,0,10000,1014,9.84,66,16,3.91,0,0,10000,1014,9.84,66,16,3.91,0,0,10000,1014,9.84,66,16,3.91,0,0,10000,1014,9.84,66,16,3.91,0,0,10000,1014,9.84,66,16,3.91,0,0,10000,1014,9.84,66,16,3.91,0,0,10000,1014,9.84,66,16,3.91,0,0,10000,1014,9.84,66,16,3.91,0,0,10000,1014,9.84,66,16,3.91,0,0,10000,1014,9.84,66,16,3.91,0,0,10000
1014,9.84,66,10,2.06,0,0,10000,17,0,12,4,1014,9.84,66,16,3.91,0,0,10000,1014,9.84,66,16,3.91,0,0,10000,1014,9.84,66,16,3.91,0,0,10000,1014,9.84,66,16,3.91,0,0,10000,1014,9.84,66,16,3.91,0,0,10000,1014,9.84,66,16,3.91,0,0,10000,1014,9.84,66,16,3.91,0,0,10000,1014,9.84,66,16,3.91,0,0,10000,1014,9.84,66,16,3.91,0,0,10000,1014,9.84,66,16,3.91,0,0,10000,1014,9.84,66,16,3.91,0,0,10000,1014,9.84,66,16,3.91,0,0,10000
1014,9.84,66,10,2.06,0,0,10000,18,0,12,4,1014,9.84,66,16,3.91,0,0,10000,1014,9.84,66,16,3.91,0,0,10000,1014,9.84,66,16,3.91,0,0,10000,1014,9.84,66,16,3.91,0,0,10000,1014,9.84,66,16,3.91,0,0,10000,1014,9.84,66,16,3.91,0,0,10000,1014,9.84,66,16,3.91,0,0,10000,1014,9.84,66,16,3.91,0,0,10000,1014,9.84,66,16,3.91,0,0,10000,1014,9.84,66,16,3.91,0,0,10000,1014,9.84,66,16,3.91,0,0,10000,1014,9.84,66,16,3.91,0,0,10000
1014,9.84,66,10,2.06,0,0,10000,19,0,12,4,1014,9.84,66,16,3.91,0,0,10000,1014,9.84,66,16,3.91,0,0,10000,1014,9.84,66,16,3.91,0,0,10000,1014,9.84,66,16,3.91,0,0,10000,1014,9.84,66,16,3.91,0,0,10000,1014,9.84,66,16,3.91,0,0,10000,1014,9.84,66,16,3.91,0,0,10000,1014,9.84,66,16,3.91,0,0,10000,1014,9.84,66,16,3.91,0,0,10000,1014,9.84,66,16,3.91,0,0,10000,1014,9.84,66,16,3.91,0,0,10000,1014,9.84,66,16,3.91,0,0,10000
1014,9.84,66,10,2.06,0,0,10000,20,0,12,4,1014,9.84,66,16,3.91,0,0,10000,1014,9.84,66,16,3.91,0,0,10000,1014,9.84,66,16,3.91,0,0,10000,1014,9.84,66,16,3.91,0,0,10000,1014,9.84,66,16,3.91,0,0,10000,1014,9.84,66,16,3.91,0,0,10000,1014,9.84,66,16,3.91,0,0,10000,1014,9.84,66,16,3.91,0,0,10000,1014,9.84,66,16,3.91,0,0,10000,1014,9.84,66,16,3.91,0,0,10000,1014,9.84,66,16,3.91,0,0,10000,1014,9.84,66,16,3.91,0,0,10000
1014,9.84,66,10,2.06,0,0,10000,21,0,12,4,1014,9.84,66,16,3.91,0,0,10000,1014,9.84,66,16,3.91,0,0,10000,1014,9.84,66,16,3.91,0,0,10000,1014,9.84,66,16,3.91,0,0,10000,1014,9.84,66,16,3.91,0,0,10000,1014,9.84,66,16,3.91,0,0,10000,1014,9.84,66,16,3.91,0,0,10000,1014,9.84,66,16,3.91,0,0,10000,1014,9.84,66,16,3.91,0,0,10000,1014,9.84,66,16,3.91,0,0,10000,1014,9.84,66,16,3.91,0,0,10000,1014,9.84,66,16,3.91,0,0,10000
1014,9.84,66,10,2.06,0,0,10000,22,0,12,4,1014,9.84,66,16,3.91,0,0,10000,1014,9.84,66,16,3.91,0,0,10000,1014,9.84,66,16,3.91,0,0,10000,1014,9.84,66,16,3.91,0,0,10000,1014,9.84,66,16,3.91,0,0,10000,1014,9.84,66,16,3.91,0,0,10000,1014,9.84,66,16,3.91,0,0,10000,1014,9.84,66,16,3.91,0,0,10000,1014,9.84,66,16,3.91,0,0,10000,1014,9.84,66,16,3.91,0,0,10000,1014,9.84,66,16,3.91,0,0,10000,1014,9.84,66,16,3.91,0,0,10000
1014,9.84,66,10,2.06,0,0,10000,23,0,12,4,1014,9.84,66,16,3.91,0,0,10000,1014,9.84,66,16,3.91,0,0,10000,1014,9.84,66,16,3.91,0,0,10000,1014,9.84,66,16,3.91,0,0,10000,1014,9.84,66,16,3.91,0,0,10000,1014,9.84,66,16,3.91,0,0,10000,1014,9.84,66,16,3.91,0,0,10000,1014,9.84,66,16,3.91,0,0,10000,1014,9.84,66,16,3.91,0,0,10000,1014,9.84,66,16,3.91,0,0,10000,1014,9.84,66,16,3.91,0,0,10000,1014,9.84,66,16,3.91,0,0,10000
1014,9.84,66,10,2.06,0,0,10000,0,0,13,4,1014,9.84,66,16,3.91,0,0,10000,1014,9.84,66,16,3.91,0,0,10000,1014,9.84,66,16,3.91,0,0,10000,1014,9.84,66,16,3.91,0,0,10000,1014,9.84,66,16,3.91,0,0,10000,1014,9.84,66,16,3.91,0,0,10000,1014,9.84,66,16,3.91,0,0,10000,1014,9.84,66,16,3.91,0,0,10000,1014,9.84,66,16,3.91,0,0,10000,1014,9.84,66,16,3.91,0,0,10000,1014,9.84,66,16,3.91,0,0,10000,1014,9.84,66,16,3.91,0,0,10000
1014,9.84,66,10,2.06,0,0,10000,1,0,13,4,1014,9.84,66,16,3.91,0,0,10000,1014,9.84,66,16,3.91,0,0,10000,1014,9.84,66,16,3.91,0,0,10000,1014,9.84,66,16,3.91,0,0,10000,1014,9.84,66,16,3.91,0,0,10000,1014,9.84,66,16,3.91,0,0,10000,1014,9.84,66,16,3.91,0,0,10000,1014,9.84,66,16,3.91,0,0,10000,1014,9.84,66,16,3.91,0,0,10000,1014,9.84,66,16,3.91,0,0,10000,1014,9.84,66,16,3.91,0,0,10000,1014,9.84,66,16,3.91,0,0,10000
1014,9.84,66,10,2.06,0,0,10000,2,0,13,4,1014,9.84,66,16,3.91,0,0,10000,1014,9.84,66,16,3.91,0,0,10000,1014,9.84,66,16,3.91,0,0,10000,1014,9.84,66,16,3.91,0,0,10000,1014,9.84,66,16,3.91,0,0,10000,1014,9.84,66,16,3.91,0,0,10000,1014,9.84,66,16,3.91,0,0,10000,1014,9.84,66,16,3.91,0,0,10000,1014,9.84,66,16,3.91,0,0,10000,1014,9.84,66,16,3.91,0,0,10000,1014,9.84,66,16,3.91,0,0,10000,1014,9.84,66,16,3.91,0,0,10000
1014,9.84,66,10,2.06,0,0,10000,3,0,13,4,1014,9.84,66,16,3.91,0,0,10000,1014,9.84,66,16,3.91,0,0,10000,1014,9.84,66,16,3.91,0,0,10000,1014,9.84,66,16,3.91,0,0,10000,1014,9.84,66,16,3.91,0,0,10000,1014,9.84,66,16,3.91,0,0,10000,1014,9.84,66,16,3.91,0,0,10000,1014,9.84,66,16,3.91,0,0,10000,1014,9.84,66,16,3.91,0,0,10000,1014,9.84,66,16,3.91,0,0,10000,1014,9.84,66,16,3.91,0,0,10000,1014,9.84,66,16,3.91,0,0,10000
1014,9.84,66,10,2.06,0,0,10000,4,0,13,4,1014,9.84,66,16,3.91,0,0,10000,1014,9.84,66,16,3.91,0,0,10000,1014,9.84,66,16,3.91,0,0,10000,1014,9.84,66,16,3.91,0,0,10000,1014,9.84,66,16,3.91,0,0,10000,1014,9.84,66,16,3.91,0,0,10000,1014,9.84,66,16,3.91,0,0,10000,1014,9.84,66,16,3.91,0,0,10000,1014,9.84,66,16,3.91,0,0,10000,1014,9.84,66,16,3.91,0,0,10000,1014,9.84,66,16,3.91,0,0,10000,1014,9.84,66,16,3.91,0,0,10000
1014,9.84,66,10,2.06,0,0,10000,5,0,13,4,1014,9.84,66,16,3.91,0,0,10000,1014,9.84,66,16,3.91,0,0,10000,1014,9.84,66,16,3.91,0,0,10000,1014,9.84,66,16,3.91,0,0,10000,1014,9.84,66,16,3.91,0,0,10000,1014,9.84,66,16,3.91,0,0,10000,1014,9.84,66,16,3.91,0,0,10000,1014,9.84,66,16,3.91,0,0,10000,1014,9.84,66,16,3.91,0,0,10000,1014,9.84,66,16,3.91,0,0,10000,1014,9.84,66,16,3.91,0,0,10000,1014,9.84,66,16,3.91,0,0,10000
1014,9.84,66,10,2.06,0,0,10000,6,0,13,4,1014,9.84,66,16,3.91,0,0,10000,1014,9.84,66,16,3.91,0,0,10000,1014,9.84,66,16,3.91,0,0,10000,1014,9.84,66,16,3.91,0,0,10000,1014,9.84,66,16,3.91,0,0,10000,1014,9.84,66,16,3.91,0,0,10000,1014,9.84,66,16,3.91,0,0,10000,1014,9.84,66,16,3.91,0,0,10000,1014,9.84,66,16,3.91,0,0,10000,1014,9.84,66,16,3.91,0,0,10000,1014,9.84,66,16,3.91,0,0,10000,1014,9.84,66,16,3.91,0,0,10000
1014,9.84,66,10,2.06,0,0,10000,7,0,13,4,1014,9.84,66,16,3.91,0,0,10000,1014,9.84,66,16,3.91,0,0,10000,1014,9.84,66,16,3.91,0,0,10000,1014,9.84,66,16,3.91,0,0,10000,1014,9.84,66,16,3.91,0,0,10000,1014,9.84,66,16,3.91,0,0,10000,1014,9.84,66,16,3.91,0,0,10000,1014,9.84,66,16,3.91,0,0,10000,1014,9.84,66,16,3.91,0,0,10000,1014,9.84,66,16,3.91,0,0,10000,1014,9.84,66,16,3.91,0,0,10000,1014,9.84,66,16,3.91,0,0,10000
1014,9.84,66,10,2.06,0,0,10000,8,0,13,4,1014,9.84,66,16,3.91,0,0,10000,1014,9.84,66,16,3.91,0,0,10000,1014,9.84,66,16,3.91,0,0,10000,1014,9.84,66,16,3.91,0,0,10000,1014,9.84,66,16,3.91,0,0,10000,1014,9.84,66,16,3.91,0,0,10000,1014,9.84,66,16,3.91,0,0,10000,1014,9.84,66,16,3.91,0,0,10000,1014,9.84,66,16,3.91,0,0,10000,1014,9.84,66,16,3.91,0,0,10000,1014,9.84,66,16,3.91,0,0,10000,1014,9.84,66,16,3.91,0,0,10000
1014,9.84,66,10,2.06,0,0,10000,9,0,13,4,1014,9.84,66,16,3.91,0,0,10000,1014,9.84,66,16,3.91,0,0,10000,1014,9.84,66,16,3.91,0,0,10000,1014,9.84,66,16,3.91,0,0,10000,1014,9.84,66,16,3.91,0,0,10000,1014,9.84,66,16,3.91,0,0,10000,1014,9.84,66,16,3.91,0,0,10000,1014,9.84,66,16,3.91,0,0,10000,1014,9.84,66,16,3.91,0,0,10000,1014,9.84,66,16,3.91,0,0,10000,1014,9.84,66,16,3.91,0,0,10000,1014,9.84,66,16,3.91,0,0,10000
1014,9.84,66,10,2.06,0,0,10000,10,0,13,4,1014,9.84,66,16,3.91,0,0,10000,1014,9.84,66,16,3.91,0,0,10000,1014,9.84,66,16,3.91,0,0,10000,1014,9.84,66,16,3.91,0,0,10000,1014,9.84,66,16,3.91,0,0,10000,1014,9.84,66,16,3.91,0,0,10000,1014,9.84,66,16,3.91,0,0,10000,1014,9.84,66,16,3.91,0,0,10000,1014,9.84,66,16,3.91,0,0,10000,1014,9.84,66,16,3.91,0,0,10000,1014,9.84,66,16,3.91,0,0,10000,1014,9.84,66,16,3.91,0,0,10000
1014,9.84,66,10,2.06,0,0,10000,11,0,13,4,1014,9.84,66,16,3.91,0,0,10000,1014,9.84,66,16,3.91,0,0,10000,1014,9.84,66,16,3.91,0,0,10000,1014,9.84,66,16,3.91,0,0,10000,1014,9.84,66,16,3.91,0,0,10000,1014,9.84,66,16,3.91,0,0,10000,1014,9.84,66,16,3.91,0,0,10000,1014,9.84,66,16,3.91,0,0,10000,1014,9.84,66,16,3.91,0,0,10000,1014,9.84,66,16,3.91,0,0,10000,1014,9.84,66,16,3.91,0,0,10000,1014,9.84,66,16,3.91,0,0,10000
1014,9.84,66,10,2.06,0,0,10000,12,0,13,4,1014,9.84,66,16,3.91,0,0,10000,1014,9.84,66,16,3.91,0,0,10000,1014,9.84,66,16,3.91,0,0,10000,1014,9.84,66,16,3.91,0,0,10000,1014,9.84,66,16,3.91,0,0,10000,1014,9.84,66,16,3.91,0,0,10000,1014,9.84,66,16,3.91,0,0,10000,1014,9.84,66,16,3.91,0,0,10000,1014,9.84,66,16,3.91,0,0,10000,1014,9.84,66,16,3.91,0,0,10000,1014,9.84,66,16,3.91,0,0,10000,1014,9.84,66,16,3.91,0,0,10000
1014,9.84,66,10,2.06,0,0,10000,13,0,13,4,1014,9.84,66,16,3.91,0,0,10000,1014,9.84,66,16,3.91,0,0,10000,1014,9.84,66,16,3.91,0,0,10000,1014,9.84,66,16,3.91,0,0,10000,1014,9.84,66,16,3.91,0,0,10000,1014,9.84,66,16,3.91,0,0,10000,1014,9.84,66,16,3.91,0,0,10000,1014,9.84,66,16,3.91,0,0,10000,1014,9.84,66,16,3.91,0,0,10000,1014,9.84,66,16,3.91,0,0,10000,1014,9.84,66,16,3.91,0,0,10000,1014,9.84,66,16,3.91,0,0,10000
1014,9.84,66,10,2.06,0,0,10000,14,0,13,4,1014,9.84,66,16,3.91,0,0,10000,1014,9.84,66,16,3.91,0,0,10000,1014,9.84,66,16,3.91,0,0,10000,1014,9.84,66,16,3.91,0,0,10000,1014,9.84,66,16,3.91,0,0,10000,1014,9.84,66,16,3.91,0,0,10000,1014,9.84,66,16,3.91,0,0,10000,1014,9.84,66,16,3.91,0,0,10000,1014,9.84,66,16,3.91,0,0,10000,1014,9.84,66,16,3.91,0,0,10000,1014,9.84,66,16,3.91,0,0,10000,1014,9.84,66,16,3.91,0,0,10000
1014,9.84,66,10,2.06,0,0,10000,15,0,13,4,1014,9.84,66,16,3.91,0,0,10000,1014,9.84,66,16,3.91,0,0,10000,1014,9.84,66,16,3.91,0,0,10000,1014,9.84,66,16,3.91,0,0,10000,1014,9.84,66,16,3.91,0,0,10000,1014,9.84,66,16,3.91,0,0,10000,1014,9.84,66,16,3.91,0,0,10000,1014,9.84,66,16,3.91,0,0,10000,1014,9.84,66,16,3.91,0,0,10000,1014,9.84,66,16,3.91,0,0,10000,1014,9.84,66,16,3.91,0,0,10000,1014,9.84,66,16,3.91,0,0,10000
1014,9.84,66,10,2.06,0,0,10000,16,0,13,4,1014,9.84,66,16,3.91,0,0,10000,1014,9.84,66,16,3.91,0,0,10000,1014,9.84,66,16,3.91,0,0,10000,1014,9.84,66,16,3.91,0,0,10000,1014,9.84,66,16,3.91,0,0,10000,1014,9.84,66,16,3.91,0,0,10000,1014,9.84,66,16,3.91,0,0,10000,1014,9.84,66,16,3.91,0,0,10000,1014,9.84,66,16,3.91,0,0,10000,1014,9.84,66,16,3.91,0,0,10000,1014,9.84,66,16,3.91,0,0,10000,1014,9.84,66,16,3.91,0,0,10000
1014,9.84,66,10,2.06,0,0,10000,17,0,13,4,1014,9.84,66,16,3.91,0,0,10000,1014,9.84,66,16,3.91,0,0,10000,1014,9.84,66,16,3.91,0,0,10000,1014,9.84,66,16,3.91,0,0,10000,1014,9.84,66,16,3.91,0,0,10000,1014,9.84,66,16,3.91,0,0,10000,1014,9.84,66,16,3.91,0,0,10000,1014,9.84,66,16,3.91,0,0,10000,1014,9.84,66,16,3.91,0,0,10000,1014,9.84,66,16,3.91,0,0,10000,1014,9.84,66,16,3.91,0,0,10000,1014,9.84,66,16,3.91,0,0,10000
1014,9.84,66,10,2.06,0,0,10000,18,0,13,4,1014,9.84,66,16,3.91,0,0,10000,1014,9.84,66,16,3.91,0,0,10000,1014,9.84,66,16,3.91,0,0,10000,1014,9.84,66,16,3.91,0,0,10000,1014,9.84,66,16,3.91,0,0,10000,1014,9.84,66,16,3.91,0,0,10000,1014,9.84,66,16,3.91,0,0,10000,1014,9.84,66,16,3.91,0,0,10000,1014,9.84,66,16,3.91,0,0,10000,1014,9.84,66,16,3.91,0,0,10000,1014,9.84,66,16,3.91,0,0,10000,1014,9.84,66,16,3.91,0,0,10000
1014,9.84,66,10,2.06,0,0,10000,19,0,13,4,1014,9.84,66,16,3.91,0,0,10000,1014,9.84,66,16,3.91,0,0,10000,1014,9.84,66,16,3.91,0,0,10000,1014,9.84,66,16,3.91,0,0,10000,1014,9.84,66,16,3.91,0,0,10000,1014,9.84,66,16,3.91,0,0,10000,1014,9.84,66,16,3.91,0,0,10000,1014,9.84,66,16,3.91,0,0,10000,1014,9.84,66,16,3.91,0,0,10000,1014,9.84,66,16,3.91,0,0,10000,1014,9.84,66,16,3.91,0,0,10000,1014,9.84,66,16,3.91,0,0,10000
1014,9.84,66,10,2.06,0,0,10000,20,0,13,4,1014,9.84,66,16,3.91,0,0,10000,1014,9.84,66,16,3.91,0,0,10000,1014,9.84,66,16,3.91,0,0,10000,1014,9.84,66,16,3.91,0,0,10000,1014,9.84,66,16,3.91,0,0,10000,1014,9.84,66,16,3.91,0,0,10000,1014,9.84,66,16,3.91,0,0,10000,1014,9.84,66,16,3.91,0,0,10000,1014,9.84,66,16,3.91,0,0,10000,1014,9.84,66,16,3.91,0,0,10000,1014,9.84,66,16,3.91,0,0,10000,1014,9.84,66,16,3.91,0,0,10000
1014,9.84,66,10,2.06,0,0,10000,21,0,13,4,1014,9.84,66,16,3.91,0,0,10000,1014,9.84,66,16,3.91,0,0,10000,1014,9.84,66,16,3.91,0,0,10000,1014,9.84,66,16,3.91,0,0,10000,1014,9.84,66,16,3.91,0,0,10000,1014,9.84,66,16,3.91,0,0,10000,1014,9.84,66,16,3.91,0,0,10000,1014,9.84,66,16,3.91,0,0,10000,1014,9.84,66,16,3.91,0,0,10000,1014,9.84,66,16,3.91,0,0,10000,1014,9.84,66,16,3.91,0,0,10000,1014,9.84,66,16,3.91,0,0,10000
1014,9.84,66,10,2.06,0,0,10000,22,0,13,4,1014,9.84,66,16,3.91,0,0,10000,1014,9.84,66,16,3.91,0,0,10000,1014,9.84,66,16,3.91,0,0,10000,1014,9.84,66,16,3.91,0,0,10000,1014,9.84,66,16,3.91,0,0,10000,1014,9.84,66,16,3.91,0,0,10000,1014,9.84,66,16,3.91,0,0,10000,1014,9.84,66,16,3.91,0,0,10000,1014,9.84,66,16,3.91,0,0,10000,1014,9.84,66,16,3.91,0,0,10000,1014,9.84,66,16,3.91,0,0,10000,1014,9.84,66,16,3.91,0,0,10000
1014,9.84,66,10,2.06,0,0,10000,23,0,13,4,1014,9.84,66,16,3.91,0,0,10000,1014,9.84,66,16,3.91,0,0,10000,1014,9.84,66,16,3.91,0,0,10000,1014,9.84,66,16,3.91,0,0,10000,1014,9.84,66,16,3.91,0,0,10000,1014,9.84,66,16,3.91,0,0,10000,1014,9.84,66,16,3.91,0,0,10000,1014,9.84,66,16,3.91,0,0,10000,1014,9.84,66,16,3.91,0,0,10000,1014,9.84,66,16,3.91,0,0,10000,1014,9.84,66,16,3.91,0,0,10000,1014,9.84,66,16,3.91,0,0,10000
1014,9.84,66,10,2.06,0,0,10000,0,0,14,4,1014,9.84,66,16,3.91,0,0,10000,1014,9.84,66,16,3.91,0,0,10000,1014,9.84,66,16,3.91,0,0,10000,1014,9.84,66,16,3.91,0,0,10000,1014,9.84,66,16,3.91,0,0,10000,1014,9.84,66,16,3.91,0,0,10000,1014,9.84,66,16,3.91,0,0,10000,1014,9.84,66,16,3.91,0,0,10000,1014,9.84,66,16,3.91,0,0,10000,1014,9.84,66,16,3.91,0,0,10000,1014,9.84,66,16,3.91,0,0,10000,1014,9.84,66,16,3.91,0,0,10000
1014,9.84,66,10,2.06,0,0,10000,1,0,14,4,1014,9.84,66,16,3.91,0,0,10000,1014,9.84,66,16,3.91,0,0,10000,1014,9.84,66,16,3.91,0,0,10000,1014,9.84,66,16,3.91,0,0,10000,1014,9.84,66,16,3.91,0,0,10000,1014,9.84,66,16,3.91,0,0,10000,1014,9.84,66,16,3.91,0,0,10000,1014,9.84,66,16,3.91,0,0,10000,1014,9.84,66,16,3.91,0,0,10000,1014,9.84,66,16,3.91,0,0,10000,1014,9.84,66,16,3.91,0,0,10000,1014,9.84,66,16,3.91,0,0,10000
1014,9.84,66,10,2.06,0,0,10000,2,0,14,4,1014,9.84,66,16,3.91,0,0,10000,1014,9.84,66,16,3.91,0,0,10000,1014,9.84,66,16,3.91,0,0,10000,1014,9.84,66,16,3.91,0,0,10000,1014,9.84,66,16,3.91,0,0,10000,1014,9.84,66,16,3.91,0,0,10000,1014,9.84,66,16,3.91,0,0,10000,1014,9.84,66,16,3.91,0,0,10000,1014,9.84,66,16,3.91,0,0,10000,1014,9.84,66,16,3.91,0,0,10000,1014,9.84,66,16,3.91,0,0,10000,1014,9.84,66,16,3.91,0,0,10000
1014,9.84,66,10,2.06,0,0,10000,3,0,14,4,1014,9.84,66,16,3.91,0,0,10000,1014,9.84,66,16,3.91,0,0,10000,1014,9.84,66,16,3.91,0,0,10000,1014,9.84,66,16,3.91,0,0,10000,1014,9.84,66,16,3.91,0,0,10000,1014,9.84,66,16,3.91,0,0,10000,1014,9.84,66,16,3.91,0,0,10000,1014,9.84,66,16,3.91,0,0,10000,1014,9.84,66,16,3.91,0,0,10000,1014,9.84,66,16,3.91,0,0,10000,1014,9.84,66,16,3.91,0,0,10000,1014,9.84,66,16,3.91,0,0,10000
1014,9.84,66,10,2.06,0,0,10000,4,0,14,4,1014,9.84,66,16,3.91,0,0,10000,1014,9.84,66,16,3.91,0,0,10000,1014,9.84,66,16,3.91,0,0,10000,1014,9.84,66,16,3.91,0,0,10000,1014,9.84,66,16,3.91,0,0,10000,1014,9.84,66,16,3.91,0,0,10000,1014,9.84,66,16,3.91,0,0,10000,1014,9.84,66,16,3.91,0,0,10000,1014,9.84,66,16,3.91,0,0,10000,1014,9.84,66,16,3.91,0,0,10000,1014,9.84,66,16,3.91,0,0,10000,1014,9.84,66,16,3.91,0,0,10000
1014,9.84,66,10,2.06,0,0,10000,5,0,14,4,1014,9.84,66,16,3.91,0,0,10000,1014,9.84,66,16,3.91,0,0,10000,1014,9.84,66,16,3.91,0,0,10000,1014,9.84,66,16,3.91,0,0,10000,1014,9.84,66,16,3.91,0,0,10000,1014,9.84,66,16,3.91,0,0,10000,1014,9.84,66,16,3.91,0,0,10000,1014,9.84,66,16,3.91,0,0,10000,1014,9.84,66,16,3.91,0,0,10000,1014,9.84,66,16,3.91,0,0,10000,1014,9.84,66,16,3.91,0,0,10000,1014,9.84,66,16,3.91,0,0,10000
1014,9.84,66,10,2.06,0,0,10000,6,0,14,4,1014,9.84,66,16,3.91,0,0,10000,1014,9.84,66,16,3.91,0,0,10000,1014,9.84,66,16,3.91,0,0,10000,1014,9.84,66,16,3.91,0,0,10000,1014,9.84,66,16,3.91,0,0,10000,1014,9.84,66,16,3.91,0,0,10000,1014,9.84,66,16,3.91,0,0,10000,1014,9.84,66,16,3.91,0,0,10000,1014,9.84,66,16,3.91,0,0,10000,1014,9.84,66,16,3.91,0,0,10000,1014,9.84,66,16,3.91,0,0,10000,1014,9.84,66,16,3.91,0,0,10000
1014,9.84,66,10,2.06,0,0,10000,7,0,14,4,1014,9.84,66,16,3.91,0,0,10000,1014,9.84,66,16,3.91,0,0,10000,1014,9.84,66,16,3.91,0,0,10000,1014,9.84,66,16,3.91,0,0,10000,1014,9.84,66,16,3.91,0,0,10000,1014,9.84,66,16,3.91,0,0,10000,1014,9.84,66,16,3.91,0,0,10000,1014,9.84,66,16,3.91,0,0,10000,1014,9.84,66,16,3.91,0,0,10000,1014,9.84,66,16,3.91,0,0,10000,1014,9.84,66,16,3.91,0,0,10000,1014,9.84,66,16,3.91,0,0,10000
1014,9.84,66,10,2.06,0,0,10000,8,0,14,4,1014,9.84,66,16,3.91,0,0,10000,1014,9.84,66,16,3.91,0,0,10000,1014,9.84,66,16,3.91,0,0,10000,1014,9.84,66,16,3.91,0,0,10000,1014,9.84,66,16,3.91,0,0,10000,1014,9.84,66,16,3.91,0,0,10000,1014,9.84,66,16,3.91,0,0,10000,1014,9.84,66,16,3.91,0,0,10000,1014,9.84,66,16,3.91,0,0,10000,1014,9.84,66,16,3.91,0,0,10000,1014,9.84,66,16,3.91,0,0,10000,1014,9.84,66,16,3.91,0,0,10000
1014,9.84,66,10,2.06,0,0,10000,9,0,14,4,1014,9.84,66,16,3.91,0,0,10000,1014,9.84,66,16,3.91,0,0,10000,1014,9.84,66,16,3.91,0,0,10000,1014,9.84,66,16,3.91,0,0,10000,1014,9.84,66,16,3.91,0,0,10000,1014,9.84,66,16,3.91,0,0,10000,1014,9.84,66,16,3.91,0,0,10000,1014,9.84,66,16,3.91,0,0,10000,1014,9.84,66,16,3.91,0,0,10000,1014,9.84,66,16,3.91,0,0,10000,1014,9.84,66,16,3.91,0,0,10000,1014,9.84,66,16,3.91,0,0,10000
1014,9.84,66,10,2.06,0,0,10000,10,0,14,4,1014,9.84,66,16,3.91,0,0,10000,1014,9.84,66,16,3.91,0,0,10000,1014,9.84,66,16,3.91,0,0,10000,1014,9.84,66,16,3.91,0,0,10000,1014,9.84,66,16,3.91,0,0,10000,1014,9.84,66,16,3.91,0,0,10000,1014,9.84,66,16,3.91,0,0,10000,1014,9.84,66,16,3.91,0,0,10000,1014,9.84,66,16,3.91,0,0,10000,1014,9.84,66,16,3.91,0,0,10000,1014,9.84,66,16,3.91,0,0,10000,1014,9.84,66,16,3.91,0,0,10000
1014,9.84,66,10,2.06,0,0,10000,11,0,14,4,1014,9.84,66,16,3.91,0,0,10000,1014,9.84,66,16,3.91,0,0,10000,1014,9.84,66,16,3.91,0,0,10000,1014,9.84,66,16,3.91,0,0,10000,1014,9.84,66,16,3.91,0,0,10000,1014,9.84,66,16,3.91,0,0,10000,1014,9.84,66,16,3.91,0,0,10000,1014,9.84,66,16,3.91,0,0,10000,1014,9.84,66,16,3.91,0,0,10000,1014,9.84,66,16,3.91,0,0,10000,1014,9.84,66,16,3.91,0,0,10000,1014,9.84,66,16,3.91,0,0,10000
1014,9.84,66,10,2.06,0,0,10000,12,0,14,4,1014,9.84,66,16,3.91,0,0,10000,1014,9.84,66,16,3.91,0,0,10000,1014,9.84,66,16,3.91,0,0,10000,1014,9.84,66,16,3.91,0,0,10000,1014,9.84,66,16,3.91,0,0,10000,1014,9.84,66,16,3.91,0,0,10000,1014,9.84,66,16,3.91,0,0,10000,1014,9.84,66,16,3.91,0,0,10000,1014,9.84,66,16,3.91,0,0,10000,1014,9.84,66,16,3.91,0,0,10000,1014,9.84,66,16,3.91,0,0,10000,1014,9.84,66,16,3.91,0,0,10000
1014,9.84,66,10,2.06,0,0,10000,13,0,14,4,1014,9.84,66,16,3.91,0,0,10000,1014,9.84,66,16,3.91,0,0,10000,1014,9.84,66,16,3.91,0,0,10000,1014,9.84,66,16,3.91,0,0,10000,1014,9.84,66,16,3.91,0,0,10000,1014,9.84,66,16,3.91,0,0,10000,1014,9.84,66,16,3.91,0,0,10000,1014,9.84,66,16,3.91,0,0,10000,1014,9.84,66,16,3.91,0,0,10000,1014,9.84,66,16,3.91,0,0,10000,1014,9.84,66,16,3.91,0,0,10000,1014,9.84,66,16,3.91,0,0,10000
1014,9.84,66,10,2.06,0,0,10000,14,0,14,4,1014,9.84,66,16,3.91,0,0,10000,1014,9.84,66,16,3.91,0,0,10000,1014,9.84,66,16,3.91,0,0,10000,1014,9.84,66,16,3.91,0,0,10000,1014,9.84,66,16,3.91,0,0,10000,1014,9.84,66,16,3.91,0,0,10000,1014,9.84,66,16,3.91,0,0,10000,1014,9.84,66,16,3.91,0,0,10000,1014,9.84,66,16,3.91,0,0,10000,1014,9.84,66,16,3.91,0,0,10000,1014,9.84,66,16,3.91,0,0,10000,1014,9.84,66,16,3.91,0,0,10000
1014,9.84,66,10,2.06,0,0,10000,15,0,14,4,1014,9.84,66,16,3.91,0,0,10000,1014,9.84,66,16,3.91,0,0,10000,1014,9.84,66,16,3.91,0,0,10000,1014,9.84,66,16,3.91,0,0,10000,1014,9.84,66,16,3.91,0,0,10000,1014,9.84,66,16,3.91,0,0,10000,1014,9.84,66,16,3.91,0,0,10000,1014,9.84,66,16,3.91,0,0,10000,1014,9.84,66,16,3.91,0,0,10000,1014,9.84,66,16,3.91,0,0,10000,1014,9.84,66,16,3.91,0,0,10000,1014,9.84,66,16,3.91,0,0,10000
1014,9.84,66,10,2.06,0,0,10000,16,0,14,4,1014,9.84,66,16,3.91,0,0,10000,1014,9.84,66,16,3.91,0,0,10000,1014,9.84,66,16,3.91,0,0,10000,1014,9.84,66,16,3.91,0,0,10000,1014,9.84,66,16,3.91,0,0,10000,1014,9.84,66,16,3.91,0,0,10000,1014,9.84,66,16,3.91,0,0,10000,1014,9.84,66,16,3.91,0,0,10000,1014,9.84,66,16,3.91,0,0,10000,1014,9.84,66,16,3.91,0,0,10000,1014,9.84,66,16,3.91,0,0,10000,1014,9.84,66,16,3.91,0,0,10000
1014,9.84,66,10,2.06,0,0,10000,17,0,14,4,1014,9.84,66,16,3.91,0,0,10000,1014,9.84,66,16,3.91,0,0,10000,1014,9.84,66,16,3.91,0,0,10000,1014,9.84,66,16,3.91,0,0,10000,1014,9.84,66,16,3.91,0,0,10000,1014,9.84,66,16,3.91,0,0,10000,1014,9.84,66,16,3.91,0,0,10000,1014,9.84,66,16,3.91,0,0,10000,1014,9.84,66,16,3.91,0,0,10000,1014,9.84,66,16,3.91,0,0,10000,1014,9.84,66,16,3.91,0,0,10000,1014,9.84,66,16,3.91,0,0,10000
1014,9.84,66,10,2.06,0,0,10000,18,0,14,4,1014,9.84,66,16,3.91,0,0,10000,1014,9.84,66,16,3.91,0,0,10000,1014,9.84,66,16,3.91,0,0,10000,1014,9.84,66,16,3.91,0,0,10000,1014,9.84,66,16,3.91,0,0,10000,1014,9.84,66,16,3.91,0,0,10000,1014,9.84,66,16,3.91,0,0,10000,1014,9.84,66,16,3.91,0,0,10000,1014,9.84,66,16,3.91,0,0,10000,1014,9.84,66,16,3.91,0,0,10000,1014,9.84,66,16,3.91,0,0,10000,1014,9.84,66,16,3.91,0,0,10000
1014,9.84,66,10,2.06,0,0,10000,19,0,14,4,1014,9.84,66,16,3.91,0,0,10000,1014,9.84,66,16,3.91,0,0,10000,1014,9.84,66,16,3.91,0,0,10000,1014,9.84,66,16,3.91,0,0,10000,1014,9.84,66,16,3.91,0,0,10000,1014,9.84,66,16,3.91,0,0,10000,1014,9.84,66,16,3.91,0,0,10000,1014,9.84,66,16,3.91,0,0,10000,1014,9.84,66,16,3.91,0,0,10000,1014,9.84,66,16,3.91,0,0,10000,1014,9.84,66,16,3.91,0,0,10000,1014,9.84,66,16,3.91,0,0,10000
1014,9.84,66,10,2.06,0,0,10000,20,0,14,4,1014,9.84,66,16,3.91,0,0,10000,1014,9.84,66,16,3.91,0,0,10000,1014,9.84,66,16,3.91,0,0,10000,1014,9.84,66,16,3.91,0,0,10000,1014,9.84,66,16,3.91,0,0,10000,1014,9.84,66,16,3.91,0,0,10000,1014,9.84,66,16,3.91,0,0,10000,1014,9.84,66,16,3.91,0,0,10000,1014,9.84,66,16,3.91,0,0,10000,1014,9.84,66,16,3.91,0,0,10000,1014,9.84,66,16,3.91,0,0,10000,1014,9.84,66,16,3.91,0,0,10000
1014,9.84,66,10,2.06,0,0,10000,21,0,14,4,1014,9.84,66,16,3.91,0,0,10000,1014,9.84,66,16,3.91,0,0,10000,1014,9.84,66,16,3.91,0,0,10000,1014,9.84,66,16,3.91,0,0,10000,1014,9.84,66,16,3.91,0,0,10000,1014,9.84,66,16,3.91,0,0,10000,1014,9.84,66,16,3.91,0,0,10000,1014,9.84,66,16,3.91,0,0,10000,1014,9.84,66,16,3.91,0,0,10000,1014,9.84,66,16,3.91,0,0,10000,1014,9.84,66,16,3.91,0,0,10000,1014,9.84,66,16,3.91,0,0,10000
1014,9.84,66,10,2.06,0,0,10000,22,0,14,4,1014,9.84,66,16,3.91,0,0,10000,1014,9.84,66,16,3.91,0,0,10000,1014,9.84,66,16,3.91,0,0,10000,1014,9.84,66,16,3.91,0,0,10000,1014,9.84,66,16,3.91,0,0,10000,1014,9.84,66,16,3.91,0,0,10000,1014,9.84,66,16,3.91,0,0,10000,1014,9.84,66,16,3.91,0,0,10000,1014,9.84,66,16,3.91,0,0,10000,1014,9.84,66,16,3.91,0,0,10000,1014,9.84,66,16,3.91,0,0,10000,1014,9.84,66,16,3.91,0,0,10000
1014,9.84,66,10,2.06,0,0,10000,23,0,14,4,1014,9.84,66,16,3.91,0,0,10000,1014,9.84,66,16,3.91,0,0,10000,1014,9.84,66,16,3.91,0,0,10000,1014,9.84,66,16,3.91,0,0,10000,1014,9.84,66,16,3.91,0,0,10000,1014,9.84,66,16,3.91,0,0,10000,1014,9.84,66,16,3.91,0,0,10000,1014,9.84,66,16,3.91,0,0,10000,1014,9.84,66,16,3.91,0,0,10000,1014,9.84,66,16,3.91,0,0,10000,1014,9.84,66,16,3.91,0,0,10000,1014,9.84,66,16,3.91,0,0,10000
1014,9.84,66,10,2.06,0,0,10000,0,0,15,4,1014,9.84,66,16,3.91,0,0,10000,1014,9.84,66,16,3.91,0,0,10000,1014,9.84,66,16,3.91,0,0,10000,1014,9.84,66,16,3.91,0,0,10000,1014,9.84,66,16,3.91,0,0,10000,1014,9.84,66,16,3.91,0,0,10000,1014,9.84,66,16,3.91,0,0,10000,1014,9.84,66,16,3.91,0,0,10000,1014,9.84,66,16,3.91,0,0,10000,1014,9.84,66,16,3.91,0,0,10000,1014,9.84,66,16,3.91,0,0,10000,1014,9.84,66,16,3.91,0,0,10000
1014,9.84,66,10,2.06,0,0,10000,1,0,15,4,1014,9.84,66,16,3.91,0,0,10000,1014,9.84,66,16,3.91,0,0,10000,1014,9.84,66,16,3.91,0,0,10000,1014,9.84,66,16,3.91,0,0,10000,1014,9.84,66,16,3.91,0,0,10000,1014,9.84,66,16,3.91,0,0,10000,1014,9.84,66,16,3.91,0,0,10000,1014,9.84,66,16,3.91,0,0,10000,1014,9.84,66,16,3.91,0,0,10000,1014,9.84,66,16,3.91,0,0,10000,1014,9.84,66,16,3.91,0,0,10000,1014,9.84,66,16,3.91,0,0,10000
1014,9.84,66,10,2.06,0,0,10000,2,0,15,4,1014,9.84,66,16,3.91,0,0,10000,1014,9.84,66,16,3.91,0,0,10000,1014,9.84,66,16,3.91,0,0,10000,1014,9.84,66,16,3.91,0,0,10000,1014,9.84,66,16,3.91,0,0,10000,1014,9.84,66,16,3.91,0,0,10000,1014,9.84,66,16,3.91,0,0,10000,1014,9.84,66,16,3.91,0,0,10000,1014,9.84,66,16,3.91,0,0,10000,1014,9.84,66,16,3.91,0,0,10000,1014,9.84,66,16,3.91,0,0,10000,1014,9.84,66,16,3.91,0,0,10000
1014,9.84,66,10,2.06,0,0,10000,3,0,15,4,1014,9.84,66,16,3.91,0,0,10000,1014,9.84,66,16,3.91,0,0,10000,1014,9.84,66,16,3.91,0,0,10000,1014,9.84,66,16,3.91,0,0,10000,1014,9.84,66,16,3.91,0,0,10000,1014,9.84,66,16,3.91,0,0,10000,1014,9.84,66,16,3.91,0,0,10000,1014,9.84,66,16,3.91,0,0,10000,1014,9.84,66,16,3.91,0,0,10000,1014,9.84,66,16,3.91,0,0,10000,1014,9.84,66,16,3.91,0,0,10000,1014,9.84,66,16,3.91,0,0,10000
1014,9.84,66,10,2.06,0,0,10000,4,0,15,4,1014,9.84,66,16,3.91,0,0,10000,1014,9.84,66,16,3.91,0,0,10000,1014,9.84,66,16,3.91,0,0,10000,1014,9.84,66,16,3.91,0,0,10000,1014,9.84,66,16,3.91,0,0,10000,1014,9.84,66,16,3.91,0,0,10000,1014,9.84,66,16,3.91,0,0,10000,1014,9.84,66,16,3.91,0,0,10000,1014,9.84,66,16,3.91,0,0,10000,1014,9.84,66,16,3.91,0,0,10000,1014,9.84,66,16,3.91,0,0,10000,1014,9.84,66,16,3.91,0,0,10000
1014,9.84,66,10,2.06,0,0,10000,5,0,15,4,1014,9.84,66,16,3.91,0,0,10000,1014,9.84,66,16,3.91,0,0,10000,1014,9.84,66,16,3.91,0,0,10000,1014,9.84,66,16,3.91,0,0,10000,1014,9.84,66,16,3.91,0,0,10000,1014,9.84,66,16,3.91,0,0,10000,1014,9.84,66,16,3.91,0,0,10000,1014,9.84,66,16,3.91,0,0,10000,1014,9.84,66,16,3.91,0,0,10000,1014,9.84,66,16,3.91,0,0,10000,1014,9.84,66,16,3.91,0,0,10000,1014,9.84,66,16,3.91,0,0,10000
1014,9.84,66,10,2.06,0,0,10000,6,0,15,4,1014,9.84,66,16,3.91,0,0,10000,1014,9.84,66,16,3.91,0,0,10000,1014,9.84,66,16,3.91,0,0,10000,1014,9.84,66,16,3.91,0,0,10000,1014,9.84,66,16,3.91,0,0,10000,1014,9.84,66,16,3.91,0,0,10000,1014,9.84,66,16,3.91,0,0,10000,1014,9.84,66,16,3.91,0,0,10000,1014,9.84,66,16,3.91,0,0,10000,1014,9.84,66,16,3.91,0,0,10000,1014,9.84,66,16,3.91,0,0,10000,1014,9.84,66,16,3.91,0,0,10000
1014,9.84,66,10,2.06,0,0,10000,7,0,15,4,1014,9.84,66,16,3.91,0,0,10000,1014,9.84,66,16,3.91,0,0,10000,1014,9.84,66,16,3.91,0,0,10000,1014,9.84,66,16,3.91,0,0,10000,1014,9.84,66,16,3.91,0,0,10000,1014,9.84,66,16,3.91,0,0,10000,1014,9.84,66,16,3.91,0,0,10000,1014,9.84,66,16,3.91,0,0,10000,1014,9.84,66,16,3.91,0,0,10000,1014,9.84,66,16,3.91,0,0,10000,1014,9.84,66,16,3.91,0,0,10000,1014,9.84,66,16,3.91,0,0,10000
1014,9.84,66,10,2.06,0,0,10000,8,0,15,4,1014,9.84,66,16,3.91,0,0,10000,1014,9.84,66,16,3.91,0,0,10000,1014,9.84,66,16,3.91,0,0,10000,1014,9.84,66,16,3.91,0,0,10000,1014,9.84,66,16,3.91,0,0,10000,1014,9.84,66,16,3.91,0,0,10000,1014,9.84,66,16,3.91,0,0,10000,1014,9.84,66,16,3.91,0,0,10000,1014,9.84,66,16,3.91,0,0,10000,1014,9.84,66,16,3.91,0,0,10000,1014,9.84,66,16,3.91,0,0,10000,1014,9.84,66,16,3.91,0,0,10000
1014,9.84,66,10,2.06,0,0,10000,9,0,15,4,1014,9.84,66,16,3.91,0,0,10000,1014,9.84,66,16,3.91,0,0,10000,1014,9.84,66,16,3.91,0,0,10000,1014,9.84,66,16,3.91,0,0,10000,1014,9.84,66,16,3.91,0,0,10000,1014,9.84,66,16,3.91,0,0,10000,1014,9.84,66,16,3.91,0,0,10000,1014,9.84,66,16,3.91,0,0,10000,1014,9.84,66,16,3.91,0,0,10000,1014,9.84,66,16,3.91,0,0,10000,1014,9.84,66,16,3.91,0,0,10000,1014,9.84,66,16,3.91,0,0,10000
1014,9.84,66,10,2.06,0,0,10000,10,0,15,4,1014,9.84,66,16,3.91,0,0,10000,1014,9.84,66,16,3.91,0,0,10000,1014,9.84,66,16,3.91,0,0,10000,1014,9.84,66,16,3.91,0,0,10000,1014,9.84,66,16,3.91,0,0,10000,1014,9.84,66,16,3.91,0,0,10000,1014,9.84,66,16,3.91,0,0,10000,1014,9.84,66,16,3.91,0,0,10000,1014,9.84,66,16,3.91,0,0,10000,1014,9.84,66,16,3.91,0,0,10000,1014,9.84,66,16,3.91,0,0,10000,1014,9.84,66,16,3.91,0,0,10000
1014,9.84,66,10,2.06,0,0,10000,11,0,15,4,1014,9.84,66,16,3.91,0,0,10000,1014,9.84,66,16,3.91,0,0,10000,1014,9.84,66,16,3.91,0,0,10000,1014,9.84,66,16,3.91,0,0,10000,1014,9.84,66,16,3.91,0,0,10000,1014,9.84,66,16,3.91,0,0,10000,1014,9.84,66,16,3.91,0,0,10000,1014,9.84,66,16,3.91,0,0,10000,1014,9.84,66,16,3.91,0,0,10000,1014,9.84,66,16,3.91,0,0,10000,1014,9.84,66,16,3.91,0,0,10000,1014,9.84,66,16,3.91,0,0,10000
1014,9.84,66,10,2.06,0,0,10000,12,0,15,4,1014,9.84,66,16,3.91,0,0,10000,1014,9.84,66,16,3.91,0,0,10000,1014,9.84,66,16,3.91,0,0,10000,1014,9.84,66,16,3.91,0,0,10000,1014,9.84,66,16,3.91,0,0,10000,1014,9.84,66,16,3.91,0,0,10000,1014,9.84,66,16,3.91,0,0,10000,1014,9.84,66,16,3.91,0,0,10000,1014,9.84,66,16,3.91,0,0,10000,1014,9.84,66,16,3.91,0,0,10000,1014,9.84,66,16,3.91,0,0,10000,1014,9.84,66,16,3.91,0,0,10000
1014,9.84,66,10,2.06,0,0,10000,13,0,15,4,1014,9.84,66,16,3.91,0,0,10000,1014,9.84,66,16,3.91,0,0,10000,1014,9.84,66,16,3.91,0,0,10000,1014,9.84,66,16,3.91,0,0,10000,1014,9.84,66,16,3.91,0,0,10000,1014,9.84,66,16,3.91,0,0,10000,1014,9.84,66,16,3.91,0,0,10000,1014,9.84,66,16,3.91,0,0,10000,1014,9.84,66,16,3.91,0,0,10000,1014,9.84,66,16,3.91,0,0,10000,1014,9.84,66,16,3.91,0,0,10000,1014,9.84,66,16,3.91,0,0,10000
1014,9.84,66,10,2.06,0,0,10000,14,0,15,4,1014,9.84,66,16,3.91,0,0,10000,1014,9.84,66,16,3.91,0,0,10000,1014,9.84,66,16,3.91,0,0,10000,1014,9.84,66,16,3.91,0,0,10000,1014,9.84,66,16,3.91,0,0,10000,1014,9.84,66,16,3.91,0,0,10000,1014,9.84,66,16,3.91,0,0,10000,1014,9.84,66,16,3.91,0,0,10000,1014,9.84,66,16,3.91,0,0,10000,1014,9.84,66,16,3.91,0,0,10000,1014,9.84,66,16,3.91,0,0,10000,1014,9.84,66,16,3.91,0,0,10000
1014,9.84,66,10,2.06,0,0,10000,15,0,15,4,1014,9.84,66,16,3.91,0,0,10000,1014,9.84,66,16,3.91,0,0,10000,1014,9.84,66,16,3.91,0,0,10000,1014,9.84,66,16,3.91,0,0,10000,1014,9.84,66,16,3.91,0,0,10000,1014,9.84,66,16,3.91,0,0,10000,1014,9.84,66,16,3.91,0,0,10000,1014,9.84,66,16,3.91,0,0,10000,1014,9.84,66,16,3.91,0,0,10000,1014,9.84,66,16,3.91,0,0,10000,1014,9.84,66,16,3.91,0,0,10000,1014,9.84,66,16,3.91,0,0,10000
1014,9.84,66,10,2.06,0,0,10000,16,0,15,4,1014,9.84,66,16,3.91,0,0,10000,1014,9.84,66,16,3.91,0,0,10000,1014,9.84,66,16,3.91,0,0,10000,1014,9.84,66,16,3.91,0,0,10000,1014,9.84,66,16,3.91,0,0,10000,1014,9.84,66,16,3.91,0,0,10000,1014,9.84,66,16,3.91,0,0,10000,1014,9.84,66,16,3.91,0,0,10000,1014,9.84,66,16,3.91,0,0,10000,1014,9.84,66,16,3.91,0,0,10000,1014,9.84,66,16,3.91,0,0,10000,1014,9.84,66,16,3.91,0,0,10000
1014,9.84,66,10,2.06,0,0,10000,17,0,15,4,1014,9.84,66,16,3.91,0,0,10000,1014,9.84,66,16,3.91,0,0,10000,1014,9.84,66,16,3.91,0,0,10000,1014,9.84,66,16,3.91,0,0,10000,1014,9.84,66,16,3.91,0,0,10000,1014,9.84,66,16,3.91,0,0,10000,1014,9.84,66,16,3.91,0,0,10000,1014,9.84,66,16,3.91,0,0,10000,1014,9.84,66,16,3.91,0,0,10000,1014,9.84,66,16,3.91,0,0,10000,1014,9.84,66,16,3.91,0,0,10000,1014,9.84,66,16,3.91,0,0,10000
1014,9.84,66,10,2.06,0,0,10000,18,0,15,4,1014,9.84,66,16,3.91,0,0,10000,1014,9.84,66,16,3.91,0,0,10000,1014,9.84,66,16,3.91,0,0,10000,1014,9.84,66,16,3.91,0,0,10000,1014,9.84,66,16,3.91,0,0,10000,1014,9.84,66,16,3.91,0,0,10000,1014,9.84,66,16,3.91,0,0,10000,1014,9.84,66,16,3.91,0,0,10000,1014,9.84,66,16,3.91,0,0,10000,1014,9.84,66,16,3.91,0,0,10000,1014,9.84,66,16,3.91,0,0,10000,1014,9.84,66,16,3.91,0,0,10000
1014,9.84,66,10,2.06,0,0,10000,19,0,15,4,1014,9.84,66,16,3.91,0,0,10000,1014,9.84,66,16,3.91,0,0,10000,1014,9.84,66,16,3.91,0,0,10000,1014,9.84,66,16,3.91,0,0,10000,1014,9.84,66,16,3.91,0,0,10000,1014,9.84,66,16,3.91,0,0,10000,1014,9.84,66,16,3.91,0,0,10000,1014,9.84,66,16,3.91,0,0,10000,1014,9.84,66,16,3.91,0,0,10000,1014,9.84,66,16,3.91,0,0,10000,1014,9.84,66,16,3.91,0,0,10000,1014,9.84,66,16,3.91,0,0,10000
1014,9.84,66,10,2.06,0,0,10000,20,0,15,4,1014,9.84,66,16,3.91,0,0,10000,1014,9.84,66,16,3.91,0,0,10000,1014,9.84,66,16,3.91,0,0,10000,1014,9.84,66,16,3.91,0,0,10000,1014,9.84,66,16,3.91,0,0,10000,1014,9.84,66,16,3.91,0,0,10000,1014,9.84,66,16,3.91,0,0,10000,1014,9.84,66,16,3.91,0,0,10000,1014,9.84,66,16,3.91,0,0,10000,1014,9.84,66,16,3.91,0,0,10000,1014,9.84,66,16,3.91,0,0,10000,1014,9.84,66,16,3.91,0,0,10000
1014,9.84,66,10,2.06,0,0,10000,21,0,15,4,1014,9.84,66,16,3.91,0,0,10000,1014,9.84,66,16,3.91,0,0,10000,1014,9.84,66,16,3.91,0,0,10000,1014,9.84,66,16,3.91,0,0,10000,1014,9.84,66,16,3.91,0,0,10000,1014,9.84,66,16,3.91,0,0,10000,1014,9.84,66,16,3.91,0,0,10000,1014,9.84,66,16,3.91,0,0,10000,1014,9.84,66,16,3.91,0,0,10000,1014,9.84,66,16,3.91,0,0,10000,1014,9.84,66,16,3.91,0,0,10000,1014,9.84,66,16,3.91,0,0,10000
1014,9.84,66,10,2.06,0,0,10000,22,0,15,4,1014,9.84,66,16,3.91,0,0,10000,1014,9.84,66,16,3.91,0,0,10000,1014,9.84,66,16,3.91,0,0,10000,1014,9.84,66,16,3.91,0,0,10000,1014,9.84,66,16,3.91,0,0,10000,1014,9.84,66,16,3.91,0,0,10000,1014,9.84,66,16,3.91,0,0,10000,1014,9.84,66,16,3.91,0,0,10000,1014,9.84,66,16,3.91,0,0,10000,1014,9.84,66,16,3.91,0,0,10000,1014,9.84,66,16,3.91,0,0,10000,1014,9.84,66,16,3.91,0,0,10000
1014,9.84,66,10,2.06,0,0,10000,23,0,15,4,1014,9.84,66,16,3.91,0,0,10000,1014,9.84,66,16,3.91,0,0,10000,1014,9.84,66,16,3.91,0,0,10000,1014,9.84,66,16,3.91,0,0,10000,1014,9.84,66,16,3.91,0,0,10000,1014,9.84,66,16,3.91,0,0,10000,1014,9.84,66,16,3.91,0,0,10000,1014,9.84,66,16,3.91,0,0,10000,1014,9.84,66,16,3.91,0,0,10000,1014,9.84,66,16,3.91,0,0,10000,1014,9.84,66,16,3.91,0,0,10000,1014,9.84,66,16,3.91,0,0,10000
1014,9.84,66,10,2.06,0,0,10000,0,0,16,4,1014,9.84,66,16,3.91,0,0,10000,1014,9.84,66,16,3.91,0,0,10000,1014,9.84,66,16,3.91,0,0,10000,1014,9.84,66,16,3.91,0,0,10000,1014,9.84,66,16,3.91,0,0,10000,1014,9.84,66,16,3.91,0,0,10000,1014,9.84,66,16,3.91,0,0,10000,1014,9.84,66,16,3.91,0,0,10000,1014,9.84,66,16,3.91,0,0,10000,1014,9.84,66,16,3.91,0,0,10000,1014,9.84,66,16,3.91,0,0,10000,1014,9.84,66,16,3.91,0,0,10000
1014,9.84,66,10,2.06,0,0,10000,1,0,16,4,1014,9.84,66,16,3.91,0,0,10000,1014,9.84,66,16,3.91,0,0,10000,1014,9.84,66,16,3.91,0,0,10000,1014,9.84,66,16,3.91,0,0,10000,1014,9.84,66,16,3.91,0,0,10000,1014,9.84,66,16,3.91,0,0,10000,1014,9.84,66,16,3.91,0,0,10000,1014,9.84,66,16,3.91,0,0,10000,1014,9.84,66,16,3.91,0,0,10000,1014,9.84,66,16,3.91,0,0,10000,1014,9.84,66,16,3.91,0,0,10000,1014,9.84,66,16,3.91,0,0,10000
1014,9.84,66,10,2.06,0,0,10000,2,0,16,4,1014,9.84,66,16,3.91,0,0,10000,1014,9.84,66,16,3.91,0,0,10000,1014,9.84,66,16,3.91,0,0,10000,1014,9.84,66,16,3.91,0,0,10000,1014,9.84,66,16,3.91,0,0,10000,1014,9.84,66,16,3.91,0,0,10000,1014,9.84,66,16,3.91,0,0,10000,1014,9.84,66,16,3.91,0,0,10000,1014,9.84,66,16,3.91,0,0,10000,1014,9.84,66,16,3.91,0,0,10000,1014,9.84,66,16,3.91,0,0,10000,1014,9.84,66,16,3.91,0,0,10000
1014,9.84,66,10,2.06,0,0,10000,3,0,16,4,1014,9.84,66,16,3.91,0,0,10000,1014,9.84,66,16,3.91,0,0,10000,1014,9.84,66,16,3.91,0,0,10000,1014,9.84,66,16,3.91,0,0,10000,1014,9.84,66,16,3.91,0,0,10000,1014,9.84,66,16,3.91,0,0,10000,1014,9.84,66,16,3.91,0,0,10000,1014,9.84,66,16,3.91,0,0,10000,1014,9.84,66,16,3.91,0,0,10000,1014,9.84,66,16,3.91,0,0,10000,1014,9.84,66,16,3.91,0,0,10000,1014,9.84,66,16,3.91,0,0,10000
1014,9.84,66,10,2.06,0,0,10000,4,0,16,4,1014,9.84,66,16,3.91,0,0,10000,1014,9.84,66,16,3.91,0,0,10000,1014,9.84,66,16,3.91,0,0,10000,1014,9.84,66,16,3.91,0,0,10000,1014,9.84,66,16,3.91,0,0,10000,1014,9.84,66,16,3.91,0,0,10000,1014,9.84,66,16,3.91,0,0,10000,1014,9.84,66,16,3.91,0,0,10000,1014,9.84,66,16,3.91,0,0,10000,1014,9.84,66,16,3.91,0,0,10000,1014,9.84,66,16,3.91,0,0,10000,1014,9.84,66,16,3.91,0,0,10000
1014,9.84,66,10,2.06,0,0,10000,5,0,16,4,1014,9.84,66,16,3.91,0,0,10000,1014,9.84,66,16,3.91,0,0,10000,1014,9.84,66,16,3.91,0,0,10000,1014,9.84,66,16,3.91,0,0,10000,1014,9.84,66,16,3.91,0,0,10000,1014,9.84,66,16,3.91,0,0,10000,1014,9.84,66,16,3.91,0,0,10000,1014,9.84,66,16,3.91,0,0,10000,1014,9.84,66,16,3.91,0,0,10000,1014,9.84,66,16,3.91,0,0,10000,1014,9.84,66,16,3.91,0,0,10000,1014,9.84,66,16,3.91,0,0,10000
1014,9.84,66,10,2.06,0,0,10000,6,0,16,4,1014,9.84,66,16,3.91,0,0,10000,1014,9.84,66,16,3.91,0,0,10000,1014,9.84,66,16,3.91,0,0,10000,1014,9.84,66,16,3.91,0,0,10000,1014,9.84,66,16,3.91,0,0,10000,1014,9.84,66,16,3.91,0,0,10000,1014,9.84,66,16,3.91,0,0,10000,1014,9.84,66,16,3.91,0,0,10000,1014,9.84,66,16,3.91,0,0,10000,1014,9.84,66,16,3.91,0,0,10000,1014,9.84,66,16,3.91,0,0,10000,1014,9.84,66,16,3.91,0,0,10000
1014,9.84,66,10,2.06,0,0,10000,7,0,16,4,1014,9.84,66,16,3.91,0,0,10000,1014,9.84,66,16,3.91,0,0,10000,1014,9.84,66,16,3.91,0,0,10000,1014,9.84,66,16,3.91,0,0,10000,1014,9.84,66,16,3.91,0,0,10000,1014,9.84,66,16,3.91,0,0,10000,1014,9.84,66,16,3.91,0,0,10000,1014,9.84,66,16,3.91,0,0,10000,1014,9.84,66,16,3.91,0,0,10000,1014,9.84,66,16,3.91,0,0,10000,1014,9.84,66,16,3.91,0,0,10000,1014,9.84,66,16,3.91,0,0,10000
1014,9.84,66,10,2.06,0,0,10000,8,0,16,4,1014,9.84,66,16,3.91,0,0,10000,1014,9.84,66,16,3.91,0,0,10000,1014,9.84,66,16,3.91,0,0,10000,1014,9.84,66,16,3.91,0,0,10000,1014,9.84,66,16,3.91,0,0,10000,1014,9.84,66,16,3.91,0,0,10000,1014,9.84,66,16,3.91,0,0,10000,1014,9.84,66,16,3.91,0,0,10000,1014,9.84,66,16,3.91,0,0,10000,1014,9.84,66,16,3.91,0,0,10000,1014,9.84,66,16,3.91,0,0,10000,1014,9.84,66,16,3.91,0,0,10000
1014,9.84,66,10,2.06,0,0,10000,9,0,16,4,1014,9.84,66,16,3.91,0,0,10000,1014,9.84,66,16,3.91,0,0,10000,1014,9.84,66,16,3.91,0,0,10000,1014,9.84,66,16,3.91,0,0,10000,1014,9.84,66,16,3.91,0,0,10000,1014,9.84,66,16,3.91,0,0,10000,1014,9.84,66,16,3.91,0,0,10000,1014,9.84,66,16,3.91,0,0,10000,1014,9.84,66,16,3.91,0,0,10000,1014,9.84,66,16,3.91,0,0,10000,1014,9.84,66,16,3.91,0,0,10000,1014,9.84,66,16,3.91,0,0,10000
1014,9.84,66,10,2.06,0,0,10000,10,0,16,4,1014,9.84,66,16,3.91,0,0,10000,1014,9.84,66,16,3.91,0,0,10000,1014,9.84,66,16,3.91,0,0,10000,1014,9.84,66,16,3.91,0,0,10000,1014,9.84,66,16,3.91,0,0,10000,1014,9.84,66,16,3.91,0,0,10000,1014,9.84,66,16,3.91,0,0,10000,1014,9.84,66,16,3.91,0,0,10000,1014,9.84,66,16,3.91,0,0,10000,1014,9.84,66,16,3.91,0,0,10000,1014,9.84,66,16,3.91,0,0,10000,1014,9.84,66,16,3.91,0,0,10000
1014,9.84,66,10,2.06,0,0,10000,11,0,16,4,1014,9.84,66,16,3.91,0,0,10000,1014,9.84,66,16,3.91,0,0,10000,1014,9.84,66,16,3.91,0,0,10000,1014,9.84,66,16,3.91,0,0,10000,1014,9.84,66,16,3.91,0,0,10000,1014,9.84,66,16,3.91,0,0,10000,1014,9.84,66,16,3.91,0,0,10000,1014,9.84,66,16,3.91,0,0,10000,1014,9.84,66,16,3.91,0,0,10000,1014,9.84,66,16,3.91,0,0,10000,1014,9.84,66,16,3.91,0,0,10000,1014,9.84,66,16,3.91,0,0,10000
1014,9.84,66,10,2.06,0,0,10000,12,0,16,4,1014,9.84,66,16,3.91,0,0,10000,1014,9.84,66,16,3.91,0,0,10000,1014,9.84,66,16,3.91,0,0,10000,1014,9.84,66,16,3.91,0,0,10000,1014,9.84,66,16,3.91,0,0,10000,1014,9.84,66,16,3.91,0,0,10000,1014,9.84,66,16,3.91,0,0,10000,1014,9.84,66,16,3.91,0,0,10000,1014,9.84,66,16,3.91,0,0,10000,1014,9.84,66,16,3.91,0,0,10000,1014,9.84,66,16,3.91,0,0,10000,1014,9.84,66,16,3.91,0,0,10000
1014,9.84,66,10,2.06,0,0,10000,13,0,16,4,1014,9.84,66,16,3.91,0,0,10000,1014,9.84,66,16,3.91,0,0,10000,1014,9.84,66,16,3.91,0,0,10000,1014,9.84,66,16,3.91,0,0,10000,1014,9.84,66,16,3.91,0,0,10000,1014,9.84,66,16,3.91,0,0,10000,1014,9.84,66,16,3.91,0,0,10000,1014,9.84,66,16,3.91,0,0,10000,1014,9.84,66,16,3.91,0,0,10000,1014,9.84,66,16,3.91,0,0,10000,1014,9.84,66,16,3.91,0,0,10000,1014,9.84,66,16,3.91,0,0,10000
1014,9.84,66,10,2.06,0,0,10000,14,0,16,4,1014,9.84,66,16,3.91,0,0,10000,1014,9.84,66,16,3.91,0,0,10000,1014,9.84,66,16,3.91,0,0,10000,1014,9.84,66,16,3.91,0,0,10000,1014,9.84,66,16,3.91,0,0,10000,1014,9.84,66,16,3.91,0,0,10000,1014,9.84,66,16,3.91,0,0,10000,1014,9.84,66,16,3.91,0,0,10000,1014,9.84,66,16,3.91,0,0,10000,1014,9.84,66,16,3.91,0,0,10000,1014,9.84,66,16,3.91,0,0,10000,1014,9.84,66,16,3.91,0,0,10000
1014,9.84,66,10,2.06,0,0,10000,15,0,16,4,1014,9.84,66,16,3.91,0,0,10000,1014,9.84,66,16,3.91,0,0,10000,1014,9.84,66,16,3.91,0,0,10000,1014,9.84,66,16,3.91,0,0,10000,1014,9.84,66,16,3.91,0,0,10000,1014,9.84,66,16,3.91,0,0,10000,1014,9.84,66,16,3.91,0,0,10000,1014,9.84,66,16,3.91,0,0,10000,1014,9.84,66,16,3.91,0,0,10000,1014,9.84,66,16,3.91,0,0,10000,1014,9.84,66,16,3.91,0,0,10000,1014,9.84,66,16,3.91,0,0,10000
1014,9.84,66,10,2.06,0,0,10000,16,0,16,4,1014,9.84,66,16,3.91,0,0,10000,1014,9.84,66,16,3.91,0,0,10000,1014,9.84,66,16,3.91,0,0,10000,1014,9.84,66,16,3.91,0,0,10000,1014,9.84,66,16,3.91,0,0,10000,1014,9.84,66,16,3.91,0,0,10000,1014,9.84,66,16,3.91,0,0,10000,1014,9.84,66,16,3.91,0,0,10000,1014,9.84,66,16,3.91,0,0,10000,1014,9.84,66,16,3.91,0,0,10000,1014,9.84,66,16,3.91,0,0,10000,1014,9.84,66,16,3.91,0,0,10000
1014,9.84,66,10,2.06,0,0,10000,17,0,16,4,1014,9.84,66,16,3.91,0,0,10000,1014,9.84,66,16,3.91,0,0,10000,1014,9.84,66,16,3.91,0,0,10000,1014,9.84,66,16,3.91,0,0,10000,1014,9.84,66,16,3.91,0,0,10000,1014,9.84,66,16,3.91,0,0,10000,1014,9.84,66,16,3.91,0,0,10000,1014,9.84,66,16,3.91,0,0,10000,1014,9.84,66,16,3.91,0,0,10000,1014,9.84,66,16,3.91,0,0,10000,1014,9.84,66,16,3.91,0,0,10000,1014,9.84,66,16,3.91,0,0,10000
1014,9.84,66,10,2.06,0,0,10000,18,0,16,4,1014,9.84,66,16,3.91,0,0,10000,1014,9.84,66,16,3.91,0,0,10000,1014,9.84,66,16,3.91,0,0,10000,1014,9.84,66,16,3.91,0,0,10000,1014,9.84,66,16,3.91,0,0,10000,1014,9.84,66,16,3.91,0,0,10000,1014,9.84,66,16,3.91,0,0,10000,1014,9.84,66,16,3.91,0,0,10000,1014,9.84,66,16,3.91,0,0,10000,1014,9.84,66,16,3.91,0,0,10000,1014,9.84,66,16,3.91,0,0,10000,1014,9.84,66,16,3.91,0,0,10000
1014,9.84,66,10,2.06,0,0,10000,19,0,16,4,1014,9.84,66,16,3.91,0,0,10000,1014,9.84,66,16,3.91,0,0,10000,1014,9.84,66,16,3.91,0,0,10000,1014,9.84,66,16,3.91,0,0,10000,1014,9.84,66,16,3.91,0,0,10000,1014,9.84,66,16,3.91,0,0,10000,1014,9.84,66,16,3.91,0,0,10000,1014,9.84,66,16,3.91,0,0,10000,1014,9.84,66,16,3.91,0,0,10000,1014,9.84,66,16,3.91,0,0,10000,1014,9.84,66,16,3.91,0,0,10000,1014,9.84,66,16,3.91,0,0,10000
1014,9.84,66,10,2.06,0,0,10000,20,0,16,4,1014,9.84,66,16,3.91,0,0,10000,1014,9.84,66,16,3.91,0,0,10000,1014,9.84,66,16,3.91,0,0,10000,1014,9.84,66,16,3.91,0,0,10000,1014,9.84,66,16,3.91,0,0,10000,1014,9.84,66,16,3.91,0,0,10000,1014,9.84,66,16,3.91,0,0,10000,1014,9.84,66,16,3.91,0,0,10000,1014,9.84,66,16,3.91,0,0,10000,1014,9.84,66,16,3.91,0,0,10000,1014,9.84,66,16,3.91,0,0,10000,1014,9.84,66,16,3.91,0,0,10000
1014,9.84,66,10,2.06,0,0,10000,21,0,16,4,1014,9.84,66,16,3.91,0,0,10000,1014,9.84,66,16,3.91,0,0,10000,1014,9.84,66,16,3.91,0,0,10000,1014,9.84,66,16,3.91,0,0,10000,1014,9.84,66,16,3.91,0,0,10000,1014,9.84,66,16,3.91,0,0,10000,1014,9.84,66,16,3.91,0,0,10000,1014,9.84,66,16,3.91,0,0,10000,1014,9.84,66,16,3.91,0,0,10000,1014,9.84,66,16,3.91,0,0,10000,1014,9.84,66,16,3.91,0,0,10000,1014,9.84,66,16,3.91,0,0,10000
1014,9.84,66,10,2.06,0,0,10000,22,0,16,4,1014,9.84,66,16,3.91,0,0,10000,1014,9.84,66,16,3.91,0,0,10000,1014,9.84,66,16,3.91,0,0,10000,1014,9.84,66,16,3.91,0,0,10000,1014,9.84,66,16,3.91,0,0,10000,1014,9.84,66,16,3.91,0,0,10000,1014,9.84,66,16,3.91,0,0,10000,1014,9.84,66,16,3.91,0,0,10000,1014,9.84,66,16,3.91,0,0,10000,1014,9.84,66,16,3.91,0,0,10000,1014,9.84,66,16,3.91,0,0,10000,1014,9.84,66,16,3.91,0,0,10000
1014,9.84,66,10,2.06,0,0,10000,23,0,16,4,1014,9.84,66,16,3.91,0,0,10000,1014,9.84,66,16,3.91,0,0,10000,1014,9.84,66,16,3.91,0,0,10000,1014,9.84,66,16,3.91,0,0,10000,1014,9.84,66,16,3.91,0,0,10000,1014,9.84,66,16,3.91,0,0,10000,1014,9.84,66,16,3.91,0,0,10000,1014,9.84,66,16,3.91,0,0,10000,1014,9.84,66,16,3.91,0,0,10000,1014,9.84,66,16,3.91,0,0,10000,1014,9.84,66,16,3.91,0,0,10000,1014,9.84,66,16,3.91,0,0,10000
1014,9.84,66,10,2.06,0,0,10000,0,0,17,4,1014,9.84,66,16,3.91,0,0,10000,1014,9.84,66,16,3.91,0,0,10000,1014,9.84,66,16,3.91,0,0,10000,1014,9.84,66,16,3.91,0,0,10000,1014,9.84,66,16,3.91,0,0,10000,1014,9.84,66,16,3.91,0,0,10000,1014,9.84,66,16,3.91,0,0,10000,1014,9.84,66,16,3.91,0,0,10000,1014,9.84,66,16,3.91,0,0,10000,1014,9.84,66,16,3.91,0,0,10000,1014,9.84,66,16,3.91,0,0,10000,1014,9.84,66,16,3.91,0,0,10000
1014,9.84,66,10,2.06,0,0,10000,1,0,17,4,1014,9.84,66,16,3.91,0,0,10000,1014,9.84,66,16,3.91,0,0,10000,1014,9.84,66,16,3.91,0,0,10000,1014,9.84,66,16,3.91,0,0,10000,1014,9.84,66,16,3.91,0,0,10000,1014,9.84,66,16,3.91,0,0,10000,1014,9.84,66,16,3.91,0,0,10000,1014,9.84,66,16,3.91,0,0,10000,1014,9.84,66,16,3.91,0,0,10000,1014,9.84,66,16,3.91,0,0,10000,1014,9.84,66,16,3.91,0,0,10000,1014,9.84,66,16,3.91,0,0,10000
1014,9.84,66,10,2.06,0,0,10000,2,0,17,4,1014,9.84,66,16,3.91,0,0,10000,1014,9.84,66,16,3.91,0,0,10000,1014,9.84,66,16,3.91,0,0,10000,1014,9.84,66,16,3.91,0,0,10000,1014,9.84,66,16,3.91,0,0,10000,1014,9.84,66,16,3.91,0,0,10000,1014,9.84,66,16,3.91,0,0,10000,1014,9.84,66,16,3.91,0,0,10000,1014,9.84,66,16,3.91,0,0,10000,1014,9.84,66,16,3.91,0,0,10000,1014,9.84,66,16,3.91,0,0,10000,1014,9.84,66,16,3.91,0,0,10000
1014,9.84,66,10,2.06,0,0,10000,3,0,17,4,1014,9.84,66,16,3.91,0,0,10000,1014,9.84,66,16,3.91,0,0,10000,1014,9.84,66,16,3.91,0,0,10000,1014,9.84,66,16,3.91,0,0,10000,1014,9.84,66,16,3.91,0,0,10000,1014,9.84,66,16,3.91,0,0,10000,1014,9.84,66,16,3.91,0,0,10000,1014,9.84,66,16,3.91,0,0,10000,1014,9.84,66,16,3.91,0,0,10000,1014,9.84,66,16,3.91,0,0,10000,1014,9.84,66,16,3.91,0,0,10000,1014,9.84,66,16,3.91,0,0,10000
1014,9.84,66,10,2.06,0,0,10000,4,0,17,4,1014,9.84,66,16,3.91,0,0,10000,1014,9.84,66,16,3.91,0,0,10000,1014,9.84,66,16,3.91,0,0,10000,1014,9.84,66,16,3.91,0,0,10000,1014,9.84,66,16,3.91,0,0,10000,1014,9.84,66,16,3.91,0,0,10000,1014,9.84,66,16,3.91,0,0,10000,1014,9.84,66,16,3.91,0,0,10000,1014,9.84,66,16,3.91,0,0,10000,1014,9.84,66,16,3.91,0,0,10000,1014,9.84,66,16,3.91,0,0,10000,1014,9.84,66,16,3.91,0,0,10000
1014,9.84,66,10,2.06,0,0,10000,5,0,17,4,1014,9.84,66,16,3.91,0,0,10000,1014,9.84,66,16,3.91,0,0,10000,1014,9.84,66,16,3.91,0,0,10000,1014,9.84,66,16,3.91,0,0,10000,1014,9.84,66,16,3.91,0,0,10000,1014,9.84,66,16,3.91,0,0,10000,1014,9.84,66,16,3.91,0,0,10000,1014,9.84,66,16,3.91,0,0,10000,1014,9.84,66,16,3.91,0,0,10000,1014,9.84,66,16,3.91,0,0,10000,1014,9.84,66,16,3.91,0,0,10000,1014,9.84,66,16,3.91,0,0,10000
1014,9.84,66,10,2.06,0,0,10000,6,0,17,4,1014,9.84,66,16,3.91,0,0,10000,1014,9.84,66,16,3.91,0,0,10000,1014,9.84,66,16,3.91,0,0,10000,1014,9.84,66,16,3.91,0,0,10000,1014,9.84,66,16,3.91,0,0,10000,1014,9.84,66,16,3.91,0,0,10000,1014,9.84,66,16,3.91,0,0,10000,1014,9.84,66,16,3.91,0,0,10000,1014,9.84,66,16,3.91,0,0,10000,1014,9.84,66,16,3.91,0,0,10000,1014,9.84,66,16,3.91,0,0,10000,1014,9.84,66,16,3.91,0,0,10000
1014,9.84,66,10,2.06,0,0,10000,7,0,17,4,1014,9.84,66,16,3.91,0,0,10000,1014,9.84,66,16,3.91,0,0,10000,1014,9.84,66,16,3.91,0,0,10000,1014,9.84,66,16,3.91,0,0,10000,1014,9.84,66,16,3.91,0,0,10000,1014,9.84,66,16,3.91,0,0,10000,1014,9.84,66,16,3.91,0,0,10000,1014,9.84,66,16,3.91,0,0,10000,1014,9.84,66,16,3.91,0,0,10000,1014,9.84,66,16,3.91,0,0,10000,1014,9.84,66,16,3.91,0,0,10000,1014,9.84,66,16,3.91,0,0,10000
1014,9.84,66,10,2.06,0,0,10000,8,0,17,4,1014,9.84,66,16,3.91,0,0,10000,1014,9.84,66,16,3.91,0,0,10000,1014,9.84,66,16,3.91,0,0,10000,1014,9.84,66,16,3.91,0,0,10000,1014,9.84,66,16,3.91,0,0,10000,1014,9.84,66,16,3.91,0,0,10000,1014,9.84,66,16,3.91,0,0,10000,1014,9.84,66,16,3.91,0,0,10000,1014,9.84,66,16,3.91,0,0,10000,1014,9.84,66,16,3.91,0,0,10000,1014,9.84,66,16,3.91,0,0,10000,1014,9.84,66,16,3.91,0,0,10000
1014,9.84,66,10,2.06,0,0,10000,9,0,17,4,1014,9.84,66,16,3.91,0,0,10000,1014,9.84,66,16,3.91,0,0,10000,1014,9.84,66,16,3.91,0,0,10000,1014,9.84,66,16,3.91,0,0,10000,1014,9.84,66,16,3.91,0,0,10000,1014,9.84,66,16,3.91,0,0,10000,1014,9.84,66,16,3.91,0,0,10000,1014,9.84,66,16,3.91,0,0,10000,1014,9.84,66,16,3.91,0,0,10000,1014,9.84,66,16,3.91,0,0,10000,1014,9.84,66,16,3.91,0,0,10000,1014,9.84,66,16,3.91,0,0,10000
1014,9.84,66,10,2.06,0,0,10000,10,0,17,4,1014,9.84,66,16,3.91,0,0,10000,1014,9.84,66,16,3.91,0,0,10000,1014,9.84,66,16,3.91,0,0,10000,1014,9.84,66,16,3.91,0,0,10000,1014,9.84,66,16,3.91,0,0,10000,1014,9.84,66,16,3.91,0,0,10000,1014,9.84,66,16,3.91,0,0,10000,1014,9.84,66,16,3.91,0,0,10000,1014,9.84,66,16,3.91,0,0,10000,1014,9.84,66,16,3.91,0,0,10000,1014,9.84,66,16,3.91,0,0,10000,1014,9.84,66,16,3.91,0,0,10000
1014,9.84,66,10,2.06,0,0,10000,11,0,17,4,1014,9.84,66,16,3.91,0,0,10000,1014,9.84,66,16,3.91,0,0,10000,1014,9.84,66,16,3.91,0,0,10000,1014,9.84,66,16,3.91,0,0,10000,1014,9.84,66,16,3.91,0,0,10000,1014,9.84,66,16,3.91,0,0,10000,1014,9.84,66,16,3.91,0,0,10000,1014,9.84,66,16,3.91,0,0,10000,1014,9.84,66,16,3.91,0,0,10000,1014,9.84,66,16,3.91,0,0,10000,1014,9.84,66,16,3.91,0,0,10000,1014,9.84,66,16,3.91,0,0,10000
1014,9.84,66,10,2.06,0,0,10000,12,0,17,4,1014,9.84,66,16,3.91,0,0,10000,1014,9.84,66,16,3.91,0,0,10000,1014,9.84,66,16,3.91,0,0,10000,1014,9.84,66,16,3.91,0,0,10000,1014,9.84,66,16,3.91,0,0,10000,1014,9.84,66,16,3.91,0,0,10000,1014,9.84,66,16,3.91,0,0,10000,1014,9.84,66,16,3.91,0,0,10000,1014,9.84,66,16,3.91,0,0,10000,1014,9.84,66,16,3.91,0,0,10000,1014,9.84,66,16,3.91,0,0,10000,1014,9.84,66,16,3.91,0,0,10000
1014,9.84,66,10,2.06,0,0,10000,13,0,17,4,1014,9.84,66,16,3.91,0,0,10000,1014,9.84,66,16,3.91,0,0,10000,1014,9.84,66,16,3.91,0,0,10000,1014,9.84,66,16,3.91,0,0,10000,1014,9.84,66,16,3.91,0,0,10000,1014,9.84,66,16,3.91,0,0,10000,1014,9.84,66,16,3.91,0,0,10000,1014,9.84,66,16,3.91,0,0,10000,1014,9.84,66,16,3.91,0,0,10000,1014,9.84,66,16,3.91,0,0,10000,1014,9.84,66,16,3.91,0,0,10000,1014,9.84,66,16,3.91,0,0,10000
1014,9.84,66,10,2.06,0,0,10000,14,0,17,4,1014,9.84,66,16,3.91,0,0,10000,1014,9.84,66,16,3.91,0,0,10000,1014,9.84,66,16,3.91,0,0,10000,1014,9.84,66,16,3.91,0,0,10000,1014,9.84,66,16,3.91,0,0,10000,1014,9.84,66,16,3.91,0,0,10000,1014,9.84,66,16,3.91,0,0,10000,1014,9.84,66,16,3.91,0,0,10000,1014,9.84,66,16,3.91,0,0,10000,1014,9.84,66,16,3.91,0,0,10000,1014,9.84,66,16,3.91,0,0,10000,1014,9.84,66,16,3.91,0,0,10000
1014,9.84,66,10,2.06,0,0,10000,15,0,17,4,1014,9.84,66,16,3.91,0,0,10000,1014,9.84,66,16,3.91,0,0,10000,1014,9.84,66,16,3.91,0,0,10000,1014,9.84,66,16,3.91,0,0,10000,1014,9.84,66,16,3.91,0,0,10000,1014,9.84,66,16,3.91,0,0,10000,1014,9.84,66,16,3.91,0,0,10000,1014,9.84,66,16,3.91,0,0,10000,1014,9.84,66,16,3.91,0,0,10000,1014,9.84,66,16,3.91,0,0,10000,1014,9.84,66,16,3.91,0,0,10000,1014,9.84,66,16,3.91,0,0,10000
1014,9.84,66,10,2.06,0,0,10000,16,0,17,4,1014,9.84,66,16,3.91,0,0,10000,1014,9.84,66,16,3.91,0,0,10000,1014,9.84,66,16,3.91,0,0,10000,1014,9.84,66,16,3.91,0,0,10000,1014,9.84,66,16,3.91,0,0,10000,1014,9.84,66,16,3.91,0,0,10000,1014,9.84,66,16,3.91,0,0,10000,1014,9.84,66,16,3.91,0,0,10000,1014,9.84,66,16,3.91,0,0,10000,1014,9.84,66,16,3.91,0,0,10000,1014,9.84,66,16,3.91,0,0,10000,1014,9.84,66,16,3.91,0,0,10000
1014,9.84,66,10,2.06,0,0,10000,17,0,17,4,1014,9.84,66,16,3.91,0,0,10000,1014,9.84,66,16,3.91,0,0,10000,1014,9.84,66,16,3.91,0,0,10000,1014,9.84,66,16,3.91,0,0,10000,1014,9.84,66,16,3.91,0,0,10000,1014,9.84,66,16,3.91,0,0,10000,1014,9.84,66,16,3.91,0,0,10000,1014,9.84,66,16,3.91,0,0,10000,1014,9.84,66,16,3.91,0,0,10000,1014,9.84,66,16,3.91,0,0,10000,1014,9.84,66,16,3.91,0,0,10000,1014,9.84,66,16,3.91,0,0,10000
1014,9.84,66,10,2.06,0,0,10000,18,0,17,4,1014,9.84,66,16,3.91,0,0,10000,1014,9.84,66,16,3.91,0,0,10000,1014,9.84,66,16,3.91,0,0,10000,1014,9.84,66,16,3.91,0,0,10000,1014,9.84,66,16,3.91,0,0,10000,1014,9.84,66,16,3.91,0,0,10000,1014,9.84,66,16,3.91,0,0,10000,1014,9.84,66,16,3.91,0,0,10000,1014,9.84,66,16,3.91,0,0,10000,1014,9.84,66,16,3.91,0,0,10000,1014,9.84,66,16,3.91,0,0,10000,1014,9.84,66,16,3.91,0,0,10000
1014,9.84,66,10,2.06,0,0,10000,19,0,17,4,1014,9.84,66,16,3.91,0,0,10000,1014,9.84,66,16,3.91,0,0,10000,1014,9.84,66,16,3.91,0,0,10000,1014,9.84,66,16,3.91,0,0,10000,1014,9.84,66,16,3.91,0,0,10000,1014,9.84,66,16,3.91,0,0,10000,1014,9.84,66,16,3.91,0,0,10000,1014,9.84,66,16,3.91,0,0,10000,1014,9.84,66,16,3.91,0,0,10000,1014,9.84,66,16,3.91,0,0,10000,1014,9.84,66,16,3.91,0,0,10000,1014,9.84,66,16,3.91,0,0,10000
1014,9.84,66,10,2.06,0,0,10000,20,0,17,4,1014,9.84,66,16,3.91,0,0,10000,1014,9.84,66,16,3.91,0,0,10000,1014,9.84,66,16,3.91,0,0,10000,1014,9.84,66,16,3.91,0,0,10000,1014,9.84,66,16,3.91,0,0,10000,1014,9.84,66,16,3.91,0,0,10000,1014,9.84,66,16,3.91,0,0,10000,1014,9.84,66,16,3.91,0,0,10000,1014,9.84,66,16,3.91,0,0,10000,1014,9.84,66,16,3.91,0,0,10000,1014,9.84,66,16,3.91,0,0,10000,1014,9.84,66,16,3.91,0,0,10000
1014,9.84,66,10,2.06,0,0,10000,21,0,17,4,1014,9.84,66,16,3.91,0,0,10000,1014,9.84,66,16,3.91,0,0,10000,1014,9.84,66,16,3.91,0,0,10000,1014,9.84,66,16,3.91,0,0,10000,1014,9.84,66,16,3.91,0,0,10000,1014,9.84,66,16,3.91,0,0,10000,1014,9.84,66,16,3.91,0,0,10000,1014,9.84,66,16,3.91,0,0,10000,1014,9.84,66,16,3.91,0,0,10000,1014,9.84,66,16,3.91,0,0,10000,1014,9.84,66,16,3.91,0,0,10000,1014,9.84,66,16,3.91,0,0,10000
1014,9.84,66,10,2.06,0,0,10000,22,0,17,4,1014,9.84,66,16,3.91,0,0,10000,1014,9.84,66,16,3.91,0,0,10000,1014,9.84,66,16,3.91,0,0,10000,1014,9.84,66,16,3.91,0,0,10000,1014,9.84,66,16,3.91,0,0,10000,1014,9.84,66,16,3.91,0,0,10000,1014,9.84,66,16,3.91,0,0,10000,1014,9.84,66,16,3.91,0,0,10000,1014,9.84,66,16,3.91,0,0,10000,1014,9.84,66,16,3.91,0,0,10000,1014,9.84,66,16,3.91,0,0,10000,1014,9.84,66,16,3.91,0,0,10000
1014,9.84,66,10,2.06,0,0,10000,23,0,17,4,1014,9.84,66,16,3.91,0,0,10000,1014,9.84,66,16,3.91,0,0,10000,1014,9.84,66,16,3.91,0,0,10000,1014,9.84,66,16,3.91,0,0,10000,1014,9.84,66,16,3.91,0,0,10000,1014,9.84,66,16,3.91,0,0,10000,1014,9.84,66,16,3.91,0,0,10000,1014,9.84,66,16,3.91,0,0,10000,1014,9.84,66,16,3.91,0,0,10000,1014,9.84,66,16,3.91,0,0,10000,1014,9.84,66,16,3.91,0,0,10000,1014,9.84,66,16,3.91,0,0,10000
1014,9.84,66,10,2.06,0,0,10000,0,0,18,4,1014,9.84,66,16,3.91,0,0,10000,1014,9.84,66,16,3.91,0,0,10000,1014,9.84,66,16,3.91,0,0,10000,1014,9.84,66,16,3.91,0,0,10000,1014,9.84,66,16,3.91,0,0,10000,1014,9.84,66,16,3.91,0,0,10000,1014,9.84,66,16,3.91,0,0,10000,1014,9.84,66,16,3.91,0,0,10000,1014,9.84,66,16,3.91,0,0,10000,1014,9.84,66,16,3.91,0,0,10000,1014,9.84,66,16,3.91,0,0,10000,1014,9.84,66,16,3.91,0,0,10000
1014,9.84,66,10,2.06,0,0,10000,1,0,18,4,1014,9.84,66,16,3.91,0,0,10000,1014,9.84,66,16,3.91,0,0,10000,1014,9.84,66,16,3.91,0,0,10000,1014,9.84,66,16,3.91,0,0,10000,1014,9.84,66,16,3.91,0,0,10000,1014,9.84,66,16,3.91,0,0,10000,1014,9.84,66,16,3.91,0,0,10000,1014,9.84,66,16,3.91,0,0,10000,1014,9.84,66,16,3.91,0,0,10000,1014,9.84,66,16,3.91,0,0,10000,1014,9.84,66,16,3.91,0,0,10000,1014,9.84,66,16,3.91,0,0,10000
1014,9.84,66,10,2.06,0,0,10000,2,0,18,4,1014,9.84,66,16,3.91,0,0,10000,1014,9.84,66,16,3.91,0,0,10000,1014,9.84,66,16,3.91,0,0,10000,1014,9.84,66,16,3.91,0,0,10000,1014,9.84,66,16,3.91,0,0,10000,1014,9.84,66,16,3.91,0,0,10000,1014,9.84,66,16,3.91,0,0,10000,1014,9.84,66,16,3.91,0,0,10000,1014,9.84,66,16,3.91,0,0,10000,1014,9.84,66,16,3.91,0,0,10000,1014,9.84,66,16,3.91,0,0,10000,1014,9.84,66,16,3.91,0,0,10000
1014,9.84,66,10,2.06,0,0,10000,3,0,18,4,1014,9.84,66,16,3.91,0,0,10000,1014,9.84,66,16,3.91,0,0,10000,1014,9.84,66,16,3.91,0,0,10000,1014,9.84,66,16,3.91,0,0,10000,1014,9.84,66,16,3.91,0,0,10000,1014,9.84,66,16,3.91,0,0,10000,1014,9.84,66,16,3.91,0,0,10000,1014,9.84,66,16,3.91,0,0,10000,1014,9.84,66,16,3.91,0,0,10000,1014,9.84,66,16,3.91,0,0,10000,1014,9.84,66,16,3.91,0,0,10000,1014,9.84,66,16,3.91,0,0,10000
1014,9.84,66,10,2.06,0,0,10000,4,0,18,4,1014,9.84,66,16,3.91,0,0,10000,1014,9.84,66,16,3.91,0,0,10000,1014,9.84,66,16,3.91,0,0,10000,1014,9.84,66,16,3.91,0,0,10000,1014,9.84,66,16,3.91,0,0,10000,1014,9.84,66,16,3.91,0,0,10000,1014,9.84,66,16,3.91,0,0,10000,1014,9.84,66,16,3.91,0,0,10000,1014,9.84,66,16,3.91,0,0,10000,1014,9.84,66,16,3.91,0,0,10000,1014,9.84,66,16,3.91,0,0,10000,1014,9.84,66,16,3.91,0,0,10000
1014,9.84,66,10,2.06,0,0,10000,5,0,18,4,1014,9.84,66,16,3.91,0,0,10000,1014,9.84,66,16,3.91,0,0,10000,1014,9.84,66,16,3.91,0,0,10000,1014,9.84,66,16,3.91,0,0,10000,1014,9.84,66,16,3.91,0,0,10000,1014,9.84,66,16,3.91,0,0,10000,1014,9.84,66,16,3.91,0,0,10000,1014,9.84,66,16,3.91,0,0,10000,1014,9.84,66,16,3.91,0,0,10000,1014,9.84,66,16,3.91,0,0,10000,1014,9.84,66,16,3.91,0,0,10000,1014,9.84,66,16,3.91,0,0,10000
1014,9.84,66,10,2.06,0,0,10000,6,0,18,4,1014,9.84,66,16,3.91,0,0,10000,1014,9.84,66,16,3.91,0,0,10000,1014,9.84,66,16,3.91,0,0,10000,1014,9.84,66,16,3.91,0,0,10000,1014,9.84,66,16,3.91,0,0,10000,1014,9.84,66,16,3.91,0,0,10000,1014,9.84,66,16,3.91,0,0,10000,1014,9.84,66,16,3.91,0,0,10000,1014,9.84,66,16,3.91,0,0,10000,1014,9.84,66,16,3.91,0,0,10000,1014,9.84,66,16,3.91,0,0,10000,1014,9.84,66,16,3.91,0,0,10000
1014,9.84,66,10,2.06,0,0,10000,7,0,18,4,1014,9.84,66,16,3.91,0,0,10000,1014,9.84,66,16,3.91,0,0,10000,1014,9.84,66,16,3.91,0,0,10000,1014,9.84,66,16,3.91,0,0,10000,1014,9.84,66,16,3.91,0,0,10000,1014,9.84,66,16,3.91,0,0,10000,1014,9.84,66,16,3.91,0,0,10000,1014,9.84,66,16,3.91,0,0,10000,1014,9.84,66,16,3.91,0,0,10000,1014,9.84,66,16,3.91,0,0,10000,1014,9.84,66,16,3.91,0,0,10000,1014,9.84,66,16,3.91,0,0,10000
1014,9.84,66,10,2.06,0,0,10000,8,0,18,4,1014,9.84,66,16,3.91,0,0,10000,1014,9.84,66,16,3.91,0,0,10000,1014,9.84,66,16,3.91,0,0,10000,1014,9.84,66,16,3.91,0,0,10000,1014,9.84,66,16,3.91,0,0,10000,1014,9.84,66,16,3.91,0,0,10000,1014,9.84,66,16,3.91,0,0,10000,1014,9.84,66,16,3.91,0,0,10000,1014,9.84,66,16,3.91,0,0,10000,1014,9.84,66,16,3.91,0,0,10000,1014,9.84,66,16,3.91,0,0,10000,1014,9.84,66,16,3.91,0,0,10000
1014,9.84,66,10,2.06,0,0,10000,9,0,18,4,1014,9.84,66,16,3.91,0,0,10000,1014,9.84,66,16,3.91,0,0,10000,1014,9.84,66,16,3.91,0,0,10000,1014,9.84,66,16,3.91,0,0,10000,1014,9.84,66,16,3.91,0,0,10000,1014,9.84,66,16,3.91,0,0,10000,1014,9.84,66,16,3.91,0,0,10000,1014,9.84,66,16,3.91,0,0,10000,1014,9.84,66,16,3.91,0,0,10000,1014,9.84,66,16,3.91,0,0,10000,1014,9.84,66,16,3.91,0,0,10000,1014,9.84,66,16,3.91,0,0,10000
1014,9.84,66,10,2.06,0,0,10000,10,0,18,4,1014,9.84,66,16,3.91,0,0,10000,1014,9.84,66,16,3.91,0,0,10000,1014,9.84,66,16,3.91,0,0,10000,1014,9.84,66,16,3.91,0,0,10000,1014,9.84,66,16,3.91,0,0,10000,1014,9.84,66,16,3.91,0,0,10000,1014,9.84,66,16,3.91,0,0,10000,1014,9.84,66,16,3.91,0,0,10000,1014,9.84,66,16,3.91,0,0,10000,1014,9.84,66,16,3.91,0,0,10000,1014,9.84,66,16,3.91,0,0,10000,1014,9.84,66,16,3.91,0,0,10000
1014,9.84,66,10,2.06,0,0,10000,11,0,18,4,1014,9.84,66,16,3.91,0,0,10000,1014,9.84,66,16,3.91,0,0,10000,1014,9.84,66,16,3.91,0,0,10000,1014,9.84,66,16,3.91,0,0,10000,1014,9.84,66,16,3.91,0,0,10000,1014,9.84,66,16,3.91,0,0,10000,1014,9.84,66,16,3.91,0,0,10000,1014,9.84,66,16,3.91,0,0,10000,1014,9.84,66,16,3.91,0,0,10000,1014,9.84,66,16,3.91,0,0,10000,1014,9.84,66,16,3.91,0,0,10000,1014,9.84,66,16,3.91,0,0,10000
1014,9.84,66,10,2.06,0,0,10000,12,0,18,4,1014,9.84,66,16,3.91,0,0,10000,1014,9.84,66,16,3.91,0,0,10000,1014,9.84,66,16,3.91,0,0,10000,1014,9.84,66,16,3.91,0,0,10000,1014,9.84,66,16,3.91,0,0,10000,1014,9.84,66,16,3.91,0,0,10000,1014,9.84,66,16,3.91,0,0,10000,1014,9.84,66,16,3.91,0,0,10000,1014,9.84,66,16,3.91,0,0,10000,1014,9.84,66,16,3.91,0,0,10000,1014,9.84,66,16,3.91,0,0,10000,1014,9.84,66,16,3.91,0,0,10000
1014,9.84,66,10,2.06,0,0,10000,13,0,18,4,1014,9.84,66,16,3.91,0,0,10000,1014,9.84,66,16,3.91,0,0,10000,1014,9.84,66,16,3.91,0,0,10000,1014,9.84,66,16,3.91,0,0,10000,1014,9.84,66,16,3.91,0,0,10000,1014,9.84,66,16,3.91,0,0,10000,1014,9.84,66,16,3.91,0,0,10000,1014,9.84,66,16,3.91,0,0,10000,1014,9.84,66,16,3.91,0,0,10000,1014,9.84,66,16,3.91,0,0,10000,1014,9.84,66,16,3.91,0,0,10000,1014,9.84,66,16,3.91,0,0,10000
1014,9.84,66,10,2.06,0,0,10000,14,0,18,4,1014,9.84,66,16,3.91,0,0,10000,1014,9.84,66,16,3.91,0,0,10000,1014,9.84,66,16,3.91,0,0,10000,1014,9.84,66,16,3.91,0,0,10000,1014,9.84,66,16,3.91,0,0,10000,1014,9.84,66,16,3.91,0,0,10000,1014,9.84,66,16,3.91,0,0,10000,1014,9.84,66,16,3.91,0,0,10000,1014,9.84,66,16,3.91,0,0,10000,1014,9.84,66,16,3.91,0,0,10000,1014,9.84,66,16,3.91,0,0,10000,1014,9.84,66,16,3.91,0,0,10000
1014,9.84,66,10,2.06,0,0,10000,15,0,18,4,1014,9.84,66,16,3.91,0,0,10000,1014,9.84,66,16,3.91,0,0,10000,1014,9.84,66,16,3.91,0,0,10000,1014,9.84,66,16,3.91,0,0,10000,1014,9.84,66,16,3.91,0,0,10000,1014,9.84,66,16,3.91,0,0,10000,1014,9.84,66,16,3.91,0,0,10000,1014,9.84,66,16,3.91,0,0,10000,1014,9.84,66,16,3.91,0,0,10000,1014,9.84,66,16,3.91,0,0,10000,1014,9.84,66,16,3.91,0,0,10000,1014,9.84,66,16,3.91,0,0,10000
1014,9.84,66,10,2.06,0,0,10000,16,0,18,4,1014,9.84,66,16,3.91,0,0,10000,1014,9.84,66,16,3.91,0,0,10000,1014,9.84,66,16,3.91,0,0,10000,1014,9.84,66,16,3.91,0,0,10000,1014,9.84,66,16,3.91,0,0,10000,1014,9.84,66,16,3.91,0,0,10000,1014,9.84,66,16,3.91,0,0,10000,1014,9.84,66,16,3.91,0,0,10000,1014,9.84,66,16,3.91,0,0,10000,1014,9.84,66,16,3.91,0,0,10000,1014,9.84,66,16,3.91,0,0,10000,1014,9.84,66,16,3.91,0,0,10000
1014,9.84,66,10,2.06,0,0,10000,17,0,18,4,1014,9.84,66,16,3.91,0,0,10000,1014,9.84,66,16,3.91,0,0,10000,1014,9.84,66,16,3.91,0,0,10000,1014,9.84,66,16,3.91,0,0,10000,1014,9.84,66,16,3.91,0,0,10000,1014,9.84,66,16,3.91,0,0,10000,1014,9.84,66,16,3.91,0,0,10000,1014,9.84,66,16,3.91,0,0,10000,1014,9.84,66,16,3.91,0,0,10000,1014,9.84,66,16,3.91,0,0,10000,1014,9.84,66,16,3.91,0,0,10000,1014,9.84,66,16,3.91,0,0,10000
1014,9.84,66,10,2.06,0,0,10000,18,0,18,4,1014,9.84,66,16,3.91,0,0,10000,1014,9.84,66,16,3.91,0,0,10000,1014,9.84,66,16,3.91,0,0,10000,1014,9.84,66,16,3.91,0,0,10000,1014,9.84,66,16,3.91,0,0,10000,1014,9.84,66,16,3.91,0,0,10000,1014,9.84,66,16,3.91,0,0,10000,1014,9.84,66,16,3.91,0,0,10000,1014,9.84,66,16,3.91,0,0,10000,1014,9.84,66,16,3.91,0,0,10000,1014,9.84,66,16,3.91,0,0,10000,1014,9.84,66,16,3.91,0,0,10000
1014,9.84,66,10,2.06,0,0,10000,19,0,18,4,1014,9.84,66,16,3.91,0,0,10000,1014,9.84,66,16,3.91,0,0,10000,1014,9.84,66,16,3.91,0,0,10000,1014,9.84,66,16,3.91,0,0,10000,1014,9.84,66,16,3.91,0,0,10000,1014,9.84,66,16,3.91,0,0,10000,1014,9.84,66,16,3.91,0,0,10000,1014,9.84,66,16,3.91,0,0,10000,1014,9.84,66,16,3.91,0,0,10000,1014,9.84,66,16,3.91,0,0,10000,1014,9.84,66,16,3.91,0,0,10000,1014,9.84,66,16,3.91,0,0,10000
1014,9.84,66,10,2.06,0,0,10000,20,0,18,4,1014,9.84,66,16,3.91,0,0,10000,1014,9.84,66,16,3.91,0,0,10000,1014,9.84,66,16,3.91,0,0,10000,1014,9.84,66,16,3.91,0,0,10000,1014,9.84,66,16,3.91,0,0,10000,1014,9.84,66,16,3.91,0,0,10000,1014,9.84,66,16,3.91,0,0,10000,1014,9.84,66,16,3.91,0,0,10000,1014,9.84,66,16,3.91,0,0,10000,1014,9.84,66,16,3.91,0,0,10000,1014,9.84,66,16,3.91,0,0,10000,1014,9.84,66,16,3.91,0,0,10000
1014,9.84,66,10,2.06,0,0,10000,21,0,18,4,1014,9.84,66,16,3.91,0,0,10000,1014,9.84,66,16,3.91,0,0,10000,1014,9.84,66,16,3.91,0,0,10000,1014,9.84,66,16,3.91,0,0,10000,1014,9.84,66,16,3.91,0,0,10000,1014,9.84,66,16,3.91,0,0,10000,1014,9.84,66,16,3.91,0,0,10000,1014,9.84,66,16,3.91,0,0,10000,1014,9.84,66,16,3.91,0,0,10000,1014,9.84,66,16,3.91,0,0,10000,1014,9.84,66,16,3.91,0,0,10000,1014,9.84,66,16,3.91,0,0,10000
1014,9.84,66,10,2.06,0,0,10000,22,0,18,4,1014,9.84,66,16,3.91,0,0,10000,1014,9.84,66,16,3.91,0,0,10000,1014,9.84,66,16,3.91,0,0,10000,1014,9.84,66,16,3.91,0,0,10000,1014,9.84,66,16,3.91,0,0,10000,1014,9.84,66,16,3.91,0,0,10000,1014,9.84,66,16,3.91,0,0,10000,1014,9.84,66,16,3.91,0,0,10000,1014,9.84,66,16,3.91,0,0,10000,1014,9.84,66,16,3.91,0,0,10000,1014,9.84,66,16,3.91,0,0,10000,1014,9.84,66,16,3.91,0,0,10000
1014,9.84,66,10,2.06,0,0,10000,23,0,18,4,1014,9.84,66,16,3.91,0,0,10000,1014,9.84,66,16,3.91,0,0,10000,1014,9.84,66,16,3.91,0,0,10000,1014,9.84,66,16,3.91,0,0,10000,1014,9.84,66,16,3.91,0,0,10000,1014,9.84,66,16,3.91,0,0,10000,1014,9.84,66,16,3.91,0,0,10000,1014,9.84,66,16,3.91,0,0,10000,1014,9.84,66,16,3.91,0,0,10000,1014,9.84,66,16,3.91,0,0,10000,1014,9.84,66,16,3.91,0,0,10000,1014,9.84,66,16,3.91,0,0,10000
1014,9.84,66,10,2.06,0,0,10000,0,0,19,4,1014,9.84,66,16,3.91,0,0,10000,1014,9.84,66,16,3.91,0,0,10000,1014,9.84,66,16,3.91,0,0,10000,1014,9.84,66,16,3.91,0,0,10000,1014,9.84,66,16,3.91,0,0,10000,1014,9.84,66,16,3.91,0,0,10000,1014,9.84,66,16,3.91,0,0,10000,1014,9.84,66,16,3.91,0,0,10000,1014,9.84,66,16,3.91,0,0,10000,1014,9.84,66,16,3.91,0,0,10000,1014,9.84,66,16,3.91,0,0,10000,1014,9.84,66,16,3.91,0,0,10000
1014,9.84,66,10,2.06,0,0,10000,1,0,19,4,1014,9.84,66,16,3.91,0,0,10000,1014,9.84,66,16,3.91,0,0,10000,1014,9.84,66,16,3.91,0,0,10000,1014,9.84,66,16,3.91,0,0,10000,1014,9.84,66,16,3.91,0,0,10000,1014,9.84,66,16,3.91,0,0,10000,1014,9.84,66,16,3.91,0,0,10000,1014,9.84,66,16,3.91,0,0,10000,1014,9.84,66,16,3.91,0,0,10000,1014,9.84,66,16,3.91,0,0,10000,1014,9.84,66,16,3.91,0,0,10000,1014,9.84,66,16,3.91,0,0,10000
1014,9.84,66,10,2.06,0,0,10000,2,0,19,4,1014,9.84,66,16,3.91,0,0,10000,1014,9.84,66,16,3.91,0,0,10000,1014,9.84,66,16,3.91,0,0,10000,1014,9.84,66,16,3.91,0,0,10000,1014,9.84,66,16,3.91,0,0,10000,1014,9.84,66,16,3.91,0,0,10000,1014,9.84,66,16,3.91,0,0,10000,1014,9.84,66,16,3.91,0,0,10000,1014,9.84,66,16,3.91,0,0,10000,1014,9.84,66,16,3.91,0,0,10000,1014,9.84,66,16,3.91,0,0,10000,1014,9.84,66,16,3.91,0,0,10000
1014,9.84,66,10,2.06,0,0,10000,3,0,19,4,1014,9.84,66,16,3.91,0,0,10000,1014,9.84,66,16,3.91,0,0,10000,1014,9.84,66,16,3.91,0,0,10000,1014,9.84,66,16,3.91,0,0,10000,1014,9.84,66,16,3.91,0,0,10000,1014,9.84,66,16,3.91,0,0,10000,1014,9.84,66,16,3.91,0,0,10000,1014,9.84,66,16,3.91,0,0,10000,1014,9.84,66,16,3.91,0,0,10000,1014,9.84,66,16,3.91,0,0,10000,1014,9.84,66,16,3.91,0,0,10000,1014,9.84,66,16,3.91,0,0,10000
1014,9.84,66,10,2.06,0,0,10000,4,0,19,4,1014,9.84,66,16,3.91,0,0,10000,1014,9.84,66,16,3.91,0,0,10000,1014,9.84,66,16,3.91,0,0,10000,1014,9.84,66,16,3.91,0,0,10000,1014,9.84,66,16,3.91,0,0,10000,1014,9.84,66,16,3.91,0,0,10000,1014,9.84,66,16,3.91,0,0,10000,1014,9.84,66,16,3.91,0,0,10000,1014,9.84,66,16,3.91,0,0,10000,1014,9.84,66,16,3.91,0,0,10000,1014,9.84,66,16,3.91,0,0,10000,1014,9.84,66,16,3.91,0,0,10000
1014,9.84,66,10,2.06,0,0,10000,5,0,19,4,1014,9.84,66,16,3.91,0,0,10000,1014,9.84,66,16,3.91,0,0,10000,1014,9.84,66,16,3.91,0,0,10000,1014,9.84,66,16,3.91,0,0,10000,1014,9.84,66,16,3.91,0,0,10000,1014,9.84,66,16,3.91,0,0,10000,1014,9.84,66,16,3.91,0,0,10000,1014,9.84,66,16,3.91,0,0,10000,1014,9.84,66,16,3.91,0,0,10000,1014,9.84,66,16,3.91,0,0,10000,1014,9.84,66,16,3.91,0,0,10000,1014,9.84,66,16,3.91,0,0,10000
1014,9.84,66,10,2.06,0,0,10000,6,0,19,4,1014,9.84,66,16,3.91,0,0,10000,1014,9.84,66,16,3.91,0,0,10000,1014,9.84,66,16,3.91,0,0,10000,1014,9.84,66,16,3.91,0,0,10000,1014,9.84,66,16,3.91,0,0,10000,1014,9.84,66,16,3.91,0,0,10000,1014,9.84,66,16,3.91,0,0,10000,1014,9.84,66,16,3.91,0,0,10000,1014,9.84,66,16,3.91,0,0,10000,1014,9.84,66,16,3.91,0,0,10000,1014,9.84,66,16,3.91,0,0,10000,1014,9.84,66,16,3.91,0,0,10000
1014,9.84,66,10,2.06,0,0,10000,7,0,19,4,1014,9.84,66,16,3.91,0,0,10000,1014,9.84,66,16,3.91,0,0,10000,1014,9.84,66,16,3.91,0,0,10000,1014,9.84,66,16,3.91,0,0,10000,1014,9.84,66,16,3.91,0,0,10000,1014,9.84,66,16,3.91,0,0,10000,1014,9.84,66,16,3.91,0,0,10000,1014,9.84,66,16,3.91,0,0,10000,1014,9.84,66,16,3.91,0,0,10000,1014,9.84,66,16,3.91,0,0,10000,1014,9.84,66,16,3.91,0,0,10000,1014,9.84,66,16,3.91,0,0,10000
1014,9.84,66,10,2.06,0,0,10000,8,0,19,4,1014,9.84,66,16,3.91,0,0,10000,1014,9.84,66,16,3.91,0,0,10000,1014,9.84,66,16,3.91,0,0,10000,1014,9.84,66,16,3.91,0,0,10000,1014,9.84,66,16,3.91,0,0,10000,1014,9.84,66,16,3.91,0,0,10000,1014,9.84,66,16,3.91,0,0,10000,1014,9.84,66,16,3.91,0,0,10000,1014,9.84,66,16,3.91,0,0,10000,1014,9.84,66,16,3.91,0,0,10000,1014,9.84,66,16,3.91,0,0,10000,1014,9.84,66,16,3.91,0,0,10000
1014,9.84,66,10,2.06,0,0,10000,9,0,19,4,1014,9.84,66,16,3.91,0,0,10000,1014,9.84,66,16,3.91,0,0,10000,1014,9.84,66,16,3.91,0,0,10000,1014,9.84,66,16,3.91,0,0,10000,1014,9.84,66,16,3.91,0,0,10000,1014,9.84,66,16,3.91,0,0,10000,1014,9.84,66,16,3.91,0,0,10000,1014,9.84,66,16,3.91,0,0,10000,1014,9.84,66,16,3.91,0,0,10000,1014,9.84,66,16,3.91,0,0,10000,1014,9.84,66,16,3.91,0,0,10000,1014,9.84,66,16,3.91,0,0,10000
1014,9.84,66,10,2.06,0,0,10000,10,0,19,4,1014,9.84,66,16,3.91,0,0,10000,1014,9.84,66,16,3.91,0,0,10000,1014,9.84,66,16,3.91,0,0,10000,1014,9.84,66,16,3.91,0,0,10000,1014,9.84,66,16,3.91,0,0,10000,1014,9.84,66,16,3.91,0,0,10000,1014,9.84,66,16,3.91,0,0,10000,1014,9.84,66,16,3.91,0,0,10000,1014,9.84,66,16,3.91,0,0,10000,1014,9.84,66,16,3.91,0,0,10000,1014,9.84,66,16,3.91,0,0,10000,1014,9.84,66,16,3.91,0,0,10000
1014,9.84,66,10,2.06,0,0,10000,11,0,19,4,1014,9.84,66,16,3.91,0,0,10000,1014,9.84,66,16,3.91,0,0,10000,1014,9.84,66,16,3.91,0,0,10000,1014,9.84,66,16,3.91,0,0,10000,1014,9.84,66,16,3.91,0,0,10000,1014,9.84,66,16,3.91,0,0,10000,1014,9.84,66,16,3.91,0,0,10000,1014,9.84,66,16,3.91,0,0,10000,1014,9.84,66,16,3.91,0,0,10000,1014,9.84,66,16,3.91,0,0,10000,1014,9.84,66,16,3.91,0,0,10000,1014,9.84,66,16,3.91,0,0,10000
1014,9.84,66,10,2.06,0,0,10000,12,0,19,4,1014,9.84,66,16,3.91,0,0,10000,1014,9.84,66,16,3.91,0,0,10000,1014,9.84,66,16,3.91,0,0,10000,1014,9.84,66,16,3.91,0,0,10000,1014,9.84,66,16,3.91,0,0,10000,1014,9.84,66,16,3.91,0,0,10000,1014,9.84,66,16,3.91,0,0,10000,1014,9.84,66,16,3.91,0,0,10000,1014,9.84,66,16,3.91,0,0,10000,1014,9.84,66,16,3.91,0,0,10000,1014,9.84,66,16,3.91,0,0,10000,1014,9.84,66,16,3.91,0,0,10000
1014,9.84,66,10,2.06,0,0,10000,13,0,19,4,1014,9.84,66,16,3.91,0,0,10000,1014,9.84,66,16,3.91,0,0,10000,1014,9.84,66,16,3.91,0,0,10000,1014,9.84,66,16,3.91,0,0,10000,1014,9.84,66,16,3.91,0,0,10000,1014,9.84,66,16,3.91,0,0,10000,1014,9.84,66,16,3.91,0,0,10000,1014,9.84,66,16,3.91,0,0,10000,1014,9.84,66,16,3.91,0,0,10000,1014,9.84,66,16,3.91,0,0,10000,1014,9.84,66,16,3.91,0,0,10000,1014,9.84,66,16,3.91,0,0,10000
1014,9.84,66,10,2.06,0,0,10000,14,0,19,4,1014,9.84,66,16,3.91,0,0,10000,1014,9.84,66,16,3.91,0,0,10000,1014,9.84,66,16,3.91,0,0,10000,1014,9.84,66,16,3.91,0,0,10000,1014,9.84,66,16,3.91,0,0,10000,1014,9.84,66,16,3.91,0,0,10000,1014,9.84,66,16,3.91,0,0,10000,1014,9.84,66,16,3.91,0,0,10000,1014,9.84,66,16,3.91,0,0,10000,1014,9.84,66,16,3.91,0,0,10000,1014,9.84,66,16,3.91,0,0,10000,1014,9.84,66,16,3.91,0,0,10000
1014,9.84,66,10,2.06,0,0,10000,15,0,19,4,1014,9.84,66,16,3.91,0,0,10000,1014,9.84,66,16,3.91,0,0,10000,1014,9.84,66,16,3.91,0,0,10000,1014,9.84,66,16,3.91,0,0,10000,1014,9.84,66,16,3.91,0,0,10000,1014,9.84,66,16,3.91,0,0,10000,1014,9.84,66,16,3.91,0,0,10000,1014,9.84,66,16,3.91,0,0,10000,1014,9.84,66,16,3.91,0,0,10000,1014,9.84,66,16,3.91,0,0,10000,1014,9.84,66,16,3.91,0,0,10000,1014,9.84,66,16,3.91,0,0,10000
1014,9.84,66,10,2.06,0,0,10000,16,0,19,4,1014,9.84,66,16,3.91,0,0,10000,1014,9.84,66,16,3.91,0,0,10000,1014,9.84,66,16,3.91,0,0,10000,1014,9.84,66,16,3.91,0,0,10000,1014,9.84,66,16,3.91,0,0,10000,1014,9.84,66,16,3.91,0,0,10000,1014,9.84,66,16,3.91,0,0,10000,1014,9.84,66,16,3.91,0,0,10000,1014,9.84,66,16,3.91,0,0,10000,1014,9.84,66,16,3.91,0,0,10000,1014,9.84,66,16,3.91,0,0,10000,1014,9.84,66,16,3.91,0,0,10000
1014,9.84,66,10,2.06,0,0,10000,17,0,19,4,1014,9.84,66,16,3.91,0,0,10000,1014,9.84,66,16,3.91,0,0,10000,1014,9.84,66,16,3.91,0,0,10000,1014,9.84,66,16,3.91,0,0,10000,1014,9.84,66,16,3.91,0,0,10000,1014,9.84,66,16,3.91,0,0,10000,1014,9.84,66,16,3.91,0,0,10000,1014,9.84,66,16,3.91,0,0,10000,1014,9.84,66,16,3.91,0,0,10000,1014,9.84,66,16,3.91,0,0,10000,1014,9.84,66,16,3.91,0,0,10000,1014,9.84,66,16,3.91,0,0,10000
1014,9.84,66,10,2.06,0,0,10000,18,0,19,4,1014,9.84,66,16,3.91,0,0,10000,1014,9.84,66,16,3.91,0,0,10000,1014,9.84,66,16,3.91,0,0,10000,1014,9.84,66,16,3.91,0,0,10000,1014,9.84,66,16,3.91,0,0,10000,1014,9.84,66,16,3.91,0,0,10000,1014,9.84,66,16,3.91,0,0,10000,1014,9.84,66,16,3.91,0,0,10000,1014,9.84,66,16,3.91,0,0,10000,1014,9.84,66,16,3.91,0,0,10000,1014,9.84,66,16,3.91,0,0,10000,1014,9.84,66,16,3.91,0,0,10000
1014,9.84,66,10,2.06,0,0,10000,19,0,19,4,1014,9.84,66,16,3.91,0,0,10000,1014,9.84,66,16,3.91,0,0,10000,1014,9.84,66,16,3.91,0,0,10000,1014,9.84,66,16,3.91,0,0,10000,1014,9.84,66,16,3.91,0,0,10000,1014,9.84,66,16,3.91,0,0,10000,1014,9.84,66,16,3.91,0,0,10000,1014,9.84,66,16,3.91,0,0,10000,1014,9.84,66,16,3.91,0,0,10000,1014,9.84,66,16,3.91,0,0,10000,1014,9.84,66,16,3.91,0,0,10000,1014,9.84,66,16,3.91,0,0,10000
1014,9.84,66,10,2.06,0,0,10000,20,0,19,4,1014,9.84,66,16,3.91,0,0,10000,1014,9.84,66,16,3.91,0,0,10000,1014,9.84,66,16,3.91,0,0,10000,1014,9.84,66,16,3.91,0,0,10000,1014,9.84,66,16,3.91,0,0,10000,1014,9.84,66,16,3.91,0,0,10000,1014,9.84,66,16,3.91,0,0,10000,1014,9.84,66,16,3.91,0,0,10000,1014,9.84,66,16,3.91,0,0,10000,1014,9.84,66,16,3.91,0,0,10000,1014,9.84,66,16,3.91,0,0,10000,1014,9.84,66,16,3.91,0,0,10000
1014,9.84,66,10,2.06,0,0,10000,21,0,19,4,1014,9.84,66,16,3.91,0,0,10000,1014,9.84,66,16,3.91,0,0,10000,1014,9.84,66,16,3.91,0,0,10000,1014,9.84,66,16,3.91,0,0,10000,1014,9.84,66,16,3.91,0,0,10000,1014,9.84,66,16,3.91,0,0,10000,1014,9.84,66,16,3.91,0,0,10000,1014,9.84,66,16,3.91,0,0,10000,1014,9.84,66,16,3.91,0,0,10000,1014,9.84,66,16,3.91,0,0,10000,1014,9.84,66,16,3.91,0,0,10000,1014,9.84,66,16,3.91,0,0,10000
1014,9.84,66,10,2.06,0,0,10000,22,0,19,4,1014,9.84,66,16,3.91,0,0,10000,1014,9.84,66,16,3.91,0,0,10000,1014,9.84,66,16,3.91,0,0,10000,1014,9.84,66,16,3.91,0,0,10000,1014,9.84,66,16,3.91,0,0,10000,1014,9.84,66,16,3.91,0,0,10000,1014,9.84,66,16,3.91,0,0,10000,1014,9.84,66,16,3.91,0,0,10000,1014,9.84,66,16,3.91,0,0,10000,1014,9.84,66,16,3.91,0,0,10000,1014,9.84,66,16,3.91,0,0,10000,1014,9.84,66,16,3.91,0,0,10000
1014,9.84,66,10,2.06,0,0,10000,23,0,19,4,1014,9.84,66,16,3.91,0,0,10000,1014,9.84,66,16,3.91,0,0,10000,1014,9.84,66,16,3.91,0,0,10000,1014,9.84,66,16,3.91,0,0,10000,1014,9.84,66,16,3.91,0,0,10000,1014,9.84,66,16,3.91,0,0,10000,1014,9.84,66,16,3.91,0,0,10000,1014,9.84,66,16,3.91,0,0,10000,1014,9.84,66,16,3.91,0,0,10000,1014,9.84,66,16,3.91,0,0,10000,1014,9.84,66,16,3.91,0,0,10000,1014,9.84,66,16,3.91,0,0,10000
1014,9.84,66,10,2.06,0,0,10000,0,0,20,4,1014,9.84,66,16,3.91,0,0,10000,1014,9.84,66,16,3.91,0,0,10000,1014,9.84,66,16,3.91,0,0,10000,1014,9.84,66,16,3.91,0,0,10000,1014,9.84,66,16,3.91,0,0,10000,1014,9.84,66,16,3.91,0,0,10000,1014,9.84,66,16,3.91,0,0,10000,1014,9.84,66,16,3.91,0,0,10000,1014,9.84,66,16,3.91,0,0,10000,1014,9.84,66,16,3.91,0,0,10000,1014,9.84,66,16,3.91,0,0,10000,1014,9.84,66,16,3.91,0,0,10000
1014,9.84,66,10,2.06,0,0,10000,1,0,20,4,1014,9.84,66,16,3.91,0,0,10000,1014,9.84,66,16,3.91,0,0,10000,1014,9.84,66,16,3.91,0,0,10000,1014,9.84,66,16,3.91,0,0,10000,1014,9.84,66,16,3.91,0,0,10000,1014,9.84,66,16,3.91,0,0,10000,1014,9.84,66,16,3.91,0,0,10000,1014,9.84,66,16,3.91,0,0,10000,1014,9.84,66,16,3.91,0,0,10000,1014,9.84,66,16,3.91,0,0,10000,1014,9.84,66,16,3.91,0,0,10000,1014,9.84,66,16,3.91,0,0,10000
1014,9.84,66,10,2.06,0,0,10000,2,0,20,4,1014,9.84,66,16,3.91,0,0,10000,1014,9.84,66,16,3.91,0,0,10000,1014,9.84,66,16,3.91,0,0,10000,1014,9.84,66,16,3.91,0,0,10000,1014,9.84,66,16,3.91,0,0,10000,1014,9.84,66,16,3.91,0,0,10000,1014,9.84,66,16,3.91,0,0,10000,1014,9.84,66,16,3.91,0,0,10000,1014,9.84,66,16,3.91,0,0,10000,1014,9.84,66,16,3.91,0,0,10000,1014,9.84,66,16,3.91,0,0,10000,1014,9.84,66,16,3.91,0,0,10000
1014,9.84,66,10,2.06,0,0,10000,3,0,20,4,1014,9.84,66,16,3.91,0,0,10000,1014,9.84,66,16,3.91,0,0,10000,1014,9.84,66,16,3.91,0,0,10000,1014,9.84,66,16,3.91,0,0,10000,1014,9.84,66,16,3.91,0,0,10000,1014,9.84,66,16,3.91,0,0,10000,1014,9.84,66,16,3.91,0,0,10000,1014,9.84,66,16,3.91,0,0,10000,1014,9.84,66,16,3.91,0,0,10000,1014,9.84,66,16,3.91,0,0,10000,1014,9.84,66,16,3.91,0,0,10000,1014,9.84,66,16,3.91,0,0,10000
1014,9.84,66,10,2.06,0,0,10000,4,0,20,4,1014,9.84,66,16,3.91,0,0,10000,1014,9.84,66,16,3.91,0,0,10000,1014,9.84,66,16,3.91,0,0,10000,1014,9.84,66,16,3.91,0,0,10000,1014,9.84,66,16,3.91,0,0,10000,1014,9.84,66,16,3.91,0,0,10000,1014,9.84,66,16,3.91,0,0,10000,1014,9.84,66,16,3.91,0,0,10000,1014,9.84,66,16,3.91,0,0,10000,1014,9.84,66,16,3.91,0,0,10000,1014,9.84,66,16,3.91,0,0,10000,1014,9.84,66,16,3.91,0,0,10000
1014,9.84,66,10,2.06,0,0,10000,5,0,20,4,1014,9.84,66,16,3.91,0,0,10000,1014,9.84,66,16,3.91,0,0,10000,1014,9.84,66,16,3.91,0,0,10000,1014,9.84,66,16,3.91,0,0,10000,1014,9.84,66,16,3.91,0,0,10000,1014,9.84,66,16,3.91,0,0,10000,1014,9.84,66,16,3.91,0,0,10000,1014,9.84,66,16,3.91,0,0,10000,1014,9.84,66,16,3.91,0,0,10000,1014,9.84,66,16,3.91,0,0,10000,1014,9.84,66,16,3.91,0,0,10000,1014,9.84,66,16,3.91,0,0,10000
1014,9.84,66,10,2.06,0,0,10000,6,0,20,4,1014,9.84,66,16,3.91,0,0,10000,1014,9.84,66,16,3.91,0,0,10000,1014,9.84,66,16,3.91,0,0,10000,1014,9.84,66,16,3.91,0,0,10000,1014,9.84,66,16,3.91,0,0,10000,1014,9.84,66,16,3.91,0,0,10000,1014,9.84,66,16,3.91,0,0,10000,1014,9.84,66,16,3.91,0,0,10000,1014,9.84,66,16,3.91,0,0,10000,1014,9.84,66,16,3.91,0,0,10000,1014,9.84,66,16,3.91,0,0,10000,1014,9.84,66,16,3.91,0,0,10000
1014,9.84,66,10,2.06,0,0,10000,7,0,20,4,1014,9.84,66,16,3.91,0,0,10000,1014,9.84,66,16,3.91,0,0,10000,1014,9.84,66,16,3.91,0,0,10000,1014,9.84,66,16,3.91,0,0,10000,1014,9.84,66,16,3.91,0,0,10000,1014,9.84,66,16,3.91,0,0,10000,1014,9.84,66,16,3.91,0,0,10000,1014,9.84,66,16,3.91,0,0,10000,1014,9.84,66,16,3.91,0,0,10000,1014,9.84,66,16,3.91,0,0,10000,1014,9.84,66,16,3.91,0,0,10000,1014,9.84,66,16,3.91,0,0,10000
1014,9.84,66,10,2.06,0,0,10000,8,0,20,4,1014,9.84,66,16,3.91,0,0,10000,1014,9.84,66,16,3.91,0,0,10000,1014,9.84,66,16,3.91,0,0,10000,1014,9.84,66,16,3.91,0,0,10000,1014,9.84,66,16,3.91,0,0,10000,1014,9.84,66,16,3.91,0,0,10000,1014,9.84,66,16,3.91,0,0,10000,1014,9.84,66,16,3.91,0,0,10000,1014,9.84,66,16,3.91,0,0,10000,1014,9.84,66,16,3.91,0,0,10000,1014,9.84,66,16,3.91,0,0,10000,1014,9.84,66,16,3.91,0,0,10000
1014,9.84,66,10,2.06,0,0,10000,9,0,20,4,1014,9.84,66,16,3.91,0,0,10000,1014,9.84,66,16,3.91,0,0,10000,1014,9.84,66,16,3.91,0,0,10000,1014,9.84,66,16,3.91,0,0,10000,1014,9.84,66,16,3.91,0,0,10000,1014,9.84,66,16,3.91,0,0,10000,1014,9.84,66,16,3.91,0,0,10000,1014,9.84,66,16,3.91,0,0,10000,1014,9.84,66,16,3.91,0,0,10000,1014,9.84,66,16,3.91,0,0,10000,1014,9.84,66,16,3.91,0,0,10000,1014,9.84,66,16,3.91,0,0,10000
1014,9.84,66,10,2.06,0,0,10000,10,0,20,4,1014,9.84,66,16,3.91,0,0,10000,1014,9.84,66,16,3.91,0,0,10000,1014,9.84,66,16,3.91,0,0,10000,1014,9.84,66,16,3.91,0,0,10000,1014,9.84,66,16,3.91,0,0,10000,1014,9.84,66,16,3.91,0,0,10000,1014,9.84,66,16,3.91,0,0,10000,1014,9.84,66,16,3.91,0,0,10000,1014,9.84,66,16,3.91,0,0,10000,1014,9.84,66,16,3.91,0,0,10000,1014,9.84,66,16,3.91,0,0,10000,1014,9.84,66,16,3.91,0,0,10000
1014,9.84,66,10,2.06,0,0,10000,11,0,20,4,1014,9.84,66,16,3.91,0,0,10000,1014,9.84,66,16,3.91,0,0,10000,1014,9.84,66,16,3.91,0,0,10000,1014,9.84,66,16,3.91,0,0,10000,1014,9.84,66,16,3.91,0,0,10000,1014,9.84,66,16,3.91,0,0,10000,1014,9.84,66,16,3.91,0,0,10000,1014,9.84,66,16,3.91,0,0,10000,1014,9.84,66,16,3.91,0,0,10000,1014,9.84,66,16,3.91,0,0,10000,1014,9.84,66,16,3.91,0,0,10000,1014,9.84,66,16,3.91,0,0,10000
1014,9.84,66,10,2.06,0,0,10000,12,0,20,4,1014,9.84,66,16,3.91,0,0,10000,1014,9.84,66,16,3.91,0,0,10000,1014,9.84,66,16,3.91,0,0,10000,1014,9.84,66,16,3.91,0,0,10000,1014,9.84,66,16,3.91,0,0,10000,1014,9.84,66,16,3.91,0,0,10000,1014,9.84,66,16,3.91,0,0,10000,1014,9.84,66,16,3.91,0,0,10000,1014,9.84,66,16,3.91,0,0,10000,1014,9.84,66,16,3.91,0,0,10000,1014,9.84,66,16,3.91,0,0,10000,1014,9.84,66,16,3.91,0,0,10000
1014,9.84,66,10,2.06,0,0,10000,13,0,20,4,1014,9.84,66,16,3.91,0,0,10000,1014,9.84,66,16,3.91,0,0,10000,1014,9.84,66,16,3.91,0,0,10000,1014,9.84,66,16,3.91,0,0,10000,1014,9.84,66,16,3.91,0,0,10000,1014,9.84,66,16,3.91,0,0,10000,1014,9.84,66,16,3.91,0,0,10000,1014,9.84,66,16,3.91,0,0,10000,1014,9.84,66,16,3.91,0,0,10000,1014,9.84,66,16,3.91,0,0,10000,1014,9.84,66,16,3.91,0,0,10000,1014,9.84,66,16,3.91,0,0,10000
1014,9.84,66,10,2.06,0,0,10000,14,0,20,4,1014,9.84,66,16,3.91,0,0,10000,1014,9.84,66,16,3.91,0,0,10000,1014,9.84,66,16,3.91,0,0,10000,1014,9.84,66,16,3.91,0,0,10000,1014,9.84,66,16,3.91,0,0,10000,1014,9.84,66,16,3.91,0,0,10000,1014,9.84,66,16,3.91,0,0,10000,1014,9.84,66,16,3.91,0,0,10000,1014,9.84,66,16,3.91,0,0,10000,1014,9.84,66,16,3.91,0,0,10000,1014,9.84,66,16,3.91,0,0,10000,1014,9.84,66,16,3.91,0,0,10000
1014,9.84,66,10,2.06,0,0,10000,15,0,20,4,1014,9.84,66,16,3.91,0,0,10000,1014,9.84,66,16,3.91,0,0,10000,1014,9.84,66,16,3.91,0,0,10000,1014,9.84,66,16,3.91,0,0,10000,1014,9.84,66,16,3.91,0,0,10000,1014,9.84,66,16,3.91,0,0,10000,1014,9.84,66,16,3.91,0,0,10000,1014,9.84,66,16,3.91,0,0,10000,1014,9.84,66,16,3.91,0,0,10000,1014,9.84,66,16,3.91,0,0,10000,1014,9.84,66,16,3.91,0,0,10000,1014,9.84,66,16,3.91,0,0,10000
1014,9.84,66,10,2.06,0,0,10000,16,0,20,4,1014,9.84,66,16,3.91,0,0,10000,1014,9.84,66,16,3.91,0,0,10000,1014,9.84,66,16,3.91,0,0,10000,1014,9.84,66,16,3.91,0,0,10000,1014,9.84,66,16,3.91,0,0,10000,1014,9.84,66,16,3.91,0,0,10000,1014,9.84,66,16,3.91,0,0,10000,1014,9.84,66,16,3.91,0,0,10000,1014,9.84,66,16,3.91,0,0,10000,1014,9.84,66,16,3.91,0,0,10000,1014,9.84,66,16,3.91,0,0,10000,1014,9.84,66,16,3.91,0,0,10000
1014,9.84,66,10,2.06,0,0,10000,17,0,20,4,1014,9.84,66,16,3.91,0,0,10000,1014,9.84,66,16,3.91,0,0,10000,1014,9.84,66,16,3.91,0,0,10000,1014,9.84,66,16,3.91,0,0,10000,1014,9.84,66,16,3.91,0,0,10000,1014,9.84,66,16,3.91,0,0,10000,1014,9.84,66,16,3.91,0,0,10000,1014,9.84,66,16,3.91,0,0,10000,1014,9.84,66,16,3.91,0,0,10000,1014,9.84,66,16,3.91,0,0,10000,1014,9.84,66,16,3.91,0,0,10000,1014,9.84,66,16,3.91,0,0,10000
1014,9.84,66,10,2.06,0,0,10000,18,0,20,4,1014,9.84,66,16,3.91,0,0,10000,1014,9.84,66,16,3.91,0,0,10000,1014,9.84,66,16,3.91,0,0,10000,1014,9.84,66,16,3.91,0,0,10000,1014,9.84,66,16,3.91,0,0,10000,1014,9.84,66,16,3.91,0,0,10000,1014,9.84,66,16,3.91,0,0,10000,1014,9.84,66,16,3.91,0,0,10000,1014,9.84,66,16,3.91,0,0,10000,1014,9.84,66,16,3.91,0,0,10000,1014,9.84,66,16,3.91,0,0,10000,1014,9.84,66,16,3.91,0,0,10000
1014,9.84,66,10,2.06,0,0,10000,19,0,20,4,1014,9.84,66,16,3.91,0,0,10000,1014,9.84,66,16,3.91,0,0,10000,1014,9.84,66,16,3.91,0,0,10000,1014,9.84,66,16,3.91,0,0,10000,1014,9.84,66,16,3.91,0,0,10000,1014,9.84,66,16,3.91,0,0,10000,1014,9.84,66,16,3.91,0,0,10000,1014,9.84,66,16,3.91,0,0,10000,1014,9.84,66,16,3.91,0,0,10000,1014,9.84,66,16,3.91,0,0,10000,1014,9.84,66,16,3.91,0,0,10000,1014,9.84,66,16,3.91,0,0,10000
1014,9.84,66,10,2.06,0,0,10000,20,0,20,4,1014,9.84,66,16,3.91,0,0,10000,1014,9.84,66,16,3.91,0,0,10000,1014,9.84,66,16,3.91,0,0,10000,1014,9.84,66,16,3.91,0,0,10000,1014,9.84,66,16,3.91,0,0,10000,1014,9.84,66,16,3.91,0,0,10000,1014,9.84,66,16,3.91,0,0,10000,1014,9.84,66,16,3.91,0,0,10000,1014,9.84,66,16,3.91,0,0,10000,1014,9.84,66,16,3.91,0,0,10000,1014,9.84,66,16,3.91,0,0,10000,1014,9.84,66,16,3.91,0,0,10000
1014,9.84,66,10,2.06,0,0,10000,21,0,20,4,1014,9.84,66,16,3.91,0,0,10000,1014,9.84,66,16,3.91,0,0,10000,1014,9.84,66,16,3.91,0,0,10000,1014,9.84,66,16,3.91,0,0,10000,1014,9.84,66,16,3.91,0,0,10000,1014,9.84,66,16,3.91,0,0,10000,1014,9.84,66,16,3.91,0,0,10000,1014,9.84,66,16,3.91,0,0,10000,1014,9.84,66,16,3.91,0,0,10000,1014,9.84,66,16,3.91,0,0,10000,1014,9.84,66,16,3.91,0,0,10000,1014,9.84,66,16,3.91,0,0,10000
1014,9.84,66,10,2.06,0,0,10000,22,0,20,4,1014,9.84,66,16,3.91,0,0,10000,1014,9.84,66,16,3.91,0,0,10000,1014,9.84,66,16,3.91,0,0,10000,1014,9.84,66,16,3.91,0,0,10000,1014,9.84,66,16,3.91,0,0,10000,1014,9.84,66,16,3.91,0,0,10000,1014,9.84,66,16,3.91,0,0,10000,1014,9.84,66,16,3.91,0,0,10000,1014,9.84,66,16,3.91,0,0,10000,1014,9.84,66,16,3.91,0,0,10000,1014,9.84,66,16,3.91,0,0,10000,1014,9.84,66,16,3.91,0,0,10000
1014,9.84,66,10,2.06,0,0,10000,23,0,20,4,1014,9.84,66,16,3.91,0,0,10000,1014,9.84,66,16,3.91,0,0,10000,1014,9.84,66,16,3.91,0,0,10000,1014,9.84,66,16,3.91,0,0,10000,1014,9.84,66,16,3.91,0,0,10000,1014,9.84,66,16,3.91,0,0,10000,1014,9.84,66,16,3.91,0,0,10000,1014,9.84,66,16,3.91,0,0,10000,1014,9.84,66,16,3.91,0,0,10000,1014,9.84,66,16,3.91,0,0,10000,1014,9.84,66,16,3.91,0,0,10000,1014,9.84,66,16,3.91,0,0,10000
1014,9.84,66,10,2.06,0,0,10000,0,0,21,4,1014,9.84,66,16,3.91,0,0,10000,1014,9.84,66,16,3.91,0,0,10000,1014,9.84,66,16,3.91,0,0,10000,1014,9.84,66,16,3.91,0,0,10000,1014,9.84,66,16,3.91,0,0,10000,1014,9.84,66,16,3.91,0,0,10000,1014,9.84,66,16,3.91,0,0,10000,1014,9.84,66,16,3.91,0,0,10000,1014,9.84,66,16,3.91,0,0,10000,1014,9.84,66,16,3.91,0,0,10000,1014,9.84,66,16,3.91,0,0,10000,1014,9.84,66,16,3.91,0,0,10000
1014,9.84,66,10,2.06,0,0,10000,1,0,21,4,1014,9.84,66,16,3.91,0,0,10000,1014,9.84,66,16,3.91,0,0,10000,1014,9.84,66,16,3.91,0,0,10000,1014,9.84,66,16,3.91,0,0,10000,1014,9.84,66,16,3.91,0,0,10000,1014,9.84,66,16,3.91,0,0,10000,1014,9.84,66,16,3.91,0,0,10000,1014,9.84,66,16,3.91,0,0,10000,1014,9.84,66,16,3.91,0,0,10000,1014,9.84,66,16,3.91,0,0,10000,1014,9.84,66,16,3.91,0,0,10000,1014,9.84,66,16,3.91,0,0,10000
1014,9.84,66,10,2.06,0,0,10000,2,0,21,4,1014,9.84,66,16,3.91,0,0,10000,1014,9.84,66,16,3.91,0,0,10000,1014,9.84,66,16,3.91,0,0,10000,1014,9.84,66,16,3.91,0,0,10000,1014,9.84,66,16,3.91,0,0,10000,1014,9.84,66,16,3.91,0,0,10000,1014,9.84,66,16,3.91,0,0,10000,1014,9.84,66,16,3.91,0,0,10000,1014,9.84,66,16,3.91,0,0,10000,1014,9.84,66,16,3.91,0,0,10000,1014,9.84,66,16,3.91,0,0,10000,1014,9.84,66,16,3.91,0,0,10000
1014,9.84,66,10,2.06,0,0,10000,3,0,21,4,1014,9.84,66,16,3.91,0,0,10000,1014,9.84,66,16,3.91,0,0,10000,1014,9.84,66,16,3.91,0,0,10000,1014,9.84,66,16,3.91,0,0,10000,1014,9.84,66,16,3.91,0,0,10000,1014,9.84,66,16,3.91,0,0,10000,1014,9.84,66,16,3.91,0,0,10000,1014,9.84,66,16,3.91,0,0,10000,1014,9.84,66,16,3.91,0,0,10000,1014,9.84,66,16,3.91,0,0,10000,1014,9.84,66,16,3.91,0,0,10000,1014,9.84,66,16,3.91,0,0,10000
1014,9.84,66,10,2.06,0,0,10000,4,0,21,4,1014,9.84,66,16,3.91,0,0,10000,1014,9.84,66,16,3.91,0,0,10000,1014,9.84,66,16,3.91,0,0,10000,1014,9.84,66,16,3.91,0,0,10000,1014,9.84,66,16,3.91,0,0,10000,1014,9.84,66,16,3.91,0,0,10000,1014,9.84,66,16,3.91,0,0,10000,1014,9.84,66,16,3.91,0,0,10000,1014,9.84,66,16,3.91,0,0,10000,1014,9.84,66,16,3.91,0,0,10000,1014,9.84,66,16,3.91,0,0,10000,1014,9.84,66,16,3.91,0,0,10000
1014,9.84,66,10,2.06,0,0,10000,5,0,21,4,1014,9.84,66,16,3.91,0,0,10000,1014,9.84,66,16,3.91,0,0,10000,1014,9.84,66,16,3.91,0,0,10000,1014,9.84,66,16,3.91,0,0,10000,1014,9.84,66,16,3.91,0,0,10000,1014,9.84,66,16,3.91,0,0,10000,1014,9.84,66,16,3.91,0,0,10000,1014,9.84,66,16,3.91,0,0,10000,1014,9.84,66,16,3.91,0,0,10000,1014,9.84,66,16,3.91,0,0,10000,1014,9.84,66,16,3.91,0,0,10000,1014,9.84,66,16,3.91,0,0,10000
1014,9.84,66,10,2.06,0,0,10000,6,0,21,4,1014,9.84,66,16,3.91,0,0,10000,1014,9.84,66,16,3.91,0,0,10000,1014,9.84,66,16,3.91,0,0,10000,1014,9.84,66,16,3.91,0,0,10000,1014,9.84,66,16,3.91,0,0,10000,1014,9.84,66,16,3.91,0,0,10000,1014,9.84,66,16,3.91,0,0,10000,1014,9.84,66,16,3.91,0,0,10000,1014,9.84,66,16,3.91,0,0,10000,1014,9.84,66,16,3.91,0,0,10000,1014,9.84,66,16,3.91,0,0,10000,1014,9.84,66,16,3.91,0,0,10000
1014,9.84,66,10,2.06,0,0,10000,7,0,21,4,1014,9.84,66,16,3.91,0,0,10000,1014,9.84,66,16,3.91,0,0,10000,1014,9.84,66,16,3.91,0,0,10000,1014,9.84,66,16,3.91,0,0,10000,1014,9.84,66,16,3.91,0,0,10000,1014,9.84,66,16,3.91,0,0,10000,1014,9.84,66,16,3.91,0,0,10000,1014,9.84,66,16,3.91,0,0,10000,1014,9.84,66,16,3.91,0,0,10000,1014,9.84,66,16,3.91,0,0,10000,1014,9.84,66,16,3.91,0,0,10000,1014,9.84,66,16,3.91,0,0,10000
1014,9.84,66,10,2.06,0,0,10000,8,0,21,4,1014,9.84,66,16,3.91,0,0,10000,1014,9.84,66,16,3.91,0,0,10000,1014,9.84,66,16,3.91,0,0,10000,1014,9.84,66,16,3.91,0,0,10000,1014,9.84,66,16,3.91,0,0,10000,1014,9.84,66,16,3.91,0,0,10000,1014,9.84,66,16,3.91,0,0,10000,1014,9.84,66,16,3.91,0,0,10000,1014,9.84,66,16,3.91,0,0,10000,1014,9.84,66,16,3.91,0,0,10000,1014,9.84,66,16,3.91,0,0,10000,1014,9.84,66,16,3.91,0,0,10000
1014,9.84,66,10,2.06,0,0,10000,9,0,21,4,1014,9.84,66,16,3.91,0,0,10000,1014,9.84,66,16,3.91,0,0,10000,1014,9.84,66,16,3.91,0,0,10000,1014,9.84,66,16,3.91,0,0,10000,1014,9.84,66,16,3.91,0,0,10000,1014,9.84,66,16,3.91,0,0,10000,1014,9.84,66,16,3.91,0,0,10000,1014,9.84,66,16,3.91,0,0,10000,1014,9.84,66,16,3.91,0,0,10000,1014,9.84,66,16,3.91,0,0,10000,1014,9.84,66,16,3.91,0,0,10000,1014,9.84,66,16,3.91,0,0,10000
1014,9.84,66,10,2.06,0,0,10000,10,0,21,4,1014,9.84,66,16,3.91,0,0,10000,1014,9.84,66,16,3.91,0,0,10000,1014,9.84,66,16,3.91,0,0,10000,1014,9.84,66,16,3.91,0,0,10000,1014,9.84,66,16,3.91,0,0,10000,1014,9.84,66,16,3.91,0,0,10000,1014,9.84,66,16,3.91,0,0,10000,1014,9.84,66,16,3.91,0,0,10000,1014,9.84,66,16,3.91,0,0,10000,1014,9.84,66,16,3.91,0,0,10000,1014,9.84,66,16,3.91,0,0,10000,1014,9.84,66,16,3.91,0,0,10000
1014,9.84,66,10,2.06,0,0,10000,11,0,21,4,1014,9.84,66,16,3.91,0,0,10000,1014,9.84,66,16,3.91,0,0,10000,1014,9.84,66,16,3.91,0,0,10000,1014,9.84,66,16,3.91,0,0,10000,1014,9.84,66,16,3.91,0,0,10000,1014,9.84,66,16,3.91,0,0,10000,1014,9.84,66,16,3.91,0,0,10000,1014,9.84,66,16,3.91,0,0,10000,1014,9.84,66,16,3.91,0,0,10000,1014,9.84,66,16,3.91,0,0,10000,1014,9.84,66,16,3.91,0,0,10000,1014,9.84,66,16,3.91,0,0,10000
1014,9.84,66,10,2.06,0,0,10000,12,0,21,4,1014,9.84,66,16,3.91,0,0,10000,1014,9.84,66,16,3.91,0,0,10000,1014,9.84,66,16,3.91,0,0,10000,1014,9.84,66,16,3.91,0,0,10000,1014,9.84,66,16,3.91,0,0,10000,1014,9.84,66,16,3.91,0,0,10000,1014,9.84,66,16,3.91,0,0,10000,1014,9.84,66,16,3.91,0,0,10000,1014,9.84,66,16,3.91,0,0,10000,1014,9.84,66,16,3.91,0,0,10000,1014,9.84,66,16,3.91,0,0,10000,1014,9.84,66,16,3.91,0,0,10000
1014,9.84,66,10,2.06,0,0,10000,13,0,21,4,1014,9.84,66,16,3.91,0,0,10000,1014,9.84,66,16,3.91,0,0,10000,1014,9.84,66,16,3.91,0,0,10000,1014,9.84,66,16,3.91,0,0,10000,1014,9.84,66,16,3.91,0,0,10000,1014,9.84,66,16,3.91,0,0,10000,1014,9.84,66,16,3.91,0,0,10000,1014,9.84,66,16,3.91,0,0,10000,1014,9.84,66,16,3.91,0,0,10000,1014,9.84,66,16,3.91,0,0,10000,1014,9.84,66,16,3.91,0,0,10000,1014,9.84,66,16,3.91,0,0,10000
1014,9.84,66,10,2.06,0,0,10000,14,0,21,4,1014,9.84,66,16,3.91,0,0,10000,1014,9.84,66,16,3.91,0,0,10000,1014,9.84,66,16,3.91,0,0,10000,1014,9.84,66,16,3.91,0,0,10000,1014,9.84,66,16,3.91,0,0,10000,1014,9.84,66,16,3.91,0,0,10000,1014,9.84,66,16,3.91,0,0,10000,1014,9.84,66,16,3.91,0,0,10000,1014,9.84,66,16,3.91,0,0,10000,1014,9.84,66,16,3.91,0,0,10000,1014,9.84,66,16,3.91,0,0,10000,1014,9.84,66,16,3.91,0,0,10000
1014,9.84,66,10,2.06,0,0,10000,15,0,21,4,1014,9.84,66,16,3.91,0,0,10000,1014,9.84,66,16,3.91,0,0,10000,1014,9.84,66,16,3.91,0,0,10000,1014,9.84,66,16,3.91,0,0,10000,1014,9.84,66,16,3.91,0,0,10000,1014,9.84,66,16,3.91,0,0,10000,1014,9.84,66,16,3.91,0,0,10000,1014,9.84,66,16,3.91,0,0,10000,1014,9.84,66,16,3.91,0,0,10000,1014,9.84,66,16,3.91,0,0,10000,1014,9.84,66,16,3.91,0,0,10000,1014,9.84,66,16,3.91,0,0,10000
1014,9.84,66,10,2.06,0,0,10000,16,0,21,4,1014,9.84,66,16,3.91,0,0,10000,1014,9.84,66,16,3.91,0,0,10000,1014,9.84,66,16,3.91,0,0,10000,1014,9.84,66,16,3.91,0,0,10000,1014,9.84,66,16,3.91,0,0,10000,1014,9.84,66,16,3.91,0,0,10000,1014,9.84,66,16,3.91,0,0,10000,1014,9.84,66,16,3.91,0,0,10000,1014,9.84,66,16,3.91,0,0,10000,1014,9.84,66,16,3.91,0,0,10000,1014,9.84,66,16,3.91,0,0,10000,1014,9.84,66,16,3.91,0,0,10000
1014,9.84,66,10,2.06,0,0,10000,17,0,21,4,1014,9.84,66,16,3.91,0,0,10000,1014,9.84,66,16,3.91,0,0,10000,1014,9.84,66,16,3.91,0,0,10000,1014,9.84,66,16,3.91,0,0,10000,1014,9.84,66,16,3.91,0,0,10000,1014,9.84,66,16,3.91,0,0,10000,1014,9.84,66,16,3.91,0,0,10000,1014,9.84,66,16,3.91,0,0,10000,1014,9.84,66,16,3.91,0,0,10000,1014,9.84,66,16,3.91,0,0,10000,1014,9.84,66,16,3.91,0,0,10000,1014,9.84,66,16,3.91,0,0,10000
1014,9.84,66,10,2.06,0,0,10000,18,0,21,4,1014,9.84,66,16,3.91,0,0,10000,1014,9.84,66,16,3.91,0,0,10000,1014,9.84,66,16,3.91,0,0,10000,1014,9.84,66,16,3.91,0,0,10000,1014,9.84,66,16,3.91,0,0,10000,1014,9.84,66,16,3.91,0,0,10000,1014,9.84,66,16,3.91,0,0,10000,1014,9.84,66,16,3.91,0,0,10000,1014,9.84,66,16,3.91,0,0,10000,1014,9.84,66,16,3.91,0,0,10000,1014,9.84,66,16,3.91,0,0,10000,1014,9.84,66,16,3.91,0,0,10000
1014,9.84,66,10,2.06,0,0,10000,19,0,21,4,1014,9.84,66,16,3.91,0,0,10000,1014,9.84,66,16,3.91,0,0,10000,1014,9.84,66,16,3.91,0,0,10000,1014,9.84,66,16,3.91,0,0,10000,1014,9.84,66,16,3.91,0,0,10000,1014,9.84,66,16,3.91,0,0,10000,1014,9.84,66,16,3.91,0,0,10000,1014,9.84,66,16,3.91,0,0,10000,1014,9.84,66,16,3.91,0,0,10000,1014,9.84,66,16,3.91,0,0,10000,1014,9.84,66,16,3.91,0,0,10000,1014,9.84,66,16,3.91,0,0,10000
1014,9.84,66,10,2.06,0,0,10000,20,0,21,4,1014,9.84,66,16,3.91,0,0,10000,1014,9.84,66,16,3.91,0,0,10000,1014,9.84,66,16,3.91,0,0,10000,1014,9.84,66,16,3.91,0,0,10000,1014,9.84,66,16,3.91,0,0,10000,1014,9.84,66,16,3.91,0,0,10000,1014,9.84,66,16,3.91,0,0,10000,1014,9.84,66,16,3.91,0,0,10000,1014,9.84,66,16,3.91,0,0,10000,1014,9.84,66,16,3.91,0,0,10000,1014,9.84,66,16,3.91,0,0,10000,1014,9.84,66,16,3.91,0,0,10000
1014,9.84,66,10,2.06,0,0,10000,21,0,21,4,1014,9.84,66,16,3.91,0,0,10000,1014,9.84,66,16,3.91,0,0,10000,1014,9.84,66,16,3.91,0,0,10000,1014,9.84,66,16,3.91,0,0,10000,1014,9.84,66,16,3.91,0,0,10000,1014,9.84,66,16,3.91,0,0,10000,1014,9.84,66,16,3.91,0,0,10000,1014,9.84,66,16,3.91,0,0,10000,1014,9.84,66,16,3.91,0,0,10000,1014,9.84,66,16,3.91,0,0,10000,1014,9.84,66,16,3.91,0,0,10000,1014,9.84,66,16,3.91,0,0,10000
1014,9.84,66,10,2.06,0,0,10000,22,0,21,4,1014,9.84,66,16,3.91,0,0,10000,1014,9.84,66,16,3.91,0,0,10000,1014,9.84,66,16,3.91,0,0,10000,1014,9.84,66,16,3.91,0,0,10000,1014,9.84,66,16,3.91,0,0,10000,1014,9.84,66,16,3.91,0,0,10000,1014,9.84,66,16,3.91,0,0,10000,1014,9.84,66,16,3.91,0,0,10000,1014,9.84,66,16,3.91,0,0,10000,1014,9.84,66,16,3.91,0,0,10000,1014,9.84,66,16,3.91,0,0,10000,1014,9.84,66,16,3.91,0,0,10000
1014,9.84,66,10,2.06,0,0,10000,23,0,21,4,1014,9.84,66,16,3.91,0,0,10000,1014,9.84,66,16,3.91,0,0,10000,1014,9.84,66,16,3.91,0,0,10000,1014,9.84,66,16,3.91,0,0,10000,1014,9.84,66,16,3.91,0,0,10000,1014,9.84,66,16,3.91,0,0,10000,1014,9.84,66,16,3.91,0,0,10000,1014,9.84,66,16,3.91,0,0,10000,1014,9.84,66,16,3.91,0,0,10000,1014,9.84,66,16,3.91,0,0,10000,1014,9.84,66,16,3.91,0,0,10000,1014,9.84,66,16,3.91,0,0,10000
1014,9.84,66,10,2.06,0,0,10000,0,0,22,4,1014,9.84,66,16,3.91,0,0,10000,1014,9.84,66,16,3.91,0,0,10000,1014,9.84,66,16,3.91,0,0,10000,1014,9.84,66,16,3.91,0,0,10000,1014,9.84,66,16,3.91,0,0,10000,1014,9.84,66,16,3.91,0,0,10000,1014,9.84,66,16,3.91,0,0,10000,1014,9.84,66,16,3.91,0,0,10000,1014,9.84,66,16,3.91,0,0,10000,1014,9.84,66,16,3.91,0,0,10000,1014,9.84,66,16,3.91,0,0,10000,1014,9.84,66,16,3.91,0,0,10000
1014,9.84,66,10,2.06,0,0,10000,1,0,22,4,1014,9.84,66,16,3.91,0,0,10000,1014,9.84,66,16,3.91,0,0,10000,1014,9.84,66,16,3.91,0,0,10000,1014,9.84,66,16,3.91,0,0,10000,1014,9.84,66,16,3.91,0,0,10000,1014,9.84,66,16,3.91,0,0,10000,1014,9.84,66,16,3.91,0,0,10000,1014,9.84,66,16,3.91,0,0,10000,1014,9.84,66,16,3.91,0,0,10000,1014,9.84,66,16,3.91,0,0,10000,1014,9.84,66,16,3.91,0,0,10000,1014,9.84,66,16,3.91,0,0,10000
1014,9.84,66,10,2.06,0,0,10000,2,0,22,4,1014,9.84,66,16,3.91,0,0,10000,1014,9.84,66,16,3.91,0,0,10000,1014,9.84,66,16,3.91,0,0,10000,1014,9.84,66,16,3.91,0,0,10000,1014,9.84,66,16,3.91,0,0,10000,1014,9.84,66,16,3.91,0,0,10000,1014,9.84,66,16,3.91,0,0,10000,1014,9.84,66,16,3.91,0,0,10000,1014,9.84,66,16,3.91,0,0,10000,1014,9.84,66,16,3.91,0,0,10000,1014,9.84,66,16,3.91,0,0,10000,1014,9.84,66,16,3.91,0,0,10000
1014,9.84,66,10,2.06,0,0,10000,3,0,22,4,1014,9.84,66,16,3.91,0,0,10000,1014,9.84,66,16,3.91,0,0,10000,1014,9.84,66,16,3.91,0,0,10000,1014,9.84,66,16,3.91,0,0,10000,1014,9.84,66,16,3.91,0,0,10000,1014,9.84,66,16,3.91,0,0,10000,1014,9.84,66,16,3.91,0,0,10000,1014,9.84,66,16,3.91,0,0,10000,1014,9.84,66,16,3.91,0,0,10000,1014,9.84,66,16,3.91,0,0,10000,1014,9.84,66,16,3.91,0,0,10000,1014,9.84,66,16,3.91,0,0,10000
1014,9.84,66,10,2.06,0,0,10000,4,0,22,4,1014,9.84,66,16,3.91,0,0,10000,1014,9.84,66,16,3.91,0,0,10000,1014,9.84,66,16,3.91,0,0,10000,1014,9.84,66,16,3.91,0,0,10000,1014,9.84,66,16,3.91,0,0,10000,1014,9.84,66,16,3.91,0,0,10000,1014,9.84,66,16,3.91,0,0,10000,1014,9.84,66,16,3.91,0,0,10000,1014,9.84,66,16,3.91,0,0,10000,1014,9.84,66,16,3.91,0,0,10000,1014,9.84,66,16,3.91,0,0,10000,1014,9.84,66,16,3.91,0,0,10000
1014,9.84,66,10,2.06,0,0,10000,5,0,22,4,1014,9.84,66,16,3.91,0,0,10000,1014,9.84,66,16,3.91,0,0,10000,1014,9.84,66,16,3.91,0,0,10000,1014,9.84,66,16,3.91,0,0,10000,1014,9.84,66,16,3.91,0,0,10000,1014,9.84,66,16,3.91,0,0,10000,1014,9.84,66,16,3.91,0,0,10000,1014,9.84,66,16,3.91,0,0,10000,1014,9.84,66,16,3.91,0,0,10000,1014,9.84,66,16,3.91,0,0,10000,1014,9.84,66,16,3.91,0,0,10000,1014,9.84,66,16,3.91,0,0,10000
1014,9.84,66,10,2.06,0,0,10000,6,0,22,4,1014,9.84,66,16,3.91,0,0,10000,1014,9.84,66,16,3.91,0,0,10000,1014,9.84,66,16,3.91,0,0,10000,1014,9.84,66,16,3.91,0,0,10000,1014,9.84,66,16,3.91,0,0,10000,1014,9.84,66,16,3.91,0,0,10000,1014,9.84,66,16,3.91,0,0,10000,1014,9.84,66,16,3.91,0,0,10000,1014,9.84,66,16,3.91,0,0,10000,1014,9.84,66,16,3.91,0,0,10000,1014,9.84,66,16,3.91,0,0,10000,1014,9.84,66,16,3.91,0,0,10000
1014,9.84,66,10,2.06,0,0,10000,7,0,22,4,1014,9.84,66,16,3.91,0,0,10000,1014,9.84,66,16,3.91,0,0,10000,1014,9.84,66,16,3.91,0,0,10000,1014,9.84,66,16,3.91,0,0,10000,1014,9.84,66,16,3.91,0,0,10000,1014,9.84,66,16,3.91,0,0,10000,1014,9.84,66,16,3.91,0,0,10000,1014,9.84,66,16,3.91,0,0,10000,1014,9.84,66,16,3.91,0,0,10000,1014,9.84,66,16,3.91,0,0,10000,1014,9.84,66,16,3.91,0,0,10000,1014,9.84,66,16,3.91,0,0,10000
1014,9.84,66,10,2.06,0,0,10000,8,0,22,4,1014,9.84,66,16,3.91,0,0,10000,1014,9.84,66,16,3.91,0,0,10000,1014,9.84,66,16,3.91,0,0,10000,1014,9.84,66,16,3.91,0,0,10000,1014,9.84,66,16,3.91,0,0,10000,1014,9.84,66,16,3.91,0,0,10000,1014,9.84,66,16,3.91,0,0,10000,1014,9.84,66,16,3.91,0,0,10000,1014,9.84,66,16,3.91,0,0,10000,1014,9.84,66,16,3.91,0,0,10000,1014,9.84,66,16,3.91,0,0,10000,1014,9.84,66,16,3.91,0,0,10000
1014,9.84,66,10,2.06,0,0,10000,9,0,22,4,1014,9.84,66,16,3.91,0,0,10000,1014,9.84,66,16,3.91,0,0,10000,1014,9.84,66,16,3.91,0,0,10000,1014,9.84,66,16,3.91,0,0,10000,1014,9.84,66,16,3.91,0,0,10000,1014,9.84,66,16,3.91,0,0,10000,1014,9.84,66,16,3.91,0,0,10000,1014,9.84,66,16,3.91,0,0,10000,1014,9.84,66,16,3.91,0,0,10000,1014,9.84,66,16,3.91,0,0,10000,1014,9.84,66,16,3.91,0,0,10000,1014,9.84,66,16,3.91,0,0,10000
1014,9.84,66,10,2.06,0,0,10000,10,0,22,4,1014,9.84,66,16,3.91,0,0,10000,1014,9.84,66,16,3.91,0,0,10000,1014,9.84,66,16,3.91,0,0,10000,1014,9.84,66,16,3.91,0,0,10000,1014,9.84,66,16,3.91,0,0,10000,1014,9.84,66,16,3.91,0,0,10000,1014,9.84,66,16,3.91,0,0,10000,1014,9.84,66,16,3.91,0,0,10000,1014,9.84,66,16,3.91,0,0,10000,1014,9.84,66,16,3.91,0,0,10000,1014,9.84,66,16,3.91,0,0,10000,1014,9.84,66,16,3.91,0,0,10000
1014,9.84,66,10,2.06,0,0,10000,11,0,22,4,1014,9.84,66,16,3.91,0,0,10000,1014,9.84,66,16,3.91,0,0,10000,1014,9.84,66,16,3.91,0,0,10000,1014,9.84,66,16,3.91,0,0,10000,1014,9.84,66,16,3.91,0,0,10000,1014,9.84,66,16,3.91,0,0,10000,1014,9.84,66,16,3.91,0,0,10000,1014,9.84,66,16,3.91,0,0,10000,1014,9.84,66,16,3.91,0,0,10000,1014,9.84,66,16,3.91,0,0,10000,1014,9.84,66,16,3.91,0,0,10000,1014,9.84,66,16,3.91,0,0,10000
1014,9.84,66,10,2.06,0,0,10000,12,0,22,4,1014,9.84,66,16,3.91,0,0,10000,1014,9.84,66,16,3.91,0,0,10000,1014,9.84,66,16,3.91,0,0,10000,1014,9.84,66,16,3.91,0,0,10000,1014,9.84,66,16,3.91,0,0,10000,1014,9.84,66,16,3.91,0,0,10000,1014,9.84,66,16,3.91,0,0,10000,1014,9.84,66,16,3.91,0,0,10000,1014,9.84,66,16,3.91,0,0,10000,1014,9.84,66,16,3.91,0,0,10000,1014,9.84,66,16,3.91,0,0,10000,1014,9.84,66,16,3.91,0,0,10000
1014,9.84,66,10,2.06,0,0,10000,13,0,22,4,1014,9.84,66,16,3.91,0,0,10000,1014,9.84,66,16,3.91,0,0,10000,1014,9.84,66,16,3.91,0,0,10000,1014,9.84,66,16,3.91,0,0,10000,1014,9.84,66,16,3.91,0,0,10000,1014,9.84,66,16,3.91,0,0,10000,1014,9.84,66,16,3.91,0,0,10000,1014,9.84,66,16,3.91,0,0,10000,1014,9.84,66,16,3.91,0,0,10000,1014,9.84,66,16,3.91,0,0,10000,1014,9.84,66,16,3.91,0,0,10000,1014,9.84,66,16,3.91,0,0,10000
1014,9.84,66,10,2.06,0,0,10000,14,0,22,4,1014,9.84,66,16,3.91,0,0,10000,1014,9.84,66,16,3.91,0,0,10000,1014,9.84,66,16,3.91,0,0,10000,1014,9.84,66,16,3.91,0,0,10000,1014,9.84,66,16,3.91,0,0,10000,1014,9.84,66,16,3.91,0,0,10000,1014,9.84,66,16,3.91,0,0,10000,1014,9.84,66,16,3.91,0,0,10000,1014,9.84,66,16,3.91,0,0,10000,1014,9.84,66,16,3.91,0,0,10000,1014,9.84,66,16,3.91,0,0,10000,1014,9.84,66,16,3.91,0,0,10000
1014,9.84,66,10,2.06,0,0,10000,15,0,22,4,1014,9.84,66,16,3.91,0,0,10000,1014,9.84,66,16,3.91,0,0,10000,1014,9.84,66,16,3.91,0,0,10000,1014,9.84,66,16,3.91,0,0,10000,1014,9.84,66,16,3.91,0,0,10000,1014,9.84,66,16,3.91,0,0,10000,1014,9.84,66,16,3.91,0,0,10000,1014,9.84,66,16,3.91,0,0,10000,1014,9.84,66,16,3.91,0,0,10000,1014,9.84,66,16,3.91,0,0,10000,1014,9.84,66,16,3.91,0,0,10000,1014,9.84,66,16,3.91,0,0,10000
1014,9.84,66,10,2.06,0,0,10000,16,0,22,4,1014,9.84,66,16,3.91,0,0,10000,1014,9.84,66,16,3.91,0,0,10000,1014,9.84,66,16,3.91,0,0,10000,1014,9.84,66,16,3.91,0,0,10000,1014,9.84,66,16,3.91,0,0,10000,1014,9.84,66,16,3.91,0,0,10000,1014,9.84,66,16,3.91,0,0,10000,1014,9.84,66,16,3.91,0,0,10000,1014,9.84,66,16,3.91,0,0,10000,1014,9.84,66,16,3.91,0,0,10000,1014,9.84,66,16,3.91,0,0,10000,1014,9.84,66,16,3.91,0,0,10000
1014,9.84,66,10,2.06,0,0,10000,17,0,22,4,1014,9.84,66,16,3.91,0,0,10000,1014,9.84,66,16,3.91,0,0,10000,1014,9.84,66,16,3.91,0,0,10000,1014,9.84,66,16,3.91,0,0,10000,1014,9.84,66,16,3.91,0,0,10000,1014,9.84,66,16,3.91,0,0,10000,1014,9.84,66,16,3.91,0,0,10000,1014,9.84,66,16,3.91,0,0,10000,1014,9.84,66,16,3.91,0,0,10000,1014,9.84,66,16,3.91,0,0,10000,1014,9.84,66,16,3.91,0,0,10000,1014,9.84,66,16,3.91,0,0,10000
1014,9.84,66,10,2.06,0,0,10000,18,0,22,4,1014,9.84,66,16,3.91,0,0,10000,1014,9.84,66,16,3.91,0,0,10000,1014,9.84,66,16,3.91,0,0,10000,1014,9.84,66,16,3.91,0,0,10000,1014,9.84,66,16,3.91,0,0,10000,1014,9.84,66,16,3.91,0,0,10000,1014,9.84,66,16,3.91,0,0,10000,1014,9.84,66,16,3.91,0,0,10000,1014,9.84,66,16,3.91,0,0,10000,1014,9.84,66,16,3.91,0,0,10000,1014,9.84,66,16,3.91,0,0,10000,1014,9.84,66,16,3.91,0,0,10000
1014,9.84,66,10,2.06,0,0,10000,19,0,22,4,1014,9.84,66,16,3.91,0,0,10000,1014,9.84,66,16,3.91,0,0,10000,1014,9.84,66,16,3.91,0,0,10000,1014,9.84,66,16,3.91,0,0,10000,1014,9.84,66,16,3.91,0,0,10000,1014,9.84,66,16,3.91,0,0,10000,1014,9.84,66,16,3.91,0,0,10000,1014,9.84,66,16,3.91,0,0,10000,1014,9.84,66,16,3.91,0,0,10000,1014,9.84,66,16,3.91,0,0,10000,1014,9.84,66,16,3.91,0,0,10000,1014,9.84,66,16,3.91,0,0,10000
1014,9.84,66,10,2.06,0,0,10000,20,0,22,4,1014,9.84,66,16,3.91,0,0,10000,1014,9.84,66,16,3.91,0,0,10000,1014,9.84,66,16,3.91,0,0,10000,1014,9.84,66,16,3.91,0,0,10000,1014,9.84,66,16,3.91,0,0,10000,1014,9.84,66,16,3.91,0,0,10000,1014,9.84,66,16,3.91,0,0,10000,1014,9.84,66,16,3.91,0,0,10000,1014,9.84,66,16,3.91,0,0,10000,1014,9.84,66,16,3.91,0,0,10000,1014,9.84,66,16,3.91,0,0,10000,1014,9.84,66,16,3.91,0,0,10000
1014,9.84,66,10,2.06,0,0,10000,21,0,22,4,1014,9.84,66,16,3.91,0,0,10000,1014,9.84,66,16,3.91,0,0,10000,1014,9.84,66,16,3.91,0,0,10000,1014,9.84,66,16,3.91,0,0,10000,1014,9.84,66,16,3.91,0,0,10000,1014,9.84,66,16,3.91,0,0,10000,1014,9.84,66,16,3.91,0,0,10000,1014,9.84,66,16,3.91,0,0,10000,1014,9.84,66,16,3.91,0,0,10000,1014,9.84,66,16,3.91,0,0,10000,1014,9.84,66,16,3.91,0,0,10000,1014,9.84,66,16,3.91,0,0,10000
1014,9.84,66,10,2.06,0,0,10000,22,0,22,4,1014,9.84,66,16,3.91,0,0,10000,1014,9.84,66,16,3.91,0,0,10000,1014,9.84,66,16,3.91,0,0,10000,1014,9.84,66,16,3.91,0,0,10000,1014,9.84,66,16,3.91,0,0,10000,1014,9.84,66,16,3.91,0,0,10000,1014,9.84,66,16,3.91,0,0,10000,1014,9.84,66,16,3.91,0,0,10000,1014,9.84,66,16,3.91,0,0,10000,1014,9.84,66,16,3.91,0,0,10000,1014,9.84,66,16,3.91,0,0,10000,1014,9.84,66,16,3.91,0,0,10000
1014,9.84,66,10,2.06,0,0,10000,23,0,22,4,1014,9.84,66,16,3.91,0,0,10000,1014,9.84,66,16,3.91,0,0,10000,1014,9.84,66,16,3.91,0,0,10000,1014,9.84,66,16,3.91,0,0,10000,1014,9.84,66,16,3.91,0,0,10000,1014,9.84,66,16,3.91,0,0,10000,1014,9.84,66,16,3.91,0,0,10000,1014,9.84,66,16,3.91,0,0,10000,1014,9.84,66,16,3.91,0,0,10000,1014,9.84,66,16,3.91,0,0,10000,1014,9.84,66,16,3.91,0,0,10000,1014,9.84,66,16,3.91,0,0,10000
1014,9.84,66,10,2.06,0,0,10000,0,0,23,4,1014,9.84,66,16,3.91,0,0,10000,1014,9.84,66,16,3.91,0,0,10000,1014,9.84,66,16,3.91,0,0,10000,1014,9.84,66,16,3.91,0,0,10000,1014,9.84,66,16,3.91,0,0,10000,1014,9.84,66,16,3.91,0,0,10000,1014,9.84,66,16,3.91,0,0,10000,1014,9.84,66,16,3.91,0,0,10000,1014,9.84,66,16,3.91,0,0,10000,1014,9.84,66,16,3.91,0,0,10000,1014,9.84,66,16,3.91,0,0,10000,1014,9.84,66,16,3.91,0,0,10000
