1028,9.84,61,10,4.63,75,0,10000,2,0,30,7,1024,7.69,82,14,3.51,100,0,10000,1024,7.69,82,14,3.51,100,0,10000,1024,7.69,82,14,3.51,100,0,10000,1024,7.69,82,14,3.51,100,0,10000,1024,7.69,82,14,3.51,100,0,10000,1024,7.69,82,14,3.51,100,0,10000,1024,7.69,82,14,3.51,100,0,10000,1024,7.69,82,14,3.51,100,0,10000,1024,7.69,82,14,3.51,100,0,10000,1024,7.69,82,14,3.51,100,0,10000,1024,7.69,82,14,3.51,100,0,10000,1024,7.69,82,14,3.51,100,0,10000
1028,9.84,61,10,4.63,75,0,10000,5,0,30,7,1023,7.65,86,29,2.55,100,0,10000,1023,7.65,86,29,2.55,100,0,10000,1023,7.65,86,29,2.55,100,0,10000,1023,7.65,86,29,2.55,100,0,10000,1023,7.65,86,29,2.55,100,0,10000,1023,7.65,86,29,2.55,100,0,10000,1023,7.65,86,29,2.55,100,0,10000,1023,7.65,86,29,2.55,100,0,10000,1023,7.65,86,29,2.55,100,0,10000,1023,7.65,86,29,2.55,100,0,10000,1023,7.65,86,29,2.55,100,0,10000,1023,7.65,86,29,2.55,100,0,10000
1028,9.84,61,10,4.63,75,0,10000,8,0,30,7,1024,7.8,85,18,2.31,100,0,10000,1024,7.8,85,18,2.31,100,0,10000,1024,7.8,85,18,2.31,100,0,10000,1024,7.8,85,18,2.31,100,0,10000,1024,7.8,85,18,2.31,100,0,10000,1024,7.8,85,18,2.31,100,0,10000,1024,7.8,85,18,2.31,100,0,10000,1024,7.8,85,18,2.31,100,0,10000,1024,7.8,85,18,2.31,100,0,10000,1024,7.8,85,18,2.31,100,0,10000,1024,7.8,85,18,2.31,100,0,10000,1024,7.8,85,18,2.31,100,0,10000
1028,9.84,61,10,4.63,75,0,10000,11,0,30,7,1023,8.75,76,359,5.91,100,0,10000,1023,8.75,76,359,5.91,100,0,10000,1023,8.75,76,359,5.91,100,0,10000,1023,8.75,76,359,5.91,100,0,10000,1023,8.75,76,359,5.91,100,0,10000,1023,8.75,76,359,5.91,100,0,10000,1023,8.75,76,359,5.91,100,0,10000,1023,8.75,76,359,5.91,100,0,10000,1023,8.75,76,359,5.91,100,0,10000,1023,8.75,76,359,5.91,100,0,10000,1023,8.75,76,359,5.91,100,0,10000,1023,8.75,76,359,5.91,100,0,10000
1028,9.84,61,10,4.63,75,0,10000,14,0,30,7,1028,9.56,62,352,4.95,81,0,10000,1028,9.56,62,352,4.95,81,0,10000,1028,9.56,62,352,4.95,81,0,10000,1028,9.56,62,352,4.95,81,0,10000,1028,9.56,62,352,4.95,81,0,10000,1028,9.56,62,352,4.95,81,0,10000,1028,9.56,62,352,4.95,81,0,10000,1028,9.56,62,352,4.95,81,0,10000,1028,9.56,62,352,4.95,81,0,10000,1028,9.56,62,352,4.95,81,0,10000,1028,9.56,62,352,4.95,81,0,10000,1028,9.56,62,352,4.95,81,0,10000
1028,9.84,61,10,4.63,75,0,10000,17,0,30,7,1027,8.41,77,347,4.36,90,0,10000,1027,8.41,77,347,4.36,90,0,10000,1027,8.41,77,347,4.36,90,0,10000,1027,8.41,77,347,4.36,90,0,10000,1027,8.41,77,347,4.36,90,0,10000,1027,8.41,77,347,4.36,90,0,10000,1027,8.41,77,347,4.36,90,0,10000,1027,8.41,77,347,4.36,90,0,10000,1027,8.41,77,347,4.36,90,0,10000,1027,8.41,77,347,4.36,90,0,10000,1027,8.41,77,347,4.36,90,0,10000,1027,8.41,77,347,4.36,90,0,10000
1028,9.84,61,10,4.63,75,0,10000,20,0,30,7,1025,7.46,83,17,4.16,100,0,10000,1025,7.46,83,17,4.16,100,0,10000,1025,7.46,83,17,4.16,100,0,10000,1025,7.46,83,17,4.16,100,0,10000,1025,7.46,83,17,4.16,100,0,10000,1025,7.46,83,17,4.16,100,0,10000,1025,7.46,83,17,4.16,100,0,10000,1025,7.46,83,17,4.16,100,0,10000,1025,7.46,83,17,4.16,100,0,10000,1025,7.46,83,17,4.16,100,0,10000,1025,7.46,83,17,4.16,100,0,10000,1025,7.46,83,17,4.16,100,0,10000
1028,9.84,61,10,4.63,75,0,10000,23,0,30,7,1025,6.89,78,17,3.13,96,0,10000,1025,6.89,78,17,3.13,96,0,10000,1025,6.89,78,17,3.13,96,0,10000,1025,6.89,78,17,3.13,96,0,10000,1025,6.89,78,17,3.13,96,0,10000,1025,6.89,78,17,3.13,96,0,10000,1025,6.89,78,17,3.13,96,0,10000,1025,6.89,78,17,3.13,96,0,10000,1025,6.89,78,17,3.13,96,0,10000,1025,6.89,78,17,3.13,96,0,10000,1025,6.89,78,17,3.13,96,0,10000,1025,6.89,78,17,3.13,96,0,10000
1028,9.84,61,10,4.63,75,0,10000,2,0,31,7,1024,7.69,82,14,3.51,100,0,10000,1024,7.69,82,14,3.51,100,0,10000,1024,7.69,82,14,3.51,100,0,10000,1024,7.69,82,14,3.51,100,0,10000,1024,7.69,82,14,3.51,100,0,10000,1024,7.69,82,14,3.51,100,0,10000,1024,7.69,82,14,3.51,100,0,10000,1024,7.69,82,14,3.51,100,0,10000,1024,7.69,82,14,3.51,100,0,10000,1024,7.69,82,14,3.51,100,0,10000,1024,7.69,82,14,3.51,100,0,10000,1024,7.69,82,14,3.51,100,0,10000
1028,9.84,61,10,4.63,75,0,10000,5,0,31,7,1023,7.65,86,29,2.55,100,0,10000,1023,7.65,86,29,2.55,100,0,10000,1023,7.65,86,29,2.55,100,0,10000,1023,7.65,86,29,2.55,100,0,10000,1023,7.65,86,29,2.55,100,0,10000,1023,7.65,86,29,2.55,100,0,10000,1023,7.65,86,29,2.55,100,0,10000,1023,7.65,86,29,2.55,100,0,10000,1023,7.65,86,29,2.55,100,0,10000,1023,7.65,86,29,2.55,100,0,10000,1023,7.65,86,29,2.55,100,0,10000,1023,7.65,86,29,2.55,100,0,10000
1028,9.84,61,10,4.63,75,0,10000,8,0,31,7,1024,7.8,85,18,2.31,100,0,10000,1024,7.8,85,18,2.31,100,0,10000,1024,7.8,85,18,2.31,100,0,10000,1024,7.8,85,18,2.31,100,0,10000,1024,7.8,85,18,2.31,100,0,10000,1024,7.8,85,18,2.31,100,0,10000,1024,7.8,85,18,2.31,100,0,10000,1024,7.8,85,18,2.31,100,0,10000,1024,7.8,85,18,2.31,100,0,10000,1024,7.8,85,18,2.31,100,0,10000,1024,7.8,85,18,2.31,100,0,10000,1024,7.8,85,18,2.31,100,0,10000
1028,9.84,61,10,4.63,75,0,10000,11,0,31,7,1023,8.75,76,359,5.91,100,0,10000,1023,8.75,76,359,5.91,100,0,10000,1023,8.75,76,359,5.91,100,0,10000,1023,8.75,76,359,5.91,100,0,10000,1023,8.75,76,359,5.91,100,0,10000,1023,8.75,76,359,5.91,100,0,10000,1023,8.75,76,359,5.91,100,0,10000,1023,8.75,76,359,5.91,100,0,10000,1023,8.75,76,359,5.91,100,0,10000,1023,8.75,76,359,5.91,100,0,10000,1023,8.75,76,359,5.91,100,0,10000,1023,8.75,76,359,5.91,100,0,10000
1028,9.84,61,10,4.63,75,0,10000,14,0,31,7,1028,9.56,62,352,4.95,81,0,10000,1028,9.56,62,352,4.95,81,0,10000,1028,9.56,62,352,4.95,81,0,10000,1028,9.56,62,352,4.95,81,0,10000,1028,9.56,62,352,4.95,81,0,10000,1028,9.56,62,352,4.95,81,0,10000,1028,9.56,62,352,4.95,81,0,10000,1028,9.56,62,352,4.95,81,0,10000,1028,9.56,62,352,4.95,81,0,10000,1028,9.56,62,352,4.95,81,0,10000,1028,9.56,62,352,4.95,81,0,10000,1028,9.56,62,352,4.95,81,0,10000
1028,9.84,61,10,4.63,75,0,10000,17,0,31,7,1027,8.41,77,347,4.36,90,0,10000,1027,8.41,77,347,4.36,90,0,10000,1027,8.41,77,347,4.36,90,0,10000,1027,8.41,77,347,4.36,90,0,10000,1027,8.41,77,347,4.36,90,0,10000,1027,8.41,77,347,4.36,90,0,10000,1027,8.41,77,347,4.36,90,0,10000,1027,8.41,77,347,4.36,90,0,10000,1027,8.41,77,347,4.36,90,0,10000,1027,8.41,77,347,4.36,90,0,10000,1027,8.41,77,347,4.36,90,0,10000,1027,8.41,77,347,4.36,90,0,10000
1028,9.84,61,10,4.63,75,0,10000,20,0,31,7,1025,7.46,83,17,4.16,100,0,10000,1025,7.46,83,17,4.16,100,0,10000,1025,7.46,83,17,4.16,100,0,10000,1025,7.46,83,17,4.16,100,0,10000,1025,7.46,83,17,4.16,100,0,10000,1025,7.46,83,17,4.16,100,0,10000,1025,7.46,83,17,4.16,100,0,10000,1025,7.46,83,17,4.16,100,0,10000,1025,7.46,83,17,4.16,100,0,10000,1025,7.46,83,17,4.16,100,0,10000,1025,7.46,83,17,4.16,100,0,10000,1025,7.46,83,17,4.16,100,0,10000
1028,9.84,61,10,4.63,75,0,10000,23,0,31,7,1025,6.89,78,17,3.13,96,0,10000,1025,6.89,78,17,3.13,96,0,10000,1025,6.89,78,17,3.13,96,0,10000,1025,6.89,78,17,3.13,96,0,10000,1025,6.89,78,17,3.13,96,0,10000,1025,6.89,78,17,3.13,96,0,10000,1025,6.89,78,17,3.13,96,0,10000,1025,6.89,78,17,3.13,96,0,10000,1025,6.89,78,17,3.13,96,0,10000,1025,6.89,78,17,3.13,96,0,10000,1025,6.89,78,17,3.13,96,0,10000,1025,6.89,78,17,3.13,96,0,10000
1028,9.84,61,10,4.63,75,0,10000,2,0,1,8,1024,7.69,82,14,3.51,100,0,10000,1024,7.69,82,14,3.51,100,0,10000,1024,7.69,82,14,3.51,100,0,10000,1024,7.69,82,14,3.51,100,0,10000,1024,7.69,82,14,3.51,100,0,10000,1024,7.69,82,14,3.51,100,0,10000,1024,7.69,82,14,3.51,100,0,10000,1024,7.69,82,14,3.51,100,0,10000,1024,7.69,82,14,3.51,100,0,10000,1024,7.69,82,14,3.51,100,0,10000,1024,7.69,82,14,3.51,100,0,10000,1024,7.69,82,14,3.51,100,0,10000
1028,9.84,61,10,4.63,75,0,10000,5,0,1,8,1023,7.65,86,29,2.55,100,0,10000,1023,7.65,86,29,2.55,100,0,10000,1023,7.65,86,29,2.55,100,0,10000,1023,7.65,86,29,2.55,100,0,10000,1023,7.65,86,29,2.55,100,0,10000,1023,7.65,86,29,2.55,100,0,10000,1023,7.65,86,29,2.55,100,0,10000,1023,7.65,86,29,2.55,100,0,10000,1023,7.65,86,29,2.55,100,0,10000,1023,7.65,86,29,2.55,100,0,10000,1023,7.65,86,29,2.55,100,0,10000,1023,7.65,86,29,2.55,100,0,10000
1028,9.84,61,10,4.63,75,0,10000,8,0,1,8,1024,7.8,85,18,2.31,100,0,10000,1024,7.8,85,18,2.31,100,0,10000,1024,7.8,85,18,2.31,100,0,10000,1024,7.8,85,18,2.31,100,0,10000,1024,7.8,85,18,2.31,100,0,10000,1024,7.8,85,18,2.31,100,0,10000,1024,7.8,85,18,2.31,100,0,10000,1024,7.8,85,18,2.31,100,0,10000,1024,7.8,85,18,2.31,100,0,10000,1024,7.8,85,18,2.31,100,0,10000,1024,7.8,85,18,2.31,100,0,10000,1024,7.8,85,18,2.31,100,0,10000
1028,9.84,61,10,4.63,75,0,10000,11,0,1,8,1023,8.75,76,359,5.91,100,0,10000,1023,8.75,76,359,5.91,100,0,10000,1023,8.75,76,359,5.91,100,0,10000,1023,8.75,76,359,5.91,100,0,10000,1023,8.75,76,359,5.91,100,0,10000,1023,8.75,76,359,5.91,100,0,10000,1023,8.75,76,359,5.91,100,0,10000,1023,8.75,76,359,5.91,100,0,10000,1023,8.75,76,359,5.91,100,0,10000,1023,8.75,76,359,5.91,100,0,10000,1023,8.75,76,359,5.91,100,0,10000,1023,8.75,76,359,5.91,100,0,10000
1028,9.84,61,10,4.63,75,0,10000,14,0,1,8,1028,9.56,62,352,4.95,81,0,10000,1028,9.56,62,352,4.95,81,0,10000,1028,9.56,62,352,4.95,81,0,10000,1028,9.56,62,352,4.95,81,0,10000,1028,9.56,62,352,4.95,81,0,10000,1028,9.56,62,352,4.95,81,0,10000,1028,9.56,62,352,4.95,81,0,10000,1028,9.56,62,352,4.95,81,0,10000,1028,9.56,62,352,4.95,81,0,10000,1028,9.56,62,352,4.95,81,0,10000,1028,9.56,62,352,4.95,81,0,10000,1028,9.56,62,352,4.95,81,0,10000
1028,9.84,61,10,4.63,75,0,10000,17,0,1,8,1027,8.41,77,347,4.36,90,0,10000,1027,8.41,77,347,4.36,90,0,10000,1027,8.41,77,347,4.36,90,0,10000,1027,8.41,77,347,4.36,90,0,10000,1027,8.41,77,347,4.36,90,0,10000,1027,8.41,77,347,4.36,90,0,10000,1027,8.41,77,347,4.36,90,0,10000,1027,8.41,77,347,4.36,90,0,10000,1027,8.41,77,347,4.36,90,0,10000,1027,8.41,77,347,4.36,90,0,10000,1027,8.41,77,347,4.36,90,0,10000,1027,8.41,77,347,4.36,90,0,10000
1028,9.84,61,10,4.63,75,0,10000,20,0,1,8,1025,7.46,83,17,4.16,100,0,10000,1025,7.46,83,17,4.16,100,0,10000,1025,7.46,83,17,4.16,100,0,10000,1025,7.46,83,17,4.16,100,0,10000,1025,7.46,83,17,4.16,100,0,10000,1025,7.46,83,17,4.16,100,0,10000,1025,7.46,83,17,4.16,100,0,10000,1025,7.46,83,17,4.16,100,0,10000,1025,7.46,83,17,4.16,100,0,10000,1025,7.46,83,17,4.16,100,0,10000,1025,7.46,83,17,4.16,100,0,10000,1025,7.46,83,17,4.16,100,0,10000
1028,9.84,61,10,4.63,75,0,10000,23,0,1,8,1025,6.89,78,17,3.13,96,0,10000,1025,6.89,78,17,3.13,96,0,10000,1025,6.89,78,17,3.13,96,0,10000,1025,6.89,78,17,3.13,96,0,10000,1025,6.89,78,17,3.13,96,0,10000,1025,6.89,78,17,3.13,96,0,10000,1025,6.89,78,17,3.13,96,0,10000,1025,6.89,78,17,3.13,96,0,10000,1025,6.89,78,17,3.13,96,0,10000,1025,6.89,78,17,3.13,96,0,10000,1025,6.89,78,17,3.13,96,0,10000,1025,6.89,78,17,3.13,96,0,10000
1028,9.84,61,10,4.63,75,0,10000,2,0,2,8,1024,7.69,82,14,3.51,100,0,10000,1024,7.69,82,14,3.51,100,0,10000,1024,7.69,82,14,3.51,100,0,10000,1024,7.69,82,14,3.51,100,0,10000,1024,7.69,82,14,3.51,100,0,10000,1024,7.69,82,14,3.51,100,0,10000,1024,7.69,82,14,3.51,100,0,10000,1024,7.69,82,14,3.51,100,0,10000,1024,7.69,82,14,3.51,100,0,10000,1024,7.69,82,14,3.51,100,0,10000,1024,7.69,82,14,3.51,100,0,10000,1024,7.69,82,14,3.51,100,0,10000
1028,9.84,61,10,4.63,75,0,10000,5,0,2,8,1023,7.65,86,29,2.55,100,0,10000,1023,7.65,86,29,2.55,100,0,10000,1023,7.65,86,29,2.55,100,0,10000,1023,7.65,86,29,2.55,100,0,10000,1023,7.65,86,29,2.55,100,0,10000,1023,7.65,86,29,2.55,100,0,10000,1023,7.65,86,29,2.55,100,0,10000,1023,7.65,86,29,2.55,100,0,10000,1023,7.65,86,29,2.55,100,0,10000,1023,7.65,86,29,2.55,100,0,10000,1023,7.65,86,29,2.55,100,0,10000,1023,7.65,86,29,2.55,100,0,10000
1028,9.84,61,10,4.63,75,0,10000,8,0,2,8,1024,7.8,85,18,2.31,100,0,10000,1024,7.8,85,18,2.31,100,0,10000,1024,7.8,85,18,2.31,100,0,10000,1024,7.8,85,18,2.31,100,0,10000,1024,7.8,85,18,2.31,100,0,10000,1024,7.8,85,18,2.31,100,0,10000,1024,7.8,85,18,2.31,100,0,10000,1024,7.8,85,18,2.31,100,0,10000,1024,7.8,85,18,2.31,100,0,10000,1024,7.8,85,18,2.31,100,0,10000,1024,7.8,85,18,2.31,100,0,10000,1024,7.8,85,18,2.31,100,0,10000
1028,9.84,61,10,4.63,75,0,10000,11,0,2,8,1023,8.75,76,359,5.91,100,0,10000,1023,8.75,76,359,5.91,100,0,10000,1023,8.75,76,359,5.91,100,0,10000,1023,8.75,76,359,5.91,100,0,10000,1023,8.75,76,359,5.91,100,0,10000,1023,8.75,76,359,5.91,100,0,10000,1023,8.75,76,359,5.91,100,0,10000,1023,8.75,76,359,5.91,100,0,10000,1023,8.75,76,359,5.91,100,0,10000,1023,8.75,76,359,5.91,100,0,10000,1023,8.75,76,359,5.91,100,0,10000,1023,8.75,76,359,5.91,100,0,10000
1028,9.84,61,10,4.63,75,0,10000,14,0,2,8,1028,9.56,62,352,4.95,81,0,10000,1028,9.56,62,352,4.95,81,0,10000,1028,9.56,62,352,4.95,81,0,10000,1028,9.56,62,352,4.95,81,0,10000,1028,9.56,62,352,4.95,81,0,10000,1028,9.56,62,352,4.95,81,0,10000,1028,9.56,62,352,4.95,81,0,10000,1028,9.56,62,352,4.95,81,0,10000,1028,9.56,62,352,4.95,81,0,10000,1028,9.56,62,352,4.95,81,0,10000,1028,9.56,62,352,4.95,81,0,10000,1028,9.56,62,352,4.95,81,0,10000
1028,9.84,61,10,4.63,75,0,10000,17,0,2,8,1027,8.41,77,347,4.36,90,0,10000,1027,8.41,77,347,4.36,90,0,10000,1027,8.41,77,347,4.36,90,0,10000,1027,8.41,77,347,4.36,90,0,10000,1027,8.41,77,347,4.36,90,0,10000,1027,8.41,77,347,4.36,90,0,10000,1027,8.41,77,347,4.36,90,0,10000,1027,8.41,77,347,4.36,90,0,10000,1027,8.41,77,347,4.36,90,0,10000,1027,8.41,77,347,4.36,90,0,10000,1027,8.41,77,347,4.36,90,0,10000,1027,8.41,77,347,4.36,90,0,10000
1028,9.84,61,10,4.63,75,0,10000,20,0,2,8,1025,7.46,83,17,4.16,100,0,10000,1025,7.46,83,17,4.16,100,0,10000,1025,7.46,83,17,4.16,100,0,10000,1025,7.46,83,17,4.16,100,0,10000,1025,7.46,83,17,4.16,100,0,10000,1025,7.46,83,17,4.16,100,0,10000,1025,7.46,83,17,4.16,100,0,10000,1025,7.46,83,17,4.16,100,0,10000,1025,7.46,83,17,4.16,100,0,10000,1025,7.46,83,17,4.16,100,0,10000,1025,7.46,83,17,4.16,100,0,10000,1025,7.46,83,17,4.16,100,0,10000
1028,9.84,61,10,4.63,75,0,10000,23,0,2,8,1025,6.89,78,17,3.13,96,0,10000,1025,6.89,78,17,3.13,96,0,10000,1025,6.89,78,17,3.13,96,0,10000,1025,6.89,78,17,3.13,96,0,10000,1025,6.89,78,17,3.13,96,0,10000,1025,6.89,78,17,3.13,96,0,10000,1025,6.89,78,17,3.13,96,0,10000,1025,6.89,78,17,3.13,96,0,10000,1025,6.89,78,17,3.13,96,0,10000,1025,6.89,78,17,3.13,96,0,10000,1025,6.89,78,17,3.13,96,0,10000,1025,6.89,78,17,3.13,96,0,10000
1028,9.84,61,10,4.63,75,0,10000,2,0,3,8,1024,7.69,82,14,3.51,100,0,10000,1024,7.69,82,14,3.51,100,0,10000,1024,7.69,82,14,3.51,100,0,10000,1024,7.69,82,14,3.51,100,0,10000,1024,7.69,82,14,3.51,100,0,10000,1024,7.69,82,14,3.51,100,0,10000,1024,7.69,82,14,3.51,100,0,10000,1024,7.69,82,14,3.51,100,0,10000,1024,7.69,82,14,3.51,100,0,10000,1024,7.69,82,14,3.51,100,0,10000,1024,7.69,82,14,3.51,100,0,10000,1024,7.69,82,14,3.51,100,0,10000
1028,9.84,61,10,4.63,75,0,10000,5,0,3,8,1023,7.65,86,29,2.55,100,0,10000,1023,7.65,86,29,2.55,100,0,10000,1023,7.65,86,29,2.55,100,0,10000,1023,7.65,86,29,2.55,100,0,10000,1023,7.65,86,29,2.55,100,0,10000,1023,7.65,86,29,2.55,100,0,10000,1023,7.65,86,29,2.55,100,0,10000,1023,7.65,86,29,2.55,100,0,10000,1023,7.65,86,29,2.55,100,0,10000,1023,7.65,86,29,2.55,100,0,10000,1023,7.65,86,29,2.55,100,0,10000,1023,7.65,86,29,2.55,100,0,10000
1028,9.84,61,10,4.63,75,0,10000,8,0,3,8,1024,7.8,85,18,2.31,100,0,10000,1024,7.8,85,18,2.31,100,0,10000,1024,7.8,85,18,2.31,100,0,10000,1024,7.8,85,18,2.31,100,0,10000,1024,7.8,85,18,2.31,100,0,10000,1024,7.8,85,18,2.31,100,0,10000,1024,7.8,85,18,2.31,100,0,10000,1024,7.8,85,18,2.31,100,0,10000,1024,7.8,85,18,2.31,100,0,10000,1024,7.8,85,18,2.31,100,0,10000,1024,7.8,85,18,2.31,100,0,10000,1024,7.8,85,18,2.31,100,0,10000
1028,9.84,61,10,4.63,75,0,10000,11,0,3,8,1023,8.75,76,359,5.91,100,0,10000,1023,8.75,76,359,5.91,100,0,10000,1023,8.75,76,359,5.91,100,0,10000,1023,8.75,76,359,5.91,100,0,10000,1023,8.75,76,359,5.91,100,0,10000,1023,8.75,76,359,5.91,100,0,10000,1023,8.75,76,359,5.91,100,0,10000,1023,8.75,76,359,5.91,100,0,10000,1023,8.75,76,359,5.91,100,0,10000,1023,8.75,76,359,5.91,100,0,10000,1023,8.75,76,359,5.91,100,0,10000,1023,8.75,76,359,5.91,100,0,10000
1028,9.84,61,10,4.63,75,0,10000,14,0,3,8,1028,9.56,62,352,4.95,81,0,10000,1028,9.56,62,352,4.95,81,0,10000,1028,9.56,62,352,4.95,81,0,10000,1028,9.56,62,352,4.95,81,0,10000,1028,9.56,62,352,4.95,81,0,10000,1028,9.56,62,352,4.95,81,0,10000,1028,9.56,62,352,4.95,81,0,10000,1028,9.56,62,352,4.95,81,0,10000,1028,9.56,62,352,4.95,81,0,10000,1028,9.56,62,352,4.95,81,0,10000,1028,9.56,62,352,4.95,81,0,10000,1028,9.56,62,352,4.95,81,0,10000
1028,9.84,61,10,4.63,75,0,10000,17,0,3,8,1027,8.41,77,347,4.36,90,0,10000,1027,8.41,77,347,4.36,90,0,10000,1027,8.41,77,347,4.36,90,0,10000,1027,8.41,77,347,4.36,90,0,10000,1027,8.41,77,347,4.36,90,0,10000,1027,8.41,77,347,4.36,90,0,10000,1027,8.41,77,347,4.36,90,0,10000,1027,8.41,77,347,4.36,90,0,10000,1027,8.41,77,347,4.36,90,0,10000,1027,8.41,77,347,4.36,90,0,10000,1027,8.41,77,347,4.36,90,0,10000,1027,8.41,77,347,4.36,90,0,10000
1028,9.84,61,10,4.63,75,0,10000,20,0,3,8,1025,7.46,83,17,4.16,100,0,10000,1025,7.46,83,17,4.16,100,0,10000,1025,7.46,83,17,4.16,100,0,10000,1025,7.46,83,17,4.16,100,0,10000,1025,7.46,83,17,4.16,100,0,10000,1025,7.46,83,17,4.16,100,0,10000,1025,7.46,83,17,4.16,100,0,10000,1025,7.46,83,17,4.16,100,0,10000,1025,7.46,83,17,4.16,100,0,10000,1025,7.46,83,17,4.16,100,0,10000,1025,7.46,83,17,4.16,100,0,10000,1025,7.46,83,17,4.16,100,0,10000
1028,9.84,61,10,4.63,75,0,10000,23,0,3,8,1025,6.89,78,17,3.13,96,0,10000,1025,6.89,78,17,3.13,96,0,10000,1025,6.89,78,17,3.13,96,0,10000,1025,6.89,78,17,3.13,96,0,10000,1025,6.89,78,17,3.13,96,0,10000,1025,6.89,78,17,3.13,96,0,10000,1025,6.89,78,17,3.13,96,0,10000,1025,6.89,78,17,3.13,96,0,10000,1025,6.89,78,17,3.13,96,0,10000,1025,6.89,78,17,3.13,96,0,10000,1025,6.89,78,17,3.13,96,0,10000,1025,6.89,78,17,3.13,96,0,10000
1028,9.84,61,10,4.63,75,0,10000,2,0,4,8,1024,7.69,82,14,3.51,100,0,10000,1024,7.69,82,14,3.51,100,0,10000,1024,7.69,82,14,3.51,100,0,10000,1024,7.69,82,14,3.51,100,0,10000,1024,7.69,82,14,3.51,100,0,10000,1024,7.69,82,14,3.51,100,0,10000,1024,7.69,82,14,3.51,100,0,10000,1024,7.69,82,14,3.51,100,0,10000,1024,7.69,82,14,3.51,100,0,10000,1024,7.69,82,14,3.51,100,0,10000,1024,7.69,82,14,3.51,100,0,10000,1024,7.69,82,14,3.51,100,0,10000
1028,9.84,61,10,4.63,75,0,10000,5,0,4,8,1023,7.65,86,29,2.55,100,0,10000,1023,7.65,86,29,2.55,100,0,10000,1023,7.65,86,29,2.55,100,0,10000,1023,7.65,86,29,2.55,100,0,10000,1023,7.65,86,29,2.55,100,0,10000,1023,7.65,86,29,2.55,100,0,10000,1023,7.65,86,29,2.55,100,0,10000,1023,7.65,86,29,2.55,100,0,10000,1023,7.65,86,29,2.55,100,0,10000,1023,7.65,86,29,2.55,100,0,10000,1023,7.65,86,29,2.55,100,0,10000,1023,7.65,86,29,2.55,100,0,10000
1028,9.84,61,10,4.63,75,0,10000,8,0,4,8,1024,7.8,85,18,2.31,100,0,10000,1024,7.8,85,18,2.31,100,0,10000,1024,7.8,85,18,2.31,100,0,10000,1024,7.8,85,18,2.31,100,0,10000,1024,7.8,85,18,2.31,100,0,10000,1024,7.8,85,18,2.31,100,0,10000,1024,7.8,85,18,2.31,100,0,10000,1024,7.8,85,18,2.31,100,0,10000,1024,7.8,85,18,2.31,100,0,10000,1024,7.8,85,18,2.31,100,0,10000,1024,7.8,85,18,2.31,100,0,10000,1024,7.8,85,18,2.31,100,0,10000
1028,9.84,61,10,4.63,75,0,10000,11,0,4,8,1023,8.75,76,359,5.91,100,0,10000,1023,8.75,76,359,5.91,100,0,10000,1023,8.75,76,359,5.91,100,0,10000,1023,8.75,76,359,5.91,100,0,10000,1023,8.75,76,359,5.91,100,0,10000,1023,8.75,76,359,5.91,100,0,10000,1023,8.75,76,359,5.91,100,0,10000,1023,8.75,76,359,5.91,100,0,10000,1023,8.75,76,359,5.91,100,0,10000,1023,8.75,76,359,5.91,100,0,10000,1023,8.75,76,359,5.91,100,0,10000,1023,8.75,76,359,5.91,100,0,10000
1028,9.84,61,10,4.63,75,0,10000,14,0,4,8,1028,9.56,62,352,4.95,81,0,10000,1028,9.56,62,352,4.95,81,0,10000,1028,9.56,62,352,4.95,81,0,10000,1028,9.56,62,352,4.95,81,0,10000,1028,9.56,62,352,4.95,81,0,10000,1028,9.56,62,352,4.95,81,0,10000,1028,9.56,62,352,4.95,81,0,10000,1028,9.56,62,352,4.95,81,0,10000,1028,9.56,62,352,4.95,81,0,10000,1028,9.56,62,352,4.95,81,0,10000,1028,9.56,62,352,4.95,81,0,10000,1028,9.56,62,352,4.95,81,0,10000
1028,9.84,61,10,4.63,75,0,10000,17,0,4,8,1027,8.41,77,347,4.36,90,0,10000,1027,8.41,77,347,4.36,90,0,10000,1027,8.41,77,347,4.36,90,0,10000,1027,8.41,77,347,4.36,90,0,10000,1027,8.41,77,347,4.36,90,0,10000,1027,8.41,77,347,4.36,90,0,10000,1027,8.41,77,347,4.36,90,0,10000,1027,8.41,77,347,4.36,90,0,10000,1027,8.41,77,347,4.36,90,0,10000,1027,8.41,77,347,4.36,90,0,10000,1027,8.41,77,347,4.36,90,0,10000,1027,8.41,77,347,4.36,90,0,10000
1028,9.84,61,10,4.63,75,0,10000,20,0,4,8,1025,7.46,83,17,4.16,100,0,10000,1025,7.46,83,17,4.16,100,0,10000,1025,7.46,83,17,4.16,100,0,10000,1025,7.46,83,17,4.16,100,0,10000,1025,7.46,83,17,4.16,100,0,10000,1025,7.46,83,17,4.16,100,0,10000,1025,7.46,83,17,4.16,100,0,10000,1025,7.46,83,17,4.16,100,0,10000,1025,7.46,83,17,4.16,100,0,10000,1025,7.46,83,17,4.16,100,0,10000,1025,7.46,83,17,4.16,100,0,10000,1025,7.46,83,17,4.16,100,0,10000
1028,9.84,61,10,4.63,75,0,10000,23,0,4,8,1025,6.89,78,17,3.13,96,0,10000,1025,6.89,78,17,3.13,96,0,10000,1025,6.89,78,17,3.13,96,0,10000,1025,6.89,78,17,3.13,96,0,10000,1025,6.89,78,17,3.13,96,0,10000,1025,6.89,78,17,3.13,96,0,10000,1025,6.89,78,17,3.13,96,0,10000,1025,6.89,78,17,3.13,96,0,10000,1025,6.89,78,17,3.13,96,0,10000,1025,6.89,78,17,3.13,96,0,10000,1025,6.89,78,17,3.13,96,0,10000,1025,6.89,78,17,3.13,96,0,10000
1028,9.84,61,10,4.63,75,0,10000,2,0,5,8,1024,7.69,82,14,3.51,100,0,10000,1024,7.69,82,14,3.51,100,0,10000,1024,7.69,82,14,3.51,100,0,10000,1024,7.69,82,14,3.51,100,0,10000,1024,7.69,82,14,3.51,100,0,10000,1024,7.69,82,14,3.51,100,0,10000,1024,7.69,82,14,3.51,100,0,10000,1024,7.69,82,14,3.51,100,0,10000,1024,7.69,82,14,3.51,100,0,10000,1024,7.69,82,14,3.51,100,0,10000,1024,7.69,82,14,3.51,100,0,10000,1024,7.69,82,14,3.51,100,0,10000
1028,9.84,61,10,4.63,75,0,10000,5,0,5,8,1023,7.65,86,29,2.55,100,0,10000,1023,7.65,86,29,2.55,100,0,10000,1023,7.65,86,29,2.55,100,0,10000,1023,7.65,86,29,2.55,100,0,10000,1023,7.65,86,29,2.55,100,0,10000,1023,7.65,86,29,2.55,100,0,10000,1023,7.65,86,29,2.55,100,0,10000,1023,7.65,86,29,2.55,100,0,10000,1023,7.65,86,29,2.55,100,0,10000,1023,7.65,86,29,2.55,100,0,10000,1023,7.65,86,29,2.55,100,0,10000,1023,7.65,86,29,2.55,100,0,10000
1028,9.84,61,10,4.63,75,0,10000,8,0,5,8,1024,7.8,85,18,2.31,100,0,10000,1024,7.8,85,18,2.31,100,0,10000,1024,7.8,85,18,2.31,100,0,10000,1024,7.8,85,18,2.31,100,0,10000,1024,7.8,85,18,2.31,100,0,10000,1024,7.8,85,18,2.31,100,0,10000,1024,7.8,85,18,2.31,100,0,10000,1024,7.8,85,18,2.31,100,0,10000,1024,7.8,85,18,2.31,100,0,10000,1024,7.8,85,18,2.31,100,0,10000,1024,7.8,85,18,2.31,100,0,10000,1024,7.8,85,18,2.31,100,0,10000
1028,9.84,61,10,4.63,75,0,10000,11,0,5,8,1023,8.75,76,359,5.91,100,0,10000,1023,8.75,76,359,5.91,100,0,10000,1023,8.75,76,359,5.91,100,0,10000,1023,8.75,76,359,5.91,100,0,10000,1023,8.75,76,359,5.91,100,0,10000,1023,8.75,76,359,5.91,100,0,10000,1023,8.75,76,359,5.91,100,0,10000,1023,8.75,76,359,5.91,100,0,10000,1023,8.75,76,359,5.91,100,0,10000,1023,8.75,76,359,5.91,100,0,10000,1023,8.75,76,359,5.91,100,0,10000,1023,8.75,76,359,5.91,100,0,10000
1028,9.84,61,10,4.63,75,0,10000,14,0,5,8,1028,9.56,62,352,4.95,81,0,10000,1028,9.56,62,352,4.95,81,0,10000,1028,9.56,62,352,4.95,81,0,10000,1028,9.56,62,352,4.95,81,0,10000,1028,9.56,62,352,4.95,81,0,10000,1028,9.56,62,352,4.95,81,0,10000,1028,9.56,62,352,4.95,81,0,10000,1028,9.56,62,352,4.95,81,0,10000,1028,9.56,62,352,4.95,81,0,10000,1028,9.56,62,352,4.95,81,0,10000,1028,9.56,62,352,4.95,81,0,10000,1028,9.56,62,352,4.95,81,0,10000
1028,9.84,61,10,4.63,75,0,10000,17,0,5,8,1027,8.41,77,347,4.36,90,0,10000,1027,8.41,77,347,4.36,90,0,10000,1027,8.41,77,347,4.36,90,0,10000,1027,8.41,77,347,4.36,90,0,10000,1027,8.41,77,347,4.36,90,0,10000,1027,8.41,77,347,4.36,90,0,10000,1027,8.41,77,347,4.36,90,0,10000,1027,8.41,77,347,4.36,90,0,10000,1027,8.41,77,347,4.36,90,0,10000,1027,8.41,77,347,4.36,90,0,10000,1027,8.41,77,347,4.36,90,0,10000,1027,8.41,77,347,4.36,90,0,10000
1028,9.84,61,10,4.63,75,0,10000,20,0,5,8,1025,7.46,83,17,4.16,100,0,10000,1025,7.46,83,17,4.16,100,0,10000,1025,7.46,83,17,4.16,100,0,10000,1025,7.46,83,17,4.16,100,0,10000,1025,7.46,83,17,4.16,100,0,10000,1025,7.46,83,17,4.16,100,0,10000,1025,7.46,83,17,4.16,100,0,10000,1025,7.46,83,17,4.16,100,0,10000,1025,7.46,83,17,4.16,100,0,10000,1025,7.46,83,17,4.16,100,0,10000,1025,7.46,83,17,4.16,100,0,10000,1025,7.46,83,17,4.16,100,0,10000
1028,9.84,61,10,4.63,75,0,10000,23,0,5,8,1025,6.89,78,17,3.13,96,0,10000,1025,6.89,78,17,3.13,96,0,10000,1025,6.89,78,17,3.13,96,0,10000,1025,6.89,78,17,3.13,96,0,10000,1025,6.89,78,17,3.13,96,0,10000,1025,6.89,78,17,3.13,96,0,10000,1025,6.89,78,17,3.13,96,0,10000,1025,6.89,78,17,3.13,96,0,10000,1025,6.89,78,17,3.13,96,0,10000,1025,6.89,78,17,3.13,96,0,10000,1025,6.89,78,17,3.13,96,0,10000,1025,6.89,78,17,3.13,96,0,10000
1028,9.84,61,10,4.63,75,0,10000,2,0,6,8,1024,7.69,82,14,3.51,100,0,10000,1024,7.69,82,14,3.51,100,0,10000,1024,7.69,82,14,3.51,100,0,10000,1024,7.69,82,14,3.51,100,0,10000,1024,7.69,82,14,3.51,100,0,10000,1024,7.69,82,14,3.51,100,0,10000,1024,7.69,82,14,3.51,100,0,10000,1024,7.69,82,14,3.51,100,0,10000,1024,7.69,82,14,3.51,100,0,10000,1024,7.69,82,14,3.51,100,0,10000,1024,7.69,82,14,3.51,100,0,10000,1024,7.69,82,14,3.51,100,0,10000
1028,9.84,61,10,4.63,75,0,10000,5,0,6,8,1023,7.65,86,29,2.55,100,0,10000,1023,7.65,86,29,2.55,100,0,10000,1023,7.65,86,29,2.55,100,0,10000,1023,7.65,86,29,2.55,100,0,10000,1023,7.65,86,29,2.55,100,0,10000,1023,7.65,86,29,2.55,100,0,10000,1023,7.65,86,29,2.55,100,0,10000,1023,7.65,86,29,2.55,100,0,10000,1023,7.65,86,29,2.55,100,0,10000,1023,7.65,86,29,2.55,100,0,10000,1023,7.65,86,29,2.55,100,0,10000,1023,7.65,86,29,2.55,100,0,10000
1028,9.84,61,10,4.63,75,0,10000,8,0,6,8,1024,7.8,85,18,2.31,100,0,10000,1024,7.8,85,18,2.31,100,0,10000,1024,7.8,85,18,2.31,100,0,10000,1024,7.8,85,18,2.31,100,0,10000,1024,7.8,85,18,2.31,100,0,10000,1024,7.8,85,18,2.31,100,0,10000,1024,7.8,85,18,2.31,100,0,10000,1024,7.8,85,18,2.31,100,0,10000,1024,7.8,85,18,2.31,100,0,10000,1024,7.8,85,18,2.31,100,0,10000,1024,7.8,85,18,2.31,100,0,10000,1024,7.8,85,18,2.31,100,0,10000
1028,9.84,61,10,4.63,75,0,10000,11,0,6,8,1023,8.75,76,359,5.91,100,0,10000,1023,8.75,76,359,5.91,100,0,10000,1023,8.75,76,359,5.91,100,0,10000,1023,8.75,76,359,5.91,100,0,10000,1023,8.75,76,359,5.91,100,0,10000,1023,8.75,76,359,5.91,100,0,10000,1023,8.75,76,359,5.91,100,0,10000,1023,8.75,76,359,5.91,100,0,10000,1023,8.75,76,359,5.91,100,0,10000,1023,8.75,76,359,5.91,100,0,10000,1023,8.75,76,359,5.91,100,0,10000,1023,8.75,76,359,5.91,100,0,10000
1028,9.84,61,10,4.63,75,0,10000,14,0,6,8,1028,9.56,62,352,4.95,81,0,10000,1028,9.56,62,352,4.95,81,0,10000,1028,9.56,62,352,4.95,81,0,10000,1028,9.56,62,352,4.95,81,0,10000,1028,9.56,62,352,4.95,81,0,10000,1028,9.56,62,352,4.95,81,0,10000,1028,9.56,62,352,4.95,81,0,10000,1028,9.56,62,352,4.95,81,0,10000,1028,9.56,62,352,4.95,81,0,10000,1028,9.56,62,352,4.95,81,0,10000,1028,9.56,62,352,4.95,81,0,10000,1028,9.56,62,352,4.95,81,0,10000
1028,9.84,61,10,4.63,75,0,10000,17,0,6,8,1027,8.41,77,347,4.36,90,0,10000,1027,8.41,77,347,4.36,90,0,10000,1027,8.41,77,347,4.36,90,0,10000,1027,8.41,77,347,4.36,90,0,10000,1027,8.41,77,347,4.36,90,0,10000,1027,8.41,77,347,4.36,90,0,10000,1027,8.41,77,347,4.36,90,0,10000,1027,8.41,77,347,4.36,90,0,10000,1027,8.41,77,347,4.36,90,0,10000,1027,8.41,77,347,4.36,90,0,10000,1027,8.41,77,347,4.36,90,0,10000,1027,8.41,77,347,4.36,90,0,10000
1028,9.84,61,10,4.63,75,0,10000,20,0,6,8,1025,7.46,83,17,4.16,100,0,10000,1025,7.46,83,17,4.16,100,0,10000,1025,7.46,83,17,4.16,100,0,10000,1025,7.46,83,17,4.16,100,0,10000,1025,7.46,83,17,4.16,100,0,10000,1025,7.46,83,17,4.16,100,0,10000,1025,7.46,83,17,4.16,100,0,10000,1025,7.46,83,17,4.16,100,0,10000,1025,7.46,83,17,4.16,100,0,10000,1025,7.46,83,17,4.16,100,0,10000,1025,7.46,83,17,4.16,100,0,10000,1025,7.46,83,17,4.16,100,0,10000
1028,9.84,61,10,4.63,75,0,10000,23,0,6,8,1025,6.89,78,17,3.13,96,0,10000,1025,6.89,78,17,3.13,96,0,10000,1025,6.89,78,17,3.13,96,0,10000,1025,6.89,78,17,3.13,96,0,10000,1025,6.89,78,17,3.13,96,0,10000,1025,6.89,78,17,3.13,96,0,10000,1025,6.89,78,17,3.13,96,0,10000,1025,6.89,78,17,3.13,96,0,10000,1025,6.89,78,17,3.13,96,0,10000,1025,6.89,78,17,3.13,96,0,10000,1025,6.89,78,17,3.13,96,0,10000,1025,6.89,78,17,3.13,96,0,10000
1028,9.84,61,10,4.63,75,0,10000,2,0,7,8,1024,7.69,82,14,3.51,100,0,10000,1024,7.69,82,14,3.51,100,0,10000,1024,7.69,82,14,3.51,100,0,10000,1024,7.69,82,14,3.51,100,0,10000,1024,7.69,82,14,3.51,100,0,10000,1024,7.69,82,14,3.51,100,0,10000,1024,7.69,82,14,3.51,100,0,10000,1024,7.69,82,14,3.51,100,0,10000,1024,7.69,82,14,3.51,100,0,10000,1024,7.69,82,14,3.51,100,0,10000,1024,7.69,82,14,3.51,100,0,10000,1024,7.69,82,14,3.51,100,0,10000
1028,9.84,61,10,4.63,75,0,10000,5,0,7,8,1023,7.65,86,29,2.55,100,0,10000,1023,7.65,86,29,2.55,100,0,10000,1023,7.65,86,29,2.55,100,0,10000,1023,7.65,86,29,2.55,100,0,10000,1023,7.65,86,29,2.55,100,0,10000,1023,7.65,86,29,2.55,100,0,10000,1023,7.65,86,29,2.55,100,0,10000,1023,7.65,86,29,2.55,100,0,10000,1023,7.65,86,29,2.55,100,0,10000,1023,7.65,86,29,2.55,100,0,10000,1023,7.65,86,29,2.55,100,0,10000,1023,7.65,86,29,2.55,100,0,10000
1028,9.84,61,10,4.63,75,0,10000,8,0,7,8,1024,7.8,85,18,2.31,100,0,10000,1024,7.8,85,18,2.31,100,0,10000,1024,7.8,85,18,2.31,100,0,10000,1024,7.8,85,18,2.31,100,0,10000,1024,7.8,85,18,2.31,100,0,10000,1024,7.8,85,18,2.31,100,0,10000,1024,7.8,85,18,2.31,100,0,10000,1024,7.8,85,18,2.31,100,0,10000,1024,7.8,85,18,2.31,100,0,10000,1024,7.8,85,18,2.31,100,0,10000,1024,7.8,85,18,2.31,100,0,10000,1024,7.8,85,18,2.31,100,0,10000
1028,9.84,61,10,4.63,75,0,10000,11,0,7,8,1023,8.75,76,359,5.91,100,0,10000,1023,8.75,76,359,5.91,100,0,10000,1023,8.75,76,359,5.91,100,0,10000,1023,8.75,76,359,5.91,100,0,10000,1023,8.75,76,359,5.91,100,0,10000,1023,8.75,76,359,5.91,100,0,10000,1023,8.75,76,359,5.91,100,0,10000,1023,8.75,76,359,5.91,100,0,10000,1023,8.75,76,359,5.91,100,0,10000,1023,8.75,76,359,5.91,100,0,10000,1023,8.75,76,359,5.91,100,0,10000,1023,8.75,76,359,5.91,100,0,10000
1028,9.84,61,10,4.63,75,0,10000,14,0,7,8,1028,9.56,62,352,4.95,81,0,10000,1028,9.56,62,352,4.95,81,0,10000,1028,9.56,62,352,4.95,81,0,10000,1028,9.56,62,352,4.95,81,0,10000,1028,9.56,62,352,4.95,81,0,10000,1028,9.56,62,352,4.95,81,0,10000,1028,9.56,62,352,4.95,81,0,10000,1028,9.56,62,352,4.95,81,0,10000,1028,9.56,62,352,4.95,81,0,10000,1028,9.56,62,352,4.95,81,0,10000,1028,9.56,62,352,4.95,81,0,10000,1028,9.56,62,352,4.95,81,0,10000
1028,9.84,61,10,4.63,75,0,10000,17,0,7,8,1027,8.41,77,347,4.36,90,0,10000,1027,8.41,77,347,4.36,90,0,10000,1027,8.41,77,347,4.36,90,0,10000,1027,8.41,77,347,4.36,90,0,10000,1027,8.41,77,347,4.36,90,0,10000,1027,8.41,77,347,4.36,90,0,10000,1027,8.41,77,347,4.36,90,0,10000,1027,8.41,77,347,4.36,90,0,10000,1027,8.41,77,347,4.36,90,0,10000,1027,8.41,77,347,4.36,90,0,10000,1027,8.41,77,347,4.36,90,0,10000,1027,8.41,77,347,4.36,90,0,10000
1028,9.84,61,10,4.63,75,0,10000,20,0,7,8,1025,7.46,83,17,4.16,100,0,10000,1025,7.46,83,17,4.16,100,0,10000,1025,7.46,83,17,4.16,100,0,10000,1025,7.46,83,17,4.16,100,0,10000,1025,7.46,83,17,4.16,100,0,10000,1025,7.46,83,17,4.16,100,0,10000,1025,7.46,83,17,4.16,100,0,10000,1025,7.46,83,17,4.16,100,0,10000,1025,7.46,83,17,4.16,100,0,10000,1025,7.46,83,17,4.16,100,0,10000,1025,7.46,83,17,4.16,100,0,10000,1025,7.46,83,17,4.16,100,0,10000
1028,9.84,61,10,4.63,75,0,10000,23,0,7,8,1025,6.89,78,17,3.13,96,0,10000,1025,6.89,78,17,3.13,96,0,10000,1025,6.89,78,17,3.13,96,0,10000,1025,6.89,78,17,3.13,96,0,10000,1025,6.89,78,17,3.13,96,0,10000,1025,6.89,78,17,3.13,96,0,10000,1025,6.89,78,17,3.13,96,0,10000,1025,6.89,78,17,3.13,96,0,10000,1025,6.89,78,17,3.13,96,0,10000,1025,6.89,78,17,3.13,96,0,10000,1025,6.89,78,17,3.13,96,0,10000,1025,6.89,78,17,3.13,96,0,10000
1028,9.84,61,10,4.63,75,0,10000,2,0,8,8,1024,7.69,82,14,3.51,100,0,10000,1024,7.69,82,14,3.51,100,0,10000,1024,7.69,82,14,3.51,100,0,10000,1024,7.69,82,14,3.51,100,0,10000,1024,7.69,82,14,3.51,100,0,10000,1024,7.69,82,14,3.51,100,0,10000,1024,7.69,82,14,3.51,100,0,10000,1024,7.69,82,14,3.51,100,0,10000,1024,7.69,82,14,3.51,100,0,10000,1024,7.69,82,14,3.51,100,0,10000,1024,7.69,82,14,3.51,100,0,10000,1024,7.69,82,14,3.51,100,0,10000
1028,9.84,61,10,4.63,75,0,10000,5,0,8,8,1023,7.65,86,29,2.55,100,0,10000,1023,7.65,86,29,2.55,100,0,10000,1023,7.65,86,29,2.55,100,0,10000,1023,7.65,86,29,2.55,100,0,10000,1023,7.65,86,29,2.55,100,0,10000,1023,7.65,86,29,2.55,100,0,10000,1023,7.65,86,29,2.55,100,0,10000,1023,7.65,86,29,2.55,100,0,10000,1023,7.65,86,29,2.55,100,0,10000,1023,7.65,86,29,2.55,100,0,10000,1023,7.65,86,29,2.55,100,0,10000,1023,7.65,86,29,2.55,100,0,10000
1028,9.84,61,10,4.63,75,0,10000,8,0,8,8,1024,7.8,85,18,2.31,100,0,10000,1024,7.8,85,18,2.31,100,0,10000,1024,7.8,85,18,2.31,100,0,10000,1024,7.8,85,18,2.31,100,0,10000,1024,7.8,85,18,2.31,100,0,10000,1024,7.8,85,18,2.31,100,0,10000,1024,7.8,85,18,2.31,100,0,10000,1024,7.8,85,18,2.31,100,0,10000,1024,7.8,85,18,2.31,100,0,10000,1024,7.8,85,18,2.31,100,0,10000,1024,7.8,85,18,2.31,100,0,10000,1024,7.8,85,18,2.31,100,0,10000
1028,9.84,61,10,4.63,75,0,10000,11,0,8,8,1023,8.75,76,359,5.91,100,0,10000,1023,8.75,76,359,5.91,100,0,10000,1023,8.75,76,359,5.91,100,0,10000,1023,8.75,76,359,5.91,100,0,10000,1023,8.75,76,359,5.91,100,0,10000,1023,8.75,76,359,5.91,100,0,10000,1023,8.75,76,359,5.91,100,0,10000,1023,8.75,76,359,5.91,100,0,10000,1023,8.75,76,359,5.91,100,0,10000,1023,8.75,76,359,5.91,100,0,10000,1023,8.75,76,359,5.91,100,0,10000,1023,8.75,76,359,5.91,100,0,10000
1028,9.84,61,10,4.63,75,0,10000,14,0,8,8,1028,9.56,62,352,4.95,81,0,10000,1028,9.56,62,352,4.95,81,0,10000,1028,9.56,62,352,4.95,81,0,10000,1028,9.56,62,352,4.95,81,0,10000,1028,9.56,62,352,4.95,81,0,10000,1028,9.56,62,352,4.95,81,0,10000,1028,9.56,62,352,4.95,81,0,10000,1028,9.56,62,352,4.95,81,0,10000,1028,9.56,62,352,4.95,81,0,10000,1028,9.56,62,352,4.95,81,0,10000,1028,9.56,62,352,4.95,81,0,10000,1028,9.56,62,352,4.95,81,0,10000
1028,9.84,61,10,4.63,75,0,10000,17,0,8,8,1027,8.41,77,347,4.36,90,0,10000,1027,8.41,77,347,4.36,90,0,10000,1027,8.41,77,347,4.36,90,0,10000,1027,8.41,77,347,4.36,90,0,10000,1027,8.41,77,347,4.36,90,0,10000,1027,8.41,77,347,4.36,90,0,10000,1027,8.41,77,347,4.36,90,0,10000,1027,8.41,77,347,4.36,90,0,10000,1027,8.41,77,347,4.36,90,0,10000,1027,8.41,77,347,4.36,90,0,10000,1027,8.41,77,347,4.36,90,0,10000,1027,8.41,77,347,4.36,90,0,10000
1028,9.84,61,10,4.63,75,0,10000,20,0,8,8,1025,7.46,83,17,4.16,100,0,10000,1025,7.46,83,17,4.16,100,0,10000,1025,7.46,83,17,4.16,100,0,10000,1025,7.46,83,17,4.16,100,0,10000,1025,7.46,83,17,4.16,100,0,10000,1025,7.46,83,17,4.16,100,0,10000,1025,7.46,83,17,4.16,100,0,10000,1025,7.46,83,17,4.16,100,0,10000,1025,7.46,83,17,4.16,100,0,10000,1025,7.46,83,17,4.16,100,0,10000,1025,7.46,83,17,4.16,100,0,10000,1025,7.46,83,17,4.16,100,0,10000
1028,9.84,61,10,4.63,75,0,10000,23,0,8,8,1025,6.89,78,17,3.13,96,0,10000,1025,6.89,78,17,3.13,96,0,10000,1025,6.89,78,17,3.13,96,0,10000,1025,6.89,78,17,3.13,96,0,10000,1025,6.89,78,17,3.13,96,0,10000,1025,6.89,78,17,3.13,96,0,10000,1025,6.89,78,17,3.13,96,0,10000,1025,6.89,78,17,3.13,96,0,10000,1025,6.89,78,17,3.13,96,0,10000,1025,6.89,78,17,3.13,96,0,10000,1025,6.89,78,17,3.13,96,0,10000,1025,6.89,78,17,3.13,96,0,10000
1028,9.84,61,10,4.63,75,0,10000,2,0,9,8,1024,7.69,82,14,3.51,100,0,10000,1024,7.69,82,14,3.51,100,0,10000,1024,7.69,82,14,3.51,100,0,10000,1024,7.69,82,14,3.51,100,0,10000,1024,7.69,82,14,3.51,100,0,10000,1024,7.69,82,14,3.51,100,0,10000,1024,7.69,82,14,3.51,100,0,10000,1024,7.69,82,14,3.51,100,0,10000,1024,7.69,82,14,3.51,100,0,10000,1024,7.69,82,14,3.51,100,0,10000,1024,7.69,82,14,3.51,100,0,10000,1024,7.69,82,14,3.51,100,0,10000
1028,9.84,61,10,4.63,75,0,10000,5,0,9,8,1023,7.65,86,29,2.55,100,0,10000,1023,7.65,86,29,2.55,100,0,10000,1023,7.65,86,29,2.55,100,0,10000,1023,7.65,86,29,2.55,100,0,10000,1023,7.65,86,29,2.55,100,0,10000,1023,7.65,86,29,2.55,100,0,10000,1023,7.65,86,29,2.55,100,0,10000,1023,7.65,86,29,2.55,100,0,10000,1023,7.65,86,29,2.55,100,0,10000,1023,7.65,86,29,2.55,100,0,10000,1023,7.65,86,29,2.55,100,0,10000,1023,7.65,86,29,2.55,100,0,10000
1028,9.84,61,10,4.63,75,0,10000,8,0,9,8,1024,7.8,85,18,2.31,100,0,10000,1024,7.8,85,18,2.31,100,0,10000,1024,7.8,85,18,2.31,100,0,10000,1024,7.8,85,18,2.31,100,0,10000,1024,7.8,85,18,2.31,100,0,10000,1024,7.8,85,18,2.31,100,0,10000,1024,7.8,85,18,2.31,100,0,10000,1024,7.8,85,18,2.31,100,0,10000,1024,7.8,85,18,2.31,100,0,10000,1024,7.8,85,18,2.31,100,0,10000,1024,7.8,85,18,2.31,100,0,10000,1024,7.8,85,18,2.31,100,0,10000
1028,9.84,61,10,4.63,75,0,10000,11,0,9,8,1023,8.75,76,359,5.91,100,0,10000,1023,8.75,76,359,5.91,100,0,10000,1023,8.75,76,359,5.91,100,0,10000,1023,8.75,76,359,5.91,100,0,10000,1023,8.75,76,359,5.91,100,0,10000,1023,8.75,76,359,5.91,100,0,10000,1023,8.75,76,359,5.91,100,0,10000,1023,8.75,76,359,5.91,100,0,10000,1023,8.75,76,359,5.91,100,0,10000,1023,8.75,76,359,5.91,100,0,10000,1023,8.75,76,359,5.91,100,0,10000,1023,8.75,76,359,5.91,100,0,10000
1028,9.84,61,10,4.63,75,0,10000,14,0,9,8,1028,9.56,62,352,4.95,81,0,10000,1028,9.56,62,352,4.95,81,0,10000,1028,9.56,62,352,4.95,81,0,10000,1028,9.56,62,352,4.95,81,0,10000,1028,9.56,62,352,4.95,81,0,10000,1028,9.56,62,352,4.95,81,0,10000,1028,9.56,62,352,4.95,81,0,10000,1028,9.56,62,352,4.95,81,0,10000,1028,9.56,62,352,4.95,81,0,10000,1028,9.56,62,352,4.95,81,0,10000,1028,9.56,62,352,4.95,81,0,10000,1028,9.56,62,352,4.95,81,0,10000
1028,9.84,61,10,4.63,75,0,10000,17,0,9,8,1027,8.41,77,347,4.36,90,0,10000,1027,8.41,77,347,4.36,90,0,10000,1027,8.41,77,347,4.36,90,0,10000,1027,8.41,77,347,4.36,90,0,10000,1027,8.41,77,347,4.36,90,0,10000,1027,8.41,77,347,4.36,90,0,10000,1027,8.41,77,347,4.36,90,0,10000,1027,8.41,77,347,4.36,90,0,10000,1027,8.41,77,347,4.36,90,0,10000,1027,8.41,77,347,4.36,90,0,10000,1027,8.41,77,347,4.36,90,0,10000,1027,8.41,77,347,4.36,90,0,10000
1028,9.84,61,10,4.63,75,0,10000,20,0,9,8,1025,7.46,83,17,4.16,100,0,10000,1025,7.46,83,17,4.16,100,0,10000,1025,7.46,83,17,4.16,100,0,10000,1025,7.46,83,17,4.16,100,0,10000,1025,7.46,83,17,4.16,100,0,10000,1025,7.46,83,17,4.16,100,0,10000,1025,7.46,83,17,4.16,100,0,10000,1025,7.46,83,17,4.16,100,0,10000,1025,7.46,83,17,4.16,100,0,10000,1025,7.46,83,17,4.16,100,0,10000,1025,7.46,83,17,4.16,100,0,10000,1025,7.46,83,17,4.16,100,0,10000
1028,9.84,61,10,4.63,75,0,10000,23,0,9,8,1025,6.89,78,17,3.13,96,0,10000,1025,6.89,78,17,3.13,96,0,10000,1025,6.89,78,17,3.13,96,0,10000,1025,6.89,78,17,3.13,96,0,10000,1025,6.89,78,17,3.13,96,0,10000,1025,6.89,78,17,3.13,96,0,10000,1025,6.89,78,17,3.13,96,0,10000,1025,6.89,78,17,3.13,96,0,10000,1025,6.89,78,17,3.13,96,0,10000,1025,6.89,78,17,3.13,96,0,10000,1025,6.89,78,17,3.13,96,0,10000,1025,6.89,78,17,3.13,96,0,10000
1028,9.84,61,10,4.63,75,0,10000,2,0,10,8,1024,7.69,82,14,3.51,100,0,10000,1024,7.69,82,14,3.51,100,0,10000,1024,7.69,82,14,3.51,100,0,10000,1024,7.69,82,14,3.51,100,0,10000,1024,7.69,82,14,3.51,100,0,10000,1024,7.69,82,14,3.51,100,0,10000,1024,7.69,82,14,3.51,100,0,10000,1024,7.69,82,14,3.51,100,0,10000,1024,7.69,82,14,3.51,100,0,10000,1024,7.69,82,14,3.51,100,0,10000,1024,7.69,82,14,3.51,100,0,10000,1024,7.69,82,14,3.51,100,0,10000
1028,9.84,61,10,4.63,75,0,10000,5,0,10,8,1023,7.65,86,29,2.55,100,0,10000,1023,7.65,86,29,2.55,100,0,10000,1023,7.65,86,29,2.55,100,0,10000,1023,7.65,86,29,2.55,100,0,10000,1023,7.65,86,29,2.55,100,0,10000,1023,7.65,86,29,2.55,100,0,10000,1023,7.65,86,29,2.55,100,0,10000,1023,7.65,86,29,2.55,100,0,10000,1023,7.65,86,29,2.55,100,0,10000,1023,7.65,86,29,2.55,100,0,10000,1023,7.65,86,29,2.55,100,0,10000,1023,7.65,86,29,2.55,100,0,10000
1028,9.84,61,10,4.63,75,0,10000,8,0,10,8,1024,7.8,85,18,2.31,100,0,10000,1024,7.8,85,18,2.31,100,0,10000,1024,7.8,85,18,2.31,100,0,10000,1024,7.8,85,18,2.31,100,0,10000,1024,7.8,85,18,2.31,100,0,10000,1024,7.8,85,18,2.31,100,0,10000,1024,7.8,85,18,2.31,100,0,10000,1024,7.8,85,18,2.31,100,0,10000,1024,7.8,85,18,2.31,100,0,10000,1024,7.8,85,18,2.31,100,0,10000,1024,7.8,85,18,2.31,100,0,10000,1024,7.8,85,18,2.31,100,0,10000
1028,9.84,61,10,4.63,75,0,10000,11,0,10,8,1023,8.75,76,359,5.91,100,0,10000,1023,8.75,76,359,5.91,100,0,10000,1023,8.75,76,359,5.91,100,0,10000,1023,8.75,76,359,5.91,100,0,10000,1023,8.75,76,359,5.91,100,0,10000,1023,8.75,76,359,5.91,100,0,10000,1023,8.75,76,359,5.91,100,0,10000,1023,8.75,76,359,5.91,100,0,10000,1023,8.75,76,359,5.91,100,0,10000,1023,8.75,76,359,5.91,100,0,10000,1023,8.75,76,359,5.91,100,0,10000,1023,8.75,76,359,5.91,100,0,10000
1028,9.84,61,10,4.63,75,0,10000,14,0,10,8,1028,9.56,62,352,4.95,81,0,10000,1028,9.56,62,352,4.95,81,0,10000,1028,9.56,62,352,4.95,81,0,10000,1028,9.56,62,352,4.95,81,0,10000,1028,9.56,62,352,4.95,81,0,10000,1028,9.56,62,352,4.95,81,0,10000,1028,9.56,62,352,4.95,81,0,10000,1028,9.56,62,352,4.95,81,0,10000,1028,9.56,62,352,4.95,81,0,10000,1028,9.56,62,352,4.95,81,0,10000,1028,9.56,62,352,4.95,81,0,10000,1028,9.56,62,352,4.95,81,0,10000
1028,9.84,61,10,4.63,75,0,10000,17,0,10,8,1027,8.41,77,347,4.36,90,0,10000,1027,8.41,77,347,4.36,90,0,10000,1027,8.41,77,347,4.36,90,0,10000,1027,8.41,77,347,4.36,90,0,10000,1027,8.41,77,347,4.36,90,0,10000,1027,8.41,77,347,4.36,90,0,10000,1027,8.41,77,347,4.36,90,0,10000,1027,8.41,77,347,4.36,90,0,10000,1027,8.41,77,347,4.36,90,0,10000,1027,8.41,77,347,4.36,90,0,10000,1027,8.41,77,347,4.36,90,0,10000,1027,8.41,77,347,4.36,90,0,10000
1028,9.84,61,10,4.63,75,0,10000,20,0,10,8,1025,7.46,83,17,4.16,100,0,10000,1025,7.46,83,17,4.16,100,0,10000,1025,7.46,83,17,4.16,100,0,10000,1025,7.46,83,17,4.16,100,0,10000,1025,7.46,83,17,4.16,100,0,10000,1025,7.46,83,17,4.16,100,0,10000,1025,7.46,83,17,4.16,100,0,10000,1025,7.46,83,17,4.16,100,0,10000,1025,7.46,83,17,4.16,100,0,10000,1025,7.46,83,17,4.16,100,0,10000,1025,7.46,83,17,4.16,100,0,10000,1025,7.46,83,17,4.16,100,0,10000
1028,9.84,61,10,4.63,75,0,10000,23,0,10,8,1025,6.89,78,17,3.13,96,0,10000,1025,6.89,78,17,3.13,96,0,10000,1025,6.89,78,17,3.13,96,0,10000,1025,6.89,78,17,3.13,96,0,10000,1025,6.89,78,17,3.13,96,0,10000,1025,6.89,78,17,3.13,96,0,10000,1025,6.89,78,17,3.13,96,0,10000,1025,6.89,78,17,3.13,96,0,10000,1025,6.89,78,17,3.13,96,0,10000,1025,6.89,78,17,3.13,96,0,10000,1025,6.89,78,17,3.13,96,0,10000,1025,6.89,78,17,3.13,96,0,10000
1028,9.84,61,10,4.63,75,0,10000,2,0,11,8,1024,7.69,82,14,3.51,100,0,10000,1024,7.69,82,14,3.51,100,0,10000,1024,7.69,82,14,3.51,100,0,10000,1024,7.69,82,14,3.51,100,0,10000,1024,7.69,82,14,3.51,100,0,10000,1024,7.69,82,14,3.51,100,0,10000,1024,7.69,82,14,3.51,100,0,10000,1024,7.69,82,14,3.51,100,0,10000,1024,7.69,82,14,3.51,100,0,10000,1024,7.69,82,14,3.51,100,0,10000,1024,7.69,82,14,3.51,100,0,10000,1024,7.69,82,14,3.51,100,0,10000
1028,9.84,61,10,4.63,75,0,10000,5,0,11,8,1023,7.65,86,29,2.55,100,0,10000,1023,7.65,86,29,2.55,100,0,10000,1023,7.65,86,29,2.55,100,0,10000,1023,7.65,86,29,2.55,100,0,10000,1023,7.65,86,29,2.55,100,0,10000,1023,7.65,86,29,2.55,100,0,10000,1023,7.65,86,29,2.55,100,0,10000,1023,7.65,86,29,2.55,100,0,10000,1023,7.65,86,29,2.55,100,0,10000,1023,7.65,86,29,2.55,100,0,10000,1023,7.65,86,29,2.55,100,0,10000,1023,7.65,86,29,2.55,100,0,10000
1028,9.84,61,10,4.63,75,0,10000,8,0,11,8,1024,7.8,85,18,2.31,100,0,10000,1024,7.8,85,18,2.31,100,0,10000,1024,7.8,85,18,2.31,100,0,10000,1024,7.8,85,18,2.31,100,0,10000,1024,7.8,85,18,2.31,100,0,10000,1024,7.8,85,18,2.31,100,0,10000,1024,7.8,85,18,2.31,100,0,10000,1024,7.8,85,18,2.31,100,0,10000,1024,7.8,85,18,2.31,100,0,10000,1024,7.8,85,18,2.31,100,0,10000,1024,7.8,85,18,2.31,100,0,10000,1024,7.8,85,18,2.31,100,0,10000
1028,9.84,61,10,4.63,75,0,10000,11,0,11,8,1023,8.75,76,359,5.91,100,0,10000,1023,8.75,76,359,5.91,100,0,10000,1023,8.75,76,359,5.91,100,0,10000,1023,8.75,76,359,5.91,100,0,10000,1023,8.75,76,359,5.91,100,0,10000,1023,8.75,76,359,5.91,100,0,10000,1023,8.75,76,359,5.91,100,0,10000,1023,8.75,76,359,5.91,100,0,10000,1023,8.75,76,359,5.91,100,0,10000,1023,8.75,76,359,5.91,100,0,10000,1023,8.75,76,359,5.91,100,0,10000,1023,8.75,76,359,5.91,100,0,10000
1028,9.84,61,10,4.63,75,0,10000,14,0,11,8,1028,9.56,62,352,4.95,81,0,10000,1028,9.56,62,352,4.95,81,0,10000,1028,9.56,62,352,4.95,81,0,10000,1028,9.56,62,352,4.95,81,0,10000,1028,9.56,62,352,4.95,81,0,10000,1028,9.56,62,352,4.95,81,0,10000,1028,9.56,62,352,4.95,81,0,10000,1028,9.56,62,352,4.95,81,0,10000,1028,9.56,62,352,4.95,81,0,10000,1028,9.56,62,352,4.95,81,0,10000,1028,9.56,62,352,4.95,81,0,10000,1028,9.56,62,352,4.95,81,0,10000
1028,9.84,61,10,4.63,75,0,10000,17,0,11,8,1027,8.41,77,347,4.36,90,0,10000,1027,8.41,77,347,4.36,90,0,10000,1027,8.41,77,347,4.36,90,0,10000,1027,8.41,77,347,4.36,90,0,10000,1027,8.41,77,347,4.36,90,0,10000,1027,8.41,77,347,4.36,90,0,10000,1027,8.41,77,347,4.36,90,0,10000,1027,8.41,77,347,4.36,90,0,10000,1027,8.41,77,347,4.36,90,0,10000,1027,8.41,77,347,4.36,90,0,10000,1027,8.41,77,347,4.36,90,0,10000,1027,8.41,77,347,4.36,90,0,10000
1028,9.84,61,10,4.63,75,0,10000,20,0,11,8,1025,7.46,83,17,4.16,100,0,10000,1025,7.46,83,17,4.16,100,0,10000,1025,7.46,83,17,4.16,100,0,10000,1025,7.46,83,17,4.16,100,0,10000,1025,7.46,83,17,4.16,100,0,10000,1025,7.46,83,17,4.16,100,0,10000,1025,7.46,83,17,4.16,100,0,10000,1025,7.46,83,17,4.16,100,0,10000,1025,7.46,83,17,4.16,100,0,10000,1025,7.46,83,17,4.16,100,0,10000,1025,7.46,83,17,4.16,100,0,10000,1025,7.46,83,17,4.16,100,0,10000
1028,9.84,61,10,4.63,75,0,10000,23,0,11,8,1025,6.89,78,17,3.13,96,0,10000,1025,6.89,78,17,3.13,96,0,10000,1025,6.89,78,17,3.13,96,0,10000,1025,6.89,78,17,3.13,96,0,10000,1025,6.89,78,17,3.13,96,0,10000,1025,6.89,78,17,3.13,96,0,10000,1025,6.89,78,17,3.13,96,0,10000,1025,6.89,78,17,3.13,96,0,10000,1025,6.89,78,17,3.13,96,0,10000,1025,6.89,78,17,3.13,96,0,10000,1025,6.89,78,17,3.13,96,0,10000,1025,6.89,78,17,3.13,96,0,10000
1028,9.84,61,10,4.63,75,0,10000,2,0,12,8,1024,7.69,82,14,3.51,100,0,10000,1024,7.69,82,14,3.51,100,0,10000,1024,7.69,82,14,3.51,100,0,10000,1024,7.69,82,14,3.51,100,0,10000,1024,7.69,82,14,3.51,100,0,10000,1024,7.69,82,14,3.51,100,0,10000,1024,7.69,82,14,3.51,100,0,10000,1024,7.69,82,14,3.51,100,0,10000,1024,7.69,82,14,3.51,100,0,10000,1024,7.69,82,14,3.51,100,0,10000,1024,7.69,82,14,3.51,100,0,10000,1024,7.69,82,14,3.51,100,0,10000
1028,9.84,61,10,4.63,75,0,10000,5,0,12,8,1023,7.65,86,29,2.55,100,0,10000,1023,7.65,86,29,2.55,100,0,10000,1023,7.65,86,29,2.55,100,0,10000,1023,7.65,86,29,2.55,100,0,10000,1023,7.65,86,29,2.55,100,0,10000,1023,7.65,86,29,2.55,100,0,10000,1023,7.65,86,29,2.55,100,0,10000,1023,7.65,86,29,2.55,100,0,10000,1023,7.65,86,29,2.55,100,0,10000,1023,7.65,86,29,2.55,100,0,10000,1023,7.65,86,29,2.55,100,0,10000,1023,7.65,86,29,2.55,100,0,10000
1028,9.84,61,10,4.63,75,0,10000,8,0,12,8,1024,7.8,85,18,2.31,100,0,10000,1024,7.8,85,18,2.31,100,0,10000,1024,7.8,85,18,2.31,100,0,10000,1024,7.8,85,18,2.31,100,0,10000,1024,7.8,85,18,2.31,100,0,10000,1024,7.8,85,18,2.31,100,0,10000,1024,7.8,85,18,2.31,100,0,10000,1024,7.8,85,18,2.31,100,0,10000,1024,7.8,85,18,2.31,100,0,10000,1024,7.8,85,18,2.31,100,0,10000,1024,7.8,85,18,2.31,100,0,10000,1024,7.8,85,18,2.31,100,0,10000
1028,9.84,61,10,4.63,75,0,10000,11,0,12,8,1023,8.75,76,359,5.91,100,0,10000,1023,8.75,76,359,5.91,100,0,10000,1023,8.75,76,359,5.91,100,0,10000,1023,8.75,76,359,5.91,100,0,10000,1023,8.75,76,359,5.91,100,0,10000,1023,8.75,76,359,5.91,100,0,10000,1023,8.75,76,359,5.91,100,0,10000,1023,8.75,76,359,5.91,100,0,10000,1023,8.75,76,359,5.91,100,0,10000,1023,8.75,76,359,5.91,100,0,10000,1023,8.75,76,359,5.91,100,0,10000,1023,8.75,76,359,5.91,100,0,10000
1028,9.84,61,10,4.63,75,0,10000,14,0,12,8,1028,9.56,62,352,4.95,81,0,10000,1028,9.56,62,352,4.95,81,0,10000,1028,9.56,62,352,4.95,81,0,10000,1028,9.56,62,352,4.95,81,0,10000,1028,9.56,62,352,4.95,81,0,10000,1028,9.56,62,352,4.95,81,0,10000,1028,9.56,62,352,4.95,81,0,10000,1028,9.56,62,352,4.95,81,0,10000,1028,9.56,62,352,4.95,81,0,10000,1028,9.56,62,352,4.95,81,0,10000,1028,9.56,62,352,4.95,81,0,10000,1028,9.56,62,352,4.95,81,0,10000
1028,9.84,61,10,4.63,75,0,10000,17,0,12,8,1027,8.41,77,347,4.36,90,0,10000,1027,8.41,77,347,4.36,90,0,10000,1027,8.41,77,347,4.36,90,0,10000,1027,8.41,77,347,4.36,90,0,10000,1027,8.41,77,347,4.36,90,0,10000,1027,8.41,77,347,4.36,90,0,10000,1027,8.41,77,347,4.36,90,0,10000,1027,8.41,77,347,4.36,90,0,10000,1027,8.41,77,347,4.36,90,0,10000,1027,8.41,77,347,4.36,90,0,10000,1027,8.41,77,347,4.36,90,0,10000,1027,8.41,77,347,4.36,90,0,10000
1028,9.84,61,10,4.63,75,0,10000,20,0,12,8,1025,7.46,83,17,4.16,100,0,10000,1025,7.46,83,17,4.16,100,0,10000,1025,7.46,83,17,4.16,100,0,10000,1025,7.46,83,17,4.16,100,0,10000,1025,7.46,83,17,4.16,100,0,10000,1025,7.46,83,17,4.16,100,0,10000,1025,7.46,83,17,4.16,100,0,10000,1025,7.46,83,17,4.16,100,0,10000,1025,7.46,83,17,4.16,100,0,10000,1025,7.46,83,17,4.16,100,0,10000,1025,7.46,83,17,4.16,100,0,10000,1025,7.46,83,17,4.16,100,0,10000
1028,9.84,61,10,4.63,75,0,10000,23,0,12,8,1025,6.89,78,17,3.13,96,0,10000,1025,6.89,78,17,3.13,96,0,10000,1025,6.89,78,17,3.13,96,0,10000,1025,6.89,78,17,3.13,96,0,10000,1025,6.89,78,17,3.13,96,0,10000,1025,6.89,78,17,3.13,96,0,10000,1025,6.89,78,17,3.13,96,0,10000,1025,6.89,78,17,3.13,96,0,10000,1025,6.89,78,17,3.13,96,0,10000,1025,6.89,78,17,3.13,96,0,10000,1025,6.89,78,17,3.13,96,0,10000,1025,6.89,78,17,3.13,96,0,10000
1028,9.84,61,10,4.63,75,0,10000,2,0,13,8,1024,7.69,82,14,3.51,100,0,10000,1024,7.69,82,14,3.51,100,0,10000,1024,7.69,82,14,3.51,100,0,10000,1024,7.69,82,14,3.51,100,0,10000,1024,7.69,82,14,3.51,100,0,10000,1024,7.69,82,14,3.51,100,0,10000,1024,7.69,82,14,3.51,100,0,10000,1024,7.69,82,14,3.51,100,0,10000,1024,7.69,82,14,3.51,100,0,10000,1024,7.69,82,14,3.51,100,0,10000,1024,7.69,82,14,3.51,100,0,10000,1024,7.69,82,14,3.51,100,0,10000
1028,9.84,61,10,4.63,75,0,10000,5,0,13,8,1023,7.65,86,29,2.55,100,0,10000,1023,7.65,86,29,2.55,100,0,10000,1023,7.65,86,29,2.55,100,0,10000,1023,7.65,86,29,2.55,100,0,10000,1023,7.65,86,29,2.55,100,0,10000,1023,7.65,86,29,2.55,100,0,10000,1023,7.65,86,29,2.55,100,0,10000,1023,7.65,86,29,2.55,100,0,10000,1023,7.65,86,29,2.55,100,0,10000,1023,7.65,86,29,2.55,100,0,10000,1023,7.65,86,29,2.55,100,0,10000,1023,7.65,86,29,2.55,100,0,10000
1028,9.84,61,10,4.63,75,0,10000,8,0,13,8,1024,7.8,85,18,2.31,100,0,10000,1024,7.8,85,18,2.31,100,0,10000,1024,7.8,85,18,2.31,100,0,10000,1024,7.8,85,18,2.31,100,0,10000,1024,7.8,85,18,2.31,100,0,10000,1024,7.8,85,18,2.31,100,0,10000,1024,7.8,85,18,2.31,100,0,10000,1024,7.8,85,18,2.31,100,0,10000,1024,7.8,85,18,2.31,100,0,10000,1024,7.8,85,18,2.31,100,0,10000,1024,7.8,85,18,2.31,100,0,10000,1024,7.8,85,18,2.31,100,0,10000
1028,9.84,61,10,4.63,75,0,10000,11,0,13,8,1023,8.75,76,359,5.91,100,0,10000,1023,8.75,76,359,5.91,100,0,10000,1023,8.75,76,359,5.91,100,0,10000,1023,8.75,76,359,5.91,100,0,10000,1023,8.75,76,359,5.91,100,0,10000,1023,8.75,76,359,5.91,100,0,10000,1023,8.75,76,359,5.91,100,0,10000,1023,8.75,76,359,5.91,100,0,10000,1023,8.75,76,359,5.91,100,0,10000,1023,8.75,76,359,5.91,100,0,10000,1023,8.75,76,359,5.91,100,0,10000,1023,8.75,76,359,5.91,100,0,10000
1028,9.84,61,10,4.63,75,0,10000,14,0,13,8,1028,9.56,62,352,4.95,81,0,10000,1028,9.56,62,352,4.95,81,0,10000,1028,9.56,62,352,4.95,81,0,10000,1028,9.56,62,352,4.95,81,0,10000,1028,9.56,62,352,4.95,81,0,10000,1028,9.56,62,352,4.95,81,0,10000,1028,9.56,62,352,4.95,81,0,10000,1028,9.56,62,352,4.95,81,0,10000,1028,9.56,62,352,4.95,81,0,10000,1028,9.56,62,352,4.95,81,0,10000,1028,9.56,62,352,4.95,81,0,10000,1028,9.56,62,352,4.95,81,0,10000
1028,9.84,61,10,4.63,75,0,10000,17,0,13,8,1027,8.41,77,347,4.36,90,0,10000,1027,8.41,77,347,4.36,90,0,10000,1027,8.41,77,347,4.36,90,0,10000,1027,8.41,77,347,4.36,90,0,10000,1027,8.41,77,347,4.36,90,0,10000,1027,8.41,77,347,4.36,90,0,10000,1027,8.41,77,347,4.36,90,0,10000,1027,8.41,77,347,4.36,90,0,10000,1027,8.41,77,347,4.36,90,0,10000,1027,8.41,77,347,4.36,90,0,10000,1027,8.41,77,347,4.36,90,0,10000,1027,8.41,77,347,4.36,90,0,10000
1028,9.84,61,10,4.63,75,0,10000,20,0,13,8,1025,7.46,83,17,4.16,100,0,10000,1025,7.46,83,17,4.16,100,0,10000,1025,7.46,83,17,4.16,100,0,10000,1025,7.46,83,17,4.16,100,0,10000,1025,7.46,83,17,4.16,100,0,10000,1025,7.46,83,17,4.16,100,0,10000,1025,7.46,83,17,4.16,100,0,10000,1025,7.46,83,17,4.16,100,0,10000,1025,7.46,83,17,4.16,100,0,10000,1025,7.46,83,17,4.16,100,0,10000,1025,7.46,83,17,4.16,100,0,10000,1025,7.46,83,17,4.16,100,0,10000
1028,9.84,61,10,4.63,75,0,10000,23,0,13,8,1025,6.89,78,17,3.13,96,0,10000,1025,6.89,78,17,3.13,96,0,10000,1025,6.89,78,17,3.13,96,0,10000,1025,6.89,78,17,3.13,96,0,10000,1025,6.89,78,17,3.13,96,0,10000,1025,6.89,78,17,3.13,96,0,10000,1025,6.89,78,17,3.13,96,0,10000,1025,6.89,78,17,3.13,96,0,10000,1025,6.89,78,17,3.13,96,0,10000,1025,6.89,78,17,3.13,96,0,10000,1025,6.89,78,17,3.13,96,0,10000,1025,6.89,78,17,3.13,96,0,10000
1028,9.84,61,10,4.63,75,0,10000,2,0,14,8,1024,7.69,82,14,3.51,100,0,10000,1024,7.69,82,14,3.51,100,0,10000,1024,7.69,82,14,3.51,100,0,10000,1024,7.69,82,14,3.51,100,0,10000,1024,7.69,82,14,3.51,100,0,10000,1024,7.69,82,14,3.51,100,0,10000,1024,7.69,82,14,3.51,100,0,10000,1024,7.69,82,14,3.51,100,0,10000,1024,7.69,82,14,3.51,100,0,10000,1024,7.69,82,14,3.51,100,0,10000,1024,7.69,82,14,3.51,100,0,10000,1024,7.69,82,14,3.51,100,0,10000
1028,9.84,61,10,4.63,75,0,10000,5,0,14,8,1023,7.65,86,29,2.55,100,0,10000,1023,7.65,86,29,2.55,100,0,10000,1023,7.65,86,29,2.55,100,0,10000,1023,7.65,86,29,2.55,100,0,10000,1023,7.65,86,29,2.55,100,0,10000,1023,7.65,86,29,2.55,100,0,10000,1023,7.65,86,29,2.55,100,0,10000,1023,7.65,86,29,2.55,100,0,10000,1023,7.65,86,29,2.55,100,0,10000,1023,7.65,86,29,2.55,100,0,10000,1023,7.65,86,29,2.55,100,0,10000,1023,7.65,86,29,2.55,100,0,10000
1028,9.84,61,10,4.63,75,0,10000,8,0,14,8,1024,7.8,85,18,2.31,100,0,10000,1024,7.8,85,18,2.31,100,0,10000,1024,7.8,85,18,2.31,100,0,10000,1024,7.8,85,18,2.31,100,0,10000,1024,7.8,85,18,2.31,100,0,10000,1024,7.8,85,18,2.31,100,0,10000,1024,7.8,85,18,2.31,100,0,10000,1024,7.8,85,18,2.31,100,0,10000,1024,7.8,85,18,2.31,100,0,10000,1024,7.8,85,18,2.31,100,0,10000,1024,7.8,85,18,2.31,100,0,10000,1024,7.8,85,18,2.31,100,0,10000
1028,9.84,61,10,4.63,75,0,10000,11,0,14,8,1023,8.75,76,359,5.91,100,0,10000,1023,8.75,76,359,5.91,100,0,10000,1023,8.75,76,359,5.91,100,0,10000,1023,8.75,76,359,5.91,100,0,10000,1023,8.75,76,359,5.91,100,0,10000,1023,8.75,76,359,5.91,100,0,10000,1023,8.75,76,359,5.91,100,0,10000,1023,8.75,76,359,5.91,100,0,10000,1023,8.75,76,359,5.91,100,0,10000,1023,8.75,76,359,5.91,100,0,10000,1023,8.75,76,359,5.91,100,0,10000,1023,8.75,76,359,5.91,100,0,10000
1028,9.84,61,10,4.63,75,0,10000,14,0,14,8,1028,9.56,62,352,4.95,81,0,10000,1028,9.56,62,352,4.95,81,0,10000,1028,9.56,62,352,4.95,81,0,10000,1028,9.56,62,352,4.95,81,0,10000,1028,9.56,62,352,4.95,81,0,10000,1028,9.56,62,352,4.95,81,0,10000,1028,9.56,62,352,4.95,81,0,10000,1028,9.56,62,352,4.95,81,0,10000,1028,9.56,62,352,4.95,81,0,10000,1028,9.56,62,352,4.95,81,0,10000,1028,9.56,62,352,4.95,81,0,10000,1028,9.56,62,352,4.95,81,0,10000
1028,9.84,61,10,4.63,75,0,10000,17,0,14,8,1027,8.41,77,347,4.36,90,0,10000,1027,8.41,77,347,4.36,90,0,10000,1027,8.41,77,347,4.36,90,0,10000,1027,8.41,77,347,4.36,90,0,10000,1027,8.41,77,347,4.36,90,0,10000,1027,8.41,77,347,4.36,90,0,10000,1027,8.41,77,347,4.36,90,0,10000,1027,8.41,77,347,4.36,90,0,10000,1027,8.41,77,347,4.36,90,0,10000,1027,8.41,77,347,4.36,90,0,10000,1027,8.41,77,347,4.36,90,0,10000,1027,8.41,77,347,4.36,90,0,10000
1028,9.84,61,10,4.63,75,0,10000,20,0,14,8,1025,7.46,83,17,4.16,100,0,10000,1025,7.46,83,17,4.16,100,0,10000,1025,7.46,83,17,4.16,100,0,10000,1025,7.46,83,17,4.16,100,0,10000,1025,7.46,83,17,4.16,100,0,10000,1025,7.46,83,17,4.16,100,0,10000,1025,7.46,83,17,4.16,100,0,10000,1025,7.46,83,17,4.16,100,0,10000,1025,7.46,83,17,4.16,100,0,10000,1025,7.46,83,17,4.16,100,0,10000,1025,7.46,83,17,4.16,100,0,10000,1025,7.46,83,17,4.16,100,0,10000
1028,9.84,61,10,4.63,75,0,10000,23,0,14,8,1025,6.89,78,17,3.13,96,0,10000,1025,6.89,78,17,3.13,96,0,10000,1025,6.89,78,17,3.13,96,0,10000,1025,6.89,78,17,3.13,96,0,10000,1025,6.89,78,17,3.13,96,0,10000,1025,6.89,78,17,3.13,96,0,10000,1025,6.89,78,17,3.13,96,0,10000,1025,6.89,78,17,3.13,96,0,10000,1025,6.89,78,17,3.13,96,0,10000,1025,6.89,78,17,3.13,96,0,10000,1025,6.89,78,17,3.13,96,0,10000,1025,6.89,78,17,3.13,96,0,10000
1028,9.84,61,10,4.63,75,0,10000,2,0,15,8,1024,7.69,82,14,3.51,100,0,10000,1024,7.69,82,14,3.51,100,0,10000,1024,7.69,82,14,3.51,100,0,10000,1024,7.69,82,14,3.51,100,0,10000,1024,7.69,82,14,3.51,100,0,10000,1024,7.69,82,14,3.51,100,0,10000,1024,7.69,82,14,3.51,100,0,10000,1024,7.69,82,14,3.51,100,0,10000,1024,7.69,82,14,3.51,100,0,10000,1024,7.69,82,14,3.51,100,0,10000,1024,7.69,82,14,3.51,100,0,10000,1024,7.69,82,14,3.51,100,0,10000
1028,9.84,61,10,4.63,75,0,10000,5,0,15,8,1023,7.65,86,29,2.55,100,0,10000,1023,7.65,86,29,2.55,100,0,10000,1023,7.65,86,29,2.55,100,0,10000,1023,7.65,86,29,2.55,100,0,10000,1023,7.65,86,29,2.55,100,0,10000,1023,7.65,86,29,2.55,100,0,10000,1023,7.65,86,29,2.55,100,0,10000,1023,7.65,86,29,2.55,100,0,10000,1023,7.65,86,29,2.55,100,0,10000,1023,7.65,86,29,2.55,100,0,10000,1023,7.65,86,29,2.55,100,0,10000,1023,7.65,86,29,2.55,100,0,10000
1028,9.84,61,10,4.63,75,0,10000,8,0,15,8,1024,7.8,85,18,2.31,100,0,10000,1024,7.8,85,18,2.31,100,0,10000,1024,7.8,85,18,2.31,100,0,10000,1024,7.8,85,18,2.31,100,0,10000,1024,7.8,85,18,2.31,100,0,10000,1024,7.8,85,18,2.31,100,0,10000,1024,7.8,85,18,2.31,100,0,10000,1024,7.8,85,18,2.31,100,0,10000,1024,7.8,85,18,2.31,100,0,10000,1024,7.8,85,18,2.31,100,0,10000,1024,7.8,85,18,2.31,100,0,10000,1024,7.8,85,18,2.31,100,0,10000
1028,9.84,61,10,4.63,75,0,10000,11,0,15,8,1023,8.75,76,359,5.91,100,0,10000,1023,8.75,76,359,5.91,100,0,10000,1023,8.75,76,359,5.91,100,0,10000,1023,8.75,76,359,5.91,100,0,10000,1023,8.75,76,359,5.91,100,0,10000,1023,8.75,76,359,5.91,100,0,10000,1023,8.75,76,359,5.91,100,0,10000,1023,8.75,76,359,5.91,100,0,10000,1023,8.75,76,359,5.91,100,0,10000,1023,8.75,76,359,5.91,100,0,10000,1023,8.75,76,359,5.91,100,0,10000,1023,8.75,76,359,5.91,100,0,10000
1028,9.84,61,10,4.63,75,0,10000,14,0,15,8,1028,9.56,62,352,4.95,81,0,10000,1028,9.56,62,352,4.95,81,0,10000,1028,9.56,62,352,4.95,81,0,10000,1028,9.56,62,352,4.95,81,0,10000,1028,9.56,62,352,4.95,81,0,10000,1028,9.56,62,352,4.95,81,0,10000,1028,9.56,62,352,4.95,81,0,10000,1028,9.56,62,352,4.95,81,0,10000,1028,9.56,62,352,4.95,81,0,10000,1028,9.56,62,352,4.95,81,0,10000,1028,9.56,62,352,4.95,81,0,10000,1028,9.56,62,352,4.95,81,0,10000
1028,9.84,61,10,4.63,75,0,10000,17,0,15,8,1027,8.41,77,347,4.36,90,0,10000,1027,8.41,77,347,4.36,90,0,10000,1027,8.41,77,347,4.36,90,0,10000,1027,8.41,77,347,4.36,90,0,10000,1027,8.41,77,347,4.36,90,0,10000,1027,8.41,77,347,4.36,90,0,10000,1027,8.41,77,347,4.36,90,0,10000,1027,8.41,77,347,4.36,90,0,10000,1027,8.41,77,347,4.36,90,0,10000,1027,8.41,77,347,4.36,90,0,10000,1027,8.41,77,347,4.36,90,0,10000,1027,8.41,77,347,4.36,90,0,10000
1028,9.84,61,10,4.63,75,0,10000,20,0,15,8,1025,7.46,83,17,4.16,100,0,10000,1025,7.46,83,17,4.16,100,0,10000,1025,7.46,83,17,4.16,100,0,10000,1025,7.46,83,17,4.16,100,0,10000,1025,7.46,83,17,4.16,100,0,10000,1025,7.46,83,17,4.16,100,0,10000,1025,7.46,83,17,4.16,100,0,10000,1025,7.46,83,17,4.16,100,0,10000,1025,7.46,83,17,4.16,100,0,10000,1025,7.46,83,17,4.16,100,0,10000,1025,7.46,83,17,4.16,100,0,10000,1025,7.46,83,17,4.16,100,0,10000
1028,9.84,61,10,4.63,75,0,10000,23,0,15,8,1025,6.89,78,17,3.13,96,0,10000,1025,6.89,78,17,3.13,96,0,10000,1025,6.89,78,17,3.13,96,0,10000,1025,6.89,78,17,3.13,96,0,10000,1025,6.89,78,17,3.13,96,0,10000,1025,6.89,78,17,3.13,96,0,10000,1025,6.89,78,17,3.13,96,0,10000,1025,6.89,78,17,3.13,96,0,10000,1025,6.89,78,17,3.13,96,0,10000,1025,6.89,78,17,3.13,96,0,10000,1025,6.89,78,17,3.13,96,0,10000,1025,6.89,78,17,3.13,96,0,10000
1028,9.84,61,10,4.63,75,0,10000,2,0,16,8,1024,7.69,82,14,3.51,100,0,10000,1024,7.69,82,14,3.51,100,0,10000,1024,7.69,82,14,3.51,100,0,10000,1024,7.69,82,14,3.51,100,0,10000,1024,7.69,82,14,3.51,100,0,10000,1024,7.69,82,14,3.51,100,0,10000,1024,7.69,82,14,3.51,100,0,10000,1024,7.69,82,14,3.51,100,0,10000,1024,7.69,82,14,3.51,100,0,10000,1024,7.69,82,14,3.51,100,0,10000,1024,7.69,82,14,3.51,100,0,10000,1024,7.69,82,14,3.51,100,0,10000
1028,9.84,61,10,4.63,75,0,10000,5,0,16,8,1023,7.65,86,29,2.55,100,0,10000,1023,7.65,86,29,2.55,100,0,10000,1023,7.65,86,29,2.55,100,0,10000,1023,7.65,86,29,2.55,100,0,10000,1023,7.65,86,29,2.55,100,0,10000,1023,7.65,86,29,2.55,100,0,10000,1023,7.65,86,29,2.55,100,0,10000,1023,7.65,86,29,2.55,100,0,10000,1023,7.65,86,29,2.55,100,0,10000,1023,7.65,86,29,2.55,100,0,10000,1023,7.65,86,29,2.55,100,0,10000,1023,7.65,86,29,2.55,100,0,10000
1028,9.84,61,10,4.63,75,0,10000,8,0,16,8,1024,7.8,85,18,2.31,100,0,10000,1024,7.8,85,18,2.31,100,0,10000,1024,7.8,85,18,2.31,100,0,10000,1024,7.8,85,18,2.31,100,0,10000,1024,7.8,85,18,2.31,100,0,10000,1024,7.8,85,18,2.31,100,0,10000,1024,7.8,85,18,2.31,100,0,10000,1024,7.8,85,18,2.31,100,0,10000,1024,7.8,85,18,2.31,100,0,10000,1024,7.8,85,18,2.31,100,0,10000,1024,7.8,85,18,2.31,100,0,10000,1024,7.8,85,18,2.31,100,0,10000
1028,9.84,61,10,4.63,75,0,10000,11,0,16,8,1023,8.75,76,359,5.91,100,0,10000,1023,8.75,76,359,5.91,100,0,10000,1023,8.75,76,359,5.91,100,0,10000,1023,8.75,76,359,5.91,100,0,10000,1023,8.75,76,359,5.91,100,0,10000,1023,8.75,76,359,5.91,100,0,10000,1023,8.75,76,359,5.91,100,0,10000,1023,8.75,76,359,5.91,100,0,10000,1023,8.75,76,359,5.91,100,0,10000,1023,8.75,76,359,5.91,100,0,10000,1023,8.75,76,359,5.91,100,0,10000,1023,8.75,76,359,5.91,100,0,10000
1028,9.84,61,10,4.63,75,0,10000,14,0,16,8,1028,9.56,62,352,4.95,81,0,10000,1028,9.56,62,352,4.95,81,0,10000,1028,9.56,62,352,4.95,81,0,10000,1028,9.56,62,352,4.95,81,0,10000,1028,9.56,62,352,4.95,81,0,10000,1028,9.56,62,352,4.95,81,0,10000,1028,9.56,62,352,4.95,81,0,10000,1028,9.56,62,352,4.95,81,0,10000,1028,9.56,62,352,4.95,81,0,10000,1028,9.56,62,352,4.95,81,0,10000,1028,9.56,62,352,4.95,81,0,10000,1028,9.56,62,352,4.95,81,0,10000
1028,9.84,61,10,4.63,75,0,10000,17,0,16,8,1027,8.41,77,347,4.36,90,0,10000,1027,8.41,77,347,4.36,90,0,10000,1027,8.41,77,347,4.36,90,0,10000,1027,8.41,77,347,4.36,90,0,10000,1027,8.41,77,347,4.36,90,0,10000,1027,8.41,77,347,4.36,90,0,10000,1027,8.41,77,347,4.36,90,0,10000,1027,8.41,77,347,4.36,90,0,10000,1027,8.41,77,347,4.36,90,0,10000,1027,8.41,77,347,4.36,90,0,10000,1027,8.41,77,347,4.36,90,0,10000,1027,8.41,77,347,4.36,90,0,10000
1028,9.84,61,10,4.63,75,0,10000,20,0,16,8,1025,7.46,83,17,4.16,100,0,10000,1025,7.46,83,17,4.16,100,0,10000,1025,7.46,83,17,4.16,100,0,10000,1025,7.46,83,17,4.16,100,0,10000,1025,7.46,83,17,4.16,100,0,10000,1025,7.46,83,17,4.16,100,0,10000,1025,7.46,83,17,4.16,100,0,10000,1025,7.46,83,17,4.16,100,0,10000,1025,7.46,83,17,4.16,100,0,10000,1025,7.46,83,17,4.16,100,0,10000,1025,7.46,83,17,4.16,100,0,10000,1025,7.46,83,17,4.16,100,0,10000
1028,9.84,61,10,4.63,75,0,10000,23,0,16,8,1025,6.89,78,17,3.13,96,0,10000,1025,6.89,78,17,3.13,96,0,10000,1025,6.89,78,17,3.13,96,0,10000,1025,6.89,78,17,3.13,96,0,10000,1025,6.89,78,17,3.13,96,0,10000,1025,6.89,78,17,3.13,96,0,10000,1025,6.89,78,17,3.13,96,0,10000,1025,6.89,78,17,3.13,96,0,10000,1025,6.89,78,17,3.13,96,0,10000,1025,6.89,78,17,3.13,96,0,10000,1025,6.89,78,17,3.13,96,0,10000,1025,6.89,78,17,3.13,96,0,10000
1028,9.84,61,10,4.63,75,0,10000,2,0,17,8,1024,7.69,82,14,3.51,100,0,10000,1024,7.69,82,14,3.51,100,0,10000,1024,7.69,82,14,3.51,100,0,10000,1024,7.69,82,14,3.51,100,0,10000,1024,7.69,82,14,3.51,100,0,10000,1024,7.69,82,14,3.51,100,0,10000,1024,7.69,82,14,3.51,100,0,10000,1024,7.69,82,14,3.51,100,0,10000,1024,7.69,82,14,3.51,100,0,10000,1024,7.69,82,14,3.51,100,0,10000,1024,7.69,82,14,3.51,100,0,10000,1024,7.69,82,14,3.51,100,0,10000
1028,9.84,61,10,4.63,75,0,10000,5,0,17,8,1023,7.65,86,29,2.55,100,0,10000,1023,7.65,86,29,2.55,100,0,10000,1023,7.65,86,29,2.55,100,0,10000,1023,7.65,86,29,2.55,100,0,10000,1023,7.65,86,29,2.55,100,0,10000,1023,7.65,86,29,2.55,100,0,10000,1023,7.65,86,29,2.55,100,0,10000,1023,7.65,86,29,2.55,100,0,10000,1023,7.65,86,29,2.55,100,0,10000,1023,7.65,86,29,2.55,100,0,10000,1023,7.65,86,29,2.55,100,0,10000,1023,7.65,86,29,2.55,100,0,10000
1028,9.84,61,10,4.63,75,0,10000,8,0,17,8,1024,7.8,85,18,2.31,100,0,10000,1024,7.8,85,18,2.31,100,0,10000,1024,7.8,85,18,2.31,100,0,10000,1024,7.8,85,18,2.31,100,0,10000,1024,7.8,85,18,2.31,100,0,10000,1024,7.8,85,18,2.31,100,0,10000,1024,7.8,85,18,2.31,100,0,10000,1024,7.8,85,18,2.31,100,0,10000,1024,7.8,85,18,2.31,100,0,10000,1024,7.8,85,18,2.31,100,0,10000,1024,7.8,85,18,2.31,100,0,10000,1024,7.8,85,18,2.31,100,0,10000
1028,9.84,61,10,4.63,75,0,10000,11,0,17,8,1023,8.75,76,359,5.91,100,0,10000,1023,8.75,76,359,5.91,100,0,10000,1023,8.75,76,359,5.91,100,0,10000,1023,8.75,76,359,5.91,100,0,10000,1023,8.75,76,359,5.91,100,0,10000,1023,8.75,76,359,5.91,100,0,10000,1023,8.75,76,359,5.91,100,0,10000,1023,8.75,76,359,5.91,100,0,10000,1023,8.75,76,359,5.91,100,0,10000,1023,8.75,76,359,5.91,100,0,10000,1023,8.75,76,359,5.91,100,0,10000,1023,8.75,76,359,5.91,100,0,10000
1028,9.84,61,10,4.63,75,0,10000,14,0,17,8,1028,9.56,62,352,4.95,81,0,10000,1028,9.56,62,352,4.95,81,0,10000,1028,9.56,62,352,4.95,81,0,10000,1028,9.56,62,352,4.95,81,0,10000,1028,9.56,62,352,4.95,81,0,10000,1028,9.56,62,352,4.95,81,0,10000,1028,9.56,62,352,4.95,81,0,10000,1028,9.56,62,352,4.95,81,0,10000,1028,9.56,62,352,4.95,81,0,10000,1028,9.56,62,352,4.95,81,0,10000,1028,9.56,62,352,4.95,81,0,10000,1028,9.56,62,352,4.95,81,0,10000
1028,9.84,61,10,4.63,75,0,10000,17,0,17,8,1027,8.41,77,347,4.36,90,0,10000,1027,8.41,77,347,4.36,90,0,10000,1027,8.41,77,347,4.36,90,0,10000,1027,8.41,77,347,4.36,90,0,10000,1027,8.41,77,347,4.36,90,0,10000,1027,8.41,77,347,4.36,90,0,10000,1027,8.41,77,347,4.36,90,0,10000,1027,8.41,77,347,4.36,90,0,10000,1027,8.41,77,347,4.36,90,0,10000,1027,8.41,77,347,4.36,90,0,10000,1027,8.41,77,347,4.36,90,0,10000,1027,8.41,77,347,4.36,90,0,10000
1028,9.84,61,10,4.63,75,0,10000,20,0,17,8,1025,7.46,83,17,4.16,100,0,10000,1025,7.46,83,17,4.16,100,0,10000,1025,7.46,83,17,4.16,100,0,10000,1025,7.46,83,17,4.16,100,0,10000,1025,7.46,83,17,4.16,100,0,10000,1025,7.46,83,17,4.16,100,0,10000,1025,7.46,83,17,4.16,100,0,10000,1025,7.46,83,17,4.16,100,0,10000,1025,7.46,83,17,4.16,100,0,10000,1025,7.46,83,17,4.16,100,0,10000,1025,7.46,83,17,4.16,100,0,10000,1025,7.46,83,17,4.16,100,0,10000
1028,9.84,61,10,4.63,75,0,10000,23,0,17,8,1025,6.89,78,17,3.13,96,0,10000,1025,6.89,78,17,3.13,96,0,10000,1025,6.89,78,17,3.13,96,0,10000,1025,6.89,78,17,3.13,96,0,10000,1025,6.89,78,17,3.13,96,0,10000,1025,6.89,78,17,3.13,96,0,10000,1025,6.89,78,17,3.13,96,0,10000,1025,6.89,78,17,3.13,96,0,10000,1025,6.89,78,17,3.13,96,0,10000,1025,6.89,78,17,3.13,96,0,10000,1025,6.89,78,17,3.13,96,0,10000,1025,6.89,78,17,3.13,96,0,10000
1028,9.84,61,10,4.63,75,0,10000,2,0,18,8,1024,7.69,82,14,3.51,100,0,10000,1024,7.69,82,14,3.51,100,0,10000,1024,7.69,82,14,3.51,100,0,10000,1024,7.69,82,14,3.51,100,0,10000,1024,7.69,82,14,3.51,100,0,10000,1024,7.69,82,14,3.51,100,0,10000,1024,7.69,82,14,3.51,100,0,10000,1024,7.69,82,14,3.51,100,0,10000,1024,7.69,82,14,3.51,100,0,10000,1024,7.69,82,14,3.51,100,0,10000,1024,7.69,82,14,3.51,100,0,10000,1024,7.69,82,14,3.51,100,0,10000
1028,9.84,61,10,4.63,75,0,10000,5,0,18,8,1023,7.65,86,29,2.55,100,0,10000,1023,7.65,86,29,2.55,100,0,10000,1023,7.65,86,29,2.55,100,0,10000,1023,7.65,86,29,2.55,100,0,10000,1023,7.65,86,29,2.55,100,0,10000,1023,7.65,86,29,2.55,100,0,10000,1023,7.65,86,29,2.55,100,0,10000,1023,7.65,86,29,2.55,100,0,10000,1023,7.65,86,29,2.55,100,0,10000,1023,7.65,86,29,2.55,100,0,10000,1023,7.65,86,29,2.55,100,0,10000,1023,7.65,86,29,2.55,100,0,10000
1028,9.84,61,10,4.63,75,0,10000,8,0,18,8,1024,7.8,85,18,2.31,100,0,10000,1024,7.8,85,18,2.31,100,0,10000,1024,7.8,85,18,2.31,100,0,10000,1024,7.8,85,18,2.31,100,0,10000,1024,7.8,85,18,2.31,100,0,10000,1024,7.8,85,18,2.31,100,0,10000,1024,7.8,85,18,2.31,100,0,10000,1024,7.8,85,18,2.31,100,0,10000,1024,7.8,85,18,2.31,100,0,10000,1024,7.8,85,18,2.31,100,0,10000,1024,7.8,85,18,2.31,100,0,10000,1024,7.8,85,18,2.31,100,0,10000
1028,9.84,61,10,4.63,75,0,10000,11,0,18,8,1023,8.75,76,359,5.91,100,0,10000,1023,8.75,76,359,5.91,100,0,10000,1023,8.75,76,359,5.91,100,0,10000,1023,8.75,76,359,5.91,100,0,10000,1023,8.75,76,359,5.91,100,0,10000,1023,8.75,76,359,5.91,100,0,10000,1023,8.75,76,359,5.91,100,0,10000,1023,8.75,76,359,5.91,100,0,10000,1023,8.75,76,359,5.91,100,0,10000,1023,8.75,76,359,5.91,100,0,10000,1023,8.75,76,359,5.91,100,0,10000,1023,8.75,76,359,5.91,100,0,10000
1028,9.84,61,10,4.63,75,0,10000,14,0,18,8,1028,9.56,62,352,4.95,81,0,10000,1028,9.56,62,352,4.95,81,0,10000,1028,9.56,62,352,4.95,81,0,10000,1028,9.56,62,352,4.95,81,0,10000,1028,9.56,62,352,4.95,81,0,10000,1028,9.56,62,352,4.95,81,0,10000,1028,9.56,62,352,4.95,81,0,10000,1028,9.56,62,352,4.95,81,0,10000,1028,9.56,62,352,4.95,81,0,10000,1028,9.56,62,352,4.95,81,0,10000,1028,9.56,62,352,4.95,81,0,10000,1028,9.56,62,352,4.95,81,0,10000
1028,9.84,61,10,4.63,75,0,10000,17,0,18,8,1027,8.41,77,347,4.36,90,0,10000,1027,8.41,77,347,4.36,90,0,10000,1027,8.41,77,347,4.36,90,0,10000,1027,8.41,77,347,4.36,90,0,10000,1027,8.41,77,347,4.36,90,0,10000,1027,8.41,77,347,4.36,90,0,10000,1027,8.41,77,347,4.36,90,0,10000,1027,8.41,77,347,4.36,90,0,10000,1027,8.41,77,347,4.36,90,0,10000,1027,8.41,77,347,4.36,90,0,10000,1027,8.41,77,347,4.36,90,0,10000,1027,8.41,77,347,4.36,90,0,10000
1028,9.84,61,10,4.63,75,0,10000,20,0,18,8,1025,7.46,83,17,4.16,100,0,10000,1025,7.46,83,17,4.16,100,0,10000,1025,7.46,83,17,4.16,100,0,10000,1025,7.46,83,17,4.16,100,0,10000,1025,7.46,83,17,4.16,100,0,10000,1025,7.46,83,17,4.16,100,0,10000,1025,7.46,83,17,4.16,100,0,10000,1025,7.46,83,17,4.16,100,0,10000,1025,7.46,83,17,4.16,100,0,10000,1025,7.46,83,17,4.16,100,0,10000,1025,7.46,83,17,4.16,100,0,10000,1025,7.46,83,17,4.16,100,0,10000
1028,9.84,61,10,4.63,75,0,10000,23,0,18,8,1025,6.89,78,17,3.13,96,0,10000,1025,6.89,78,17,3.13,96,0,10000,1025,6.89,78,17,3.13,96,0,10000,1025,6.89,78,17,3.13,96,0,10000,1025,6.89,78,17,3.13,96,0,10000,1025,6.89,78,17,3.13,96,0,10000,1025,6.89,78,17,3.13,96,0,10000,1025,6.89,78,17,3.13,96,0,10000,1025,6.89,78,17,3.13,96,0,10000,1025,6.89,78,17,3.13,96,0,10000,1025,6.89,78,17,3.13,96,0,10000,1025,6.89,78,17,3.13,96,0,10000
1028,9.84,61,10,4.63,75,0,10000,2,0,19,8,1024,7.69,82,14,3.51,100,0,10000,1024,7.69,82,14,3.51,100,0,10000,1024,7.69,82,14,3.51,100,0,10000,1024,7.69,82,14,3.51,100,0,10000,1024,7.69,82,14,3.51,100,0,10000,1024,7.69,82,14,3.51,100,0,10000,1024,7.69,82,14,3.51,100,0,10000,1024,7.69,82,14,3.51,100,0,10000,1024,7.69,82,14,3.51,100,0,10000,1024,7.69,82,14,3.51,100,0,10000,1024,7.69,82,14,3.51,100,0,10000,1024,7.69,82,14,3.51,100,0,10000
1028,9.84,61,10,4.63,75,0,10000,5,0,19,8,1023,7.65,86,29,2.55,100,0,10000,1023,7.65,86,29,2.55,100,0,10000,1023,7.65,86,29,2.55,100,0,10000,1023,7.65,86,29,2.55,100,0,10000,1023,7.65,86,29,2.55,100,0,10000,1023,7.65,86,29,2.55,100,0,10000,1023,7.65,86,29,2.55,100,0,10000,1023,7.65,86,29,2.55,100,0,10000,1023,7.65,86,29,2.55,100,0,10000,1023,7.65,86,29,2.55,100,0,10000,1023,7.65,86,29,2.55,100,0,10000,1023,7.65,86,29,2.55,100,0,10000
1028,9.84,61,10,4.63,75,0,10000,8,0,19,8,1024,7.8,85,18,2.31,100,0,10000,1024,7.8,85,18,2.31,100,0,10000,1024,7.8,85,18,2.31,100,0,10000,1024,7.8,85,18,2.31,100,0,10000,1024,7.8,85,18,2.31,100,0,10000,1024,7.8,85,18,2.31,100,0,10000,1024,7.8,85,18,2.31,100,0,10000,1024,7.8,85,18,2.31,100,0,10000,1024,7.8,85,18,2.31,100,0,10000,1024,7.8,85,18,2.31,100,0,10000,1024,7.8,85,18,2.31,100,0,10000,1024,7.8,85,18,2.31,100,0,10000
1028,9.84,61,10,4.63,75,0,10000,11,0,19,8,1023,8.75,76,359,5.91,100,0,10000,1023,8.75,76,359,5.91,100,0,10000,1023,8.75,76,359,5.91,100,0,10000,1023,8.75,76,359,5.91,100,0,10000,1023,8.75,76,359,5.91,100,0,10000,1023,8.75,76,359,5.91,100,0,10000,1023,8.75,76,359,5.91,100,0,10000,1023,8.75,76,359,5.91,100,0,10000,1023,8.75,76,359,5.91,100,0,10000,1023,8.75,76,359,5.91,100,0,10000,1023,8.75,76,359,5.91,100,0,10000,1023,8.75,76,359,5.91,100,0,10000
1028,9.84,61,10,4.63,75,0,10000,14,0,19,8,1028,9.56,62,352,4.95,81,0,10000,1028,9.56,62,352,4.95,81,0,10000,1028,9.56,62,352,4.95,81,0,10000,1028,9.56,62,352,4.95,81,0,10000,1028,9.56,62,352,4.95,81,0,10000,1028,9.56,62,352,4.95,81,0,10000,1028,9.56,62,352,4.95,81,0,10000,1028,9.56,62,352,4.95,81,0,10000,1028,9.56,62,352,4.95,81,0,10000,1028,9.56,62,352,4.95,81,0,10000,1028,9.56,62,352,4.95,81,0,10000,1028,9.56,62,352,4.95,81,0,10000
1028,9.84,61,10,4.63,75,0,10000,17,0,19,8,1027,8.41,77,347,4.36,90,0,10000,1027,8.41,77,347,4.36,90,0,10000,1027,8.41,77,347,4.36,90,0,10000,1027,8.41,77,347,4.36,90,0,10000,1027,8.41,77,347,4.36,90,0,10000,1027,8.41,77,347,4.36,90,0,10000,1027,8.41,77,347,4.36,90,0,10000,1027,8.41,77,347,4.36,90,0,10000,1027,8.41,77,347,4.36,90,0,10000,1027,8.41,77,347,4.36,90,0,10000,1027,8.41,77,347,4.36,90,0,10000,1027,8.41,77,347,4.36,90,0,10000
1028,9.84,61,10,4.63,75,0,10000,20,0,19,8,1025,7.46,83,17,4.16,100,0,10000,1025,7.46,83,17,4.16,100,0,10000,1025,7.46,83,17,4.16,100,0,10000,1025,7.46,83,17,4.16,100,0,10000,1025,7.46,83,17,4.16,100,0,10000,1025,7.46,83,17,4.16,100,0,10000,1025,7.46,83,17,4.16,100,0,10000,1025,7.46,83,17,4.16,100,0,10000,1025,7.46,83,17,4.16,100,0,10000,1025,7.46,83,17,4.16,100,0,10000,1025,7.46,83,17,4.16,100,0,10000,1025,7.46,83,17,4.16,100,0,10000
1028,9.84,61,10,4.63,75,0,10000,23,0,19,8,1025,6.89,78,17,3.13,96,0,10000,1025,6.89,78,17,3.13,96,0,10000,1025,6.89,78,17,3.13,96,0,10000,1025,6.89,78,17,3.13,96,0,10000,1025,6.89,78,17,3.13,96,0,10000,1025,6.89,78,17,3.13,96,0,10000,1025,6.89,78,17,3.13,96,0,10000,1025,6.89,78,17,3.13,96,0,10000,1025,6.89,78,17,3.13,96,0,10000,1025,6.89,78,17,3.13,96,0,10000,1025,6.89,78,17,3.13,96,0,10000,1025,6.89,78,17,3.13,96,0,10000
1028,9.84,61,10,4.63,75,0,10000,2,0,20,8,1024,7.69,82,14,3.51,100,0,10000,1024,7.69,82,14,3.51,100,0,10000,1024,7.69,82,14,3.51,100,0,10000,1024,7.69,82,14,3.51,100,0,10000,1024,7.69,82,14,3.51,100,0,10000,1024,7.69,82,14,3.51,100,0,10000,1024,7.69,82,14,3.51,100,0,10000,1024,7.69,82,14,3.51,100,0,10000,1024,7.69,82,14,3.51,100,0,10000,1024,7.69,82,14,3.51,100,0,10000,1024,7.69,82,14,3.51,100,0,10000,1024,7.69,82,14,3.51,100,0,10000
1028,9.84,61,10,4.63,75,0,10000,5,0,20,8,1023,7.65,86,29,2.55,100,0,10000,1023,7.65,86,29,2.55,100,0,10000,1023,7.65,86,29,2.55,100,0,10000,1023,7.65,86,29,2.55,100,0,10000,1023,7.65,86,29,2.55,100,0,10000,1023,7.65,86,29,2.55,100,0,10000,1023,7.65,86,29,2.55,100,0,10000,1023,7.65,86,29,2.55,100,0,10000,1023,7.65,86,29,2.55,100,0,10000,1023,7.65,86,29,2.55,100,0,10000,1023,7.65,86,29,2.55,100,0,10000,1023,7.65,86,29,2.55,100,0,10000
1028,9.84,61,10,4.63,75,0,10000,8,0,20,8,1024,7.8,85,18,2.31,100,0,10000,1024,7.8,85,18,2.31,100,0,10000,1024,7.8,85,18,2.31,100,0,10000,1024,7.8,85,18,2.31,100,0,10000,1024,7.8,85,18,2.31,100,0,10000,1024,7.8,85,18,2.31,100,0,10000,1024,7.8,85,18,2.31,100,0,10000,1024,7.8,85,18,2.31,100,0,10000,1024,7.8,85,18,2.31,100,0,10000,1024,7.8,85,18,2.31,100,0,10000,1024,7.8,85,18,2.31,100,0,10000,1024,7.8,85,18,2.31,100,0,10000
1028,9.84,61,10,4.63,75,0,10000,11,0,20,8,1023,8.75,76,359,5.91,100,0,10000,1023,8.75,76,359,5.91,100,0,10000,1023,8.75,76,359,5.91,100,0,10000,1023,8.75,76,359,5.91,100,0,10000,1023,8.75,76,359,5.91,100,0,10000,1023,8.75,76,359,5.91,100,0,10000,1023,8.75,76,359,5.91,100,0,10000,1023,8.75,76,359,5.91,100,0,10000,1023,8.75,76,359,5.91,100,0,10000,1023,8.75,76,359,5.91,100,0,10000,1023,8.75,76,359,5.91,100,0,10000,1023,8.75,76,359,5.91,100,0,10000
1028,9.84,61,10,4.63,75,0,10000,14,0,20,8,1028,9.56,62,352,4.95,81,0,10000,1028,9.56,62,352,4.95,81,0,10000,1028,9.56,62,352,4.95,81,0,10000,1028,9.56,62,352,4.95,81,0,10000,1028,9.56,62,352,4.95,81,0,10000,1028,9.56,62,352,4.95,81,0,10000,1028,9.56,62,352,4.95,81,0,10000,1028,9.56,62,352,4.95,81,0,10000,1028,9.56,62,352,4.95,81,0,10000,1028,9.56,62,352,4.95,81,0,10000,1028,9.56,62,352,4.95,81,0,10000,1028,9.56,62,352,4.95,81,0,10000
1028,9.84,61,10,4.63,75,0,10000,17,0,20,8,1027,8.41,77,347,4.36,90,0,10000,1027,8.41,77,347,4.36,90,0,10000,1027,8.41,77,347,4.36,90,0,10000,1027,8.41,77,347,4.36,90,0,10000,1027,8.41,77,347,4.36,90,0,10000,1027,8.41,77,347,4.36,90,0,10000,1027,8.41,77,347,4.36,90,0,10000,1027,8.41,77,347,4.36,90,0,10000,1027,8.41,77,347,4.36,90,0,10000,1027,8.41,77,347,4.36,90,0,10000,1027,8.41,77,347,4.36,90,0,10000,1027,8.41,77,347,4.36,90,0,10000
1028,9.84,61,10,4.63,75,0,10000,20,0,20,8,1025,7.46,83,17,4.16,100,0,10000,1025,7.46,83,17,4.16,100,0,10000,1025,7.46,83,17,4.16,100,0,10000,1025,7.46,83,17,4.16,100,0,10000,1025,7.46,83,17,4.16,100,0,10000,1025,7.46,83,17,4.16,100,0,10000,1025,7.46,83,17,4.16,100,0,10000,1025,7.46,83,17,4.16,100,0,10000,1025,7.46,83,17,4.16,100,0,10000,1025,7.46,83,17,4.16,100,0,10000,1025,7.46,83,17,4.16,100,0,10000,1025,7.46,83,17,4.16,100,0,10000
1028,9.84,61,10,4.63,75,0,10000,23,0,20,8,1025,6.89,78,17,3.13,96,0,10000,1025,6.89,78,17,3.13,96,0,10000,1025,6.89,78,17,3.13,96,0,10000,1025,6.89,78,17,3.13,96,0,10000,1025,6.89,78,17,3.13,96,0,10000,1025,6.89,78,17,3.13,96,0,10000,1025,6.89,78,17,3.13,96,0,10000,1025,6.89,78,17,3.13,96,0,10000,1025,6.89,78,17,3.13,96,0,10000,1025,6.89,78,17,3.13,96,0,10000,1025,6.89,78,17,3.13,96,0,10000,1025,6.89,78,17,3.13,96,0,10000
1028,9.84,61,10,4.63,75,0,10000,2,0,21,8,1024,7.69,82,14,3.51,100,0,10000,1024,7.69,82,14,3.51,100,0,10000,1024,7.69,82,14,3.51,100,0,10000,1024,7.69,82,14,3.51,100,0,10000,1024,7.69,82,14,3.51,100,0,10000,1024,7.69,82,14,3.51,100,0,10000,1024,7.69,82,14,3.51,100,0,10000,1024,7.69,82,14,3.51,100,0,10000,1024,7.69,82,14,3.51,100,0,10000,1024,7.69,82,14,3.51,100,0,10000,1024,7.69,82,14,3.51,100,0,10000,1024,7.69,82,14,3.51,100,0,10000
1028,9.84,61,10,4.63,75,0,10000,5,0,21,8,1023,7.65,86,29,2.55,100,0,10000,1023,7.65,86,29,2.55,100,0,10000,1023,7.65,86,29,2.55,100,0,10000,1023,7.65,86,29,2.55,100,0,10000,1023,7.65,86,29,2.55,100,0,10000,1023,7.65,86,29,2.55,100,0,10000,1023,7.65,86,29,2.55,100,0,10000,1023,7.65,86,29,2.55,100,0,10000,1023,7.65,86,29,2.55,100,0,10000,1023,7.65,86,29,2.55,100,0,10000,1023,7.65,86,29,2.55,100,0,10000,1023,7.65,86,29,2.55,100,0,10000
1028,9.84,61,10,4.63,75,0,10000,8,0,21,8,1024,7.8,85,18,2.31,100,0,10000,1024,7.8,85,18,2.31,100,0,10000,1024,7.8,85,18,2.31,100,0,10000,1024,7.8,85,18,2.31,100,0,10000,1024,7.8,85,18,2.31,100,0,10000,1024,7.8,85,18,2.31,100,0,10000,1024,7.8,85,18,2.31,100,0,10000,1024,7.8,85,18,2.31,100,0,10000,1024,7.8,85,18,2.31,100,0,10000,1024,7.8,85,18,2.31,100,0,10000,1024,7.8,85,18,2.31,100,0,10000,1024,7.8,85,18,2.31,100,0,10000
1028,9.84,61,10,4.63,75,0,10000,11,0,21,8,1023,8.75,76,359,5.91,100,0,10000,1023,8.75,76,359,5.91,100,0,10000,1023,8.75,76,359,5.91,100,0,10000,1023,8.75,76,359,5.91,100,0,10000,1023,8.75,76,359,5.91,100,0,10000,1023,8.75,76,359,5.91,100,0,10000,1023,8.75,76,359,5.91,100,0,10000,1023,8.75,76,359,5.91,100,0,10000,1023,8.75,76,359,5.91,100,0,10000,1023,8.75,76,359,5.91,100,0,10000,1023,8.75,76,359,5.91,100,0,10000,1023,8.75,76,359,5.91,100,0,10000
1028,9.84,61,10,4.63,75,0,10000,14,0,21,8,1028,9.56,62,352,4.95,81,0,10000,1028,9.56,62,352,4.95,81,0,10000,1028,9.56,62,352,4.95,81,0,10000,1028,9.56,62,352,4.95,81,0,10000,1028,9.56,62,352,4.95,81,0,10000,1028,9.56,62,352,4.95,81,0,10000,1028,9.56,62,352,4.95,81,0,10000,1028,9.56,62,352,4.95,81,0,10000,1028,9.56,62,352,4.95,81,0,10000,1028,9.56,62,352,4.95,81,0,10000,1028,9.56,62,352,4.95,81,0,10000,1028,9.56,62,352,4.95,81,0,10000
1028,9.84,61,10,4.63,75,0,10000,17,0,21,8,1027,8.41,77,347,4.36,90,0,10000,1027,8.41,77,347,4.36,90,0,10000,1027,8.41,77,347,4.36,90,0,10000,1027,8.41,77,347,4.36,90,0,10000,1027,8.41,77,347,4.36,90,0,10000,1027,8.41,77,347,4.36,90,0,10000,1027,8.41,77,347,4.36,90,0,10000,1027,8.41,77,347,4.36,90,0,10000,1027,8.41,77,347,4.36,90,0,10000,1027,8.41,77,347,4.36,90,0,10000,1027,8.41,77,347,4.36,90,0,10000,1027,8.41,77,347,4.36,90,0,10000
1028,9.84,61,10,4.63,75,0,10000,20,0,21,8,1025,7.46,83,17,4.16,100,0,10000,1025,7.46,83,17,4.16,100,0,10000,1025,7.46,83,17,4.16,100,0,10000,1025,7.46,83,17,4.16,100,0,10000,1025,7.46,83,17,4.16,100,0,10000,1025,7.46,83,17,4.16,100,0,10000,1025,7.46,83,17,4.16,100,0,10000,1025,7.46,83,17,4.16,100,0,10000,1025,7.46,83,17,4.16,100,0,10000,1025,7.46,83,17,4.16,100,0,10000,1025,7.46,83,17,4.16,100,0,10000,1025,7.46,83,17,4.16,100,0,10000
1028,9.84,61,10,4.63,75,0,10000,23,0,21,8,1025,6.89,78,17,3.13,96,0,10000,1025,6.89,78,17,3.13,96,0,10000,1025,6.89,78,17,3.13,96,0,10000,1025,6.89,78,17,3.13,96,0,10000,1025,6.89,78,17,3.13,96,0,10000,1025,6.89,78,17,3.13,96,0,10000,1025,6.89,78,17,3.13,96,0,10000,1025,6.89,78,17,3.13,96,0,10000,1025,6.89,78,17,3.13,96,0,10000,1025,6.89,78,17,3.13,96,0,10000,1025,6.89,78,17,3.13,96,0,10000,1025,6.89,78,17,3.13,96,0,10000
1028,9.84,61,10,4.63,75,0,10000,2,0,22,8,1024,7.69,82,14,3.51,100,0,10000,1024,7.69,82,14,3.51,100,0,10000,1024,7.69,82,14,3.51,100,0,10000,1024,7.69,82,14,3.51,100,0,10000,1024,7.69,82,14,3.51,100,0,10000,1024,7.69,82,14,3.51,100,0,10000,1024,7.69,82,14,3.51,100,0,10000,1024,7.69,82,14,3.51,100,0,10000,1024,7.69,82,14,3.51,100,0,10000,1024,7.69,82,14,3.51,100,0,10000,1024,7.69,82,14,3.51,100,0,10000,1024,7.69,82,14,3.51,100,0,10000
1028,9.84,61,10,4.63,75,0,10000,5,0,22,8,1023,7.65,86,29,2.55,100,0,10000,1023,7.65,86,29,2.55,100,0,10000,1023,7.65,86,29,2.55,100,0,10000,1023,7.65,86,29,2.55,100,0,10000,1023,7.65,86,29,2.55,100,0,10000,1023,7.65,86,29,2.55,100,0,10000,1023,7.65,86,29,2.55,100,0,10000,1023,7.65,86,29,2.55,100,0,10000,1023,7.65,86,29,2.55,100,0,10000,1023,7.65,86,29,2.55,100,0,10000,1023,7.65,86,29,2.55,100,0,10000,1023,7.65,86,29,2.55,100,0,10000
1028,9.84,61,10,4.63,75,0,10000,8,0,22,8,1024,7.8,85,18,2.31,100,0,10000,1024,7.8,85,18,2.31,100,0,10000,1024,7.8,85,18,2.31,100,0,10000,1024,7.8,85,18,2.31,100,0,10000,1024,7.8,85,18,2.31,100,0,10000,1024,7.8,85,18,2.31,100,0,10000,1024,7.8,85,18,2.31,100,0,10000,1024,7.8,85,18,2.31,100,0,10000,1024,7.8,85,18,2.31,100,0,10000,1024,7.8,85,18,2.31,100,0,10000,1024,7.8,85,18,2.31,100,0,10000,1024,7.8,85,18,2.31,100,0,10000
1028,9.84,61,10,4.63,75,0,10000,11,0,22,8,1023,8.75,76,359,5.91,100,0,10000,1023,8.75,76,359,5.91,100,0,10000,1023,8.75,76,359,5.91,100,0,10000,1023,8.75,76,359,5.91,100,0,10000,1023,8.75,76,359,5.91,100,0,10000,1023,8.75,76,359,5.91,100,0,10000,1023,8.75,76,359,5.91,100,0,10000,1023,8.75,76,359,5.91,100,0,10000,1023,8.75,76,359,5.91,100,0,10000,1023,8.75,76,359,5.91,100,0,10000,1023,8.75,76,359,5.91,100,0,10000,1023,8.75,76,359,5.91,100,0,10000
1028,9.84,61,10,4.63,75,0,10000,14,0,22,8,1028,9.56,62,352,4.95,81,0,10000,1028,9.56,62,352,4.95,81,0,10000,1028,9.56,62,352,4.95,81,0,10000,1028,9.56,62,352,4.95,81,0,10000,1028,9.56,62,352,4.95,81,0,10000,1028,9.56,62,352,4.95,81,0,10000,1028,9.56,62,352,4.95,81,0,10000,1028,9.56,62,352,4.95,81,0,10000,1028,9.56,62,352,4.95,81,0,10000,1028,9.56,62,352,4.95,81,0,10000,1028,9.56,62,352,4.95,81,0,10000,1028,9.56,62,352,4.95,81,0,10000
1028,9.84,61,10,4.63,75,0,10000,17,0,22,8,1027,8.41,77,347,4.36,90,0,10000,1027,8.41,77,347,4.36,90,0,10000,1027,8.41,77,347,4.36,90,0,10000,1027,8.41,77,347,4.36,90,0,10000,1027,8.41,77,347,4.36,90,0,10000,1027,8.41,77,347,4.36,90,0,10000,1027,8.41,77,347,4.36,90,0,10000,1027,8.41,77,347,4.36,90,0,10000,1027,8.41,77,347,4.36,90,0,10000,1027,8.41,77,347,4.36,90,0,10000,1027,8.41,77,347,4.36,90,0,10000,1027,8.41,77,347,4.36,90,0,10000
1028,9.84,61,10,4.63,75,0,10000,20,0,22,8,1025,7.46,83,17,4.16,100,0,10000,1025,7.46,83,17,4.16,100,0,10000,1025,7.46,83,17,4.16,100,0,10000,1025,7.46,83,17,4.16,100,0,10000,1025,7.46,83,17,4.16,100,0,10000,1025,7.46,83,17,4.16,100,0,10000,1025,7.46,83,17,4.16,100,0,10000,1025,7.46,83,17,4.16,100,0,10000,1025,7.46,83,17,4.16,100,0,10000,1025,7.46,83,17,4.16,100,0,10000,1025,7.46,83,17,4.16,100,0,10000,1025,7.46,83,17,4.16,100,0,10000
1028,9.84,61,10,4.63,75,0,10000,23,0,22,8,1025,6.89,78,17,3.13,96,0,10000,1025,6.89,78,17,3.13,96,0,10000,1025,6.89,78,17,3.13,96,0,10000,1025,6.89,78,17,3.13,96,0,10000,1025,6.89,78,17,3.13,96,0,10000,1025,6.89,78,17,3.13,96,0,10000,1025,6.89,78,17,3.13,96,0,10000,1025,6.89,78,17,3.13,96,0,10000,1025,6.89,78,17,3.13,96,0,10000,1025,6.89,78,17,3.13,96,0,10000,1025,6.89,78,17,3.13,96,0,10000,1025,6.89,78,17,3.13,96,0,10000
1028,9.84,61,10,4.63,75,0,10000,2,0,23,8,1024,7.69,82,14,3.51,100,0,10000,1024,7.69,82,14,3.51,100,0,10000,1024,7.69,82,14,3.51,100,0,10000,1024,7.69,82,14,3.51,100,0,10000,1024,7.69,82,14,3.51,100,0,10000,1024,7.69,82,14,3.51,100,0,10000,1024,7.69,82,14,3.51,100,0,10000,1024,7.69,82,14,3.51,100,0,10000,1024,7.69,82,14,3.51,100,0,10000,1024,7.69,82,14,3.51,100,0,10000,1024,7.69,82,14,3.51,100,0,10000,1024,7.69,82,14,3.51,100,0,10000
1028,9.84,61,10,4.63,75,0,10000,5,0,23,8,1023,7.65,86,29,2.55,100,0,10000,1023,7.65,86,29,2.55,100,0,10000,1023,7.65,86,29,2.55,100,0,10000,1023,7.65,86,29,2.55,100,0,10000,1023,7.65,86,29,2.55,100,0,10000,1023,7.65,86,29,2.55,100,0,10000,1023,7.65,86,29,2.55,100,0,10000,1023,7.65,86,29,2.55,100,0,10000,1023,7.65,86,29,2.55,100,0,10000,1023,7.65,86,29,2.55,100,0,10000,1023,7.65,86,29,2.55,100,0,10000,1023,7.65,86,29,2.55,100,0,10000
1028,9.84,61,10,4.63,75,0,10000,8,0,23,8,1024,7.8,85,18,2.31,100,0,10000,1024,7.8,85,18,2.31,100,0,10000,1024,7.8,85,18,2.31,100,0,10000,1024,7.8,85,18,2.31,100,0,10000,1024,7.8,85,18,2.31,100,0,10000,1024,7.8,85,18,2.31,100,0,10000,1024,7.8,85,18,2.31,100,0,10000,1024,7.8,85,18,2.31,100,0,10000,1024,7.8,85,18,2.31,100,0,10000,1024,7.8,85,18,2.31,100,0,10000,1024,7.8,85,18,2.31,100,0,10000,1024,7.8,85,18,2.31,100,0,10000
1028,9.84,61,10,4.63,75,0,10000,11,0,23,8,1023,8.75,76,359,5.91,100,0,10000,1023,8.75,76,359,5.91,100,0,10000,1023,8.75,76,359,5.91,100,0,10000,1023,8.75,76,359,5.91,100,0,10000,1023,8.75,76,359,5.91,100,0,10000,1023,8.75,76,359,5.91,100,0,10000,1023,8.75,76,359,5.91,100,0,10000,1023,8.75,76,359,5.91,100,0,10000,1023,8.75,76,359,5.91,100,0,10000,1023,8.75,76,359,5.91,100,0,10000,1023,8.75,76,359,5.91,100,0,10000,1023,8.75,76,359,5.91,100,0,10000
1028,9.84,61,10,4.63,75,0,10000,14,0,23,8,1028,9.56,62,352,4.95,81,0,10000,1028,9.56,62,352,4.95,81,0,10000,1028,9.56,62,352,4.95,81,0,10000,1028,9.56,62,352,4.95,81,0,10000,1028,9.56,62,352,4.95,81,0,10000,1028,9.56,62,352,4.95,81,0,10000,1028,9.56,62,352,4.95,81,0,10000,1028,9.56,62,352,4.95,81,0,10000,1028,9.56,62,352,4.95,81,0,10000,1028,9.56,62,352,4.95,81,0,10000,1028,9.56,62,352,4.95,81,0,10000,1028,9.56,62,352,4.95,81,0,10000
1028,9.84,61,10,4.63,75,0,10000,17,0,23,8,1027,8.41,77,347,4.36,90,0,10000,1027,8.41,77,347,4.36,90,0,10000,1027,8.41,77,347,4.36,90,0,10000,1027,8.41,77,347,4.36,90,0,10000,1027,8.41,77,347,4.36,90,0,10000,1027,8.41,77,347,4.36,90,0,10000,1027,8.41,77,347,4.36,90,0,10000,1027,8.41,77,347,4.36,90,0,10000,1027,8.41,77,347,4.36,90,0,10000,1027,8.41,77,347,4.36,90,0,10000,1027,8.41,77,347,4.36,90,0,10000,1027,8.41,77,347,4.36,90,0,10000
1028,9.84,61,10,4.63,75,0,10000,20,0,23,8,1025,7.46,83,17,4.16,100,0,10000,1025,7.46,83,17,4.16,100,0,10000,1025,7.46,83,17,4.16,100,0,10000,1025,7.46,83,17,4.16,100,0,10000,1025,7.46,83,17,4.16,100,0,10000,1025,7.46,83,17,4.16,100,0,10000,1025,7.46,83,17,4.16,100,0,10000,1025,7.46,83,17,4.16,100,0,10000,1025,7.46,83,17,4.16,100,0,10000,1025,7.46,83,17,4.16,100,0,10000,1025,7.46,83,17,4.16,100,0,10000,1025,7.46,83,17,4.16,100,0,10000
1028,9.84,61,10,4.63,75,0,10000,23,0,23,8,1025,6.89,78,17,3.13,96,0,10000,1025,6.89,78,17,3.13,96,0,10000,1025,6.89,78,17,3.13,96,0,10000,1025,6.89,78,17,3.13,96,0,10000,1025,6.89,78,17,3.13,96,0,10000,1025,6.89,78,17,3.13,96,0,10000,1025,6.89,78,17,3.13,96,0,10000,1025,6.89,78,17,3.13,96,0,10000,1025,6.89,78,17,3.13,96,0,10000,1025,6.89,78,17,3.13,96,0,10000,1025,6.89,78,17,3.13,96,0,10000,1025,6.89,78,17,3.13,96,0,10000
1028,9.84,61,10,4.63,75,0,10000,2,0,24,8,1024,7.69,82,14,3.51,100,0,10000,1024,7.69,82,14,3.51,100,0,10000,1024,7.69,82,14,3.51,100,0,10000,1024,7.69,82,14,3.51,100,0,10000,1024,7.69,82,14,3.51,100,0,10000,1024,7.69,82,14,3.51,100,0,10000,1024,7.69,82,14,3.51,100,0,10000,1024,7.69,82,14,3.51,100,0,10000,1024,7.69,82,14,3.51,100,0,10000,1024,7.69,82,14,3.51,100,0,10000,1024,7.69,82,14,3.51,100,0,10000,1024,7.69,82,14,3.51,100,0,10000
1028,9.84,61,10,4.63,75,0,10000,5,0,24,8,1023,7.65,86,29,2.55,100,0,10000,1023,7.65,86,29,2.55,100,0,10000,1023,7.65,86,29,2.55,100,0,10000,1023,7.65,86,29,2.55,100,0,10000,1023,7.65,86,29,2.55,100,0,10000,1023,7.65,86,29,2.55,100,0,10000,1023,7.65,86,29,2.55,100,0,10000,1023,7.65,86,29,2.55,100,0,10000,1023,7.65,86,29,2.55,100,0,10000,1023,7.65,86,29,2.55,100,0,10000,1023,7.65,86,29,2.55,100,0,10000,1023,7.65,86,29,2.55,100,0,10000
1028,9.84,61,10,4.63,75,0,10000,8,0,24,8,1024,7.8,85,18,2.31,100,0,10000,1024,7.8,85,18,2.31,100,0,10000,1024,7.8,85,18,2.31,100,0,10000,1024,7.8,85,18,2.31,100,0,10000,1024,7.8,85,18,2.31,100,0,10000,1024,7.8,85,18,2.31,100,0,10000,1024,7.8,85,18,2.31,100,0,10000,1024,7.8,85,18,2.31,100,0,10000,1024,7.8,85,18,2.31,100,0,10000,1024,7.8,85,18,2.31,100,0,10000,1024,7.8,85,18,2.31,100,0,10000,1024,7.8,85,18,2.31,100,0,10000
1028,9.84,61,10,4.63,75,0,10000,11,0,24,8,1023,8.75,76,359,5.91,100,0,10000,1023,8.75,76,359,5.91,100,0,10000,1023,8.75,76,359,5.91,100,0,10000,1023,8.75,76,359,5.91,100,0,10000,1023,8.75,76,359,5.91,100,0,10000,1023,8.75,76,359,5.91,100,0,10000,1023,8.75,76,359,5.91,100,0,10000,1023,8.75,76,359,5.91,100,0,10000,1023,8.75,76,359,5.91,100,0,10000,1023,8.75,76,359,5.91,100,0,10000,1023,8.75,76,359,5.91,100,0,10000,1023,8.75,76,359,5.91,100,0,10000
1028,9.84,61,10,4.63,75,0,10000,14,0,24,8,1028,9.56,62,352,4.95,81,0,10000,1028,9.56,62,352,4.95,81,0,10000,1028,9.56,62,352,4.95,81,0,10000,1028,9.56,62,352,4.95,81,0,10000,1028,9.56,62,352,4.95,81,0,10000,1028,9.56,62,352,4.95,81,0,10000,1028,9.56,62,352,4.95,81,0,10000,1028,9.56,62,352,4.95,81,0,10000,1028,9.56,62,352,4.95,81,0,10000,1028,9.56,62,352,4.95,81,0,10000,1028,9.56,62,352,4.95,81,0,10000,1028,9.56,62,352,4.95,81,0,10000
1028,9.84,61,10,4.63,75,0,10000,17,0,24,8,1027,8.41,77,347,4.36,90,0,10000,1027,8.41,77,347,4.36,90,0,10000,1027,8.41,77,347,4.36,90,0,10000,1027,8.41,77,347,4.36,90,0,10000,1027,8.41,77,347,4.36,90,0,10000,1027,8.41,77,347,4.36,90,0,10000,1027,8.41,77,347,4.36,90,0,10000,1027,8.41,77,347,4.36,90,0,10000,1027,8.41,77,347,4.36,90,0,10000,1027,8.41,77,347,4.36,90,0,10000,1027,8.41,77,347,4.36,90,0,10000,1027,8.41,77,347,4.36,90,0,10000
1028,9.84,61,10,4.63,75,0,10000,20,0,24,8,1025,7.46,83,17,4.16,100,0,10000,1025,7.46,83,17,4.16,100,0,10000,1025,7.46,83,17,4.16,100,0,10000,1025,7.46,83,17,4.16,100,0,10000,1025,7.46,83,17,4.16,100,0,10000,1025,7.46,83,17,4.16,100,0,10000,1025,7.46,83,17,4.16,100,0,10000,1025,7.46,83,17,4.16,100,0,10000,1025,7.46,83,17,4.16,100,0,10000,1025,7.46,83,17,4.16,100,0,10000,1025,7.46,83,17,4.16,100,0,10000,1025,7.46,83,17,4.16,100,0,10000
1028,9.84,61,10,4.63,75,0,10000,23,0,24,8,1025,6.89,78,17,3.13,96,0,10000,1025,6.89,78,17,3.13,96,0,10000,1025,6.89,78,17,3.13,96,0,10000,1025,6.89,78,17,3.13,96,0,10000,1025,6.89,78,17,3.13,96,0,10000,1025,6.89,78,17,3.13,96,0,10000,1025,6.89,78,17,3.13,96,0,10000,1025,6.89,78,17,3.13,96,0,10000,1025,6.89,78,17,3.13,96,0,10000,1025,6.89,78,17,3.13,96,0,10000,1025,6.89,78,17,3.13,96,0,10000,1025,6.89,78,17,3.13,96,0,10000
1028,9.84,61,10,4.63,75,0,10000,2,0,25,8,1024,7.69,82,14,3.51,100,0,10000,1024,7.69,82,14,3.51,100,0,10000,1024,7.69,82,14,3.51,100,0,10000,1024,7.69,82,14,3.51,100,0,10000,1024,7.69,82,14,3.51,100,0,10000,1024,7.69,82,14,3.51,100,0,10000,1024,7.69,82,14,3.51,100,0,10000,1024,7.69,82,14,3.51,100,0,10000,1024,7.69,82,14,3.51,100,0,10000,1024,7.69,82,14,3.51,100,0,10000,1024,7.69,82,14,3.51,100,0,10000,1024,7.69,82,14,3.51,100,0,10000
1028,9.84,61,10,4.63,75,0,10000,5,0,25,8,1023,7.65,86,29,2.55,100,0,10000,1023,7.65,86,29,2.55,100,0,10000,1023,7.65,86,29,2.55,100,0,10000,1023,7.65,86,29,2.55,100,0,10000,1023,7.65,86,29,2.55,100,0,10000,1023,7.65,86,29,2.55,100,0,10000,1023,7.65,86,29,2.55,100,0,10000,1023,7.65,86,29,2.55,100,0,10000,1023,7.65,86,29,2.55,100,0,10000,1023,7.65,86,29,2.55,100,0,10000,1023,7.65,86,29,2.55,100,0,10000,1023,7.65,86,29,2.55,100,0,10000
1028,9.84,61,10,4.63,75,0,10000,8,0,25,8,1024,7.8,85,18,2.31,100,0,10000,1024,7.8,85,18,2.31,100,0,10000,1024,7.8,85,18,2.31,100,0,10000,1024,7.8,85,18,2.31,100,0,10000,1024,7.8,85,18,2.31,100,0,10000,1024,7.8,85,18,2.31,100,0,10000,1024,7.8,85,18,2.31,100,0,10000,1024,7.8,85,18,2.31,100,0,10000,1024,7.8,85,18,2.31,100,0,10000,1024,7.8,85,18,2.31,100,0,10000,1024,7.8,85,18,2.31,100,0,10000,1024,7.8,85,18,2.31,100,0,10000
1028,9.84,61,10,4.63,75,0,10000,11,0,25,8,1023,8.75,76,359,5.91,100,0,10000,1023,8.75,76,359,5.91,100,0,10000,1023,8.75,76,359,5.91,100,0,10000,1023,8.75,76,359,5.91,100,0,10000,1023,8.75,76,359,5.91,100,0,10000,1023,8.75,76,359,5.91,100,0,10000,1023,8.75,76,359,5.91,100,0,10000,1023,8.75,76,359,5.91,100,0,10000,1023,8.75,76,359,5.91,100,0,10000,1023,8.75,76,359,5.91,100,0,10000,1023,8.75,76,359,5.91,100,0,10000,1023,8.75,76,359,5.91,100,0,10000
1028,9.84,61,10,4.63,75,0,10000,14,0,25,8,1028,9.56,62,352,4.95,81,0,10000,1028,9.56,62,352,4.95,81,0,10000,1028,9.56,62,352,4.95,81,0,10000,1028,9.56,62,352,4.95,81,0,10000,1028,9.56,62,352,4.95,81,0,10000,1028,9.56,62,352,4.95,81,0,10000,1028,9.56,62,352,4.95,81,0,10000,1028,9.56,62,352,4.95,81,0,10000,1028,9.56,62,352,4.95,81,0,10000,1028,9.56,62,352,4.95,81,0,10000,1028,9.56,62,352,4.95,81,0,10000,1028,9.56,62,352,4.95,81,0,10000
1028,9.84,61,10,4.63,75,0,10000,17,0,25,8,1027,8.41,77,347,4.36,90,0,10000,1027,8.41,77,347,4.36,90,0,10000,1027,8.41,77,347,4.36,90,0,10000,1027,8.41,77,347,4.36,90,0,10000,1027,8.41,77,347,4.36,90,0,10000,1027,8.41,77,347,4.36,90,0,10000,1027,8.41,77,347,4.36,90,0,10000,1027,8.41,77,347,4.36,90,0,10000,1027,8.41,77,347,4.36,90,0,10000,1027,8.41,77,347,4.36,90,0,10000,1027,8.41,77,347,4.36,90,0,10000,1027,8.41,77,347,4.36,90,0,10000
1028,9.84,61,10,4.63,75,0,10000,20,0,25,8,1025,7.46,83,17,4.16,100,0,10000,1025,7.46,83,17,4.16,100,0,10000,1025,7.46,83,17,4.16,100,0,10000,1025,7.46,83,17,4.16,100,0,10000,1025,7.46,83,17,4.16,100,0,10000,1025,7.46,83,17,4.16,100,0,10000,1025,7.46,83,17,4.16,100,0,10000,1025,7.46,83,17,4.16,100,0,10000,1025,7.46,83,17,4.16,100,0,10000,1025,7.46,83,17,4.16,100,0,10000,1025,7.46,83,17,4.16,100,0,10000,1025,7.46,83,17,4.16,100,0,10000
1028,9.84,61,10,4.63,75,0,10000,23,0,25,8,1025,6.89,78,17,3.13,96,0,10000,1025,6.89,78,17,3.13,96,0,10000,1025,6.89,78,17,3.13,96,0,10000,1025,6.89,78,17,3.13,96,0,10000,1025,6.89,78,17,3.13,96,0,10000,1025,6.89,78,17,3.13,96,0,10000,1025,6.89,78,17,3.13,96,0,10000,1025,6.89,78,17,3.13,96,0,10000,1025,6.89,78,17,3.13,96,0,10000,1025,6.89,78,17,3.13,96,0,10000,1025,6.89,78,17,3.13,96,0,10000,1025,6.89,78,17,3.13,96,0,10000
1028,9.84,61,10,4.63,75,0,10000,2,0,26,8,1024,7.69,82,14,3.51,100,0,10000,1024,7.69,82,14,3.51,100,0,10000,1024,7.69,82,14,3.51,100,0,10000,1024,7.69,82,14,3.51,100,0,10000,1024,7.69,82,14,3.51,100,0,10000,1024,7.69,82,14,3.51,100,0,10000,1024,7.69,82,14,3.51,100,0,10000,1024,7.69,82,14,3.51,100,0,10000,1024,7.69,82,14,3.51,100,0,10000,1024,7.69,82,14,3.51,100,0,10000,1024,7.69,82,14,3.51,100,0,10000,1024,7.69,82,14,3.51,100,0,10000
1028,9.84,61,10,4.63,75,0,10000,5,0,26,8,1023,7.65,86,29,2.55,100,0,10000,1023,7.65,86,29,2.55,100,0,10000,1023,7.65,86,29,2.55,100,0,10000,1023,7.65,86,29,2.55,100,0,10000,1023,7.65,86,29,2.55,100,0,10000,1023,7.65,86,29,2.55,100,0,10000,1023,7.65,86,29,2.55,100,0,10000,1023,7.65,86,29,2.55,100,0,10000,1023,7.65,86,29,2.55,100,0,10000,1023,7.65,86,29,2.55,100,0,10000,1023,7.65,86,29,2.55,100,0,10000,1023,7.65,86,29,2.55,100,0,10000
1028,9.84,61,10,4.63,75,0,10000,8,0,26,8,1024,7.8,85,18,2.31,100,0,10000,1024,7.8,85,18,2.31,100,0,10000,1024,7.8,85,18,2.31,100,0,10000,1024,7.8,85,18,2.31,100,0,10000,1024,7.8,85,18,2.31,100,0,10000,1024,7.8,85,18,2.31,100,0,10000,1024,7.8,85,18,2.31,100,0,10000,1024,7.8,85,18,2.31,100,0,10000,1024,7.8,85,18,2.31,100,0,10000,1024,7.8,85,18,2.31,100,0,10000,1024,7.8,85,18,2.31,100,0,10000,1024,7.8,85,18,2.31,100,0,10000
1028,9.84,61,10,4.63,75,0,10000,11,0,26,8,1023,8.75,76,359,5.91,100,0,10000,1023,8.75,76,359,5.91,100,0,10000,1023,8.75,76,359,5.91,100,0,10000,1023,8.75,76,359,5.91,100,0,10000,1023,8.75,76,359,5.91,100,0,10000,1023,8.75,76,359,5.91,100,0,10000,1023,8.75,76,359,5.91,100,0,10000,1023,8.75,76,359,5.91,100,0,10000,1023,8.75,76,359,5.91,100,0,10000,1023,8.75,76,359,5.91,100,0,10000,1023,8.75,76,359,5.91,100,0,10000,1023,8.75,76,359,5.91,100,0,10000
1028,9.84,61,10,4.63,75,0,10000,14,0,26,8,1028,9.56,62,352,4.95,81,0,10000,1028,9.56,62,352,4.95,81,0,10000,1028,9.56,62,352,4.95,81,0,10000,1028,9.56,62,352,4.95,81,0,10000,1028,9.56,62,352,4.95,81,0,10000,1028,9.56,62,352,4.95,81,0,10000,1028,9.56,62,352,4.95,81,0,10000,1028,9.56,62,352,4.95,81,0,10000,1028,9.56,62,352,4.95,81,0,10000,1028,9.56,62,352,4.95,81,0,10000,1028,9.56,62,352,4.95,81,0,10000,1028,9.56,62,352,4.95,81,0,10000
1028,9.84,61,10,4.63,75,0,10000,17,0,26,8,1027,8.41,77,347,4.36,90,0,10000,1027,8.41,77,347,4.36,90,0,10000,1027,8.41,77,347,4.36,90,0,10000,1027,8.41,77,347,4.36,90,0,10000,1027,8.41,77,347,4.36,90,0,10000,1027,8.41,77,347,4.36,90,0,10000,1027,8.41,77,347,4.36,90,0,10000,1027,8.41,77,347,4.36,90,0,10000,1027,8.41,77,347,4.36,90,0,10000,1027,8.41,77,347,4.36,90,0,10000,1027,8.41,77,347,4.36,90,0,10000,1027,8.41,77,347,4.36,90,0,10000
1028,9.84,61,10,4.63,75,0,10000,20,0,26,8,1025,7.46,83,17,4.16,100,0,10000,1025,7.46,83,17,4.16,100,0,10000,1025,7.46,83,17,4.16,100,0,10000,1025,7.46,83,17,4.16,100,0,10000,1025,7.46,83,17,4.16,100,0,10000,1025,7.46,83,17,4.16,100,0,10000,1025,7.46,83,17,4.16,100,0,10000,1025,7.46,83,17,4.16,100,0,10000,1025,7.46,83,17,4.16,100,0,10000,1025,7.46,83,17,4.16,100,0,10000,1025,7.46,83,17,4.16,100,0,10000,1025,7.46,83,17,4.16,100,0,10000
1028,9.84,61,10,4.63,75,0,10000,23,0,26,8,1025,6.89,78,17,3.13,96,0,10000,1025,6.89,78,17,3.13,96,0,10000,1025,6.89,78,17,3.13,96,0,10000,1025,6.89,78,17,3.13,96,0,10000,1025,6.89,78,17,3.13,96,0,10000,1025,6.89,78,17,3.13,96,0,10000,1025,6.89,78,17,3.13,96,0,10000,1025,6.89,78,17,3.13,96,0,10000,1025,6.89,78,17,3.13,96,0,10000,1025,6.89,78,17,3.13,96,0,10000,1025,6.89,78,17,3.13,96,0,10000,1025,6.89,78,17,3.13,96,0,10000
1028,9.84,61,10,4.63,75,0,10000,2,0,27,8,1024,7.69,82,14,3.51,100,0,10000,1024,7.69,82,14,3.51,100,0,10000,1024,7.69,82,14,3.51,100,0,10000,1024,7.69,82,14,3.51,100,0,10000,1024,7.69,82,14,3.51,100,0,10000,1024,7.69,82,14,3.51,100,0,10000,1024,7.69,82,14,3.51,100,0,10000,1024,7.69,82,14,3.51,100,0,10000,1024,7.69,82,14,3.51,100,0,10000,1024,7.69,82,14,3.51,100,0,10000,1024,7.69,82,14,3.51,100,0,10000,1024,7.69,82,14,3.51,100,0,10000
1028,9.84,61,10,4.63,75,0,10000,5,0,27,8,1023,7.65,86,29,2.55,100,0,10000,1023,7.65,86,29,2.55,100,0,10000,1023,7.65,86,29,2.55,100,0,10000,1023,7.65,86,29,2.55,100,0,10000,1023,7.65,86,29,2.55,100,0,10000,1023,7.65,86,29,2.55,100,0,10000,1023,7.65,86,29,2.55,100,0,10000,1023,7.65,86,29,2.55,100,0,10000,1023,7.65,86,29,2.55,100,0,10000,1023,7.65,86,29,2.55,100,0,10000,1023,7.65,86,29,2.55,100,0,10000,1023,7.65,86,29,2.55,100,0,10000
1028,9.84,61,10,4.63,75,0,10000,8,0,27,8,1024,7.8,85,18,2.31,100,0,10000,1024,7.8,85,18,2.31,100,0,10000,1024,7.8,85,18,2.31,100,0,10000,1024,7.8,85,18,2.31,100,0,10000,1024,7.8,85,18,2.31,100,0,10000,1024,7.8,85,18,2.31,100,0,10000,1024,7.8,85,18,2.31,100,0,10000,1024,7.8,85,18,2.31,100,0,10000,1024,7.8,85,18,2.31,100,0,10000,1024,7.8,85,18,2.31,100,0,10000,1024,7.8,85,18,2.31,100,0,10000,1024,7.8,85,18,2.31,100,0,10000
1028,9.84,61,10,4.63,75,0,10000,11,0,27,8,1023,8.75,76,359,5.91,100,0,10000,1023,8.75,76,359,5.91,100,0,10000,1023,8.75,76,359,5.91,100,0,10000,1023,8.75,76,359,5.91,100,0,10000,1023,8.75,76,359,5.91,100,0,10000,1023,8.75,76,359,5.91,100,0,10000,1023,8.75,76,359,5.91,100,0,10000,1023,8.75,76,359,5.91,100,0,10000,1023,8.75,76,359,5.91,100,0,10000,1023,8.75,76,359,5.91,100,0,10000,1023,8.75,76,359,5.91,100,0,10000,1023,8.75,76,359,5.91,100,0,10000
1028,9.84,61,10,4.63,75,0,10000,14,0,27,8,1028,9.56,62,352,4.95,81,0,10000,1028,9.56,62,352,4.95,81,0,10000,1028,9.56,62,352,4.95,81,0,10000,1028,9.56,62,352,4.95,81,0,10000,1028,9.56,62,352,4.95,81,0,10000,1028,9.56,62,352,4.95,81,0,10000,1028,9.56,62,352,4.95,81,0,10000,1028,9.56,62,352,4.95,81,0,10000,1028,9.56,62,352,4.95,81,0,10000,1028,9.56,62,352,4.95,81,0,10000,1028,9.56,62,352,4.95,81,0,10000,1028,9.56,62,352,4.95,81,0,10000
1028,9.84,61,10,4.63,75,0,10000,17,0,27,8,1027,8.41,77,347,4.36,90,0,10000,1027,8.41,77,347,4.36,90,0,10000,1027,8.41,77,347,4.36,90,0,10000,1027,8.41,77,347,4.36,90,0,10000,1027,8.41,77,347,4.36,90,0,10000,1027,8.41,77,347,4.36,90,0,10000,1027,8.41,77,347,4.36,90,0,10000,1027,8.41,77,347,4.36,90,0,10000,1027,8.41,77,347,4.36,90,0,10000,1027,8.41,77,347,4.36,90,0,10000,1027,8.41,77,347,4.36,90,0,10000,1027,8.41,77,347,4.36,90,0,10000
1028,9.84,61,10,4.63,75,0,10000,20,0,27,8,1025,7.46,83,17,4.16,100,0,10000,1025,7.46,83,17,4.16,100,0,10000,1025,7.46,83,17,4.16,100,0,10000,1025,7.46,83,17,4.16,100,0,10000,1025,7.46,83,17,4.16,100,0,10000,1025,7.46,83,17,4.16,100,0,10000,1025,7.46,83,17,4.16,100,0,10000,1025,7.46,83,17,4.16,100,0,10000,1025,7.46,83,17,4.16,100,0,10000,1025,7.46,83,17,4.16,100,0,10000,1025,7.46,83,17,4.16,100,0,10000,1025,7.46,83,17,4.16,100,0,10000
1028,9.84,61,10,4.63,75,0,10000,23,0,27,8,1025,6.89,78,17,3.13,96,0,10000,1025,6.89,78,17,3.13,96,0,10000,1025,6.89,78,17,3.13,96,0,10000,1025,6.89,78,17,3.13,96,0,10000,1025,6.89,78,17,3.13,96,0,10000,1025,6.89,78,17,3.13,96,0,10000,1025,6.89,78,17,3.13,96,0,10000,1025,6.89,78,17,3.13,96,0,10000,1025,6.89,78,17,3.13,96,0,10000,1025,6.89,78,17,3.13,96,0,10000,1025,6.89,78,17,3.13,96,0,10000,1025,6.89,78,17,3.13,96,0,10000
1028,9.84,61,10,4.63,75,0,10000,2,0,28,8,1024,7.69,82,14,3.51,100,0,10000,1024,7.69,82,14,3.51,100,0,10000,1024,7.69,82,14,3.51,100,0,10000,1024,7.69,82,14,3.51,100,0,10000,1024,7.69,82,14,3.51,100,0,10000,1024,7.69,82,14,3.51,100,0,10000,1024,7.69,82,14,3.51,100,0,10000,1024,7.69,82,14,3.51,100,0,10000,1024,7.69,82,14,3.51,100,0,10000,1024,7.69,82,14,3.51,100,0,10000,1024,7.69,82,14,3.51,100,0,10000,1024,7.69,82,14,3.51,100,0,10000
1028,9.84,61,10,4.63,75,0,10000,5,0,28,8,1023,7.65,86,29,2.55,100,0,10000,1023,7.65,86,29,2.55,100,0,10000,1023,7.65,86,29,2.55,100,0,10000,1023,7.65,86,29,2.55,100,0,10000,1023,7.65,86,29,2.55,100,0,10000,1023,7.65,86,29,2.55,100,0,10000,1023,7.65,86,29,2.55,100,0,10000,1023,7.65,86,29,2.55,100,0,10000,1023,7.65,86,29,2.55,100,0,10000,1023,7.65,86,29,2.55,100,0,10000,1023,7.65,86,29,2.55,100,0,10000,1023,7.65,86,29,2.55,100,0,10000
1028,9.84,61,10,4.63,75,0,10000,8,0,28,8,1024,7.8,85,18,2.31,100,0,10000,1024,7.8,85,18,2.31,100,0,10000,1024,7.8,85,18,2.31,100,0,10000,1024,7.8,85,18,2.31,100,0,10000,1024,7.8,85,18,2.31,100,0,10000,1024,7.8,85,18,2.31,100,0,10000,1024,7.8,85,18,2.31,100,0,10000,1024,7.8,85,18,2.31,100,0,10000,1024,7.8,85,18,2.31,100,0,10000,1024,7.8,85,18,2.31,100,0,10000,1024,7.8,85,18,2.31,100,0,10000,1024,7.8,85,18,2.31,100,0,10000
1028,9.84,61,10,4.63,75,0,10000,11,0,28,8,1023,8.75,76,359,5.91,100,0,10000,1023,8.75,76,359,5.91,100,0,10000,1023,8.75,76,359,5.91,100,0,10000,1023,8.75,76,359,5.91,100,0,10000,1023,8.75,76,359,5.91,100,0,10000,1023,8.75,76,359,5.91,100,0,10000,1023,8.75,76,359,5.91,100,0,10000,1023,8.75,76,359,5.91,100,0,10000,1023,8.75,76,359,5.91,100,0,10000,1023,8.75,76,359,5.91,100,0,10000,1023,8.75,76,359,5.91,100,0,10000,1023,8.75,76,359,5.91,100,0,10000
1028,9.84,61,10,4.63,75,0,10000,14,0,28,8,1028,9.56,62,352,4.95,81,0,10000,1028,9.56,62,352,4.95,81,0,10000,1028,9.56,62,352,4.95,81,0,10000,1028,9.56,62,352,4.95,81,0,10000,1028,9.56,62,352,4.95,81,0,10000,1028,9.56,62,352,4.95,81,0,10000,1028,9.56,62,352,4.95,81,0,10000,1028,9.56,62,352,4.95,81,0,10000,1028,9.56,62,352,4.95,81,0,10000,1028,9.56,62,352,4.95,81,0,10000,1028,9.56,62,352,4.95,81,0,10000,1028,9.56,62,352,4.95,81,0,10000
1028,9.84,61,10,4.63,75,0,10000,17,0,28,8,1027,8.41,77,347,4.36,90,0,10000,1027,8.41,77,347,4.36,90,0,10000,1027,8.41,77,347,4.36,90,0,10000,1027,8.41,77,347,4.36,90,0,10000,1027,8.41,77,347,4.36,90,0,10000,1027,8.41,77,347,4.36,90,0,10000,1027,8.41,77,347,4.36,90,0,10000,1027,8.41,77,347,4.36,90,0,10000,1027,8.41,77,347,4.36,90,0,10000,1027,8.41,77,347,4.36,90,0,10000,1027,8.41,77,347,4.36,90,0,10000,1027,8.41,77,347,4.36,90,0,10000
1028,9.84,61,10,4.63,75,0,10000,20,0,28,8,1025,7.46,83,17,4.16,100,0,10000,1025,7.46,83,17,4.16,100,0,10000,1025,7.46,83,17,4.16,100,0,10000,1025,7.46,83,17,4.16,100,0,10000,1025,7.46,83,17,4.16,100,0,10000,1025,7.46,83,17,4.16,100,0,10000,1025,7.46,83,17,4.16,100,0,10000,1025,7.46,83,17,4.16,100,0,10000,1025,7.46,83,17,4.16,100,0,10000,1025,7.46,83,17,4.16,100,0,10000,1025,7.46,83,17,4.16,100,0,10000,1025,7.46,83,17,4.16,100,0,10000
1028,9.84,61,10,4.63,75,0,10000,23,0,28,8,1025,6.89,78,17,3.13,96,0,10000,1025,6.89,78,17,3.13,96,0,10000,1025,6.89,78,17,3.13,96,0,10000,1025,6.89,78,17,3.13,96,0,10000,1025,6.89,78,17,3.13,96,0,10000,1025,6.89,78,17,3.13,96,0,10000,1025,6.89,78,17,3.13,96,0,10000,1025,6.89,78,17,3.13,96,0,10000,1025,6.89,78,17,3.13,96,0,10000,1025,6.89,78,17,3.13,96,0,10000,1025,6.89,78,17,3.13,96,0,10000,1025,6.89,78,17,3.13,96,0,10000
1028,9.84,61,10,4.63,75,0,10000,2,0,29,8,1024,7.69,82,14,3.51,100,0,10000,1024,7.69,82,14,3.51,100,0,10000,1024,7.69,82,14,3.51,100,0,10000,1024,7.69,82,14,3.51,100,0,10000,1024,7.69,82,14,3.51,100,0,10000,1024,7.69,82,14,3.51,100,0,10000,1024,7.69,82,14,3.51,100,0,10000,1024,7.69,82,14,3.51,100,0,10000,1024,7.69,82,14,3.51,100,0,10000,1024,7.69,82,14,3.51,100,0,10000,1024,7.69,82,14,3.51,100,0,10000,1024,7.69,82,14,3.51,100,0,10000
1028,9.84,61,10,4.63,75,0,10000,5,0,29,8,1023,7.65,86,29,2.55,100,0,10000,1023,7.65,86,29,2.55,100,0,10000,1023,7.65,86,29,2.55,100,0,10000,1023,7.65,86,29,2.55,100,0,10000,1023,7.65,86,29,2.55,100,0,10000,1023,7.65,86,29,2.55,100,0,10000,1023,7.65,86,29,2.55,100,0,10000,1023,7.65,86,29,2.55,100,0,10000,1023,7.65,86,29,2.55,100,0,10000,1023,7.65,86,29,2.55,100,0,10000,1023,7.65,86,29,2.55,100,0,10000,1023,7.65,86,29,2.55,100,0,10000
1028,9.84,61,10,4.63,75,0,10000,8,0,29,8,1024,7.8,85,18,2.31,100,0,10000,1024,7.8,85,18,2.31,100,0,10000,1024,7.8,85,18,2.31,100,0,10000,1024,7.8,85,18,2.31,100,0,10000,1024,7.8,85,18,2.31,100,0,10000,1024,7.8,85,18,2.31,100,0,10000,1024,7.8,85,18,2.31,100,0,10000,1024,7.8,85,18,2.31,100,0,10000,1024,7.8,85,18,2.31,100,0,10000,1024,7.8,85,18,2.31,100,0,10000,1024,7.8,85,18,2.31,100,0,10000,1024,7.8,85,18,2.31,100,0,10000
1028,9.84,61,10,4.63,75,0,10000,11,0,29,8,1023,8.75,76,359,5.91,100,0,10000,1023,8.75,76,359,5.91,100,0,10000,1023,8.75,76,359,5.91,100,0,10000,1023,8.75,76,359,5.91,100,0,10000,1023,8.75,76,359,5.91,100,0,10000,1023,8.75,76,359,5.91,100,0,10000,1023,8.75,76,359,5.91,100,0,10000,1023,8.75,76,359,5.91,100,0,10000,1023,8.75,76,359,5.91,100,0,10000,1023,8.75,76,359,5.91,100,0,10000,1023,8.75,76,359,5.91,100,0,10000,1023,8.75,76,359,5.91,100,0,10000
1028,9.84,61,10,4.63,75,0,10000,14,0,29,8,1028,9.56,62,352,4.95,81,0,10000,1028,9.56,62,352,4.95,81,0,10000,1028,9.56,62,352,4.95,81,0,10000,1028,9.56,62,352,4.95,81,0,10000,1028,9.56,62,352,4.95,81,0,10000,1028,9.56,62,352,4.95,81,0,10000,1028,9.56,62,352,4.95,81,0,10000,1028,9.56,62,352,4.95,81,0,10000,1028,9.56,62,352,4.95,81,0,10000,1028,9.56,62,352,4.95,81,0,10000,1028,9.56,62,352,4.95,81,0,10000,1028,9.56,62,352,4.95,81,0,10000
1028,9.84,61,10,4.63,75,0,10000,17,0,29,8,1027,8.41,77,347,4.36,90,0,10000,1027,8.41,77,347,4.36,90,0,10000,1027,8.41,77,347,4.36,90,0,10000,1027,8.41,77,347,4.36,90,0,10000,1027,8.41,77,347,4.36,90,0,10000,1027,8.41,77,347,4.36,90,0,10000,1027,8.41,77,347,4.36,90,0,10000,1027,8.41,77,347,4.36,90,0,10000,1027,8.41,77,347,4.36,90,0,10000,1027,8.41,77,347,4.36,90,0,10000,1027,8.41,77,347,4.36,90,0,10000,1027,8.41,77,347,4.36,90,0,10000
1028,9.84,61,10,4.63,75,0,10000,20,0,29,8,1025,7.46,83,17,4.16,100,0,10000,1025,7.46,83,17,4.16,100,0,10000,1025,7.46,83,17,4.16,100,0,10000,1025,7.46,83,17,4.16,100,0,10000,1025,7.46,83,17,4.16,100,0,10000,1025,7.46,83,17,4.16,100,0,10000,1025,7.46,83,17,4.16,100,0,10000,1025,7.46,83,17,4.16,100,0,10000,1025,7.46,83,17,4.16,100,0,10000,1025,7.46,83,17,4.16,100,0,10000,1025,7.46,83,17,4.16,100,0,10000,1025,7.46,83,17,4.16,100,0,10000
1028,9.84,61,10,4.63,75,0,10000,23,0,29,8,1025,6.89,78,17,3.13,96,0,10000,1025,6.89,78,17,3.13,96,0,10000,1025,6.89,78,17,3.13,96,0,10000,1025,6.89,78,17,3.13,96,0,10000,1025,6.89,78,17,3.13,96,0,10000,1025,6.89,78,17,3.13,96,0,10000,1025,6.89,78,17,3.13,96,0,10000,1025,6.89,78,17,3.13,96,0,10000,1025,6.89,78,17,3.13,96,0,10000,1025,6.89,78,17,3.13,96,0,10000,1025,6.89,78,17,3.13,96,0,10000,1025,6.89,78,17,3.13,96,0,10000
1028,9.84,61,10,4.63,75,0,10000,2,0,30,8,1024,7.69,82,14,3.51,100,0,10000,1024,7.69,82,14,3.51,100,0,10000,1024,7.69,82,14,3.51,100,0,10000,1024,7.69,82,14,3.51,100,0,10000,1024,7.69,82,14,3.51,100,0,10000,1024,7.69,82,14,3.51,100,0,10000,1024,7.69,82,14,3.51,100,0,10000,1024,7.69,82,14,3.51,100,0,10000,1024,7.69,82,14,3.51,100,0,10000,1024,7.69,82,14,3.51,100,0,10000,1024,7.69,82,14,3.51,100,0,10000,1024,7.69,82,14,3.51,100,0,10000
1028,9.84,61,10,4.63,75,0,10000,5,0,30,8,1023,7.65,86,29,2.55,100,0,10000,1023,7.65,86,29,2.55,100,0,10000,1023,7.65,86,29,2.55,100,0,10000,1023,7.65,86,29,2.55,100,0,10000,1023,7.65,86,29,2.55,100,0,10000,1023,7.65,86,29,2.55,100,0,10000,1023,7.65,86,29,2.55,100,0,10000,1023,7.65,86,29,2.55,100,0,10000,1023,7.65,86,29,2.55,100,0,10000,1023,7.65,86,29,2.55,100,0,10000,1023,7.65,86,29,2.55,100,0,10000,1023,7.65,86,29,2.55,100,0,10000
1028,9.84,61,10,4.63,75,0,10000,8,0,30,8,1024,7.8,85,18,2.31,100,0,10000,1024,7.8,85,18,2.31,100,0,10000,1024,7.8,85,18,2.31,100,0,10000,1024,7.8,85,18,2.31,100,0,10000,1024,7.8,85,18,2.31,100,0,10000,1024,7.8,85,18,2.31,100,0,10000,1024,7.8,85,18,2.31,100,0,10000,1024,7.8,85,18,2.31,100,0,10000,1024,7.8,85,18,2.31,100,0,10000,1024,7.8,85,18,2.31,100,0,10000,1024,7.8,85,18,2.31,100,0,10000,1024,7.8,85,18,2.31,100,0,10000
1028,9.84,61,10,4.63,75,0,10000,11,0,30,8,1023,8.75,76,359,5.91,100,0,10000,1023,8.75,76,359,5.91,100,0,10000,1023,8.75,76,359,5.91,100,0,10000,1023,8.75,76,359,5.91,100,0,10000,1023,8.75,76,359,5.91,100,0,10000,1023,8.75,76,359,5.91,100,0,10000,1023,8.75,76,359,5.91,100,0,10000,1023,8.75,76,359,5.91,100,0,10000,1023,8.75,76,359,5.91,100,0,10000,1023,8.75,76,359,5.91,100,0,10000,1023,8.75,76,359,5.91,100,0,10000,1023,8.75,76,359,5.91,100,0,10000
1028,9.84,61,10,4.63,75,0,10000,14,0,30,8,1028,9.56,62,352,4.95,81,0,10000,1028,9.56,62,352,4.95,81,0,10000,1028,9.56,62,352,4.95,81,0,10000,1028,9.56,62,352,4.95,81,0,10000,1028,9.56,62,352,4.95,81,0,10000,1028,9.56,62,352,4.95,81,0,10000,1028,9.56,62,352,4.95,81,0,10000,1028,9.56,62,352,4.95,81,0,10000,1028,9.56,62,352,4.95,81,0,10000,1028,9.56,62,352,4.95,81,0,10000,1028,9.56,62,352,4.95,81,0,10000,1028,9.56,62,352,4.95,81,0,10000
1028,9.84,61,10,4.63,75,0,10000,17,0,30,8,1027,8.41,77,347,4.36,90,0,10000,1027,8.41,77,347,4.36,90,0,10000,1027,8.41,77,347,4.36,90,0,10000,1027,8.41,77,347,4.36,90,0,10000,1027,8.41,77,347,4.36,90,0,10000,1027,8.41,77,347,4.36,90,0,10000,1027,8.41,77,347,4.36,90,0,10000,1027,8.41,77,347,4.36,90,0,10000,1027,8.41,77,347,4.36,90,0,10000,1027,8.41,77,347,4.36,90,0,10000,1027,8.41,77,347,4.36,90,0,10000,1027,8.41,77,347,4.36,90,0,10000
1028,9.84,61,10,4.63,75,0,10000,20,0,30,8,1025,7.46,83,17,4.16,100,0,10000,1025,7.46,83,17,4.16,100,0,10000,1025,7.46,83,17,4.16,100,0,10000,1025,7.46,83,17,4.16,100,0,10000,1025,7.46,83,17,4.16,100,0,10000,1025,7.46,83,17,4.16,100,0,10000,1025,7.46,83,17,4.16,100,0,10000,1025,7.46,83,17,4.16,100,0,10000,1025,7.46,83,17,4.16,100,0,10000,1025,7.46,83,17,4.16,100,0,10000,1025,7.46,83,17,4.16,100,0,10000,1025,7.46,83,17,4.16,100,0,10000
1028,9.84,61,10,4.63,75,0,10000,23,0,30,8,1025,6.89,78,17,3.13,96,0,10000,1025,6.89,78,17,3.13,96,0,10000,1025,6.89,78,17,3.13,96,0,10000,1025,6.89,78,17,3.13,96,0,10000,1025,6.89,78,17,3.13,96,0,10000,1025,6.89,78,17,3.13,96,0,10000,1025,6.89,78,17,3.13,96,0,10000,1025,6.89,78,17,3.13,96,0,10000,1025,6.89,78,17,3.13,96,0,10000,1025,6.89,78,17,3.13,96,0,10000,1025,6.89,78,17,3.13,96,0,10000,1025,6.89,78,17,3.13,96,0,10000
1028,9.84,61,10,4.63,75,0,10000,2,0,31,8,1024,7.69,82,14,3.51,100,0,10000,1024,7.69,82,14,3.51,100,0,10000,1024,7.69,82,14,3.51,100,0,10000,1024,7.69,82,14,3.51,100,0,10000,1024,7.69,82,14,3.51,100,0,10000,1024,7.69,82,14,3.51,100,0,10000,1024,7.69,82,14,3.51,100,0,10000,1024,7.69,82,14,3.51,100,0,10000,1024,7.69,82,14,3.51,100,0,10000,1024,7.69,82,14,3.51,100,0,10000,1024,7.69,82,14,3.51,100,0,10000,1024,7.69,82,14,3.51,100,0,10000
1028,9.84,61,10,4.63,75,0,10000,5,0,31,8,1023,7.65,86,29,2.55,100,0,10000,1023,7.65,86,29,2.55,100,0,10000,1023,7.65,86,29,2.55,100,0,10000,1023,7.65,86,29,2.55,100,0,10000,1023,7.65,86,29,2.55,100,0,10000,1023,7.65,86,29,2.55,100,0,10000,1023,7.65,86,29,2.55,100,0,10000,1023,7.65,86,29,2.55,100,0,10000,1023,7.65,86,29,2.55,100,0,10000,1023,7.65,86,29,2.55,100,0,10000,1023,7.65,86,29,2.55,100,0,10000,1023,7.65,86,29,2.55,100,0,10000
1028,9.84,61,10,4.63,75,0,10000,8,0,31,8,1024,7.8,85,18,2.31,100,0,10000,1024,7.8,85,18,2.31,100,0,10000,1024,7.8,85,18,2.31,100,0,10000,1024,7.8,85,18,2.31,100,0,10000,1024,7.8,85,18,2.31,100,0,10000,1024,7.8,85,18,2.31,100,0,10000,1024,7.8,85,18,2.31,100,0,10000,1024,7.8,85,18,2.31,100,0,10000,1024,7.8,85,18,2.31,100,0,10000,1024,7.8,85,18,2.31,100,0,10000,1024,7.8,85,18,2.31,100,0,10000,1024,7.8,85,18,2.31,100,0,10000
1028,9.84,61,10,4.63,75,0,10000,11,0,31,8,1023,8.75,76,359,5.91,100,0,10000,1023,8.75,76,359,5.91,100,0,10000,1023,8.75,76,359,5.91,100,0,10000,1023,8.75,76,359,5.91,100,0,10000,1023,8.75,76,359,5.91,100,0,10000,1023,8.75,76,359,5.91,100,0,10000,1023,8.75,76,359,5.91,100,0,10000,1023,8.75,76,359,5.91,100,0,10000,1023,8.75,76,359,5.91,100,0,10000,1023,8.75,76,359,5.91,100,0,10000,1023,8.75,76,359,5.91,100,0,10000,1023,8.75,76,359,5.91,100,0,10000
1028,9.84,61,10,4.63,75,0,10000,14,0,31,8,1028,9.56,62,352,4.95,81,0,10000,1028,9.56,62,352,4.95,81,0,10000,1028,9.56,62,352,4.95,81,0,10000,1028,9.56,62,352,4.95,81,0,10000,1028,9.56,62,352,4.95,81,0,10000,1028,9.56,62,352,4.95,81,0,10000,1028,9.56,62,352,4.95,81,0,10000,1028,9.56,62,352,4.95,81,0,10000,1028,9.56,62,352,4.95,81,0,10000,1028,9.56,62,352,4.95,81,0,10000,1028,9.56,62,352,4.95,81,0,10000,1028,9.56,62,352,4.95,81,0,10000
1028,9.84,61,10,4.63,75,0,10000,17,0,31,8,1027,8.41,77,347,4.36,90,0,10000,1027,8.41,77,347,4.36,90,0,10000,1027,8.41,77,347,4.36,90,0,10000,1027,8.41,77,347,4.36,90,0,10000,1027,8.41,77,347,4.36,90,0,10000,1027,8.41,77,347,4.36,90,0,10000,1027,8.41,77,347,4.36,90,0,10000,1027,8.41,77,347,4.36,90,0,10000,1027,8.41,77,347,4.36,90,0,10000,1027,8.41,77,347,4.36,90,0,10000,1027,8.41,77,347,4.36,90,0,10000,1027,8.41,77,347,4.36,90,0,10000
1028,9.84,61,10,4.63,75,0,10000,20,0,31,8,1025,7.46,83,17,4.16,100,0,10000,1025,7.46,83,17,4.16,100,0,10000,1025,7.46,83,17,4.16,100,0,10000,1025,7.46,83,17,4.16,100,0,10000,1025,7.46,83,17,4.16,100,0,10000,1025,7.46,83,17,4.16,100,0,10000,1025,7.46,83,17,4.16,100,0,10000,1025,7.46,83,17,4.16,100,0,10000,1025,7.46,83,17,4.16,100,0,10000,1025,7.46,83,17,4.16,100,0,10000,1025,7.46,83,17,4.16,100,0,10000,1025,7.46,83,17,4.16,100,0,10000
1028,9.84,61,10,4.63,75,0,10000,23,0,31,8,1025,6.89,78,17,3.13,96,0,10000,1025,6.89,78,17,3.13,96,0,10000,1025,6.89,78,17,3.13,96,0,10000,1025,6.89,78,17,3.13,96,0,10000,1025,6.89,78,17,3.13,96,0,10000,1025,6.89,78,17,3.13,96,0,10000,1025,6.89,78,17,3.13,96,0,10000,1025,6.89,78,17,3.13,96,0,10000,1025,6.89,78,17,3.13,96,0,10000,1025,6.89,78,17,3.13,96,0,10000,1025,6.89,78,17,3.13,96,0,10000,1025,6.89,78,17,3.13,96,0,10000
1028,9.84,61,10,4.63,75,0,10000,2,0,1,9,1024,7.69,82,14,3.51,100,0,10000,1024,7.69,82,14,3.51,100,0,10000,1024,7.69,82,14,3.51,100,0,10000,1024,7.69,82,14,3.51,100,0,10000,1024,7.69,82,14,3.51,100,0,10000,1024,7.69,82,14,3.51,100,0,10000,1024,7.69,82,14,3.51,100,0,10000,1024,7.69,82,14,3.51,100,0,10000,1024,7.69,82,14,3.51,100,0,10000,1024,7.69,82,14,3.51,100,0,10000,1024,7.69,82,14,3.51,100,0,10000,1024,7.69,82,14,3.51,100,0,10000
1028,9.84,61,10,4.63,75,0,10000,5,0,1,9,1023,7.65,86,29,2.55,100,0,10000,1023,7.65,86,29,2.55,100,0,10000,1023,7.65,86,29,2.55,100,0,10000,1023,7.65,86,29,2.55,100,0,10000,1023,7.65,86,29,2.55,100,0,10000,1023,7.65,86,29,2.55,100,0,10000,1023,7.65,86,29,2.55,100,0,10000,1023,7.65,86,29,2.55,100,0,10000,1023,7.65,86,29,2.55,100,0,10000,1023,7.65,86,29,2.55,100,0,10000,1023,7.65,86,29,2.55,100,0,10000,1023,7.65,86,29,2.55,100,0,10000
1028,9.84,61,10,4.63,75,0,10000,8,0,1,9,1024,7.8,85,18,2.31,100,0,10000,1024,7.8,85,18,2.31,100,0,10000,1024,7.8,85,18,2.31,100,0,10000,1024,7.8,85,18,2.31,100,0,10000,1024,7.8,85,18,2.31,100,0,10000,1024,7.8,85,18,2.31,100,0,10000,1024,7.8,85,18,2.31,100,0,10000,1024,7.8,85,18,2.31,100,0,10000,1024,7.8,85,18,2.31,100,0,10000,1024,7.8,85,18,2.31,100,0,10000,1024,7.8,85,18,2.31,100,0,10000,1024,7.8,85,18,2.31,100,0,10000
1028,9.84,61,10,4.63,75,0,10000,11,0,1,9,1023,8.75,76,359,5.91,100,0,10000,1023,8.75,76,359,5.91,100,0,10000,1023,8.75,76,359,5.91,100,0,10000,1023,8.75,76,359,5.91,100,0,10000,1023,8.75,76,359,5.91,100,0,10000,1023,8.75,76,359,5.91,100,0,10000,1023,8.75,76,359,5.91,100,0,10000,1023,8.75,76,359,5.91,100,0,10000,1023,8.75,76,359,5.91,100,0,10000,1023,8.75,76,359,5.91,100,0,10000,1023,8.75,76,359,5.91,100,0,10000,1023,8.75,76,359,5.91,100,0,10000
1028,9.84,61,10,4.63,75,0,10000,14,0,1,9,1028,9.56,62,352,4.95,81,0,10000,1028,9.56,62,352,4.95,81,0,10000,1028,9.56,62,352,4.95,81,0,10000,1028,9.56,62,352,4.95,81,0,10000,1028,9.56,62,352,4.95,81,0,10000,1028,9.56,62,352,4.95,81,0,10000,1028,9.56,62,352,4.95,81,0,10000,1028,9.56,62,352,4.95,81,0,10000,1028,9.56,62,352,4.95,81,0,10000,1028,9.56,62,352,4.95,81,0,10000,1028,9.56,62,352,4.95,81,0,10000,1028,9.56,62,352,4.95,81,0,10000
1028,9.84,61,10,4.63,75,0,10000,17,0,1,9,1027,8.41,77,347,4.36,90,0,10000,1027,8.41,77,347,4.36,90,0,10000,1027,8.41,77,347,4.36,90,0,10000,1027,8.41,77,347,4.36,90,0,10000,1027,8.41,77,347,4.36,90,0,10000,1027,8.41,77,347,4.36,90,0,10000,1027,8.41,77,347,4.36,90,0,10000,1027,8.41,77,347,4.36,90,0,10000,1027,8.41,77,347,4.36,90,0,10000,1027,8.41,77,347,4.36,90,0,10000,1027,8.41,77,347,4.36,90,0,10000,1027,8.41,77,347,4.36,90,0,10000
1028,9.84,61,10,4.63,75,0,10000,20,0,1,9,1025,7.46,83,17,4.16,100,0,10000,1025,7.46,83,17,4.16,100,0,10000,1025,7.46,83,17,4.16,100,0,10000,1025,7.46,83,17,4.16,100,0,10000,1025,7.46,83,17,4.16,100,0,10000,1025,7.46,83,17,4.16,100,0,10000,1025,7.46,83,17,4.16,100,0,10000,1025,7.46,83,17,4.16,100,0,10000,1025,7.46,83,17,4.16,100,0,10000,1025,7.46,83,17,4.16,100,0,10000,1025,7.46,83,17,4.16,100,0,10000,1025,7.46,83,17,4.16,100,0,10000
1028,9.84,61,10,4.63,75,0,10000,23,0,1,9,1025,6.89,78,17,3.13,96,0,10000,1025,6.89,78,17,3.13,96,0,10000,1025,6.89,78,17,3.13,96,0,10000,1025,6.89,78,17,3.13,96,0,10000,1025,6.89,78,17,3.13,96,0,10000,1025,6.89,78,17,3.13,96,0,10000,1025,6.89,78,17,3.13,96,0,10000,1025,6.89,78,17,3.13,96,0,10000,1025,6.89,78,17,3.13,96,0,10000,1025,6.89,78,17,3.13,96,0,10000,1025,6.89,78,17,3.13,96,0,10000,1025,6.89,78,17,3.13,96,0,10000
1028,9.84,61,10,4.63,75,0,10000,2,0,2,9,1024,7.69,82,14,3.51,100,0,10000,1024,7.69,82,14,3.51,100,0,10000,1024,7.69,82,14,3.51,100,0,10000,1024,7.69,82,14,3.51,100,0,10000,1024,7.69,82,14,3.51,100,0,10000,1024,7.69,82,14,3.51,100,0,10000,1024,7.69,82,14,3.51,100,0,10000,1024,7.69,82,14,3.51,100,0,10000,1024,7.69,82,14,3.51,100,0,10000,1024,7.69,82,14,3.51,100,0,10000,1024,7.69,82,14,3.51,100,0,10000,1024,7.69,82,14,3.51,100,0,10000
1028,9.84,61,10,4.63,75,0,10000,5,0,2,9,1023,7.65,86,29,2.55,100,0,10000,1023,7.65,86,29,2.55,100,0,10000,1023,7.65,86,29,2.55,100,0,10000,1023,7.65,86,29,2.55,100,0,10000,1023,7.65,86,29,2.55,100,0,10000,1023,7.65,86,29,2.55,100,0,10000,1023,7.65,86,29,2.55,100,0,10000,1023,7.65,86,29,2.55,100,0,10000,1023,7.65,86,29,2.55,100,0,10000,1023,7.65,86,29,2.55,100,0,10000,1023,7.65,86,29,2.55,100,0,10000,1023,7.65,86,29,2.55,100,0,10000
1028,9.84,61,10,4.63,75,0,10000,8,0,2,9,1024,7.8,85,18,2.31,100,0,10000,1024,7.8,85,18,2.31,100,0,10000,1024,7.8,85,18,2.31,100,0,10000,1024,7.8,85,18,2.31,100,0,10000,1024,7.8,85,18,2.31,100,0,10000,1024,7.8,85,18,2.31,100,0,10000,1024,7.8,85,18,2.31,100,0,10000,1024,7.8,85,18,2.31,100,0,10000,1024,7.8,85,18,2.31,100,0,10000,1024,7.8,85,18,2.31,100,0,10000,1024,7.8,85,18,2.31,100,0,10000,1024,7.8,85,18,2.31,100,0,10000
1028,9.84,61,10,4.63,75,0,10000,11,0,2,9,1023,8.75,76,359,5.91,100,0,10000,1023,8.75,76,359,5.91,100,0,10000,1023,8.75,76,359,5.91,100,0,10000,1023,8.75,76,359,5.91,100,0,10000,1023,8.75,76,359,5.91,100,0,10000,1023,8.75,76,359,5.91,100,0,10000,1023,8.75,76,359,5.91,100,0,10000,1023,8.75,76,359,5.91,100,0,10000,1023,8.75,76,359,5.91,100,0,10000,1023,8.75,76,359,5.91,100,0,10000,1023,8.75,76,359,5.91,100,0,10000,1023,8.75,76,359,5.91,100,0,10000
1028,9.84,61,10,4.63,75,0,10000,14,0,2,9,1028,9.56,62,352,4.95,81,0,10000,1028,9.56,62,352,4.95,81,0,10000,1028,9.56,62,352,4.95,81,0,10000,1028,9.56,62,352,4.95,81,0,10000,1028,9.56,62,352,4.95,81,0,10000,1028,9.56,62,352,4.95,81,0,10000,1028,9.56,62,352,4.95,81,0,10000,1028,9.56,62,352,4.95,81,0,10000,1028,9.56,62,352,4.95,81,0,10000,1028,9.56,62,352,4.95,81,0,10000,1028,9.56,62,352,4.95,81,0,10000,1028,9.56,62,352,4.95,81,0,10000
1028,9.84,61,10,4.63,75,0,10000,17,0,2,9,1027,8.41,77,347,4.36,90,0,10000,1027,8.41,77,347,4.36,90,0,10000,1027,8.41,77,347,4.36,90,0,10000,1027,8.41,77,347,4.36,90,0,10000,1027,8.41,77,347,4.36,90,0,10000,1027,8.41,77,347,4.36,90,0,10000,1027,8.41,77,347,4.36,90,0,10000,1027,8.41,77,347,4.36,90,0,10000,1027,8.41,77,347,4.36,90,0,10000,1027,8.41,77,347,4.36,90,0,10000,1027,8.41,77,347,4.36,90,0,10000,1027,8.41,77,347,4.36,90,0,10000
1028,9.84,61,10,4.63,75,0,10000,20,0,2,9,1025,7.46,83,17,4.16,100,0,10000,1025,7.46,83,17,4.16,100,0,10000,1025,7.46,83,17,4.16,100,0,10000,1025,7.46,83,17,4.16,100,0,10000,1025,7.46,83,17,4.16,100,0,10000,1025,7.46,83,17,4.16,100,0,10000,1025,7.46,83,17,4.16,100,0,10000,1025,7.46,83,17,4.16,100,0,10000,1025,7.46,83,17,4.16,100,0,10000,1025,7.46,83,17,4.16,100,0,10000,1025,7.46,83,17,4.16,100,0,10000,1025,7.46,83,17,4.16,100,0,10000
1028,9.84,61,10,4.63,75,0,10000,23,0,2,9,1025,6.89,78,17,3.13,96,0,10000,1025,6.89,78,17,3.13,96,0,10000,1025,6.89,78,17,3.13,96,0,10000,1025,6.89,78,17,3.13,96,0,10000,1025,6.89,78,17,3.13,96,0,10000,1025,6.89,78,17,3.13,96,0,10000,1025,6.89,78,17,3.13,96,0,10000,1025,6.89,78,17,3.13,96,0,10000,1025,6.89,78,17,3.13,96,0,10000,1025,6.89,78,17,3.13,96,0,10000,1025,6.89,78,17,3.13,96,0,10000,1025,6.89,78,17,3.13,96,0,10000
1028,9.84,61,10,4.63,75,0,10000,2,0,3,9,1024,7.69,82,14,3.51,100,0,10000,1024,7.69,82,14,3.51,100,0,10000,1024,7.69,82,14,3.51,100,0,10000,1024,7.69,82,14,3.51,100,0,10000,1024,7.69,82,14,3.51,100,0,10000,1024,7.69,82,14,3.51,100,0,10000,1024,7.69,82,14,3.51,100,0,10000,1024,7.69,82,14,3.51,100,0,10000,1024,7.69,82,14,3.51,100,0,10000,1024,7.69,82,14,3.51,100,0,10000,1024,7.69,82,14,3.51,100,0,10000,1024,7.69,82,14,3.51,100,0,10000
1028,9.84,61,10,4.63,75,0,10000,5,0,3,9,1023,7.65,86,29,2.55,100,0,10000,1023,7.65,86,29,2.55,100,0,10000,1023,7.65,86,29,2.55,100,0,10000,1023,7.65,86,29,2.55,100,0,10000,1023,7.65,86,29,2.55,100,0,10000,1023,7.65,86,29,2.55,100,0,10000,1023,7.65,86,29,2.55,100,0,10000,1023,7.65,86,29,2.55,100,0,10000,1023,7.65,86,29,2.55,100,0,10000,1023,7.65,86,29,2.55,100,0,10000,1023,7.65,86,29,2.55,100,0,10000,1023,7.65,86,29,2.55,100,0,10000
1028,9.84,61,10,4.63,75,0,10000,8,0,3,9,1024,7.8,85,18,2.31,100,0,10000,1024,7.8,85,18,2.31,100,0,10000,1024,7.8,85,18,2.31,100,0,10000,1024,7.8,85,18,2.31,100,0,10000,1024,7.8,85,18,2.31,100,0,10000,1024,7.8,85,18,2.31,100,0,10000,1024,7.8,85,18,2.31,100,0,10000,1024,7.8,85,18,2.31,100,0,10000,1024,7.8,85,18,2.31,100,0,10000,1024,7.8,85,18,2.31,100,0,10000,1024,7.8,85,18,2.31,100,0,10000,1024,7.8,85,18,2.31,100,0,10000
1028,9.84,61,10,4.63,75,0,10000,11,0,3,9,1023,8.75,76,359,5.91,100,0,10000,1023,8.75,76,359,5.91,100,0,10000,1023,8.75,76,359,5.91,100,0,10000,1023,8.75,76,359,5.91,100,0,10000,1023,8.75,76,359,5.91,100,0,10000,1023,8.75,76,359,5.91,100,0,10000,1023,8.75,76,359,5.91,100,0,10000,1023,8.75,76,359,5.91,100,0,10000,1023,8.75,76,359,5.91,100,0,10000,1023,8.75,76,359,5.91,100,0,10000,1023,8.75,76,359,5.91,100,0,10000,1023,8.75,76,359,5.91,100,0,10000
1028,9.84,61,10,4.63,75,0,10000,14,0,3,9,1028,9.56,62,352,4.95,81,0,10000,1028,9.56,62,352,4.95,81,0,10000,1028,9.56,62,352,4.95,81,0,10000,1028,9.56,62,352,4.95,81,0,10000,1028,9.56,62,352,4.95,81,0,10000,1028,9.56,62,352,4.95,81,0,10000,1028,9.56,62,352,4.95,81,0,10000,1028,9.56,62,352,4.95,81,0,10000,1028,9.56,62,352,4.95,81,0,10000,1028,9.56,62,352,4.95,81,0,10000,1028,9.56,62,352,4.95,81,0,10000,1028,9.56,62,352,4.95,81,0,10000
1028,9.84,61,10,4.63,75,0,10000,17,0,3,9,1027,8.41,77,347,4.36,90,0,10000,1027,8.41,77,347,4.36,90,0,10000,1027,8.41,77,347,4.36,90,0,10000,1027,8.41,77,347,4.36,90,0,10000,1027,8.41,77,347,4.36,90,0,10000,1027,8.41,77,347,4.36,90,0,10000,1027,8.41,77,347,4.36,90,0,10000,1027,8.41,77,347,4.36,90,0,10000,1027,8.41,77,347,4.36,90,0,10000,1027,8.41,77,347,4.36,90,0,10000,1027,8.41,77,347,4.36,90,0,10000,1027,8.41,77,347,4.36,90,0,10000
1028,9.84,61,10,4.63,75,0,10000,20,0,3,9,1025,7.46,83,17,4.16,100,0,10000,1025,7.46,83,17,4.16,100,0,10000,1025,7.46,83,17,4.16,100,0,10000,1025,7.46,83,17,4.16,100,0,10000,1025,7.46,83,17,4.16,100,0,10000,1025,7.46,83,17,4.16,100,0,10000,1025,7.46,83,17,4.16,100,0,10000,1025,7.46,83,17,4.16,100,0,10000,1025,7.46,83,17,4.16,100,0,10000,1025,7.46,83,17,4.16,100,0,10000,1025,7.46,83,17,4.16,100,0,10000,1025,7.46,83,17,4.16,100,0,10000
1028,9.84,61,10,4.63,75,0,10000,23,0,3,9,1025,6.89,78,17,3.13,96,0,10000,1025,6.89,78,17,3.13,96,0,10000,1025,6.89,78,17,3.13,96,0,10000,1025,6.89,78,17,3.13,96,0,10000,1025,6.89,78,17,3.13,96,0,10000,1025,6.89,78,17,3.13,96,0,10000,1025,6.89,78,17,3.13,96,0,10000,1025,6.89,78,17,3.13,96,0,10000,1025,6.89,78,17,3.13,96,0,10000,1025,6.89,78,17,3.13,96,0,10000,1025,6.89,78,17,3.13,96,0,10000,1025,6.89,78,17,3.13,96,0,10000
1028,9.84,61,10,4.63,75,0,10000,2,0,4,9,1024,7.69,82,14,3.51,100,0,10000,1024,7.69,82,14,3.51,100,0,10000,1024,7.69,82,14,3.51,100,0,10000,1024,7.69,82,14,3.51,100,0,10000,1024,7.69,82,14,3.51,100,0,10000,1024,7.69,82,14,3.51,100,0,10000,1024,7.69,82,14,3.51,100,0,10000,1024,7.69,82,14,3.51,100,0,10000,1024,7.69,82,14,3.51,100,0,10000,1024,7.69,82,14,3.51,100,0,10000,1024,7.69,82,14,3.51,100,0,10000,1024,7.69,82,14,3.51,100,0,10000
1028,9.84,61,10,4.63,75,0,10000,5,0,4,9,1023,7.65,86,29,2.55,100,0,10000,1023,7.65,86,29,2.55,100,0,10000,1023,7.65,86,29,2.55,100,0,10000,1023,7.65,86,29,2.55,100,0,10000,1023,7.65,86,29,2.55,100,0,10000,1023,7.65,86,29,2.55,100,0,10000,1023,7.65,86,29,2.55,100,0,10000,1023,7.65,86,29,2.55,100,0,10000,1023,7.65,86,29,2.55,100,0,10000,1023,7.65,86,29,2.55,100,0,10000,1023,7.65,86,29,2.55,100,0,10000,1023,7.65,86,29,2.55,100,0,10000
1028,9.84,61,10,4.63,75,0,10000,8,0,4,9,1024,7.8,85,18,2.31,100,0,10000,1024,7.8,85,18,2.31,100,0,10000,1024,7.8,85,18,2.31,100,0,10000,1024,7.8,85,18,2.31,100,0,10000,1024,7.8,85,18,2.31,100,0,10000,1024,7.8,85,18,2.31,100,0,10000,1024,7.8,85,18,2.31,100,0,10000,1024,7.8,85,18,2.31,100,0,10000,1024,7.8,85,18,2.31,100,0,10000,1024,7.8,85,18,2.31,100,0,10000,1024,7.8,85,18,2.31,100,0,10000,1024,7.8,85,18,2.31,100,0,10000
1028,9.84,61,10,4.63,75,0,10000,11,0,4,9,1023,8.75,76,359,5.91,100,0,10000,1023,8.75,76,359,5.91,100,0,10000,1023,8.75,76,359,5.91,100,0,10000,1023,8.75,76,359,5.91,100,0,10000,1023,8.75,76,359,5.91,100,0,10000,1023,8.75,76,359,5.91,100,0,10000,1023,8.75,76,359,5.91,100,0,10000,1023,8.75,76,359,5.91,100,0,10000,1023,8.75,76,359,5.91,100,0,10000,1023,8.75,76,359,5.91,100,0,10000,1023,8.75,76,359,5.91,100,0,10000,1023,8.75,76,359,5.91,100,0,10000
1028,9.84,61,10,4.63,75,0,10000,14,0,4,9,1028,9.56,62,352,4.95,81,0,10000,1028,9.56,62,352,4.95,81,0,10000,1028,9.56,62,352,4.95,81,0,10000,1028,9.56,62,352,4.95,81,0,10000,1028,9.56,62,352,4.95,81,0,10000,1028,9.56,62,352,4.95,81,0,10000,1028,9.56,62,352,4.95,81,0,10000,1028,9.56,62,352,4.95,81,0,10000,1028,9.56,62,352,4.95,81,0,10000,1028,9.56,62,352,4.95,81,0,10000,1028,9.56,62,352,4.95,81,0,10000,1028,9.56,62,352,4.95,81,0,10000
1028,9.84,61,10,4.63,75,0,10000,17,0,4,9,1027,8.41,77,347,4.36,90,0,10000,1027,8.41,77,347,4.36,90,0,10000,1027,8.41,77,347,4.36,90,0,10000,1027,8.41,77,347,4.36,90,0,10000,1027,8.41,77,347,4.36,90,0,10000,1027,8.41,77,347,4.36,90,0,10000,1027,8.41,77,347,4.36,90,0,10000,1027,8.41,77,347,4.36,90,0,10000,1027,8.41,77,347,4.36,90,0,10000,1027,8.41,77,347,4.36,90,0,10000,1027,8.41,77,347,4.36,90,0,10000,1027,8.41,77,347,4.36,90,0,10000
1028,9.84,61,10,4.63,75,0,10000,20,0,4,9,1025,7.46,83,17,4.16,100,0,10000,1025,7.46,83,17,4.16,100,0,10000,1025,7.46,83,17,4.16,100,0,10000,1025,7.46,83,17,4.16,100,0,10000,1025,7.46,83,17,4.16,100,0,10000,1025,7.46,83,17,4.16,100,0,10000,1025,7.46,83,17,4.16,100,0,10000,1025,7.46,83,17,4.16,100,0,10000,1025,7.46,83,17,4.16,100,0,10000,1025,7.46,83,17,4.16,100,0,10000,1025,7.46,83,17,4.16,100,0,10000,1025,7.46,83,17,4.16,100,0,10000
1028,9.84,61,10,4.63,75,0,10000,23,0,4,9,1025,6.89,78,17,3.13,96,0,10000,1025,6.89,78,17,3.13,96,0,10000,1025,6.89,78,17,3.13,96,0,10000,1025,6.89,78,17,3.13,96,0,10000,1025,6.89,78,17,3.13,96,0,10000,1025,6.89,78,17,3.13,96,0,10000,1025,6.89,78,17,3.13,96,0,10000,1025,6.89,78,17,3.13,96,0,10000,1025,6.89,78,17,3.13,96,0,10000,1025,6.89,78,17,3.13,96,0,10000,1025,6.89,78,17,3.13,96,0,10000,1025,6.89,78,17,3.13,96,0,10000
1028,9.84,61,10,4.63,75,0,10000,2,0,5,9,1024,7.69,82,14,3.51,100,0,10000,1024,7.69,82,14,3.51,100,0,10000,1024,7.69,82,14,3.51,100,0,10000,1024,7.69,82,14,3.51,100,0,10000,1024,7.69,82,14,3.51,100,0,10000,1024,7.69,82,14,3.51,100,0,10000,1024,7.69,82,14,3.51,100,0,10000,1024,7.69,82,14,3.51,100,0,10000,1024,7.69,82,14,3.51,100,0,10000,1024,7.69,82,14,3.51,100,0,10000,1024,7.69,82,14,3.51,100,0,10000,1024,7.69,82,14,3.51,100,0,10000
1028,9.84,61,10,4.63,75,0,10000,5,0,5,9,1023,7.65,86,29,2.55,100,0,10000,1023,7.65,86,29,2.55,100,0,10000,1023,7.65,86,29,2.55,100,0,10000,1023,7.65,86,29,2.55,100,0,10000,1023,7.65,86,29,2.55,100,0,10000,1023,7.65,86,29,2.55,100,0,10000,1023,7.65,86,29,2.55,100,0,10000,1023,7.65,86,29,2.55,100,0,10000,1023,7.65,86,29,2.55,100,0,10000,1023,7.65,86,29,2.55,100,0,10000,1023,7.65,86,29,2.55,100,0,10000,1023,7.65,86,29,2.55,100,0,10000
1028,9.84,61,10,4.63,75,0,10000,8,0,5,9,1024,7.8,85,18,2.31,100,0,10000,1024,7.8,85,18,2.31,100,0,10000,1024,7.8,85,18,2.31,100,0,10000,1024,7.8,85,18,2.31,100,0,10000,1024,7.8,85,18,2.31,100,0,10000,1024,7.8,85,18,2.31,100,0,10000,1024,7.8,85,18,2.31,100,0,10000,1024,7.8,85,18,2.31,100,0,10000,1024,7.8,85,18,2.31,100,0,10000,1024,7.8,85,18,2.31,100,0,10000,1024,7.8,85,18,2.31,100,0,10000,1024,7.8,85,18,2.31,100,0,10000
1028,9.84,61,10,4.63,75,0,10000,11,0,5,9,1023,8.75,76,359,5.91,100,0,10000,1023,8.75,76,359,5.91,100,0,10000,1023,8.75,76,359,5.91,100,0,10000,1023,8.75,76,359,5.91,100,0,10000,1023,8.75,76,359,5.91,100,0,10000,1023,8.75,76,359,5.91,100,0,10000,1023,8.75,76,359,5.91,100,0,10000,1023,8.75,76,359,5.91,100,0,10000,1023,8.75,76,359,5.91,100,0,10000,1023,8.75,76,359,5.91,100,0,10000,1023,8.75,76,359,5.91,100,0,10000,1023,8.75,76,359,5.91,100,0,10000
1028,9.84,61,10,4.63,75,0,10000,14,0,5,9,1028,9.56,62,352,4.95,81,0,10000,1028,9.56,62,352,4.95,81,0,10000,1028,9.56,62,352,4.95,81,0,10000,1028,9.56,62,352,4.95,81,0,10000,1028,9.56,62,352,4.95,81,0,10000,1028,9.56,62,352,4.95,81,0,10000,1028,9.56,62,352,4.95,81,0,10000,1028,9.56,62,352,4.95,81,0,10000,1028,9.56,62,352,4.95,81,0,10000,1028,9.56,62,352,4.95,81,0,10000,1028,9.56,62,352,4.95,81,0,10000,1028,9.56,62,352,4.95,81,0,10000
1028,9.84,61,10,4.63,75,0,10000,17,0,5,9,1027,8.41,77,347,4.36,90,0,10000,1027,8.41,77,347,4.36,90,0,10000,1027,8.41,77,347,4.36,90,0,10000,1027,8.41,77,347,4.36,90,0,10000,1027,8.41,77,347,4.36,90,0,10000,1027,8.41,77,347,4.36,90,0,10000,1027,8.41,77,347,4.36,90,0,10000,1027,8.41,77,347,4.36,90,0,10000,1027,8.41,77,347,4.36,90,0,10000,1027,8.41,77,347,4.36,90,0,10000,1027,8.41,77,347,4.36,90,0,10000,1027,8.41,77,347,4.36,90,0,10000
1028,9.84,61,10,4.63,75,0,10000,20,0,5,9,1025,7.46,83,17,4.16,100,0,10000,1025,7.46,83,17,4.16,100,0,10000,1025,7.46,83,17,4.16,100,0,10000,1025,7.46,83,17,4.16,100,0,10000,1025,7.46,83,17,4.16,100,0,10000,1025,7.46,83,17,4.16,100,0,10000,1025,7.46,83,17,4.16,100,0,10000,1025,7.46,83,17,4.16,100,0,10000,1025,7.46,83,17,4.16,100,0,10000,1025,7.46,83,17,4.16,100,0,10000,1025,7.46,83,17,4.16,100,0,10000,1025,7.46,83,17,4.16,100,0,10000
1028,9.84,61,10,4.63,75,0,10000,23,0,5,9,1025,6.89,78,17,3.13,96,0,10000,1025,6.89,78,17,3.13,96,0,10000,1025,6.89,78,17,3.13,96,0,10000,1025,6.89,78,17,3.13,96,0,10000,1025,6.89,78,17,3.13,96,0,10000,1025,6.89,78,17,3.13,96,0,10000,1025,6.89,78,17,3.13,96,0,10000,1025,6.89,78,17,3.13,96,0,10000,1025,6.89,78,17,3.13,96,0,10000,1025,6.89,78,17,3.13,96,0,10000,1025,6.89,78,17,3.13,96,0,10000,1025,6.89,78,17,3.13,96,0,10000
1028,9.84,61,10,4.63,75,0,10000,2,0,6,9,1024,7.69,82,14,3.51,100,0,10000,1024,7.69,82,14,3.51,100,0,10000,1024,7.69,82,14,3.51,100,0,10000,1024,7.69,82,14,3.51,100,0,10000,1024,7.69,82,14,3.51,100,0,10000,1024,7.69,82,14,3.51,100,0,10000,1024,7.69,82,14,3.51,100,0,10000,1024,7.69,82,14,3.51,100,0,10000,1024,7.69,82,14,3.51,100,0,10000,1024,7.69,82,14,3.51,100,0,10000,1024,7.69,82,14,3.51,100,0,10000,1024,7.69,82,14,3.51,100,0,10000
1028,9.84,61,10,4.63,75,0,10000,5,0,6,9,1023,7.65,86,29,2.55,100,0,10000,1023,7.65,86,29,2.55,100,0,10000,1023,7.65,86,29,2.55,100,0,10000,1023,7.65,86,29,2.55,100,0,10000,1023,7.65,86,29,2.55,100,0,10000,1023,7.65,86,29,2.55,100,0,10000,1023,7.65,86,29,2.55,100,0,10000,1023,7.65,86,29,2.55,100,0,10000,1023,7.65,86,29,2.55,100,0,10000,1023,7.65,86,29,2.55,100,0,10000,1023,7.65,86,29,2.55,100,0,10000,1023,7.65,86,29,2.55,100,0,10000
1028,9.84,61,10,4.63,75,0,10000,8,0,6,9,1024,7.8,85,18,2.31,100,0,10000,1024,7.8,85,18,2.31,100,0,10000,1024,7.8,85,18,2.31,100,0,10000,1024,7.8,85,18,2.31,100,0,10000,1024,7.8,85,18,2.31,100,0,10000,1024,7.8,85,18,2.31,100,0,10000,1024,7.8,85,18,2.31,100,0,10000,1024,7.8,85,18,2.31,100,0,10000,1024,7.8,85,18,2.31,100,0,10000,1024,7.8,85,18,2.31,100,0,10000,1024,7.8,85,18,2.31,100,0,10000,1024,7.8,85,18,2.31,100,0,10000
1028,9.84,61,10,4.63,75,0,10000,11,0,6,9,1023,8.75,76,359,5.91,100,0,10000,1023,8.75,76,359,5.91,100,0,10000,1023,8.75,76,359,5.91,100,0,10000,1023,8.75,76,359,5.91,100,0,10000,1023,8.75,76,359,5.91,100,0,10000,1023,8.75,76,359,5.91,100,0,10000,1023,8.75,76,359,5.91,100,0,10000,1023,8.75,76,359,5.91,100,0,10000,1023,8.75,76,359,5.91,100,0,10000,1023,8.75,76,359,5.91,100,0,10000,1023,8.75,76,359,5.91,100,0,10000,1023,8.75,76,359,5.91,100,0,10000
1028,9.84,61,10,4.63,75,0,10000,14,0,6,9,1028,9.56,62,352,4.95,81,0,10000,1028,9.56,62,352,4.95,81,0,10000,1028,9.56,62,352,4.95,81,0,10000,1028,9.56,62,352,4.95,81,0,10000,1028,9.56,62,352,4.95,81,0,10000,1028,9.56,62,352,4.95,81,0,10000,1028,9.56,62,352,4.95,81,0,10000,1028,9.56,62,352,4.95,81,0,10000,1028,9.56,62,352,4.95,81,0,10000,1028,9.56,62,352,4.95,81,0,10000,1028,9.56,62,352,4.95,81,0,10000,1028,9.56,62,352,4.95,81,0,10000
1028,9.84,61,10,4.63,75,0,10000,17,0,6,9,1027,8.41,77,347,4.36,90,0,10000,1027,8.41,77,347,4.36,90,0,10000,1027,8.41,77,347,4.36,90,0,10000,1027,8.41,77,347,4.36,90,0,10000,1027,8.41,77,347,4.36,90,0,10000,1027,8.41,77,347,4.36,90,0,10000,1027,8.41,77,347,4.36,90,0,10000,1027,8.41,77,347,4.36,90,0,10000,1027,8.41,77,347,4.36,90,0,10000,1027,8.41,77,347,4.36,90,0,10000,1027,8.41,77,347,4.36,90,0,10000,1027,8.41,77,347,4.36,90,0,10000
1028,9.84,61,10,4.63,75,0,10000,20,0,6,9,1025,7.46,83,17,4.16,100,0,10000,1025,7.46,83,17,4.16,100,0,10000,1025,7.46,83,17,4.16,100,0,10000,1025,7.46,83,17,4.16,100,0,10000,1025,7.46,83,17,4.16,100,0,10000,1025,7.46,83,17,4.16,100,0,10000,1025,7.46,83,17,4.16,100,0,10000,1025,7.46,83,17,4.16,100,0,10000,1025,7.46,83,17,4.16,100,0,10000,1025,7.46,83,17,4.16,100,0,10000,1025,7.46,83,17,4.16,100,0,10000,1025,7.46,83,17,4.16,100,0,10000
1028,9.84,61,10,4.63,75,0,10000,23,0,6,9,1025,6.89,78,17,3.13,96,0,10000,1025,6.89,78,17,3.13,96,0,10000,1025,6.89,78,17,3.13,96,0,10000,1025,6.89,78,17,3.13,96,0,10000,1025,6.89,78,17,3.13,96,0,10000,1025,6.89,78,17,3.13,96,0,10000,1025,6.89,78,17,3.13,96,0,10000,1025,6.89,78,17,3.13,96,0,10000,1025,6.89,78,17,3.13,96,0,10000,1025,6.89,78,17,3.13,96,0,10000,1025,6.89,78,17,3.13,96,0,10000,1025,6.89,78,17,3.13,96,0,10000
1028,9.84,61,10,4.63,75,0,10000,2,0,7,9,1024,7.69,82,14,3.51,100,0,10000,1024,7.69,82,14,3.51,100,0,10000,1024,7.69,82,14,3.51,100,0,10000,1024,7.69,82,14,3.51,100,0,10000,1024,7.69,82,14,3.51,100,0,10000,1024,7.69,82,14,3.51,100,0,10000,1024,7.69,82,14,3.51,100,0,10000,1024,7.69,82,14,3.51,100,0,10000,1024,7.69,82,14,3.51,100,0,10000,1024,7.69,82,14,3.51,100,0,10000,1024,7.69,82,14,3.51,100,0,10000,1024,7.69,82,14,3.51,100,0,10000
1028,9.84,61,10,4.63,75,0,10000,5,0,7,9,1023,7.65,86,29,2.55,100,0,10000,1023,7.65,86,29,2.55,100,0,10000,1023,7.65,86,29,2.55,100,0,10000,1023,7.65,86,29,2.55,100,0,10000,1023,7.65,86,29,2.55,100,0,10000,1023,7.65,86,29,2.55,100,0,10000,1023,7.65,86,29,2.55,100,0,10000,1023,7.65,86,29,2.55,100,0,10000,1023,7.65,86,29,2.55,100,0,10000,1023,7.65,86,29,2.55,100,0,10000,1023,7.65,86,29,2.55,100,0,10000,1023,7.65,86,29,2.55,100,0,10000
1028,9.84,61,10,4.63,75,0,10000,8,0,7,9,1024,7.8,85,18,2.31,100,0,10000,1024,7.8,85,18,2.31,100,0,10000,1024,7.8,85,18,2.31,100,0,10000,1024,7.8,85,18,2.31,100,0,10000,1024,7.8,85,18,2.31,100,0,10000,1024,7.8,85,18,2.31,100,0,10000,1024,7.8,85,18,2.31,100,0,10000,1024,7.8,85,18,2.31,100,0,10000,1024,7.8,85,18,2.31,100,0,10000,1024,7.8,85,18,2.31,100,0,10000,1024,7.8,85,18,2.31,100,0,10000,1024,7.8,85,18,2.31,100,0,10000
1028,9.84,61,10,4.63,75,0,10000,11,0,7,9,1023,8.75,76,359,5.91,100,0,10000,1023,8.75,76,359,5.91,100,0,10000,1023,8.75,76,359,5.91,100,0,10000,1023,8.75,76,359,5.91,100,0,10000,1023,8.75,76,359,5.91,100,0,10000,1023,8.75,76,359,5.91,100,0,10000,1023,8.75,76,359,5.91,100,0,10000,1023,8.75,76,359,5.91,100,0,10000,1023,8.75,76,359,5.91,100,0,10000,1023,8.75,76,359,5.91,100,0,10000,1023,8.75,76,359,5.91,100,0,10000,1023,8.75,76,359,5.91,100,0,10000
1028,9.84,61,10,4.63,75,0,10000,14,0,7,9,1028,9.56,62,352,4.95,81,0,10000,1028,9.56,62,352,4.95,81,0,10000,1028,9.56,62,352,4.95,81,0,10000,1028,9.56,62,352,4.95,81,0,10000,1028,9.56,62,352,4.95,81,0,10000,1028,9.56,62,352,4.95,81,0,10000,1028,9.56,62,352,4.95,81,0,10000,1028,9.56,62,352,4.95,81,0,10000,1028,9.56,62,352,4.95,81,0,10000,1028,9.56,62,352,4.95,81,0,10000,1028,9.56,62,352,4.95,81,0,10000,1028,9.56,62,352,4.95,81,0,10000
1028,9.84,61,10,4.63,75,0,10000,17,0,7,9,1027,8.41,77,347,4.36,90,0,10000,1027,8.41,77,347,4.36,90,0,10000,1027,8.41,77,347,4.36,90,0,10000,1027,8.41,77,347,4.36,90,0,10000,1027,8.41,77,347,4.36,90,0,10000,1027,8.41,77,347,4.36,90,0,10000,1027,8.41,77,347,4.36,90,0,10000,1027,8.41,77,347,4.36,90,0,10000,1027,8.41,77,347,4.36,90,0,10000,1027,8.41,77,347,4.36,90,0,10000,1027,8.41,77,347,4.36,90,0,10000,1027,8.41,77,347,4.36,90,0,10000
1028,9.84,61,10,4.63,75,0,10000,20,0,7,9,1025,7.46,83,17,4.16,100,0,10000,1025,7.46,83,17,4.16,100,0,10000,1025,7.46,83,17,4.16,100,0,10000,1025,7.46,83,17,4.16,100,0,10000,1025,7.46,83,17,4.16,100,0,10000,1025,7.46,83,17,4.16,100,0,10000,1025,7.46,83,17,4.16,100,0,10000,1025,7.46,83,17,4.16,100,0,10000,1025,7.46,83,17,4.16,100,0,10000,1025,7.46,83,17,4.16,100,0,10000,1025,7.46,83,17,4.16,100,0,10000,1025,7.46,83,17,4.16,100,0,10000
1028,9.84,61,10,4.63,75,0,10000,23,0,7,9,1025,6.89,78,17,3.13,96,0,10000,1025,6.89,78,17,3.13,96,0,10000,1025,6.89,78,17,3.13,96,0,10000,1025,6.89,78,17,3.13,96,0,10000,1025,6.89,78,17,3.13,96,0,10000,1025,6.89,78,17,3.13,96,0,10000,1025,6.89,78,17,3.13,96,0,10000,1025,6.89,78,17,3.13,96,0,10000,1025,6.89,78,17,3.13,96,0,10000,1025,6.89,78,17,3.13,96,0,10000,1025,6.89,78,17,3.13,96,0,10000,1025,6.89,78,17,3.13,96,0,10000
