1028,9.84,66,30,4.12,75,0,10000,2,0,10,6,1024,7.36,85,14,2.61,99,0,10000,1024,7.36,85,14,2.61,99,0,10000,1024,7.36,85,14,2.61,99,0,10000,1024,7.36,85,14,2.61,99,0,10000,1024,7.36,85,14,2.61,99,0,10000,1024,7.36,85,14,2.61,99,0,10000,1024,7.36,85,14,2.61,99,0,10000,1024,7.36,85,14,2.61,99,0,10000,1024,7.36,85,14,2.61,99,0,10000,1024,7.36,85,14,2.61,99,0,10000,1024,7.36,85,14,2.61,99,0,10000,1024,7.36,85,14,2.61,99,0,10000
1028,9.84,66,30,4.12,75,0,10000,5,0,10,6,1024,7.22,87,93,1.84,100,0,10000,1024,7.22,87,93,1.84,100,0,10000,1024,7.22,87,93,1.84,100,0,10000,1024,7.22,87,93,1.84,100,0,10000,1024,7.22,87,93,1.84,100,0,10000,1024,7.22,87,93,1.84,100,0,10000,1024,7.22,87,93,1.84,100,0,10000,1024,7.22,87,93,1.84,100,0,10000,1024,7.22,87,93,1.84,100,0,10000,1024,7.22,87,93,1.84,100,0,10000,1024,7.22,87,93,1.84,100,0,10000,1024,7.22,87,93,1.84,100,0,10000
1028,9.84,66,30,4.12,75,0,10000,8,0,10,6,1024,7.31,85,192,1.05,100,0,10000,1024,7.31,85,192,1.05,100,0,10000,1024,7.31,85,192,1.05,100,0,10000,1024,7.31,85,192,1.05,100,0,10000,1024,7.31,85,192,1.05,100,0,10000,1024,7.31,85,192,1.05,100,0,10000,1024,7.31,85,192,1.05,100,0,10000,1024,7.31,85,192,1.05,100,0,10000,1024,7.31,85,192,1.05,100,0,10000,1024,7.31,85,192,1.05,100,0,10000,1024,7.31,85,192,1.05,100,0,10000,1024,7.31,85,192,1.05,100,0,10000
1028,9.84,66,30,4.12,75,0,10000,11,0,10,6,1028,9.84,66,15,4.86,75,0,10000,1028,9.84,66,15,4.86,75,0,10000,1028,9.84,66,15,4.86,75,0,10000,1028,9.84,66,15,4.86,75,0,10000,1028,9.84,66,15,4.86,75,0,10000,1028,9.84,66,15,4.86,75,0,10000,1028,9.84,66,15,4.86,75,0,10000,1028,9.84,66,15,4.86,75,0,10000,1028,9.84,66,15,4.86,75,0,10000,1028,9.84,66,15,4.86,75,0,10000,1028,9.84,66,15,4.86,75,0,10000,1028,9.84,66,15,4.86,75,0,10000
1028,9.84,66,30,4.12,75,0,10000,14,0,10,6,1028,9.51,65,358,4.69,81,0,10000,1028,9.51,65,358,4.69,81,0,10000,1028,9.51,65,358,4.69,81,0,10000,1028,9.51,65,358,4.69,81,0,10000,1028,9.51,65,358,4.69,81,0,10000,1028,9.51,65,358,4.69,81,0,10000,1028,9.51,65,358,4.69,81,0,10000,1028,9.51,65,358,4.69,81,0,10000,1028,9.51,65,358,4.69,81,0,10000,1028,9.51,65,358,4.69,81,0,10000,1028,9.51,65,358,4.69,81,0,10000,1028,9.51,65,358,4.69,81,0,10000
1028,9.84,66,30,4.12,75,0,10000,17,0,10,6,1027,8.48,77,347,3.94,89,0,10000,1027,8.48,77,347,3.94,89,0,10000,1027,8.48,77,347,3.94,89,0,10000,1027,8.48,77,347,3.94,89,0,10000,1027,8.48,77,347,3.94,89,0,10000,1027,8.48,77,347,3.94,89,0,10000,1027,8.48,77,347,3.94,89,0,10000,1027,8.48,77,347,3.94,89,0,10000,1027,8.48,77,347,3.94,89,0,10000,1027,8.48,77,347,3.94,89,0,10000,1027,8.48,77,347,3.94,89,0,10000,1027,8.48,77,347,3.94,89,0,10000
1028,9.84,66,30,4.12,75,0,10000,20,0,10,6,1026,7.33,85,4,4,100,0,10000,1026,7.33,85,4,4,100,0,10000,1026,7.33,85,4,4,100,0,10000,1026,7.33,85,4,4,100,0,10000,1026,7.33,85,4,4,100,0,10000,1026,7.33,85,4,4,100,0,10000,1026,7.33,85,4,4,100,0,10000,1026,7.33,85,4,4,100,0,10000,1026,7.33,85,4,4,100,0,10000,1026,7.33,85,4,4,100,0,10000,1026,7.33,85,4,4,100,0,10000,1026,7.33,85,4,4,100,0,10000
1028,9.84,66,30,4.12,75,0,10000,23,0,10,6,1025,6.31,87,11,3.59,90,0,10000,1025,6.31,87,11,3.59,90,0,10000,1025,6.31,87,11,3.59,90,0,10000,1025,6.31,87,11,3.59,90,0,10000,1025,6.31,87,11,3.59,90,0,10000,1025,6.31,87,11,3.59,90,0,10000,1025,6.31,87,11,3.59,90,0,10000,1025,6.31,87,11,3.59,90,0,10000,1025,6.31,87,11,3.59,90,0,10000,1025,6.31,87,11,3.59,90,0,10000,1025,6.31,87,11,3.59,90,0,10000,1025,6.31,87,11,3.59,90,0,10000
1028,9.84,66,30,4.12,75,0,10000,2,0,11,6,1024,7.36,85,14,2.61,99,0,10000,1024,7.36,85,14,2.61,99,0,10000,1024,7.36,85,14,2.61,99,0,10000,1024,7.36,85,14,2.61,99,0,10000,1024,7.36,85,14,2.61,99,0,10000,1024,7.36,85,14,2.61,99,0,10000,1024,7.36,85,14,2.61,99,0,10000,1024,7.36,85,14,2.61,99,0,10000,1024,7.36,85,14,2.61,99,0,10000,1024,7.36,85,14,2.61,99,0,10000,1024,7.36,85,14,2.61,99,0,10000,1024,7.36,85,14,2.61,99,0,10000
1028,9.84,66,30,4.12,75,0,10000,5,0,11,6,1024,7.22,87,93,1.84,100,0,10000,1024,7.22,87,93,1.84,100,0,10000,1024,7.22,87,93,1.84,100,0,10000,1024,7.22,87,93,1.84,100,0,10000,1024,7.22,87,93,1.84,100,0,10000,1024,7.22,87,93,1.84,100,0,10000,1024,7.22,87,93,1.84,100,0,10000,1024,7.22,87,93,1.84,100,0,10000,1024,7.22,87,93,1.84,100,0,10000,1024,7.22,87,93,1.84,100,0,10000,1024,7.22,87,93,1.84,100,0,10000,1024,7.22,87,93,1.84,100,0,10000
1028,9.84,66,30,4.12,75,0,10000,8,0,11,6,1024,7.31,85,192,1.05,100,0,10000,1024,7.31,85,192,1.05,100,0,10000,1024,7.31,85,192,1.05,100,0,10000,1024,7.31,85,192,1.05,100,0,10000,1024,7.31,85,192,1.05,100,0,10000,1024,7.31,85,192,1.05,100,0,10000,1024,7.31,85,192,1.05,100,0,10000,1024,7.31,85,192,1.05,100,0,10000,1024,7.31,85,192,1.05,100,0,10000,1024,7.31,85,192,1.05,100,0,10000,1024,7.31,85,192,1.05,100,0,10000,1024,7.31,85,192,1.05,100,0,10000
1028,9.84,66,30,4.12,75,0,10000,11,0,11,6,1028,9.84,66,15,4.86,75,0,10000,1028,9.84,66,15,4.86,75,0,10000,1028,9.84,66,15,4.86,75,0,10000,1028,9.84,66,15,4.86,75,0,10000,1028,9.84,66,15,4.86,75,0,10000,1028,9.84,66,15,4.86,75,0,10000,1028,9.84,66,15,4.86,75,0,10000,1028,9.84,66,15,4.86,75,0,10000,1028,9.84,66,15,4.86,75,0,10000,1028,9.84,66,15,4.86,75,0,10000,1028,9.84,66,15,4.86,75,0,10000,1028,9.84,66,15,4.86,75,0,10000
1028,9.84,66,30,4.12,75,0,10000,14,0,11,6,1028,9.51,65,358,4.69,81,0,10000,1028,9.51,65,358,4.69,81,0,10000,1028,9.51,65,358,4.69,81,0,10000,1028,9.51,65,358,4.69,81,0,10000,1028,9.51,65,358,4.69,81,0,10000,1028,9.51,65,358,4.69,81,0,10000,1028,9.51,65,358,4.69,81,0,10000,1028,9.51,65,358,4.69,81,0,10000,1028,9.51,65,358,4.69,81,0,10000,1028,9.51,65,358,4.69,81,0,10000,1028,9.51,65,358,4.69,81,0,10000,1028,9.51,65,358,4.69,81,0,10000
1028,9.84,66,30,4.12,75,0,10000,17,0,11,6,1027,8.48,77,347,3.94,89,0,10000,1027,8.48,77,347,3.94,89,0,10000,1027,8.48,77,347,3.94,89,0,10000,1027,8.48,77,347,3.94,89,0,10000,1027,8.48,77,347,3.94,89,0,10000,1027,8.48,77,347,3.94,89,0,10000,1027,8.48,77,347,3.94,89,0,10000,1027,8.48,77,347,3.94,89,0,10000,1027,8.48,77,347,3.94,89,0,10000,1027,8.48,77,347,3.94,89,0,10000,1027,8.48,77,347,3.94,89,0,10000,1027,8.48,77,347,3.94,89,0,10000
1028,9.84,66,30,4.12,75,0,10000,20,0,11,6,1026,7.33,85,4,4,100,0,10000,1026,7.33,85,4,4,100,0,10000,1026,7.33,85,4,4,100,0,10000,1026,7.33,85,4,4,100,0,10000,1026,7.33,85,4,4,100,0,10000,1026,7.33,85,4,4,100,0,10000,1026,7.33,85,4,4,100,0,10000,1026,7.33,85,4,4,100,0,10000,1026,7.33,85,4,4,100,0,10000,1026,7.33,85,4,4,100,0,10000,1026,7.33,85,4,4,100,0,10000,1026,7.33,85,4,4,100,0,10000
1028,9.84,66,30,4.12,75,0,10000,23,0,11,6,1025,6.31,87,11,3.59,90,0,10000,1025,6.31,87,11,3.59,90,0,10000,1025,6.31,87,11,3.59,90,0,10000,1025,6.31,87,11,3.59,90,0,10000,1025,6.31,87,11,3.59,90,0,10000,1025,6.31,87,11,3.59,90,0,10000,1025,6.31,87,11,3.59,90,0,10000,1025,6.31,87,11,3.59,90,0,10000,1025,6.31,87,11,3.59,90,0,10000,1025,6.31,87,11,3.59,90,0,10000,1025,6.31,87,11,3.59,90,0,10000,1025,6.31,87,11,3.59,90,0,10000
1028,9.84,66,30,4.12,75,0,10000,2,0,12,6,1024,7.36,85,14,2.61,99,0,10000,1024,7.36,85,14,2.61,99,0,10000,1024,7.36,85,14,2.61,99,0,10000,1024,7.36,85,14,2.61,99,0,10000,1024,7.36,85,14,2.61,99,0,10000,1024,7.36,85,14,2.61,99,0,10000,1024,7.36,85,14,2.61,99,0,10000,1024,7.36,85,14,2.61,99,0,10000,1024,7.36,85,14,2.61,99,0,10000,1024,7.36,85,14,2.61,99,0,10000,1024,7.36,85,14,2.61,99,0,10000,1024,7.36,85,14,2.61,99,0,10000
1028,9.84,66,30,4.12,75,0,10000,5,0,12,6,1024,7.22,87,93,1.84,100,0,10000,1024,7.22,87,93,1.84,100,0,10000,1024,7.22,87,93,1.84,100,0,10000,1024,7.22,87,93,1.84,100,0,10000,1024,7.22,87,93,1.84,100,0,10000,1024,7.22,87,93,1.84,100,0,10000,1024,7.22,87,93,1.84,100,0,10000,1024,7.22,87,93,1.84,100,0,10000,1024,7.22,87,93,1.84,100,0,10000,1024,7.22,87,93,1.84,100,0,10000,1024,7.22,87,93,1.84,100,0,10000,1024,7.22,87,93,1.84,100,0,10000
1028,9.84,66,30,4.12,75,0,10000,8,0,12,6,1024,7.31,85,192,1.05,100,0,10000,1024,7.31,85,192,1.05,100,0,10000,1024,7.31,85,192,1.05,100,0,10000,1024,7.31,85,192,1.05,100,0,10000,1024,7.31,85,192,1.05,100,0,10000,1024,7.31,85,192,1.05,100,0,10000,1024,7.31,85,192,1.05,100,0,10000,1024,7.31,85,192,1.05,100,0,10000,1024,7.31,85,192,1.05,100,0,10000,1024,7.31,85,192,1.05,100,0,10000,1024,7.31,85,192,1.05,100,0,10000,1024,7.31,85,192,1.05,100,0,10000
1028,9.84,66,30,4.12,75,0,10000,11,0,12,6,1028,9.84,66,15,4.86,75,0,10000,1028,9.84,66,15,4.86,75,0,10000,1028,9.84,66,15,4.86,75,0,10000,1028,9.84,66,15,4.86,75,0,10000,1028,9.84,66,15,4.86,75,0,10000,1028,9.84,66,15,4.86,75,0,10000,1028,9.84,66,15,4.86,75,0,10000,1028,9.84,66,15,4.86,75,0,10000,1028,9.84,66,15,4.86,75,0,10000,1028,9.84,66,15,4.86,75,0,10000,1028,9.84,66,15,4.86,75,0,10000,1028,9.84,66,15,4.86,75,0,10000
1028,9.84,66,30,4.12,75,0,10000,14,0,12,6,1028,9.51,65,358,4.69,81,0,10000,1028,9.51,65,358,4.69,81,0,10000,1028,9.51,65,358,4.69,81,0,10000,1028,9.51,65,358,4.69,81,0,10000,1028,9.51,65,358,4.69,81,0,10000,1028,9.51,65,358,4.69,81,0,10000,1028,9.51,65,358,4.69,81,0,10000,1028,9.51,65,358,4.69,81,0,10000,1028,9.51,65,358,4.69,81,0,10000,1028,9.51,65,358,4.69,81,0,10000,1028,9.51,65,358,4.69,81,0,10000,1028,9.51,65,358,4.69,81,0,10000
1028,9.84,66,30,4.12,75,0,10000,17,0,12,6,1027,8.48,77,347,3.94,89,0,10000,1027,8.48,77,347,3.94,89,0,10000,1027,8.48,77,347,3.94,89,0,10000,1027,8.48,77,347,3.94,89,0,10000,1027,8.48,77,347,3.94,89,0,10000,1027,8.48,77,347,3.94,89,0,10000,1027,8.48,77,347,3.94,89,0,10000,1027,8.48,77,347,3.94,89,0,10000,1027,8.48,77,347,3.94,89,0,10000,1027,8.48,77,347,3.94,89,0,10000,1027,8.48,77,347,3.94,89,0,10000,1027,8.48,77,347,3.94,89,0,10000
1028,9.84,66,30,4.12,75,0,10000,20,0,12,6,1026,7.33,85,4,4,100,0,10000,1026,7.33,85,4,4,100,0,10000,1026,7.33,85,4,4,100,0,10000,1026,7.33,85,4,4,100,0,10000,1026,7.33,85,4,4,100,0,10000,1026,7.33,85,4,4,100,0,10000,1026,7.33,85,4,4,100,0,10000,1026,7.33,85,4,4,100,0,10000,1026,7.33,85,4,4,100,0,10000,1026,7.33,85,4,4,100,0,10000,1026,7.33,85,4,4,100,0,10000,1026,7.33,85,4,4,100,0,10000
1028,9.84,66,30,4.12,75,0,10000,23,0,12,6,1025,6.31,87,11,3.59,90,0,10000,1025,6.31,87,11,3.59,90,0,10000,1025,6.31,87,11,3.59,90,0,10000,1025,6.31,87,11,3.59,90,0,10000,1025,6.31,87,11,3.59,90,0,10000,1025,6.31,87,11,3.59,90,0,10000,1025,6.31,87,11,3.59,90,0,10000,1025,6.31,87,11,3.59,90,0,10000,1025,6.31,87,11,3.59,90,0,10000,1025,6.31,87,11,3.59,90,0,10000,1025,6.31,87,11,3.59,90,0,10000,1025,6.31,87,11,3.59,90,0,10000
1028,9.84,66,30,4.12,75,0,10000,2,0,13,6,1024,7.36,85,14,2.61,99,0,10000,1024,7.36,85,14,2.61,99,0,10000,1024,7.36,85,14,2.61,99,0,10000,1024,7.36,85,14,2.61,99,0,10000,1024,7.36,85,14,2.61,99,0,10000,1024,7.36,85,14,2.61,99,0,10000,1024,7.36,85,14,2.61,99,0,10000,1024,7.36,85,14,2.61,99,0,10000,1024,7.36,85,14,2.61,99,0,10000,1024,7.36,85,14,2.61,99,0,10000,1024,7.36,85,14,2.61,99,0,10000,1024,7.36,85,14,2.61,99,0,10000
1028,9.84,66,30,4.12,75,0,10000,5,0,13,6,1024,7.22,87,93,1.84,100,0,10000,1024,7.22,87,93,1.84,100,0,10000,1024,7.22,87,93,1.84,100,0,10000,1024,7.22,87,93,1.84,100,0,10000,1024,7.22,87,93,1.84,100,0,10000,1024,7.22,87,93,1.84,100,0,10000,1024,7.22,87,93,1.84,100,0,10000,1024,7.22,87,93,1.84,100,0,10000,1024,7.22,87,93,1.84,100,0,10000,1024,7.22,87,93,1.84,100,0,10000,1024,7.22,87,93,1.84,100,0,10000,1024,7.22,87,93,1.84,100,0,10000
1028,9.84,66,30,4.12,75,0,10000,8,0,13,6,1024,7.31,85,192,1.05,100,0,10000,1024,7.31,85,192,1.05,100,0,10000,1024,7.31,85,192,1.05,100,0,10000,1024,7.31,85,192,1.05,100,0,10000,1024,7.31,85,192,1.05,100,0,10000,1024,7.31,85,192,1.05,100,0,10000,1024,7.31,85,192,1.05,100,0,10000,1024,7.31,85,192,1.05,100,0,10000,1024,7.31,85,192,1.05,100,0,10000,1024,7.31,85,192,1.05,100,0,10000,1024,7.31,85,192,1.05,100,0,10000,1024,7.31,85,192,1.05,100,0,10000
1028,9.84,66,30,4.12,75,0,10000,11,0,13,6,1028,9.84,66,15,4.86,75,0,10000,1028,9.84,66,15,4.86,75,0,10000,1028,9.84,66,15,4.86,75,0,10000,1028,9.84,66,15,4.86,75,0,10000,1028,9.84,66,15,4.86,75,0,10000,1028,9.84,66,15,4.86,75,0,10000,1028,9.84,66,15,4.86,75,0,10000,1028,9.84,66,15,4.86,75,0,10000,1028,9.84,66,15,4.86,75,0,10000,1028,9.84,66,15,4.86,75,0,10000,1028,9.84,66,15,4.86,75,0,10000,1028,9.84,66,15,4.86,75,0,10000
1028,9.84,66,30,4.12,75,0,10000,14,0,13,6,1028,9.51,65,358,4.69,81,0,10000,1028,9.51,65,358,4.69,81,0,10000,1028,9.51,65,358,4.69,81,0,10000,1028,9.51,65,358,4.69,81,0,10000,1028,9.51,65,358,4.69,81,0,10000,1028,9.51,65,358,4.69,81,0,10000,1028,9.51,65,358,4.69,81,0,10000,1028,9.51,65,358,4.69,81,0,10000,1028,9.51,65,358,4.69,81,0,10000,1028,9.51,65,358,4.69,81,0,10000,1028,9.51,65,358,4.69,81,0,10000,1028,9.51,65,358,4.69,81,0,10000
1028,9.84,66,30,4.12,75,0,10000,17,0,13,6,1027,8.48,77,347,3.94,89,0,10000,1027,8.48,77,347,3.94,89,0,10000,1027,8.48,77,347,3.94,89,0,10000,1027,8.48,77,347,3.94,89,0,10000,1027,8.48,77,347,3.94,89,0,10000,1027,8.48,77,347,3.94,89,0,10000,1027,8.48,77,347,3.94,89,0,10000,1027,8.48,77,347,3.94,89,0,10000,1027,8.48,77,347,3.94,89,0,10000,1027,8.48,77,347,3.94,89,0,10000,1027,8.48,77,347,3.94,89,0,10000,1027,8.48,77,347,3.94,89,0,10000
1028,9.84,66,30,4.12,75,0,10000,20,0,13,6,1026,7.33,85,4,4,100,0,10000,1026,7.33,85,4,4,100,0,10000,1026,7.33,85,4,4,100,0,10000,1026,7.33,85,4,4,100,0,10000,1026,7.33,85,4,4,100,0,10000,1026,7.33,85,4,4,100,0,10000,1026,7.33,85,4,4,100,0,10000,1026,7.33,85,4,4,100,0,10000,1026,7.33,85,4,4,100,0,10000,1026,7.33,85,4,4,100,0,10000,1026,7.33,85,4,4,100,0,10000,1026,7.33,85,4,4,100,0,10000
1028,9.84,66,30,4.12,75,0,10000,23,0,13,6,1025,6.31,87,11,3.59,90,0,10000,1025,6.31,87,11,3.59,90,0,10000,1025,6.31,87,11,3.59,90,0,10000,1025,6.31,87,11,3.59,90,0,10000,1025,6.31,87,11,3.59,90,0,10000,1025,6.31,87,11,3.59,90,0,10000,1025,6.31,87,11,3.59,90,0,10000,1025,6.31,87,11,3.59,90,0,10000,1025,6.31,87,11,3.59,90,0,10000,1025,6.31,87,11,3.59,90,0,10000,1025,6.31,87,11,3.59,90,0,10000,1025,6.31,87,11,3.59,90,0,10000
1028,9.84,66,30,4.12,75,0,10000,2,0,14,6,1024,7.36,85,14,2.61,99,0,10000,1024,7.36,85,14,2.61,99,0,10000,1024,7.36,85,14,2.61,99,0,10000,1024,7.36,85,14,2.61,99,0,10000,1024,7.36,85,14,2.61,99,0,10000,1024,7.36,85,14,2.61,99,0,10000,1024,7.36,85,14,2.61,99,0,10000,1024,7.36,85,14,2.61,99,0,10000,1024,7.36,85,14,2.61,99,0,10000,1024,7.36,85,14,2.61,99,0,10000,1024,7.36,85,14,2.61,99,0,10000,1024,7.36,85,14,2.61,99,0,10000
1028,9.84,66,30,4.12,75,0,10000,5,0,14,6,1024,7.22,87,93,1.84,100,0,10000,1024,7.22,87,93,1.84,100,0,10000,1024,7.22,87,93,1.84,100,0,10000,1024,7.22,87,93,1.84,100,0,10000,1024,7.22,87,93,1.84,100,0,10000,1024,7.22,87,93,1.84,100,0,10000,1024,7.22,87,93,1.84,100,0,10000,1024,7.22,87,93,1.84,100,0,10000,1024,7.22,87,93,1.84,100,0,10000,1024,7.22,87,93,1.84,100,0,10000,1024,7.22,87,93,1.84,100,0,10000,1024,7.22,87,93,1.84,100,0,10000
1028,9.84,66,30,4.12,75,0,10000,8,0,14,6,1024,7.31,85,192,1.05,100,0,10000,1024,7.31,85,192,1.05,100,0,10000,1024,7.31,85,192,1.05,100,0,10000,1024,7.31,85,192,1.05,100,0,10000,1024,7.31,85,192,1.05,100,0,10000,1024,7.31,85,192,1.05,100,0,10000,1024,7.31,85,192,1.05,100,0,10000,1024,7.31,85,192,1.05,100,0,10000,1024,7.31,85,192,1.05,100,0,10000,1024,7.31,85,192,1.05,100,0,10000,1024,7.31,85,192,1.05,100,0,10000,1024,7.31,85,192,1.05,100,0,10000
1028,9.84,66,30,4.12,75,0,10000,11,0,14,6,1028,9.84,66,15,4.86,75,0,10000,1028,9.84,66,15,4.86,75,0,10000,1028,9.84,66,15,4.86,75,0,10000,1028,9.84,66,15,4.86,75,0,10000,1028,9.84,66,15,4.86,75,0,10000,1028,9.84,66,15,4.86,75,0,10000,1028,9.84,66,15,4.86,75,0,10000,1028,9.84,66,15,4.86,75,0,10000,1028,9.84,66,15,4.86,75,0,10000,1028,9.84,66,15,4.86,75,0,10000,1028,9.84,66,15,4.86,75,0,10000,1028,9.84,66,15,4.86,75,0,10000
1028,9.84,66,30,4.12,75,0,10000,14,0,14,6,1028,9.51,65,358,4.69,81,0,10000,1028,9.51,65,358,4.69,81,0,10000,1028,9.51,65,358,4.69,81,0,10000,1028,9.51,65,358,4.69,81,0,10000,1028,9.51,65,358,4.69,81,0,10000,1028,9.51,65,358,4.69,81,0,10000,1028,9.51,65,358,4.69,81,0,10000,1028,9.51,65,358,4.69,81,0,10000,1028,9.51,65,358,4.69,81,0,10000,1028,9.51,65,358,4.69,81,0,10000,1028,9.51,65,358,4.69,81,0,10000,1028,9.51,65,358,4.69,81,0,10000
1028,9.84,66,30,4.12,75,0,10000,17,0,14,6,1027,8.48,77,347,3.94,89,0,10000,1027,8.48,77,347,3.94,89,0,10000,1027,8.48,77,347,3.94,89,0,10000,1027,8.48,77,347,3.94,89,0,10000,1027,8.48,77,347,3.94,89,0,10000,1027,8.48,77,347,3.94,89,0,10000,1027,8.48,77,347,3.94,89,0,10000,1027,8.48,77,347,3.94,89,0,10000,1027,8.48,77,347,3.94,89,0,10000,1027,8.48,77,347,3.94,89,0,10000,1027,8.48,77,347,3.94,89,0,10000,1027,8.48,77,347,3.94,89,0,10000
1028,9.84,66,30,4.12,75,0,10000,20,0,14,6,1026,7.33,85,4,4,100,0,10000,1026,7.33,85,4,4,100,0,10000,1026,7.33,85,4,4,100,0,10000,1026,7.33,85,4,4,100,0,10000,1026,7.33,85,4,4,100,0,10000,1026,7.33,85,4,4,100,0,10000,1026,7.33,85,4,4,100,0,10000,1026,7.33,85,4,4,100,0,10000,1026,7.33,85,4,4,100,0,10000,1026,7.33,85,4,4,100,0,10000,1026,7.33,85,4,4,100,0,10000,1026,7.33,85,4,4,100,0,10000
1028,9.84,66,30,4.12,75,0,10000,23,0,14,6,1025,6.31,87,11,3.59,90,0,10000,1025,6.31,87,11,3.59,90,0,10000,1025,6.31,87,11,3.59,90,0,10000,1025,6.31,87,11,3.59,90,0,10000,1025,6.31,87,11,3.59,90,0,10000,1025,6.31,87,11,3.59,90,0,10000,1025,6.31,87,11,3.59,90,0,10000,1025,6.31,87,11,3.59,90,0,10000,1025,6.31,87,11,3.59,90,0,10000,1025,6.31,87,11,3.59,90,0,10000,1025,6.31,87,11,3.59,90,0,10000,1025,6.31,87,11,3.59,90,0,10000
1028,9.84,66,30,4.12,75,0,10000,2,0,15,6,1024,7.36,85,14,2.61,99,0,10000,1024,7.36,85,14,2.61,99,0,10000,1024,7.36,85,14,2.61,99,0,10000,1024,7.36,85,14,2.61,99,0,10000,1024,7.36,85,14,2.61,99,0,10000,1024,7.36,85,14,2.61,99,0,10000,1024,7.36,85,14,2.61,99,0,10000,1024,7.36,85,14,2.61,99,0,10000,1024,7.36,85,14,2.61,99,0,10000,1024,7.36,85,14,2.61,99,0,10000,1024,7.36,85,14,2.61,99,0,10000,1024,7.36,85,14,2.61,99,0,10000
1028,9.84,66,30,4.12,75,0,10000,5,0,15,6,1024,7.22,87,93,1.84,100,0,10000,1024,7.22,87,93,1.84,100,0,10000,1024,7.22,87,93,1.84,100,0,10000,1024,7.22,87,93,1.84,100,0,10000,1024,7.22,87,93,1.84,100,0,10000,1024,7.22,87,93,1.84,100,0,10000,1024,7.22,87,93,1.84,100,0,10000,1024,7.22,87,93,1.84,100,0,10000,1024,7.22,87,93,1.84,100,0,10000,1024,7.22,87,93,1.84,100,0,10000,1024,7.22,87,93,1.84,100,0,10000,1024,7.22,87,93,1.84,100,0,10000
1028,9.84,66,30,4.12,75,0,10000,8,0,15,6,1024,7.31,85,192,1.05,100,0,10000,1024,7.31,85,192,1.05,100,0,10000,1024,7.31,85,192,1.05,100,0,10000,1024,7.31,85,192,1.05,100,0,10000,1024,7.31,85,192,1.05,100,0,10000,1024,7.31,85,192,1.05,100,0,10000,1024,7.31,85,192,1.05,100,0,10000,1024,7.31,85,192,1.05,100,0,10000,1024,7.31,85,192,1.05,100,0,10000,1024,7.31,85,192,1.05,100,0,10000,1024,7.31,85,192,1.05,100,0,10000,1024,7.31,85,192,1.05,100,0,10000
1028,9.84,66,30,4.12,75,0,10000,11,0,15,6,1028,9.84,66,15,4.86,75,0,10000,1028,9.84,66,15,4.86,75,0,10000,1028,9.84,66,15,4.86,75,0,10000,1028,9.84,66,15,4.86,75,0,10000,1028,9.84,66,15,4.86,75,0,10000,1028,9.84,66,15,4.86,75,0,10000,1028,9.84,66,15,4.86,75,0,10000,1028,9.84,66,15,4.86,75,0,10000,1028,9.84,66,15,4.86,75,0,10000,1028,9.84,66,15,4.86,75,0,10000,1028,9.84,66,15,4.86,75,0,10000,1028,9.84,66,15,4.86,75,0,10000
1028,9.84,66,30,4.12,75,0,10000,14,0,15,6,1028,9.51,65,358,4.69,81,0,10000,1028,9.51,65,358,4.69,81,0,10000,1028,9.51,65,358,4.69,81,0,10000,1028,9.51,65,358,4.69,81,0,10000,1028,9.51,65,358,4.69,81,0,10000,1028,9.51,65,358,4.69,81,0,10000,1028,9.51,65,358,4.69,81,0,10000,1028,9.51,65,358,4.69,81,0,10000,1028,9.51,65,358,4.69,81,0,10000,1028,9.51,65,358,4.69,81,0,10000,1028,9.51,65,358,4.69,81,0,10000,1028,9.51,65,358,4.69,81,0,10000
1028,9.84,66,30,4.12,75,0,10000,17,0,15,6,1027,8.48,77,347,3.94,89,0,10000,1027,8.48,77,347,3.94,89,0,10000,1027,8.48,77,347,3.94,89,0,10000,1027,8.48,77,347,3.94,89,0,10000,1027,8.48,77,347,3.94,89,0,10000,1027,8.48,77,347,3.94,89,0,10000,1027,8.48,77,347,3.94,89,0,10000,1027,8.48,77,347,3.94,89,0,10000,1027,8.48,77,347,3.94,89,0,10000,1027,8.48,77,347,3.94,89,0,10000,1027,8.48,77,347,3.94,89,0,10000,1027,8.48,77,347,3.94,89,0,10000
1028,9.84,66,30,4.12,75,0,10000,20,0,15,6,1026,7.33,85,4,4,100,0,10000,1026,7.33,85,4,4,100,0,10000,1026,7.33,85,4,4,100,0,10000,1026,7.33,85,4,4,100,0,10000,1026,7.33,85,4,4,100,0,10000,1026,7.33,85,4,4,100,0,10000,1026,7.33,85,4,4,100,0,10000,1026,7.33,85,4,4,100,0,10000,1026,7.33,85,4,4,100,0,10000,1026,7.33,85,4,4,100,0,10000,1026,7.33,85,4,4,100,0,10000,1026,7.33,85,4,4,100,0,10000
1028,9.84,66,30,4.12,75,0,10000,23,0,15,6,1025,6.31,87,11,3.59,90,0,10000,1025,6.31,87,11,3.59,90,0,10000,1025,6.31,87,11,3.59,90,0,10000,1025,6.31,87,11,3.59,90,0,10000,1025,6.31,87,11,3.59,90,0,10000,1025,6.31,87,11,3.59,90,0,10000,1025,6.31,87,11,3.59,90,0,10000,1025,6.31,87,11,3.59,90,0,10000,1025,6.31,87,11,3.59,90,0,10000,1025,6.31,87,11,3.59,90,0,10000,1025,6.31,87,11,3.59,90,0,10000,1025,6.31,87,11,3.59,90,0,10000
1028,9.84,66,30,4.12,75,0,10000,2,0,16,6,1024,7.36,85,14,2.61,99,0,10000,1024,7.36,85,14,2.61,99,0,10000,1024,7.36,85,14,2.61,99,0,10000,1024,7.36,85,14,2.61,99,0,10000,1024,7.36,85,14,2.61,99,0,10000,1024,7.36,85,14,2.61,99,0,10000,1024,7.36,85,14,2.61,99,0,10000,1024,7.36,85,14,2.61,99,0,10000,1024,7.36,85,14,2.61,99,0,10000,1024,7.36,85,14,2.61,99,0,10000,1024,7.36,85,14,2.61,99,0,10000,1024,7.36,85,14,2.61,99,0,10000
1028,9.84,66,30,4.12,75,0,10000,5,0,16,6,1024,7.22,87,93,1.84,100,0,10000,1024,7.22,87,93,1.84,100,0,10000,1024,7.22,87,93,1.84,100,0,10000,1024,7.22,87,93,1.84,100,0,10000,1024,7.22,87,93,1.84,100,0,10000,1024,7.22,87,93,1.84,100,0,10000,1024,7.22,87,93,1.84,100,0,10000,1024,7.22,87,93,1.84,100,0,10000,1024,7.22,87,93,1.84,100,0,10000,1024,7.22,87,93,1.84,100,0,10000,1024,7.22,87,93,1.84,100,0,10000,1024,7.22,87,93,1.84,100,0,10000
1028,9.84,66,30,4.12,75,0,10000,8,0,16,6,1024,7.31,85,192,1.05,100,0,10000,1024,7.31,85,192,1.05,100,0,10000,1024,7.31,85,192,1.05,100,0,10000,1024,7.31,85,192,1.05,100,0,10000,1024,7.31,85,192,1.05,100,0,10000,1024,7.31,85,192,1.05,100,0,10000,1024,7.31,85,192,1.05,100,0,10000,1024,7.31,85,192,1.05,100,0,10000,1024,7.31,85,192,1.05,100,0,10000,1024,7.31,85,192,1.05,100,0,10000,1024,7.31,85,192,1.05,100,0,10000,1024,7.31,85,192,1.05,100,0,10000
1028,9.84,66,30,4.12,75,0,10000,11,0,16,6,1028,9.84,66,15,4.86,75,0,10000,1028,9.84,66,15,4.86,75,0,10000,1028,9.84,66,15,4.86,75,0,10000,1028,9.84,66,15,4.86,75,0,10000,1028,9.84,66,15,4.86,75,0,10000,1028,9.84,66,15,4.86,75,0,10000,1028,9.84,66,15,4.86,75,0,10000,1028,9.84,66,15,4.86,75,0,10000,1028,9.84,66,15,4.86,75,0,10000,1028,9.84,66,15,4.86,75,0,10000,1028,9.84,66,15,4.86,75,0,10000,1028,9.84,66,15,4.86,75,0,10000
1028,9.84,66,30,4.12,75,0,10000,14,0,16,6,1028,9.51,65,358,4.69,81,0,10000,1028,9.51,65,358,4.69,81,0,10000,1028,9.51,65,358,4.69,81,0,10000,1028,9.51,65,358,4.69,81,0,10000,1028,9.51,65,358,4.69,81,0,10000,1028,9.51,65,358,4.69,81,0,10000,1028,9.51,65,358,4.69,81,0,10000,1028,9.51,65,358,4.69,81,0,10000,1028,9.51,65,358,4.69,81,0,10000,1028,9.51,65,358,4.69,81,0,10000,1028,9.51,65,358,4.69,81,0,10000,1028,9.51,65,358,4.69,81,0,10000
1028,9.84,66,30,4.12,75,0,10000,17,0,16,6,1027,8.48,77,347,3.94,89,0,10000,1027,8.48,77,347,3.94,89,0,10000,1027,8.48,77,347,3.94,89,0,10000,1027,8.48,77,347,3.94,89,0,10000,1027,8.48,77,347,3.94,89,0,10000,1027,8.48,77,347,3.94,89,0,10000,1027,8.48,77,347,3.94,89,0,10000,1027,8.48,77,347,3.94,89,0,10000,1027,8.48,77,347,3.94,89,0,10000,1027,8.48,77,347,3.94,89,0,10000,1027,8.48,77,347,3.94,89,0,10000,1027,8.48,77,347,3.94,89,0,10000
1028,9.84,66,30,4.12,75,0,10000,20,0,16,6,1026,7.33,85,4,4,100,0,10000,1026,7.33,85,4,4,100,0,10000,1026,7.33,85,4,4,100,0,10000,1026,7.33,85,4,4,100,0,10000,1026,7.33,85,4,4,100,0,10000,1026,7.33,85,4,4,100,0,10000,1026,7.33,85,4,4,100,0,10000,1026,7.33,85,4,4,100,0,10000,1026,7.33,85,4,4,100,0,10000,1026,7.33,85,4,4,100,0,10000,1026,7.33,85,4,4,100,0,10000,1026,7.33,85,4,4,100,0,10000
1028,9.84,66,30,4.12,75,0,10000,23,0,16,6,1025,6.31,87,11,3.59,90,0,10000,1025,6.31,87,11,3.59,90,0,10000,1025,6.31,87,11,3.59,90,0,10000,1025,6.31,87,11,3.59,90,0,10000,1025,6.31,87,11,3.59,90,0,10000,1025,6.31,87,11,3.59,90,0,10000,1025,6.31,87,11,3.59,90,0,10000,1025,6.31,87,11,3.59,90,0,10000,1025,6.31,87,11,3.59,90,0,10000,1025,6.31,87,11,3.59,90,0,10000,1025,6.31,87,11,3.59,90,0,10000,1025,6.31,87,11,3.59,90,0,10000
1028,9.84,66,30,4.12,75,0,10000,2,0,17,6,1024,7.36,85,14,2.61,99,0,10000,1024,7.36,85,14,2.61,99,0,10000,1024,7.36,85,14,2.61,99,0,10000,1024,7.36,85,14,2.61,99,0,10000,1024,7.36,85,14,2.61,99,0,10000,1024,7.36,85,14,2.61,99,0,10000,1024,7.36,85,14,2.61,99,0,10000,1024,7.36,85,14,2.61,99,0,10000,1024,7.36,85,14,2.61,99,0,10000,1024,7.36,85,14,2.61,99,0,10000,1024,7.36,85,14,2.61,99,0,10000,1024,7.36,85,14,2.61,99,0,10000
1028,9.84,66,30,4.12,75,0,10000,5,0,17,6,1024,7.22,87,93,1.84,100,0,10000,1024,7.22,87,93,1.84,100,0,10000,1024,7.22,87,93,1.84,100,0,10000,1024,7.22,87,93,1.84,100,0,10000,1024,7.22,87,93,1.84,100,0,10000,1024,7.22,87,93,1.84,100,0,10000,1024,7.22,87,93,1.84,100,0,10000,1024,7.22,87,93,1.84,100,0,10000,1024,7.22,87,93,1.84,100,0,10000,1024,7.22,87,93,1.84,100,0,10000,1024,7.22,87,93,1.84,100,0,10000,1024,7.22,87,93,1.84,100,0,10000
1028,9.84,66,30,4.12,75,0,10000,8,0,17,6,1024,7.31,85,192,1.05,100,0,10000,1024,7.31,85,192,1.05,100,0,10000,1024,7.31,85,192,1.05,100,0,10000,1024,7.31,85,192,1.05,100,0,10000,1024,7.31,85,192,1.05,100,0,10000,1024,7.31,85,192,1.05,100,0,10000,1024,7.31,85,192,1.05,100,0,10000,1024,7.31,85,192,1.05,100,0,10000,1024,7.31,85,192,1.05,100,0,10000,1024,7.31,85,192,1.05,100,0,10000,1024,7.31,85,192,1.05,100,0,10000,1024,7.31,85,192,1.05,100,0,10000
1028,9.84,66,30,4.12,75,0,10000,11,0,17,6,1028,9.84,66,15,4.86,75,0,10000,1028,9.84,66,15,4.86,75,0,10000,1028,9.84,66,15,4.86,75,0,10000,1028,9.84,66,15,4.86,75,0,10000,1028,9.84,66,15,4.86,75,0,10000,1028,9.84,66,15,4.86,75,0,10000,1028,9.84,66,15,4.86,75,0,10000,1028,9.84,66,15,4.86,75,0,10000,1028,9.84,66,15,4.86,75,0,10000,1028,9.84,66,15,4.86,75,0,10000,1028,9.84,66,15,4.86,75,0,10000,1028,9.84,66,15,4.86,75,0,10000
1028,9.84,66,30,4.12,75,0,10000,14,0,17,6,1028,9.51,65,358,4.69,81,0,10000,1028,9.51,65,358,4.69,81,0,10000,1028,9.51,65,358,4.69,81,0,10000,1028,9.51,65,358,4.69,81,0,10000,1028,9.51,65,358,4.69,81,0,10000,1028,9.51,65,358,4.69,81,0,10000,1028,9.51,65,358,4.69,81,0,10000,1028,9.51,65,358,4.69,81,0,10000,1028,9.51,65,358,4.69,81,0,10000,1028,9.51,65,358,4.69,81,0,10000,1028,9.51,65,358,4.69,81,0,10000,1028,9.51,65,358,4.69,81,0,10000
1028,9.84,66,30,4.12,75,0,10000,17,0,17,6,1027,8.48,77,347,3.94,89,0,10000,1027,8.48,77,347,3.94,89,0,10000,1027,8.48,77,347,3.94,89,0,10000,1027,8.48,77,347,3.94,89,0,10000,1027,8.48,77,347,3.94,89,0,10000,1027,8.48,77,347,3.94,89,0,10000,1027,8.48,77,347,3.94,89,0,10000,1027,8.48,77,347,3.94,89,0,10000,1027,8.48,77,347,3.94,89,0,10000,1027,8.48,77,347,3.94,89,0,10000,1027,8.48,77,347,3.94,89,0,10000,1027,8.48,77,347,3.94,89,0,10000
1028,9.84,66,30,4.12,75,0,10000,20,0,17,6,1026,7.33,85,4,4,100,0,10000,1026,7.33,85,4,4,100,0,10000,1026,7.33,85,4,4,100,0,10000,1026,7.33,85,4,4,100,0,10000,1026,7.33,85,4,4,100,0,10000,1026,7.33,85,4,4,100,0,10000,1026,7.33,85,4,4,100,0,10000,1026,7.33,85,4,4,100,0,10000,1026,7.33,85,4,4,100,0,10000,1026,7.33,85,4,4,100,0,10000,1026,7.33,85,4,4,100,0,10000,1026,7.33,85,4,4,100,0,10000
1028,9.84,66,30,4.12,75,0,10000,23,0,17,6,1025,6.31,87,11,3.59,90,0,10000,1025,6.31,87,11,3.59,90,0,10000,1025,6.31,87,11,3.59,90,0,10000,1025,6.31,87,11,3.59,90,0,10000,1025,6.31,87,11,3.59,90,0,10000,1025,6.31,87,11,3.59,90,0,10000,1025,6.31,87,11,3.59,90,0,10000,1025,6.31,87,11,3.59,90,0,10000,1025,6.31,87,11,3.59,90,0,10000,1025,6.31,87,11,3.59,90,0,10000,1025,6.31,87,11,3.59,90,0,10000,1025,6.31,87,11,3.59,90,0,10000
1028,9.84,66,30,4.12,75,0,10000,2,0,18,6,1024,7.36,85,14,2.61,99,0,10000,1024,7.36,85,14,2.61,99,0,10000,1024,7.36,85,14,2.61,99,0,10000,1024,7.36,85,14,2.61,99,0,10000,1024,7.36,85,14,2.61,99,0,10000,1024,7.36,85,14,2.61,99,0,10000,1024,7.36,85,14,2.61,99,0,10000,1024,7.36,85,14,2.61,99,0,10000,1024,7.36,85,14,2.61,99,0,10000,1024,7.36,85,14,2.61,99,0,10000,1024,7.36,85,14,2.61,99,0,10000,1024,7.36,85,14,2.61,99,0,10000
1028,9.84,66,30,4.12,75,0,10000,5,0,18,6,1024,7.22,87,93,1.84,100,0,10000,1024,7.22,87,93,1.84,100,0,10000,1024,7.22,87,93,1.84,100,0,10000,1024,7.22,87,93,1.84,100,0,10000,1024,7.22,87,93,1.84,100,0,10000,1024,7.22,87,93,1.84,100,0,10000,1024,7.22,87,93,1.84,100,0,10000,1024,7.22,87,93,1.84,100,0,10000,1024,7.22,87,93,1.84,100,0,10000,1024,7.22,87,93,1.84,100,0,10000,1024,7.22,87,93,1.84,100,0,10000,1024,7.22,87,93,1.84,100,0,10000
1028,9.84,66,30,4.12,75,0,10000,8,0,18,6,1024,7.31,85,192,1.05,100,0,10000,1024,7.31,85,192,1.05,100,0,10000,1024,7.31,85,192,1.05,100,0,10000,1024,7.31,85,192,1.05,100,0,10000,1024,7.31,85,192,1.05,100,0,10000,1024,7.31,85,192,1.05,100,0,10000,1024,7.31,85,192,1.05,100,0,10000,1024,7.31,85,192,1.05,100,0,10000,1024,7.31,85,192,1.05,100,0,10000,1024,7.31,85,192,1.05,100,0,10000,1024,7.31,85,192,1.05,100,0,10000,1024,7.31,85,192,1.05,100,0,10000
1028,9.84,66,30,4.12,75,0,10000,11,0,18,6,1028,9.84,66,15,4.86,75,0,10000,1028,9.84,66,15,4.86,75,0,10000,1028,9.84,66,15,4.86,75,0,10000,1028,9.84,66,15,4.86,75,0,10000,1028,9.84,66,15,4.86,75,0,10000,1028,9.84,66,15,4.86,75,0,10000,1028,9.84,66,15,4.86,75,0,10000,1028,9.84,66,15,4.86,75,0,10000,1028,9.84,66,15,4.86,75,0,10000,1028,9.84,66,15,4.86,75,0,10000,1028,9.84,66,15,4.86,75,0,10000,1028,9.84,66,15,4.86,75,0,10000
1028,9.84,66,30,4.12,75,0,10000,14,0,18,6,1028,9.51,65,358,4.69,81,0,10000,1028,9.51,65,358,4.69,81,0,10000,1028,9.51,65,358,4.69,81,0,10000,1028,9.51,65,358,4.69,81,0,10000,1028,9.51,65,358,4.69,81,0,10000,1028,9.51,65,358,4.69,81,0,10000,1028,9.51,65,358,4.69,81,0,10000,1028,9.51,65,358,4.69,81,0,10000,1028,9.51,65,358,4.69,81,0,10000,1028,9.51,65,358,4.69,81,0,10000,1028,9.51,65,358,4.69,81,0,10000,1028,9.51,65,358,4.69,81,0,10000
1028,9.84,66,30,4.12,75,0,10000,17,0,18,6,1027,8.48,77,347,3.94,89,0,10000,1027,8.48,77,347,3.94,89,0,10000,1027,8.48,77,347,3.94,89,0,10000,1027,8.48,77,347,3.94,89,0,10000,1027,8.48,77,347,3.94,89,0,10000,1027,8.48,77,347,3.94,89,0,10000,1027,8.48,77,347,3.94,89,0,10000,1027,8.48,77,347,3.94,89,0,10000,1027,8.48,77,347,3.94,89,0,10000,1027,8.48,77,347,3.94,89,0,10000,1027,8.48,77,347,3.94,89,0,10000,1027,8.48,77,347,3.94,89,0,10000
1028,9.84,66,30,4.12,75,0,10000,20,0,18,6,1026,7.33,85,4,4,100,0,10000,1026,7.33,85,4,4,100,0,10000,1026,7.33,85,4,4,100,0,10000,1026,7.33,85,4,4,100,0,10000,1026,7.33,85,4,4,100,0,10000,1026,7.33,85,4,4,100,0,10000,1026,7.33,85,4,4,100,0,10000,1026,7.33,85,4,4,100,0,10000,1026,7.33,85,4,4,100,0,10000,1026,7.33,85,4,4,100,0,10000,1026,7.33,85,4,4,100,0,10000,1026,7.33,85,4,4,100,0,10000
1028,9.84,66,30,4.12,75,0,10000,23,0,18,6,1025,6.31,87,11,3.59,90,0,10000,1025,6.31,87,11,3.59,90,0,10000,1025,6.31,87,11,3.59,90,0,10000,1025,6.31,87,11,3.59,90,0,10000,1025,6.31,87,11,3.59,90,0,10000,1025,6.31,87,11,3.59,90,0,10000,1025,6.31,87,11,3.59,90,0,10000,1025,6.31,87,11,3.59,90,0,10000,1025,6.31,87,11,3.59,90,0,10000,1025,6.31,87,11,3.59,90,0,10000,1025,6.31,87,11,3.59,90,0,10000,1025,6.31,87,11,3.59,90,0,10000
1028,9.84,66,30,4.12,75,0,10000,2,0,19,6,1024,7.36,85,14,2.61,99,0,10000,1024,7.36,85,14,2.61,99,0,10000,1024,7.36,85,14,2.61,99,0,10000,1024,7.36,85,14,2.61,99,0,10000,1024,7.36,85,14,2.61,99,0,10000,1024,7.36,85,14,2.61,99,0,10000,1024,7.36,85,14,2.61,99,0,10000,1024,7.36,85,14,2.61,99,0,10000,1024,7.36,85,14,2.61,99,0,10000,1024,7.36,85,14,2.61,99,0,10000,1024,7.36,85,14,2.61,99,0,10000,1024,7.36,85,14,2.61,99,0,10000
1028,9.84,66,30,4.12,75,0,10000,5,0,19,6,1024,7.22,87,93,1.84,100,0,10000,1024,7.22,87,93,1.84,100,0,10000,1024,7.22,87,93,1.84,100,0,10000,1024,7.22,87,93,1.84,100,0,10000,1024,7.22,87,93,1.84,100,0,10000,1024,7.22,87,93,1.84,100,0,10000,1024,7.22,87,93,1.84,100,0,10000,1024,7.22,87,93,1.84,100,0,10000,1024,7.22,87,93,1.84,100,0,10000,1024,7.22,87,93,1.84,100,0,10000,1024,7.22,87,93,1.84,100,0,10000,1024,7.22,87,93,1.84,100,0,10000
1028,9.84,66,30,4.12,75,0,10000,8,0,19,6,1024,7.31,85,192,1.05,100,0,10000,1024,7.31,85,192,1.05,100,0,10000,1024,7.31,85,192,1.05,100,0,10000,1024,7.31,85,192,1.05,100,0,10000,1024,7.31,85,192,1.05,100,0,10000,1024,7.31,85,192,1.05,100,0,10000,1024,7.31,85,192,1.05,100,0,10000,1024,7.31,85,192,1.05,100,0,10000,1024,7.31,85,192,1.05,100,0,10000,1024,7.31,85,192,1.05,100,0,10000,1024,7.31,85,192,1.05,100,0,10000,1024,7.31,85,192,1.05,100,0,10000
1028,9.84,66,30,4.12,75,0,10000,11,0,19,6,1028,9.84,66,15,4.86,75,0,10000,1028,9.84,66,15,4.86,75,0,10000,1028,9.84,66,15,4.86,75,0,10000,1028,9.84,66,15,4.86,75,0,10000,1028,9.84,66,15,4.86,75,0,10000,1028,9.84,66,15,4.86,75,0,10000,1028,9.84,66,15,4.86,75,0,10000,1028,9.84,66,15,4.86,75,0,10000,1028,9.84,66,15,4.86,75,0,10000,1028,9.84,66,15,4.86,75,0,10000,1028,9.84,66,15,4.86,75,0,10000,1028,9.84,66,15,4.86,75,0,10000
1028,9.84,66,30,4.12,75,0,10000,14,0,19,6,1028,9.51,65,358,4.69,81,0,10000,1028,9.51,65,358,4.69,81,0,10000,1028,9.51,65,358,4.69,81,0,10000,1028,9.51,65,358,4.69,81,0,10000,1028,9.51,65,358,4.69,81,0,10000,1028,9.51,65,358,4.69,81,0,10000,1028,9.51,65,358,4.69,81,0,10000,1028,9.51,65,358,4.69,81,0,10000,1028,9.51,65,358,4.69,81,0,10000,1028,9.51,65,358,4.69,81,0,10000,1028,9.51,65,358,4.69,81,0,10000,1028,9.51,65,358,4.69,81,0,10000
1028,9.84,66,30,4.12,75,0,10000,17,0,19,6,1027,8.48,77,347,3.94,89,0,10000,1027,8.48,77,347,3.94,89,0,10000,1027,8.48,77,347,3.94,89,0,10000,1027,8.48,77,347,3.94,89,0,10000,1027,8.48,77,347,3.94,89,0,10000,1027,8.48,77,347,3.94,89,0,10000,1027,8.48,77,347,3.94,89,0,10000,1027,8.48,77,347,3.94,89,0,10000,1027,8.48,77,347,3.94,89,0,10000,1027,8.48,77,347,3.94,89,0,10000,1027,8.48,77,347,3.94,89,0,10000,1027,8.48,77,347,3.94,89,0,10000
1028,9.84,66,30,4.12,75,0,10000,20,0,19,6,1026,7.33,85,4,4,100,0,10000,1026,7.33,85,4,4,100,0,10000,1026,7.33,85,4,4,100,0,10000,1026,7.33,85,4,4,100,0,10000,1026,7.33,85,4,4,100,0,10000,1026,7.33,85,4,4,100,0,10000,1026,7.33,85,4,4,100,0,10000,1026,7.33,85,4,4,100,0,10000,1026,7.33,85,4,4,100,0,10000,1026,7.33,85,4,4,100,0,10000,1026,7.33,85,4,4,100,0,10000,1026,7.33,85,4,4,100,0,10000
1028,9.84,66,30,4.12,75,0,10000,23,0,19,6,1025,6.31,87,11,3.59,90,0,10000,1025,6.31,87,11,3.59,90,0,10000,1025,6.31,87,11,3.59,90,0,10000,1025,6.31,87,11,3.59,90,0,10000,1025,6.31,87,11,3.59,90,0,10000,1025,6.31,87,11,3.59,90,0,10000,1025,6.31,87,11,3.59,90,0,10000,1025,6.31,87,11,3.59,90,0,10000,1025,6.31,87,11,3.59,90,0,10000,1025,6.31,87,11,3.59,90,0,10000,1025,6.31,87,11,3.59,90,0,10000,1025,6.31,87,11,3.59,90,0,10000
1028,9.84,66,30,4.12,75,0,10000,2,0,20,6,1024,7.36,85,14,2.61,99,0,10000,1024,7.36,85,14,2.61,99,0,10000,1024,7.36,85,14,2.61,99,0,10000,1024,7.36,85,14,2.61,99,0,10000,1024,7.36,85,14,2.61,99,0,10000,1024,7.36,85,14,2.61,99,0,10000,1024,7.36,85,14,2.61,99,0,10000,1024,7.36,85,14,2.61,99,0,10000,1024,7.36,85,14,2.61,99,0,10000,1024,7.36,85,14,2.61,99,0,10000,1024,7.36,85,14,2.61,99,0,10000,1024,7.36,85,14,2.61,99,0,10000
1028,9.84,66,30,4.12,75,0,10000,5,0,20,6,1024,7.22,87,93,1.84,100,0,10000,1024,7.22,87,93,1.84,100,0,10000,1024,7.22,87,93,1.84,100,0,10000,1024,7.22,87,93,1.84,100,0,10000,1024,7.22,87,93,1.84,100,0,10000,1024,7.22,87,93,1.84,100,0,10000,1024,7.22,87,93,1.84,100,0,10000,1024,7.22,87,93,1.84,100,0,10000,1024,7.22,87,93,1.84,100,0,10000,1024,7.22,87,93,1.84,100,0,10000,1024,7.22,87,93,1.84,100,0,10000,1024,7.22,87,93,1.84,100,0,10000
1028,9.84,66,30,4.12,75,0,10000,8,0,20,6,1024,7.31,85,192,1.05,100,0,10000,1024,7.31,85,192,1.05,100,0,10000,1024,7.31,85,192,1.05,100,0,10000,1024,7.31,85,192,1.05,100,0,10000,1024,7.31,85,192,1.05,100,0,10000,1024,7.31,85,192,1.05,100,0,10000,1024,7.31,85,192,1.05,100,0,10000,1024,7.31,85,192,1.05,100,0,10000,1024,7.31,85,192,1.05,100,0,10000,1024,7.31,85,192,1.05,100,0,10000,1024,7.31,85,192,1.05,100,0,10000,1024,7.31,85,192,1.05,100,0,10000
1028,9.84,66,30,4.12,75,0,10000,11,0,20,6,1028,9.84,66,15,4.86,75,0,10000,1028,9.84,66,15,4.86,75,0,10000,1028,9.84,66,15,4.86,75,0,10000,1028,9.84,66,15,4.86,75,0,10000,1028,9.84,66,15,4.86,75,0,10000,1028,9.84,66,15,4.86,75,0,10000,1028,9.84,66,15,4.86,75,0,10000,1028,9.84,66,15,4.86,75,0,10000,1028,9.84,66,15,4.86,75,0,10000,1028,9.84,66,15,4.86,75,0,10000,1028,9.84,66,15,4.86,75,0,10000,1028,9.84,66,15,4.86,75,0,10000
1028,9.84,66,30,4.12,75,0,10000,14,0,20,6,1028,9.51,65,358,4.69,81,0,10000,1028,9.51,65,358,4.69,81,0,10000,1028,9.51,65,358,4.69,81,0,10000,1028,9.51,65,358,4.69,81,0,10000,1028,9.51,65,358,4.69,81,0,10000,1028,9.51,65,358,4.69,81,0,10000,1028,9.51,65,358,4.69,81,0,10000,1028,9.51,65,358,4.69,81,0,10000,1028,9.51,65,358,4.69,81,0,10000,1028,9.51,65,358,4.69,81,0,10000,1028,9.51,65,358,4.69,81,0,10000,1028,9.51,65,358,4.69,81,0,10000
1028,9.84,66,30,4.12,75,0,10000,17,0,20,6,1027,8.48,77,347,3.94,89,0,10000,1027,8.48,77,347,3.94,89,0,10000,1027,8.48,77,347,3.94,89,0,10000,1027,8.48,77,347,3.94,89,0,10000,1027,8.48,77,347,3.94,89,0,10000,1027,8.48,77,347,3.94,89,0,10000,1027,8.48,77,347,3.94,89,0,10000,1027,8.48,77,347,3.94,89,0,10000,1027,8.48,77,347,3.94,89,0,10000,1027,8.48,77,347,3.94,89,0,10000,1027,8.48,77,347,3.94,89,0,10000,1027,8.48,77,347,3.94,89,0,10000
1028,9.84,66,30,4.12,75,0,10000,20,0,20,6,1026,7.33,85,4,4,100,0,10000,1026,7.33,85,4,4,100,0,10000,1026,7.33,85,4,4,100,0,10000,1026,7.33,85,4,4,100,0,10000,1026,7.33,85,4,4,100,0,10000,1026,7.33,85,4,4,100,0,10000,1026,7.33,85,4,4,100,0,10000,1026,7.33,85,4,4,100,0,10000,1026,7.33,85,4,4,100,0,10000,1026,7.33,85,4,4,100,0,10000,1026,7.33,85,4,4,100,0,10000,1026,7.33,85,4,4,100,0,10000
1028,9.84,66,30,4.12,75,0,10000,23,0,20,6,1025,6.31,87,11,3.59,90,0,10000,1025,6.31,87,11,3.59,90,0,10000,1025,6.31,87,11,3.59,90,0,10000,1025,6.31,87,11,3.59,90,0,10000,1025,6.31,87,11,3.59,90,0,10000,1025,6.31,87,11,3.59,90,0,10000,1025,6.31,87,11,3.59,90,0,10000,1025,6.31,87,11,3.59,90,0,10000,1025,6.31,87,11,3.59,90,0,10000,1025,6.31,87,11,3.59,90,0,10000,1025,6.31,87,11,3.59,90,0,10000,1025,6.31,87,11,3.59,90,0,10000
1028,9.84,66,30,4.12,75,0,10000,2,0,21,6,1024,7.36,85,14,2.61,99,0,10000,1024,7.36,85,14,2.61,99,0,10000,1024,7.36,85,14,2.61,99,0,10000,1024,7.36,85,14,2.61,99,0,10000,1024,7.36,85,14,2.61,99,0,10000,1024,7.36,85,14,2.61,99,0,10000,1024,7.36,85,14,2.61,99,0,10000,1024,7.36,85,14,2.61,99,0,10000,1024,7.36,85,14,2.61,99,0,10000,1024,7.36,85,14,2.61,99,0,10000,1024,7.36,85,14,2.61,99,0,10000,1024,7.36,85,14,2.61,99,0,10000
1028,9.84,66,30,4.12,75,0,10000,5,0,21,6,1024,7.22,87,93,1.84,100,0,10000,1024,7.22,87,93,1.84,100,0,10000,1024,7.22,87,93,1.84,100,0,10000,1024,7.22,87,93,1.84,100,0,10000,1024,7.22,87,93,1.84,100,0,10000,1024,7.22,87,93,1.84,100,0,10000,1024,7.22,87,93,1.84,100,0,10000,1024,7.22,87,93,1.84,100,0,10000,1024,7.22,87,93,1.84,100,0,10000,1024,7.22,87,93,1.84,100,0,10000,1024,7.22,87,93,1.84,100,0,10000,1024,7.22,87,93,1.84,100,0,10000
1028,9.84,66,30,4.12,75,0,10000,8,0,21,6,1024,7.31,85,192,1.05,100,0,10000,1024,7.31,85,192,1.05,100,0,10000,1024,7.31,85,192,1.05,100,0,10000,1024,7.31,85,192,1.05,100,0,10000,1024,7.31,85,192,1.05,100,0,10000,1024,7.31,85,192,1.05,100,0,10000,1024,7.31,85,192,1.05,100,0,10000,1024,7.31,85,192,1.05,100,0,10000,1024,7.31,85,192,1.05,100,0,10000,1024,7.31,85,192,1.05,100,0,10000,1024,7.31,85,192,1.05,100,0,10000,1024,7.31,85,192,1.05,100,0,10000
1028,9.84,66,30,4.12,75,0,10000,11,0,21,6,1028,9.84,66,15,4.86,75,0,10000,1028,9.84,66,15,4.86,75,0,10000,1028,9.84,66,15,4.86,75,0,10000,1028,9.84,66,15,4.86,75,0,10000,1028,9.84,66,15,4.86,75,0,10000,1028,9.84,66,15,4.86,75,0,10000,1028,9.84,66,15,4.86,75,0,10000,1028,9.84,66,15,4.86,75,0,10000,1028,9.84,66,15,4.86,75,0,10000,1028,9.84,66,15,4.86,75,0,10000,1028,9.84,66,15,4.86,75,0,10000,1028,9.84,66,15,4.86,75,0,10000
1028,9.84,66,30,4.12,75,0,10000,14,0,21,6,1028,9.51,65,358,4.69,81,0,10000,1028,9.51,65,358,4.69,81,0,10000,1028,9.51,65,358,4.69,81,0,10000,1028,9.51,65,358,4.69,81,0,10000,1028,9.51,65,358,4.69,81,0,10000,1028,9.51,65,358,4.69,81,0,10000,1028,9.51,65,358,4.69,81,0,10000,1028,9.51,65,358,4.69,81,0,10000,1028,9.51,65,358,4.69,81,0,10000,1028,9.51,65,358,4.69,81,0,10000,1028,9.51,65,358,4.69,81,0,10000,1028,9.51,65,358,4.69,81,0,10000
1028,9.84,66,30,4.12,75,0,10000,17,0,21,6,1027,8.48,77,347,3.94,89,0,10000,1027,8.48,77,347,3.94,89,0,10000,1027,8.48,77,347,3.94,89,0,10000,1027,8.48,77,347,3.94,89,0,10000,1027,8.48,77,347,3.94,89,0,10000,1027,8.48,77,347,3.94,89,0,10000,1027,8.48,77,347,3.94,89,0,10000,1027,8.48,77,347,3.94,89,0,10000,1027,8.48,77,347,3.94,89,0,10000,1027,8.48,77,347,3.94,89,0,10000,1027,8.48,77,347,3.94,89,0,10000,1027,8.48,77,347,3.94,89,0,10000
1028,9.84,66,30,4.12,75,0,10000,20,0,21,6,1026,7.33,85,4,4,100,0,10000,1026,7.33,85,4,4,100,0,10000,1026,7.33,85,4,4,100,0,10000,1026,7.33,85,4,4,100,0,10000,1026,7.33,85,4,4,100,0,10000,1026,7.33,85,4,4,100,0,10000,1026,7.33,85,4,4,100,0,10000,1026,7.33,85,4,4,100,0,10000,1026,7.33,85,4,4,100,0,10000,1026,7.33,85,4,4,100,0,10000,1026,7.33,85,4,4,100,0,10000,1026,7.33,85,4,4,100,0,10000
1028,9.84,66,30,4.12,75,0,10000,23,0,21,6,1025,6.31,87,11,3.59,90,0,10000,1025,6.31,87,11,3.59,90,0,10000,1025,6.31,87,11,3.59,90,0,10000,1025,6.31,87,11,3.59,90,0,10000,1025,6.31,87,11,3.59,90,0,10000,1025,6.31,87,11,3.59,90,0,10000,1025,6.31,87,11,3.59,90,0,10000,1025,6.31,87,11,3.59,90,0,10000,1025,6.31,87,11,3.59,90,0,10000,1025,6.31,87,11,3.59,90,0,10000,1025,6.31,87,11,3.59,90,0,10000,1025,6.31,87,11,3.59,90,0,10000
1028,9.84,66,30,4.12,75,0,10000,2,0,22,6,1024,7.36,85,14,2.61,99,0,10000,1024,7.36,85,14,2.61,99,0,10000,1024,7.36,85,14,2.61,99,0,10000,1024,7.36,85,14,2.61,99,0,10000,1024,7.36,85,14,2.61,99,0,10000,1024,7.36,85,14,2.61,99,0,10000,1024,7.36,85,14,2.61,99,0,10000,1024,7.36,85,14,2.61,99,0,10000,1024,7.36,85,14,2.61,99,0,10000,1024,7.36,85,14,2.61,99,0,10000,1024,7.36,85,14,2.61,99,0,10000,1024,7.36,85,14,2.61,99,0,10000
1028,9.84,66,30,4.12,75,0,10000,5,0,22,6,1024,7.22,87,93,1.84,100,0,10000,1024,7.22,87,93,1.84,100,0,10000,1024,7.22,87,93,1.84,100,0,10000,1024,7.22,87,93,1.84,100,0,10000,1024,7.22,87,93,1.84,100,0,10000,1024,7.22,87,93,1.84,100,0,10000,1024,7.22,87,93,1.84,100,0,10000,1024,7.22,87,93,1.84,100,0,10000,1024,7.22,87,93,1.84,100,0,10000,1024,7.22,87,93,1.84,100,0,10000,1024,7.22,87,93,1.84,100,0,10000,1024,7.22,87,93,1.84,100,0,10000
1028,9.84,66,30,4.12,75,0,10000,8,0,22,6,1024,7.31,85,192,1.05,100,0,10000,1024,7.31,85,192,1.05,100,0,10000,1024,7.31,85,192,1.05,100,0,10000,1024,7.31,85,192,1.05,100,0,10000,1024,7.31,85,192,1.05,100,0,10000,1024,7.31,85,192,1.05,100,0,10000,1024,7.31,85,192,1.05,100,0,10000,1024,7.31,85,192,1.05,100,0,10000,1024,7.31,85,192,1.05,100,0,10000,1024,7.31,85,192,1.05,100,0,10000,1024,7.31,85,192,1.05,100,0,10000,1024,7.31,85,192,1.05,100,0,10000
1028,9.84,66,30,4.12,75,0,10000,11,0,22,6,1028,9.84,66,15,4.86,75,0,10000,1028,9.84,66,15,4.86,75,0,10000,1028,9.84,66,15,4.86,75,0,10000,1028,9.84,66,15,4.86,75,0,10000,1028,9.84,66,15,4.86,75,0,10000,1028,9.84,66,15,4.86,75,0,10000,1028,9.84,66,15,4.86,75,0,10000,1028,9.84,66,15,4.86,75,0,10000,1028,9.84,66,15,4.86,75,0,10000,1028,9.84,66,15,4.86,75,0,10000,1028,9.84,66,15,4.86,75,0,10000,1028,9.84,66,15,4.86,75,0,10000
1028,9.84,66,30,4.12,75,0,10000,14,0,22,6,1028,9.51,65,358,4.69,81,0,10000,1028,9.51,65,358,4.69,81,0,10000,1028,9.51,65,358,4.69,81,0,10000,1028,9.51,65,358,4.69,81,0,10000,1028,9.51,65,358,4.69,81,0,10000,1028,9.51,65,358,4.69,81,0,10000,1028,9.51,65,358,4.69,81,0,10000,1028,9.51,65,358,4.69,81,0,10000,1028,9.51,65,358,4.69,81,0,10000,1028,9.51,65,358,4.69,81,0,10000,1028,9.51,65,358,4.69,81,0,10000,1028,9.51,65,358,4.69,81,0,10000
1028,9.84,66,30,4.12,75,0,10000,17,0,22,6,1027,8.48,77,347,3.94,89,0,10000,1027,8.48,77,347,3.94,89,0,10000,1027,8.48,77,347,3.94,89,0,10000,1027,8.48,77,347,3.94,89,0,10000,1027,8.48,77,347,3.94,89,0,10000,1027,8.48,77,347,3.94,89,0,10000,1027,8.48,77,347,3.94,89,0,10000,1027,8.48,77,347,3.94,89,0,10000,1027,8.48,77,347,3.94,89,0,10000,1027,8.48,77,347,3.94,89,0,10000,1027,8.48,77,347,3.94,89,0,10000,1027,8.48,77,347,3.94,89,0,10000
1028,9.84,66,30,4.12,75,0,10000,20,0,22,6,1026,7.33,85,4,4,100,0,10000,1026,7.33,85,4,4,100,0,10000,1026,7.33,85,4,4,100,0,10000,1026,7.33,85,4,4,100,0,10000,1026,7.33,85,4,4,100,0,10000,1026,7.33,85,4,4,100,0,10000,1026,7.33,85,4,4,100,0,10000,1026,7.33,85,4,4,100,0,10000,1026,7.33,85,4,4,100,0,10000,1026,7.33,85,4,4,100,0,10000,1026,7.33,85,4,4,100,0,10000,1026,7.33,85,4,4,100,0,10000
1028,9.84,66,30,4.12,75,0,10000,23,0,22,6,1025,6.31,87,11,3.59,90,0,10000,1025,6.31,87,11,3.59,90,0,10000,1025,6.31,87,11,3.59,90,0,10000,1025,6.31,87,11,3.59,90,0,10000,1025,6.31,87,11,3.59,90,0,10000,1025,6.31,87,11,3.59,90,0,10000,1025,6.31,87,11,3.59,90,0,10000,1025,6.31,87,11,3.59,90,0,10000,1025,6.31,87,11,3.59,90,0,10000,1025,6.31,87,11,3.59,90,0,10000,1025,6.31,87,11,3.59,90,0,10000,1025,6.31,87,11,3.59,90,0,10000
1028,9.84,66,30,4.12,75,0,10000,2,0,23,6,1024,7.36,85,14,2.61,99,0,10000,1024,7.36,85,14,2.61,99,0,10000,1024,7.36,85,14,2.61,99,0,10000,1024,7.36,85,14,2.61,99,0,10000,1024,7.36,85,14,2.61,99,0,10000,1024,7.36,85,14,2.61,99,0,10000,1024,7.36,85,14,2.61,99,0,10000,1024,7.36,85,14,2.61,99,0,10000,1024,7.36,85,14,2.61,99,0,10000,1024,7.36,85,14,2.61,99,0,10000,1024,7.36,85,14,2.61,99,0,10000,1024,7.36,85,14,2.61,99,0,10000
1028,9.84,66,30,4.12,75,0,10000,5,0,23,6,1024,7.22,87,93,1.84,100,0,10000,1024,7.22,87,93,1.84,100,0,10000,1024,7.22,87,93,1.84,100,0,10000,1024,7.22,87,93,1.84,100,0,10000,1024,7.22,87,93,1.84,100,0,10000,1024,7.22,87,93,1.84,100,0,10000,1024,7.22,87,93,1.84,100,0,10000,1024,7.22,87,93,1.84,100,0,10000,1024,7.22,87,93,1.84,100,0,10000,1024,7.22,87,93,1.84,100,0,10000,1024,7.22,87,93,1.84,100,0,10000,1024,7.22,87,93,1.84,100,0,10000
1028,9.84,66,30,4.12,75,0,10000,8,0,23,6,1024,7.31,85,192,1.05,100,0,10000,1024,7.31,85,192,1.05,100,0,10000,1024,7.31,85,192,1.05,100,0,10000,1024,7.31,85,192,1.05,100,0,10000,1024,7.31,85,192,1.05,100,0,10000,1024,7.31,85,192,1.05,100,0,10000,1024,7.31,85,192,1.05,100,0,10000,1024,7.31,85,192,1.05,100,0,10000,1024,7.31,85,192,1.05,100,0,10000,1024,7.31,85,192,1.05,100,0,10000,1024,7.31,85,192,1.05,100,0,10000,1024,7.31,85,192,1.05,100,0,10000
1028,9.84,66,30,4.12,75,0,10000,11,0,23,6,1028,9.84,66,15,4.86,75,0,10000,1028,9.84,66,15,4.86,75,0,10000,1028,9.84,66,15,4.86,75,0,10000,1028,9.84,66,15,4.86,75,0,10000,1028,9.84,66,15,4.86,75,0,10000,1028,9.84,66,15,4.86,75,0,10000,1028,9.84,66,15,4.86,75,0,10000,1028,9.84,66,15,4.86,75,0,10000,1028,9.84,66,15,4.86,75,0,10000,1028,9.84,66,15,4.86,75,0,10000,1028,9.84,66,15,4.86,75,0,10000,1028,9.84,66,15,4.86,75,0,10000
1028,9.84,66,30,4.12,75,0,10000,14,0,23,6,1028,9.51,65,358,4.69,81,0,10000,1028,9.51,65,358,4.69,81,0,10000,1028,9.51,65,358,4.69,81,0,10000,1028,9.51,65,358,4.69,81,0,10000,1028,9.51,65,358,4.69,81,0,10000,1028,9.51,65,358,4.69,81,0,10000,1028,9.51,65,358,4.69,81,0,10000,1028,9.51,65,358,4.69,81,0,10000,1028,9.51,65,358,4.69,81,0,10000,1028,9.51,65,358,4.69,81,0,10000,1028,9.51,65,358,4.69,81,0,10000,1028,9.51,65,358,4.69,81,0,10000
1028,9.84,66,30,4.12,75,0,10000,17,0,23,6,1027,8.48,77,347,3.94,89,0,10000,1027,8.48,77,347,3.94,89,0,10000,1027,8.48,77,347,3.94,89,0,10000,1027,8.48,77,347,3.94,89,0,10000,1027,8.48,77,347,3.94,89,0,10000,1027,8.48,77,347,3.94,89,0,10000,1027,8.48,77,347,3.94,89,0,10000,1027,8.48,77,347,3.94,89,0,10000,1027,8.48,77,347,3.94,89,0,10000,1027,8.48,77,347,3.94,89,0,10000,1027,8.48,77,347,3.94,89,0,10000,1027,8.48,77,347,3.94,89,0,10000
1028,9.84,66,30,4.12,75,0,10000,20,0,23,6,1026,7.33,85,4,4,100,0,10000,1026,7.33,85,4,4,100,0,10000,1026,7.33,85,4,4,100,0,10000,1026,7.33,85,4,4,100,0,10000,1026,7.33,85,4,4,100,0,10000,1026,7.33,85,4,4,100,0,10000,1026,7.33,85,4,4,100,0,10000,1026,7.33,85,4,4,100,0,10000,1026,7.33,85,4,4,100,0,10000,1026,7.33,85,4,4,100,0,10000,1026,7.33,85,4,4,100,0,10000,1026,7.33,85,4,4,100,0,10000
1028,9.84,66,30,4.12,75,0,10000,23,0,23,6,1025,6.31,87,11,3.59,90,0,10000,1025,6.31,87,11,3.59,90,0,10000,1025,6.31,87,11,3.59,90,0,10000,1025,6.31,87,11,3.59,90,0,10000,1025,6.31,87,11,3.59,90,0,10000,1025,6.31,87,11,3.59,90,0,10000,1025,6.31,87,11,3.59,90,0,10000,1025,6.31,87,11,3.59,90,0,10000,1025,6.31,87,11,3.59,90,0,10000,1025,6.31,87,11,3.59,90,0,10000,1025,6.31,87,11,3.59,90,0,10000,1025,6.31,87,11,3.59,90,0,10000
1028,9.84,66,30,4.12,75,0,10000,2,0,24,6,1024,7.36,85,14,2.61,99,0,10000,1024,7.36,85,14,2.61,99,0,10000,1024,7.36,85,14,2.61,99,0,10000,1024,7.36,85,14,2.61,99,0,10000,1024,7.36,85,14,2.61,99,0,10000,1024,7.36,85,14,2.61,99,0,10000,1024,7.36,85,14,2.61,99,0,10000,1024,7.36,85,14,2.61,99,0,10000,1024,7.36,85,14,2.61,99,0,10000,1024,7.36,85,14,2.61,99,0,10000,1024,7.36,85,14,2.61,99,0,10000,1024,7.36,85,14,2.61,99,0,10000
1028,9.84,66,30,4.12,75,0,10000,5,0,24,6,1024,7.22,87,93,1.84,100,0,10000,1024,7.22,87,93,1.84,100,0,10000,1024,7.22,87,93,1.84,100,0,10000,1024,7.22,87,93,1.84,100,0,10000,1024,7.22,87,93,1.84,100,0,10000,1024,7.22,87,93,1.84,100,0,10000,1024,7.22,87,93,1.84,100,0,10000,1024,7.22,87,93,1.84,100,0,10000,1024,7.22,87,93,1.84,100,0,10000,1024,7.22,87,93,1.84,100,0,10000,1024,7.22,87,93,1.84,100,0,10000,1024,7.22,87,93,1.84,100,0,10000
1028,9.84,66,30,4.12,75,0,10000,8,0,24,6,1024,7.31,85,192,1.05,100,0,10000,1024,7.31,85,192,1.05,100,0,10000,1024,7.31,85,192,1.05,100,0,10000,1024,7.31,85,192,1.05,100,0,10000,1024,7.31,85,192,1.05,100,0,10000,1024,7.31,85,192,1.05,100,0,10000,1024,7.31,85,192,1.05,100,0,10000,1024,7.31,85,192,1.05,100,0,10000,1024,7.31,85,192,1.05,100,0,10000,1024,7.31,85,192,1.05,100,0,10000,1024,7.31,85,192,1.05,100,0,10000,1024,7.31,85,192,1.05,100,0,10000
1028,9.84,66,30,4.12,75,0,10000,11,0,24,6,1028,9.84,66,15,4.86,75,0,10000,1028,9.84,66,15,4.86,75,0,10000,1028,9.84,66,15,4.86,75,0,10000,1028,9.84,66,15,4.86,75,0,10000,1028,9.84,66,15,4.86,75,0,10000,1028,9.84,66,15,4.86,75,0,10000,1028,9.84,66,15,4.86,75,0,10000,1028,9.84,66,15,4.86,75,0,10000,1028,9.84,66,15,4.86,75,0,10000,1028,9.84,66,15,4.86,75,0,10000,1028,9.84,66,15,4.86,75,0,10000,1028,9.84,66,15,4.86,75,0,10000
1028,9.84,66,30,4.12,75,0,10000,14,0,24,6,1028,9.51,65,358,4.69,81,0,10000,1028,9.51,65,358,4.69,81,0,10000,1028,9.51,65,358,4.69,81,0,10000,1028,9.51,65,358,4.69,81,0,10000,1028,9.51,65,358,4.69,81,0,10000,1028,9.51,65,358,4.69,81,0,10000,1028,9.51,65,358,4.69,81,0,10000,1028,9.51,65,358,4.69,81,0,10000,1028,9.51,65,358,4.69,81,0,10000,1028,9.51,65,358,4.69,81,0,10000,1028,9.51,65,358,4.69,81,0,10000,1028,9.51,65,358,4.69,81,0,10000
1028,9.84,66,30,4.12,75,0,10000,17,0,24,6,1027,8.48,77,347,3.94,89,0,10000,1027,8.48,77,347,3.94,89,0,10000,1027,8.48,77,347,3.94,89,0,10000,1027,8.48,77,347,3.94,89,0,10000,1027,8.48,77,347,3.94,89,0,10000,1027,8.48,77,347,3.94,89,0,10000,1027,8.48,77,347,3.94,89,0,10000,1027,8.48,77,347,3.94,89,0,10000,1027,8.48,77,347,3.94,89,0,10000,1027,8.48,77,347,3.94,89,0,10000,1027,8.48,77,347,3.94,89,0,10000,1027,8.48,77,347,3.94,89,0,10000
1028,9.84,66,30,4.12,75,0,10000,20,0,24,6,1026,7.33,85,4,4,100,0,10000,1026,7.33,85,4,4,100,0,10000,1026,7.33,85,4,4,100,0,10000,1026,7.33,85,4,4,100,0,10000,1026,7.33,85,4,4,100,0,10000,1026,7.33,85,4,4,100,0,10000,1026,7.33,85,4,4,100,0,10000,1026,7.33,85,4,4,100,0,10000,1026,7.33,85,4,4,100,0,10000,1026,7.33,85,4,4,100,0,10000,1026,7.33,85,4,4,100,0,10000,1026,7.33,85,4,4,100,0,10000
1028,9.84,66,30,4.12,75,0,10000,23,0,24,6,1025,6.31,87,11,3.59,90,0,10000,1025,6.31,87,11,3.59,90,0,10000,1025,6.31,87,11,3.59,90,0,10000,1025,6.31,87,11,3.59,90,0,10000,1025,6.31,87,11,3.59,90,0,10000,1025,6.31,87,11,3.59,90,0,10000,1025,6.31,87,11,3.59,90,0,10000,1025,6.31,87,11,3.59,90,0,10000,1025,6.31,87,11,3.59,90,0,10000,1025,6.31,87,11,3.59,90,0,10000,1025,6.31,87,11,3.59,90,0,10000,1025,6.31,87,11,3.59,90,0,10000
1028,9.84,66,30,4.12,75,0,10000,2,0,25,6,1024,7.36,85,14,2.61,99,0,10000,1024,7.36,85,14,2.61,99,0,10000,1024,7.36,85,14,2.61,99,0,10000,1024,7.36,85,14,2.61,99,0,10000,1024,7.36,85,14,2.61,99,0,10000,1024,7.36,85,14,2.61,99,0,10000,1024,7.36,85,14,2.61,99,0,10000,1024,7.36,85,14,2.61,99,0,10000,1024,7.36,85,14,2.61,99,0,10000,1024,7.36,85,14,2.61,99,0,10000,1024,7.36,85,14,2.61,99,0,10000,1024,7.36,85,14,2.61,99,0,10000
1028,9.84,66,30,4.12,75,0,10000,5,0,25,6,1024,7.22,87,93,1.84,100,0,10000,1024,7.22,87,93,1.84,100,0,10000,1024,7.22,87,93,1.84,100,0,10000,1024,7.22,87,93,1.84,100,0,10000,1024,7.22,87,93,1.84,100,0,10000,1024,7.22,87,93,1.84,100,0,10000,1024,7.22,87,93,1.84,100,0,10000,1024,7.22,87,93,1.84,100,0,10000,1024,7.22,87,93,1.84,100,0,10000,1024,7.22,87,93,1.84,100,0,10000,1024,7.22,87,93,1.84,100,0,10000,1024,7.22,87,93,1.84,100,0,10000
1028,9.84,66,30,4.12,75,0,10000,8,0,25,6,1024,7.31,85,192,1.05,100,0,10000,1024,7.31,85,192,1.05,100,0,10000,1024,7.31,85,192,1.05,100,0,10000,1024,7.31,85,192,1.05,100,0,10000,1024,7.31,85,192,1.05,100,0,10000,1024,7.31,85,192,1.05,100,0,10000,1024,7.31,85,192,1.05,100,0,10000,1024,7.31,85,192,1.05,100,0,10000,1024,7.31,85,192,1.05,100,0,10000,1024,7.31,85,192,1.05,100,0,10000,1024,7.31,85,192,1.05,100,0,10000,1024,7.31,85,192,1.05,100,0,10000
1028,9.84,66,30,4.12,75,0,10000,11,0,25,6,1028,9.84,66,15,4.86,75,0,10000,1028,9.84,66,15,4.86,75,0,10000,1028,9.84,66,15,4.86,75,0,10000,1028,9.84,66,15,4.86,75,0,10000,1028,9.84,66,15,4.86,75,0,10000,1028,9.84,66,15,4.86,75,0,10000,1028,9.84,66,15,4.86,75,0,10000,1028,9.84,66,15,4.86,75,0,10000,1028,9.84,66,15,4.86,75,0,10000,1028,9.84,66,15,4.86,75,0,10000,1028,9.84,66,15,4.86,75,0,10000,1028,9.84,66,15,4.86,75,0,10000
1028,9.84,66,30,4.12,75,0,10000,14,0,25,6,1028,9.51,65,358,4.69,81,0,10000,1028,9.51,65,358,4.69,81,0,10000,1028,9.51,65,358,4.69,81,0,10000,1028,9.51,65,358,4.69,81,0,10000,1028,9.51,65,358,4.69,81,0,10000,1028,9.51,65,358,4.69,81,0,10000,1028,9.51,65,358,4.69,81,0,10000,1028,9.51,65,358,4.69,81,0,10000,1028,9.51,65,358,4.69,81,0,10000,1028,9.51,65,358,4.69,81,0,10000,1028,9.51,65,358,4.69,81,0,10000,1028,9.51,65,358,4.69,81,0,10000
1028,9.84,66,30,4.12,75,0,10000,17,0,25,6,1027,8.48,77,347,3.94,89,0,10000,1027,8.48,77,347,3.94,89,0,10000,1027,8.48,77,347,3.94,89,0,10000,1027,8.48,77,347,3.94,89,0,10000,1027,8.48,77,347,3.94,89,0,10000,1027,8.48,77,347,3.94,89,0,10000,1027,8.48,77,347,3.94,89,0,10000,1027,8.48,77,347,3.94,89,0,10000,1027,8.48,77,347,3.94,89,0,10000,1027,8.48,77,347,3.94,89,0,10000,1027,8.48,77,347,3.94,89,0,10000,1027,8.48,77,347,3.94,89,0,10000
1028,9.84,66,30,4.12,75,0,10000,20,0,25,6,1026,7.33,85,4,4,100,0,10000,1026,7.33,85,4,4,100,0,10000,1026,7.33,85,4,4,100,0,10000,1026,7.33,85,4,4,100,0,10000,1026,7.33,85,4,4,100,0,10000,1026,7.33,85,4,4,100,0,10000,1026,7.33,85,4,4,100,0,10000,1026,7.33,85,4,4,100,0,10000,1026,7.33,85,4,4,100,0,10000,1026,7.33,85,4,4,100,0,10000,1026,7.33,85,4,4,100,0,10000,1026,7.33,85,4,4,100,0,10000
1028,9.84,66,30,4.12,75,0,10000,23,0,25,6,1025,6.31,87,11,3.59,90,0,10000,1025,6.31,87,11,3.59,90,0,10000,1025,6.31,87,11,3.59,90,0,10000,1025,6.31,87,11,3.59,90,0,10000,1025,6.31,87,11,3.59,90,0,10000,1025,6.31,87,11,3.59,90,0,10000,1025,6.31,87,11,3.59,90,0,10000,1025,6.31,87,11,3.59,90,0,10000,1025,6.31,87,11,3.59,90,0,10000,1025,6.31,87,11,3.59,90,0,10000,1025,6.31,87,11,3.59,90,0,10000,1025,6.31,87,11,3.59,90,0,10000
1028,9.84,66,30,4.12,75,0,10000,2,0,26,6,1024,7.36,85,14,2.61,99,0,10000,1024,7.36,85,14,2.61,99,0,10000,1024,7.36,85,14,2.61,99,0,10000,1024,7.36,85,14,2.61,99,0,10000,1024,7.36,85,14,2.61,99,0,10000,1024,7.36,85,14,2.61,99,0,10000,1024,7.36,85,14,2.61,99,0,10000,1024,7.36,85,14,2.61,99,0,10000,1024,7.36,85,14,2.61,99,0,10000,1024,7.36,85,14,2.61,99,0,10000,1024,7.36,85,14,2.61,99,0,10000,1024,7.36,85,14,2.61,99,0,10000
1028,9.84,66,30,4.12,75,0,10000,5,0,26,6,1024,7.22,87,93,1.84,100,0,10000,1024,7.22,87,93,1.84,100,0,10000,1024,7.22,87,93,1.84,100,0,10000,1024,7.22,87,93,1.84,100,0,10000,1024,7.22,87,93,1.84,100,0,10000,1024,7.22,87,93,1.84,100,0,10000,1024,7.22,87,93,1.84,100,0,10000,1024,7.22,87,93,1.84,100,0,10000,1024,7.22,87,93,1.84,100,0,10000,1024,7.22,87,93,1.84,100,0,10000,1024,7.22,87,93,1.84,100,0,10000,1024,7.22,87,93,1.84,100,0,10000
1028,9.84,66,30,4.12,75,0,10000,8,0,26,6,1024,7.31,85,192,1.05,100,0,10000,1024,7.31,85,192,1.05,100,0,10000,1024,7.31,85,192,1.05,100,0,10000,1024,7.31,85,192,1.05,100,0,10000,1024,7.31,85,192,1.05,100,0,10000,1024,7.31,85,192,1.05,100,0,10000,1024,7.31,85,192,1.05,100,0,10000,1024,7.31,85,192,1.05,100,0,10000,1024,7.31,85,192,1.05,100,0,10000,1024,7.31,85,192,1.05,100,0,10000,1024,7.31,85,192,1.05,100,0,10000,1024,7.31,85,192,1.05,100,0,10000
1028,9.84,66,30,4.12,75,0,10000,11,0,26,6,1028,9.84,66,15,4.86,75,0,10000,1028,9.84,66,15,4.86,75,0,10000,1028,9.84,66,15,4.86,75,0,10000,1028,9.84,66,15,4.86,75,0,10000,1028,9.84,66,15,4.86,75,0,10000,1028,9.84,66,15,4.86,75,0,10000,1028,9.84,66,15,4.86,75,0,10000,1028,9.84,66,15,4.86,75,0,10000,1028,9.84,66,15,4.86,75,0,10000,1028,9.84,66,15,4.86,75,0,10000,1028,9.84,66,15,4.86,75,0,10000,1028,9.84,66,15,4.86,75,0,10000
1028,9.84,66,30,4.12,75,0,10000,14,0,26,6,1028,9.51,65,358,4.69,81,0,10000,1028,9.51,65,358,4.69,81,0,10000,1028,9.51,65,358,4.69,81,0,10000,1028,9.51,65,358,4.69,81,0,10000,1028,9.51,65,358,4.69,81,0,10000,1028,9.51,65,358,4.69,81,0,10000,1028,9.51,65,358,4.69,81,0,10000,1028,9.51,65,358,4.69,81,0,10000,1028,9.51,65,358,4.69,81,0,10000,1028,9.51,65,358,4.69,81,0,10000,1028,9.51,65,358,4.69,81,0,10000,1028,9.51,65,358,4.69,81,0,10000
1028,9.84,66,30,4.12,75,0,10000,17,0,26,6,1027,8.48,77,347,3.94,89,0,10000,1027,8.48,77,347,3.94,89,0,10000,1027,8.48,77,347,3.94,89,0,10000,1027,8.48,77,347,3.94,89,0,10000,1027,8.48,77,347,3.94,89,0,10000,1027,8.48,77,347,3.94,89,0,10000,1027,8.48,77,347,3.94,89,0,10000,1027,8.48,77,347,3.94,89,0,10000,1027,8.48,77,347,3.94,89,0,10000,1027,8.48,77,347,3.94,89,0,10000,1027,8.48,77,347,3.94,89,0,10000,1027,8.48,77,347,3.94,89,0,10000
1028,9.84,66,30,4.12,75,0,10000,20,0,26,6,1026,7.33,85,4,4,100,0,10000,1026,7.33,85,4,4,100,0,10000,1026,7.33,85,4,4,100,0,10000,1026,7.33,85,4,4,100,0,10000,1026,7.33,85,4,4,100,0,10000,1026,7.33,85,4,4,100,0,10000,1026,7.33,85,4,4,100,0,10000,1026,7.33,85,4,4,100,0,10000,1026,7.33,85,4,4,100,0,10000,1026,7.33,85,4,4,100,0,10000,1026,7.33,85,4,4,100,0,10000,1026,7.33,85,4,4,100,0,10000
1028,9.84,66,30,4.12,75,0,10000,23,0,26,6,1025,6.31,87,11,3.59,90,0,10000,1025,6.31,87,11,3.59,90,0,10000,1025,6.31,87,11,3.59,90,0,10000,1025,6.31,87,11,3.59,90,0,10000,1025,6.31,87,11,3.59,90,0,10000,1025,6.31,87,11,3.59,90,0,10000,1025,6.31,87,11,3.59,90,0,10000,1025,6.31,87,11,3.59,90,0,10000,1025,6.31,87,11,3.59,90,0,10000,1025,6.31,87,11,3.59,90,0,10000,1025,6.31,87,11,3.59,90,0,10000,1025,6.31,87,11,3.59,90,0,10000
1028,9.84,66,30,4.12,75,0,10000,2,0,27,6,1024,7.36,85,14,2.61,99,0,10000,1024,7.36,85,14,2.61,99,0,10000,1024,7.36,85,14,2.61,99,0,10000,1024,7.36,85,14,2.61,99,0,10000,1024,7.36,85,14,2.61,99,0,10000,1024,7.36,85,14,2.61,99,0,10000,1024,7.36,85,14,2.61,99,0,10000,1024,7.36,85,14,2.61,99,0,10000,1024,7.36,85,14,2.61,99,0,10000,1024,7.36,85,14,2.61,99,0,10000,1024,7.36,85,14,2.61,99,0,10000,1024,7.36,85,14,2.61,99,0,10000
1028,9.84,66,30,4.12,75,0,10000,5,0,27,6,1024,7.22,87,93,1.84,100,0,10000,1024,7.22,87,93,1.84,100,0,10000,1024,7.22,87,93,1.84,100,0,10000,1024,7.22,87,93,1.84,100,0,10000,1024,7.22,87,93,1.84,100,0,10000,1024,7.22,87,93,1.84,100,0,10000,1024,7.22,87,93,1.84,100,0,10000,1024,7.22,87,93,1.84,100,0,10000,1024,7.22,87,93,1.84,100,0,10000,1024,7.22,87,93,1.84,100,0,10000,1024,7.22,87,93,1.84,100,0,10000,1024,7.22,87,93,1.84,100,0,10000
1028,9.84,66,30,4.12,75,0,10000,8,0,27,6,1024,7.31,85,192,1.05,100,0,10000,1024,7.31,85,192,1.05,100,0,10000,1024,7.31,85,192,1.05,100,0,10000,1024,7.31,85,192,1.05,100,0,10000,1024,7.31,85,192,1.05,100,0,10000,1024,7.31,85,192,1.05,100,0,10000,1024,7.31,85,192,1.05,100,0,10000,1024,7.31,85,192,1.05,100,0,10000,1024,7.31,85,192,1.05,100,0,10000,1024,7.31,85,192,1.05,100,0,10000,1024,7.31,85,192,1.05,100,0,10000,1024,7.31,85,192,1.05,100,0,10000
1028,9.84,66,30,4.12,75,0,10000,11,0,27,6,1028,9.84,66,15,4.86,75,0,10000,1028,9.84,66,15,4.86,75,0,10000,1028,9.84,66,15,4.86,75,0,10000,1028,9.84,66,15,4.86,75,0,10000,1028,9.84,66,15,4.86,75,0,10000,1028,9.84,66,15,4.86,75,0,10000,1028,9.84,66,15,4.86,75,0,10000,1028,9.84,66,15,4.86,75,0,10000,1028,9.84,66,15,4.86,75,0,10000,1028,9.84,66,15,4.86,75,0,10000,1028,9.84,66,15,4.86,75,0,10000,1028,9.84,66,15,4.86,75,0,10000
1028,9.84,66,30,4.12,75,0,10000,14,0,27,6,1028,9.51,65,358,4.69,81,0,10000,1028,9.51,65,358,4.69,81,0,10000,1028,9.51,65,358,4.69,81,0,10000,1028,9.51,65,358,4.69,81,0,10000,1028,9.51,65,358,4.69,81,0,10000,1028,9.51,65,358,4.69,81,0,10000,1028,9.51,65,358,4.69,81,0,10000,1028,9.51,65,358,4.69,81,0,10000,1028,9.51,65,358,4.69,81,0,10000,1028,9.51,65,358,4.69,81,0,10000,1028,9.51,65,358,4.69,81,0,10000,1028,9.51,65,358,4.69,81,0,10000
1028,9.84,66,30,4.12,75,0,10000,17,0,27,6,1027,8.48,77,347,3.94,89,0,10000,1027,8.48,77,347,3.94,89,0,10000,1027,8.48,77,347,3.94,89,0,10000,1027,8.48,77,347,3.94,89,0,10000,1027,8.48,77,347,3.94,89,0,10000,1027,8.48,77,347,3.94,89,0,10000,1027,8.48,77,347,3.94,89,0,10000,1027,8.48,77,347,3.94,89,0,10000,1027,8.48,77,347,3.94,89,0,10000,1027,8.48,77,347,3.94,89,0,10000,1027,8.48,77,347,3.94,89,0,10000,1027,8.48,77,347,3.94,89,0,10000
1028,9.84,66,30,4.12,75,0,10000,20,0,27,6,1026,7.33,85,4,4,100,0,10000,1026,7.33,85,4,4,100,0,10000,1026,7.33,85,4,4,100,0,10000,1026,7.33,85,4,4,100,0,10000,1026,7.33,85,4,4,100,0,10000,1026,7.33,85,4,4,100,0,10000,1026,7.33,85,4,4,100,0,10000,1026,7.33,85,4,4,100,0,10000,1026,7.33,85,4,4,100,0,10000,1026,7.33,85,4,4,100,0,10000,1026,7.33,85,4,4,100,0,10000,1026,7.33,85,4,4,100,0,10000
1028,9.84,66,30,4.12,75,0,10000,23,0,27,6,1025,6.31,87,11,3.59,90,0,10000,1025,6.31,87,11,3.59,90,0,10000,1025,6.31,87,11,3.59,90,0,10000,1025,6.31,87,11,3.59,90,0,10000,1025,6.31,87,11,3.59,90,0,10000,1025,6.31,87,11,3.59,90,0,10000,1025,6.31,87,11,3.59,90,0,10000,1025,6.31,87,11,3.59,90,0,10000,1025,6.31,87,11,3.59,90,0,10000,1025,6.31,87,11,3.59,90,0,10000,1025,6.31,87,11,3.59,90,0,10000,1025,6.31,87,11,3.59,90,0,10000
1028,9.84,66,30,4.12,75,0,10000,2,0,28,6,1024,7.36,85,14,2.61,99,0,10000,1024,7.36,85,14,2.61,99,0,10000,1024,7.36,85,14,2.61,99,0,10000,1024,7.36,85,14,2.61,99,0,10000,1024,7.36,85,14,2.61,99,0,10000,1024,7.36,85,14,2.61,99,0,10000,1024,7.36,85,14,2.61,99,0,10000,1024,7.36,85,14,2.61,99,0,10000,1024,7.36,85,14,2.61,99,0,10000,1024,7.36,85,14,2.61,99,0,10000,1024,7.36,85,14,2.61,99,0,10000,1024,7.36,85,14,2.61,99,0,10000
1028,9.84,66,30,4.12,75,0,10000,5,0,28,6,1024,7.22,87,93,1.84,100,0,10000,1024,7.22,87,93,1.84,100,0,10000,1024,7.22,87,93,1.84,100,0,10000,1024,7.22,87,93,1.84,100,0,10000,1024,7.22,87,93,1.84,100,0,10000,1024,7.22,87,93,1.84,100,0,10000,1024,7.22,87,93,1.84,100,0,10000,1024,7.22,87,93,1.84,100,0,10000,1024,7.22,87,93,1.84,100,0,10000,1024,7.22,87,93,1.84,100,0,10000,1024,7.22,87,93,1.84,100,0,10000,1024,7.22,87,93,1.84,100,0,10000
1028,9.84,66,30,4.12,75,0,10000,8,0,28,6,1024,7.31,85,192,1.05,100,0,10000,1024,7.31,85,192,1.05,100,0,10000,1024,7.31,85,192,1.05,100,0,10000,1024,7.31,85,192,1.05,100,0,10000,1024,7.31,85,192,1.05,100,0,10000,1024,7.31,85,192,1.05,100,0,10000,1024,7.31,85,192,1.05,100,0,10000,1024,7.31,85,192,1.05,100,0,10000,1024,7.31,85,192,1.05,100,0,10000,1024,7.31,85,192,1.05,100,0,10000,1024,7.31,85,192,1.05,100,0,10000,1024,7.31,85,192,1.05,100,0,10000
1028,9.84,66,30,4.12,75,0,10000,11,0,28,6,1028,9.84,66,15,4.86,75,0,10000,1028,9.84,66,15,4.86,75,0,10000,1028,9.84,66,15,4.86,75,0,10000,1028,9.84,66,15,4.86,75,0,10000,1028,9.84,66,15,4.86,75,0,10000,1028,9.84,66,15,4.86,75,0,10000,1028,9.84,66,15,4.86,75,0,10000,1028,9.84,66,15,4.86,75,0,10000,1028,9.84,66,15,4.86,75,0,10000,1028,9.84,66,15,4.86,75,0,10000,1028,9.84,66,15,4.86,75,0,10000,1028,9.84,66,15,4.86,75,0,10000
1028,9.84,66,30,4.12,75,0,10000,14,0,28,6,1028,9.51,65,358,4.69,81,0,10000,1028,9.51,65,358,4.69,81,0,10000,1028,9.51,65,358,4.69,81,0,10000,1028,9.51,65,358,4.69,81,0,10000,1028,9.51,65,358,4.69,81,0,10000,1028,9.51,65,358,4.69,81,0,10000,1028,9.51,65,358,4.69,81,0,10000,1028,9.51,65,358,4.69,81,0,10000,1028,9.51,65,358,4.69,81,0,10000,1028,9.51,65,358,4.69,81,0,10000,1028,9.51,65,358,4.69,81,0,10000,1028,9.51,65,358,4.69,81,0,10000
1028,9.84,66,30,4.12,75,0,10000,17,0,28,6,1027,8.48,77,347,3.94,89,0,10000,1027,8.48,77,347,3.94,89,0,10000,1027,8.48,77,347,3.94,89,0,10000,1027,8.48,77,347,3.94,89,0,10000,1027,8.48,77,347,3.94,89,0,10000,1027,8.48,77,347,3.94,89,0,10000,1027,8.48,77,347,3.94,89,0,10000,1027,8.48,77,347,3.94,89,0,10000,1027,8.48,77,347,3.94,89,0,10000,1027,8.48,77,347,3.94,89,0,10000,1027,8.48,77,347,3.94,89,0,10000,1027,8.48,77,347,3.94,89,0,10000
1028,9.84,66,30,4.12,75,0,10000,20,0,28,6,1026,7.33,85,4,4,100,0,10000,1026,7.33,85,4,4,100,0,10000,1026,7.33,85,4,4,100,0,10000,1026,7.33,85,4,4,100,0,10000,1026,7.33,85,4,4,100,0,10000,1026,7.33,85,4,4,100,0,10000,1026,7.33,85,4,4,100,0,10000,1026,7.33,85,4,4,100,0,10000,1026,7.33,85,4,4,100,0,10000,1026,7.33,85,4,4,100,0,10000,1026,7.33,85,4,4,100,0,10000,1026,7.33,85,4,4,100,0,10000
1028,9.84,66,30,4.12,75,0,10000,23,0,28,6,1025,6.31,87,11,3.59,90,0,10000,1025,6.31,87,11,3.59,90,0,10000,1025,6.31,87,11,3.59,90,0,10000,1025,6.31,87,11,3.59,90,0,10000,1025,6.31,87,11,3.59,90,0,10000,1025,6.31,87,11,3.59,90,0,10000,1025,6.31,87,11,3.59,90,0,10000,1025,6.31,87,11,3.59,90,0,10000,1025,6.31,87,11,3.59,90,0,10000,1025,6.31,87,11,3.59,90,0,10000,1025,6.31,87,11,3.59,90,0,10000,1025,6.31,87,11,3.59,90,0,10000
1028,9.84,66,30,4.12,75,0,10000,2,0,29,6,1024,7.36,85,14,2.61,99,0,10000,1024,7.36,85,14,2.61,99,0,10000,1024,7.36,85,14,2.61,99,0,10000,1024,7.36,85,14,2.61,99,0,10000,1024,7.36,85,14,2.61,99,0,10000,1024,7.36,85,14,2.61,99,0,10000,1024,7.36,85,14,2.61,99,0,10000,1024,7.36,85,14,2.61,99,0,10000,1024,7.36,85,14,2.61,99,0,10000,1024,7.36,85,14,2.61,99,0,10000,1024,7.36,85,14,2.61,99,0,10000,1024,7.36,85,14,2.61,99,0,10000
1028,9.84,66,30,4.12,75,0,10000,5,0,29,6,1024,7.22,87,93,1.84,100,0,10000,1024,7.22,87,93,1.84,100,0,10000,1024,7.22,87,93,1.84,100,0,10000,1024,7.22,87,93,1.84,100,0,10000,1024,7.22,87,93,1.84,100,0,10000,1024,7.22,87,93,1.84,100,0,10000,1024,7.22,87,93,1.84,100,0,10000,1024,7.22,87,93,1.84,100,0,10000,1024,7.22,87,93,1.84,100,0,10000,1024,7.22,87,93,1.84,100,0,10000,1024,7.22,87,93,1.84,100,0,10000,1024,7.22,87,93,1.84,100,0,10000
1028,9.84,66,30,4.12,75,0,10000,8,0,29,6,1024,7.31,85,192,1.05,100,0,10000,1024,7.31,85,192,1.05,100,0,10000,1024,7.31,85,192,1.05,100,0,10000,1024,7.31,85,192,1.05,100,0,10000,1024,7.31,85,192,1.05,100,0,10000,1024,7.31,85,192,1.05,100,0,10000,1024,7.31,85,192,1.05,100,0,10000,1024,7.31,85,192,1.05,100,0,10000,1024,7.31,85,192,1.05,100,0,10000,1024,7.31,85,192,1.05,100,0,10000,1024,7.31,85,192,1.05,100,0,10000,1024,7.31,85,192,1.05,100,0,10000
1028,9.84,66,30,4.12,75,0,10000,11,0,29,6,1028,9.84,66,15,4.86,75,0,10000,1028,9.84,66,15,4.86,75,0,10000,1028,9.84,66,15,4.86,75,0,10000,1028,9.84,66,15,4.86,75,0,10000,1028,9.84,66,15,4.86,75,0,10000,1028,9.84,66,15,4.86,75,0,10000,1028,9.84,66,15,4.86,75,0,10000,1028,9.84,66,15,4.86,75,0,10000,1028,9.84,66,15,4.86,75,0,10000,1028,9.84,66,15,4.86,75,0,10000,1028,9.84,66,15,4.86,75,0,10000,1028,9.84,66,15,4.86,75,0,10000
1028,9.84,66,30,4.12,75,0,10000,14,0,29,6,1028,9.51,65,358,4.69,81,0,10000,1028,9.51,65,358,4.69,81,0,10000,1028,9.51,65,358,4.69,81,0,10000,1028,9.51,65,358,4.69,81,0,10000,1028,9.51,65,358,4.69,81,0,10000,1028,9.51,65,358,4.69,81,0,10000,1028,9.51,65,358,4.69,81,0,10000,1028,9.51,65,358,4.69,81,0,10000,1028,9.51,65,358,4.69,81,0,10000,1028,9.51,65,358,4.69,81,0,10000,1028,9.51,65,358,4.69,81,0,10000,1028,9.51,65,358,4.69,81,0,10000
1028,9.84,66,30,4.12,75,0,10000,17,0,29,6,1027,8.48,77,347,3.94,89,0,10000,1027,8.48,77,347,3.94,89,0,10000,1027,8.48,77,347,3.94,89,0,10000,1027,8.48,77,347,3.94,89,0,10000,1027,8.48,77,347,3.94,89,0,10000,1027,8.48,77,347,3.94,89,0,10000,1027,8.48,77,347,3.94,89,0,10000,1027,8.48,77,347,3.94,89,0,10000,1027,8.48,77,347,3.94,89,0,10000,1027,8.48,77,347,3.94,89,0,10000,1027,8.48,77,347,3.94,89,0,10000,1027,8.48,77,347,3.94,89,0,10000
1028,9.84,66,30,4.12,75,0,10000,20,0,29,6,1026,7.33,85,4,4,100,0,10000,1026,7.33,85,4,4,100,0,10000,1026,7.33,85,4,4,100,0,10000,1026,7.33,85,4,4,100,0,10000,1026,7.33,85,4,4,100,0,10000,1026,7.33,85,4,4,100,0,10000,1026,7.33,85,4,4,100,0,10000,1026,7.33,85,4,4,100,0,10000,1026,7.33,85,4,4,100,0,10000,1026,7.33,85,4,4,100,0,10000,1026,7.33,85,4,4,100,0,10000,1026,7.33,85,4,4,100,0,10000
1028,9.84,66,30,4.12,75,0,10000,23,0,29,6,1025,6.31,87,11,3.59,90,0,10000,1025,6.31,87,11,3.59,90,0,10000,1025,6.31,87,11,3.59,90,0,10000,1025,6.31,87,11,3.59,90,0,10000,1025,6.31,87,11,3.59,90,0,10000,1025,6.31,87,11,3.59,90,0,10000,1025,6.31,87,11,3.59,90,0,10000,1025,6.31,87,11,3.59,90,0,10000,1025,6.31,87,11,3.59,90,0,10000,1025,6.31,87,11,3.59,90,0,10000,1025,6.31,87,11,3.59,90,0,10000,1025,6.31,87,11,3.59,90,0,10000
1028,9.84,66,30,4.12,75,0,10000,2,0,30,6,1024,7.36,85,14,2.61,99,0,10000,1024,7.36,85,14,2.61,99,0,10000,1024,7.36,85,14,2.61,99,0,10000,1024,7.36,85,14,2.61,99,0,10000,1024,7.36,85,14,2.61,99,0,10000,1024,7.36,85,14,2.61,99,0,10000,1024,7.36,85,14,2.61,99,0,10000,1024,7.36,85,14,2.61,99,0,10000,1024,7.36,85,14,2.61,99,0,10000,1024,7.36,85,14,2.61,99,0,10000,1024,7.36,85,14,2.61,99,0,10000,1024,7.36,85,14,2.61,99,0,10000
1028,9.84,66,30,4.12,75,0,10000,5,0,30,6,1024,7.22,87,93,1.84,100,0,10000,1024,7.22,87,93,1.84,100,0,10000,1024,7.22,87,93,1.84,100,0,10000,1024,7.22,87,93,1.84,100,0,10000,1024,7.22,87,93,1.84,100,0,10000,1024,7.22,87,93,1.84,100,0,10000,1024,7.22,87,93,1.84,100,0,10000,1024,7.22,87,93,1.84,100,0,10000,1024,7.22,87,93,1.84,100,0,10000,1024,7.22,87,93,1.84,100,0,10000,1024,7.22,87,93,1.84,100,0,10000,1024,7.22,87,93,1.84,100,0,10000
1028,9.84,66,30,4.12,75,0,10000,8,0,30,6,1024,7.31,85,192,1.05,100,0,10000,1024,7.31,85,192,1.05,100,0,10000,1024,7.31,85,192,1.05,100,0,10000,1024,7.31,85,192,1.05,100,0,10000,1024,7.31,85,192,1.05,100,0,10000,1024,7.31,85,192,1.05,100,0,10000,1024,7.31,85,192,1.05,100,0,10000,1024,7.31,85,192,1.05,100,0,10000,1024,7.31,85,192,1.05,100,0,10000,1024,7.31,85,192,1.05,100,0,10000,1024,7.31,85,192,1.05,100,0,10000,1024,7.31,85,192,1.05,100,0,10000
1028,9.84,66,30,4.12,75,0,10000,11,0,30,6,1028,9.84,66,15,4.86,75,0,10000,1028,9.84,66,15,4.86,75,0,10000,1028,9.84,66,15,4.86,75,0,10000,1028,9.84,66,15,4.86,75,0,10000,1028,9.84,66,15,4.86,75,0,10000,1028,9.84,66,15,4.86,75,0,10000,1028,9.84,66,15,4.86,75,0,10000,1028,9.84,66,15,4.86,75,0,10000,1028,9.84,66,15,4.86,75,0,10000,1028,9.84,66,15,4.86,75,0,10000,1028,9.84,66,15,4.86,75,0,10000,1028,9.84,66,15,4.86,75,0,10000
1028,9.84,66,30,4.12,75,0,10000,14,0,30,6,1028,9.51,65,358,4.69,81,0,10000,1028,9.51,65,358,4.69,81,0,10000,1028,9.51,65,358,4.69,81,0,10000,1028,9.51,65,358,4.69,81,0,10000,1028,9.51,65,358,4.69,81,0,10000,1028,9.51,65,358,4.69,81,0,10000,1028,9.51,65,358,4.69,81,0,10000,1028,9.51,65,358,4.69,81,0,10000,1028,9.51,65,358,4.69,81,0,10000,1028,9.51,65,358,4.69,81,0,10000,1028,9.51,65,358,4.69,81,0,10000,1028,9.51,65,358,4.69,81,0,10000
1028,9.84,66,30,4.12,75,0,10000,17,0,30,6,1027,8.48,77,347,3.94,89,0,10000,1027,8.48,77,347,3.94,89,0,10000,1027,8.48,77,347,3.94,89,0,10000,1027,8.48,77,347,3.94,89,0,10000,1027,8.48,77,347,3.94,89,0,10000,1027,8.48,77,347,3.94,89,0,10000,1027,8.48,77,347,3.94,89,0,10000,1027,8.48,77,347,3.94,89,0,10000,1027,8.48,77,347,3.94,89,0,10000,1027,8.48,77,347,3.94,89,0,10000,1027,8.48,77,347,3.94,89,0,10000,1027,8.48,77,347,3.94,89,0,10000
1028,9.84,66,30,4.12,75,0,10000,20,0,30,6,1026,7.33,85,4,4,100,0,10000,1026,7.33,85,4,4,100,0,10000,1026,7.33,85,4,4,100,0,10000,1026,7.33,85,4,4,100,0,10000,1026,7.33,85,4,4,100,0,10000,1026,7.33,85,4,4,100,0,10000,1026,7.33,85,4,4,100,0,10000,1026,7.33,85,4,4,100,0,10000,1026,7.33,85,4,4,100,0,10000,1026,7.33,85,4,4,100,0,10000,1026,7.33,85,4,4,100,0,10000,1026,7.33,85,4,4,100,0,10000
1028,9.84,66,30,4.12,75,0,10000,23,0,30,6,1025,6.31,87,11,3.59,90,0,10000,1025,6.31,87,11,3.59,90,0,10000,1025,6.31,87,11,3.59,90,0,10000,1025,6.31,87,11,3.59,90,0,10000,1025,6.31,87,11,3.59,90,0,10000,1025,6.31,87,11,3.59,90,0,10000,1025,6.31,87,11,3.59,90,0,10000,1025,6.31,87,11,3.59,90,0,10000,1025,6.31,87,11,3.59,90,0,10000,1025,6.31,87,11,3.59,90,0,10000,1025,6.31,87,11,3.59,90,0,10000,1025,6.31,87,11,3.59,90,0,10000
1028,9.84,66,30,4.12,75,0,10000,2,0,1,7,1024,7.36,85,14,2.61,99,0,10000,1024,7.36,85,14,2.61,99,0,10000,1024,7.36,85,14,2.61,99,0,10000,1024,7.36,85,14,2.61,99,0,10000,1024,7.36,85,14,2.61,99,0,10000,1024,7.36,85,14,2.61,99,0,10000,1024,7.36,85,14,2.61,99,0,10000,1024,7.36,85,14,2.61,99,0,10000,1024,7.36,85,14,2.61,99,0,10000,1024,7.36,85,14,2.61,99,0,10000,1024,7.36,85,14,2.61,99,0,10000,1024,7.36,85,14,2.61,99,0,10000
1028,9.84,66,30,4.12,75,0,10000,5,0,1,7,1024,7.22,87,93,1.84,100,0,10000,1024,7.22,87,93,1.84,100,0,10000,1024,7.22,87,93,1.84,100,0,10000,1024,7.22,87,93,1.84,100,0,10000,1024,7.22,87,93,1.84,100,0,10000,1024,7.22,87,93,1.84,100,0,10000,1024,7.22,87,93,1.84,100,0,10000,1024,7.22,87,93,1.84,100,0,10000,1024,7.22,87,93,1.84,100,0,10000,1024,7.22,87,93,1.84,100,0,10000,1024,7.22,87,93,1.84,100,0,10000,1024,7.22,87,93,1.84,100,0,10000
1028,9.84,66,30,4.12,75,0,10000,8,0,1,7,1024,7.31,85,192,1.05,100,0,10000,1024,7.31,85,192,1.05,100,0,10000,1024,7.31,85,192,1.05,100,0,10000,1024,7.31,85,192,1.05,100,0,10000,1024,7.31,85,192,1.05,100,0,10000,1024,7.31,85,192,1.05,100,0,10000,1024,7.31,85,192,1.05,100,0,10000,1024,7.31,85,192,1.05,100,0,10000,1024,7.31,85,192,1.05,100,0,10000,1024,7.31,85,192,1.05,100,0,10000,1024,7.31,85,192,1.05,100,0,10000,1024,7.31,85,192,1.05,100,0,10000
1028,9.84,66,30,4.12,75,0,10000,11,0,1,7,1028,9.84,66,15,4.86,75,0,10000,1028,9.84,66,15,4.86,75,0,10000,1028,9.84,66,15,4.86,75,0,10000,1028,9.84,66,15,4.86,75,0,10000,1028,9.84,66,15,4.86,75,0,10000,1028,9.84,66,15,4.86,75,0,10000,1028,9.84,66,15,4.86,75,0,10000,1028,9.84,66,15,4.86,75,0,10000,1028,9.84,66,15,4.86,75,0,10000,1028,9.84,66,15,4.86,75,0,10000,1028,9.84,66,15,4.86,75,0,10000,1028,9.84,66,15,4.86,75,0,10000
1028,9.84,66,30,4.12,75,0,10000,14,0,1,7,1028,9.51,65,358,4.69,81,0,10000,1028,9.51,65,358,4.69,81,0,10000,1028,9.51,65,358,4.69,81,0,10000,1028,9.51,65,358,4.69,81,0,10000,1028,9.51,65,358,4.69,81,0,10000,1028,9.51,65,358,4.69,81,0,10000,1028,9.51,65,358,4.69,81,0,10000,1028,9.51,65,358,4.69,81,0,10000,1028,9.51,65,358,4.69,81,0,10000,1028,9.51,65,358,4.69,81,0,10000,1028,9.51,65,358,4.69,81,0,10000,1028,9.51,65,358,4.69,81,0,10000
1028,9.84,66,30,4.12,75,0,10000,17,0,1,7,1027,8.48,77,347,3.94,89,0,10000,1027,8.48,77,347,3.94,89,0,10000,1027,8.48,77,347,3.94,89,0,10000,1027,8.48,77,347,3.94,89,0,10000,1027,8.48,77,347,3.94,89,0,10000,1027,8.48,77,347,3.94,89,0,10000,1027,8.48,77,347,3.94,89,0,10000,1027,8.48,77,347,3.94,89,0,10000,1027,8.48,77,347,3.94,89,0,10000,1027,8.48,77,347,3.94,89,0,10000,1027,8.48,77,347,3.94,89,0,10000,1027,8.48,77,347,3.94,89,0,10000
1028,9.84,66,30,4.12,75,0,10000,20,0,1,7,1026,7.33,85,4,4,100,0,10000,1026,7.33,85,4,4,100,0,10000,1026,7.33,85,4,4,100,0,10000,1026,7.33,85,4,4,100,0,10000,1026,7.33,85,4,4,100,0,10000,1026,7.33,85,4,4,100,0,10000,1026,7.33,85,4,4,100,0,10000,1026,7.33,85,4,4,100,0,10000,1026,7.33,85,4,4,100,0,10000,1026,7.33,85,4,4,100,0,10000,1026,7.33,85,4,4,100,0,10000,1026,7.33,85,4,4,100,0,10000
1028,9.84,66,30,4.12,75,0,10000,23,0,1,7,1025,6.31,87,11,3.59,90,0,10000,1025,6.31,87,11,3.59,90,0,10000,1025,6.31,87,11,3.59,90,0,10000,1025,6.31,87,11,3.59,90,0,10000,1025,6.31,87,11,3.59,90,0,10000,1025,6.31,87,11,3.59,90,0,10000,1025,6.31,87,11,3.59,90,0,10000,1025,6.31,87,11,3.59,90,0,10000,1025,6.31,87,11,3.59,90,0,10000,1025,6.31,87,11,3.59,90,0,10000,1025,6.31,87,11,3.59,90,0,10000,1025,6.31,87,11,3.59,90,0,10000
1028,9.84,66,30,4.12,75,0,10000,2,0,2,7,1024,7.36,85,14,2.61,99,0,10000,1024,7.36,85,14,2.61,99,0,10000,1024,7.36,85,14,2.61,99,0,10000,1024,7.36,85,14,2.61,99,0,10000,1024,7.36,85,14,2.61,99,0,10000,1024,7.36,85,14,2.61,99,0,10000,1024,7.36,85,14,2.61,99,0,10000,1024,7.36,85,14,2.61,99,0,10000,1024,7.36,85,14,2.61,99,0,10000,1024,7.36,85,14,2.61,99,0,10000,1024,7.36,85,14,2.61,99,0,10000,1024,7.36,85,14,2.61,99,0,10000
1028,9.84,66,30,4.12,75,0,10000,5,0,2,7,1024,7.22,87,93,1.84,100,0,10000,1024,7.22,87,93,1.84,100,0,10000,1024,7.22,87,93,1.84,100,0,10000,1024,7.22,87,93,1.84,100,0,10000,1024,7.22,87,93,1.84,100,0,10000,1024,7.22,87,93,1.84,100,0,10000,1024,7.22,87,93,1.84,100,0,10000,1024,7.22,87,93,1.84,100,0,10000,1024,7.22,87,93,1.84,100,0,10000,1024,7.22,87,93,1.84,100,0,10000,1024,7.22,87,93,1.84,100,0,10000,1024,7.22,87,93,1.84,100,0,10000
1028,9.84,66,30,4.12,75,0,10000,8,0,2,7,1024,7.31,85,192,1.05,100,0,10000,1024,7.31,85,192,1.05,100,0,10000,1024,7.31,85,192,1.05,100,0,10000,1024,7.31,85,192,1.05,100,0,10000,1024,7.31,85,192,1.05,100,0,10000,1024,7.31,85,192,1.05,100,0,10000,1024,7.31,85,192,1.05,100,0,10000,1024,7.31,85,192,1.05,100,0,10000,1024,7.31,85,192,1.05,100,0,10000,1024,7.31,85,192,1.05,100,0,10000,1024,7.31,85,192,1.05,100,0,10000,1024,7.31,85,192,1.05,100,0,10000
1028,9.84,66,30,4.12,75,0,10000,11,0,2,7,1028,9.84,66,15,4.86,75,0,10000,1028,9.84,66,15,4.86,75,0,10000,1028,9.84,66,15,4.86,75,0,10000,1028,9.84,66,15,4.86,75,0,10000,1028,9.84,66,15,4.86,75,0,10000,1028,9.84,66,15,4.86,75,0,10000,1028,9.84,66,15,4.86,75,0,10000,1028,9.84,66,15,4.86,75,0,10000,1028,9.84,66,15,4.86,75,0,10000,1028,9.84,66,15,4.86,75,0,10000,1028,9.84,66,15,4.86,75,0,10000,1028,9.84,66,15,4.86,75,0,10000
1028,9.84,66,30,4.12,75,0,10000,14,0,2,7,1028,9.51,65,358,4.69,81,0,10000,1028,9.51,65,358,4.69,81,0,10000,1028,9.51,65,358,4.69,81,0,10000,1028,9.51,65,358,4.69,81,0,10000,1028,9.51,65,358,4.69,81,0,10000,1028,9.51,65,358,4.69,81,0,10000,1028,9.51,65,358,4.69,81,0,10000,1028,9.51,65,358,4.69,81,0,10000,1028,9.51,65,358,4.69,81,0,10000,1028,9.51,65,358,4.69,81,0,10000,1028,9.51,65,358,4.69,81,0,10000,1028,9.51,65,358,4.69,81,0,10000
1028,9.84,66,30,4.12,75,0,10000,17,0,2,7,1027,8.48,77,347,3.94,89,0,10000,1027,8.48,77,347,3.94,89,0,10000,1027,8.48,77,347,3.94,89,0,10000,1027,8.48,77,347,3.94,89,0,10000,1027,8.48,77,347,3.94,89,0,10000,1027,8.48,77,347,3.94,89,0,10000,1027,8.48,77,347,3.94,89,0,10000,1027,8.48,77,347,3.94,89,0,10000,1027,8.48,77,347,3.94,89,0,10000,1027,8.48,77,347,3.94,89,0,10000,1027,8.48,77,347,3.94,89,0,10000,1027,8.48,77,347,3.94,89,0,10000
1028,9.84,66,30,4.12,75,0,10000,20,0,2,7,1026,7.33,85,4,4,100,0,10000,1026,7.33,85,4,4,100,0,10000,1026,7.33,85,4,4,100,0,10000,1026,7.33,85,4,4,100,0,10000,1026,7.33,85,4,4,100,0,10000,1026,7.33,85,4,4,100,0,10000,1026,7.33,85,4,4,100,0,10000,1026,7.33,85,4,4,100,0,10000,1026,7.33,85,4,4,100,0,10000,1026,7.33,85,4,4,100,0,10000,1026,7.33,85,4,4,100,0,10000,1026,7.33,85,4,4,100,0,10000
1028,9.84,66,30,4.12,75,0,10000,23,0,2,7,1025,6.31,87,11,3.59,90,0,10000,1025,6.31,87,11,3.59,90,0,10000,1025,6.31,87,11,3.59,90,0,10000,1025,6.31,87,11,3.59,90,0,10000,1025,6.31,87,11,3.59,90,0,10000,1025,6.31,87,11,3.59,90,0,10000,1025,6.31,87,11,3.59,90,0,10000,1025,6.31,87,11,3.59,90,0,10000,1025,6.31,87,11,3.59,90,0,10000,1025,6.31,87,11,3.59,90,0,10000,1025,6.31,87,11,3.59,90,0,10000,1025,6.31,87,11,3.59,90,0,10000
1028,9.84,66,30,4.12,75,0,10000,2,0,3,7,1024,7.36,85,14,2.61,99,0,10000,1024,7.36,85,14,2.61,99,0,10000,1024,7.36,85,14,2.61,99,0,10000,1024,7.36,85,14,2.61,99,0,10000,1024,7.36,85,14,2.61,99,0,10000,1024,7.36,85,14,2.61,99,0,10000,1024,7.36,85,14,2.61,99,0,10000,1024,7.36,85,14,2.61,99,0,10000,1024,7.36,85,14,2.61,99,0,10000,1024,7.36,85,14,2.61,99,0,10000,1024,7.36,85,14,2.61,99,0,10000,1024,7.36,85,14,2.61,99,0,10000
1028,9.84,66,30,4.12,75,0,10000,5,0,3,7,1024,7.22,87,93,1.84,100,0,10000,1024,7.22,87,93,1.84,100,0,10000,1024,7.22,87,93,1.84,100,0,10000,1024,7.22,87,93,1.84,100,0,10000,1024,7.22,87,93,1.84,100,0,10000,1024,7.22,87,93,1.84,100,0,10000,1024,7.22,87,93,1.84,100,0,10000,1024,7.22,87,93,1.84,100,0,10000,1024,7.22,87,93,1.84,100,0,10000,1024,7.22,87,93,1.84,100,0,10000,1024,7.22,87,93,1.84,100,0,10000,1024,7.22,87,93,1.84,100,0,10000
1028,9.84,66,30,4.12,75,0,10000,8,0,3,7,1024,7.31,85,192,1.05,100,0,10000,1024,7.31,85,192,1.05,100,0,10000,1024,7.31,85,192,1.05,100,0,10000,1024,7.31,85,192,1.05,100,0,10000,1024,7.31,85,192,1.05,100,0,10000,1024,7.31,85,192,1.05,100,0,10000,1024,7.31,85,192,1.05,100,0,10000,1024,7.31,85,192,1.05,100,0,10000,1024,7.31,85,192,1.05,100,0,10000,1024,7.31,85,192,1.05,100,0,10000,1024,7.31,85,192,1.05,100,0,10000,1024,7.31,85,192,1.05,100,0,10000
1028,9.84,66,30,4.12,75,0,10000,11,0,3,7,1028,9.84,66,15,4.86,75,0,10000,1028,9.84,66,15,4.86,75,0,10000,1028,9.84,66,15,4.86,75,0,10000,1028,9.84,66,15,4.86,75,0,10000,1028,9.84,66,15,4.86,75,0,10000,1028,9.84,66,15,4.86,75,0,10000,1028,9.84,66,15,4.86,75,0,10000,1028,9.84,66,15,4.86,75,0,10000,1028,9.84,66,15,4.86,75,0,10000,1028,9.84,66,15,4.86,75,0,10000,1028,9.84,66,15,4.86,75,0,10000,1028,9.84,66,15,4.86,75,0,10000
1028,9.84,66,30,4.12,75,0,10000,14,0,3,7,1028,9.51,65,358,4.69,81,0,10000,1028,9.51,65,358,4.69,81,0,10000,1028,9.51,65,358,4.69,81,0,10000,1028,9.51,65,358,4.69,81,0,10000,1028,9.51,65,358,4.69,81,0,10000,1028,9.51,65,358,4.69,81,0,10000,1028,9.51,65,358,4.69,81,0,10000,1028,9.51,65,358,4.69,81,0,10000,1028,9.51,65,358,4.69,81,0,10000,1028,9.51,65,358,4.69,81,0,10000,1028,9.51,65,358,4.69,81,0,10000,1028,9.51,65,358,4.69,81,0,10000
1028,9.84,66,30,4.12,75,0,10000,17,0,3,7,1027,8.48,77,347,3.94,89,0,10000,1027,8.48,77,347,3.94,89,0,10000,1027,8.48,77,347,3.94,89,0,10000,1027,8.48,77,347,3.94,89,0,10000,1027,8.48,77,347,3.94,89,0,10000,1027,8.48,77,347,3.94,89,0,10000,1027,8.48,77,347,3.94,89,0,10000,1027,8.48,77,347,3.94,89,0,10000,1027,8.48,77,347,3.94,89,0,10000,1027,8.48,77,347,3.94,89,0,10000,1027,8.48,77,347,3.94,89,0,10000,1027,8.48,77,347,3.94,89,0,10000
1028,9.84,66,30,4.12,75,0,10000,20,0,3,7,1026,7.33,85,4,4,100,0,10000,1026,7.33,85,4,4,100,0,10000,1026,7.33,85,4,4,100,0,10000,1026,7.33,85,4,4,100,0,10000,1026,7.33,85,4,4,100,0,10000,1026,7.33,85,4,4,100,0,10000,1026,7.33,85,4,4,100,0,10000,1026,7.33,85,4,4,100,0,10000,1026,7.33,85,4,4,100,0,10000,1026,7.33,85,4,4,100,0,10000,1026,7.33,85,4,4,100,0,10000,1026,7.33,85,4,4,100,0,10000
1028,9.84,66,30,4.12,75,0,10000,23,0,3,7,1025,6.31,87,11,3.59,90,0,10000,1025,6.31,87,11,3.59,90,0,10000,1025,6.31,87,11,3.59,90,0,10000,1025,6.31,87,11,3.59,90,0,10000,1025,6.31,87,11,3.59,90,0,10000,1025,6.31,87,11,3.59,90,0,10000,1025,6.31,87,11,3.59,90,0,10000,1025,6.31,87,11,3.59,90,0,10000,1025,6.31,87,11,3.59,90,0,10000,1025,6.31,87,11,3.59,90,0,10000,1025,6.31,87,11,3.59,90,0,10000,1025,6.31,87,11,3.59,90,0,10000
1028,9.84,66,30,4.12,75,0,10000,2,0,4,7,1024,7.36,85,14,2.61,99,0,10000,1024,7.36,85,14,2.61,99,0,10000,1024,7.36,85,14,2.61,99,0,10000,1024,7.36,85,14,2.61,99,0,10000,1024,7.36,85,14,2.61,99,0,10000,1024,7.36,85,14,2.61,99,0,10000,1024,7.36,85,14,2.61,99,0,10000,1024,7.36,85,14,2.61,99,0,10000,1024,7.36,85,14,2.61,99,0,10000,1024,7.36,85,14,2.61,99,0,10000,1024,7.36,85,14,2.61,99,0,10000,1024,7.36,85,14,2.61,99,0,10000
1028,9.84,66,30,4.12,75,0,10000,5,0,4,7,1024,7.22,87,93,1.84,100,0,10000,1024,7.22,87,93,1.84,100,0,10000,1024,7.22,87,93,1.84,100,0,10000,1024,7.22,87,93,1.84,100,0,10000,1024,7.22,87,93,1.84,100,0,10000,1024,7.22,87,93,1.84,100,0,10000,1024,7.22,87,93,1.84,100,0,10000,1024,7.22,87,93,1.84,100,0,10000,1024,7.22,87,93,1.84,100,0,10000,1024,7.22,87,93,1.84,100,0,10000,1024,7.22,87,93,1.84,100,0,10000,1024,7.22,87,93,1.84,100,0,10000
1028,9.84,66,30,4.12,75,0,10000,8,0,4,7,1024,7.31,85,192,1.05,100,0,10000,1024,7.31,85,192,1.05,100,0,10000,1024,7.31,85,192,1.05,100,0,10000,1024,7.31,85,192,1.05,100,0,10000,1024,7.31,85,192,1.05,100,0,10000,1024,7.31,85,192,1.05,100,0,10000,1024,7.31,85,192,1.05,100,0,10000,1024,7.31,85,192,1.05,100,0,10000,1024,7.31,85,192,1.05,100,0,10000,1024,7.31,85,192,1.05,100,0,10000,1024,7.31,85,192,1.05,100,0,10000,1024,7.31,85,192,1.05,100,0,10000
1028,9.84,66,30,4.12,75,0,10000,11,0,4,7,1028,9.84,66,15,4.86,75,0,10000,1028,9.84,66,15,4.86,75,0,10000,1028,9.84,66,15,4.86,75,0,10000,1028,9.84,66,15,4.86,75,0,10000,1028,9.84,66,15,4.86,75,0,10000,1028,9.84,66,15,4.86,75,0,10000,1028,9.84,66,15,4.86,75,0,10000,1028,9.84,66,15,4.86,75,0,10000,1028,9.84,66,15,4.86,75,0,10000,1028,9.84,66,15,4.86,75,0,10000,1028,9.84,66,15,4.86,75,0,10000,1028,9.84,66,15,4.86,75,0,10000
1028,9.84,66,30,4.12,75,0,10000,14,0,4,7,1028,9.51,65,358,4.69,81,0,10000,1028,9.51,65,358,4.69,81,0,10000,1028,9.51,65,358,4.69,81,0,10000,1028,9.51,65,358,4.69,81,0,10000,1028,9.51,65,358,4.69,81,0,10000,1028,9.51,65,358,4.69,81,0,10000,1028,9.51,65,358,4.69,81,0,10000,1028,9.51,65,358,4.69,81,0,10000,1028,9.51,65,358,4.69,81,0,10000,1028,9.51,65,358,4.69,81,0,10000,1028,9.51,65,358,4.69,81,0,10000,1028,9.51,65,358,4.69,81,0,10000
1028,9.84,66,30,4.12,75,0,10000,17,0,4,7,1027,8.48,77,347,3.94,89,0,10000,1027,8.48,77,347,3.94,89,0,10000,1027,8.48,77,347,3.94,89,0,10000,1027,8.48,77,347,3.94,89,0,10000,1027,8.48,77,347,3.94,89,0,10000,1027,8.48,77,347,3.94,89,0,10000,1027,8.48,77,347,3.94,89,0,10000,1027,8.48,77,347,3.94,89,0,10000,1027,8.48,77,347,3.94,89,0,10000,1027,8.48,77,347,3.94,89,0,10000,1027,8.48,77,347,3.94,89,0,10000,1027,8.48,77,347,3.94,89,0,10000
1028,9.84,66,30,4.12,75,0,10000,20,0,4,7,1026,7.33,85,4,4,100,0,10000,1026,7.33,85,4,4,100,0,10000,1026,7.33,85,4,4,100,0,10000,1026,7.33,85,4,4,100,0,10000,1026,7.33,85,4,4,100,0,10000,1026,7.33,85,4,4,100,0,10000,1026,7.33,85,4,4,100,0,10000,1026,7.33,85,4,4,100,0,10000,1026,7.33,85,4,4,100,0,10000,1026,7.33,85,4,4,100,0,10000,1026,7.33,85,4,4,100,0,10000,1026,7.33,85,4,4,100,0,10000
1028,9.84,66,30,4.12,75,0,10000,23,0,4,7,1025,6.31,87,11,3.59,90,0,10000,1025,6.31,87,11,3.59,90,0,10000,1025,6.31,87,11,3.59,90,0,10000,1025,6.31,87,11,3.59,90,0,10000,1025,6.31,87,11,3.59,90,0,10000,1025,6.31,87,11,3.59,90,0,10000,1025,6.31,87,11,3.59,90,0,10000,1025,6.31,87,11,3.59,90,0,10000,1025,6.31,87,11,3.59,90,0,10000,1025,6.31,87,11,3.59,90,0,10000,1025,6.31,87,11,3.59,90,0,10000,1025,6.31,87,11,3.59,90,0,10000
1028,9.84,66,30,4.12,75,0,10000,2,0,5,7,1024,7.36,85,14,2.61,99,0,10000,1024,7.36,85,14,2.61,99,0,10000,1024,7.36,85,14,2.61,99,0,10000,1024,7.36,85,14,2.61,99,0,10000,1024,7.36,85,14,2.61,99,0,10000,1024,7.36,85,14,2.61,99,0,10000,1024,7.36,85,14,2.61,99,0,10000,1024,7.36,85,14,2.61,99,0,10000,1024,7.36,85,14,2.61,99,0,10000,1024,7.36,85,14,2.61,99,0,10000,1024,7.36,85,14,2.61,99,0,10000,1024,7.36,85,14,2.61,99,0,10000
1028,9.84,66,30,4.12,75,0,10000,5,0,5,7,1024,7.22,87,93,1.84,100,0,10000,1024,7.22,87,93,1.84,100,0,10000,1024,7.22,87,93,1.84,100,0,10000,1024,7.22,87,93,1.84,100,0,10000,1024,7.22,87,93,1.84,100,0,10000,1024,7.22,87,93,1.84,100,0,10000,1024,7.22,87,93,1.84,100,0,10000,1024,7.22,87,93,1.84,100,0,10000,1024,7.22,87,93,1.84,100,0,10000,1024,7.22,87,93,1.84,100,0,10000,1024,7.22,87,93,1.84,100,0,10000,1024,7.22,87,93,1.84,100,0,10000
1028,9.84,66,30,4.12,75,0,10000,8,0,5,7,1024,7.31,85,192,1.05,100,0,10000,1024,7.31,85,192,1.05,100,0,10000,1024,7.31,85,192,1.05,100,0,10000,1024,7.31,85,192,1.05,100,0,10000,1024,7.31,85,192,1.05,100,0,10000,1024,7.31,85,192,1.05,100,0,10000,1024,7.31,85,192,1.05,100,0,10000,1024,7.31,85,192,1.05,100,0,10000,1024,7.31,85,192,1.05,100,0,10000,1024,7.31,85,192,1.05,100,0,10000,1024,7.31,85,192,1.05,100,0,10000,1024,7.31,85,192,1.05,100,0,10000
1028,9.84,66,30,4.12,75,0,10000,11,0,5,7,1028,9.84,66,15,4.86,75,0,10000,1028,9.84,66,15,4.86,75,0,10000,1028,9.84,66,15,4.86,75,0,10000,1028,9.84,66,15,4.86,75,0,10000,1028,9.84,66,15,4.86,75,0,10000,1028,9.84,66,15,4.86,75,0,10000,1028,9.84,66,15,4.86,75,0,10000,1028,9.84,66,15,4.86,75,0,10000,1028,9.84,66,15,4.86,75,0,10000,1028,9.84,66,15,4.86,75,0,10000,1028,9.84,66,15,4.86,75,0,10000,1028,9.84,66,15,4.86,75,0,10000
1028,9.84,66,30,4.12,75,0,10000,14,0,5,7,1028,9.51,65,358,4.69,81,0,10000,1028,9.51,65,358,4.69,81,0,10000,1028,9.51,65,358,4.69,81,0,10000,1028,9.51,65,358,4.69,81,0,10000,1028,9.51,65,358,4.69,81,0,10000,1028,9.51,65,358,4.69,81,0,10000,1028,9.51,65,358,4.69,81,0,10000,1028,9.51,65,358,4.69,81,0,10000,1028,9.51,65,358,4.69,81,0,10000,1028,9.51,65,358,4.69,81,0,10000,1028,9.51,65,358,4.69,81,0,10000,1028,9.51,65,358,4.69,81,0,10000
1028,9.84,66,30,4.12,75,0,10000,17,0,5,7,1027,8.48,77,347,3.94,89,0,10000,1027,8.48,77,347,3.94,89,0,10000,1027,8.48,77,347,3.94,89,0,10000,1027,8.48,77,347,3.94,89,0,10000,1027,8.48,77,347,3.94,89,0,10000,1027,8.48,77,347,3.94,89,0,10000,1027,8.48,77,347,3.94,89,0,10000,1027,8.48,77,347,3.94,89,0,10000,1027,8.48,77,347,3.94,89,0,10000,1027,8.48,77,347,3.94,89,0,10000,1027,8.48,77,347,3.94,89,0,10000,1027,8.48,77,347,3.94,89,0,10000
1028,9.84,66,30,4.12,75,0,10000,20,0,5,7,1026,7.33,85,4,4,100,0,10000,1026,7.33,85,4,4,100,0,10000,1026,7.33,85,4,4,100,0,10000,1026,7.33,85,4,4,100,0,10000,1026,7.33,85,4,4,100,0,10000,1026,7.33,85,4,4,100,0,10000,1026,7.33,85,4,4,100,0,10000,1026,7.33,85,4,4,100,0,10000,1026,7.33,85,4,4,100,0,10000,1026,7.33,85,4,4,100,0,10000,1026,7.33,85,4,4,100,0,10000,1026,7.33,85,4,4,100,0,10000
1028,9.84,66,30,4.12,75,0,10000,23,0,5,7,1025,6.31,87,11,3.59,90,0,10000,1025,6.31,87,11,3.59,90,0,10000,1025,6.31,87,11,3.59,90,0,10000,1025,6.31,87,11,3.59,90,0,10000,1025,6.31,87,11,3.59,90,0,10000,1025,6.31,87,11,3.59,90,0,10000,1025,6.31,87,11,3.59,90,0,10000,1025,6.31,87,11,3.59,90,0,10000,1025,6.31,87,11,3.59,90,0,10000,1025,6.31,87,11,3.59,90,0,10000,1025,6.31,87,11,3.59,90,0,10000,1025,6.31,87,11,3.59,90,0,10000
1028,9.84,66,30,4.12,75,0,10000,2,0,6,7,1024,7.36,85,14,2.61,99,0,10000,1024,7.36,85,14,2.61,99,0,10000,1024,7.36,85,14,2.61,99,0,10000,1024,7.36,85,14,2.61,99,0,10000,1024,7.36,85,14,2.61,99,0,10000,1024,7.36,85,14,2.61,99,0,10000,1024,7.36,85,14,2.61,99,0,10000,1024,7.36,85,14,2.61,99,0,10000,1024,7.36,85,14,2.61,99,0,10000,1024,7.36,85,14,2.61,99,0,10000,1024,7.36,85,14,2.61,99,0,10000,1024,7.36,85,14,2.61,99,0,10000
1028,9.84,66,30,4.12,75,0,10000,5,0,6,7,1024,7.22,87,93,1.84,100,0,10000,1024,7.22,87,93,1.84,100,0,10000,1024,7.22,87,93,1.84,100,0,10000,1024,7.22,87,93,1.84,100,0,10000,1024,7.22,87,93,1.84,100,0,10000,1024,7.22,87,93,1.84,100,0,10000,1024,7.22,87,93,1.84,100,0,10000,1024,7.22,87,93,1.84,100,0,10000,1024,7.22,87,93,1.84,100,0,10000,1024,7.22,87,93,1.84,100,0,10000,1024,7.22,87,93,1.84,100,0,10000,1024,7.22,87,93,1.84,100,0,10000
1028,9.84,66,30,4.12,75,0,10000,8,0,6,7,1024,7.31,85,192,1.05,100,0,10000,1024,7.31,85,192,1.05,100,0,10000,1024,7.31,85,192,1.05,100,0,10000,1024,7.31,85,192,1.05,100,0,10000,1024,7.31,85,192,1.05,100,0,10000,1024,7.31,85,192,1.05,100,0,10000,1024,7.31,85,192,1.05,100,0,10000,1024,7.31,85,192,1.05,100,0,10000,1024,7.31,85,192,1.05,100,0,10000,1024,7.31,85,192,1.05,100,0,10000,1024,7.31,85,192,1.05,100,0,10000,1024,7.31,85,192,1.05,100,0,10000
1028,9.84,66,30,4.12,75,0,10000,11,0,6,7,1028,9.84,66,15,4.86,75,0,10000,1028,9.84,66,15,4.86,75,0,10000,1028,9.84,66,15,4.86,75,0,10000,1028,9.84,66,15,4.86,75,0,10000,1028,9.84,66,15,4.86,75,0,10000,1028,9.84,66,15,4.86,75,0,10000,1028,9.84,66,15,4.86,75,0,10000,1028,9.84,66,15,4.86,75,0,10000,1028,9.84,66,15,4.86,75,0,10000,1028,9.84,66,15,4.86,75,0,10000,1028,9.84,66,15,4.86,75,0,10000,1028,9.84,66,15,4.86,75,0,10000
1028,9.84,66,30,4.12,75,0,10000,14,0,6,7,1028,9.51,65,358,4.69,81,0,10000,1028,9.51,65,358,4.69,81,0,10000,1028,9.51,65,358,4.69,81,0,10000,1028,9.51,65,358,4.69,81,0,10000,1028,9.51,65,358,4.69,81,0,10000,1028,9.51,65,358,4.69,81,0,10000,1028,9.51,65,358,4.69,81,0,10000,1028,9.51,65,358,4.69,81,0,10000,1028,9.51,65,358,4.69,81,0,10000,1028,9.51,65,358,4.69,81,0,10000,1028,9.51,65,358,4.69,81,0,10000,1028,9.51,65,358,4.69,81,0,10000
1028,9.84,66,30,4.12,75,0,10000,17,0,6,7,1027,8.48,77,347,3.94,89,0,10000,1027,8.48,77,347,3.94,89,0,10000,1027,8.48,77,347,3.94,89,0,10000,1027,8.48,77,347,3.94,89,0,10000,1027,8.48,77,347,3.94,89,0,10000,1027,8.48,77,347,3.94,89,0,10000,1027,8.48,77,347,3.94,89,0,10000,1027,8.48,77,347,3.94,89,0,10000,1027,8.48,77,347,3.94,89,0,10000,1027,8.48,77,347,3.94,89,0,10000,1027,8.48,77,347,3.94,89,0,10000,1027,8.48,77,347,3.94,89,0,10000
1028,9.84,66,30,4.12,75,0,10000,20,0,6,7,1026,7.33,85,4,4,100,0,10000,1026,7.33,85,4,4,100,0,10000,1026,7.33,85,4,4,100,0,10000,1026,7.33,85,4,4,100,0,10000,1026,7.33,85,4,4,100,0,10000,1026,7.33,85,4,4,100,0,10000,1026,7.33,85,4,4,100,0,10000,1026,7.33,85,4,4,100,0,10000,1026,7.33,85,4,4,100,0,10000,1026,7.33,85,4,4,100,0,10000,1026,7.33,85,4,4,100,0,10000,1026,7.33,85,4,4,100,0,10000
1028,9.84,66,30,4.12,75,0,10000,23,0,6,7,1025,6.31,87,11,3.59,90,0,10000,1025,6.31,87,11,3.59,90,0,10000,1025,6.31,87,11,3.59,90,0,10000,1025,6.31,87,11,3.59,90,0,10000,1025,6.31,87,11,3.59,90,0,10000,1025,6.31,87,11,3.59,90,0,10000,1025,6.31,87,11,3.59,90,0,10000,1025,6.31,87,11,3.59,90,0,10000,1025,6.31,87,11,3.59,90,0,10000,1025,6.31,87,11,3.59,90,0,10000,1025,6.31,87,11,3.59,90,0,10000,1025,6.31,87,11,3.59,90,0,10000
1028,9.84,66,30,4.12,75,0,10000,2,0,7,7,1024,7.36,85,14,2.61,99,0,10000,1024,7.36,85,14,2.61,99,0,10000,1024,7.36,85,14,2.61,99,0,10000,1024,7.36,85,14,2.61,99,0,10000,1024,7.36,85,14,2.61,99,0,10000,1024,7.36,85,14,2.61,99,0,10000,1024,7.36,85,14,2.61,99,0,10000,1024,7.36,85,14,2.61,99,0,10000,1024,7.36,85,14,2.61,99,0,10000,1024,7.36,85,14,2.61,99,0,10000,1024,7.36,85,14,2.61,99,0,10000,1024,7.36,85,14,2.61,99,0,10000
1028,9.84,66,30,4.12,75,0,10000,5,0,7,7,1024,7.22,87,93,1.84,100,0,10000,1024,7.22,87,93,1.84,100,0,10000,1024,7.22,87,93,1.84,100,0,10000,1024,7.22,87,93,1.84,100,0,10000,1024,7.22,87,93,1.84,100,0,10000,1024,7.22,87,93,1.84,100,0,10000,1024,7.22,87,93,1.84,100,0,10000,1024,7.22,87,93,1.84,100,0,10000,1024,7.22,87,93,1.84,100,0,10000,1024,7.22,87,93,1.84,100,0,10000,1024,7.22,87,93,1.84,100,0,10000,1024,7.22,87,93,1.84,100,0,10000
1028,9.84,66,30,4.12,75,0,10000,8,0,7,7,1024,7.31,85,192,1.05,100,0,10000,1024,7.31,85,192,1.05,100,0,10000,1024,7.31,85,192,1.05,100,0,10000,1024,7.31,85,192,1.05,100,0,10000,1024,7.31,85,192,1.05,100,0,10000,1024,7.31,85,192,1.05,100,0,10000,1024,7.31,85,192,1.05,100,0,10000,1024,7.31,85,192,1.05,100,0,10000,1024,7.31,85,192,1.05,100,0,10000,1024,7.31,85,192,1.05,100,0,10000,1024,7.31,85,192,1.05,100,0,10000,1024,7.31,85,192,1.05,100,0,10000
1028,9.84,66,30,4.12,75,0,10000,11,0,7,7,1028,9.84,66,15,4.86,75,0,10000,1028,9.84,66,15,4.86,75,0,10000,1028,9.84,66,15,4.86,75,0,10000,1028,9.84,66,15,4.86,75,0,10000,1028,9.84,66,15,4.86,75,0,10000,1028,9.84,66,15,4.86,75,0,10000,1028,9.84,66,15,4.86,75,0,10000,1028,9.84,66,15,4.86,75,0,10000,1028,9.84,66,15,4.86,75,0,10000,1028,9.84,66,15,4.86,75,0,10000,1028,9.84,66,15,4.86,75,0,10000,1028,9.84,66,15,4.86,75,0,10000
1028,9.84,66,30,4.12,75,0,10000,14,0,7,7,1028,9.51,65,358,4.69,81,0,10000,1028,9.51,65,358,4.69,81,0,10000,1028,9.51,65,358,4.69,81,0,10000,1028,9.51,65,358,4.69,81,0,10000,1028,9.51,65,358,4.69,81,0,10000,1028,9.51,65,358,4.69,81,0,10000,1028,9.51,65,358,4.69,81,0,10000,1028,9.51,65,358,4.69,81,0,10000,1028,9.51,65,358,4.69,81,0,10000,1028,9.51,65,358,4.69,81,0,10000,1028,9.51,65,358,4.69,81,0,10000,1028,9.51,65,358,4.69,81,0,10000
1028,9.84,66,30,4.12,75,0,10000,17,0,7,7,1027,8.48,77,347,3.94,89,0,10000,1027,8.48,77,347,3.94,89,0,10000,1027,8.48,77,347,3.94,89,0,10000,1027,8.48,77,347,3.94,89,0,10000,1027,8.48,77,347,3.94,89,0,10000,1027,8.48,77,347,3.94,89,0,10000,1027,8.48,77,347,3.94,89,0,10000,1027,8.48,77,347,3.94,89,0,10000,1027,8.48,77,347,3.94,89,0,10000,1027,8.48,77,347,3.94,89,0,10000,1027,8.48,77,347,3.94,89,0,10000,1027,8.48,77,347,3.94,89,0,10000
1028,9.84,66,30,4.12,75,0,10000,20,0,7,7,1026,7.33,85,4,4,100,0,10000,1026,7.33,85,4,4,100,0,10000,1026,7.33,85,4,4,100,0,10000,1026,7.33,85,4,4,100,0,10000,1026,7.33,85,4,4,100,0,10000,1026,7.33,85,4,4,100,0,10000,1026,7.33,85,4,4,100,0,10000,1026,7.33,85,4,4,100,0,10000,1026,7.33,85,4,4,100,0,10000,1026,7.33,85,4,4,100,0,10000,1026,7.33,85,4,4,100,0,10000,1026,7.33,85,4,4,100,0,10000
1028,9.84,66,30,4.12,75,0,10000,23,0,7,7,1025,6.31,87,11,3.59,90,0,10000,1025,6.31,87,11,3.59,90,0,10000,1025,6.31,87,11,3.59,90,0,10000,1025,6.31,87,11,3.59,90,0,10000,1025,6.31,87,11,3.59,90,0,10000,1025,6.31,87,11,3.59,90,0,10000,1025,6.31,87,11,3.59,90,0,10000,1025,6.31,87,11,3.59,90,0,10000,1025,6.31,87,11,3.59,90,0,10000,1025,6.31,87,11,3.59,90,0,10000,1025,6.31,87,11,3.59,90,0,10000,1025,6.31,87,11,3.59,90,0,10000
1028,9.84,66,30,4.12,75,0,10000,2,0,8,7,1024,7.36,85,14,2.61,99,0,10000,1024,7.36,85,14,2.61,99,0,10000,1024,7.36,85,14,2.61,99,0,10000,1024,7.36,85,14,2.61,99,0,10000,1024,7.36,85,14,2.61,99,0,10000,1024,7.36,85,14,2.61,99,0,10000,1024,7.36,85,14,2.61,99,0,10000,1024,7.36,85,14,2.61,99,0,10000,1024,7.36,85,14,2.61,99,0,10000,1024,7.36,85,14,2.61,99,0,10000,1024,7.36,85,14,2.61,99,0,10000,1024,7.36,85,14,2.61,99,0,10000
1028,9.84,66,30,4.12,75,0,10000,5,0,8,7,1024,7.22,87,93,1.84,100,0,10000,1024,7.22,87,93,1.84,100,0,10000,1024,7.22,87,93,1.84,100,0,10000,1024,7.22,87,93,1.84,100,0,10000,1024,7.22,87,93,1.84,100,0,10000,1024,7.22,87,93,1.84,100,0,10000,1024,7.22,87,93,1.84,100,0,10000,1024,7.22,87,93,1.84,100,0,10000,1024,7.22,87,93,1.84,100,0,10000,1024,7.22,87,93,1.84,100,0,10000,1024,7.22,87,93,1.84,100,0,10000,1024,7.22,87,93,1.84,100,0,10000
1028,9.84,66,30,4.12,75,0,10000,8,0,8,7,1024,7.31,85,192,1.05,100,0,10000,1024,7.31,85,192,1.05,100,0,10000,1024,7.31,85,192,1.05,100,0,10000,1024,7.31,85,192,1.05,100,0,10000,1024,7.31,85,192,1.05,100,0,10000,1024,7.31,85,192,1.05,100,0,10000,1024,7.31,85,192,1.05,100,0,10000,1024,7.31,85,192,1.05,100,0,10000,1024,7.31,85,192,1.05,100,0,10000,1024,7.31,85,192,1.05,100,0,10000,1024,7.31,85,192,1.05,100,0,10000,1024,7.31,85,192,1.05,100,0,10000
1028,9.84,66,30,4.12,75,0,10000,11,0,8,7,1028,9.84,66,15,4.86,75,0,10000,1028,9.84,66,15,4.86,75,0,10000,1028,9.84,66,15,4.86,75,0,10000,1028,9.84,66,15,4.86,75,0,10000,1028,9.84,66,15,4.86,75,0,10000,1028,9.84,66,15,4.86,75,0,10000,1028,9.84,66,15,4.86,75,0,10000,1028,9.84,66,15,4.86,75,0,10000,1028,9.84,66,15,4.86,75,0,10000,1028,9.84,66,15,4.86,75,0,10000,1028,9.84,66,15,4.86,75,0,10000,1028,9.84,66,15,4.86,75,0,10000
1028,9.84,66,30,4.12,75,0,10000,14,0,8,7,1028,9.51,65,358,4.69,81,0,10000,1028,9.51,65,358,4.69,81,0,10000,1028,9.51,65,358,4.69,81,0,10000,1028,9.51,65,358,4.69,81,0,10000,1028,9.51,65,358,4.69,81,0,10000,1028,9.51,65,358,4.69,81,0,10000,1028,9.51,65,358,4.69,81,0,10000,1028,9.51,65,358,4.69,81,0,10000,1028,9.51,65,358,4.69,81,0,10000,1028,9.51,65,358,4.69,81,0,10000,1028,9.51,65,358,4.69,81,0,10000,1028,9.51,65,358,4.69,81,0,10000
1028,9.84,66,30,4.12,75,0,10000,17,0,8,7,1027,8.48,77,347,3.94,89,0,10000,1027,8.48,77,347,3.94,89,0,10000,1027,8.48,77,347,3.94,89,0,10000,1027,8.48,77,347,3.94,89,0,10000,1027,8.48,77,347,3.94,89,0,10000,1027,8.48,77,347,3.94,89,0,10000,1027,8.48,77,347,3.94,89,0,10000,1027,8.48,77,347,3.94,89,0,10000,1027,8.48,77,347,3.94,89,0,10000,1027,8.48,77,347,3.94,89,0,10000,1027,8.48,77,347,3.94,89,0,10000,1027,8.48,77,347,3.94,89,0,10000
1028,9.84,66,30,4.12,75,0,10000,20,0,8,7,1026,7.33,85,4,4,100,0,10000,1026,7.33,85,4,4,100,0,10000,1026,7.33,85,4,4,100,0,10000,1026,7.33,85,4,4,100,0,10000,1026,7.33,85,4,4,100,0,10000,1026,7.33,85,4,4,100,0,10000,1026,7.33,85,4,4,100,0,10000,1026,7.33,85,4,4,100,0,10000,1026,7.33,85,4,4,100,0,10000,1026,7.33,85,4,4,100,0,10000,1026,7.33,85,4,4,100,0,10000,1026,7.33,85,4,4,100,0,10000
1028,9.84,66,30,4.12,75,0,10000,23,0,8,7,1025,6.31,87,11,3.59,90,0,10000,1025,6.31,87,11,3.59,90,0,10000,1025,6.31,87,11,3.59,90,0,10000,1025,6.31,87,11,3.59,90,0,10000,1025,6.31,87,11,3.59,90,0,10000,1025,6.31,87,11,3.59,90,0,10000,1025,6.31,87,11,3.59,90,0,10000,1025,6.31,87,11,3.59,90,0,10000,1025,6.31,87,11,3.59,90,0,10000,1025,6.31,87,11,3.59,90,0,10000,1025,6.31,87,11,3.59,90,0,10000,1025,6.31,87,11,3.59,90,0,10000
1028,9.84,66,30,4.12,75,0,10000,2,0,9,7,1024,7.36,85,14,2.61,99,0,10000,1024,7.36,85,14,2.61,99,0,10000,1024,7.36,85,14,2.61,99,0,10000,1024,7.36,85,14,2.61,99,0,10000,1024,7.36,85,14,2.61,99,0,10000,1024,7.36,85,14,2.61,99,0,10000,1024,7.36,85,14,2.61,99,0,10000,1024,7.36,85,14,2.61,99,0,10000,1024,7.36,85,14,2.61,99,0,10000,1024,7.36,85,14,2.61,99,0,10000,1024,7.36,85,14,2.61,99,0,10000,1024,7.36,85,14,2.61,99,0,10000
1028,9.84,66,30,4.12,75,0,10000,5,0,9,7,1024,7.22,87,93,1.84,100,0,10000,1024,7.22,87,93,1.84,100,0,10000,1024,7.22,87,93,1.84,100,0,10000,1024,7.22,87,93,1.84,100,0,10000,1024,7.22,87,93,1.84,100,0,10000,1024,7.22,87,93,1.84,100,0,10000,1024,7.22,87,93,1.84,100,0,10000,1024,7.22,87,93,1.84,100,0,10000,1024,7.22,87,93,1.84,100,0,10000,1024,7.22,87,93,1.84,100,0,10000,1024,7.22,87,93,1.84,100,0,10000,1024,7.22,87,93,1.84,100,0,10000
1028,9.84,66,30,4.12,75,0,10000,8,0,9,7,1024,7.31,85,192,1.05,100,0,10000,1024,7.31,85,192,1.05,100,0,10000,1024,7.31,85,192,1.05,100,0,10000,1024,7.31,85,192,1.05,100,0,10000,1024,7.31,85,192,1.05,100,0,10000,1024,7.31,85,192,1.05,100,0,10000,1024,7.31,85,192,1.05,100,0,10000,1024,7.31,85,192,1.05,100,0,10000,1024,7.31,85,192,1.05,100,0,10000,1024,7.31,85,192,1.05,100,0,10000,1024,7.31,85,192,1.05,100,0,10000,1024,7.31,85,192,1.05,100,0,10000
1028,9.84,66,30,4.12,75,0,10000,11,0,9,7,1028,9.84,66,15,4.86,75,0,10000,1028,9.84,66,15,4.86,75,0,10000,1028,9.84,66,15,4.86,75,0,10000,1028,9.84,66,15,4.86,75,0,10000,1028,9.84,66,15,4.86,75,0,10000,1028,9.84,66,15,4.86,75,0,10000,1028,9.84,66,15,4.86,75,0,10000,1028,9.84,66,15,4.86,75,0,10000,1028,9.84,66,15,4.86,75,0,10000,1028,9.84,66,15,4.86,75,0,10000,1028,9.84,66,15,4.86,75,0,10000,1028,9.84,66,15,4.86,75,0,10000
1028,9.84,66,30,4.12,75,0,10000,14,0,9,7,1028,9.51,65,358,4.69,81,0,10000,1028,9.51,65,358,4.69,81,0,10000,1028,9.51,65,358,4.69,81,0,10000,1028,9.51,65,358,4.69,81,0,10000,1028,9.51,65,358,4.69,81,0,10000,1028,9.51,65,358,4.69,81,0,10000,1028,9.51,65,358,4.69,81,0,10000,1028,9.51,65,358,4.69,81,0,10000,1028,9.51,65,358,4.69,81,0,10000,1028,9.51,65,358,4.69,81,0,10000,1028,9.51,65,358,4.69,81,0,10000,1028,9.51,65,358,4.69,81,0,10000
1028,9.84,66,30,4.12,75,0,10000,17,0,9,7,1027,8.48,77,347,3.94,89,0,10000,1027,8.48,77,347,3.94,89,0,10000,1027,8.48,77,347,3.94,89,0,10000,1027,8.48,77,347,3.94,89,0,10000,1027,8.48,77,347,3.94,89,0,10000,1027,8.48,77,347,3.94,89,0,10000,1027,8.48,77,347,3.94,89,0,10000,1027,8.48,77,347,3.94,89,0,10000,1027,8.48,77,347,3.94,89,0,10000,1027,8.48,77,347,3.94,89,0,10000,1027,8.48,77,347,3.94,89,0,10000,1027,8.48,77,347,3.94,89,0,10000
1028,9.84,66,30,4.12,75,0,10000,20,0,9,7,1026,7.33,85,4,4,100,0,10000,1026,7.33,85,4,4,100,0,10000,1026,7.33,85,4,4,100,0,10000,1026,7.33,85,4,4,100,0,10000,1026,7.33,85,4,4,100,0,10000,1026,7.33,85,4,4,100,0,10000,1026,7.33,85,4,4,100,0,10000,1026,7.33,85,4,4,100,0,10000,1026,7.33,85,4,4,100,0,10000,1026,7.33,85,4,4,100,0,10000,1026,7.33,85,4,4,100,0,10000,1026,7.33,85,4,4,100,0,10000
1028,9.84,66,30,4.12,75,0,10000,23,0,9,7,1025,6.31,87,11,3.59,90,0,10000,1025,6.31,87,11,3.59,90,0,10000,1025,6.31,87,11,3.59,90,0,10000,1025,6.31,87,11,3.59,90,0,10000,1025,6.31,87,11,3.59,90,0,10000,1025,6.31,87,11,3.59,90,0,10000,1025,6.31,87,11,3.59,90,0,10000,1025,6.31,87,11,3.59,90,0,10000,1025,6.31,87,11,3.59,90,0,10000,1025,6.31,87,11,3.59,90,0,10000,1025,6.31,87,11,3.59,90,0,10000,1025,6.31,87,11,3.59,90,0,10000
1028,9.84,66,30,4.12,75,0,10000,2,0,10,7,1024,7.36,85,14,2.61,99,0,10000,1024,7.36,85,14,2.61,99,0,10000,1024,7.36,85,14,2.61,99,0,10000,1024,7.36,85,14,2.61,99,0,10000,1024,7.36,85,14,2.61,99,0,10000,1024,7.36,85,14,2.61,99,0,10000,1024,7.36,85,14,2.61,99,0,10000,1024,7.36,85,14,2.61,99,0,10000,1024,7.36,85,14,2.61,99,0,10000,1024,7.36,85,14,2.61,99,0,10000,1024,7.36,85,14,2.61,99,0,10000,1024,7.36,85,14,2.61,99,0,10000
1028,9.84,66,30,4.12,75,0,10000,5,0,10,7,1024,7.22,87,93,1.84,100,0,10000,1024,7.22,87,93,1.84,100,0,10000,1024,7.22,87,93,1.84,100,0,10000,1024,7.22,87,93,1.84,100,0,10000,1024,7.22,87,93,1.84,100,0,10000,1024,7.22,87,93,1.84,100,0,10000,1024,7.22,87,93,1.84,100,0,10000,1024,7.22,87,93,1.84,100,0,10000,1024,7.22,87,93,1.84,100,0,10000,1024,7.22,87,93,1.84,100,0,10000,1024,7.22,87,93,1.84,100,0,10000,1024,7.22,87,93,1.84,100,0,10000
1028,9.84,66,30,4.12,75,0,10000,8,0,10,7,1024,7.31,85,192,1.05,100,0,10000,1024,7.31,85,192,1.05,100,0,10000,1024,7.31,85,192,1.05,100,0,10000,1024,7.31,85,192,1.05,100,0,10000,1024,7.31,85,192,1.05,100,0,10000,1024,7.31,85,192,1.05,100,0,10000,1024,7.31,85,192,1.05,100,0,10000,1024,7.31,85,192,1.05,100,0,10000,1024,7.31,85,192,1.05,100,0,10000,1024,7.31,85,192,1.05,100,0,10000,1024,7.31,85,192,1.05,100,0,10000,1024,7.31,85,192,1.05,100,0,10000
1028,9.84,66,30,4.12,75,0,10000,11,0,10,7,1028,9.84,66,15,4.86,75,0,10000,1028,9.84,66,15,4.86,75,0,10000,1028,9.84,66,15,4.86,75,0,10000,1028,9.84,66,15,4.86,75,0,10000,1028,9.84,66,15,4.86,75,0,10000,1028,9.84,66,15,4.86,75,0,10000,1028,9.84,66,15,4.86,75,0,10000,1028,9.84,66,15,4.86,75,0,10000,1028,9.84,66,15,4.86,75,0,10000,1028,9.84,66,15,4.86,75,0,10000,1028,9.84,66,15,4.86,75,0,10000,1028,9.84,66,15,4.86,75,0,10000
1028,9.84,66,30,4.12,75,0,10000,14,0,10,7,1028,9.51,65,358,4.69,81,0,10000,1028,9.51,65,358,4.69,81,0,10000,1028,9.51,65,358,4.69,81,0,10000,1028,9.51,65,358,4.69,81,0,10000,1028,9.51,65,358,4.69,81,0,10000,1028,9.51,65,358,4.69,81,0,10000,1028,9.51,65,358,4.69,81,0,10000,1028,9.51,65,358,4.69,81,0,10000,1028,9.51,65,358,4.69,81,0,10000,1028,9.51,65,358,4.69,81,0,10000,1028,9.51,65,358,4.69,81,0,10000,1028,9.51,65,358,4.69,81,0,10000
1028,9.84,66,30,4.12,75,0,10000,17,0,10,7,1027,8.48,77,347,3.94,89,0,10000,1027,8.48,77,347,3.94,89,0,10000,1027,8.48,77,347,3.94,89,0,10000,1027,8.48,77,347,3.94,89,0,10000,1027,8.48,77,347,3.94,89,0,10000,1027,8.48,77,347,3.94,89,0,10000,1027,8.48,77,347,3.94,89,0,10000,1027,8.48,77,347,3.94,89,0,10000,1027,8.48,77,347,3.94,89,0,10000,1027,8.48,77,347,3.94,89,0,10000,1027,8.48,77,347,3.94,89,0,10000,1027,8.48,77,347,3.94,89,0,10000
1028,9.84,66,30,4.12,75,0,10000,20,0,10,7,1026,7.33,85,4,4,100,0,10000,1026,7.33,85,4,4,100,0,10000,1026,7.33,85,4,4,100,0,10000,1026,7.33,85,4,4,100,0,10000,1026,7.33,85,4,4,100,0,10000,1026,7.33,85,4,4,100,0,10000,1026,7.33,85,4,4,100,0,10000,1026,7.33,85,4,4,100,0,10000,1026,7.33,85,4,4,100,0,10000,1026,7.33,85,4,4,100,0,10000,1026,7.33,85,4,4,100,0,10000,1026,7.33,85,4,4,100,0,10000
1028,9.84,66,30,4.12,75,0,10000,23,0,10,7,1025,6.31,87,11,3.59,90,0,10000,1025,6.31,87,11,3.59,90,0,10000,1025,6.31,87,11,3.59,90,0,10000,1025,6.31,87,11,3.59,90,0,10000,1025,6.31,87,11,3.59,90,0,10000,1025,6.31,87,11,3.59,90,0,10000,1025,6.31,87,11,3.59,90,0,10000,1025,6.31,87,11,3.59,90,0,10000,1025,6.31,87,11,3.59,90,0,10000,1025,6.31,87,11,3.59,90,0,10000,1025,6.31,87,11,3.59,90,0,10000,1025,6.31,87,11,3.59,90,0,10000
1028,9.84,66,30,4.12,75,0,10000,2,0,11,7,1024,7.36,85,14,2.61,99,0,10000,1024,7.36,85,14,2.61,99,0,10000,1024,7.36,85,14,2.61,99,0,10000,1024,7.36,85,14,2.61,99,0,10000,1024,7.36,85,14,2.61,99,0,10000,1024,7.36,85,14,2.61,99,0,10000,1024,7.36,85,14,2.61,99,0,10000,1024,7.36,85,14,2.61,99,0,10000,1024,7.36,85,14,2.61,99,0,10000,1024,7.36,85,14,2.61,99,0,10000,1024,7.36,85,14,2.61,99,0,10000,1024,7.36,85,14,2.61,99,0,10000
1028,9.84,66,30,4.12,75,0,10000,5,0,11,7,1024,7.22,87,93,1.84,100,0,10000,1024,7.22,87,93,1.84,100,0,10000,1024,7.22,87,93,1.84,100,0,10000,1024,7.22,87,93,1.84,100,0,10000,1024,7.22,87,93,1.84,100,0,10000,1024,7.22,87,93,1.84,100,0,10000,1024,7.22,87,93,1.84,100,0,10000,1024,7.22,87,93,1.84,100,0,10000,1024,7.22,87,93,1.84,100,0,10000,1024,7.22,87,93,1.84,100,0,10000,1024,7.22,87,93,1.84,100,0,10000,1024,7.22,87,93,1.84,100,0,10000
1028,9.84,66,30,4.12,75,0,10000,8,0,11,7,1024,7.31,85,192,1.05,100,0,10000,1024,7.31,85,192,1.05,100,0,10000,1024,7.31,85,192,1.05,100,0,10000,1024,7.31,85,192,1.05,100,0,10000,1024,7.31,85,192,1.05,100,0,10000,1024,7.31,85,192,1.05,100,0,10000,1024,7.31,85,192,1.05,100,0,10000,1024,7.31,85,192,1.05,100,0,10000,1024,7.31,85,192,1.05,100,0,10000,1024,7.31,85,192,1.05,100,0,10000,1024,7.31,85,192,1.05,100,0,10000,1024,7.31,85,192,1.05,100,0,10000
1028,9.84,66,30,4.12,75,0,10000,11,0,11,7,1028,9.84,66,15,4.86,75,0,10000,1028,9.84,66,15,4.86,75,0,10000,1028,9.84,66,15,4.86,75,0,10000,1028,9.84,66,15,4.86,75,0,10000,1028,9.84,66,15,4.86,75,0,10000,1028,9.84,66,15,4.86,75,0,10000,1028,9.84,66,15,4.86,75,0,10000,1028,9.84,66,15,4.86,75,0,10000,1028,9.84,66,15,4.86,75,0,10000,1028,9.84,66,15,4.86,75,0,10000,1028,9.84,66,15,4.86,75,0,10000,1028,9.84,66,15,4.86,75,0,10000
1028,9.84,66,30,4.12,75,0,10000,14,0,11,7,1028,9.51,65,358,4.69,81,0,10000,1028,9.51,65,358,4.69,81,0,10000,1028,9.51,65,358,4.69,81,0,10000,1028,9.51,65,358,4.69,81,0,10000,1028,9.51,65,358,4.69,81,0,10000,1028,9.51,65,358,4.69,81,0,10000,1028,9.51,65,358,4.69,81,0,10000,1028,9.51,65,358,4.69,81,0,10000,1028,9.51,65,358,4.69,81,0,10000,1028,9.51,65,358,4.69,81,0,10000,1028,9.51,65,358,4.69,81,0,10000,1028,9.51,65,358,4.69,81,0,10000
1028,9.84,66,30,4.12,75,0,10000,17,0,11,7,1027,8.48,77,347,3.94,89,0,10000,1027,8.48,77,347,3.94,89,0,10000,1027,8.48,77,347,3.94,89,0,10000,1027,8.48,77,347,3.94,89,0,10000,1027,8.48,77,347,3.94,89,0,10000,1027,8.48,77,347,3.94,89,0,10000,1027,8.48,77,347,3.94,89,0,10000,1027,8.48,77,347,3.94,89,0,10000,1027,8.48,77,347,3.94,89,0,10000,1027,8.48,77,347,3.94,89,0,10000,1027,8.48,77,347,3.94,89,0,10000,1027,8.48,77,347,3.94,89,0,10000
1028,9.84,66,30,4.12,75,0,10000,20,0,11,7,1026,7.33,85,4,4,100,0,10000,1026,7.33,85,4,4,100,0,10000,1026,7.33,85,4,4,100,0,10000,1026,7.33,85,4,4,100,0,10000,1026,7.33,85,4,4,100,0,10000,1026,7.33,85,4,4,100,0,10000,1026,7.33,85,4,4,100,0,10000,1026,7.33,85,4,4,100,0,10000,1026,7.33,85,4,4,100,0,10000,1026,7.33,85,4,4,100,0,10000,1026,7.33,85,4,4,100,0,10000,1026,7.33,85,4,4,100,0,10000
1028,9.84,66,30,4.12,75,0,10000,23,0,11,7,1025,6.31,87,11,3.59,90,0,10000,1025,6.31,87,11,3.59,90,0,10000,1025,6.31,87,11,3.59,90,0,10000,1025,6.31,87,11,3.59,90,0,10000,1025,6.31,87,11,3.59,90,0,10000,1025,6.31,87,11,3.59,90,0,10000,1025,6.31,87,11,3.59,90,0,10000,1025,6.31,87,11,3.59,90,0,10000,1025,6.31,87,11,3.59,90,0,10000,1025,6.31,87,11,3.59,90,0,10000,1025,6.31,87,11,3.59,90,0,10000,1025,6.31,87,11,3.59,90,0,10000
1028,9.84,66,30,4.12,75,0,10000,2,0,12,7,1024,7.36,85,14,2.61,99,0,10000,1024,7.36,85,14,2.61,99,0,10000,1024,7.36,85,14,2.61,99,0,10000,1024,7.36,85,14,2.61,99,0,10000,1024,7.36,85,14,2.61,99,0,10000,1024,7.36,85,14,2.61,99,0,10000,1024,7.36,85,14,2.61,99,0,10000,1024,7.36,85,14,2.61,99,0,10000,1024,7.36,85,14,2.61,99,0,10000,1024,7.36,85,14,2.61,99,0,10000,1024,7.36,85,14,2.61,99,0,10000,1024,7.36,85,14,2.61,99,0,10000
1028,9.84,66,30,4.12,75,0,10000,5,0,12,7,1024,7.22,87,93,1.84,100,0,10000,1024,7.22,87,93,1.84,100,0,10000,1024,7.22,87,93,1.84,100,0,10000,1024,7.22,87,93,1.84,100,0,10000,1024,7.22,87,93,1.84,100,0,10000,1024,7.22,87,93,1.84,100,0,10000,1024,7.22,87,93,1.84,100,0,10000,1024,7.22,87,93,1.84,100,0,10000,1024,7.22,87,93,1.84,100,0,10000,1024,7.22,87,93,1.84,100,0,10000,1024,7.22,87,93,1.84,100,0,10000,1024,7.22,87,93,1.84,100,0,10000
1028,9.84,66,30,4.12,75,0,10000,8,0,12,7,1024,7.31,85,192,1.05,100,0,10000,1024,7.31,85,192,1.05,100,0,10000,1024,7.31,85,192,1.05,100,0,10000,1024,7.31,85,192,1.05,100,0,10000,1024,7.31,85,192,1.05,100,0,10000,1024,7.31,85,192,1.05,100,0,10000,1024,7.31,85,192,1.05,100,0,10000,1024,7.31,85,192,1.05,100,0,10000,1024,7.31,85,192,1.05,100,0,10000,1024,7.31,85,192,1.05,100,0,10000,1024,7.31,85,192,1.05,100,0,10000,1024,7.31,85,192,1.05,100,0,10000
1028,9.84,66,30,4.12,75,0,10000,11,0,12,7,1028,9.84,66,15,4.86,75,0,10000,1028,9.84,66,15,4.86,75,0,10000,1028,9.84,66,15,4.86,75,0,10000,1028,9.84,66,15,4.86,75,0,10000,1028,9.84,66,15,4.86,75,0,10000,1028,9.84,66,15,4.86,75,0,10000,1028,9.84,66,15,4.86,75,0,10000,1028,9.84,66,15,4.86,75,0,10000,1028,9.84,66,15,4.86,75,0,10000,1028,9.84,66,15,4.86,75,0,10000,1028,9.84,66,15,4.86,75,0,10000,1028,9.84,66,15,4.86,75,0,10000
1028,9.84,66,30,4.12,75,0,10000,14,0,12,7,1028,9.51,65,358,4.69,81,0,10000,1028,9.51,65,358,4.69,81,0,10000,1028,9.51,65,358,4.69,81,0,10000,1028,9.51,65,358,4.69,81,0,10000,1028,9.51,65,358,4.69,81,0,10000,1028,9.51,65,358,4.69,81,0,10000,1028,9.51,65,358,4.69,81,0,10000,1028,9.51,65,358,4.69,81,0,10000,1028,9.51,65,358,4.69,81,0,10000,1028,9.51,65,358,4.69,81,0,10000,1028,9.51,65,358,4.69,81,0,10000,1028,9.51,65,358,4.69,81,0,10000
1028,9.84,66,30,4.12,75,0,10000,17,0,12,7,1027,8.48,77,347,3.94,89,0,10000,1027,8.48,77,347,3.94,89,0,10000,1027,8.48,77,347,3.94,89,0,10000,1027,8.48,77,347,3.94,89,0,10000,1027,8.48,77,347,3.94,89,0,10000,1027,8.48,77,347,3.94,89,0,10000,1027,8.48,77,347,3.94,89,0,10000,1027,8.48,77,347,3.94,89,0,10000,1027,8.48,77,347,3.94,89,0,10000,1027,8.48,77,347,3.94,89,0,10000,1027,8.48,77,347,3.94,89,0,10000,1027,8.48,77,347,3.94,89,0,10000
1028,9.84,66,30,4.12,75,0,10000,20,0,12,7,1026,7.33,85,4,4,100,0,10000,1026,7.33,85,4,4,100,0,10000,1026,7.33,85,4,4,100,0,10000,1026,7.33,85,4,4,100,0,10000,1026,7.33,85,4,4,100,0,10000,1026,7.33,85,4,4,100,0,10000,1026,7.33,85,4,4,100,0,10000,1026,7.33,85,4,4,100,0,10000,1026,7.33,85,4,4,100,0,10000,1026,7.33,85,4,4,100,0,10000,1026,7.33,85,4,4,100,0,10000,1026,7.33,85,4,4,100,0,10000
1028,9.84,66,30,4.12,75,0,10000,23,0,12,7,1025,6.31,87,11,3.59,90,0,10000,1025,6.31,87,11,3.59,90,0,10000,1025,6.31,87,11,3.59,90,0,10000,1025,6.31,87,11,3.59,90,0,10000,1025,6.31,87,11,3.59,90,0,10000,1025,6.31,87,11,3.59,90,0,10000,1025,6.31,87,11,3.59,90,0,10000,1025,6.31,87,11,3.59,90,0,10000,1025,6.31,87,11,3.59,90,0,10000,1025,6.31,87,11,3.59,90,0,10000,1025,6.31,87,11,3.59,90,0,10000,1025,6.31,87,11,3.59,90,0,10000
1028,9.84,66,30,4.12,75,0,10000,2,0,13,7,1024,7.36,85,14,2.61,99,0,10000,1024,7.36,85,14,2.61,99,0,10000,1024,7.36,85,14,2.61,99,0,10000,1024,7.36,85,14,2.61,99,0,10000,1024,7.36,85,14,2.61,99,0,10000,1024,7.36,85,14,2.61,99,0,10000,1024,7.36,85,14,2.61,99,0,10000,1024,7.36,85,14,2.61,99,0,10000,1024,7.36,85,14,2.61,99,0,10000,1024,7.36,85,14,2.61,99,0,10000,1024,7.36,85,14,2.61,99,0,10000,1024,7.36,85,14,2.61,99,0,10000
1028,9.84,66,30,4.12,75,0,10000,5,0,13,7,1024,7.22,87,93,1.84,100,0,10000,1024,7.22,87,93,1.84,100,0,10000,1024,7.22,87,93,1.84,100,0,10000,1024,7.22,87,93,1.84,100,0,10000,1024,7.22,87,93,1.84,100,0,10000,1024,7.22,87,93,1.84,100,0,10000,1024,7.22,87,93,1.84,100,0,10000,1024,7.22,87,93,1.84,100,0,10000,1024,7.22,87,93,1.84,100,0,10000,1024,7.22,87,93,1.84,100,0,10000,1024,7.22,87,93,1.84,100,0,10000,1024,7.22,87,93,1.84,100,0,10000
1028,9.84,66,30,4.12,75,0,10000,8,0,13,7,1024,7.31,85,192,1.05,100,0,10000,1024,7.31,85,192,1.05,100,0,10000,1024,7.31,85,192,1.05,100,0,10000,1024,7.31,85,192,1.05,100,0,10000,1024,7.31,85,192,1.05,100,0,10000,1024,7.31,85,192,1.05,100,0,10000,1024,7.31,85,192,1.05,100,0,10000,1024,7.31,85,192,1.05,100,0,10000,1024,7.31,85,192,1.05,100,0,10000,1024,7.31,85,192,1.05,100,0,10000,1024,7.31,85,192,1.05,100,0,10000,1024,7.31,85,192,1.05,100,0,10000
1028,9.84,66,30,4.12,75,0,10000,11,0,13,7,1028,9.84,66,15,4.86,75,0,10000,1028,9.84,66,15,4.86,75,0,10000,1028,9.84,66,15,4.86,75,0,10000,1028,9.84,66,15,4.86,75,0,10000,1028,9.84,66,15,4.86,75,0,10000,1028,9.84,66,15,4.86,75,0,10000,1028,9.84,66,15,4.86,75,0,10000,1028,9.84,66,15,4.86,75,0,10000,1028,9.84,66,15,4.86,75,0,10000,1028,9.84,66,15,4.86,75,0,10000,1028,9.84,66,15,4.86,75,0,10000,1028,9.84,66,15,4.86,75,0,10000
1028,9.84,66,30,4.12,75,0,10000,14,0,13,7,1028,9.51,65,358,4.69,81,0,10000,1028,9.51,65,358,4.69,81,0,10000,1028,9.51,65,358,4.69,81,0,10000,1028,9.51,65,358,4.69,81,0,10000,1028,9.51,65,358,4.69,81,0,10000,1028,9.51,65,358,4.69,81,0,10000,1028,9.51,65,358,4.69,81,0,10000,1028,9.51,65,358,4.69,81,0,10000,1028,9.51,65,358,4.69,81,0,10000,1028,9.51,65,358,4.69,81,0,10000,1028,9.51,65,358,4.69,81,0,10000,1028,9.51,65,358,4.69,81,0,10000
1028,9.84,66,30,4.12,75,0,10000,17,0,13,7,1027,8.48,77,347,3.94,89,0,10000,1027,8.48,77,347,3.94,89,0,10000,1027,8.48,77,347,3.94,89,0,10000,1027,8.48,77,347,3.94,89,0,10000,1027,8.48,77,347,3.94,89,0,10000,1027,8.48,77,347,3.94,89,0,10000,1027,8.48,77,347,3.94,89,0,10000,1027,8.48,77,347,3.94,89,0,10000,1027,8.48,77,347,3.94,89,0,10000,1027,8.48,77,347,3.94,89,0,10000,1027,8.48,77,347,3.94,89,0,10000,1027,8.48,77,347,3.94,89,0,10000
1028,9.84,66,30,4.12,75,0,10000,20,0,13,7,1026,7.33,85,4,4,100,0,10000,1026,7.33,85,4,4,100,0,10000,1026,7.33,85,4,4,100,0,10000,1026,7.33,85,4,4,100,0,10000,1026,7.33,85,4,4,100,0,10000,1026,7.33,85,4,4,100,0,10000,1026,7.33,85,4,4,100,0,10000,1026,7.33,85,4,4,100,0,10000,1026,7.33,85,4,4,100,0,10000,1026,7.33,85,4,4,100,0,10000,1026,7.33,85,4,4,100,0,10000,1026,7.33,85,4,4,100,0,10000
1028,9.84,66,30,4.12,75,0,10000,23,0,13,7,1025,6.31,87,11,3.59,90,0,10000,1025,6.31,87,11,3.59,90,0,10000,1025,6.31,87,11,3.59,90,0,10000,1025,6.31,87,11,3.59,90,0,10000,1025,6.31,87,11,3.59,90,0,10000,1025,6.31,87,11,3.59,90,0,10000,1025,6.31,87,11,3.59,90,0,10000,1025,6.31,87,11,3.59,90,0,10000,1025,6.31,87,11,3.59,90,0,10000,1025,6.31,87,11,3.59,90,0,10000,1025,6.31,87,11,3.59,90,0,10000,1025,6.31,87,11,3.59,90,0,10000
1028,9.84,66,30,4.12,75,0,10000,2,0,14,7,1024,7.36,85,14,2.61,99,0,10000,1024,7.36,85,14,2.61,99,0,10000,1024,7.36,85,14,2.61,99,0,10000,1024,7.36,85,14,2.61,99,0,10000,1024,7.36,85,14,2.61,99,0,10000,1024,7.36,85,14,2.61,99,0,10000,1024,7.36,85,14,2.61,99,0,10000,1024,7.36,85,14,2.61,99,0,10000,1024,7.36,85,14,2.61,99,0,10000,1024,7.36,85,14,2.61,99,0,10000,1024,7.36,85,14,2.61,99,0,10000,1024,7.36,85,14,2.61,99,0,10000
1028,9.84,66,30,4.12,75,0,10000,5,0,14,7,1024,7.22,87,93,1.84,100,0,10000,1024,7.22,87,93,1.84,100,0,10000,1024,7.22,87,93,1.84,100,0,10000,1024,7.22,87,93,1.84,100,0,10000,1024,7.22,87,93,1.84,100,0,10000,1024,7.22,87,93,1.84,100,0,10000,1024,7.22,87,93,1.84,100,0,10000,1024,7.22,87,93,1.84,100,0,10000,1024,7.22,87,93,1.84,100,0,10000,1024,7.22,87,93,1.84,100,0,10000,1024,7.22,87,93,1.84,100,0,10000,1024,7.22,87,93,1.84,100,0,10000
1028,9.84,66,30,4.12,75,0,10000,8,0,14,7,1024,7.31,85,192,1.05,100,0,10000,1024,7.31,85,192,1.05,100,0,10000,1024,7.31,85,192,1.05,100,0,10000,1024,7.31,85,192,1.05,100,0,10000,1024,7.31,85,192,1.05,100,0,10000,1024,7.31,85,192,1.05,100,0,10000,1024,7.31,85,192,1.05,100,0,10000,1024,7.31,85,192,1.05,100,0,10000,1024,7.31,85,192,1.05,100,0,10000,1024,7.31,85,192,1.05,100,0,10000,1024,7.31,85,192,1.05,100,0,10000,1024,7.31,85,192,1.05,100,0,10000
1028,9.84,66,30,4.12,75,0,10000,11,0,14,7,1028,9.84,66,15,4.86,75,0,10000,1028,9.84,66,15,4.86,75,0,10000,1028,9.84,66,15,4.86,75,0,10000,1028,9.84,66,15,4.86,75,0,10000,1028,9.84,66,15,4.86,75,0,10000,1028,9.84,66,15,4.86,75,0,10000,1028,9.84,66,15,4.86,75,0,10000,1028,9.84,66,15,4.86,75,0,10000,1028,9.84,66,15,4.86,75,0,10000,1028,9.84,66,15,4.86,75,0,10000,1028,9.84,66,15,4.86,75,0,10000,1028,9.84,66,15,4.86,75,0,10000
1028,9.84,66,30,4.12,75,0,10000,14,0,14,7,1028,9.51,65,358,4.69,81,0,10000,1028,9.51,65,358,4.69,81,0,10000,1028,9.51,65,358,4.69,81,0,10000,1028,9.51,65,358,4.69,81,0,10000,1028,9.51,65,358,4.69,81,0,10000,1028,9.51,65,358,4.69,81,0,10000,1028,9.51,65,358,4.69,81,0,10000,1028,9.51,65,358,4.69,81,0,10000,1028,9.51,65,358,4.69,81,0,10000,1028,9.51,65,358,4.69,81,0,10000,1028,9.51,65,358,4.69,81,0,10000,1028,9.51,65,358,4.69,81,0,10000
1028,9.84,66,30,4.12,75,0,10000,17,0,14,7,1027,8.48,77,347,3.94,89,0,10000,1027,8.48,77,347,3.94,89,0,10000,1027,8.48,77,347,3.94,89,0,10000,1027,8.48,77,347,3.94,89,0,10000,1027,8.48,77,347,3.94,89,0,10000,1027,8.48,77,347,3.94,89,0,10000,1027,8.48,77,347,3.94,89,0,10000,1027,8.48,77,347,3.94,89,0,10000,1027,8.48,77,347,3.94,89,0,10000,1027,8.48,77,347,3.94,89,0,10000,1027,8.48,77,347,3.94,89,0,10000,1027,8.48,77,347,3.94,89,0,10000
1028,9.84,66,30,4.12,75,0,10000,20,0,14,7,1026,7.33,85,4,4,100,0,10000,1026,7.33,85,4,4,100,0,10000,1026,7.33,85,4,4,100,0,10000,1026,7.33,85,4,4,100,0,10000,1026,7.33,85,4,4,100,0,10000,1026,7.33,85,4,4,100,0,10000,1026,7.33,85,4,4,100,0,10000,1026,7.33,85,4,4,100,0,10000,1026,7.33,85,4,4,100,0,10000,1026,7.33,85,4,4,100,0,10000,1026,7.33,85,4,4,100,0,10000,1026,7.33,85,4,4,100,0,10000
1028,9.84,66,30,4.12,75,0,10000,23,0,14,7,1025,6.31,87,11,3.59,90,0,10000,1025,6.31,87,11,3.59,90,0,10000,1025,6.31,87,11,3.59,90,0,10000,1025,6.31,87,11,3.59,90,0,10000,1025,6.31,87,11,3.59,90,0,10000,1025,6.31,87,11,3.59,90,0,10000,1025,6.31,87,11,3.59,90,0,10000,1025,6.31,87,11,3.59,90,0,10000,1025,6.31,87,11,3.59,90,0,10000,1025,6.31,87,11,3.59,90,0,10000,1025,6.31,87,11,3.59,90,0,10000,1025,6.31,87,11,3.59,90,0,10000
1028,9.84,66,30,4.12,75,0,10000,2,0,15,7,1024,7.36,85,14,2.61,99,0,10000,1024,7.36,85,14,2.61,99,0,10000,1024,7.36,85,14,2.61,99,0,10000,1024,7.36,85,14,2.61,99,0,10000,1024,7.36,85,14,2.61,99,0,10000,1024,7.36,85,14,2.61,99,0,10000,1024,7.36,85,14,2.61,99,0,10000,1024,7.36,85,14,2.61,99,0,10000,1024,7.36,85,14,2.61,99,0,10000,1024,7.36,85,14,2.61,99,0,10000,1024,7.36,85,14,2.61,99,0,10000,1024,7.36,85,14,2.61,99,0,10000
1028,9.84,66,30,4.12,75,0,10000,5,0,15,7,1024,7.22,87,93,1.84,100,0,10000,1024,7.22,87,93,1.84,100,0,10000,1024,7.22,87,93,1.84,100,0,10000,1024,7.22,87,93,1.84,100,0,10000,1024,7.22,87,93,1.84,100,0,10000,1024,7.22,87,93,1.84,100,0,10000,1024,7.22,87,93,1.84,100,0,10000,1024,7.22,87,93,1.84,100,0,10000,1024,7.22,87,93,1.84,100,0,10000,1024,7.22,87,93,1.84,100,0,10000,1024,7.22,87,93,1.84,100,0,10000,1024,7.22,87,93,1.84,100,0,10000
1028,9.84,66,30,4.12,75,0,10000,8,0,15,7,1024,7.31,85,192,1.05,100,0,10000,1024,7.31,85,192,1.05,100,0,10000,1024,7.31,85,192,1.05,100,0,10000,1024,7.31,85,192,1.05,100,0,10000,1024,7.31,85,192,1.05,100,0,10000,1024,7.31,85,192,1.05,100,0,10000,1024,7.31,85,192,1.05,100,0,10000,1024,7.31,85,192,1.05,100,0,10000,1024,7.31,85,192,1.05,100,0,10000,1024,7.31,85,192,1.05,100,0,10000,1024,7.31,85,192,1.05,100,0,10000,1024,7.31,85,192,1.05,100,0,10000
1028,9.84,66,30,4.12,75,0,10000,11,0,15,7,1028,9.84,66,15,4.86,75,0,10000,1028,9.84,66,15,4.86,75,0,10000,1028,9.84,66,15,4.86,75,0,10000,1028,9.84,66,15,4.86,75,0,10000,1028,9.84,66,15,4.86,75,0,10000,1028,9.84,66,15,4.86,75,0,10000,1028,9.84,66,15,4.86,75,0,10000,1028,9.84,66,15,4.86,75,0,10000,1028,9.84,66,15,4.86,75,0,10000,1028,9.84,66,15,4.86,75,0,10000,1028,9.84,66,15,4.86,75,0,10000,1028,9.84,66,15,4.86,75,0,10000
1028,9.84,66,30,4.12,75,0,10000,14,0,15,7,1028,9.51,65,358,4.69,81,0,10000,1028,9.51,65,358,4.69,81,0,10000,1028,9.51,65,358,4.69,81,0,10000,1028,9.51,65,358,4.69,81,0,10000,1028,9.51,65,358,4.69,81,0,10000,1028,9.51,65,358,4.69,81,0,10000,1028,9.51,65,358,4.69,81,0,10000,1028,9.51,65,358,4.69,81,0,10000,1028,9.51,65,358,4.69,81,0,10000,1028,9.51,65,358,4.69,81,0,10000,1028,9.51,65,358,4.69,81,0,10000,1028,9.51,65,358,4.69,81,0,10000
1028,9.84,66,30,4.12,75,0,10000,17,0,15,7,1027,8.48,77,347,3.94,89,0,10000,1027,8.48,77,347,3.94,89,0,10000,1027,8.48,77,347,3.94,89,0,10000,1027,8.48,77,347,3.94,89,0,10000,1027,8.48,77,347,3.94,89,0,10000,1027,8.48,77,347,3.94,89,0,10000,1027,8.48,77,347,3.94,89,0,10000,1027,8.48,77,347,3.94,89,0,10000,1027,8.48,77,347,3.94,89,0,10000,1027,8.48,77,347,3.94,89,0,10000,1027,8.48,77,347,3.94,89,0,10000,1027,8.48,77,347,3.94,89,0,10000
1028,9.84,66,30,4.12,75,0,10000,20,0,15,7,1026,7.33,85,4,4,100,0,10000,1026,7.33,85,4,4,100,0,10000,1026,7.33,85,4,4,100,0,10000,1026,7.33,85,4,4,100,0,10000,1026,7.33,85,4,4,100,0,10000,1026,7.33,85,4,4,100,0,10000,1026,7.33,85,4,4,100,0,10000,1026,7.33,85,4,4,100,0,10000,1026,7.33,85,4,4,100,0,10000,1026,7.33,85,4,4,100,0,10000,1026,7.33,85,4,4,100,0,10000,1026,7.33,85,4,4,100,0,10000
1028,9.84,66,30,4.12,75,0,10000,23,0,15,7,1025,6.31,87,11,3.59,90,0,10000,1025,6.31,87,11,3.59,90,0,10000,1025,6.31,87,11,3.59,90,0,10000,1025,6.31,87,11,3.59,90,0,10000,1025,6.31,87,11,3.59,90,0,10000,1025,6.31,87,11,3.59,90,0,10000,1025,6.31,87,11,3.59,90,0,10000,1025,6.31,87,11,3.59,90,0,10000,1025,6.31,87,11,3.59,90,0,10000,1025,6.31,87,11,3.59,90,0,10000,1025,6.31,87,11,3.59,90,0,10000,1025,6.31,87,11,3.59,90,0,10000
1028,9.84,66,30,4.12,75,0,10000,2,0,16,7,1024,7.36,85,14,2.61,99,0,10000,1024,7.36,85,14,2.61,99,0,10000,1024,7.36,85,14,2.61,99,0,10000,1024,7.36,85,14,2.61,99,0,10000,1024,7.36,85,14,2.61,99,0,10000,1024,7.36,85,14,2.61,99,0,10000,1024,7.36,85,14,2.61,99,0,10000,1024,7.36,85,14,2.61,99,0,10000,1024,7.36,85,14,2.61,99,0,10000,1024,7.36,85,14,2.61,99,0,10000,1024,7.36,85,14,2.61,99,0,10000,1024,7.36,85,14,2.61,99,0,10000
1028,9.84,66,30,4.12,75,0,10000,5,0,16,7,1024,7.22,87,93,1.84,100,0,10000,1024,7.22,87,93,1.84,100,0,10000,1024,7.22,87,93,1.84,100,0,10000,1024,7.22,87,93,1.84,100,0,10000,1024,7.22,87,93,1.84,100,0,10000,1024,7.22,87,93,1.84,100,0,10000,1024,7.22,87,93,1.84,100,0,10000,1024,7.22,87,93,1.84,100,0,10000,1024,7.22,87,93,1.84,100,0,10000,1024,7.22,87,93,1.84,100,0,10000,1024,7.22,87,93,1.84,100,0,10000,1024,7.22,87,93,1.84,100,0,10000
1028,9.84,66,30,4.12,75,0,10000,8,0,16,7,1024,7.31,85,192,1.05,100,0,10000,1024,7.31,85,192,1.05,100,0,10000,1024,7.31,85,192,1.05,100,0,10000,1024,7.31,85,192,1.05,100,0,10000,1024,7.31,85,192,1.05,100,0,10000,1024,7.31,85,192,1.05,100,0,10000,1024,7.31,85,192,1.05,100,0,10000,1024,7.31,85,192,1.05,100,0,10000,1024,7.31,85,192,1.05,100,0,10000,1024,7.31,85,192,1.05,100,0,10000,1024,7.31,85,192,1.05,100,0,10000,1024,7.31,85,192,1.05,100,0,10000
1028,9.84,66,30,4.12,75,0,10000,11,0,16,7,1028,9.84,66,15,4.86,75,0,10000,1028,9.84,66,15,4.86,75,0,10000,1028,9.84,66,15,4.86,75,0,10000,1028,9.84,66,15,4.86,75,0,10000,1028,9.84,66,15,4.86,75,0,10000,1028,9.84,66,15,4.86,75,0,10000,1028,9.84,66,15,4.86,75,0,10000,1028,9.84,66,15,4.86,75,0,10000,1028,9.84,66,15,4.86,75,0,10000,1028,9.84,66,15,4.86,75,0,10000,1028,9.84,66,15,4.86,75,0,10000,1028,9.84,66,15,4.86,75,0,10000
1028,9.84,66,30,4.12,75,0,10000,14,0,16,7,1028,9.51,65,358,4.69,81,0,10000,1028,9.51,65,358,4.69,81,0,10000,1028,9.51,65,358,4.69,81,0,10000,1028,9.51,65,358,4.69,81,0,10000,1028,9.51,65,358,4.69,81,0,10000,1028,9.51,65,358,4.69,81,0,10000,1028,9.51,65,358,4.69,81,0,10000,1028,9.51,65,358,4.69,81,0,10000,1028,9.51,65,358,4.69,81,0,10000,1028,9.51,65,358,4.69,81,0,10000,1028,9.51,65,358,4.69,81,0,10000,1028,9.51,65,358,4.69,81,0,10000
1028,9.84,66,30,4.12,75,0,10000,17,0,16,7,1027,8.48,77,347,3.94,89,0,10000,1027,8.48,77,347,3.94,89,0,10000,1027,8.48,77,347,3.94,89,0,10000,1027,8.48,77,347,3.94,89,0,10000,1027,8.48,77,347,3.94,89,0,10000,1027,8.48,77,347,3.94,89,0,10000,1027,8.48,77,347,3.94,89,0,10000,1027,8.48,77,347,3.94,89,0,10000,1027,8.48,77,347,3.94,89,0,10000,1027,8.48,77,347,3.94,89,0,10000,1027,8.48,77,347,3.94,89,0,10000,1027,8.48,77,347,3.94,89,0,10000
1028,9.84,66,30,4.12,75,0,10000,20,0,16,7,1026,7.33,85,4,4,100,0,10000,1026,7.33,85,4,4,100,0,10000,1026,7.33,85,4,4,100,0,10000,1026,7.33,85,4,4,100,0,10000,1026,7.33,85,4,4,100,0,10000,1026,7.33,85,4,4,100,0,10000,1026,7.33,85,4,4,100,0,10000,1026,7.33,85,4,4,100,0,10000,1026,7.33,85,4,4,100,0,10000,1026,7.33,85,4,4,100,0,10000,1026,7.33,85,4,4,100,0,10000,1026,7.33,85,4,4,100,0,10000
1028,9.84,66,30,4.12,75,0,10000,23,0,16,7,1025,6.31,87,11,3.59,90,0,10000,1025,6.31,87,11,3.59,90,0,10000,1025,6.31,87,11,3.59,90,0,10000,1025,6.31,87,11,3.59,90,0,10000,1025,6.31,87,11,3.59,90,0,10000,1025,6.31,87,11,3.59,90,0,10000,1025,6.31,87,11,3.59,90,0,10000,1025,6.31,87,11,3.59,90,0,10000,1025,6.31,87,11,3.59,90,0,10000,1025,6.31,87,11,3.59,90,0,10000,1025,6.31,87,11,3.59,90,0,10000,1025,6.31,87,11,3.59,90,0,10000
1028,9.84,66,30,4.12,75,0,10000,2,0,17,7,1024,7.36,85,14,2.61,99,0,10000,1024,7.36,85,14,2.61,99,0,10000,1024,7.36,85,14,2.61,99,0,10000,1024,7.36,85,14,2.61,99,0,10000,1024,7.36,85,14,2.61,99,0,10000,1024,7.36,85,14,2.61,99,0,10000,1024,7.36,85,14,2.61,99,0,10000,1024,7.36,85,14,2.61,99,0,10000,1024,7.36,85,14,2.61,99,0,10000,1024,7.36,85,14,2.61,99,0,10000,1024,7.36,85,14,2.61,99,0,10000,1024,7.36,85,14,2.61,99,0,10000
1028,9.84,66,30,4.12,75,0,10000,5,0,17,7,1024,7.22,87,93,1.84,100,0,10000,1024,7.22,87,93,1.84,100,0,10000,1024,7.22,87,93,1.84,100,0,10000,1024,7.22,87,93,1.84,100,0,10000,1024,7.22,87,93,1.84,100,0,10000,1024,7.22,87,93,1.84,100,0,10000,1024,7.22,87,93,1.84,100,0,10000,1024,7.22,87,93,1.84,100,0,10000,1024,7.22,87,93,1.84,100,0,10000,1024,7.22,87,93,1.84,100,0,10000,1024,7.22,87,93,1.84,100,0,10000,1024,7.22,87,93,1.84,100,0,10000
1028,9.84,66,30,4.12,75,0,10000,8,0,17,7,1024,7.31,85,192,1.05,100,0,10000,1024,7.31,85,192,1.05,100,0,10000,1024,7.31,85,192,1.05,100,0,10000,1024,7.31,85,192,1.05,100,0,10000,1024,7.31,85,192,1.05,100,0,10000,1024,7.31,85,192,1.05,100,0,10000,1024,7.31,85,192,1.05,100,0,10000,1024,7.31,85,192,1.05,100,0,10000,1024,7.31,85,192,1.05,100,0,10000,1024,7.31,85,192,1.05,100,0,10000,1024,7.31,85,192,1.05,100,0,10000,1024,7.31,85,192,1.05,100,0,10000
1028,9.84,66,30,4.12,75,0,10000,11,0,17,7,1028,9.84,66,15,4.86,75,0,10000,1028,9.84,66,15,4.86,75,0,10000,1028,9.84,66,15,4.86,75,0,10000,1028,9.84,66,15,4.86,75,0,10000,1028,9.84,66,15,4.86,75,0,10000,1028,9.84,66,15,4.86,75,0,10000,1028,9.84,66,15,4.86,75,0,10000,1028,9.84,66,15,4.86,75,0,10000,1028,9.84,66,15,4.86,75,0,10000,1028,9.84,66,15,4.86,75,0,10000,1028,9.84,66,15,4.86,75,0,10000,1028,9.84,66,15,4.86,75,0,10000
1028,9.84,66,30,4.12,75,0,10000,14,0,17,7,1028,9.51,65,358,4.69,81,0,10000,1028,9.51,65,358,4.69,81,0,10000,1028,9.51,65,358,4.69,81,0,10000,1028,9.51,65,358,4.69,81,0,10000,1028,9.51,65,358,4.69,81,0,10000,1028,9.51,65,358,4.69,81,0,10000,1028,9.51,65,358,4.69,81,0,10000,1028,9.51,65,358,4.69,81,0,10000,1028,9.51,65,358,4.69,81,0,10000,1028,9.51,65,358,4.69,81,0,10000,1028,9.51,65,358,4.69,81,0,10000,1028,9.51,65,358,4.69,81,0,10000
1028,9.84,66,30,4.12,75,0,10000,17,0,17,7,1027,8.48,77,347,3.94,89,0,10000,1027,8.48,77,347,3.94,89,0,10000,1027,8.48,77,347,3.94,89,0,10000,1027,8.48,77,347,3.94,89,0,10000,1027,8.48,77,347,3.94,89,0,10000,1027,8.48,77,347,3.94,89,0,10000,1027,8.48,77,347,3.94,89,0,10000,1027,8.48,77,347,3.94,89,0,10000,1027,8.48,77,347,3.94,89,0,10000,1027,8.48,77,347,3.94,89,0,10000,1027,8.48,77,347,3.94,89,0,10000,1027,8.48,77,347,3.94,89,0,10000
1028,9.84,66,30,4.12,75,0,10000,20,0,17,7,1026,7.33,85,4,4,100,0,10000,1026,7.33,85,4,4,100,0,10000,1026,7.33,85,4,4,100,0,10000,1026,7.33,85,4,4,100,0,10000,1026,7.33,85,4,4,100,0,10000,1026,7.33,85,4,4,100,0,10000,1026,7.33,85,4,4,100,0,10000,1026,7.33,85,4,4,100,0,10000,1026,7.33,85,4,4,100,0,10000,1026,7.33,85,4,4,100,0,10000,1026,7.33,85,4,4,100,0,10000,1026,7.33,85,4,4,100,0,10000
1028,9.84,66,30,4.12,75,0,10000,23,0,17,7,1025,6.31,87,11,3.59,90,0,10000,1025,6.31,87,11,3.59,90,0,10000,1025,6.31,87,11,3.59,90,0,10000,1025,6.31,87,11,3.59,90,0,10000,1025,6.31,87,11,3.59,90,0,10000,1025,6.31,87,11,3.59,90,0,10000,1025,6.31,87,11,3.59,90,0,10000,1025,6.31,87,11,3.59,90,0,10000,1025,6.31,87,11,3.59,90,0,10000,1025,6.31,87,11,3.59,90,0,10000,1025,6.31,87,11,3.59,90,0,10000,1025,6.31,87,11,3.59,90,0,10000
1028,9.84,66,30,4.12,75,0,10000,2,0,18,7,1024,7.36,85,14,2.61,99,0,10000,1024,7.36,85,14,2.61,99,0,10000,1024,7.36,85,14,2.61,99,0,10000,1024,7.36,85,14,2.61,99,0,10000,1024,7.36,85,14,2.61,99,0,10000,1024,7.36,85,14,2.61,99,0,10000,1024,7.36,85,14,2.61,99,0,10000,1024,7.36,85,14,2.61,99,0,10000,1024,7.36,85,14,2.61,99,0,10000,1024,7.36,85,14,2.61,99,0,10000,1024,7.36,85,14,2.61,99,0,10000,1024,7.36,85,14,2.61,99,0,10000
1028,9.84,66,30,4.12,75,0,10000,5,0,18,7,1024,7.22,87,93,1.84,100,0,10000,1024,7.22,87,93,1.84,100,0,10000,1024,7.22,87,93,1.84,100,0,10000,1024,7.22,87,93,1.84,100,0,10000,1024,7.22,87,93,1.84,100,0,10000,1024,7.22,87,93,1.84,100,0,10000,1024,7.22,87,93,1.84,100,0,10000,1024,7.22,87,93,1.84,100,0,10000,1024,7.22,87,93,1.84,100,0,10000,1024,7.22,87,93,1.84,100,0,10000,1024,7.22,87,93,1.84,100,0,10000,1024,7.22,87,93,1.84,100,0,10000
1028,9.84,66,30,4.12,75,0,10000,8,0,18,7,1024,7.31,85,192,1.05,100,0,10000,1024,7.31,85,192,1.05,100,0,10000,1024,7.31,85,192,1.05,100,0,10000,1024,7.31,85,192,1.05,100,0,10000,1024,7.31,85,192,1.05,100,0,10000,1024,7.31,85,192,1.05,100,0,10000,1024,7.31,85,192,1.05,100,0,10000,1024,7.31,85,192,1.05,100,0,10000,1024,7.31,85,192,1.05,100,0,10000,1024,7.31,85,192,1.05,100,0,10000,1024,7.31,85,192,1.05,100,0,10000,1024,7.31,85,192,1.05,100,0,10000
1028,9.84,66,30,4.12,75,0,10000,11,0,18,7,1028,9.84,66,15,4.86,75,0,10000,1028,9.84,66,15,4.86,75,0,10000,1028,9.84,66,15,4.86,75,0,10000,1028,9.84,66,15,4.86,75,0,10000,1028,9.84,66,15,4.86,75,0,10000,1028,9.84,66,15,4.86,75,0,10000,1028,9.84,66,15,4.86,75,0,10000,1028,9.84,66,15,4.86,75,0,10000,1028,9.84,66,15,4.86,75,0,10000,1028,9.84,66,15,4.86,75,0,10000,1028,9.84,66,15,4.86,75,0,10000,1028,9.84,66,15,4.86,75,0,10000
1028,9.84,66,30,4.12,75,0,10000,14,0,18,7,1028,9.51,65,358,4.69,81,0,10000,1028,9.51,65,358,4.69,81,0,10000,1028,9.51,65,358,4.69,81,0,10000,1028,9.51,65,358,4.69,81,0,10000,1028,9.51,65,358,4.69,81,0,10000,1028,9.51,65,358,4.69,81,0,10000,1028,9.51,65,358,4.69,81,0,10000,1028,9.51,65,358,4.69,81,0,10000,1028,9.51,65,358,4.69,81,0,10000,1028,9.51,65,358,4.69,81,0,10000,1028,9.51,65,358,4.69,81,0,10000,1028,9.51,65,358,4.69,81,0,10000
1028,9.84,66,30,4.12,75,0,10000,17,0,18,7,1027,8.48,77,347,3.94,89,0,10000,1027,8.48,77,347,3.94,89,0,10000,1027,8.48,77,347,3.94,89,0,10000,1027,8.48,77,347,3.94,89,0,10000,1027,8.48,77,347,3.94,89,0,10000,1027,8.48,77,347,3.94,89,0,10000,1027,8.48,77,347,3.94,89,0,10000,1027,8.48,77,347,3.94,89,0,10000,1027,8.48,77,347,3.94,89,0,10000,1027,8.48,77,347,3.94,89,0,10000,1027,8.48,77,347,3.94,89,0,10000,1027,8.48,77,347,3.94,89,0,10000
1028,9.84,66,30,4.12,75,0,10000,20,0,18,7,1026,7.33,85,4,4,100,0,10000,1026,7.33,85,4,4,100,0,10000,1026,7.33,85,4,4,100,0,10000,1026,7.33,85,4,4,100,0,10000,1026,7.33,85,4,4,100,0,10000,1026,7.33,85,4,4,100,0,10000,1026,7.33,85,4,4,100,0,10000,1026,7.33,85,4,4,100,0,10000,1026,7.33,85,4,4,100,0,10000,1026,7.33,85,4,4,100,0,10000,1026,7.33,85,4,4,100,0,10000,1026,7.33,85,4,4,100,0,10000
1028,9.84,66,30,4.12,75,0,10000,23,0,18,7,1025,6.31,87,11,3.59,90,0,10000,1025,6.31,87,11,3.59,90,0,10000,1025,6.31,87,11,3.59,90,0,10000,1025,6.31,87,11,3.59,90,0,10000,1025,6.31,87,11,3.59,90,0,10000,1025,6.31,87,11,3.59,90,0,10000,1025,6.31,87,11,3.59,90,0,10000,1025,6.31,87,11,3.59,90,0,10000,1025,6.31,87,11,3.59,90,0,10000,1025,6.31,87,11,3.59,90,0,10000,1025,6.31,87,11,3.59,90,0,10000,1025,6.31,87,11,3.59,90,0,10000
1028,9.84,66,30,4.12,75,0,10000,2,0,19,7,1024,7.36,85,14,2.61,99,0,10000,1024,7.36,85,14,2.61,99,0,10000,1024,7.36,85,14,2.61,99,0,10000,1024,7.36,85,14,2.61,99,0,10000,1024,7.36,85,14,2.61,99,0,10000,1024,7.36,85,14,2.61,99,0,10000,1024,7.36,85,14,2.61,99,0,10000,1024,7.36,85,14,2.61,99,0,10000,1024,7.36,85,14,2.61,99,0,10000,1024,7.36,85,14,2.61,99,0,10000,1024,7.36,85,14,2.61,99,0,10000,1024,7.36,85,14,2.61,99,0,10000
1028,9.84,66,30,4.12,75,0,10000,5,0,19,7,1024,7.22,87,93,1.84,100,0,10000,1024,7.22,87,93,1.84,100,0,10000,1024,7.22,87,93,1.84,100,0,10000,1024,7.22,87,93,1.84,100,0,10000,1024,7.22,87,93,1.84,100,0,10000,1024,7.22,87,93,1.84,100,0,10000,1024,7.22,87,93,1.84,100,0,10000,1024,7.22,87,93,1.84,100,0,10000,1024,7.22,87,93,1.84,100,0,10000,1024,7.22,87,93,1.84,100,0,10000,1024,7.22,87,93,1.84,100,0,10000,1024,7.22,87,93,1.84,100,0,10000
1028,9.84,66,30,4.12,75,0,10000,8,0,19,7,1024,7.31,85,192,1.05,100,0,10000,1024,7.31,85,192,1.05,100,0,10000,1024,7.31,85,192,1.05,100,0,10000,1024,7.31,85,192,1.05,100,0,10000,1024,7.31,85,192,1.05,100,0,10000,1024,7.31,85,192,1.05,100,0,10000,1024,7.31,85,192,1.05,100,0,10000,1024,7.31,85,192,1.05,100,0,10000,1024,7.31,85,192,1.05,100,0,10000,1024,7.31,85,192,1.05,100,0,10000,1024,7.31,85,192,1.05,100,0,10000,1024,7.31,85,192,1.05,100,0,10000
1028,9.84,66,30,4.12,75,0,10000,11,0,19,7,1028,9.84,66,15,4.86,75,0,10000,1028,9.84,66,15,4.86,75,0,10000,1028,9.84,66,15,4.86,75,0,10000,1028,9.84,66,15,4.86,75,0,10000,1028,9.84,66,15,4.86,75,0,10000,1028,9.84,66,15,4.86,75,0,10000,1028,9.84,66,15,4.86,75,0,10000,1028,9.84,66,15,4.86,75,0,10000,1028,9.84,66,15,4.86,75,0,10000,1028,9.84,66,15,4.86,75,0,10000,1028,9.84,66,15,4.86,75,0,10000,1028,9.84,66,15,4.86,75,0,10000
1028,9.84,66,30,4.12,75,0,10000,14,0,19,7,1028,9.51,65,358,4.69,81,0,10000,1028,9.51,65,358,4.69,81,0,10000,1028,9.51,65,358,4.69,81,0,10000,1028,9.51,65,358,4.69,81,0,10000,1028,9.51,65,358,4.69,81,0,10000,1028,9.51,65,358,4.69,81,0,10000,1028,9.51,65,358,4.69,81,0,10000,1028,9.51,65,358,4.69,81,0,10000,1028,9.51,65,358,4.69,81,0,10000,1028,9.51,65,358,4.69,81,0,10000,1028,9.51,65,358,4.69,81,0,10000,1028,9.51,65,358,4.69,81,0,10000
1028,9.84,66,30,4.12,75,0,10000,17,0,19,7,1027,8.48,77,347,3.94,89,0,10000,1027,8.48,77,347,3.94,89,0,10000,1027,8.48,77,347,3.94,89,0,10000,1027,8.48,77,347,3.94,89,0,10000,1027,8.48,77,347,3.94,89,0,10000,1027,8.48,77,347,3.94,89,0,10000,1027,8.48,77,347,3.94,89,0,10000,1027,8.48,77,347,3.94,89,0,10000,1027,8.48,77,347,3.94,89,0,10000,1027,8.48,77,347,3.94,89,0,10000,1027,8.48,77,347,3.94,89,0,10000,1027,8.48,77,347,3.94,89,0,10000
1028,9.84,66,30,4.12,75,0,10000,20,0,19,7,1026,7.33,85,4,4,100,0,10000,1026,7.33,85,4,4,100,0,10000,1026,7.33,85,4,4,100,0,10000,1026,7.33,85,4,4,100,0,10000,1026,7.33,85,4,4,100,0,10000,1026,7.33,85,4,4,100,0,10000,1026,7.33,85,4,4,100,0,10000,1026,7.33,85,4,4,100,0,10000,1026,7.33,85,4,4,100,0,10000,1026,7.33,85,4,4,100,0,10000,1026,7.33,85,4,4,100,0,10000,1026,7.33,85,4,4,100,0,10000
1028,9.84,66,30,4.12,75,0,10000,23,0,19,7,1025,6.31,87,11,3.59,90,0,10000,1025,6.31,87,11,3.59,90,0,10000,1025,6.31,87,11,3.59,90,0,10000,1025,6.31,87,11,3.59,90,0,10000,1025,6.31,87,11,3.59,90,0,10000,1025,6.31,87,11,3.59,90,0,10000,1025,6.31,87,11,3.59,90,0,10000,1025,6.31,87,11,3.59,90,0,10000,1025,6.31,87,11,3.59,90,0,10000,1025,6.31,87,11,3.59,90,0,10000,1025,6.31,87,11,3.59,90,0,10000,1025,6.31,87,11,3.59,90,0,10000
