1023,8.84,81,360,1.54,100,0,10000,2,0,16,1,1020,6.37,81,220,0.97,62,0,10000,1020,6.37,81,220,0.97,62,0,10000,1020,6.37,81,220,0.97,62,0,10000,1020,6.37,81,220,0.97,62,0,10000,1020,6.37,81,220,0.97,62,0,10000,1020,6.37,81,220,0.97,62,0,10000,1020,6.37,81,220,0.97,62,0,10000,1020,6.37,81,220,0.97,62,0,10000,1020,6.37,81,220,0.97,62,0,10000,1020,6.37,81,220,0.97,62,0,10000,1020,6.37,81,220,0.97,62,0,10000,1020,6.37,81,220,0.97,62,0,10000
1023,8.84,81,360,1.54,100,0,10000,5,0,16,1,1019,8.02,79,249,1.53,82,0,10000,1019,8.02,79,249,1.53,82,0,10000,1019,8.02,79,249,1.53,82,0,10000,1019,8.02,79,249,1.53,82,0,10000,1019,8.02,79,249,1.53,82,0,10000,1019,8.02,79,249,1.53,82,0,10000,1019,8.02,79,249,1.53,82,0,10000,1019,8.02,79,249,1.53,82,0,10000,1019,8.02,79,249,1.53,82,0,10000,1019,8.02,79,249,1.53,82,0,10000,1019,8.02,79,249,1.53,82,0,10000,1019,8.02,79,249,1.53,82,0,10000
1023,8.84,81,360,1.54,100,0,10000,8,0,16,1,1023,8.84,81,7,3.29,100,0,10000,1023,8.84,81,7,3.29,100,0,10000,1023,8.84,81,7,3.29,100,0,10000,1023,8.84,81,7,3.29,100,0,10000,1023,8.84,81,7,3.29,100,0,10000,1023,8.84,81,7,3.29,100,0,10000,1023,8.84,81,7,3.29,100,0,10000,1023,8.84,81,7,3.29,100,0,10000,1023,8.84,81,7,3.29,100,0,10000,1023,8.84,81,7,3.29,100,0,10000,1023,8.84,81,7,3.29,100,0,10000,1023,8.84,81,7,3.29,100,0,10000
1023,8.84,81,360,1.54,100,0,10000,11,0,16,1,1023,9.21,79,353,4.86,99,0,10000,1023,9.21,79,353,4.86,99,0,10000,1023,9.21,79,353,4.86,99,0,10000,1023,9.21,79,353,4.86,99,0,10000,1023,9.21,79,353,4.86,99,0,10000,1023,9.21,79,353,4.86,99,0,10000,1023,9.21,79,353,4.86,99,0,10000,1023,9.21,79,353,4.86,99,0,10000,1023,9.21,79,353,4.86,99,0,10000,1023,9.21,79,353,4.86,99,0,10000,1023,9.21,79,353,4.86,99,0,10000,1023,9.21,79,353,4.86,99,0,10000
1023,8.84,81,360,1.54,100,0,10000,14,0,16,1,1022,9.79,71,358,6.09,99,0,10000,1022,9.79,71,358,6.09,99,0,10000,1022,9.79,71,358,6.09,99,0,10000,1022,9.79,71,358,6.09,99,0,10000,1022,9.79,71,358,6.09,99,0,10000,1022,9.79,71,358,6.09,99,0,10000,1022,9.79,71,358,6.09,99,0,10000,1022,9.79,71,358,6.09,99,0,10000,1022,9.79,71,358,6.09,99,0,10000,1022,9.79,71,358,6.09,99,0,10000,1022,9.79,71,358,6.09,99,0,10000,1022,9.79,71,358,6.09,99,0,10000
1023,8.84,81,360,1.54,100,0,10000,17,0,16,1,1022,9.76,73,358,5.27,91,0,10000,1022,9.76,73,358,5.27,91,0,10000,1022,9.76,73,358,5.27,91,0,10000,1022,9.76,73,358,5.27,91,0,10000,1022,9.76,73,358,5.27,91,0,10000,1022,9.76,73,358,5.27,91,0,10000,1022,9.76,73,358,5.27,91,0,10000,1022,9.76,73,358,5.27,91,0,10000,1022,9.76,73,358,5.27,91,0,10000,1022,9.76,73,358,5.27,91,0,10000,1022,9.76,73,358,5.27,91,0,10000,1022,9.76,73,358,5.27,91,0,10000
1023,8.84,81,360,1.54,100,0,10000,20,0,16,1,1022,7.57,82,357,3.66,38,0,10000,1022,7.57,82,357,3.66,38,0,10000,1022,7.57,82,357,3.66,38,0,10000,1022,7.57,82,357,3.66,38,0,10000,1022,7.57,82,357,3.66,38,0,10000,1022,7.57,82,357,3.66,38,0,10000,1022,7.57,82,357,3.66,38,0,10000,1022,7.57,82,357,3.66,38,0,10000,1022,7.57,82,357,3.66,38,0,10000,1022,7.57,82,357,3.66,38,0,10000,1022,7.57,82,357,3.66,38,0,10000,1022,7.57,82,357,3.66,38,0,10000
1023,8.84,81,360,1.54,100,0,10000,23,0,16,1,1022,8.6,78,39,2.73,65,0,10000,1022,8.6,78,39,2.73,65,0,10000,1022,8.6,78,39,2.73,65,0,10000,1022,8.6,78,39,2.73,65,0,10000,1022,8.6,78,39,2.73,65,0,10000,1022,8.6,78,39,2.73,65,0,10000,1022,8.6,78,39,2.73,65,0,10000,1022,8.6,78,39,2.73,65,0,10000,1022,8.6,78,39,2.73,65,0,10000,1022,8.6,78,39,2.73,65,0,10000,1022,8.6,78,39,2.73,65,0,10000,1022,8.6,78,39,2.73,65,0,10000
1023,8.84,81,360,1.54,100,0,10000,2,0,17,1,1020,6.37,81,220,0.97,62,0,10000,1020,6.37,81,220,0.97,62,0,10000,1020,6.37,81,220,0.97,62,0,10000,1020,6.37,81,220,0.97,62,0,10000,1020,6.37,81,220,0.97,62,0,10000,1020,6.37,81,220,0.97,62,0,10000,1020,6.37,81,220,0.97,62,0,10000,1020,6.37,81,220,0.97,62,0,10000,1020,6.37,81,220,0.97,62,0,10000,1020,6.37,81,220,0.97,62,0,10000,1020,6.37,81,220,0.97,62,0,10000,1020,6.37,81,220,0.97,62,0,10000
1023,8.84,81,360,1.54,100,0,10000,5,0,17,1,1019,8.02,79,249,1.53,82,0,10000,1019,8.02,79,249,1.53,82,0,10000,1019,8.02,79,249,1.53,82,0,10000,1019,8.02,79,249,1.53,82,0,10000,1019,8.02,79,249,1.53,82,0,10000,1019,8.02,79,249,1.53,82,0,10000,1019,8.02,79,249,1.53,82,0,10000,1019,8.02,79,249,1.53,82,0,10000,1019,8.02,79,249,1.53,82,0,10000,1019,8.02,79,249,1.53,82,0,10000,1019,8.02,79,249,1.53,82,0,10000,1019,8.02,79,249,1.53,82,0,10000
1023,8.84,81,360,1.54,100,0,10000,8,0,17,1,1023,8.84,81,7,3.29,100,0,10000,1023,8.84,81,7,3.29,100,0,10000,1023,8.84,81,7,3.29,100,0,10000,1023,8.84,81,7,3.29,100,0,10000,1023,8.84,81,7,3.29,100,0,10000,1023,8.84,81,7,3.29,100,0,10000,1023,8.84,81,7,3.29,100,0,10000,1023,8.84,81,7,3.29,100,0,10000,1023,8.84,81,7,3.29,100,0,10000,1023,8.84,81,7,3.29,100,0,10000,1023,8.84,81,7,3.29,100,0,10000,1023,8.84,81,7,3.29,100,0,10000
1023,8.84,81,360,1.54,100,0,10000,11,0,17,1,1023,9.21,79,353,4.86,99,0,10000,1023,9.21,79,353,4.86,99,0,10000,1023,9.21,79,353,4.86,99,0,10000,1023,9.21,79,353,4.86,99,0,10000,1023,9.21,79,353,4.86,99,0,10000,1023,9.21,79,353,4.86,99,0,10000,1023,9.21,79,353,4.86,99,0,10000,1023,9.21,79,353,4.86,99,0,10000,1023,9.21,79,353,4.86,99,0,10000,1023,9.21,79,353,4.86,99,0,10000,1023,9.21,79,353,4.86,99,0,10000,1023,9.21,79,353,4.86,99,0,10000
1023,8.84,81,360,1.54,100,0,10000,14,0,17,1,1022,9.79,71,358,6.09,99,0,10000,1022,9.79,71,358,6.09,99,0,10000,1022,9.79,71,358,6.09,99,0,10000,1022,9.79,71,358,6.09,99,0,10000,1022,9.79,71,358,6.09,99,0,10000,1022,9.79,71,358,6.09,99,0,10000,1022,9.79,71,358,6.09,99,0,10000,1022,9.79,71,358,6.09,99,0,10000,1022,9.79,71,358,6.09,99,0,10000,1022,9.79,71,358,6.09,99,0,10000,1022,9.79,71,358,6.09,99,0,10000,1022,9.79,71,358,6.09,99,0,10000
1023,8.84,81,360,1.54,100,0,10000,17,0,17,1,1022,9.76,73,358,5.27,91,0,10000,1022,9.76,73,358,5.27,91,0,10000,1022,9.76,73,358,5.27,91,0,10000,1022,9.76,73,358,5.27,91,0,10000,1022,9.76,73,358,5.27,91,0,10000,1022,9.76,73,358,5.27,91,0,10000,1022,9.76,73,358,5.27,91,0,10000,1022,9.76,73,358,5.27,91,0,10000,1022,9.76,73,358,5.27,91,0,10000,1022,9.76,73,358,5.27,91,0,10000,1022,9.76,73,358,5.27,91,0,10000,1022,9.76,73,358,5.27,91,0,10000
1023,8.84,81,360,1.54,100,0,10000,20,0,17,1,1022,7.57,82,357,3.66,38,0,10000,1022,7.57,82,357,3.66,38,0,10000,1022,7.57,82,357,3.66,38,0,10000,1022,7.57,82,357,3.66,38,0,10000,1022,7.57,82,357,3.66,38,0,10000,1022,7.57,82,357,3.66,38,0,10000,1022,7.57,82,357,3.66,38,0,10000,1022,7.57,82,357,3.66,38,0,10000,1022,7.57,82,357,3.66,38,0,10000,1022,7.57,82,357,3.66,38,0,10000,1022,7.57,82,357,3.66,38,0,10000,1022,7.57,82,357,3.66,38,0,10000
1023,8.84,81,360,1.54,100,0,10000,23,0,17,1,1022,8.6,78,39,2.73,65,0,10000,1022,8.6,78,39,2.73,65,0,10000,1022,8.6,78,39,2.73,65,0,10000,1022,8.6,78,39,2.73,65,0,10000,1022,8.6,78,39,2.73,65,0,10000,1022,8.6,78,39,2.73,65,0,10000,1022,8.6,78,39,2.73,65,0,10000,1022,8.6,78,39,2.73,65,0,10000,1022,8.6,78,39,2.73,65,0,10000,1022,8.6,78,39,2.73,65,0,10000,1022,8.6,78,39,2.73,65,0,10000,1022,8.6,78,39,2.73,65,0,10000
1023,8.84,81,360,1.54,100,0,10000,2,0,18,1,1020,6.37,81,220,0.97,62,0,10000,1020,6.37,81,220,0.97,62,0,10000,1020,6.37,81,220,0.97,62,0,10000,1020,6.37,81,220,0.97,62,0,10000,1020,6.37,81,220,0.97,62,0,10000,1020,6.37,81,220,0.97,62,0,10000,1020,6.37,81,220,0.97,62,0,10000,1020,6.37,81,220,0.97,62,0,10000,1020,6.37,81,220,0.97,62,0,10000,1020,6.37,81,220,0.97,62,0,10000,1020,6.37,81,220,0.97,62,0,10000,1020,6.37,81,220,0.97,62,0,10000
1023,8.84,81,360,1.54,100,0,10000,5,0,18,1,1019,8.02,79,249,1.53,82,0,10000,1019,8.02,79,249,1.53,82,0,10000,1019,8.02,79,249,1.53,82,0,10000,1019,8.02,79,249,1.53,82,0,10000,1019,8.02,79,249,1.53,82,0,10000,1019,8.02,79,249,1.53,82,0,10000,1019,8.02,79,249,1.53,82,0,10000,1019,8.02,79,249,1.53,82,0,10000,1019,8.02,79,249,1.53,82,0,10000,1019,8.02,79,249,1.53,82,0,10000,1019,8.02,79,249,1.53,82,0,10000,1019,8.02,79,249,1.53,82,0,10000
1023,8.84,81,360,1.54,100,0,10000,8,0,18,1,1023,8.84,81,7,3.29,100,0,10000,1023,8.84,81,7,3.29,100,0,10000,1023,8.84,81,7,3.29,100,0,10000,1023,8.84,81,7,3.29,100,0,10000,1023,8.84,81,7,3.29,100,0,10000,1023,8.84,81,7,3.29,100,0,10000,1023,8.84,81,7,3.29,100,0,10000,1023,8.84,81,7,3.29,100,0,10000,1023,8.84,81,7,3.29,100,0,10000,1023,8.84,81,7,3.29,100,0,10000,1023,8.84,81,7,3.29,100,0,10000,1023,8.84,81,7,3.29,100,0,10000
1023,8.84,81,360,1.54,100,0,10000,11,0,18,1,1023,9.21,79,353,4.86,99,0,10000,1023,9.21,79,353,4.86,99,0,10000,1023,9.21,79,353,4.86,99,0,10000,1023,9.21,79,353,4.86,99,0,10000,1023,9.21,79,353,4.86,99,0,10000,1023,9.21,79,353,4.86,99,0,10000,1023,9.21,79,353,4.86,99,0,10000,1023,9.21,79,353,4.86,99,0,10000,1023,9.21,79,353,4.86,99,0,10000,1023,9.21,79,353,4.86,99,0,10000,1023,9.21,79,353,4.86,99,0,10000,1023,9.21,79,353,4.86,99,0,10000
1023,8.84,81,360,1.54,100,0,10000,14,0,18,1,1022,9.79,71,358,6.09,99,0,10000,1022,9.79,71,358,6.09,99,0,10000,1022,9.79,71,358,6.09,99,0,10000,1022,9.79,71,358,6.09,99,0,10000,1022,9.79,71,358,6.09,99,0,10000,1022,9.79,71,358,6.09,99,0,10000,1022,9.79,71,358,6.09,99,0,10000,1022,9.79,71,358,6.09,99,0,10000,1022,9.79,71,358,6.09,99,0,10000,1022,9.79,71,358,6.09,99,0,10000,1022,9.79,71,358,6.09,99,0,10000,1022,9.79,71,358,6.09,99,0,10000
1023,8.84,81,360,1.54,100,0,10000,17,0,18,1,1022,9.76,73,358,5.27,91,0,10000,1022,9.76,73,358,5.27,91,0,10000,1022,9.76,73,358,5.27,91,0,10000,1022,9.76,73,358,5.27,91,0,10000,1022,9.76,73,358,5.27,91,0,10000,1022,9.76,73,358,5.27,91,0,10000,1022,9.76,73,358,5.27,91,0,10000,1022,9.76,73,358,5.27,91,0,10000,1022,9.76,73,358,5.27,91,0,10000,1022,9.76,73,358,5.27,91,0,10000,1022,9.76,73,358,5.27,91,0,10000,1022,9.76,73,358,5.27,91,0,10000
1023,8.84,81,360,1.54,100,0,10000,20,0,18,1,1022,7.57,82,357,3.66,38,0,10000,1022,7.57,82,357,3.66,38,0,10000,1022,7.57,82,357,3.66,38,0,10000,1022,7.57,82,357,3.66,38,0,10000,1022,7.57,82,357,3.66,38,0,10000,1022,7.57,82,357,3.66,38,0,10000,1022,7.57,82,357,3.66,38,0,10000,1022,7.57,82,357,3.66,38,0,10000,1022,7.57,82,357,3.66,38,0,10000,1022,7.57,82,357,3.66,38,0,10000,1022,7.57,82,357,3.66,38,0,10000,1022,7.57,82,357,3.66,38,0,10000
1023,8.84,81,360,1.54,100,0,10000,23,0,18,1,1022,8.6,78,39,2.73,65,0,10000,1022,8.6,78,39,2.73,65,0,10000,1022,8.6,78,39,2.73,65,0,10000,1022,8.6,78,39,2.73,65,0,10000,1022,8.6,78,39,2.73,65,0,10000,1022,8.6,78,39,2.73,65,0,10000,1022,8.6,78,39,2.73,65,0,10000,1022,8.6,78,39,2.73,65,0,10000,1022,8.6,78,39,2.73,65,0,10000,1022,8.6,78,39,2.73,65,0,10000,1022,8.6,78,39,2.73,65,0,10000,1022,8.6,78,39,2.73,65,0,10000
1023,8.84,81,360,1.54,100,0,10000,2,0,19,1,1020,6.37,81,220,0.97,62,0,10000,1020,6.37,81,220,0.97,62,0,10000,1020,6.37,81,220,0.97,62,0,10000,1020,6.37,81,220,0.97,62,0,10000,1020,6.37,81,220,0.97,62,0,10000,1020,6.37,81,220,0.97,62,0,10000,1020,6.37,81,220,0.97,62,0,10000,1020,6.37,81,220,0.97,62,0,10000,1020,6.37,81,220,0.97,62,0,10000,1020,6.37,81,220,0.97,62,0,10000,1020,6.37,81,220,0.97,62,0,10000,1020,6.37,81,220,0.97,62,0,10000
1023,8.84,81,360,1.54,100,0,10000,5,0,19,1,1019,8.02,79,249,1.53,82,0,10000,1019,8.02,79,249,1.53,82,0,10000,1019,8.02,79,249,1.53,82,0,10000,1019,8.02,79,249,1.53,82,0,10000,1019,8.02,79,249,1.53,82,0,10000,1019,8.02,79,249,1.53,82,0,10000,1019,8.02,79,249,1.53,82,0,10000,1019,8.02,79,249,1.53,82,0,10000,1019,8.02,79,249,1.53,82,0,10000,1019,8.02,79,249,1.53,82,0,10000,1019,8.02,79,249,1.53,82,0,10000,1019,8.02,79,249,1.53,82,0,10000
1023,8.84,81,360,1.54,100,0,10000,8,0,19,1,1023,8.84,81,7,3.29,100,0,10000,1023,8.84,81,7,3.29,100,0,10000,1023,8.84,81,7,3.29,100,0,10000,1023,8.84,81,7,3.29,100,0,10000,1023,8.84,81,7,3.29,100,0,10000,1023,8.84,81,7,3.29,100,0,10000,1023,8.84,81,7,3.29,100,0,10000,1023,8.84,81,7,3.29,100,0,10000,1023,8.84,81,7,3.29,100,0,10000,1023,8.84,81,7,3.29,100,0,10000,1023,8.84,81,7,3.29,100,0,10000,1023,8.84,81,7,3.29,100,0,10000
1023,8.84,81,360,1.54,100,0,10000,11,0,19,1,1023,9.21,79,353,4.86,99,0,10000,1023,9.21,79,353,4.86,99,0,10000,1023,9.21,79,353,4.86,99,0,10000,1023,9.21,79,353,4.86,99,0,10000,1023,9.21,79,353,4.86,99,0,10000,1023,9.21,79,353,4.86,99,0,10000,1023,9.21,79,353,4.86,99,0,10000,1023,9.21,79,353,4.86,99,0,10000,1023,9.21,79,353,4.86,99,0,10000,1023,9.21,79,353,4.86,99,0,10000,1023,9.21,79,353,4.86,99,0,10000,1023,9.21,79,353,4.86,99,0,10000
1023,8.84,81,360,1.54,100,0,10000,14,0,19,1,1022,9.79,71,358,6.09,99,0,10000,1022,9.79,71,358,6.09,99,0,10000,1022,9.79,71,358,6.09,99,0,10000,1022,9.79,71,358,6.09,99,0,10000,1022,9.79,71,358,6.09,99,0,10000,1022,9.79,71,358,6.09,99,0,10000,1022,9.79,71,358,6.09,99,0,10000,1022,9.79,71,358,6.09,99,0,10000,1022,9.79,71,358,6.09,99,0,10000,1022,9.79,71,358,6.09,99,0,10000,1022,9.79,71,358,6.09,99,0,10000,1022,9.79,71,358,6.09,99,0,10000
1023,8.84,81,360,1.54,100,0,10000,17,0,19,1,1022,9.76,73,358,5.27,91,0,10000,1022,9.76,73,358,5.27,91,0,10000,1022,9.76,73,358,5.27,91,0,10000,1022,9.76,73,358,5.27,91,0,10000,1022,9.76,73,358,5.27,91,0,10000,1022,9.76,73,358,5.27,91,0,10000,1022,9.76,73,358,5.27,91,0,10000,1022,9.76,73,358,5.27,91,0,10000,1022,9.76,73,358,5.27,91,0,10000,1022,9.76,73,358,5.27,91,0,10000,1022,9.76,73,358,5.27,91,0,10000,1022,9.76,73,358,5.27,91,0,10000
1023,8.84,81,360,1.54,100,0,10000,20,0,19,1,1022,7.57,82,357,3.66,38,0,10000,1022,7.57,82,357,3.66,38,0,10000,1022,7.57,82,357,3.66,38,0,10000,1022,7.57,82,357,3.66,38,0,10000,1022,7.57,82,357,3.66,38,0,10000,1022,7.57,82,357,3.66,38,0,10000,1022,7.57,82,357,3.66,38,0,10000,1022,7.57,82,357,3.66,38,0,10000,1022,7.57,82,357,3.66,38,0,10000,1022,7.57,82,357,3.66,38,0,10000,1022,7.57,82,357,3.66,38,0,10000,1022,7.57,82,357,3.66,38,0,10000
1023,8.84,81,360,1.54,100,0,10000,23,0,19,1,1022,8.6,78,39,2.73,65,0,10000,1022,8.6,78,39,2.73,65,0,10000,1022,8.6,78,39,2.73,65,0,10000,1022,8.6,78,39,2.73,65,0,10000,1022,8.6,78,39,2.73,65,0,10000,1022,8.6,78,39,2.73,65,0,10000,1022,8.6,78,39,2.73,65,0,10000,1022,8.6,78,39,2.73,65,0,10000,1022,8.6,78,39,2.73,65,0,10000,1022,8.6,78,39,2.73,65,0,10000,1022,8.6,78,39,2.73,65,0,10000,1022,8.6,78,39,2.73,65,0,10000
1023,8.84,81,360,1.54,100,0,10000,2,0,20,1,1020,6.37,81,220,0.97,62,0,10000,1020,6.37,81,220,0.97,62,0,10000,1020,6.37,81,220,0.97,62,0,10000,1020,6.37,81,220,0.97,62,0,10000,1020,6.37,81,220,0.97,62,0,10000,1020,6.37,81,220,0.97,62,0,10000,1020,6.37,81,220,0.97,62,0,10000,1020,6.37,81,220,0.97,62,0,10000,1020,6.37,81,220,0.97,62,0,10000,1020,6.37,81,220,0.97,62,0,10000,1020,6.37,81,220,0.97,62,0,10000,1020,6.37,81,220,0.97,62,0,10000
1023,8.84,81,360,1.54,100,0,10000,5,0,20,1,1019,8.02,79,249,1.53,82,0,10000,1019,8.02,79,249,1.53,82,0,10000,1019,8.02,79,249,1.53,82,0,10000,1019,8.02,79,249,1.53,82,0,10000,1019,8.02,79,249,1.53,82,0,10000,1019,8.02,79,249,1.53,82,0,10000,1019,8.02,79,249,1.53,82,0,10000,1019,8.02,79,249,1.53,82,0,10000,1019,8.02,79,249,1.53,82,0,10000,1019,8.02,79,249,1.53,82,0,10000,1019,8.02,79,249,1.53,82,0,10000,1019,8.02,79,249,1.53,82,0,10000
1023,8.84,81,360,1.54,100,0,10000,8,0,20,1,1023,8.84,81,7,3.29,100,0,10000,1023,8.84,81,7,3.29,100,0,10000,1023,8.84,81,7,3.29,100,0,10000,1023,8.84,81,7,3.29,100,0,10000,1023,8.84,81,7,3.29,100,0,10000,1023,8.84,81,7,3.29,100,0,10000,1023,8.84,81,7,3.29,100,0,10000,1023,8.84,81,7,3.29,100,0,10000,1023,8.84,81,7,3.29,100,0,10000,1023,8.84,81,7,3.29,100,0,10000,1023,8.84,81,7,3.29,100,0,10000,1023,8.84,81,7,3.29,100,0,10000
1023,8.84,81,360,1.54,100,0,10000,11,0,20,1,1023,9.21,79,353,4.86,99,0,10000,1023,9.21,79,353,4.86,99,0,10000,1023,9.21,79,353,4.86,99,0,10000,1023,9.21,79,353,4.86,99,0,10000,1023,9.21,79,353,4.86,99,0,10000,1023,9.21,79,353,4.86,99,0,10000,1023,9.21,79,353,4.86,99,0,10000,1023,9.21,79,353,4.86,99,0,10000,1023,9.21,79,353,4.86,99,0,10000,1023,9.21,79,353,4.86,99,0,10000,1023,9.21,79,353,4.86,99,0,10000,1023,9.21,79,353,4.86,99,0,10000
1023,8.84,81,360,1.54,100,0,10000,14,0,20,1,1022,9.79,71,358,6.09,99,0,10000,1022,9.79,71,358,6.09,99,0,10000,1022,9.79,71,358,6.09,99,0,10000,1022,9.79,71,358,6.09,99,0,10000,1022,9.79,71,358,6.09,99,0,10000,1022,9.79,71,358,6.09,99,0,10000,1022,9.79,71,358,6.09,99,0,10000,1022,9.79,71,358,6.09,99,0,10000,1022,9.79,71,358,6.09,99,0,10000,1022,9.79,71,358,6.09,99,0,10000,1022,9.79,71,358,6.09,99,0,10000,1022,9.79,71,358,6.09,99,0,10000
1023,8.84,81,360,1.54,100,0,10000,17,0,20,1,1022,9.76,73,358,5.27,91,0,10000,1022,9.76,73,358,5.27,91,0,10000,1022,9.76,73,358,5.27,91,0,10000,1022,9.76,73,358,5.27,91,0,10000,1022,9.76,73,358,5.27,91,0,10000,1022,9.76,73,358,5.27,91,0,10000,1022,9.76,73,358,5.27,91,0,10000,1022,9.76,73,358,5.27,91,0,10000,1022,9.76,73,358,5.27,91,0,10000,1022,9.76,73,358,5.27,91,0,10000,1022,9.76,73,358,5.27,91,0,10000,1022,9.76,73,358,5.27,91,0,10000
1023,8.84,81,360,1.54,100,0,10000,20,0,20,1,1022,7.57,82,357,3.66,38,0,10000,1022,7.57,82,357,3.66,38,0,10000,1022,7.57,82,357,3.66,38,0,10000,1022,7.57,82,357,3.66,38,0,10000,1022,7.57,82,357,3.66,38,0,10000,1022,7.57,82,357,3.66,38,0,10000,1022,7.57,82,357,3.66,38,0,10000,1022,7.57,82,357,3.66,38,0,10000,1022,7.57,82,357,3.66,38,0,10000,1022,7.57,82,357,3.66,38,0,10000,1022,7.57,82,357,3.66,38,0,10000,1022,7.57,82,357,3.66,38,0,10000
1023,8.84,81,360,1.54,100,0,10000,23,0,20,1,1022,8.6,78,39,2.73,65,0,10000,1022,8.6,78,39,2.73,65,0,10000,1022,8.6,78,39,2.73,65,0,10000,1022,8.6,78,39,2.73,65,0,10000,1022,8.6,78,39,2.73,65,0,10000,1022,8.6,78,39,2.73,65,0,10000,1022,8.6,78,39,2.73,65,0,10000,1022,8.6,78,39,2.73,65,0,10000,1022,8.6,78,39,2.73,65,0,10000,1022,8.6,78,39,2.73,65,0,10000,1022,8.6,78,39,2.73,65,0,10000,1022,8.6,78,39,2.73,65,0,10000
1023,8.84,81,360,1.54,100,0,10000,2,0,21,1,1020,6.37,81,220,0.97,62,0,10000,1020,6.37,81,220,0.97,62,0,10000,1020,6.37,81,220,0.97,62,0,10000,1020,6.37,81,220,0.97,62,0,10000,1020,6.37,81,220,0.97,62,0,10000,1020,6.37,81,220,0.97,62,0,10000,1020,6.37,81,220,0.97,62,0,10000,1020,6.37,81,220,0.97,62,0,10000,1020,6.37,81,220,0.97,62,0,10000,1020,6.37,81,220,0.97,62,0,10000,1020,6.37,81,220,0.97,62,0,10000,1020,6.37,81,220,0.97,62,0,10000
1023,8.84,81,360,1.54,100,0,10000,5,0,21,1,1019,8.02,79,249,1.53,82,0,10000,1019,8.02,79,249,1.53,82,0,10000,1019,8.02,79,249,1.53,82,0,10000,1019,8.02,79,249,1.53,82,0,10000,1019,8.02,79,249,1.53,82,0,10000,1019,8.02,79,249,1.53,82,0,10000,1019,8.02,79,249,1.53,82,0,10000,1019,8.02,79,249,1.53,82,0,10000,1019,8.02,79,249,1.53,82,0,10000,1019,8.02,79,249,1.53,82,0,10000,1019,8.02,79,249,1.53,82,0,10000,1019,8.02,79,249,1.53,82,0,10000
1023,8.84,81,360,1.54,100,0,10000,8,0,21,1,1023,8.84,81,7,3.29,100,0,10000,1023,8.84,81,7,3.29,100,0,10000,1023,8.84,81,7,3.29,100,0,10000,1023,8.84,81,7,3.29,100,0,10000,1023,8.84,81,7,3.29,100,0,10000,1023,8.84,81,7,3.29,100,0,10000,1023,8.84,81,7,3.29,100,0,10000,1023,8.84,81,7,3.29,100,0,10000,1023,8.84,81,7,3.29,100,0,10000,1023,8.84,81,7,3.29,100,0,10000,1023,8.84,81,7,3.29,100,0,10000,1023,8.84,81,7,3.29,100,0,10000
1023,8.84,81,360,1.54,100,0,10000,11,0,21,1,1023,9.21,79,353,4.86,99,0,10000,1023,9.21,79,353,4.86,99,0,10000,1023,9.21,79,353,4.86,99,0,10000,1023,9.21,79,353,4.86,99,0,10000,1023,9.21,79,353,4.86,99,0,10000,1023,9.21,79,353,4.86,99,0,10000,1023,9.21,79,353,4.86,99,0,10000,1023,9.21,79,353,4.86,99,0,10000,1023,9.21,79,353,4.86,99,0,10000,1023,9.21,79,353,4.86,99,0,10000,1023,9.21,79,353,4.86,99,0,10000,1023,9.21,79,353,4.86,99,0,10000
1023,8.84,81,360,1.54,100,0,10000,14,0,21,1,1022,9.79,71,358,6.09,99,0,10000,1022,9.79,71,358,6.09,99,0,10000,1022,9.79,71,358,6.09,99,0,10000,1022,9.79,71,358,6.09,99,0,10000,1022,9.79,71,358,6.09,99,0,10000,1022,9.79,71,358,6.09,99,0,10000,1022,9.79,71,358,6.09,99,0,10000,1022,9.79,71,358,6.09,99,0,10000,1022,9.79,71,358,6.09,99,0,10000,1022,9.79,71,358,6.09,99,0,10000,1022,9.79,71,358,6.09,99,0,10000,1022,9.79,71,358,6.09,99,0,10000
1023,8.84,81,360,1.54,100,0,10000,17,0,21,1,1022,9.76,73,358,5.27,91,0,10000,1022,9.76,73,358,5.27,91,0,10000,1022,9.76,73,358,5.27,91,0,10000,1022,9.76,73,358,5.27,91,0,10000,1022,9.76,73,358,5.27,91,0,10000,1022,9.76,73,358,5.27,91,0,10000,1022,9.76,73,358,5.27,91,0,10000,1022,9.76,73,358,5.27,91,0,10000,1022,9.76,73,358,5.27,91,0,10000,1022,9.76,73,358,5.27,91,0,10000,1022,9.76,73,358,5.27,91,0,10000,1022,9.76,73,358,5.27,91,0,10000
1023,8.84,81,360,1.54,100,0,10000,20,0,21,1,1022,7.57,82,357,3.66,38,0,10000,1022,7.57,82,357,3.66,38,0,10000,1022,7.57,82,357,3.66,38,0,10000,1022,7.57,82,357,3.66,38,0,10000,1022,7.57,82,357,3.66,38,0,10000,1022,7.57,82,357,3.66,38,0,10000,1022,7.57,82,357,3.66,38,0,10000,1022,7.57,82,357,3.66,38,0,10000,1022,7.57,82,357,3.66,38,0,10000,1022,7.57,82,357,3.66,38,0,10000,1022,7.57,82,357,3.66,38,0,10000,1022,7.57,82,357,3.66,38,0,10000
1023,8.84,81,360,1.54,100,0,10000,23,0,21,1,1022,8.6,78,39,2.73,65,0,10000,1022,8.6,78,39,2.73,65,0,10000,1022,8.6,78,39,2.73,65,0,10000,1022,8.6,78,39,2.73,65,0,10000,1022,8.6,78,39,2.73,65,0,10000,1022,8.6,78,39,2.73,65,0,10000,1022,8.6,78,39,2.73,65,0,10000,1022,8.6,78,39,2.73,65,0,10000,1022,8.6,78,39,2.73,65,0,10000,1022,8.6,78,39,2.73,65,0,10000,1022,8.6,78,39,2.73,65,0,10000,1022,8.6,78,39,2.73,65,0,10000
1023,8.84,81,360,1.54,100,0,10000,2,0,22,1,1020,6.37,81,220,0.97,62,0,10000,1020,6.37,81,220,0.97,62,0,10000,1020,6.37,81,220,0.97,62,0,10000,1020,6.37,81,220,0.97,62,0,10000,1020,6.37,81,220,0.97,62,0,10000,1020,6.37,81,220,0.97,62,0,10000,1020,6.37,81,220,0.97,62,0,10000,1020,6.37,81,220,0.97,62,0,10000,1020,6.37,81,220,0.97,62,0,10000,1020,6.37,81,220,0.97,62,0,10000,1020,6.37,81,220,0.97,62,0,10000,1020,6.37,81,220,0.97,62,0,10000
1023,8.84,81,360,1.54,100,0,10000,5,0,22,1,1019,8.02,79,249,1.53,82,0,10000,1019,8.02,79,249,1.53,82,0,10000,1019,8.02,79,249,1.53,82,0,10000,1019,8.02,79,249,1.53,82,0,10000,1019,8.02,79,249,1.53,82,0,10000,1019,8.02,79,249,1.53,82,0,10000,1019,8.02,79,249,1.53,82,0,10000,1019,8.02,79,249,1.53,82,0,10000,1019,8.02,79,249,1.53,82,0,10000,1019,8.02,79,249,1.53,82,0,10000,1019,8.02,79,249,1.53,82,0,10000,1019,8.02,79,249,1.53,82,0,10000
1023,8.84,81,360,1.54,100,0,10000,8,0,22,1,1023,8.84,81,7,3.29,100,0,10000,1023,8.84,81,7,3.29,100,0,10000,1023,8.84,81,7,3.29,100,0,10000,1023,8.84,81,7,3.29,100,0,10000,1023,8.84,81,7,3.29,100,0,10000,1023,8.84,81,7,3.29,100,0,10000,1023,8.84,81,7,3.29,100,0,10000,1023,8.84,81,7,3.29,100,0,10000,1023,8.84,81,7,3.29,100,0,10000,1023,8.84,81,7,3.29,100,0,10000,1023,8.84,81,7,3.29,100,0,10000,1023,8.84,81,7,3.29,100,0,10000
1023,8.84,81,360,1.54,100,0,10000,11,0,22,1,1023,9.21,79,353,4.86,99,0,10000,1023,9.21,79,353,4.86,99,0,10000,1023,9.21,79,353,4.86,99,0,10000,1023,9.21,79,353,4.86,99,0,10000,1023,9.21,79,353,4.86,99,0,10000,1023,9.21,79,353,4.86,99,0,10000,1023,9.21,79,353,4.86,99,0,10000,1023,9.21,79,353,4.86,99,0,10000,1023,9.21,79,353,4.86,99,0,10000,1023,9.21,79,353,4.86,99,0,10000,1023,9.21,79,353,4.86,99,0,10000,1023,9.21,79,353,4.86,99,0,10000
1023,8.84,81,360,1.54,100,0,10000,14,0,22,1,1022,9.79,71,358,6.09,99,0,10000,1022,9.79,71,358,6.09,99,0,10000,1022,9.79,71,358,6.09,99,0,10000,1022,9.79,71,358,6.09,99,0,10000,1022,9.79,71,358,6.09,99,0,10000,1022,9.79,71,358,6.09,99,0,10000,1022,9.79,71,358,6.09,99,0,10000,1022,9.79,71,358,6.09,99,0,10000,1022,9.79,71,358,6.09,99,0,10000,1022,9.79,71,358,6.09,99,0,10000,1022,9.79,71,358,6.09,99,0,10000,1022,9.79,71,358,6.09,99,0,10000
1023,8.84,81,360,1.54,100,0,10000,17,0,22,1,1022,9.76,73,358,5.27,91,0,10000,1022,9.76,73,358,5.27,91,0,10000,1022,9.76,73,358,5.27,91,0,10000,1022,9.76,73,358,5.27,91,0,10000,1022,9.76,73,358,5.27,91,0,10000,1022,9.76,73,358,5.27,91,0,10000,1022,9.76,73,358,5.27,91,0,10000,1022,9.76,73,358,5.27,91,0,10000,1022,9.76,73,358,5.27,91,0,10000,1022,9.76,73,358,5.27,91,0,10000,1022,9.76,73,358,5.27,91,0,10000,1022,9.76,73,358,5.27,91,0,10000
1023,8.84,81,360,1.54,100,0,10000,20,0,22,1,1022,7.57,82,357,3.66,38,0,10000,1022,7.57,82,357,3.66,38,0,10000,1022,7.57,82,357,3.66,38,0,10000,1022,7.57,82,357,3.66,38,0,10000,1022,7.57,82,357,3.66,38,0,10000,1022,7.57,82,357,3.66,38,0,10000,1022,7.57,82,357,3.66,38,0,10000,1022,7.57,82,357,3.66,38,0,10000,1022,7.57,82,357,3.66,38,0,10000,1022,7.57,82,357,3.66,38,0,10000,1022,7.57,82,357,3.66,38,0,10000,1022,7.57,82,357,3.66,38,0,10000
1023,8.84,81,360,1.54,100,0,10000,23,0,22,1,1022,8.6,78,39,2.73,65,0,10000,1022,8.6,78,39,2.73,65,0,10000,1022,8.6,78,39,2.73,65,0,10000,1022,8.6,78,39,2.73,65,0,10000,1022,8.6,78,39,2.73,65,0,10000,1022,8.6,78,39,2.73,65,0,10000,1022,8.6,78,39,2.73,65,0,10000,1022,8.6,78,39,2.73,65,0,10000,1022,8.6,78,39,2.73,65,0,10000,1022,8.6,78,39,2.73,65,0,10000,1022,8.6,78,39,2.73,65,0,10000,1022,8.6,78,39,2.73,65,0,10000
1023,8.84,81,360,1.54,100,0,10000,2,0,23,1,1020,6.37,81,220,0.97,62,0,10000,1020,6.37,81,220,0.97,62,0,10000,1020,6.37,81,220,0.97,62,0,10000,1020,6.37,81,220,0.97,62,0,10000,1020,6.37,81,220,0.97,62,0,10000,1020,6.37,81,220,0.97,62,0,10000,1020,6.37,81,220,0.97,62,0,10000,1020,6.37,81,220,0.97,62,0,10000,1020,6.37,81,220,0.97,62,0,10000,1020,6.37,81,220,0.97,62,0,10000,1020,6.37,81,220,0.97,62,0,10000,1020,6.37,81,220,0.97,62,0,10000
1023,8.84,81,360,1.54,100,0,10000,5,0,23,1,1019,8.02,79,249,1.53,82,0,10000,1019,8.02,79,249,1.53,82,0,10000,1019,8.02,79,249,1.53,82,0,10000,1019,8.02,79,249,1.53,82,0,10000,1019,8.02,79,249,1.53,82,0,10000,1019,8.02,79,249,1.53,82,0,10000,1019,8.02,79,249,1.53,82,0,10000,1019,8.02,79,249,1.53,82,0,10000,1019,8.02,79,249,1.53,82,0,10000,1019,8.02,79,249,1.53,82,0,10000,1019,8.02,79,249,1.53,82,0,10000,1019,8.02,79,249,1.53,82,0,10000
1023,8.84,81,360,1.54,100,0,10000,8,0,23,1,1023,8.84,81,7,3.29,100,0,10000,1023,8.84,81,7,3.29,100,0,10000,1023,8.84,81,7,3.29,100,0,10000,1023,8.84,81,7,3.29,100,0,10000,1023,8.84,81,7,3.29,100,0,10000,1023,8.84,81,7,3.29,100,0,10000,1023,8.84,81,7,3.29,100,0,10000,1023,8.84,81,7,3.29,100,0,10000,1023,8.84,81,7,3.29,100,0,10000,1023,8.84,81,7,3.29,100,0,10000,1023,8.84,81,7,3.29,100,0,10000,1023,8.84,81,7,3.29,100,0,10000
1023,8.84,81,360,1.54,100,0,10000,11,0,23,1,1023,9.21,79,353,4.86,99,0,10000,1023,9.21,79,353,4.86,99,0,10000,1023,9.21,79,353,4.86,99,0,10000,1023,9.21,79,353,4.86,99,0,10000,1023,9.21,79,353,4.86,99,0,10000,1023,9.21,79,353,4.86,99,0,10000,1023,9.21,79,353,4.86,99,0,10000,1023,9.21,79,353,4.86,99,0,10000,1023,9.21,79,353,4.86,99,0,10000,1023,9.21,79,353,4.86,99,0,10000,1023,9.21,79,353,4.86,99,0,10000,1023,9.21,79,353,4.86,99,0,10000
1023,8.84,81,360,1.54,100,0,10000,14,0,23,1,1022,9.79,71,358,6.09,99,0,10000,1022,9.79,71,358,6.09,99,0,10000,1022,9.79,71,358,6.09,99,0,10000,1022,9.79,71,358,6.09,99,0,10000,1022,9.79,71,358,6.09,99,0,10000,1022,9.79,71,358,6.09,99,0,10000,1022,9.79,71,358,6.09,99,0,10000,1022,9.79,71,358,6.09,99,0,10000,1022,9.79,71,358,6.09,99,0,10000,1022,9.79,71,358,6.09,99,0,10000,1022,9.79,71,358,6.09,99,0,10000,1022,9.79,71,358,6.09,99,0,10000
1023,8.84,81,360,1.54,100,0,10000,17,0,23,1,1022,9.76,73,358,5.27,91,0,10000,1022,9.76,73,358,5.27,91,0,10000,1022,9.76,73,358,5.27,91,0,10000,1022,9.76,73,358,5.27,91,0,10000,1022,9.76,73,358,5.27,91,0,10000,1022,9.76,73,358,5.27,91,0,10000,1022,9.76,73,358,5.27,91,0,10000,1022,9.76,73,358,5.27,91,0,10000,1022,9.76,73,358,5.27,91,0,10000,1022,9.76,73,358,5.27,91,0,10000,1022,9.76,73,358,5.27,91,0,10000,1022,9.76,73,358,5.27,91,0,10000
1023,8.84,81,360,1.54,100,0,10000,20,0,23,1,1022,7.57,82,357,3.66,38,0,10000,1022,7.57,82,357,3.66,38,0,10000,1022,7.57,82,357,3.66,38,0,10000,1022,7.57,82,357,3.66,38,0,10000,1022,7.57,82,357,3.66,38,0,10000,1022,7.57,82,357,3.66,38,0,10000,1022,7.57,82,357,3.66,38,0,10000,1022,7.57,82,357,3.66,38,0,10000,1022,7.57,82,357,3.66,38,0,10000,1022,7.57,82,357,3.66,38,0,10000,1022,7.57,82,357,3.66,38,0,10000,1022,7.57,82,357,3.66,38,0,10000
1023,8.84,81,360,1.54,100,0,10000,23,0,23,1,1022,8.6,78,39,2.73,65,0,10000,1022,8.6,78,39,2.73,65,0,10000,1022,8.6,78,39,2.73,65,0,10000,1022,8.6,78,39,2.73,65,0,10000,1022,8.6,78,39,2.73,65,0,10000,1022,8.6,78,39,2.73,65,0,10000,1022,8.6,78,39,2.73,65,0,10000,1022,8.6,78,39,2.73,65,0,10000,1022,8.6,78,39,2.73,65,0,10000,1022,8.6,78,39,2.73,65,0,10000,1022,8.6,78,39,2.73,65,0,10000,1022,8.6,78,39,2.73,65,0,10000
1023,8.84,81,360,1.54,100,0,10000,2,0,24,1,1020,6.37,81,220,0.97,62,0,10000,1020,6.37,81,220,0.97,62,0,10000,1020,6.37,81,220,0.97,62,0,10000,1020,6.37,81,220,0.97,62,0,10000,1020,6.37,81,220,0.97,62,0,10000,1020,6.37,81,220,0.97,62,0,10000,1020,6.37,81,220,0.97,62,0,10000,1020,6.37,81,220,0.97,62,0,10000,1020,6.37,81,220,0.97,62,0,10000,1020,6.37,81,220,0.97,62,0,10000,1020,6.37,81,220,0.97,62,0,10000,1020,6.37,81,220,0.97,62,0,10000
1023,8.84,81,360,1.54,100,0,10000,5,0,24,1,1019,8.02,79,249,1.53,82,0,10000,1019,8.02,79,249,1.53,82,0,10000,1019,8.02,79,249,1.53,82,0,10000,1019,8.02,79,249,1.53,82,0,10000,1019,8.02,79,249,1.53,82,0,10000,1019,8.02,79,249,1.53,82,0,10000,1019,8.02,79,249,1.53,82,0,10000,1019,8.02,79,249,1.53,82,0,10000,1019,8.02,79,249,1.53,82,0,10000,1019,8.02,79,249,1.53,82,0,10000,1019,8.02,79,249,1.53,82,0,10000,1019,8.02,79,249,1.53,82,0,10000
1023,8.84,81,360,1.54,100,0,10000,8,0,24,1,1023,8.84,81,7,3.29,100,0,10000,1023,8.84,81,7,3.29,100,0,10000,1023,8.84,81,7,3.29,100,0,10000,1023,8.84,81,7,3.29,100,0,10000,1023,8.84,81,7,3.29,100,0,10000,1023,8.84,81,7,3.29,100,0,10000,1023,8.84,81,7,3.29,100,0,10000,1023,8.84,81,7,3.29,100,0,10000,1023,8.84,81,7,3.29,100,0,10000,1023,8.84,81,7,3.29,100,0,10000,1023,8.84,81,7,3.29,100,0,10000,1023,8.84,81,7,3.29,100,0,10000
1023,8.84,81,360,1.54,100,0,10000,11,0,24,1,1023,9.21,79,353,4.86,99,0,10000,1023,9.21,79,353,4.86,99,0,10000,1023,9.21,79,353,4.86,99,0,10000,1023,9.21,79,353,4.86,99,0,10000,1023,9.21,79,353,4.86,99,0,10000,1023,9.21,79,353,4.86,99,0,10000,1023,9.21,79,353,4.86,99,0,10000,1023,9.21,79,353,4.86,99,0,10000,1023,9.21,79,353,4.86,99,0,10000,1023,9.21,79,353,4.86,99,0,10000,1023,9.21,79,353,4.86,99,0,10000,1023,9.21,79,353,4.86,99,0,10000
1023,8.84,81,360,1.54,100,0,10000,14,0,24,1,1022,9.79,71,358,6.09,99,0,10000,1022,9.79,71,358,6.09,99,0,10000,1022,9.79,71,358,6.09,99,0,10000,1022,9.79,71,358,6.09,99,0,10000,1022,9.79,71,358,6.09,99,0,10000,1022,9.79,71,358,6.09,99,0,10000,1022,9.79,71,358,6.09,99,0,10000,1022,9.79,71,358,6.09,99,0,10000,1022,9.79,71,358,6.09,99,0,10000,1022,9.79,71,358,6.09,99,0,10000,1022,9.79,71,358,6.09,99,0,10000,1022,9.79,71,358,6.09,99,0,10000
1023,8.84,81,360,1.54,100,0,10000,17,0,24,1,1022,9.76,73,358,5.27,91,0,10000,1022,9.76,73,358,5.27,91,0,10000,1022,9.76,73,358,5.27,91,0,10000,1022,9.76,73,358,5.27,91,0,10000,1022,9.76,73,358,5.27,91,0,10000,1022,9.76,73,358,5.27,91,0,10000,1022,9.76,73,358,5.27,91,0,10000,1022,9.76,73,358,5.27,91,0,10000,1022,9.76,73,358,5.27,91,0,10000,1022,9.76,73,358,5.27,91,0,10000,1022,9.76,73,358,5.27,91,0,10000,1022,9.76,73,358,5.27,91,0,10000
1023,8.84,81,360,1.54,100,0,10000,20,0,24,1,1022,7.57,82,357,3.66,38,0,10000,1022,7.57,82,357,3.66,38,0,10000,1022,7.57,82,357,3.66,38,0,10000,1022,7.57,82,357,3.66,38,0,10000,1022,7.57,82,357,3.66,38,0,10000,1022,7.57,82,357,3.66,38,0,10000,1022,7.57,82,357,3.66,38,0,10000,1022,7.57,82,357,3.66,38,0,10000,1022,7.57,82,357,3.66,38,0,10000,1022,7.57,82,357,3.66,38,0,10000,1022,7.57,82,357,3.66,38,0,10000,1022,7.57,82,357,3.66,38,0,10000
1023,8.84,81,360,1.54,100,0,10000,23,0,24,1,1022,8.6,78,39,2.73,65,0,10000,1022,8.6,78,39,2.73,65,0,10000,1022,8.6,78,39,2.73,65,0,10000,1022,8.6,78,39,2.73,65,0,10000,1022,8.6,78,39,2.73,65,0,10000,1022,8.6,78,39,2.73,65,0,10000,1022,8.6,78,39,2.73,65,0,10000,1022,8.6,78,39,2.73,65,0,10000,1022,8.6,78,39,2.73,65,0,10000,1022,8.6,78,39,2.73,65,0,10000,1022,8.6,78,39,2.73,65,0,10000,1022,8.6,78,39,2.73,65,0,10000
1023,8.84,81,360,1.54,100,0,10000,2,0,25,1,1020,6.37,81,220,0.97,62,0,10000,1020,6.37,81,220,0.97,62,0,10000,1020,6.37,81,220,0.97,62,0,10000,1020,6.37,81,220,0.97,62,0,10000,1020,6.37,81,220,0.97,62,0,10000,1020,6.37,81,220,0.97,62,0,10000,1020,6.37,81,220,0.97,62,0,10000,1020,6.37,81,220,0.97,62,0,10000,1020,6.37,81,220,0.97,62,0,10000,1020,6.37,81,220,0.97,62,0,10000,1020,6.37,81,220,0.97,62,0,10000,1020,6.37,81,220,0.97,62,0,10000
1023,8.84,81,360,1.54,100,0,10000,5,0,25,1,1019,8.02,79,249,1.53,82,0,10000,1019,8.02,79,249,1.53,82,0,10000,1019,8.02,79,249,1.53,82,0,10000,1019,8.02,79,249,1.53,82,0,10000,1019,8.02,79,249,1.53,82,0,10000,1019,8.02,79,249,1.53,82,0,10000,1019,8.02,79,249,1.53,82,0,10000,1019,8.02,79,249,1.53,82,0,10000,1019,8.02,79,249,1.53,82,0,10000,1019,8.02,79,249,1.53,82,0,10000,1019,8.02,79,249,1.53,82,0,10000,1019,8.02,79,249,1.53,82,0,10000
1023,8.84,81,360,1.54,100,0,10000,8,0,25,1,1023,8.84,81,7,3.29,100,0,10000,1023,8.84,81,7,3.29,100,0,10000,1023,8.84,81,7,3.29,100,0,10000,1023,8.84,81,7,3.29,100,0,10000,1023,8.84,81,7,3.29,100,0,10000,1023,8.84,81,7,3.29,100,0,10000,1023,8.84,81,7,3.29,100,0,10000,1023,8.84,81,7,3.29,100,0,10000,1023,8.84,81,7,3.29,100,0,10000,1023,8.84,81,7,3.29,100,0,10000,1023,8.84,81,7,3.29,100,0,10000,1023,8.84,81,7,3.29,100,0,10000
1023,8.84,81,360,1.54,100,0,10000,11,0,25,1,1023,9.21,79,353,4.86,99,0,10000,1023,9.21,79,353,4.86,99,0,10000,1023,9.21,79,353,4.86,99,0,10000,1023,9.21,79,353,4.86,99,0,10000,1023,9.21,79,353,4.86,99,0,10000,1023,9.21,79,353,4.86,99,0,10000,1023,9.21,79,353,4.86,99,0,10000,1023,9.21,79,353,4.86,99,0,10000,1023,9.21,79,353,4.86,99,0,10000,1023,9.21,79,353,4.86,99,0,10000,1023,9.21,79,353,4.86,99,0,10000,1023,9.21,79,353,4.86,99,0,10000
1023,8.84,81,360,1.54,100,0,10000,14,0,25,1,1022,9.79,71,358,6.09,99,0,10000,1022,9.79,71,358,6.09,99,0,10000,1022,9.79,71,358,6.09,99,0,10000,1022,9.79,71,358,6.09,99,0,10000,1022,9.79,71,358,6.09,99,0,10000,1022,9.79,71,358,6.09,99,0,10000,1022,9.79,71,358,6.09,99,0,10000,1022,9.79,71,358,6.09,99,0,10000,1022,9.79,71,358,6.09,99,0,10000,1022,9.79,71,358,6.09,99,0,10000,1022,9.79,71,358,6.09,99,0,10000,1022,9.79,71,358,6.09,99,0,10000
1023,8.84,81,360,1.54,100,0,10000,17,0,25,1,1022,9.76,73,358,5.27,91,0,10000,1022,9.76,73,358,5.27,91,0,10000,1022,9.76,73,358,5.27,91,0,10000,1022,9.76,73,358,5.27,91,0,10000,1022,9.76,73,358,5.27,91,0,10000,1022,9.76,73,358,5.27,91,0,10000,1022,9.76,73,358,5.27,91,0,10000,1022,9.76,73,358,5.27,91,0,10000,1022,9.76,73,358,5.27,91,0,10000,1022,9.76,73,358,5.27,91,0,10000,1022,9.76,73,358,5.27,91,0,10000,1022,9.76,73,358,5.27,91,0,10000
1023,8.84,81,360,1.54,100,0,10000,20,0,25,1,1022,7.57,82,357,3.66,38,0,10000,1022,7.57,82,357,3.66,38,0,10000,1022,7.57,82,357,3.66,38,0,10000,1022,7.57,82,357,3.66,38,0,10000,1022,7.57,82,357,3.66,38,0,10000,1022,7.57,82,357,3.66,38,0,10000,1022,7.57,82,357,3.66,38,0,10000,1022,7.57,82,357,3.66,38,0,10000,1022,7.57,82,357,3.66,38,0,10000,1022,7.57,82,357,3.66,38,0,10000,1022,7.57,82,357,3.66,38,0,10000,1022,7.57,82,357,3.66,38,0,10000
1023,8.84,81,360,1.54,100,0,10000,23,0,25,1,1022,8.6,78,39,2.73,65,0,10000,1022,8.6,78,39,2.73,65,0,10000,1022,8.6,78,39,2.73,65,0,10000,1022,8.6,78,39,2.73,65,0,10000,1022,8.6,78,39,2.73,65,0,10000,1022,8.6,78,39,2.73,65,0,10000,1022,8.6,78,39,2.73,65,0,10000,1022,8.6,78,39,2.73,65,0,10000,1022,8.6,78,39,2.73,65,0,10000,1022,8.6,78,39,2.73,65,0,10000,1022,8.6,78,39,2.73,65,0,10000,1022,8.6,78,39,2.73,65,0,10000
1023,8.84,81,360,1.54,100,0,10000,2,0,26,1,1020,6.37,81,220,0.97,62,0,10000,1020,6.37,81,220,0.97,62,0,10000,1020,6.37,81,220,0.97,62,0,10000,1020,6.37,81,220,0.97,62,0,10000,1020,6.37,81,220,0.97,62,0,10000,1020,6.37,81,220,0.97,62,0,10000,1020,6.37,81,220,0.97,62,0,10000,1020,6.37,81,220,0.97,62,0,10000,1020,6.37,81,220,0.97,62,0,10000,1020,6.37,81,220,0.97,62,0,10000,1020,6.37,81,220,0.97,62,0,10000,1020,6.37,81,220,0.97,62,0,10000
1023,8.84,81,360,1.54,100,0,10000,5,0,26,1,1019,8.02,79,249,1.53,82,0,10000,1019,8.02,79,249,1.53,82,0,10000,1019,8.02,79,249,1.53,82,0,10000,1019,8.02,79,249,1.53,82,0,10000,1019,8.02,79,249,1.53,82,0,10000,1019,8.02,79,249,1.53,82,0,10000,1019,8.02,79,249,1.53,82,0,10000,1019,8.02,79,249,1.53,82,0,10000,1019,8.02,79,249,1.53,82,0,10000,1019,8.02,79,249,1.53,82,0,10000,1019,8.02,79,249,1.53,82,0,10000,1019,8.02,79,249,1.53,82,0,10000
1023,8.84,81,360,1.54,100,0,10000,8,0,26,1,1023,8.84,81,7,3.29,100,0,10000,1023,8.84,81,7,3.29,100,0,10000,1023,8.84,81,7,3.29,100,0,10000,1023,8.84,81,7,3.29,100,0,10000,1023,8.84,81,7,3.29,100,0,10000,1023,8.84,81,7,3.29,100,0,10000,1023,8.84,81,7,3.29,100,0,10000,1023,8.84,81,7,3.29,100,0,10000,1023,8.84,81,7,3.29,100,0,10000,1023,8.84,81,7,3.29,100,0,10000,1023,8.84,81,7,3.29,100,0,10000,1023,8.84,81,7,3.29,100,0,10000
1023,8.84,81,360,1.54,100,0,10000,11,0,26,1,1023,9.21,79,353,4.86,99,0,10000,1023,9.21,79,353,4.86,99,0,10000,1023,9.21,79,353,4.86,99,0,10000,1023,9.21,79,353,4.86,99,0,10000,1023,9.21,79,353,4.86,99,0,10000,1023,9.21,79,353,4.86,99,0,10000,1023,9.21,79,353,4.86,99,0,10000,1023,9.21,79,353,4.86,99,0,10000,1023,9.21,79,353,4.86,99,0,10000,1023,9.21,79,353,4.86,99,0,10000,1023,9.21,79,353,4.86,99,0,10000,1023,9.21,79,353,4.86,99,0,10000
1023,8.84,81,360,1.54,100,0,10000,14,0,26,1,1022,9.79,71,358,6.09,99,0,10000,1022,9.79,71,358,6.09,99,0,10000,1022,9.79,71,358,6.09,99,0,10000,1022,9.79,71,358,6.09,99,0,10000,1022,9.79,71,358,6.09,99,0,10000,1022,9.79,71,358,6.09,99,0,10000,1022,9.79,71,358,6.09,99,0,10000,1022,9.79,71,358,6.09,99,0,10000,1022,9.79,71,358,6.09,99,0,10000,1022,9.79,71,358,6.09,99,0,10000,1022,9.79,71,358,6.09,99,0,10000,1022,9.79,71,358,6.09,99,0,10000
1023,8.84,81,360,1.54,100,0,10000,17,0,26,1,1022,9.76,73,358,5.27,91,0,10000,1022,9.76,73,358,5.27,91,0,10000,1022,9.76,73,358,5.27,91,0,10000,1022,9.76,73,358,5.27,91,0,10000,1022,9.76,73,358,5.27,91,0,10000,1022,9.76,73,358,5.27,91,0,10000,1022,9.76,73,358,5.27,91,0,10000,1022,9.76,73,358,5.27,91,0,10000,1022,9.76,73,358,5.27,91,0,10000,1022,9.76,73,358,5.27,91,0,10000,1022,9.76,73,358,5.27,91,0,10000,1022,9.76,73,358,5.27,91,0,10000
1023,8.84,81,360,1.54,100,0,10000,20,0,26,1,1022,7.57,82,357,3.66,38,0,10000,1022,7.57,82,357,3.66,38,0,10000,1022,7.57,82,357,3.66,38,0,10000,1022,7.57,82,357,3.66,38,0,10000,1022,7.57,82,357,3.66,38,0,10000,1022,7.57,82,357,3.66,38,0,10000,1022,7.57,82,357,3.66,38,0,10000,1022,7.57,82,357,3.66,38,0,10000,1022,7.57,82,357,3.66,38,0,10000,1022,7.57,82,357,3.66,38,0,10000,1022,7.57,82,357,3.66,38,0,10000,1022,7.57,82,357,3.66,38,0,10000
1023,8.84,81,360,1.54,100,0,10000,23,0,26,1,1022,8.6,78,39,2.73,65,0,10000,1022,8.6,78,39,2.73,65,0,10000,1022,8.6,78,39,2.73,65,0,10000,1022,8.6,78,39,2.73,65,0,10000,1022,8.6,78,39,2.73,65,0,10000,1022,8.6,78,39,2.73,65,0,10000,1022,8.6,78,39,2.73,65,0,10000,1022,8.6,78,39,2.73,65,0,10000,1022,8.6,78,39,2.73,65,0,10000,1022,8.6,78,39,2.73,65,0,10000,1022,8.6,78,39,2.73,65,0,10000,1022,8.6,78,39,2.73,65,0,10000
1023,8.84,81,360,1.54,100,0,10000,2,0,27,1,1020,6.37,81,220,0.97,62,0,10000,1020,6.37,81,220,0.97,62,0,10000,1020,6.37,81,220,0.97,62,0,10000,1020,6.37,81,220,0.97,62,0,10000,1020,6.37,81,220,0.97,62,0,10000,1020,6.37,81,220,0.97,62,0,10000,1020,6.37,81,220,0.97,62,0,10000,1020,6.37,81,220,0.97,62,0,10000,1020,6.37,81,220,0.97,62,0,10000,1020,6.37,81,220,0.97,62,0,10000,1020,6.37,81,220,0.97,62,0,10000,1020,6.37,81,220,0.97,62,0,10000
1023,8.84,81,360,1.54,100,0,10000,5,0,27,1,1019,8.02,79,249,1.53,82,0,10000,1019,8.02,79,249,1.53,82,0,10000,1019,8.02,79,249,1.53,82,0,10000,1019,8.02,79,249,1.53,82,0,10000,1019,8.02,79,249,1.53,82,0,10000,1019,8.02,79,249,1.53,82,0,10000,1019,8.02,79,249,1.53,82,0,10000,1019,8.02,79,249,1.53,82,0,10000,1019,8.02,79,249,1.53,82,0,10000,1019,8.02,79,249,1.53,82,0,10000,1019,8.02,79,249,1.53,82,0,10000,1019,8.02,79,249,1.53,82,0,10000
1023,8.84,81,360,1.54,100,0,10000,8,0,27,1,1023,8.84,81,7,3.29,100,0,10000,1023,8.84,81,7,3.29,100,0,10000,1023,8.84,81,7,3.29,100,0,10000,1023,8.84,81,7,3.29,100,0,10000,1023,8.84,81,7,3.29,100,0,10000,1023,8.84,81,7,3.29,100,0,10000,1023,8.84,81,7,3.29,100,0,10000,1023,8.84,81,7,3.29,100,0,10000,1023,8.84,81,7,3.29,100,0,10000,1023,8.84,81,7,3.29,100,0,10000,1023,8.84,81,7,3.29,100,0,10000,1023,8.84,81,7,3.29,100,0,10000
1023,8.84,81,360,1.54,100,0,10000,11,0,27,1,1023,9.21,79,353,4.86,99,0,10000,1023,9.21,79,353,4.86,99,0,10000,1023,9.21,79,353,4.86,99,0,10000,1023,9.21,79,353,4.86,99,0,10000,1023,9.21,79,353,4.86,99,0,10000,1023,9.21,79,353,4.86,99,0,10000,1023,9.21,79,353,4.86,99,0,10000,1023,9.21,79,353,4.86,99,0,10000,1023,9.21,79,353,4.86,99,0,10000,1023,9.21,79,353,4.86,99,0,10000,1023,9.21,79,353,4.86,99,0,10000,1023,9.21,79,353,4.86,99,0,10000
1023,8.84,81,360,1.54,100,0,10000,14,0,27,1,1022,9.79,71,358,6.09,99,0,10000,1022,9.79,71,358,6.09,99,0,10000,1022,9.79,71,358,6.09,99,0,10000,1022,9.79,71,358,6.09,99,0,10000,1022,9.79,71,358,6.09,99,0,10000,1022,9.79,71,358,6.09,99,0,10000,1022,9.79,71,358,6.09,99,0,10000,1022,9.79,71,358,6.09,99,0,10000,1022,9.79,71,358,6.09,99,0,10000,1022,9.79,71,358,6.09,99,0,10000,1022,9.79,71,358,6.09,99,0,10000,1022,9.79,71,358,6.09,99,0,10000
1023,8.84,81,360,1.54,100,0,10000,17,0,27,1,1022,9.76,73,358,5.27,91,0,10000,1022,9.76,73,358,5.27,91,0,10000,1022,9.76,73,358,5.27,91,0,10000,1022,9.76,73,358,5.27,91,0,10000,1022,9.76,73,358,5.27,91,0,10000,1022,9.76,73,358,5.27,91,0,10000,1022,9.76,73,358,5.27,91,0,10000,1022,9.76,73,358,5.27,91,0,10000,1022,9.76,73,358,5.27,91,0,10000,1022,9.76,73,358,5.27,91,0,10000,1022,9.76,73,358,5.27,91,0,10000,1022,9.76,73,358,5.27,91,0,10000
1023,8.84,81,360,1.54,100,0,10000,20,0,27,1,1022,7.57,82,357,3.66,38,0,10000,1022,7.57,82,357,3.66,38,0,10000,1022,7.57,82,357,3.66,38,0,10000,1022,7.57,82,357,3.66,38,0,10000,1022,7.57,82,357,3.66,38,0,10000,1022,7.57,82,357,3.66,38,0,10000,1022,7.57,82,357,3.66,38,0,10000,1022,7.57,82,357,3.66,38,0,10000,1022,7.57,82,357,3.66,38,0,10000,1022,7.57,82,357,3.66,38,0,10000,1022,7.57,82,357,3.66,38,0,10000,1022,7.57,82,357,3.66,38,0,10000
1023,8.84,81,360,1.54,100,0,10000,23,0,27,1,1022,8.6,78,39,2.73,65,0,10000,1022,8.6,78,39,2.73,65,0,10000,1022,8.6,78,39,2.73,65,0,10000,1022,8.6,78,39,2.73,65,0,10000,1022,8.6,78,39,2.73,65,0,10000,1022,8.6,78,39,2.73,65,0,10000,1022,8.6,78,39,2.73,65,0,10000,1022,8.6,78,39,2.73,65,0,10000,1022,8.6,78,39,2.73,65,0,10000,1022,8.6,78,39,2.73,65,0,10000,1022,8.6,78,39,2.73,65,0,10000,1022,8.6,78,39,2.73,65,0,10000
1023,8.84,81,360,1.54,100,0,10000,2,0,28,1,1020,6.37,81,220,0.97,62,0,10000,1020,6.37,81,220,0.97,62,0,10000,1020,6.37,81,220,0.97,62,0,10000,1020,6.37,81,220,0.97,62,0,10000,1020,6.37,81,220,0.97,62,0,10000,1020,6.37,81,220,0.97,62,0,10000,1020,6.37,81,220,0.97,62,0,10000,1020,6.37,81,220,0.97,62,0,10000,1020,6.37,81,220,0.97,62,0,10000,1020,6.37,81,220,0.97,62,0,10000,1020,6.37,81,220,0.97,62,0,10000,1020,6.37,81,220,0.97,62,0,10000
1023,8.84,81,360,1.54,100,0,10000,5,0,28,1,1019,8.02,79,249,1.53,82,0,10000,1019,8.02,79,249,1.53,82,0,10000,1019,8.02,79,249,1.53,82,0,10000,1019,8.02,79,249,1.53,82,0,10000,1019,8.02,79,249,1.53,82,0,10000,1019,8.02,79,249,1.53,82,0,10000,1019,8.02,79,249,1.53,82,0,10000,1019,8.02,79,249,1.53,82,0,10000,1019,8.02,79,249,1.53,82,0,10000,1019,8.02,79,249,1.53,82,0,10000,1019,8.02,79,249,1.53,82,0,10000,1019,8.02,79,249,1.53,82,0,10000
1023,8.84,81,360,1.54,100,0,10000,8,0,28,1,1023,8.84,81,7,3.29,100,0,10000,1023,8.84,81,7,3.29,100,0,10000,1023,8.84,81,7,3.29,100,0,10000,1023,8.84,81,7,3.29,100,0,10000,1023,8.84,81,7,3.29,100,0,10000,1023,8.84,81,7,3.29,100,0,10000,1023,8.84,81,7,3.29,100,0,10000,1023,8.84,81,7,3.29,100,0,10000,1023,8.84,81,7,3.29,100,0,10000,1023,8.84,81,7,3.29,100,0,10000,1023,8.84,81,7,3.29,100,0,10000,1023,8.84,81,7,3.29,100,0,10000
1023,8.84,81,360,1.54,100,0,10000,11,0,28,1,1023,9.21,79,353,4.86,99,0,10000,1023,9.21,79,353,4.86,99,0,10000,1023,9.21,79,353,4.86,99,0,10000,1023,9.21,79,353,4.86,99,0,10000,1023,9.21,79,353,4.86,99,0,10000,1023,9.21,79,353,4.86,99,0,10000,1023,9.21,79,353,4.86,99,0,10000,1023,9.21,79,353,4.86,99,0,10000,1023,9.21,79,353,4.86,99,0,10000,1023,9.21,79,353,4.86,99,0,10000,1023,9.21,79,353,4.86,99,0,10000,1023,9.21,79,353,4.86,99,0,10000
1023,8.84,81,360,1.54,100,0,10000,14,0,28,1,1022,9.79,71,358,6.09,99,0,10000,1022,9.79,71,358,6.09,99,0,10000,1022,9.79,71,358,6.09,99,0,10000,1022,9.79,71,358,6.09,99,0,10000,1022,9.79,71,358,6.09,99,0,10000,1022,9.79,71,358,6.09,99,0,10000,1022,9.79,71,358,6.09,99,0,10000,1022,9.79,71,358,6.09,99,0,10000,1022,9.79,71,358,6.09,99,0,10000,1022,9.79,71,358,6.09,99,0,10000,1022,9.79,71,358,6.09,99,0,10000,1022,9.79,71,358,6.09,99,0,10000
1023,8.84,81,360,1.54,100,0,10000,17,0,28,1,1022,9.76,73,358,5.27,91,0,10000,1022,9.76,73,358,5.27,91,0,10000,1022,9.76,73,358,5.27,91,0,10000,1022,9.76,73,358,5.27,91,0,10000,1022,9.76,73,358,5.27,91,0,10000,1022,9.76,73,358,5.27,91,0,10000,1022,9.76,73,358,5.27,91,0,10000,1022,9.76,73,358,5.27,91,0,10000,1022,9.76,73,358,5.27,91,0,10000,1022,9.76,73,358,5.27,91,0,10000,1022,9.76,73,358,5.27,91,0,10000,1022,9.76,73,358,5.27,91,0,10000
1023,8.84,81,360,1.54,100,0,10000,20,0,28,1,1022,7.57,82,357,3.66,38,0,10000,1022,7.57,82,357,3.66,38,0,10000,1022,7.57,82,357,3.66,38,0,10000,1022,7.57,82,357,3.66,38,0,10000,1022,7.57,82,357,3.66,38,0,10000,1022,7.57,82,357,3.66,38,0,10000,1022,7.57,82,357,3.66,38,0,10000,1022,7.57,82,357,3.66,38,0,10000,1022,7.57,82,357,3.66,38,0,10000,1022,7.57,82,357,3.66,38,0,10000,1022,7.57,82,357,3.66,38,0,10000,1022,7.57,82,357,3.66,38,0,10000
1023,8.84,81,360,1.54,100,0,10000,23,0,28,1,1022,8.6,78,39,2.73,65,0,10000,1022,8.6,78,39,2.73,65,0,10000,1022,8.6,78,39,2.73,65,0,10000,1022,8.6,78,39,2.73,65,0,10000,1022,8.6,78,39,2.73,65,0,10000,1022,8.6,78,39,2.73,65,0,10000,1022,8.6,78,39,2.73,65,0,10000,1022,8.6,78,39,2.73,65,0,10000,1022,8.6,78,39,2.73,65,0,10000,1022,8.6,78,39,2.73,65,0,10000,1022,8.6,78,39,2.73,65,0,10000,1022,8.6,78,39,2.73,65,0,10000
1023,8.84,81,360,1.54,100,0,10000,2,0,29,1,1020,6.37,81,220,0.97,62,0,10000,1020,6.37,81,220,0.97,62,0,10000,1020,6.37,81,220,0.97,62,0,10000,1020,6.37,81,220,0.97,62,0,10000,1020,6.37,81,220,0.97,62,0,10000,1020,6.37,81,220,0.97,62,0,10000,1020,6.37,81,220,0.97,62,0,10000,1020,6.37,81,220,0.97,62,0,10000,1020,6.37,81,220,0.97,62,0,10000,1020,6.37,81,220,0.97,62,0,10000,1020,6.37,81,220,0.97,62,0,10000,1020,6.37,81,220,0.97,62,0,10000
1023,8.84,81,360,1.54,100,0,10000,5,0,29,1,1019,8.02,79,249,1.53,82,0,10000,1019,8.02,79,249,1.53,82,0,10000,1019,8.02,79,249,1.53,82,0,10000,1019,8.02,79,249,1.53,82,0,10000,1019,8.02,79,249,1.53,82,0,10000,1019,8.02,79,249,1.53,82,0,10000,1019,8.02,79,249,1.53,82,0,10000,1019,8.02,79,249,1.53,82,0,10000,1019,8.02,79,249,1.53,82,0,10000,1019,8.02,79,249,1.53,82,0,10000,1019,8.02,79,249,1.53,82,0,10000,1019,8.02,79,249,1.53,82,0,10000
1023,8.84,81,360,1.54,100,0,10000,8,0,29,1,1023,8.84,81,7,3.29,100,0,10000,1023,8.84,81,7,3.29,100,0,10000,1023,8.84,81,7,3.29,100,0,10000,1023,8.84,81,7,3.29,100,0,10000,1023,8.84,81,7,3.29,100,0,10000,1023,8.84,81,7,3.29,100,0,10000,1023,8.84,81,7,3.29,100,0,10000,1023,8.84,81,7,3.29,100,0,10000,1023,8.84,81,7,3.29,100,0,10000,1023,8.84,81,7,3.29,100,0,10000,1023,8.84,81,7,3.29,100,0,10000,1023,8.84,81,7,3.29,100,0,10000
1023,8.84,81,360,1.54,100,0,10000,11,0,29,1,1023,9.21,79,353,4.86,99,0,10000,1023,9.21,79,353,4.86,99,0,10000,1023,9.21,79,353,4.86,99,0,10000,1023,9.21,79,353,4.86,99,0,10000,1023,9.21,79,353,4.86,99,0,10000,1023,9.21,79,353,4.86,99,0,10000,1023,9.21,79,353,4.86,99,0,10000,1023,9.21,79,353,4.86,99,0,10000,1023,9.21,79,353,4.86,99,0,10000,1023,9.21,79,353,4.86,99,0,10000,1023,9.21,79,353,4.86,99,0,10000,1023,9.21,79,353,4.86,99,0,10000
1023,8.84,81,360,1.54,100,0,10000,14,0,29,1,1022,9.79,71,358,6.09,99,0,10000,1022,9.79,71,358,6.09,99,0,10000,1022,9.79,71,358,6.09,99,0,10000,1022,9.79,71,358,6.09,99,0,10000,1022,9.79,71,358,6.09,99,0,10000,1022,9.79,71,358,6.09,99,0,10000,1022,9.79,71,358,6.09,99,0,10000,1022,9.79,71,358,6.09,99,0,10000,1022,9.79,71,358,6.09,99,0,10000,1022,9.79,71,358,6.09,99,0,10000,1022,9.79,71,358,6.09,99,0,10000,1022,9.79,71,358,6.09,99,0,10000
1023,8.84,81,360,1.54,100,0,10000,17,0,29,1,1022,9.76,73,358,5.27,91,0,10000,1022,9.76,73,358,5.27,91,0,10000,1022,9.76,73,358,5.27,91,0,10000,1022,9.76,73,358,5.27,91,0,10000,1022,9.76,73,358,5.27,91,0,10000,1022,9.76,73,358,5.27,91,0,10000,1022,9.76,73,358,5.27,91,0,10000,1022,9.76,73,358,5.27,91,0,10000,1022,9.76,73,358,5.27,91,0,10000,1022,9.76,73,358,5.27,91,0,10000,1022,9.76,73,358,5.27,91,0,10000,1022,9.76,73,358,5.27,91,0,10000
1023,8.84,81,360,1.54,100,0,10000,20,0,29,1,1022,7.57,82,357,3.66,38,0,10000,1022,7.57,82,357,3.66,38,0,10000,1022,7.57,82,357,3.66,38,0,10000,1022,7.57,82,357,3.66,38,0,10000,1022,7.57,82,357,3.66,38,0,10000,1022,7.57,82,357,3.66,38,0,10000,1022,7.57,82,357,3.66,38,0,10000,1022,7.57,82,357,3.66,38,0,10000,1022,7.57,82,357,3.66,38,0,10000,1022,7.57,82,357,3.66,38,0,10000,1022,7.57,82,357,3.66,38,0,10000,1022,7.57,82,357,3.66,38,0,10000
1023,8.84,81,360,1.54,100,0,10000,23,0,29,1,1022,8.6,78,39,2.73,65,0,10000,1022,8.6,78,39,2.73,65,0,10000,1022,8.6,78,39,2.73,65,0,10000,1022,8.6,78,39,2.73,65,0,10000,1022,8.6,78,39,2.73,65,0,10000,1022,8.6,78,39,2.73,65,0,10000,1022,8.6,78,39,2.73,65,0,10000,1022,8.6,78,39,2.73,65,0,10000,1022,8.6,78,39,2.73,65,0,10000,1022,8.6,78,39,2.73,65,0,10000,1022,8.6,78,39,2.73,65,0,10000,1022,8.6,78,39,2.73,65,0,10000
1023,8.84,81,360,1.54,100,0,10000,2,0,30,1,1020,6.37,81,220,0.97,62,0,10000,1020,6.37,81,220,0.97,62,0,10000,1020,6.37,81,220,0.97,62,0,10000,1020,6.37,81,220,0.97,62,0,10000,1020,6.37,81,220,0.97,62,0,10000,1020,6.37,81,220,0.97,62,0,10000,1020,6.37,81,220,0.97,62,0,10000,1020,6.37,81,220,0.97,62,0,10000,1020,6.37,81,220,0.97,62,0,10000,1020,6.37,81,220,0.97,62,0,10000,1020,6.37,81,220,0.97,62,0,10000,1020,6.37,81,220,0.97,62,0,10000
1023,8.84,81,360,1.54,100,0,10000,5,0,30,1,1019,8.02,79,249,1.53,82,0,10000,1019,8.02,79,249,1.53,82,0,10000,1019,8.02,79,249,1.53,82,0,10000,1019,8.02,79,249,1.53,82,0,10000,1019,8.02,79,249,1.53,82,0,10000,1019,8.02,79,249,1.53,82,0,10000,1019,8.02,79,249,1.53,82,0,10000,1019,8.02,79,249,1.53,82,0,10000,1019,8.02,79,249,1.53,82,0,10000,1019,8.02,79,249,1.53,82,0,10000,1019,8.02,79,249,1.53,82,0,10000,1019,8.02,79,249,1.53,82,0,10000
1023,8.84,81,360,1.54,100,0,10000,8,0,30,1,1023,8.84,81,7,3.29,100,0,10000,1023,8.84,81,7,3.29,100,0,10000,1023,8.84,81,7,3.29,100,0,10000,1023,8.84,81,7,3.29,100,0,10000,1023,8.84,81,7,3.29,100,0,10000,1023,8.84,81,7,3.29,100,0,10000,1023,8.84,81,7,3.29,100,0,10000,1023,8.84,81,7,3.29,100,0,10000,1023,8.84,81,7,3.29,100,0,10000,1023,8.84,81,7,3.29,100,0,10000,1023,8.84,81,7,3.29,100,0,10000,1023,8.84,81,7,3.29,100,0,10000
1023,8.84,81,360,1.54,100,0,10000,11,0,30,1,1023,9.21,79,353,4.86,99,0,10000,1023,9.21,79,353,4.86,99,0,10000,1023,9.21,79,353,4.86,99,0,10000,1023,9.21,79,353,4.86,99,0,10000,1023,9.21,79,353,4.86,99,0,10000,1023,9.21,79,353,4.86,99,0,10000,1023,9.21,79,353,4.86,99,0,10000,1023,9.21,79,353,4.86,99,0,10000,1023,9.21,79,353,4.86,99,0,10000,1023,9.21,79,353,4.86,99,0,10000,1023,9.21,79,353,4.86,99,0,10000,1023,9.21,79,353,4.86,99,0,10000
1023,8.84,81,360,1.54,100,0,10000,14,0,30,1,1022,9.79,71,358,6.09,99,0,10000,1022,9.79,71,358,6.09,99,0,10000,1022,9.79,71,358,6.09,99,0,10000,1022,9.79,71,358,6.09,99,0,10000,1022,9.79,71,358,6.09,99,0,10000,1022,9.79,71,358,6.09,99,0,10000,1022,9.79,71,358,6.09,99,0,10000,1022,9.79,71,358,6.09,99,0,10000,1022,9.79,71,358,6.09,99,0,10000,1022,9.79,71,358,6.09,99,0,10000,1022,9.79,71,358,6.09,99,0,10000,1022,9.79,71,358,6.09,99,0,10000
1023,8.84,81,360,1.54,100,0,10000,17,0,30,1,1022,9.76,73,358,5.27,91,0,10000,1022,9.76,73,358,5.27,91,0,10000,1022,9.76,73,358,5.27,91,0,10000,1022,9.76,73,358,5.27,91,0,10000,1022,9.76,73,358,5.27,91,0,10000,1022,9.76,73,358,5.27,91,0,10000,1022,9.76,73,358,5.27,91,0,10000,1022,9.76,73,358,5.27,91,0,10000,1022,9.76,73,358,5.27,91,0,10000,1022,9.76,73,358,5.27,91,0,10000,1022,9.76,73,358,5.27,91,0,10000,1022,9.76,73,358,5.27,91,0,10000
1023,8.84,81,360,1.54,100,0,10000,20,0,30,1,1022,7.57,82,357,3.66,38,0,10000,1022,7.57,82,357,3.66,38,0,10000,1022,7.57,82,357,3.66,38,0,10000,1022,7.57,82,357,3.66,38,0,10000,1022,7.57,82,357,3.66,38,0,10000,1022,7.57,82,357,3.66,38,0,10000,1022,7.57,82,357,3.66,38,0,10000,1022,7.57,82,357,3.66,38,0,10000,1022,7.57,82,357,3.66,38,0,10000,1022,7.57,82,357,3.66,38,0,10000,1022,7.57,82,357,3.66,38,0,10000,1022,7.57,82,357,3.66,38,0,10000
1023,8.84,81,360,1.54,100,0,10000,23,0,30,1,1022,8.6,78,39,2.73,65,0,10000,1022,8.6,78,39,2.73,65,0,10000,1022,8.6,78,39,2.73,65,0,10000,1022,8.6,78,39,2.73,65,0,10000,1022,8.6,78,39,2.73,65,0,10000,1022,8.6,78,39,2.73,65,0,10000,1022,8.6,78,39,2.73,65,0,10000,1022,8.6,78,39,2.73,65,0,10000,1022,8.6,78,39,2.73,65,0,10000,1022,8.6,78,39,2.73,65,0,10000,1022,8.6,78,39,2.73,65,0,10000,1022,8.6,78,39,2.73,65,0,10000
1023,8.84,81,360,1.54,100,0,10000,2,0,31,1,1020,6.37,81,220,0.97,62,0,10000,1020,6.37,81,220,0.97,62,0,10000,1020,6.37,81,220,0.97,62,0,10000,1020,6.37,81,220,0.97,62,0,10000,1020,6.37,81,220,0.97,62,0,10000,1020,6.37,81,220,0.97,62,0,10000,1020,6.37,81,220,0.97,62,0,10000,1020,6.37,81,220,0.97,62,0,10000,1020,6.37,81,220,0.97,62,0,10000,1020,6.37,81,220,0.97,62,0,10000,1020,6.37,81,220,0.97,62,0,10000,1020,6.37,81,220,0.97,62,0,10000
1023,8.84,81,360,1.54,100,0,10000,5,0,31,1,1019,8.02,79,249,1.53,82,0,10000,1019,8.02,79,249,1.53,82,0,10000,1019,8.02,79,249,1.53,82,0,10000,1019,8.02,79,249,1.53,82,0,10000,1019,8.02,79,249,1.53,82,0,10000,1019,8.02,79,249,1.53,82,0,10000,1019,8.02,79,249,1.53,82,0,10000,1019,8.02,79,249,1.53,82,0,10000,1019,8.02,79,249,1.53,82,0,10000,1019,8.02,79,249,1.53,82,0,10000,1019,8.02,79,249,1.53,82,0,10000,1019,8.02,79,249,1.53,82,0,10000
1023,8.84,81,360,1.54,100,0,10000,8,0,31,1,1023,8.84,81,7,3.29,100,0,10000,1023,8.84,81,7,3.29,100,0,10000,1023,8.84,81,7,3.29,100,0,10000,1023,8.84,81,7,3.29,100,0,10000,1023,8.84,81,7,3.29,100,0,10000,1023,8.84,81,7,3.29,100,0,10000,1023,8.84,81,7,3.29,100,0,10000,1023,8.84,81,7,3.29,100,0,10000,1023,8.84,81,7,3.29,100,0,10000,1023,8.84,81,7,3.29,100,0,10000,1023,8.84,81,7,3.29,100,0,10000,1023,8.84,81,7,3.29,100,0,10000
1023,8.84,81,360,1.54,100,0,10000,11,0,31,1,1023,9.21,79,353,4.86,99,0,10000,1023,9.21,79,353,4.86,99,0,10000,1023,9.21,79,353,4.86,99,0,10000,1023,9.21,79,353,4.86,99,0,10000,1023,9.21,79,353,4.86,99,0,10000,1023,9.21,79,353,4.86,99,0,10000,1023,9.21,79,353,4.86,99,0,10000,1023,9.21,79,353,4.86,99,0,10000,1023,9.21,79,353,4.86,99,0,10000,1023,9.21,79,353,4.86,99,0,10000,1023,9.21,79,353,4.86,99,0,10000,1023,9.21,79,353,4.86,99,0,10000
1023,8.84,81,360,1.54,100,0,10000,14,0,31,1,1022,9.79,71,358,6.09,99,0,10000,1022,9.79,71,358,6.09,99,0,10000,1022,9.79,71,358,6.09,99,0,10000,1022,9.79,71,358,6.09,99,0,10000,1022,9.79,71,358,6.09,99,0,10000,1022,9.79,71,358,6.09,99,0,10000,1022,9.79,71,358,6.09,99,0,10000,1022,9.79,71,358,6.09,99,0,10000,1022,9.79,71,358,6.09,99,0,10000,1022,9.79,71,358,6.09,99,0,10000,1022,9.79,71,358,6.09,99,0,10000,1022,9.79,71,358,6.09,99,0,10000
1023,8.84,81,360,1.54,100,0,10000,17,0,31,1,1022,9.76,73,358,5.27,91,0,10000,1022,9.76,73,358,5.27,91,0,10000,1022,9.76,73,358,5.27,91,0,10000,1022,9.76,73,358,5.27,91,0,10000,1022,9.76,73,358,5.27,91,0,10000,1022,9.76,73,358,5.27,91,0,10000,1022,9.76,73,358,5.27,91,0,10000,1022,9.76,73,358,5.27,91,0,10000,1022,9.76,73,358,5.27,91,0,10000,1022,9.76,73,358,5.27,91,0,10000,1022,9.76,73,358,5.27,91,0,10000,1022,9.76,73,358,5.27,91,0,10000
1023,8.84,81,360,1.54,100,0,10000,20,0,31,1,1022,7.57,82,357,3.66,38,0,10000,1022,7.57,82,357,3.66,38,0,10000,1022,7.57,82,357,3.66,38,0,10000,1022,7.57,82,357,3.66,38,0,10000,1022,7.57,82,357,3.66,38,0,10000,1022,7.57,82,357,3.66,38,0,10000,1022,7.57,82,357,3.66,38,0,10000,1022,7.57,82,357,3.66,38,0,10000,1022,7.57,82,357,3.66,38,0,10000,1022,7.57,82,357,3.66,38,0,10000,1022,7.57,82,357,3.66,38,0,10000,1022,7.57,82,357,3.66,38,0,10000
1023,8.84,81,360,1.54,100,0,10000,23,0,31,1,1022,8.6,78,39,2.73,65,0,10000,1022,8.6,78,39,2.73,65,0,10000,1022,8.6,78,39,2.73,65,0,10000,1022,8.6,78,39,2.73,65,0,10000,1022,8.6,78,39,2.73,65,0,10000,1022,8.6,78,39,2.73,65,0,10000,1022,8.6,78,39,2.73,65,0,10000,1022,8.6,78,39,2.73,65,0,10000,1022,8.6,78,39,2.73,65,0,10000,1022,8.6,78,39,2.73,65,0,10000,1022,8.6,78,39,2.73,65,0,10000,1022,8.6,78,39,2.73,65,0,10000
1023,8.84,81,360,1.54,100,0,10000,2,0,1,2,1020,6.37,81,220,0.97,62,0,10000,1020,6.37,81,220,0.97,62,0,10000,1020,6.37,81,220,0.97,62,0,10000,1020,6.37,81,220,0.97,62,0,10000,1020,6.37,81,220,0.97,62,0,10000,1020,6.37,81,220,0.97,62,0,10000,1020,6.37,81,220,0.97,62,0,10000,1020,6.37,81,220,0.97,62,0,10000,1020,6.37,81,220,0.97,62,0,10000,1020,6.37,81,220,0.97,62,0,10000,1020,6.37,81,220,0.97,62,0,10000,1020,6.37,81,220,0.97,62,0,10000
1023,8.84,81,360,1.54,100,0,10000,5,0,1,2,1019,8.02,79,249,1.53,82,0,10000,1019,8.02,79,249,1.53,82,0,10000,1019,8.02,79,249,1.53,82,0,10000,1019,8.02,79,249,1.53,82,0,10000,1019,8.02,79,249,1.53,82,0,10000,1019,8.02,79,249,1.53,82,0,10000,1019,8.02,79,249,1.53,82,0,10000,1019,8.02,79,249,1.53,82,0,10000,1019,8.02,79,249,1.53,82,0,10000,1019,8.02,79,249,1.53,82,0,10000,1019,8.02,79,249,1.53,82,0,10000,1019,8.02,79,249,1.53,82,0,10000
1023,8.84,81,360,1.54,100,0,10000,8,0,1,2,1023,8.84,81,7,3.29,100,0,10000,1023,8.84,81,7,3.29,100,0,10000,1023,8.84,81,7,3.29,100,0,10000,1023,8.84,81,7,3.29,100,0,10000,1023,8.84,81,7,3.29,100,0,10000,1023,8.84,81,7,3.29,100,0,10000,1023,8.84,81,7,3.29,100,0,10000,1023,8.84,81,7,3.29,100,0,10000,1023,8.84,81,7,3.29,100,0,10000,1023,8.84,81,7,3.29,100,0,10000,1023,8.84,81,7,3.29,100,0,10000,1023,8.84,81,7,3.29,100,0,10000
1023,8.84,81,360,1.54,100,0,10000,11,0,1,2,1023,9.21,79,353,4.86,99,0,10000,1023,9.21,79,353,4.86,99,0,10000,1023,9.21,79,353,4.86,99,0,10000,1023,9.21,79,353,4.86,99,0,10000,1023,9.21,79,353,4.86,99,0,10000,1023,9.21,79,353,4.86,99,0,10000,1023,9.21,79,353,4.86,99,0,10000,1023,9.21,79,353,4.86,99,0,10000,1023,9.21,79,353,4.86,99,0,10000,1023,9.21,79,353,4.86,99,0,10000,1023,9.21,79,353,4.86,99,0,10000,1023,9.21,79,353,4.86,99,0,10000
1023,8.84,81,360,1.54,100,0,10000,14,0,1,2,1022,9.79,71,358,6.09,99,0,10000,1022,9.79,71,358,6.09,99,0,10000,1022,9.79,71,358,6.09,99,0,10000,1022,9.79,71,358,6.09,99,0,10000,1022,9.79,71,358,6.09,99,0,10000,1022,9.79,71,358,6.09,99,0,10000,1022,9.79,71,358,6.09,99,0,10000,1022,9.79,71,358,6.09,99,0,10000,1022,9.79,71,358,6.09,99,0,10000,1022,9.79,71,358,6.09,99,0,10000,1022,9.79,71,358,6.09,99,0,10000,1022,9.79,71,358,6.09,99,0,10000
1023,8.84,81,360,1.54,100,0,10000,17,0,1,2,1022,9.76,73,358,5.27,91,0,10000,1022,9.76,73,358,5.27,91,0,10000,1022,9.76,73,358,5.27,91,0,10000,1022,9.76,73,358,5.27,91,0,10000,1022,9.76,73,358,5.27,91,0,10000,1022,9.76,73,358,5.27,91,0,10000,1022,9.76,73,358,5.27,91,0,10000,1022,9.76,73,358,5.27,91,0,10000,1022,9.76,73,358,5.27,91,0,10000,1022,9.76,73,358,5.27,91,0,10000,1022,9.76,73,358,5.27,91,0,10000,1022,9.76,73,358,5.27,91,0,10000
1023,8.84,81,360,1.54,100,0,10000,20,0,1,2,1022,7.57,82,357,3.66,38,0,10000,1022,7.57,82,357,3.66,38,0,10000,1022,7.57,82,357,3.66,38,0,10000,1022,7.57,82,357,3.66,38,0,10000,1022,7.57,82,357,3.66,38,0,10000,1022,7.57,82,357,3.66,38,0,10000,1022,7.57,82,357,3.66,38,0,10000,1022,7.57,82,357,3.66,38,0,10000,1022,7.57,82,357,3.66,38,0,10000,1022,7.57,82,357,3.66,38,0,10000,1022,7.57,82,357,3.66,38,0,10000,1022,7.57,82,357,3.66,38,0,10000
1023,8.84,81,360,1.54,100,0,10000,23,0,1,2,1022,8.6,78,39,2.73,65,0,10000,1022,8.6,78,39,2.73,65,0,10000,1022,8.6,78,39,2.73,65,0,10000,1022,8.6,78,39,2.73,65,0,10000,1022,8.6,78,39,2.73,65,0,10000,1022,8.6,78,39,2.73,65,0,10000,1022,8.6,78,39,2.73,65,0,10000,1022,8.6,78,39,2.73,65,0,10000,1022,8.6,78,39,2.73,65,0,10000,1022,8.6,78,39,2.73,65,0,10000,1022,8.6,78,39,2.73,65,0,10000,1022,8.6,78,39,2.73,65,0,10000
1023,8.84,81,360,1.54,100,0,10000,2,0,2,2,1020,6.37,81,220,0.97,62,0,10000,1020,6.37,81,220,0.97,62,0,10000,1020,6.37,81,220,0.97,62,0,10000,1020,6.37,81,220,0.97,62,0,10000,1020,6.37,81,220,0.97,62,0,10000,1020,6.37,81,220,0.97,62,0,10000,1020,6.37,81,220,0.97,62,0,10000,1020,6.37,81,220,0.97,62,0,10000,1020,6.37,81,220,0.97,62,0,10000,1020,6.37,81,220,0.97,62,0,10000,1020,6.37,81,220,0.97,62,0,10000,1020,6.37,81,220,0.97,62,0,10000
1023,8.84,81,360,1.54,100,0,10000,5,0,2,2,1019,8.02,79,249,1.53,82,0,10000,1019,8.02,79,249,1.53,82,0,10000,1019,8.02,79,249,1.53,82,0,10000,1019,8.02,79,249,1.53,82,0,10000,1019,8.02,79,249,1.53,82,0,10000,1019,8.02,79,249,1.53,82,0,10000,1019,8.02,79,249,1.53,82,0,10000,1019,8.02,79,249,1.53,82,0,10000,1019,8.02,79,249,1.53,82,0,10000,1019,8.02,79,249,1.53,82,0,10000,1019,8.02,79,249,1.53,82,0,10000,1019,8.02,79,249,1.53,82,0,10000
1023,8.84,81,360,1.54,100,0,10000,8,0,2,2,1023,8.84,81,7,3.29,100,0,10000,1023,8.84,81,7,3.29,100,0,10000,1023,8.84,81,7,3.29,100,0,10000,1023,8.84,81,7,3.29,100,0,10000,1023,8.84,81,7,3.29,100,0,10000,1023,8.84,81,7,3.29,100,0,10000,1023,8.84,81,7,3.29,100,0,10000,1023,8.84,81,7,3.29,100,0,10000,1023,8.84,81,7,3.29,100,0,10000,1023,8.84,81,7,3.29,100,0,10000,1023,8.84,81,7,3.29,100,0,10000,1023,8.84,81,7,3.29,100,0,10000
1023,8.84,81,360,1.54,100,0,10000,11,0,2,2,1023,9.21,79,353,4.86,99,0,10000,1023,9.21,79,353,4.86,99,0,10000,1023,9.21,79,353,4.86,99,0,10000,1023,9.21,79,353,4.86,99,0,10000,1023,9.21,79,353,4.86,99,0,10000,1023,9.21,79,353,4.86,99,0,10000,1023,9.21,79,353,4.86,99,0,10000,1023,9.21,79,353,4.86,99,0,10000,1023,9.21,79,353,4.86,99,0,10000,1023,9.21,79,353,4.86,99,0,10000,1023,9.21,79,353,4.86,99,0,10000,1023,9.21,79,353,4.86,99,0,10000
1023,8.84,81,360,1.54,100,0,10000,14,0,2,2,1022,9.79,71,358,6.09,99,0,10000,1022,9.79,71,358,6.09,99,0,10000,1022,9.79,71,358,6.09,99,0,10000,1022,9.79,71,358,6.09,99,0,10000,1022,9.79,71,358,6.09,99,0,10000,1022,9.79,71,358,6.09,99,0,10000,1022,9.79,71,358,6.09,99,0,10000,1022,9.79,71,358,6.09,99,0,10000,1022,9.79,71,358,6.09,99,0,10000,1022,9.79,71,358,6.09,99,0,10000,1022,9.79,71,358,6.09,99,0,10000,1022,9.79,71,358,6.09,99,0,10000
1023,8.84,81,360,1.54,100,0,10000,17,0,2,2,1022,9.76,73,358,5.27,91,0,10000,1022,9.76,73,358,5.27,91,0,10000,1022,9.76,73,358,5.27,91,0,10000,1022,9.76,73,358,5.27,91,0,10000,1022,9.76,73,358,5.27,91,0,10000,1022,9.76,73,358,5.27,91,0,10000,1022,9.76,73,358,5.27,91,0,10000,1022,9.76,73,358,5.27,91,0,10000,1022,9.76,73,358,5.27,91,0,10000,1022,9.76,73,358,5.27,91,0,10000,1022,9.76,73,358,5.27,91,0,10000,1022,9.76,73,358,5.27,91,0,10000
1023,8.84,81,360,1.54,100,0,10000,20,0,2,2,1022,7.57,82,357,3.66,38,0,10000,1022,7.57,82,357,3.66,38,0,10000,1022,7.57,82,357,3.66,38,0,10000,1022,7.57,82,357,3.66,38,0,10000,1022,7.57,82,357,3.66,38,0,10000,1022,7.57,82,357,3.66,38,0,10000,1022,7.57,82,357,3.66,38,0,10000,1022,7.57,82,357,3.66,38,0,10000,1022,7.57,82,357,3.66,38,0,10000,1022,7.57,82,357,3.66,38,0,10000,1022,7.57,82,357,3.66,38,0,10000,1022,7.57,82,357,3.66,38,0,10000
1023,8.84,81,360,1.54,100,0,10000,23,0,2,2,1022,8.6,78,39,2.73,65,0,10000,1022,8.6,78,39,2.73,65,0,10000,1022,8.6,78,39,2.73,65,0,10000,1022,8.6,78,39,2.73,65,0,10000,1022,8.6,78,39,2.73,65,0,10000,1022,8.6,78,39,2.73,65,0,10000,1022,8.6,78,39,2.73,65,0,10000,1022,8.6,78,39,2.73,65,0,10000,1022,8.6,78,39,2.73,65,0,10000,1022,8.6,78,39,2.73,65,0,10000,1022,8.6,78,39,2.73,65,0,10000,1022,8.6,78,39,2.73,65,0,10000
1023,8.84,81,360,1.54,100,0,10000,2,0,3,2,1020,6.37,81,220,0.97,62,0,10000,1020,6.37,81,220,0.97,62,0,10000,1020,6.37,81,220,0.97,62,0,10000,1020,6.37,81,220,0.97,62,0,10000,1020,6.37,81,220,0.97,62,0,10000,1020,6.37,81,220,0.97,62,0,10000,1020,6.37,81,220,0.97,62,0,10000,1020,6.37,81,220,0.97,62,0,10000,1020,6.37,81,220,0.97,62,0,10000,1020,6.37,81,220,0.97,62,0,10000,1020,6.37,81,220,0.97,62,0,10000,1020,6.37,81,220,0.97,62,0,10000
1023,8.84,81,360,1.54,100,0,10000,5,0,3,2,1019,8.02,79,249,1.53,82,0,10000,1019,8.02,79,249,1.53,82,0,10000,1019,8.02,79,249,1.53,82,0,10000,1019,8.02,79,249,1.53,82,0,10000,1019,8.02,79,249,1.53,82,0,10000,1019,8.02,79,249,1.53,82,0,10000,1019,8.02,79,249,1.53,82,0,10000,1019,8.02,79,249,1.53,82,0,10000,1019,8.02,79,249,1.53,82,0,10000,1019,8.02,79,249,1.53,82,0,10000,1019,8.02,79,249,1.53,82,0,10000,1019,8.02,79,249,1.53,82,0,10000
1023,8.84,81,360,1.54,100,0,10000,8,0,3,2,1023,8.84,81,7,3.29,100,0,10000,1023,8.84,81,7,3.29,100,0,10000,1023,8.84,81,7,3.29,100,0,10000,1023,8.84,81,7,3.29,100,0,10000,1023,8.84,81,7,3.29,100,0,10000,1023,8.84,81,7,3.29,100,0,10000,1023,8.84,81,7,3.29,100,0,10000,1023,8.84,81,7,3.29,100,0,10000,1023,8.84,81,7,3.29,100,0,10000,1023,8.84,81,7,3.29,100,0,10000,1023,8.84,81,7,3.29,100,0,10000,1023,8.84,81,7,3.29,100,0,10000
1023,8.84,81,360,1.54,100,0,10000,11,0,3,2,1023,9.21,79,353,4.86,99,0,10000,1023,9.21,79,353,4.86,99,0,10000,1023,9.21,79,353,4.86,99,0,10000,1023,9.21,79,353,4.86,99,0,10000,1023,9.21,79,353,4.86,99,0,10000,1023,9.21,79,353,4.86,99,0,10000,1023,9.21,79,353,4.86,99,0,10000,1023,9.21,79,353,4.86,99,0,10000,1023,9.21,79,353,4.86,99,0,10000,1023,9.21,79,353,4.86,99,0,10000,1023,9.21,79,353,4.86,99,0,10000,1023,9.21,79,353,4.86,99,0,10000
1023,8.84,81,360,1.54,100,0,10000,14,0,3,2,1022,9.79,71,358,6.09,99,0,10000,1022,9.79,71,358,6.09,99,0,10000,1022,9.79,71,358,6.09,99,0,10000,1022,9.79,71,358,6.09,99,0,10000,1022,9.79,71,358,6.09,99,0,10000,1022,9.79,71,358,6.09,99,0,10000,1022,9.79,71,358,6.09,99,0,10000,1022,9.79,71,358,6.09,99,0,10000,1022,9.79,71,358,6.09,99,0,10000,1022,9.79,71,358,6.09,99,0,10000,1022,9.79,71,358,6.09,99,0,10000,1022,9.79,71,358,6.09,99,0,10000
1023,8.84,81,360,1.54,100,0,10000,17,0,3,2,1022,9.76,73,358,5.27,91,0,10000,1022,9.76,73,358,5.27,91,0,10000,1022,9.76,73,358,5.27,91,0,10000,1022,9.76,73,358,5.27,91,0,10000,1022,9.76,73,358,5.27,91,0,10000,1022,9.76,73,358,5.27,91,0,10000,1022,9.76,73,358,5.27,91,0,10000,1022,9.76,73,358,5.27,91,0,10000,1022,9.76,73,358,5.27,91,0,10000,1022,9.76,73,358,5.27,91,0,10000,1022,9.76,73,358,5.27,91,0,10000,1022,9.76,73,358,5.27,91,0,10000
1023,8.84,81,360,1.54,100,0,10000,20,0,3,2,1022,7.57,82,357,3.66,38,0,10000,1022,7.57,82,357,3.66,38,0,10000,1022,7.57,82,357,3.66,38,0,10000,1022,7.57,82,357,3.66,38,0,10000,1022,7.57,82,357,3.66,38,0,10000,1022,7.57,82,357,3.66,38,0,10000,1022,7.57,82,357,3.66,38,0,10000,1022,7.57,82,357,3.66,38,0,10000,1022,7.57,82,357,3.66,38,0,10000,1022,7.57,82,357,3.66,38,0,10000,1022,7.57,82,357,3.66,38,0,10000,1022,7.57,82,357,3.66,38,0,10000
1023,8.84,81,360,1.54,100,0,10000,23,0,3,2,1022,8.6,78,39,2.73,65,0,10000,1022,8.6,78,39,2.73,65,0,10000,1022,8.6,78,39,2.73,65,0,10000,1022,8.6,78,39,2.73,65,0,10000,1022,8.6,78,39,2.73,65,0,10000,1022,8.6,78,39,2.73,65,0,10000,1022,8.6,78,39,2.73,65,0,10000,1022,8.6,78,39,2.73,65,0,10000,1022,8.6,78,39,2.73,65,0,10000,1022,8.6,78,39,2.73,65,0,10000,1022,8.6,78,39,2.73,65,0,10000,1022,8.6,78,39,2.73,65,0,10000
1023,8.84,81,360,1.54,100,0,10000,2,0,4,2,1020,6.37,81,220,0.97,62,0,10000,1020,6.37,81,220,0.97,62,0,10000,1020,6.37,81,220,0.97,62,0,10000,1020,6.37,81,220,0.97,62,0,10000,1020,6.37,81,220,0.97,62,0,10000,1020,6.37,81,220,0.97,62,0,10000,1020,6.37,81,220,0.97,62,0,10000,1020,6.37,81,220,0.97,62,0,10000,1020,6.37,81,220,0.97,62,0,10000,1020,6.37,81,220,0.97,62,0,10000,1020,6.37,81,220,0.97,62,0,10000,1020,6.37,81,220,0.97,62,0,10000
1023,8.84,81,360,1.54,100,0,10000,5,0,4,2,1019,8.02,79,249,1.53,82,0,10000,1019,8.02,79,249,1.53,82,0,10000,1019,8.02,79,249,1.53,82,0,10000,1019,8.02,79,249,1.53,82,0,10000,1019,8.02,79,249,1.53,82,0,10000,1019,8.02,79,249,1.53,82,0,10000,1019,8.02,79,249,1.53,82,0,10000,1019,8.02,79,249,1.53,82,0,10000,1019,8.02,79,249,1.53,82,0,10000,1019,8.02,79,249,1.53,82,0,10000,1019,8.02,79,249,1.53,82,0,10000,1019,8.02,79,249,1.53,82,0,10000
1023,8.84,81,360,1.54,100,0,10000,8,0,4,2,1023,8.84,81,7,3.29,100,0,10000,1023,8.84,81,7,3.29,100,0,10000,1023,8.84,81,7,3.29,100,0,10000,1023,8.84,81,7,3.29,100,0,10000,1023,8.84,81,7,3.29,100,0,10000,1023,8.84,81,7,3.29,100,0,10000,1023,8.84,81,7,3.29,100,0,10000,1023,8.84,81,7,3.29,100,0,10000,1023,8.84,81,7,3.29,100,0,10000,1023,8.84,81,7,3.29,100,0,10000,1023,8.84,81,7,3.29,100,0,10000,1023,8.84,81,7,3.29,100,0,10000
1023,8.84,81,360,1.54,100,0,10000,11,0,4,2,1023,9.21,79,353,4.86,99,0,10000,1023,9.21,79,353,4.86,99,0,10000,1023,9.21,79,353,4.86,99,0,10000,1023,9.21,79,353,4.86,99,0,10000,1023,9.21,79,353,4.86,99,0,10000,1023,9.21,79,353,4.86,99,0,10000,1023,9.21,79,353,4.86,99,0,10000,1023,9.21,79,353,4.86,99,0,10000,1023,9.21,79,353,4.86,99,0,10000,1023,9.21,79,353,4.86,99,0,10000,1023,9.21,79,353,4.86,99,0,10000,1023,9.21,79,353,4.86,99,0,10000
1023,8.84,81,360,1.54,100,0,10000,14,0,4,2,1022,9.79,71,358,6.09,99,0,10000,1022,9.79,71,358,6.09,99,0,10000,1022,9.79,71,358,6.09,99,0,10000,1022,9.79,71,358,6.09,99,0,10000,1022,9.79,71,358,6.09,99,0,10000,1022,9.79,71,358,6.09,99,0,10000,1022,9.79,71,358,6.09,99,0,10000,1022,9.79,71,358,6.09,99,0,10000,1022,9.79,71,358,6.09,99,0,10000,1022,9.79,71,358,6.09,99,0,10000,1022,9.79,71,358,6.09,99,0,10000,1022,9.79,71,358,6.09,99,0,10000
1023,8.84,81,360,1.54,100,0,10000,17,0,4,2,1022,9.76,73,358,5.27,91,0,10000,1022,9.76,73,358,5.27,91,0,10000,1022,9.76,73,358,5.27,91,0,10000,1022,9.76,73,358,5.27,91,0,10000,1022,9.76,73,358,5.27,91,0,10000,1022,9.76,73,358,5.27,91,0,10000,1022,9.76,73,358,5.27,91,0,10000,1022,9.76,73,358,5.27,91,0,10000,1022,9.76,73,358,5.27,91,0,10000,1022,9.76,73,358,5.27,91,0,10000,1022,9.76,73,358,5.27,91,0,10000,1022,9.76,73,358,5.27,91,0,10000
1023,8.84,81,360,1.54,100,0,10000,20,0,4,2,1022,7.57,82,357,3.66,38,0,10000,1022,7.57,82,357,3.66,38,0,10000,1022,7.57,82,357,3.66,38,0,10000,1022,7.57,82,357,3.66,38,0,10000,1022,7.57,82,357,3.66,38,0,10000,1022,7.57,82,357,3.66,38,0,10000,1022,7.57,82,357,3.66,38,0,10000,1022,7.57,82,357,3.66,38,0,10000,1022,7.57,82,357,3.66,38,0,10000,1022,7.57,82,357,3.66,38,0,10000,1022,7.57,82,357,3.66,38,0,10000,1022,7.57,82,357,3.66,38,0,10000
1023,8.84,81,360,1.54,100,0,10000,23,0,4,2,1022,8.6,78,39,2.73,65,0,10000,1022,8.6,78,39,2.73,65,0,10000,1022,8.6,78,39,2.73,65,0,10000,1022,8.6,78,39,2.73,65,0,10000,1022,8.6,78,39,2.73,65,0,10000,1022,8.6,78,39,2.73,65,0,10000,1022,8.6,78,39,2.73,65,0,10000,1022,8.6,78,39,2.73,65,0,10000,1022,8.6,78,39,2.73,65,0,10000,1022,8.6,78,39,2.73,65,0,10000,1022,8.6,78,39,2.73,65,0,10000,1022,8.6,78,39,2.73,65,0,10000
1023,8.84,81,360,1.54,100,0,10000,2,0,5,2,1020,6.37,81,220,0.97,62,0,10000,1020,6.37,81,220,0.97,62,0,10000,1020,6.37,81,220,0.97,62,0,10000,1020,6.37,81,220,0.97,62,0,10000,1020,6.37,81,220,0.97,62,0,10000,1020,6.37,81,220,0.97,62,0,10000,1020,6.37,81,220,0.97,62,0,10000,1020,6.37,81,220,0.97,62,0,10000,1020,6.37,81,220,0.97,62,0,10000,1020,6.37,81,220,0.97,62,0,10000,1020,6.37,81,220,0.97,62,0,10000,1020,6.37,81,220,0.97,62,0,10000
1023,8.84,81,360,1.54,100,0,10000,5,0,5,2,1019,8.02,79,249,1.53,82,0,10000,1019,8.02,79,249,1.53,82,0,10000,1019,8.02,79,249,1.53,82,0,10000,1019,8.02,79,249,1.53,82,0,10000,1019,8.02,79,249,1.53,82,0,10000,1019,8.02,79,249,1.53,82,0,10000,1019,8.02,79,249,1.53,82,0,10000,1019,8.02,79,249,1.53,82,0,10000,1019,8.02,79,249,1.53,82,0,10000,1019,8.02,79,249,1.53,82,0,10000,1019,8.02,79,249,1.53,82,0,10000,1019,8.02,79,249,1.53,82,0,10000
1023,8.84,81,360,1.54,100,0,10000,8,0,5,2,1023,8.84,81,7,3.29,100,0,10000,1023,8.84,81,7,3.29,100,0,10000,1023,8.84,81,7,3.29,100,0,10000,1023,8.84,81,7,3.29,100,0,10000,1023,8.84,81,7,3.29,100,0,10000,1023,8.84,81,7,3.29,100,0,10000,1023,8.84,81,7,3.29,100,0,10000,1023,8.84,81,7,3.29,100,0,10000,1023,8.84,81,7,3.29,100,0,10000,1023,8.84,81,7,3.29,100,0,10000,1023,8.84,81,7,3.29,100,0,10000,1023,8.84,81,7,3.29,100,0,10000
1023,8.84,81,360,1.54,100,0,10000,11,0,5,2,1023,9.21,79,353,4.86,99,0,10000,1023,9.21,79,353,4.86,99,0,10000,1023,9.21,79,353,4.86,99,0,10000,1023,9.21,79,353,4.86,99,0,10000,1023,9.21,79,353,4.86,99,0,10000,1023,9.21,79,353,4.86,99,0,10000,1023,9.21,79,353,4.86,99,0,10000,1023,9.21,79,353,4.86,99,0,10000,1023,9.21,79,353,4.86,99,0,10000,1023,9.21,79,353,4.86,99,0,10000,1023,9.21,79,353,4.86,99,0,10000,1023,9.21,79,353,4.86,99,0,10000
1023,8.84,81,360,1.54,100,0,10000,14,0,5,2,1022,9.79,71,358,6.09,99,0,10000,1022,9.79,71,358,6.09,99,0,10000,1022,9.79,71,358,6.09,99,0,10000,1022,9.79,71,358,6.09,99,0,10000,1022,9.79,71,358,6.09,99,0,10000,1022,9.79,71,358,6.09,99,0,10000,1022,9.79,71,358,6.09,99,0,10000,1022,9.79,71,358,6.09,99,0,10000,1022,9.79,71,358,6.09,99,0,10000,1022,9.79,71,358,6.09,99,0,10000,1022,9.79,71,358,6.09,99,0,10000,1022,9.79,71,358,6.09,99,0,10000
1023,8.84,81,360,1.54,100,0,10000,17,0,5,2,1022,9.76,73,358,5.27,91,0,10000,1022,9.76,73,358,5.27,91,0,10000,1022,9.76,73,358,5.27,91,0,10000,1022,9.76,73,358,5.27,91,0,10000,1022,9.76,73,358,5.27,91,0,10000,1022,9.76,73,358,5.27,91,0,10000,1022,9.76,73,358,5.27,91,0,10000,1022,9.76,73,358,5.27,91,0,10000,1022,9.76,73,358,5.27,91,0,10000,1022,9.76,73,358,5.27,91,0,10000,1022,9.76,73,358,5.27,91,0,10000,1022,9.76,73,358,5.27,91,0,10000
1023,8.84,81,360,1.54,100,0,10000,20,0,5,2,1022,7.57,82,357,3.66,38,0,10000,1022,7.57,82,357,3.66,38,0,10000,1022,7.57,82,357,3.66,38,0,10000,1022,7.57,82,357,3.66,38,0,10000,1022,7.57,82,357,3.66,38,0,10000,1022,7.57,82,357,3.66,38,0,10000,1022,7.57,82,357,3.66,38,0,10000,1022,7.57,82,357,3.66,38,0,10000,1022,7.57,82,357,3.66,38,0,10000,1022,7.57,82,357,3.66,38,0,10000,1022,7.57,82,357,3.66,38,0,10000,1022,7.57,82,357,3.66,38,0,10000
1023,8.84,81,360,1.54,100,0,10000,23,0,5,2,1022,8.6,78,39,2.73,65,0,10000,1022,8.6,78,39,2.73,65,0,10000,1022,8.6,78,39,2.73,65,0,10000,1022,8.6,78,39,2.73,65,0,10000,1022,8.6,78,39,2.73,65,0,10000,1022,8.6,78,39,2.73,65,0,10000,1022,8.6,78,39,2.73,65,0,10000,1022,8.6,78,39,2.73,65,0,10000,1022,8.6,78,39,2.73,65,0,10000,1022,8.6,78,39,2.73,65,0,10000,1022,8.6,78,39,2.73,65,0,10000,1022,8.6,78,39,2.73,65,0,10000
1023,8.84,81,360,1.54,100,0,10000,2,0,6,2,1020,6.37,81,220,0.97,62,0,10000,1020,6.37,81,220,0.97,62,0,10000,1020,6.37,81,220,0.97,62,0,10000,1020,6.37,81,220,0.97,62,0,10000,1020,6.37,81,220,0.97,62,0,10000,1020,6.37,81,220,0.97,62,0,10000,1020,6.37,81,220,0.97,62,0,10000,1020,6.37,81,220,0.97,62,0,10000,1020,6.37,81,220,0.97,62,0,10000,1020,6.37,81,220,0.97,62,0,10000,1020,6.37,81,220,0.97,62,0,10000,1020,6.37,81,220,0.97,62,0,10000
1023,8.84,81,360,1.54,100,0,10000,5,0,6,2,1019,8.02,79,249,1.53,82,0,10000,1019,8.02,79,249,1.53,82,0,10000,1019,8.02,79,249,1.53,82,0,10000,1019,8.02,79,249,1.53,82,0,10000,1019,8.02,79,249,1.53,82,0,10000,1019,8.02,79,249,1.53,82,0,10000,1019,8.02,79,249,1.53,82,0,10000,1019,8.02,79,249,1.53,82,0,10000,1019,8.02,79,249,1.53,82,0,10000,1019,8.02,79,249,1.53,82,0,10000,1019,8.02,79,249,1.53,82,0,10000,1019,8.02,79,249,1.53,82,0,10000
1023,8.84,81,360,1.54,100,0,10000,8,0,6,2,1023,8.84,81,7,3.29,100,0,10000,1023,8.84,81,7,3.29,100,0,10000,1023,8.84,81,7,3.29,100,0,10000,1023,8.84,81,7,3.29,100,0,10000,1023,8.84,81,7,3.29,100,0,10000,1023,8.84,81,7,3.29,100,0,10000,1023,8.84,81,7,3.29,100,0,10000,1023,8.84,81,7,3.29,100,0,10000,1023,8.84,81,7,3.29,100,0,10000,1023,8.84,81,7,3.29,100,0,10000,1023,8.84,81,7,3.29,100,0,10000,1023,8.84,81,7,3.29,100,0,10000
1023,8.84,81,360,1.54,100,0,10000,11,0,6,2,1023,9.21,79,353,4.86,99,0,10000,1023,9.21,79,353,4.86,99,0,10000,1023,9.21,79,353,4.86,99,0,10000,1023,9.21,79,353,4.86,99,0,10000,1023,9.21,79,353,4.86,99,0,10000,1023,9.21,79,353,4.86,99,0,10000,1023,9.21,79,353,4.86,99,0,10000,1023,9.21,79,353,4.86,99,0,10000,1023,9.21,79,353,4.86,99,0,10000,1023,9.21,79,353,4.86,99,0,10000,1023,9.21,79,353,4.86,99,0,10000,1023,9.21,79,353,4.86,99,0,10000
1023,8.84,81,360,1.54,100,0,10000,14,0,6,2,1022,9.79,71,358,6.09,99,0,10000,1022,9.79,71,358,6.09,99,0,10000,1022,9.79,71,358,6.09,99,0,10000,1022,9.79,71,358,6.09,99,0,10000,1022,9.79,71,358,6.09,99,0,10000,1022,9.79,71,358,6.09,99,0,10000,1022,9.79,71,358,6.09,99,0,10000,1022,9.79,71,358,6.09,99,0,10000,1022,9.79,71,358,6.09,99,0,10000,1022,9.79,71,358,6.09,99,0,10000,1022,9.79,71,358,6.09,99,0,10000,1022,9.79,71,358,6.09,99,0,10000
1023,8.84,81,360,1.54,100,0,10000,17,0,6,2,1022,9.76,73,358,5.27,91,0,10000,1022,9.76,73,358,5.27,91,0,10000,1022,9.76,73,358,5.27,91,0,10000,1022,9.76,73,358,5.27,91,0,10000,1022,9.76,73,358,5.27,91,0,10000,1022,9.76,73,358,5.27,91,0,10000,1022,9.76,73,358,5.27,91,0,10000,1022,9.76,73,358,5.27,91,0,10000,1022,9.76,73,358,5.27,91,0,10000,1022,9.76,73,358,5.27,91,0,10000,1022,9.76,73,358,5.27,91,0,10000,1022,9.76,73,358,5.27,91,0,10000
1023,8.84,81,360,1.54,100,0,10000,20,0,6,2,1022,7.57,82,357,3.66,38,0,10000,1022,7.57,82,357,3.66,38,0,10000,1022,7.57,82,357,3.66,38,0,10000,1022,7.57,82,357,3.66,38,0,10000,1022,7.57,82,357,3.66,38,0,10000,1022,7.57,82,357,3.66,38,0,10000,1022,7.57,82,357,3.66,38,0,10000,1022,7.57,82,357,3.66,38,0,10000,1022,7.57,82,357,3.66,38,0,10000,1022,7.57,82,357,3.66,38,0,10000,1022,7.57,82,357,3.66,38,0,10000,1022,7.57,82,357,3.66,38,0,10000
1023,8.84,81,360,1.54,100,0,10000,23,0,6,2,1022,8.6,78,39,2.73,65,0,10000,1022,8.6,78,39,2.73,65,0,10000,1022,8.6,78,39,2.73,65,0,10000,1022,8.6,78,39,2.73,65,0,10000,1022,8.6,78,39,2.73,65,0,10000,1022,8.6,78,39,2.73,65,0,10000,1022,8.6,78,39,2.73,65,0,10000,1022,8.6,78,39,2.73,65,0,10000,1022,8.6,78,39,2.73,65,0,10000,1022,8.6,78,39,2.73,65,0,10000,1022,8.6,78,39,2.73,65,0,10000,1022,8.6,78,39,2.73,65,0,10000
1023,8.84,81,360,1.54,100,0,10000,2,0,7,2,1020,6.37,81,220,0.97,62,0,10000,1020,6.37,81,220,0.97,62,0,10000,1020,6.37,81,220,0.97,62,0,10000,1020,6.37,81,220,0.97,62,0,10000,1020,6.37,81,220,0.97,62,0,10000,1020,6.37,81,220,0.97,62,0,10000,1020,6.37,81,220,0.97,62,0,10000,1020,6.37,81,220,0.97,62,0,10000,1020,6.37,81,220,0.97,62,0,10000,1020,6.37,81,220,0.97,62,0,10000,1020,6.37,81,220,0.97,62,0,10000,1020,6.37,81,220,0.97,62,0,10000
1023,8.84,81,360,1.54,100,0,10000,5,0,7,2,1019,8.02,79,249,1.53,82,0,10000,1019,8.02,79,249,1.53,82,0,10000,1019,8.02,79,249,1.53,82,0,10000,1019,8.02,79,249,1.53,82,0,10000,1019,8.02,79,249,1.53,82,0,10000,1019,8.02,79,249,1.53,82,0,10000,1019,8.02,79,249,1.53,82,0,10000,1019,8.02,79,249,1.53,82,0,10000,1019,8.02,79,249,1.53,82,0,10000,1019,8.02,79,249,1.53,82,0,10000,1019,8.02,79,249,1.53,82,0,10000,1019,8.02,79,249,1.53,82,0,10000
1023,8.84,81,360,1.54,100,0,10000,8,0,7,2,1023,8.84,81,7,3.29,100,0,10000,1023,8.84,81,7,3.29,100,0,10000,1023,8.84,81,7,3.29,100,0,10000,1023,8.84,81,7,3.29,100,0,10000,1023,8.84,81,7,3.29,100,0,10000,1023,8.84,81,7,3.29,100,0,10000,1023,8.84,81,7,3.29,100,0,10000,1023,8.84,81,7,3.29,100,0,10000,1023,8.84,81,7,3.29,100,0,10000,1023,8.84,81,7,3.29,100,0,10000,1023,8.84,81,7,3.29,100,0,10000,1023,8.84,81,7,3.29,100,0,10000
1023,8.84,81,360,1.54,100,0,10000,11,0,7,2,1023,9.21,79,353,4.86,99,0,10000,1023,9.21,79,353,4.86,99,0,10000,1023,9.21,79,353,4.86,99,0,10000,1023,9.21,79,353,4.86,99,0,10000,1023,9.21,79,353,4.86,99,0,10000,1023,9.21,79,353,4.86,99,0,10000,1023,9.21,79,353,4.86,99,0,10000,1023,9.21,79,353,4.86,99,0,10000,1023,9.21,79,353,4.86,99,0,10000,1023,9.21,79,353,4.86,99,0,10000,1023,9.21,79,353,4.86,99,0,10000,1023,9.21,79,353,4.86,99,0,10000
1023,8.84,81,360,1.54,100,0,10000,14,0,7,2,1022,9.79,71,358,6.09,99,0,10000,1022,9.79,71,358,6.09,99,0,10000,1022,9.79,71,358,6.09,99,0,10000,1022,9.79,71,358,6.09,99,0,10000,1022,9.79,71,358,6.09,99,0,10000,1022,9.79,71,358,6.09,99,0,10000,1022,9.79,71,358,6.09,99,0,10000,1022,9.79,71,358,6.09,99,0,10000,1022,9.79,71,358,6.09,99,0,10000,1022,9.79,71,358,6.09,99,0,10000,1022,9.79,71,358,6.09,99,0,10000,1022,9.79,71,358,6.09,99,0,10000
1023,8.84,81,360,1.54,100,0,10000,17,0,7,2,1022,9.76,73,358,5.27,91,0,10000,1022,9.76,73,358,5.27,91,0,10000,1022,9.76,73,358,5.27,91,0,10000,1022,9.76,73,358,5.27,91,0,10000,1022,9.76,73,358,5.27,91,0,10000,1022,9.76,73,358,5.27,91,0,10000,1022,9.76,73,358,5.27,91,0,10000,1022,9.76,73,358,5.27,91,0,10000,1022,9.76,73,358,5.27,91,0,10000,1022,9.76,73,358,5.27,91,0,10000,1022,9.76,73,358,5.27,91,0,10000,1022,9.76,73,358,5.27,91,0,10000
1023,8.84,81,360,1.54,100,0,10000,20,0,7,2,1022,7.57,82,357,3.66,38,0,10000,1022,7.57,82,357,3.66,38,0,10000,1022,7.57,82,357,3.66,38,0,10000,1022,7.57,82,357,3.66,38,0,10000,1022,7.57,82,357,3.66,38,0,10000,1022,7.57,82,357,3.66,38,0,10000,1022,7.57,82,357,3.66,38,0,10000,1022,7.57,82,357,3.66,38,0,10000,1022,7.57,82,357,3.66,38,0,10000,1022,7.57,82,357,3.66,38,0,10000,1022,7.57,82,357,3.66,38,0,10000,1022,7.57,82,357,3.66,38,0,10000
1023,8.84,81,360,1.54,100,0,10000,23,0,7,2,1022,8.6,78,39,2.73,65,0,10000,1022,8.6,78,39,2.73,65,0,10000,1022,8.6,78,39,2.73,65,0,10000,1022,8.6,78,39,2.73,65,0,10000,1022,8.6,78,39,2.73,65,0,10000,1022,8.6,78,39,2.73,65,0,10000,1022,8.6,78,39,2.73,65,0,10000,1022,8.6,78,39,2.73,65,0,10000,1022,8.6,78,39,2.73,65,0,10000,1022,8.6,78,39,2.73,65,0,10000,1022,8.6,78,39,2.73,65,0,10000,1022,8.6,78,39,2.73,65,0,10000
1023,8.84,81,360,1.54,100,0,10000,2,0,8,2,1020,6.37,81,220,0.97,62,0,10000,1020,6.37,81,220,0.97,62,0,10000,1020,6.37,81,220,0.97,62,0,10000,1020,6.37,81,220,0.97,62,0,10000,1020,6.37,81,220,0.97,62,0,10000,1020,6.37,81,220,0.97,62,0,10000,1020,6.37,81,220,0.97,62,0,10000,1020,6.37,81,220,0.97,62,0,10000,1020,6.37,81,220,0.97,62,0,10000,1020,6.37,81,220,0.97,62,0,10000,1020,6.37,81,220,0.97,62,0,10000,1020,6.37,81,220,0.97,62,0,10000
1023,8.84,81,360,1.54,100,0,10000,5,0,8,2,1019,8.02,79,249,1.53,82,0,10000,1019,8.02,79,249,1.53,82,0,10000,1019,8.02,79,249,1.53,82,0,10000,1019,8.02,79,249,1.53,82,0,10000,1019,8.02,79,249,1.53,82,0,10000,1019,8.02,79,249,1.53,82,0,10000,1019,8.02,79,249,1.53,82,0,10000,1019,8.02,79,249,1.53,82,0,10000,1019,8.02,79,249,1.53,82,0,10000,1019,8.02,79,249,1.53,82,0,10000,1019,8.02,79,249,1.53,82,0,10000,1019,8.02,79,249,1.53,82,0,10000
1023,8.84,81,360,1.54,100,0,10000,8,0,8,2,1023,8.84,81,7,3.29,100,0,10000,1023,8.84,81,7,3.29,100,0,10000,1023,8.84,81,7,3.29,100,0,10000,1023,8.84,81,7,3.29,100,0,10000,1023,8.84,81,7,3.29,100,0,10000,1023,8.84,81,7,3.29,100,0,10000,1023,8.84,81,7,3.29,100,0,10000,1023,8.84,81,7,3.29,100,0,10000,1023,8.84,81,7,3.29,100,0,10000,1023,8.84,81,7,3.29,100,0,10000,1023,8.84,81,7,3.29,100,0,10000,1023,8.84,81,7,3.29,100,0,10000
1023,8.84,81,360,1.54,100,0,10000,11,0,8,2,1023,9.21,79,353,4.86,99,0,10000,1023,9.21,79,353,4.86,99,0,10000,1023,9.21,79,353,4.86,99,0,10000,1023,9.21,79,353,4.86,99,0,10000,1023,9.21,79,353,4.86,99,0,10000,1023,9.21,79,353,4.86,99,0,10000,1023,9.21,79,353,4.86,99,0,10000,1023,9.21,79,353,4.86,99,0,10000,1023,9.21,79,353,4.86,99,0,10000,1023,9.21,79,353,4.86,99,0,10000,1023,9.21,79,353,4.86,99,0,10000,1023,9.21,79,353,4.86,99,0,10000
1023,8.84,81,360,1.54,100,0,10000,14,0,8,2,1022,9.79,71,358,6.09,99,0,10000,1022,9.79,71,358,6.09,99,0,10000,1022,9.79,71,358,6.09,99,0,10000,1022,9.79,71,358,6.09,99,0,10000,1022,9.79,71,358,6.09,99,0,10000,1022,9.79,71,358,6.09,99,0,10000,1022,9.79,71,358,6.09,99,0,10000,1022,9.79,71,358,6.09,99,0,10000,1022,9.79,71,358,6.09,99,0,10000,1022,9.79,71,358,6.09,99,0,10000,1022,9.79,71,358,6.09,99,0,10000,1022,9.79,71,358,6.09,99,0,10000
1023,8.84,81,360,1.54,100,0,10000,17,0,8,2,1022,9.76,73,358,5.27,91,0,10000,1022,9.76,73,358,5.27,91,0,10000,1022,9.76,73,358,5.27,91,0,10000,1022,9.76,73,358,5.27,91,0,10000,1022,9.76,73,358,5.27,91,0,10000,1022,9.76,73,358,5.27,91,0,10000,1022,9.76,73,358,5.27,91,0,10000,1022,9.76,73,358,5.27,91,0,10000,1022,9.76,73,358,5.27,91,0,10000,1022,9.76,73,358,5.27,91,0,10000,1022,9.76,73,358,5.27,91,0,10000,1022,9.76,73,358,5.27,91,0,10000
1023,8.84,81,360,1.54,100,0,10000,20,0,8,2,1022,7.57,82,357,3.66,38,0,10000,1022,7.57,82,357,3.66,38,0,10000,1022,7.57,82,357,3.66,38,0,10000,1022,7.57,82,357,3.66,38,0,10000,1022,7.57,82,357,3.66,38,0,10000,1022,7.57,82,357,3.66,38,0,10000,1022,7.57,82,357,3.66,38,0,10000,1022,7.57,82,357,3.66,38,0,10000,1022,7.57,82,357,3.66,38,0,10000,1022,7.57,82,357,3.66,38,0,10000,1022,7.57,82,357,3.66,38,0,10000,1022,7.57,82,357,3.66,38,0,10000
1023,8.84,81,360,1.54,100,0,10000,23,0,8,2,1022,8.6,78,39,2.73,65,0,10000,1022,8.6,78,39,2.73,65,0,10000,1022,8.6,78,39,2.73,65,0,10000,1022,8.6,78,39,2.73,65,0,10000,1022,8.6,78,39,2.73,65,0,10000,1022,8.6,78,39,2.73,65,0,10000,1022,8.6,78,39,2.73,65,0,10000,1022,8.6,78,39,2.73,65,0,10000,1022,8.6,78,39,2.73,65,0,10000,1022,8.6,78,39,2.73,65,0,10000,1022,8.6,78,39,2.73,65,0,10000,1022,8.6,78,39,2.73,65,0,10000
1023,8.84,81,360,1.54,100,0,10000,2,0,9,2,1020,6.37,81,220,0.97,62,0,10000,1020,6.37,81,220,0.97,62,0,10000,1020,6.37,81,220,0.97,62,0,10000,1020,6.37,81,220,0.97,62,0,10000,1020,6.37,81,220,0.97,62,0,10000,1020,6.37,81,220,0.97,62,0,10000,1020,6.37,81,220,0.97,62,0,10000,1020,6.37,81,220,0.97,62,0,10000,1020,6.37,81,220,0.97,62,0,10000,1020,6.37,81,220,0.97,62,0,10000,1020,6.37,81,220,0.97,62,0,10000,1020,6.37,81,220,0.97,62,0,10000
1023,8.84,81,360,1.54,100,0,10000,5,0,9,2,1019,8.02,79,249,1.53,82,0,10000,1019,8.02,79,249,1.53,82,0,10000,1019,8.02,79,249,1.53,82,0,10000,1019,8.02,79,249,1.53,82,0,10000,1019,8.02,79,249,1.53,82,0,10000,1019,8.02,79,249,1.53,82,0,10000,1019,8.02,79,249,1.53,82,0,10000,1019,8.02,79,249,1.53,82,0,10000,1019,8.02,79,249,1.53,82,0,10000,1019,8.02,79,249,1.53,82,0,10000,1019,8.02,79,249,1.53,82,0,10000,1019,8.02,79,249,1.53,82,0,10000
1023,8.84,81,360,1.54,100,0,10000,8,0,9,2,1023,8.84,81,7,3.29,100,0,10000,1023,8.84,81,7,3.29,100,0,10000,1023,8.84,81,7,3.29,100,0,10000,1023,8.84,81,7,3.29,100,0,10000,1023,8.84,81,7,3.29,100,0,10000,1023,8.84,81,7,3.29,100,0,10000,1023,8.84,81,7,3.29,100,0,10000,1023,8.84,81,7,3.29,100,0,10000,1023,8.84,81,7,3.29,100,0,10000,1023,8.84,81,7,3.29,100,0,10000,1023,8.84,81,7,3.29,100,0,10000,1023,8.84,81,7,3.29,100,0,10000
1023,8.84,81,360,1.54,100,0,10000,11,0,9,2,1023,9.21,79,353,4.86,99,0,10000,1023,9.21,79,353,4.86,99,0,10000,1023,9.21,79,353,4.86,99,0,10000,1023,9.21,79,353,4.86,99,0,10000,1023,9.21,79,353,4.86,99,0,10000,1023,9.21,79,353,4.86,99,0,10000,1023,9.21,79,353,4.86,99,0,10000,1023,9.21,79,353,4.86,99,0,10000,1023,9.21,79,353,4.86,99,0,10000,1023,9.21,79,353,4.86,99,0,10000,1023,9.21,79,353,4.86,99,0,10000,1023,9.21,79,353,4.86,99,0,10000
1023,8.84,81,360,1.54,100,0,10000,14,0,9,2,1022,9.79,71,358,6.09,99,0,10000,1022,9.79,71,358,6.09,99,0,10000,1022,9.79,71,358,6.09,99,0,10000,1022,9.79,71,358,6.09,99,0,10000,1022,9.79,71,358,6.09,99,0,10000,1022,9.79,71,358,6.09,99,0,10000,1022,9.79,71,358,6.09,99,0,10000,1022,9.79,71,358,6.09,99,0,10000,1022,9.79,71,358,6.09,99,0,10000,1022,9.79,71,358,6.09,99,0,10000,1022,9.79,71,358,6.09,99,0,10000,1022,9.79,71,358,6.09,99,0,10000
1023,8.84,81,360,1.54,100,0,10000,17,0,9,2,1022,9.76,73,358,5.27,91,0,10000,1022,9.76,73,358,5.27,91,0,10000,1022,9.76,73,358,5.27,91,0,10000,1022,9.76,73,358,5.27,91,0,10000,1022,9.76,73,358,5.27,91,0,10000,1022,9.76,73,358,5.27,91,0,10000,1022,9.76,73,358,5.27,91,0,10000,1022,9.76,73,358,5.27,91,0,10000,1022,9.76,73,358,5.27,91,0,10000,1022,9.76,73,358,5.27,91,0,10000,1022,9.76,73,358,5.27,91,0,10000,1022,9.76,73,358,5.27,91,0,10000
1023,8.84,81,360,1.54,100,0,10000,20,0,9,2,1022,7.57,82,357,3.66,38,0,10000,1022,7.57,82,357,3.66,38,0,10000,1022,7.57,82,357,3.66,38,0,10000,1022,7.57,82,357,3.66,38,0,10000,1022,7.57,82,357,3.66,38,0,10000,1022,7.57,82,357,3.66,38,0,10000,1022,7.57,82,357,3.66,38,0,10000,1022,7.57,82,357,3.66,38,0,10000,1022,7.57,82,357,3.66,38,0,10000,1022,7.57,82,357,3.66,38,0,10000,1022,7.57,82,357,3.66,38,0,10000,1022,7.57,82,357,3.66,38,0,10000
1023,8.84,81,360,1.54,100,0,10000,23,0,9,2,1022,8.6,78,39,2.73,65,0,10000,1022,8.6,78,39,2.73,65,0,10000,1022,8.6,78,39,2.73,65,0,10000,1022,8.6,78,39,2.73,65,0,10000,1022,8.6,78,39,2.73,65,0,10000,1022,8.6,78,39,2.73,65,0,10000,1022,8.6,78,39,2.73,65,0,10000,1022,8.6,78,39,2.73,65,0,10000,1022,8.6,78,39,2.73,65,0,10000,1022,8.6,78,39,2.73,65,0,10000,1022,8.6,78,39,2.73,65,0,10000,1022,8.6,78,39,2.73,65,0,10000
1023,8.84,81,360,1.54,100,0,10000,2,0,10,2,1020,6.37,81,220,0.97,62,0,10000,1020,6.37,81,220,0.97,62,0,10000,1020,6.37,81,220,0.97,62,0,10000,1020,6.37,81,220,0.97,62,0,10000,1020,6.37,81,220,0.97,62,0,10000,1020,6.37,81,220,0.97,62,0,10000,1020,6.37,81,220,0.97,62,0,10000,1020,6.37,81,220,0.97,62,0,10000,1020,6.37,81,220,0.97,62,0,10000,1020,6.37,81,220,0.97,62,0,10000,1020,6.37,81,220,0.97,62,0,10000,1020,6.37,81,220,0.97,62,0,10000
1023,8.84,81,360,1.54,100,0,10000,5,0,10,2,1019,8.02,79,249,1.53,82,0,10000,1019,8.02,79,249,1.53,82,0,10000,1019,8.02,79,249,1.53,82,0,10000,1019,8.02,79,249,1.53,82,0,10000,1019,8.02,79,249,1.53,82,0,10000,1019,8.02,79,249,1.53,82,0,10000,1019,8.02,79,249,1.53,82,0,10000,1019,8.02,79,249,1.53,82,0,10000,1019,8.02,79,249,1.53,82,0,10000,1019,8.02,79,249,1.53,82,0,10000,1019,8.02,79,249,1.53,82,0,10000,1019,8.02,79,249,1.53,82,0,10000
1023,8.84,81,360,1.54,100,0,10000,8,0,10,2,1023,8.84,81,7,3.29,100,0,10000,1023,8.84,81,7,3.29,100,0,10000,1023,8.84,81,7,3.29,100,0,10000,1023,8.84,81,7,3.29,100,0,10000,1023,8.84,81,7,3.29,100,0,10000,1023,8.84,81,7,3.29,100,0,10000,1023,8.84,81,7,3.29,100,0,10000,1023,8.84,81,7,3.29,100,0,10000,1023,8.84,81,7,3.29,100,0,10000,1023,8.84,81,7,3.29,100,0,10000,1023,8.84,81,7,3.29,100,0,10000,1023,8.84,81,7,3.29,100,0,10000
1023,8.84,81,360,1.54,100,0,10000,11,0,10,2,1023,9.21,79,353,4.86,99,0,10000,1023,9.21,79,353,4.86,99,0,10000,1023,9.21,79,353,4.86,99,0,10000,1023,9.21,79,353,4.86,99,0,10000,1023,9.21,79,353,4.86,99,0,10000,1023,9.21,79,353,4.86,99,0,10000,1023,9.21,79,353,4.86,99,0,10000,1023,9.21,79,353,4.86,99,0,10000,1023,9.21,79,353,4.86,99,0,10000,1023,9.21,79,353,4.86,99,0,10000,1023,9.21,79,353,4.86,99,0,10000,1023,9.21,79,353,4.86,99,0,10000
1023,8.84,81,360,1.54,100,0,10000,14,0,10,2,1022,9.79,71,358,6.09,99,0,10000,1022,9.79,71,358,6.09,99,0,10000,1022,9.79,71,358,6.09,99,0,10000,1022,9.79,71,358,6.09,99,0,10000,1022,9.79,71,358,6.09,99,0,10000,1022,9.79,71,358,6.09,99,0,10000,1022,9.79,71,358,6.09,99,0,10000,1022,9.79,71,358,6.09,99,0,10000,1022,9.79,71,358,6.09,99,0,10000,1022,9.79,71,358,6.09,99,0,10000,1022,9.79,71,358,6.09,99,0,10000,1022,9.79,71,358,6.09,99,0,10000
1023,8.84,81,360,1.54,100,0,10000,17,0,10,2,1022,9.76,73,358,5.27,91,0,10000,1022,9.76,73,358,5.27,91,0,10000,1022,9.76,73,358,5.27,91,0,10000,1022,9.76,73,358,5.27,91,0,10000,1022,9.76,73,358,5.27,91,0,10000,1022,9.76,73,358,5.27,91,0,10000,1022,9.76,73,358,5.27,91,0,10000,1022,9.76,73,358,5.27,91,0,10000,1022,9.76,73,358,5.27,91,0,10000,1022,9.76,73,358,5.27,91,0,10000,1022,9.76,73,358,5.27,91,0,10000,1022,9.76,73,358,5.27,91,0,10000
1023,8.84,81,360,1.54,100,0,10000,20,0,10,2,1022,7.57,82,357,3.66,38,0,10000,1022,7.57,82,357,3.66,38,0,10000,1022,7.57,82,357,3.66,38,0,10000,1022,7.57,82,357,3.66,38,0,10000,1022,7.57,82,357,3.66,38,0,10000,1022,7.57,82,357,3.66,38,0,10000,1022,7.57,82,357,3.66,38,0,10000,1022,7.57,82,357,3.66,38,0,10000,1022,7.57,82,357,3.66,38,0,10000,1022,7.57,82,357,3.66,38,0,10000,1022,7.57,82,357,3.66,38,0,10000,1022,7.57,82,357,3.66,38,0,10000
1023,8.84,81,360,1.54,100,0,10000,23,0,10,2,1022,8.6,78,39,2.73,65,0,10000,1022,8.6,78,39,2.73,65,0,10000,1022,8.6,78,39,2.73,65,0,10000,1022,8.6,78,39,2.73,65,0,10000,1022,8.6,78,39,2.73,65,0,10000,1022,8.6,78,39,2.73,65,0,10000,1022,8.6,78,39,2.73,65,0,10000,1022,8.6,78,39,2.73,65,0,10000,1022,8.6,78,39,2.73,65,0,10000,1022,8.6,78,39,2.73,65,0,10000,1022,8.6,78,39,2.73,65,0,10000,1022,8.6,78,39,2.73,65,0,10000
1023,8.84,81,360,1.54,100,0,10000,2,0,11,2,1020,6.37,81,220,0.97,62,0,10000,1020,6.37,81,220,0.97,62,0,10000,1020,6.37,81,220,0.97,62,0,10000,1020,6.37,81,220,0.97,62,0,10000,1020,6.37,81,220,0.97,62,0,10000,1020,6.37,81,220,0.97,62,0,10000,1020,6.37,81,220,0.97,62,0,10000,1020,6.37,81,220,0.97,62,0,10000,1020,6.37,81,220,0.97,62,0,10000,1020,6.37,81,220,0.97,62,0,10000,1020,6.37,81,220,0.97,62,0,10000,1020,6.37,81,220,0.97,62,0,10000
1023,8.84,81,360,1.54,100,0,10000,5,0,11,2,1019,8.02,79,249,1.53,82,0,10000,1019,8.02,79,249,1.53,82,0,10000,1019,8.02,79,249,1.53,82,0,10000,1019,8.02,79,249,1.53,82,0,10000,1019,8.02,79,249,1.53,82,0,10000,1019,8.02,79,249,1.53,82,0,10000,1019,8.02,79,249,1.53,82,0,10000,1019,8.02,79,249,1.53,82,0,10000,1019,8.02,79,249,1.53,82,0,10000,1019,8.02,79,249,1.53,82,0,10000,1019,8.02,79,249,1.53,82,0,10000,1019,8.02,79,249,1.53,82,0,10000
1023,8.84,81,360,1.54,100,0,10000,8,0,11,2,1023,8.84,81,7,3.29,100,0,10000,1023,8.84,81,7,3.29,100,0,10000,1023,8.84,81,7,3.29,100,0,10000,1023,8.84,81,7,3.29,100,0,10000,1023,8.84,81,7,3.29,100,0,10000,1023,8.84,81,7,3.29,100,0,10000,1023,8.84,81,7,3.29,100,0,10000,1023,8.84,81,7,3.29,100,0,10000,1023,8.84,81,7,3.29,100,0,10000,1023,8.84,81,7,3.29,100,0,10000,1023,8.84,81,7,3.29,100,0,10000,1023,8.84,81,7,3.29,100,0,10000
1023,8.84,81,360,1.54,100,0,10000,11,0,11,2,1023,9.21,79,353,4.86,99,0,10000,1023,9.21,79,353,4.86,99,0,10000,1023,9.21,79,353,4.86,99,0,10000,1023,9.21,79,353,4.86,99,0,10000,1023,9.21,79,353,4.86,99,0,10000,1023,9.21,79,353,4.86,99,0,10000,1023,9.21,79,353,4.86,99,0,10000,1023,9.21,79,353,4.86,99,0,10000,1023,9.21,79,353,4.86,99,0,10000,1023,9.21,79,353,4.86,99,0,10000,1023,9.21,79,353,4.86,99,0,10000,1023,9.21,79,353,4.86,99,0,10000
1023,8.84,81,360,1.54,100,0,10000,14,0,11,2,1022,9.79,71,358,6.09,99,0,10000,1022,9.79,71,358,6.09,99,0,10000,1022,9.79,71,358,6.09,99,0,10000,1022,9.79,71,358,6.09,99,0,10000,1022,9.79,71,358,6.09,99,0,10000,1022,9.79,71,358,6.09,99,0,10000,1022,9.79,71,358,6.09,99,0,10000,1022,9.79,71,358,6.09,99,0,10000,1022,9.79,71,358,6.09,99,0,10000,1022,9.79,71,358,6.09,99,0,10000,1022,9.79,71,358,6.09,99,0,10000,1022,9.79,71,358,6.09,99,0,10000
1023,8.84,81,360,1.54,100,0,10000,17,0,11,2,1022,9.76,73,358,5.27,91,0,10000,1022,9.76,73,358,5.27,91,0,10000,1022,9.76,73,358,5.27,91,0,10000,1022,9.76,73,358,5.27,91,0,10000,1022,9.76,73,358,5.27,91,0,10000,1022,9.76,73,358,5.27,91,0,10000,1022,9.76,73,358,5.27,91,0,10000,1022,9.76,73,358,5.27,91,0,10000,1022,9.76,73,358,5.27,91,0,10000,1022,9.76,73,358,5.27,91,0,10000,1022,9.76,73,358,5.27,91,0,10000,1022,9.76,73,358,5.27,91,0,10000
1023,8.84,81,360,1.54,100,0,10000,20,0,11,2,1022,7.57,82,357,3.66,38,0,10000,1022,7.57,82,357,3.66,38,0,10000,1022,7.57,82,357,3.66,38,0,10000,1022,7.57,82,357,3.66,38,0,10000,1022,7.57,82,357,3.66,38,0,10000,1022,7.57,82,357,3.66,38,0,10000,1022,7.57,82,357,3.66,38,0,10000,1022,7.57,82,357,3.66,38,0,10000,1022,7.57,82,357,3.66,38,0,10000,1022,7.57,82,357,3.66,38,0,10000,1022,7.57,82,357,3.66,38,0,10000,1022,7.57,82,357,3.66,38,0,10000
1023,8.84,81,360,1.54,100,0,10000,23,0,11,2,1022,8.6,78,39,2.73,65,0,10000,1022,8.6,78,39,2.73,65,0,10000,1022,8.6,78,39,2.73,65,0,10000,1022,8.6,78,39,2.73,65,0,10000,1022,8.6,78,39,2.73,65,0,10000,1022,8.6,78,39,2.73,65,0,10000,1022,8.6,78,39,2.73,65,0,10000,1022,8.6,78,39,2.73,65,0,10000,1022,8.6,78,39,2.73,65,0,10000,1022,8.6,78,39,2.73,65,0,10000,1022,8.6,78,39,2.73,65,0,10000,1022,8.6,78,39,2.73,65,0,10000
1023,8.84,81,360,1.54,100,0,10000,2,0,12,2,1020,6.37,81,220,0.97,62,0,10000,1020,6.37,81,220,0.97,62,0,10000,1020,6.37,81,220,0.97,62,0,10000,1020,6.37,81,220,0.97,62,0,10000,1020,6.37,81,220,0.97,62,0,10000,1020,6.37,81,220,0.97,62,0,10000,1020,6.37,81,220,0.97,62,0,10000,1020,6.37,81,220,0.97,62,0,10000,1020,6.37,81,220,0.97,62,0,10000,1020,6.37,81,220,0.97,62,0,10000,1020,6.37,81,220,0.97,62,0,10000,1020,6.37,81,220,0.97,62,0,10000
1023,8.84,81,360,1.54,100,0,10000,5,0,12,2,1019,8.02,79,249,1.53,82,0,10000,1019,8.02,79,249,1.53,82,0,10000,1019,8.02,79,249,1.53,82,0,10000,1019,8.02,79,249,1.53,82,0,10000,1019,8.02,79,249,1.53,82,0,10000,1019,8.02,79,249,1.53,82,0,10000,1019,8.02,79,249,1.53,82,0,10000,1019,8.02,79,249,1.53,82,0,10000,1019,8.02,79,249,1.53,82,0,10000,1019,8.02,79,249,1.53,82,0,10000,1019,8.02,79,249,1.53,82,0,10000,1019,8.02,79,249,1.53,82,0,10000
1023,8.84,81,360,1.54,100,0,10000,8,0,12,2,1023,8.84,81,7,3.29,100,0,10000,1023,8.84,81,7,3.29,100,0,10000,1023,8.84,81,7,3.29,100,0,10000,1023,8.84,81,7,3.29,100,0,10000,1023,8.84,81,7,3.29,100,0,10000,1023,8.84,81,7,3.29,100,0,10000,1023,8.84,81,7,3.29,100,0,10000,1023,8.84,81,7,3.29,100,0,10000,1023,8.84,81,7,3.29,100,0,10000,1023,8.84,81,7,3.29,100,0,10000,1023,8.84,81,7,3.29,100,0,10000,1023,8.84,81,7,3.29,100,0,10000
1023,8.84,81,360,1.54,100,0,10000,11,0,12,2,1023,9.21,79,353,4.86,99,0,10000,1023,9.21,79,353,4.86,99,0,10000,1023,9.21,79,353,4.86,99,0,10000,1023,9.21,79,353,4.86,99,0,10000,1023,9.21,79,353,4.86,99,0,10000,1023,9.21,79,353,4.86,99,0,10000,1023,9.21,79,353,4.86,99,0,10000,1023,9.21,79,353,4.86,99,0,10000,1023,9.21,79,353,4.86,99,0,10000,1023,9.21,79,353,4.86,99,0,10000,1023,9.21,79,353,4.86,99,0,10000,1023,9.21,79,353,4.86,99,0,10000
1023,8.84,81,360,1.54,100,0,10000,14,0,12,2,1022,9.79,71,358,6.09,99,0,10000,1022,9.79,71,358,6.09,99,0,10000,1022,9.79,71,358,6.09,99,0,10000,1022,9.79,71,358,6.09,99,0,10000,1022,9.79,71,358,6.09,99,0,10000,1022,9.79,71,358,6.09,99,0,10000,1022,9.79,71,358,6.09,99,0,10000,1022,9.79,71,358,6.09,99,0,10000,1022,9.79,71,358,6.09,99,0,10000,1022,9.79,71,358,6.09,99,0,10000,1022,9.79,71,358,6.09,99,0,10000,1022,9.79,71,358,6.09,99,0,10000
1023,8.84,81,360,1.54,100,0,10000,17,0,12,2,1022,9.76,73,358,5.27,91,0,10000,1022,9.76,73,358,5.27,91,0,10000,1022,9.76,73,358,5.27,91,0,10000,1022,9.76,73,358,5.27,91,0,10000,1022,9.76,73,358,5.27,91,0,10000,1022,9.76,73,358,5.27,91,0,10000,1022,9.76,73,358,5.27,91,0,10000,1022,9.76,73,358,5.27,91,0,10000,1022,9.76,73,358,5.27,91,0,10000,1022,9.76,73,358,5.27,91,0,10000,1022,9.76,73,358,5.27,91,0,10000,1022,9.76,73,358,5.27,91,0,10000
1023,8.84,81,360,1.54,100,0,10000,20,0,12,2,1022,7.57,82,357,3.66,38,0,10000,1022,7.57,82,357,3.66,38,0,10000,1022,7.57,82,357,3.66,38,0,10000,1022,7.57,82,357,3.66,38,0,10000,1022,7.57,82,357,3.66,38,0,10000,1022,7.57,82,357,3.66,38,0,10000,1022,7.57,82,357,3.66,38,0,10000,1022,7.57,82,357,3.66,38,0,10000,1022,7.57,82,357,3.66,38,0,10000,1022,7.57,82,357,3.66,38,0,10000,1022,7.57,82,357,3.66,38,0,10000,1022,7.57,82,357,3.66,38,0,10000
1023,8.84,81,360,1.54,100,0,10000,23,0,12,2,1022,8.6,78,39,2.73,65,0,10000,1022,8.6,78,39,2.73,65,0,10000,1022,8.6,78,39,2.73,65,0,10000,1022,8.6,78,39,2.73,65,0,10000,1022,8.6,78,39,2.73,65,0,10000,1022,8.6,78,39,2.73,65,0,10000,1022,8.6,78,39,2.73,65,0,10000,1022,8.6,78,39,2.73,65,0,10000,1022,8.6,78,39,2.73,65,0,10000,1022,8.6,78,39,2.73,65,0,10000,1022,8.6,78,39,2.73,65,0,10000,1022,8.6,78,39,2.73,65,0,10000
1023,8.84,81,360,1.54,100,0,10000,2,0,13,2,1020,6.37,81,220,0.97,62,0,10000,1020,6.37,81,220,0.97,62,0,10000,1020,6.37,81,220,0.97,62,0,10000,1020,6.37,81,220,0.97,62,0,10000,1020,6.37,81,220,0.97,62,0,10000,1020,6.37,81,220,0.97,62,0,10000,1020,6.37,81,220,0.97,62,0,10000,1020,6.37,81,220,0.97,62,0,10000,1020,6.37,81,220,0.97,62,0,10000,1020,6.37,81,220,0.97,62,0,10000,1020,6.37,81,220,0.97,62,0,10000,1020,6.37,81,220,0.97,62,0,10000
1023,8.84,81,360,1.54,100,0,10000,5,0,13,2,1019,8.02,79,249,1.53,82,0,10000,1019,8.02,79,249,1.53,82,0,10000,1019,8.02,79,249,1.53,82,0,10000,1019,8.02,79,249,1.53,82,0,10000,1019,8.02,79,249,1.53,82,0,10000,1019,8.02,79,249,1.53,82,0,10000,1019,8.02,79,249,1.53,82,0,10000,1019,8.02,79,249,1.53,82,0,10000,1019,8.02,79,249,1.53,82,0,10000,1019,8.02,79,249,1.53,82,0,10000,1019,8.02,79,249,1.53,82,0,10000,1019,8.02,79,249,1.53,82,0,10000
1023,8.84,81,360,1.54,100,0,10000,8,0,13,2,1023,8.84,81,7,3.29,100,0,10000,1023,8.84,81,7,3.29,100,0,10000,1023,8.84,81,7,3.29,100,0,10000,1023,8.84,81,7,3.29,100,0,10000,1023,8.84,81,7,3.29,100,0,10000,1023,8.84,81,7,3.29,100,0,10000,1023,8.84,81,7,3.29,100,0,10000,1023,8.84,81,7,3.29,100,0,10000,1023,8.84,81,7,3.29,100,0,10000,1023,8.84,81,7,3.29,100,0,10000,1023,8.84,81,7,3.29,100,0,10000,1023,8.84,81,7,3.29,100,0,10000
1023,8.84,81,360,1.54,100,0,10000,11,0,13,2,1023,9.21,79,353,4.86,99,0,10000,1023,9.21,79,353,4.86,99,0,10000,1023,9.21,79,353,4.86,99,0,10000,1023,9.21,79,353,4.86,99,0,10000,1023,9.21,79,353,4.86,99,0,10000,1023,9.21,79,353,4.86,99,0,10000,1023,9.21,79,353,4.86,99,0,10000,1023,9.21,79,353,4.86,99,0,10000,1023,9.21,79,353,4.86,99,0,10000,1023,9.21,79,353,4.86,99,0,10000,1023,9.21,79,353,4.86,99,0,10000,1023,9.21,79,353,4.86,99,0,10000
1023,8.84,81,360,1.54,100,0,10000,14,0,13,2,1022,9.79,71,358,6.09,99,0,10000,1022,9.79,71,358,6.09,99,0,10000,1022,9.79,71,358,6.09,99,0,10000,1022,9.79,71,358,6.09,99,0,10000,1022,9.79,71,358,6.09,99,0,10000,1022,9.79,71,358,6.09,99,0,10000,1022,9.79,71,358,6.09,99,0,10000,1022,9.79,71,358,6.09,99,0,10000,1022,9.79,71,358,6.09,99,0,10000,1022,9.79,71,358,6.09,99,0,10000,1022,9.79,71,358,6.09,99,0,10000,1022,9.79,71,358,6.09,99,0,10000
1023,8.84,81,360,1.54,100,0,10000,17,0,13,2,1022,9.76,73,358,5.27,91,0,10000,1022,9.76,73,358,5.27,91,0,10000,1022,9.76,73,358,5.27,91,0,10000,1022,9.76,73,358,5.27,91,0,10000,1022,9.76,73,358,5.27,91,0,10000,1022,9.76,73,358,5.27,91,0,10000,1022,9.76,73,358,5.27,91,0,10000,1022,9.76,73,358,5.27,91,0,10000,1022,9.76,73,358,5.27,91,0,10000,1022,9.76,73,358,5.27,91,0,10000,1022,9.76,73,358,5.27,91,0,10000,1022,9.76,73,358,5.27,91,0,10000
1023,8.84,81,360,1.54,100,0,10000,20,0,13,2,1022,7.57,82,357,3.66,38,0,10000,1022,7.57,82,357,3.66,38,0,10000,1022,7.57,82,357,3.66,38,0,10000,1022,7.57,82,357,3.66,38,0,10000,1022,7.57,82,357,3.66,38,0,10000,1022,7.57,82,357,3.66,38,0,10000,1022,7.57,82,357,3.66,38,0,10000,1022,7.57,82,357,3.66,38,0,10000,1022,7.57,82,357,3.66,38,0,10000,1022,7.57,82,357,3.66,38,0,10000,1022,7.57,82,357,3.66,38,0,10000,1022,7.57,82,357,3.66,38,0,10000
1023,8.84,81,360,1.54,100,0,10000,23,0,13,2,1022,8.6,78,39,2.73,65,0,10000,1022,8.6,78,39,2.73,65,0,10000,1022,8.6,78,39,2.73,65,0,10000,1022,8.6,78,39,2.73,65,0,10000,1022,8.6,78,39,2.73,65,0,10000,1022,8.6,78,39,2.73,65,0,10000,1022,8.6,78,39,2.73,65,0,10000,1022,8.6,78,39,2.73,65,0,10000,1022,8.6,78,39,2.73,65,0,10000,1022,8.6,78,39,2.73,65,0,10000,1022,8.6,78,39,2.73,65,0,10000,1022,8.6,78,39,2.73,65,0,10000
1023,8.84,81,360,1.54,100,0,10000,2,0,14,2,1020,6.37,81,220,0.97,62,0,10000,1020,6.37,81,220,0.97,62,0,10000,1020,6.37,81,220,0.97,62,0,10000,1020,6.37,81,220,0.97,62,0,10000,1020,6.37,81,220,0.97,62,0,10000,1020,6.37,81,220,0.97,62,0,10000,1020,6.37,81,220,0.97,62,0,10000,1020,6.37,81,220,0.97,62,0,10000,1020,6.37,81,220,0.97,62,0,10000,1020,6.37,81,220,0.97,62,0,10000,1020,6.37,81,220,0.97,62,0,10000,1020,6.37,81,220,0.97,62,0,10000
1023,8.84,81,360,1.54,100,0,10000,5,0,14,2,1019,8.02,79,249,1.53,82,0,10000,1019,8.02,79,249,1.53,82,0,10000,1019,8.02,79,249,1.53,82,0,10000,1019,8.02,79,249,1.53,82,0,10000,1019,8.02,79,249,1.53,82,0,10000,1019,8.02,79,249,1.53,82,0,10000,1019,8.02,79,249,1.53,82,0,10000,1019,8.02,79,249,1.53,82,0,10000,1019,8.02,79,249,1.53,82,0,10000,1019,8.02,79,249,1.53,82,0,10000,1019,8.02,79,249,1.53,82,0,10000,1019,8.02,79,249,1.53,82,0,10000
1023,8.84,81,360,1.54,100,0,10000,8,0,14,2,1023,8.84,81,7,3.29,100,0,10000,1023,8.84,81,7,3.29,100,0,10000,1023,8.84,81,7,3.29,100,0,10000,1023,8.84,81,7,3.29,100,0,10000,1023,8.84,81,7,3.29,100,0,10000,1023,8.84,81,7,3.29,100,0,10000,1023,8.84,81,7,3.29,100,0,10000,1023,8.84,81,7,3.29,100,0,10000,1023,8.84,81,7,3.29,100,0,10000,1023,8.84,81,7,3.29,100,0,10000,1023,8.84,81,7,3.29,100,0,10000,1023,8.84,81,7,3.29,100,0,10000
1023,8.84,81,360,1.54,100,0,10000,11,0,14,2,1023,9.21,79,353,4.86,99,0,10000,1023,9.21,79,353,4.86,99,0,10000,1023,9.21,79,353,4.86,99,0,10000,1023,9.21,79,353,4.86,99,0,10000,1023,9.21,79,353,4.86,99,0,10000,1023,9.21,79,353,4.86,99,0,10000,1023,9.21,79,353,4.86,99,0,10000,1023,9.21,79,353,4.86,99,0,10000,1023,9.21,79,353,4.86,99,0,10000,1023,9.21,79,353,4.86,99,0,10000,1023,9.21,79,353,4.86,99,0,10000,1023,9.21,79,353,4.86,99,0,10000
1023,8.84,81,360,1.54,100,0,10000,14,0,14,2,1022,9.79,71,358,6.09,99,0,10000,1022,9.79,71,358,6.09,99,0,10000,1022,9.79,71,358,6.09,99,0,10000,1022,9.79,71,358,6.09,99,0,10000,1022,9.79,71,358,6.09,99,0,10000,1022,9.79,71,358,6.09,99,0,10000,1022,9.79,71,358,6.09,99,0,10000,1022,9.79,71,358,6.09,99,0,10000,1022,9.79,71,358,6.09,99,0,10000,1022,9.79,71,358,6.09,99,0,10000,1022,9.79,71,358,6.09,99,0,10000,1022,9.79,71,358,6.09,99,0,10000
1023,8.84,81,360,1.54,100,0,10000,17,0,14,2,1022,9.76,73,358,5.27,91,0,10000,1022,9.76,73,358,5.27,91,0,10000,1022,9.76,73,358,5.27,91,0,10000,1022,9.76,73,358,5.27,91,0,10000,1022,9.76,73,358,5.27,91,0,10000,1022,9.76,73,358,5.27,91,0,10000,1022,9.76,73,358,5.27,91,0,10000,1022,9.76,73,358,5.27,91,0,10000,1022,9.76,73,358,5.27,91,0,10000,1022,9.76,73,358,5.27,91,0,10000,1022,9.76,73,358,5.27,91,0,10000,1022,9.76,73,358,5.27,91,0,10000
1023,8.84,81,360,1.54,100,0,10000,20,0,14,2,1022,7.57,82,357,3.66,38,0,10000,1022,7.57,82,357,3.66,38,0,10000,1022,7.57,82,357,3.66,38,0,10000,1022,7.57,82,357,3.66,38,0,10000,1022,7.57,82,357,3.66,38,0,10000,1022,7.57,82,357,3.66,38,0,10000,1022,7.57,82,357,3.66,38,0,10000,1022,7.57,82,357,3.66,38,0,10000,1022,7.57,82,357,3.66,38,0,10000,1022,7.57,82,357,3.66,38,0,10000,1022,7.57,82,357,3.66,38,0,10000,1022,7.57,82,357,3.66,38,0,10000
1023,8.84,81,360,1.54,100,0,10000,23,0,14,2,1022,8.6,78,39,2.73,65,0,10000,1022,8.6,78,39,2.73,65,0,10000,1022,8.6,78,39,2.73,65,0,10000,1022,8.6,78,39,2.73,65,0,10000,1022,8.6,78,39,2.73,65,0,10000,1022,8.6,78,39,2.73,65,0,10000,1022,8.6,78,39,2.73,65,0,10000,1022,8.6,78,39,2.73,65,0,10000,1022,8.6,78,39,2.73,65,0,10000,1022,8.6,78,39,2.73,65,0,10000,1022,8.6,78,39,2.73,65,0,10000,1022,8.6,78,39,2.73,65,0,10000
1023,8.84,81,360,1.54,100,0,10000,2,0,15,2,1020,6.37,81,220,0.97,62,0,10000,1020,6.37,81,220,0.97,62,0,10000,1020,6.37,81,220,0.97,62,0,10000,1020,6.37,81,220,0.97,62,0,10000,1020,6.37,81,220,0.97,62,0,10000,1020,6.37,81,220,0.97,62,0,10000,1020,6.37,81,220,0.97,62,0,10000,1020,6.37,81,220,0.97,62,0,10000,1020,6.37,81,220,0.97,62,0,10000,1020,6.37,81,220,0.97,62,0,10000,1020,6.37,81,220,0.97,62,0,10000,1020,6.37,81,220,0.97,62,0,10000
1023,8.84,81,360,1.54,100,0,10000,5,0,15,2,1019,8.02,79,249,1.53,82,0,10000,1019,8.02,79,249,1.53,82,0,10000,1019,8.02,79,249,1.53,82,0,10000,1019,8.02,79,249,1.53,82,0,10000,1019,8.02,79,249,1.53,82,0,10000,1019,8.02,79,249,1.53,82,0,10000,1019,8.02,79,249,1.53,82,0,10000,1019,8.02,79,249,1.53,82,0,10000,1019,8.02,79,249,1.53,82,0,10000,1019,8.02,79,249,1.53,82,0,10000,1019,8.02,79,249,1.53,82,0,10000,1019,8.02,79,249,1.53,82,0,10000
1023,8.84,81,360,1.54,100,0,10000,8,0,15,2,1023,8.84,81,7,3.29,100,0,10000,1023,8.84,81,7,3.29,100,0,10000,1023,8.84,81,7,3.29,100,0,10000,1023,8.84,81,7,3.29,100,0,10000,1023,8.84,81,7,3.29,100,0,10000,1023,8.84,81,7,3.29,100,0,10000,1023,8.84,81,7,3.29,100,0,10000,1023,8.84,81,7,3.29,100,0,10000,1023,8.84,81,7,3.29,100,0,10000,1023,8.84,81,7,3.29,100,0,10000,1023,8.84,81,7,3.29,100,0,10000,1023,8.84,81,7,3.29,100,0,10000
1023,8.84,81,360,1.54,100,0,10000,11,0,15,2,1023,9.21,79,353,4.86,99,0,10000,1023,9.21,79,353,4.86,99,0,10000,1023,9.21,79,353,4.86,99,0,10000,1023,9.21,79,353,4.86,99,0,10000,1023,9.21,79,353,4.86,99,0,10000,1023,9.21,79,353,4.86,99,0,10000,1023,9.21,79,353,4.86,99,0,10000,1023,9.21,79,353,4.86,99,0,10000,1023,9.21,79,353,4.86,99,0,10000,1023,9.21,79,353,4.86,99,0,10000,1023,9.21,79,353,4.86,99,0,10000,1023,9.21,79,353,4.86,99,0,10000
1023,8.84,81,360,1.54,100,0,10000,14,0,15,2,1022,9.79,71,358,6.09,99,0,10000,1022,9.79,71,358,6.09,99,0,10000,1022,9.79,71,358,6.09,99,0,10000,1022,9.79,71,358,6.09,99,0,10000,1022,9.79,71,358,6.09,99,0,10000,1022,9.79,71,358,6.09,99,0,10000,1022,9.79,71,358,6.09,99,0,10000,1022,9.79,71,358,6.09,99,0,10000,1022,9.79,71,358,6.09,99,0,10000,1022,9.79,71,358,6.09,99,0,10000,1022,9.79,71,358,6.09,99,0,10000,1022,9.79,71,358,6.09,99,0,10000
1023,8.84,81,360,1.54,100,0,10000,17,0,15,2,1022,9.76,73,358,5.27,91,0,10000,1022,9.76,73,358,5.27,91,0,10000,1022,9.76,73,358,5.27,91,0,10000,1022,9.76,73,358,5.27,91,0,10000,1022,9.76,73,358,5.27,91,0,10000,1022,9.76,73,358,5.27,91,0,10000,1022,9.76,73,358,5.27,91,0,10000,1022,9.76,73,358,5.27,91,0,10000,1022,9.76,73,358,5.27,91,0,10000,1022,9.76,73,358,5.27,91,0,10000,1022,9.76,73,358,5.27,91,0,10000,1022,9.76,73,358,5.27,91,0,10000
1023,8.84,81,360,1.54,100,0,10000,20,0,15,2,1022,7.57,82,357,3.66,38,0,10000,1022,7.57,82,357,3.66,38,0,10000,1022,7.57,82,357,3.66,38,0,10000,1022,7.57,82,357,3.66,38,0,10000,1022,7.57,82,357,3.66,38,0,10000,1022,7.57,82,357,3.66,38,0,10000,1022,7.57,82,357,3.66,38,0,10000,1022,7.57,82,357,3.66,38,0,10000,1022,7.57,82,357,3.66,38,0,10000,1022,7.57,82,357,3.66,38,0,10000,1022,7.57,82,357,3.66,38,0,10000,1022,7.57,82,357,3.66,38,0,10000
1023,8.84,81,360,1.54,100,0,10000,23,0,15,2,1022,8.6,78,39,2.73,65,0,10000,1022,8.6,78,39,2.73,65,0,10000,1022,8.6,78,39,2.73,65,0,10000,1022,8.6,78,39,2.73,65,0,10000,1022,8.6,78,39,2.73,65,0,10000,1022,8.6,78,39,2.73,65,0,10000,1022,8.6,78,39,2.73,65,0,10000,1022,8.6,78,39,2.73,65,0,10000,1022,8.6,78,39,2.73,65,0,10000,1022,8.6,78,39,2.73,65,0,10000,1022,8.6,78,39,2.73,65,0,10000,1022,8.6,78,39,2.73,65,0,10000
1023,8.84,81,360,1.54,100,0,10000,2,0,16,2,1020,6.37,81,220,0.97,62,0,10000,1020,6.37,81,220,0.97,62,0,10000,1020,6.37,81,220,0.97,62,0,10000,1020,6.37,81,220,0.97,62,0,10000,1020,6.37,81,220,0.97,62,0,10000,1020,6.37,81,220,0.97,62,0,10000,1020,6.37,81,220,0.97,62,0,10000,1020,6.37,81,220,0.97,62,0,10000,1020,6.37,81,220,0.97,62,0,10000,1020,6.37,81,220,0.97,62,0,10000,1020,6.37,81,220,0.97,62,0,10000,1020,6.37,81,220,0.97,62,0,10000
1023,8.84,81,360,1.54,100,0,10000,5,0,16,2,1019,8.02,79,249,1.53,82,0,10000,1019,8.02,79,249,1.53,82,0,10000,1019,8.02,79,249,1.53,82,0,10000,1019,8.02,79,249,1.53,82,0,10000,1019,8.02,79,249,1.53,82,0,10000,1019,8.02,79,249,1.53,82,0,10000,1019,8.02,79,249,1.53,82,0,10000,1019,8.02,79,249,1.53,82,0,10000,1019,8.02,79,249,1.53,82,0,10000,1019,8.02,79,249,1.53,82,0,10000,1019,8.02,79,249,1.53,82,0,10000,1019,8.02,79,249,1.53,82,0,10000
1023,8.84,81,360,1.54,100,0,10000,8,0,16,2,1023,8.84,81,7,3.29,100,0,10000,1023,8.84,81,7,3.29,100,0,10000,1023,8.84,81,7,3.29,100,0,10000,1023,8.84,81,7,3.29,100,0,10000,1023,8.84,81,7,3.29,100,0,10000,1023,8.84,81,7,3.29,100,0,10000,1023,8.84,81,7,3.29,100,0,10000,1023,8.84,81,7,3.29,100,0,10000,1023,8.84,81,7,3.29,100,0,10000,1023,8.84,81,7,3.29,100,0,10000,1023,8.84,81,7,3.29,100,0,10000,1023,8.84,81,7,3.29,100,0,10000
1023,8.84,81,360,1.54,100,0,10000,11,0,16,2,1023,9.21,79,353,4.86,99,0,10000,1023,9.21,79,353,4.86,99,0,10000,1023,9.21,79,353,4.86,99,0,10000,1023,9.21,79,353,4.86,99,0,10000,1023,9.21,79,353,4.86,99,0,10000,1023,9.21,79,353,4.86,99,0,10000,1023,9.21,79,353,4.86,99,0,10000,1023,9.21,79,353,4.86,99,0,10000,1023,9.21,79,353,4.86,99,0,10000,1023,9.21,79,353,4.86,99,0,10000,1023,9.21,79,353,4.86,99,0,10000,1023,9.21,79,353,4.86,99,0,10000
1023,8.84,81,360,1.54,100,0,10000,14,0,16,2,1022,9.79,71,358,6.09,99,0,10000,1022,9.79,71,358,6.09,99,0,10000,1022,9.79,71,358,6.09,99,0,10000,1022,9.79,71,358,6.09,99,0,10000,1022,9.79,71,358,6.09,99,0,10000,1022,9.79,71,358,6.09,99,0,10000,1022,9.79,71,358,6.09,99,0,10000,1022,9.79,71,358,6.09,99,0,10000,1022,9.79,71,358,6.09,99,0,10000,1022,9.79,71,358,6.09,99,0,10000,1022,9.79,71,358,6.09,99,0,10000,1022,9.79,71,358,6.09,99,0,10000
1023,8.84,81,360,1.54,100,0,10000,17,0,16,2,1022,9.76,73,358,5.27,91,0,10000,1022,9.76,73,358,5.27,91,0,10000,1022,9.76,73,358,5.27,91,0,10000,1022,9.76,73,358,5.27,91,0,10000,1022,9.76,73,358,5.27,91,0,10000,1022,9.76,73,358,5.27,91,0,10000,1022,9.76,73,358,5.27,91,0,10000,1022,9.76,73,358,5.27,91,0,10000,1022,9.76,73,358,5.27,91,0,10000,1022,9.76,73,358,5.27,91,0,10000,1022,9.76,73,358,5.27,91,0,10000,1022,9.76,73,358,5.27,91,0,10000
1023,8.84,81,360,1.54,100,0,10000,20,0,16,2,1022,7.57,82,357,3.66,38,0,10000,1022,7.57,82,357,3.66,38,0,10000,1022,7.57,82,357,3.66,38,0,10000,1022,7.57,82,357,3.66,38,0,10000,1022,7.57,82,357,3.66,38,0,10000,1022,7.57,82,357,3.66,38,0,10000,1022,7.57,82,357,3.66,38,0,10000,1022,7.57,82,357,3.66,38,0,10000,1022,7.57,82,357,3.66,38,0,10000,1022,7.57,82,357,3.66,38,0,10000,1022,7.57,82,357,3.66,38,0,10000,1022,7.57,82,357,3.66,38,0,10000
1023,8.84,81,360,1.54,100,0,10000,23,0,16,2,1022,8.6,78,39,2.73,65,0,10000,1022,8.6,78,39,2.73,65,0,10000,1022,8.6,78,39,2.73,65,0,10000,1022,8.6,78,39,2.73,65,0,10000,1022,8.6,78,39,2.73,65,0,10000,1022,8.6,78,39,2.73,65,0,10000,1022,8.6,78,39,2.73,65,0,10000,1022,8.6,78,39,2.73,65,0,10000,1022,8.6,78,39,2.73,65,0,10000,1022,8.6,78,39,2.73,65,0,10000,1022,8.6,78,39,2.73,65,0,10000,1022,8.6,78,39,2.73,65,0,10000
1023,8.84,81,360,1.54,100,0,10000,2,0,17,2,1020,6.37,81,220,0.97,62,0,10000,1020,6.37,81,220,0.97,62,0,10000,1020,6.37,81,220,0.97,62,0,10000,1020,6.37,81,220,0.97,62,0,10000,1020,6.37,81,220,0.97,62,0,10000,1020,6.37,81,220,0.97,62,0,10000,1020,6.37,81,220,0.97,62,0,10000,1020,6.37,81,220,0.97,62,0,10000,1020,6.37,81,220,0.97,62,0,10000,1020,6.37,81,220,0.97,62,0,10000,1020,6.37,81,220,0.97,62,0,10000,1020,6.37,81,220,0.97,62,0,10000
1023,8.84,81,360,1.54,100,0,10000,5,0,17,2,1019,8.02,79,249,1.53,82,0,10000,1019,8.02,79,249,1.53,82,0,10000,1019,8.02,79,249,1.53,82,0,10000,1019,8.02,79,249,1.53,82,0,10000,1019,8.02,79,249,1.53,82,0,10000,1019,8.02,79,249,1.53,82,0,10000,1019,8.02,79,249,1.53,82,0,10000,1019,8.02,79,249,1.53,82,0,10000,1019,8.02,79,249,1.53,82,0,10000,1019,8.02,79,249,1.53,82,0,10000,1019,8.02,79,249,1.53,82,0,10000,1019,8.02,79,249,1.53,82,0,10000
1023,8.84,81,360,1.54,100,0,10000,8,0,17,2,1023,8.84,81,7,3.29,100,0,10000,1023,8.84,81,7,3.29,100,0,10000,1023,8.84,81,7,3.29,100,0,10000,1023,8.84,81,7,3.29,100,0,10000,1023,8.84,81,7,3.29,100,0,10000,1023,8.84,81,7,3.29,100,0,10000,1023,8.84,81,7,3.29,100,0,10000,1023,8.84,81,7,3.29,100,0,10000,1023,8.84,81,7,3.29,100,0,10000,1023,8.84,81,7,3.29,100,0,10000,1023,8.84,81,7,3.29,100,0,10000,1023,8.84,81,7,3.29,100,0,10000
1023,8.84,81,360,1.54,100,0,10000,11,0,17,2,1023,9.21,79,353,4.86,99,0,10000,1023,9.21,79,353,4.86,99,0,10000,1023,9.21,79,353,4.86,99,0,10000,1023,9.21,79,353,4.86,99,0,10000,1023,9.21,79,353,4.86,99,0,10000,1023,9.21,79,353,4.86,99,0,10000,1023,9.21,79,353,4.86,99,0,10000,1023,9.21,79,353,4.86,99,0,10000,1023,9.21,79,353,4.86,99,0,10000,1023,9.21,79,353,4.86,99,0,10000,1023,9.21,79,353,4.86,99,0,10000,1023,9.21,79,353,4.86,99,0,10000
1023,8.84,81,360,1.54,100,0,10000,14,0,17,2,1022,9.79,71,358,6.09,99,0,10000,1022,9.79,71,358,6.09,99,0,10000,1022,9.79,71,358,6.09,99,0,10000,1022,9.79,71,358,6.09,99,0,10000,1022,9.79,71,358,6.09,99,0,10000,1022,9.79,71,358,6.09,99,0,10000,1022,9.79,71,358,6.09,99,0,10000,1022,9.79,71,358,6.09,99,0,10000,1022,9.79,71,358,6.09,99,0,10000,1022,9.79,71,358,6.09,99,0,10000,1022,9.79,71,358,6.09,99,0,10000,1022,9.79,71,358,6.09,99,0,10000
1023,8.84,81,360,1.54,100,0,10000,17,0,17,2,1022,9.76,73,358,5.27,91,0,10000,1022,9.76,73,358,5.27,91,0,10000,1022,9.76,73,358,5.27,91,0,10000,1022,9.76,73,358,5.27,91,0,10000,1022,9.76,73,358,5.27,91,0,10000,1022,9.76,73,358,5.27,91,0,10000,1022,9.76,73,358,5.27,91,0,10000,1022,9.76,73,358,5.27,91,0,10000,1022,9.76,73,358,5.27,91,0,10000,1022,9.76,73,358,5.27,91,0,10000,1022,9.76,73,358,5.27,91,0,10000,1022,9.76,73,358,5.27,91,0,10000
1023,8.84,81,360,1.54,100,0,10000,20,0,17,2,1022,7.57,82,357,3.66,38,0,10000,1022,7.57,82,357,3.66,38,0,10000,1022,7.57,82,357,3.66,38,0,10000,1022,7.57,82,357,3.66,38,0,10000,1022,7.57,82,357,3.66,38,0,10000,1022,7.57,82,357,3.66,38,0,10000,1022,7.57,82,357,3.66,38,0,10000,1022,7.57,82,357,3.66,38,0,10000,1022,7.57,82,357,3.66,38,0,10000,1022,7.57,82,357,3.66,38,0,10000,1022,7.57,82,357,3.66,38,0,10000,1022,7.57,82,357,3.66,38,0,10000
1023,8.84,81,360,1.54,100,0,10000,23,0,17,2,1022,8.6,78,39,2.73,65,0,10000,1022,8.6,78,39,2.73,65,0,10000,1022,8.6,78,39,2.73,65,0,10000,1022,8.6,78,39,2.73,65,0,10000,1022,8.6,78,39,2.73,65,0,10000,1022,8.6,78,39,2.73,65,0,10000,1022,8.6,78,39,2.73,65,0,10000,1022,8.6,78,39,2.73,65,0,10000,1022,8.6,78,39,2.73,65,0,10000,1022,8.6,78,39,2.73,65,0,10000,1022,8.6,78,39,2.73,65,0,10000,1022,8.6,78,39,2.73,65,0,10000
1023,8.84,81,360,1.54,100,0,10000,2,0,18,2,1020,6.37,81,220,0.97,62,0,10000,1020,6.37,81,220,0.97,62,0,10000,1020,6.37,81,220,0.97,62,0,10000,1020,6.37,81,220,0.97,62,0,10000,1020,6.37,81,220,0.97,62,0,10000,1020,6.37,81,220,0.97,62,0,10000,1020,6.37,81,220,0.97,62,0,10000,1020,6.37,81,220,0.97,62,0,10000,1020,6.37,81,220,0.97,62,0,10000,1020,6.37,81,220,0.97,62,0,10000,1020,6.37,81,220,0.97,62,0,10000,1020,6.37,81,220,0.97,62,0,10000
1023,8.84,81,360,1.54,100,0,10000,5,0,18,2,1019,8.02,79,249,1.53,82,0,10000,1019,8.02,79,249,1.53,82,0,10000,1019,8.02,79,249,1.53,82,0,10000,1019,8.02,79,249,1.53,82,0,10000,1019,8.02,79,249,1.53,82,0,10000,1019,8.02,79,249,1.53,82,0,10000,1019,8.02,79,249,1.53,82,0,10000,1019,8.02,79,249,1.53,82,0,10000,1019,8.02,79,249,1.53,82,0,10000,1019,8.02,79,249,1.53,82,0,10000,1019,8.02,79,249,1.53,82,0,10000,1019,8.02,79,249,1.53,82,0,10000
1023,8.84,81,360,1.54,100,0,10000,8,0,18,2,1023,8.84,81,7,3.29,100,0,10000,1023,8.84,81,7,3.29,100,0,10000,1023,8.84,81,7,3.29,100,0,10000,1023,8.84,81,7,3.29,100,0,10000,1023,8.84,81,7,3.29,100,0,10000,1023,8.84,81,7,3.29,100,0,10000,1023,8.84,81,7,3.29,100,0,10000,1023,8.84,81,7,3.29,100,0,10000,1023,8.84,81,7,3.29,100,0,10000,1023,8.84,81,7,3.29,100,0,10000,1023,8.84,81,7,3.29,100,0,10000,1023,8.84,81,7,3.29,100,0,10000
1023,8.84,81,360,1.54,100,0,10000,11,0,18,2,1023,9.21,79,353,4.86,99,0,10000,1023,9.21,79,353,4.86,99,0,10000,1023,9.21,79,353,4.86,99,0,10000,1023,9.21,79,353,4.86,99,0,10000,1023,9.21,79,353,4.86,99,0,10000,1023,9.21,79,353,4.86,99,0,10000,1023,9.21,79,353,4.86,99,0,10000,1023,9.21,79,353,4.86,99,0,10000,1023,9.21,79,353,4.86,99,0,10000,1023,9.21,79,353,4.86,99,0,10000,1023,9.21,79,353,4.86,99,0,10000,1023,9.21,79,353,4.86,99,0,10000
1023,8.84,81,360,1.54,100,0,10000,14,0,18,2,1022,9.79,71,358,6.09,99,0,10000,1022,9.79,71,358,6.09,99,0,10000,1022,9.79,71,358,6.09,99,0,10000,1022,9.79,71,358,6.09,99,0,10000,1022,9.79,71,358,6.09,99,0,10000,1022,9.79,71,358,6.09,99,0,10000,1022,9.79,71,358,6.09,99,0,10000,1022,9.79,71,358,6.09,99,0,10000,1022,9.79,71,358,6.09,99,0,10000,1022,9.79,71,358,6.09,99,0,10000,1022,9.79,71,358,6.09,99,0,10000,1022,9.79,71,358,6.09,99,0,10000
1023,8.84,81,360,1.54,100,0,10000,17,0,18,2,1022,9.76,73,358,5.27,91,0,10000,1022,9.76,73,358,5.27,91,0,10000,1022,9.76,73,358,5.27,91,0,10000,1022,9.76,73,358,5.27,91,0,10000,1022,9.76,73,358,5.27,91,0,10000,1022,9.76,73,358,5.27,91,0,10000,1022,9.76,73,358,5.27,91,0,10000,1022,9.76,73,358,5.27,91,0,10000,1022,9.76,73,358,5.27,91,0,10000,1022,9.76,73,358,5.27,91,0,10000,1022,9.76,73,358,5.27,91,0,10000,1022,9.76,73,358,5.27,91,0,10000
1023,8.84,81,360,1.54,100,0,10000,20,0,18,2,1022,7.57,82,357,3.66,38,0,10000,1022,7.57,82,357,3.66,38,0,10000,1022,7.57,82,357,3.66,38,0,10000,1022,7.57,82,357,3.66,38,0,10000,1022,7.57,82,357,3.66,38,0,10000,1022,7.57,82,357,3.66,38,0,10000,1022,7.57,82,357,3.66,38,0,10000,1022,7.57,82,357,3.66,38,0,10000,1022,7.57,82,357,3.66,38,0,10000,1022,7.57,82,357,3.66,38,0,10000,1022,7.57,82,357,3.66,38,0,10000,1022,7.57,82,357,3.66,38,0,10000
1023,8.84,81,360,1.54,100,0,10000,23,0,18,2,1022,8.6,78,39,2.73,65,0,10000,1022,8.6,78,39,2.73,65,0,10000,1022,8.6,78,39,2.73,65,0,10000,1022,8.6,78,39,2.73,65,0,10000,1022,8.6,78,39,2.73,65,0,10000,1022,8.6,78,39,2.73,65,0,10000,1022,8.6,78,39,2.73,65,0,10000,1022,8.6,78,39,2.73,65,0,10000,1022,8.6,78,39,2.73,65,0,10000,1022,8.6,78,39,2.73,65,0,10000,1022,8.6,78,39,2.73,65,0,10000,1022,8.6,78,39,2.73,65,0,10000
1023,8.84,81,360,1.54,100,0,10000,2,0,19,2,1020,6.37,81,220,0.97,62,0,10000,1020,6.37,81,220,0.97,62,0,10000,1020,6.37,81,220,0.97,62,0,10000,1020,6.37,81,220,0.97,62,0,10000,1020,6.37,81,220,0.97,62,0,10000,1020,6.37,81,220,0.97,62,0,10000,1020,6.37,81,220,0.97,62,0,10000,1020,6.37,81,220,0.97,62,0,10000,1020,6.37,81,220,0.97,62,0,10000,1020,6.37,81,220,0.97,62,0,10000,1020,6.37,81,220,0.97,62,0,10000,1020,6.37,81,220,0.97,62,0,10000
1023,8.84,81,360,1.54,100,0,10000,5,0,19,2,1019,8.02,79,249,1.53,82,0,10000,1019,8.02,79,249,1.53,82,0,10000,1019,8.02,79,249,1.53,82,0,10000,1019,8.02,79,249,1.53,82,0,10000,1019,8.02,79,249,1.53,82,0,10000,1019,8.02,79,249,1.53,82,0,10000,1019,8.02,79,249,1.53,82,0,10000,1019,8.02,79,249,1.53,82,0,10000,1019,8.02,79,249,1.53,82,0,10000,1019,8.02,79,249,1.53,82,0,10000,1019,8.02,79,249,1.53,82,0,10000,1019,8.02,79,249,1.53,82,0,10000
1023,8.84,81,360,1.54,100,0,10000,8,0,19,2,1023,8.84,81,7,3.29,100,0,10000,1023,8.84,81,7,3.29,100,0,10000,1023,8.84,81,7,3.29,100,0,10000,1023,8.84,81,7,3.29,100,0,10000,1023,8.84,81,7,3.29,100,0,10000,1023,8.84,81,7,3.29,100,0,10000,1023,8.84,81,7,3.29,100,0,10000,1023,8.84,81,7,3.29,100,0,10000,1023,8.84,81,7,3.29,100,0,10000,1023,8.84,81,7,3.29,100,0,10000,1023,8.84,81,7,3.29,100,0,10000,1023,8.84,81,7,3.29,100,0,10000
1023,8.84,81,360,1.54,100,0,10000,11,0,19,2,1023,9.21,79,353,4.86,99,0,10000,1023,9.21,79,353,4.86,99,0,10000,1023,9.21,79,353,4.86,99,0,10000,1023,9.21,79,353,4.86,99,0,10000,1023,9.21,79,353,4.86,99,0,10000,1023,9.21,79,353,4.86,99,0,10000,1023,9.21,79,353,4.86,99,0,10000,1023,9.21,79,353,4.86,99,0,10000,1023,9.21,79,353,4.86,99,0,10000,1023,9.21,79,353,4.86,99,0,10000,1023,9.21,79,353,4.86,99,0,10000,1023,9.21,79,353,4.86,99,0,10000
1023,8.84,81,360,1.54,100,0,10000,14,0,19,2,1022,9.79,71,358,6.09,99,0,10000,1022,9.79,71,358,6.09,99,0,10000,1022,9.79,71,358,6.09,99,0,10000,1022,9.79,71,358,6.09,99,0,10000,1022,9.79,71,358,6.09,99,0,10000,1022,9.79,71,358,6.09,99,0,10000,1022,9.79,71,358,6.09,99,0,10000,1022,9.79,71,358,6.09,99,0,10000,1022,9.79,71,358,6.09,99,0,10000,1022,9.79,71,358,6.09,99,0,10000,1022,9.79,71,358,6.09,99,0,10000,1022,9.79,71,358,6.09,99,0,10000
1023,8.84,81,360,1.54,100,0,10000,17,0,19,2,1022,9.76,73,358,5.27,91,0,10000,1022,9.76,73,358,5.27,91,0,10000,1022,9.76,73,358,5.27,91,0,10000,1022,9.76,73,358,5.27,91,0,10000,1022,9.76,73,358,5.27,91,0,10000,1022,9.76,73,358,5.27,91,0,10000,1022,9.76,73,358,5.27,91,0,10000,1022,9.76,73,358,5.27,91,0,10000,1022,9.76,73,358,5.27,91,0,10000,1022,9.76,73,358,5.27,91,0,10000,1022,9.76,73,358,5.27,91,0,10000,1022,9.76,73,358,5.27,91,0,10000
1023,8.84,81,360,1.54,100,0,10000,20,0,19,2,1022,7.57,82,357,3.66,38,0,10000,1022,7.57,82,357,3.66,38,0,10000,1022,7.57,82,357,3.66,38,0,10000,1022,7.57,82,357,3.66,38,0,10000,1022,7.57,82,357,3.66,38,0,10000,1022,7.57,82,357,3.66,38,0,10000,1022,7.57,82,357,3.66,38,0,10000,1022,7.57,82,357,3.66,38,0,10000,1022,7.57,82,357,3.66,38,0,10000,1022,7.57,82,357,3.66,38,0,10000,1022,7.57,82,357,3.66,38,0,10000,1022,7.57,82,357,3.66,38,0,10000
1023,8.84,81,360,1.54,100,0,10000,23,0,19,2,1022,8.6,78,39,2.73,65,0,10000,1022,8.6,78,39,2.73,65,0,10000,1022,8.6,78,39,2.73,65,0,10000,1022,8.6,78,39,2.73,65,0,10000,1022,8.6,78,39,2.73,65,0,10000,1022,8.6,78,39,2.73,65,0,10000,1022,8.6,78,39,2.73,65,0,10000,1022,8.6,78,39,2.73,65,0,10000,1022,8.6,78,39,2.73,65,0,10000,1022,8.6,78,39,2.73,65,0,10000,1022,8.6,78,39,2.73,65,0,10000,1022,8.6,78,39,2.73,65,0,10000
1023,8.84,81,360,1.54,100,0,10000,2,0,20,2,1020,6.37,81,220,0.97,62,0,10000,1020,6.37,81,220,0.97,62,0,10000,1020,6.37,81,220,0.97,62,0,10000,1020,6.37,81,220,0.97,62,0,10000,1020,6.37,81,220,0.97,62,0,10000,1020,6.37,81,220,0.97,62,0,10000,1020,6.37,81,220,0.97,62,0,10000,1020,6.37,81,220,0.97,62,0,10000,1020,6.37,81,220,0.97,62,0,10000,1020,6.37,81,220,0.97,62,0,10000,1020,6.37,81,220,0.97,62,0,10000,1020,6.37,81,220,0.97,62,0,10000
1023,8.84,81,360,1.54,100,0,10000,5,0,20,2,1019,8.02,79,249,1.53,82,0,10000,1019,8.02,79,249,1.53,82,0,10000,1019,8.02,79,249,1.53,82,0,10000,1019,8.02,79,249,1.53,82,0,10000,1019,8.02,79,249,1.53,82,0,10000,1019,8.02,79,249,1.53,82,0,10000,1019,8.02,79,249,1.53,82,0,10000,1019,8.02,79,249,1.53,82,0,10000,1019,8.02,79,249,1.53,82,0,10000,1019,8.02,79,249,1.53,82,0,10000,1019,8.02,79,249,1.53,82,0,10000,1019,8.02,79,249,1.53,82,0,10000
1023,8.84,81,360,1.54,100,0,10000,8,0,20,2,1023,8.84,81,7,3.29,100,0,10000,1023,8.84,81,7,3.29,100,0,10000,1023,8.84,81,7,3.29,100,0,10000,1023,8.84,81,7,3.29,100,0,10000,1023,8.84,81,7,3.29,100,0,10000,1023,8.84,81,7,3.29,100,0,10000,1023,8.84,81,7,3.29,100,0,10000,1023,8.84,81,7,3.29,100,0,10000,1023,8.84,81,7,3.29,100,0,10000,1023,8.84,81,7,3.29,100,0,10000,1023,8.84,81,7,3.29,100,0,10000,1023,8.84,81,7,3.29,100,0,10000
1023,8.84,81,360,1.54,100,0,10000,11,0,20,2,1023,9.21,79,353,4.86,99,0,10000,1023,9.21,79,353,4.86,99,0,10000,1023,9.21,79,353,4.86,99,0,10000,1023,9.21,79,353,4.86,99,0,10000,1023,9.21,79,353,4.86,99,0,10000,1023,9.21,79,353,4.86,99,0,10000,1023,9.21,79,353,4.86,99,0,10000,1023,9.21,79,353,4.86,99,0,10000,1023,9.21,79,353,4.86,99,0,10000,1023,9.21,79,353,4.86,99,0,10000,1023,9.21,79,353,4.86,99,0,10000,1023,9.21,79,353,4.86,99,0,10000
1023,8.84,81,360,1.54,100,0,10000,14,0,20,2,1022,9.79,71,358,6.09,99,0,10000,1022,9.79,71,358,6.09,99,0,10000,1022,9.79,71,358,6.09,99,0,10000,1022,9.79,71,358,6.09,99,0,10000,1022,9.79,71,358,6.09,99,0,10000,1022,9.79,71,358,6.09,99,0,10000,1022,9.79,71,358,6.09,99,0,10000,1022,9.79,71,358,6.09,99,0,10000,1022,9.79,71,358,6.09,99,0,10000,1022,9.79,71,358,6.09,99,0,10000,1022,9.79,71,358,6.09,99,0,10000,1022,9.79,71,358,6.09,99,0,10000
1023,8.84,81,360,1.54,100,0,10000,17,0,20,2,1022,9.76,73,358,5.27,91,0,10000,1022,9.76,73,358,5.27,91,0,10000,1022,9.76,73,358,5.27,91,0,10000,1022,9.76,73,358,5.27,91,0,10000,1022,9.76,73,358,5.27,91,0,10000,1022,9.76,73,358,5.27,91,0,10000,1022,9.76,73,358,5.27,91,0,10000,1022,9.76,73,358,5.27,91,0,10000,1022,9.76,73,358,5.27,91,0,10000,1022,9.76,73,358,5.27,91,0,10000,1022,9.76,73,358,5.27,91,0,10000,1022,9.76,73,358,5.27,91,0,10000
1023,8.84,81,360,1.54,100,0,10000,20,0,20,2,1022,7.57,82,357,3.66,38,0,10000,1022,7.57,82,357,3.66,38,0,10000,1022,7.57,82,357,3.66,38,0,10000,1022,7.57,82,357,3.66,38,0,10000,1022,7.57,82,357,3.66,38,0,10000,1022,7.57,82,357,3.66,38,0,10000,1022,7.57,82,357,3.66,38,0,10000,1022,7.57,82,357,3.66,38,0,10000,1022,7.57,82,357,3.66,38,0,10000,1022,7.57,82,357,3.66,38,0,10000,1022,7.57,82,357,3.66,38,0,10000,1022,7.57,82,357,3.66,38,0,10000
1023,8.84,81,360,1.54,100,0,10000,23,0,20,2,1022,8.6,78,39,2.73,65,0,10000,1022,8.6,78,39,2.73,65,0,10000,1022,8.6,78,39,2.73,65,0,10000,1022,8.6,78,39,2.73,65,0,10000,1022,8.6,78,39,2.73,65,0,10000,1022,8.6,78,39,2.73,65,0,10000,1022,8.6,78,39,2.73,65,0,10000,1022,8.6,78,39,2.73,65,0,10000,1022,8.6,78,39,2.73,65,0,10000,1022,8.6,78,39,2.73,65,0,10000,1022,8.6,78,39,2.73,65,0,10000,1022,8.6,78,39,2.73,65,0,10000
1023,8.84,81,360,1.54,100,0,10000,2,0,21,2,1020,6.37,81,220,0.97,62,0,10000,1020,6.37,81,220,0.97,62,0,10000,1020,6.37,81,220,0.97,62,0,10000,1020,6.37,81,220,0.97,62,0,10000,1020,6.37,81,220,0.97,62,0,10000,1020,6.37,81,220,0.97,62,0,10000,1020,6.37,81,220,0.97,62,0,10000,1020,6.37,81,220,0.97,62,0,10000,1020,6.37,81,220,0.97,62,0,10000,1020,6.37,81,220,0.97,62,0,10000,1020,6.37,81,220,0.97,62,0,10000,1020,6.37,81,220,0.97,62,0,10000
1023,8.84,81,360,1.54,100,0,10000,5,0,21,2,1019,8.02,79,249,1.53,82,0,10000,1019,8.02,79,249,1.53,82,0,10000,1019,8.02,79,249,1.53,82,0,10000,1019,8.02,79,249,1.53,82,0,10000,1019,8.02,79,249,1.53,82,0,10000,1019,8.02,79,249,1.53,82,0,10000,1019,8.02,79,249,1.53,82,0,10000,1019,8.02,79,249,1.53,82,0,10000,1019,8.02,79,249,1.53,82,0,10000,1019,8.02,79,249,1.53,82,0,10000,1019,8.02,79,249,1.53,82,0,10000,1019,8.02,79,249,1.53,82,0,10000
1023,8.84,81,360,1.54,100,0,10000,8,0,21,2,1023,8.84,81,7,3.29,100,0,10000,1023,8.84,81,7,3.29,100,0,10000,1023,8.84,81,7,3.29,100,0,10000,1023,8.84,81,7,3.29,100,0,10000,1023,8.84,81,7,3.29,100,0,10000,1023,8.84,81,7,3.29,100,0,10000,1023,8.84,81,7,3.29,100,0,10000,1023,8.84,81,7,3.29,100,0,10000,1023,8.84,81,7,3.29,100,0,10000,1023,8.84,81,7,3.29,100,0,10000,1023,8.84,81,7,3.29,100,0,10000,1023,8.84,81,7,3.29,100,0,10000
1023,8.84,81,360,1.54,100,0,10000,11,0,21,2,1023,9.21,79,353,4.86,99,0,10000,1023,9.21,79,353,4.86,99,0,10000,1023,9.21,79,353,4.86,99,0,10000,1023,9.21,79,353,4.86,99,0,10000,1023,9.21,79,353,4.86,99,0,10000,1023,9.21,79,353,4.86,99,0,10000,1023,9.21,79,353,4.86,99,0,10000,1023,9.21,79,353,4.86,99,0,10000,1023,9.21,79,353,4.86,99,0,10000,1023,9.21,79,353,4.86,99,0,10000,1023,9.21,79,353,4.86,99,0,10000,1023,9.21,79,353,4.86,99,0,10000
1023,8.84,81,360,1.54,100,0,10000,14,0,21,2,1022,9.79,71,358,6.09,99,0,10000,1022,9.79,71,358,6.09,99,0,10000,1022,9.79,71,358,6.09,99,0,10000,1022,9.79,71,358,6.09,99,0,10000,1022,9.79,71,358,6.09,99,0,10000,1022,9.79,71,358,6.09,99,0,10000,1022,9.79,71,358,6.09,99,0,10000,1022,9.79,71,358,6.09,99,0,10000,1022,9.79,71,358,6.09,99,0,10000,1022,9.79,71,358,6.09,99,0,10000,1022,9.79,71,358,6.09,99,0,10000,1022,9.79,71,358,6.09,99,0,10000
1023,8.84,81,360,1.54,100,0,10000,17,0,21,2,1022,9.76,73,358,5.27,91,0,10000,1022,9.76,73,358,5.27,91,0,10000,1022,9.76,73,358,5.27,91,0,10000,1022,9.76,73,358,5.27,91,0,10000,1022,9.76,73,358,5.27,91,0,10000,1022,9.76,73,358,5.27,91,0,10000,1022,9.76,73,358,5.27,91,0,10000,1022,9.76,73,358,5.27,91,0,10000,1022,9.76,73,358,5.27,91,0,10000,1022,9.76,73,358,5.27,91,0,10000,1022,9.76,73,358,5.27,91,0,10000,1022,9.76,73,358,5.27,91,0,10000
1023,8.84,81,360,1.54,100,0,10000,20,0,21,2,1022,7.57,82,357,3.66,38,0,10000,1022,7.57,82,357,3.66,38,0,10000,1022,7.57,82,357,3.66,38,0,10000,1022,7.57,82,357,3.66,38,0,10000,1022,7.57,82,357,3.66,38,0,10000,1022,7.57,82,357,3.66,38,0,10000,1022,7.57,82,357,3.66,38,0,10000,1022,7.57,82,357,3.66,38,0,10000,1022,7.57,82,357,3.66,38,0,10000,1022,7.57,82,357,3.66,38,0,10000,1022,7.57,82,357,3.66,38,0,10000,1022,7.57,82,357,3.66,38,0,10000
1023,8.84,81,360,1.54,100,0,10000,23,0,21,2,1022,8.6,78,39,2.73,65,0,10000,1022,8.6,78,39,2.73,65,0,10000,1022,8.6,78,39,2.73,65,0,10000,1022,8.6,78,39,2.73,65,0,10000,1022,8.6,78,39,2.73,65,0,10000,1022,8.6,78,39,2.73,65,0,10000,1022,8.6,78,39,2.73,65,0,10000,1022,8.6,78,39,2.73,65,0,10000,1022,8.6,78,39,2.73,65,0,10000,1022,8.6,78,39,2.73,65,0,10000,1022,8.6,78,39,2.73,65,0,10000,1022,8.6,78,39,2.73,65,0,10000
1023,8.84,81,360,1.54,100,0,10000,2,0,22,2,1020,6.37,81,220,0.97,62,0,10000,1020,6.37,81,220,0.97,62,0,10000,1020,6.37,81,220,0.97,62,0,10000,1020,6.37,81,220,0.97,62,0,10000,1020,6.37,81,220,0.97,62,0,10000,1020,6.37,81,220,0.97,62,0,10000,1020,6.37,81,220,0.97,62,0,10000,1020,6.37,81,220,0.97,62,0,10000,1020,6.37,81,220,0.97,62,0,10000,1020,6.37,81,220,0.97,62,0,10000,1020,6.37,81,220,0.97,62,0,10000,1020,6.37,81,220,0.97,62,0,10000
1023,8.84,81,360,1.54,100,0,10000,5,0,22,2,1019,8.02,79,249,1.53,82,0,10000,1019,8.02,79,249,1.53,82,0,10000,1019,8.02,79,249,1.53,82,0,10000,1019,8.02,79,249,1.53,82,0,10000,1019,8.02,79,249,1.53,82,0,10000,1019,8.02,79,249,1.53,82,0,10000,1019,8.02,79,249,1.53,82,0,10000,1019,8.02,79,249,1.53,82,0,10000,1019,8.02,79,249,1.53,82,0,10000,1019,8.02,79,249,1.53,82,0,10000,1019,8.02,79,249,1.53,82,0,10000,1019,8.02,79,249,1.53,82,0,10000
1023,8.84,81,360,1.54,100,0,10000,8,0,22,2,1023,8.84,81,7,3.29,100,0,10000,1023,8.84,81,7,3.29,100,0,10000,1023,8.84,81,7,3.29,100,0,10000,1023,8.84,81,7,3.29,100,0,10000,1023,8.84,81,7,3.29,100,0,10000,1023,8.84,81,7,3.29,100,0,10000,1023,8.84,81,7,3.29,100,0,10000,1023,8.84,81,7,3.29,100,0,10000,1023,8.84,81,7,3.29,100,0,10000,1023,8.84,81,7,3.29,100,0,10000,1023,8.84,81,7,3.29,100,0,10000,1023,8.84,81,7,3.29,100,0,10000
1023,8.84,81,360,1.54,100,0,10000,11,0,22,2,1023,9.21,79,353,4.86,99,0,10000,1023,9.21,79,353,4.86,99,0,10000,1023,9.21,79,353,4.86,99,0,10000,1023,9.21,79,353,4.86,99,0,10000,1023,9.21,79,353,4.86,99,0,10000,1023,9.21,79,353,4.86,99,0,10000,1023,9.21,79,353,4.86,99,0,10000,1023,9.21,79,353,4.86,99,0,10000,1023,9.21,79,353,4.86,99,0,10000,1023,9.21,79,353,4.86,99,0,10000,1023,9.21,79,353,4.86,99,0,10000,1023,9.21,79,353,4.86,99,0,10000
1023,8.84,81,360,1.54,100,0,10000,14,0,22,2,1022,9.79,71,358,6.09,99,0,10000,1022,9.79,71,358,6.09,99,0,10000,1022,9.79,71,358,6.09,99,0,10000,1022,9.79,71,358,6.09,99,0,10000,1022,9.79,71,358,6.09,99,0,10000,1022,9.79,71,358,6.09,99,0,10000,1022,9.79,71,358,6.09,99,0,10000,1022,9.79,71,358,6.09,99,0,10000,1022,9.79,71,358,6.09,99,0,10000,1022,9.79,71,358,6.09,99,0,10000,1022,9.79,71,358,6.09,99,0,10000,1022,9.79,71,358,6.09,99,0,10000
1023,8.84,81,360,1.54,100,0,10000,17,0,22,2,1022,9.76,73,358,5.27,91,0,10000,1022,9.76,73,358,5.27,91,0,10000,1022,9.76,73,358,5.27,91,0,10000,1022,9.76,73,358,5.27,91,0,10000,1022,9.76,73,358,5.27,91,0,10000,1022,9.76,73,358,5.27,91,0,10000,1022,9.76,73,358,5.27,91,0,10000,1022,9.76,73,358,5.27,91,0,10000,1022,9.76,73,358,5.27,91,0,10000,1022,9.76,73,358,5.27,91,0,10000,1022,9.76,73,358,5.27,91,0,10000,1022,9.76,73,358,5.27,91,0,10000
1023,8.84,81,360,1.54,100,0,10000,20,0,22,2,1022,7.57,82,357,3.66,38,0,10000,1022,7.57,82,357,3.66,38,0,10000,1022,7.57,82,357,3.66,38,0,10000,1022,7.57,82,357,3.66,38,0,10000,1022,7.57,82,357,3.66,38,0,10000,1022,7.57,82,357,3.66,38,0,10000,1022,7.57,82,357,3.66,38,0,10000,1022,7.57,82,357,3.66,38,0,10000,1022,7.57,82,357,3.66,38,0,10000,1022,7.57,82,357,3.66,38,0,10000,1022,7.57,82,357,3.66,38,0,10000,1022,7.57,82,357,3.66,38,0,10000
1023,8.84,81,360,1.54,100,0,10000,23,0,22,2,1022,8.6,78,39,2.73,65,0,10000,1022,8.6,78,39,2.73,65,0,10000,1022,8.6,78,39,2.73,65,0,10000,1022,8.6,78,39,2.73,65,0,10000,1022,8.6,78,39,2.73,65,0,10000,1022,8.6,78,39,2.73,65,0,10000,1022,8.6,78,39,2.73,65,0,10000,1022,8.6,78,39,2.73,65,0,10000,1022,8.6,78,39,2.73,65,0,10000,1022,8.6,78,39,2.73,65,0,10000,1022,8.6,78,39,2.73,65,0,10000,1022,8.6,78,39,2.73,65,0,10000
1023,8.84,81,360,1.54,100,0,10000,2,0,23,2,1020,6.37,81,220,0.97,62,0,10000,1020,6.37,81,220,0.97,62,0,10000,1020,6.37,81,220,0.97,62,0,10000,1020,6.37,81,220,0.97,62,0,10000,1020,6.37,81,220,0.97,62,0,10000,1020,6.37,81,220,0.97,62,0,10000,1020,6.37,81,220,0.97,62,0,10000,1020,6.37,81,220,0.97,62,0,10000,1020,6.37,81,220,0.97,62,0,10000,1020,6.37,81,220,0.97,62,0,10000,1020,6.37,81,220,0.97,62,0,10000,1020,6.37,81,220,0.97,62,0,10000
1023,8.84,81,360,1.54,100,0,10000,5,0,23,2,1019,8.02,79,249,1.53,82,0,10000,1019,8.02,79,249,1.53,82,0,10000,1019,8.02,79,249,1.53,82,0,10000,1019,8.02,79,249,1.53,82,0,10000,1019,8.02,79,249,1.53,82,0,10000,1019,8.02,79,249,1.53,82,0,10000,1019,8.02,79,249,1.53,82,0,10000,1019,8.02,79,249,1.53,82,0,10000,1019,8.02,79,249,1.53,82,0,10000,1019,8.02,79,249,1.53,82,0,10000,1019,8.02,79,249,1.53,82,0,10000,1019,8.02,79,249,1.53,82,0,10000
1023,8.84,81,360,1.54,100,0,10000,8,0,23,2,1023,8.84,81,7,3.29,100,0,10000,1023,8.84,81,7,3.29,100,0,10000,1023,8.84,81,7,3.29,100,0,10000,1023,8.84,81,7,3.29,100,0,10000,1023,8.84,81,7,3.29,100,0,10000,1023,8.84,81,7,3.29,100,0,10000,1023,8.84,81,7,3.29,100,0,10000,1023,8.84,81,7,3.29,100,0,10000,1023,8.84,81,7,3.29,100,0,10000,1023,8.84,81,7,3.29,100,0,10000,1023,8.84,81,7,3.29,100,0,10000,1023,8.84,81,7,3.29,100,0,10000
1023,8.84,81,360,1.54,100,0,10000,11,0,23,2,1023,9.21,79,353,4.86,99,0,10000,1023,9.21,79,353,4.86,99,0,10000,1023,9.21,79,353,4.86,99,0,10000,1023,9.21,79,353,4.86,99,0,10000,1023,9.21,79,353,4.86,99,0,10000,1023,9.21,79,353,4.86,99,0,10000,1023,9.21,79,353,4.86,99,0,10000,1023,9.21,79,353,4.86,99,0,10000,1023,9.21,79,353,4.86,99,0,10000,1023,9.21,79,353,4.86,99,0,10000,1023,9.21,79,353,4.86,99,0,10000,1023,9.21,79,353,4.86,99,0,10000
1023,8.84,81,360,1.54,100,0,10000,14,0,23,2,1022,9.79,71,358,6.09,99,0,10000,1022,9.79,71,358,6.09,99,0,10000,1022,9.79,71,358,6.09,99,0,10000,1022,9.79,71,358,6.09,99,0,10000,1022,9.79,71,358,6.09,99,0,10000,1022,9.79,71,358,6.09,99,0,10000,1022,9.79,71,358,6.09,99,0,10000,1022,9.79,71,358,6.09,99,0,10000,1022,9.79,71,358,6.09,99,0,10000,1022,9.79,71,358,6.09,99,0,10000,1022,9.79,71,358,6.09,99,0,10000,1022,9.79,71,358,6.09,99,0,10000
1023,8.84,81,360,1.54,100,0,10000,17,0,23,2,1022,9.76,73,358,5.27,91,0,10000,1022,9.76,73,358,5.27,91,0,10000,1022,9.76,73,358,5.27,91,0,10000,1022,9.76,73,358,5.27,91,0,10000,1022,9.76,73,358,5.27,91,0,10000,1022,9.76,73,358,5.27,91,0,10000,1022,9.76,73,358,5.27,91,0,10000,1022,9.76,73,358,5.27,91,0,10000,1022,9.76,73,358,5.27,91,0,10000,1022,9.76,73,358,5.27,91,0,10000,1022,9.76,73,358,5.27,91,0,10000,1022,9.76,73,358,5.27,91,0,10000
1023,8.84,81,360,1.54,100,0,10000,20,0,23,2,1022,7.57,82,357,3.66,38,0,10000,1022,7.57,82,357,3.66,38,0,10000,1022,7.57,82,357,3.66,38,0,10000,1022,7.57,82,357,3.66,38,0,10000,1022,7.57,82,357,3.66,38,0,10000,1022,7.57,82,357,3.66,38,0,10000,1022,7.57,82,357,3.66,38,0,10000,1022,7.57,82,357,3.66,38,0,10000,1022,7.57,82,357,3.66,38,0,10000,1022,7.57,82,357,3.66,38,0,10000,1022,7.57,82,357,3.66,38,0,10000,1022,7.57,82,357,3.66,38,0,10000
1023,8.84,81,360,1.54,100,0,10000,23,0,23,2,1022,8.6,78,39,2.73,65,0,10000,1022,8.6,78,39,2.73,65,0,10000,1022,8.6,78,39,2.73,65,0,10000,1022,8.6,78,39,2.73,65,0,10000,1022,8.6,78,39,2.73,65,0,10000,1022,8.6,78,39,2.73,65,0,10000,1022,8.6,78,39,2.73,65,0,10000,1022,8.6,78,39,2.73,65,0,10000,1022,8.6,78,39,2.73,65,0,10000,1022,8.6,78,39,2.73,65,0,10000,1022,8.6,78,39,2.73,65,0,10000,1022,8.6,78,39,2.73,65,0,10000
1023,8.84,81,360,1.54,100,0,10000,2,0,24,2,1020,6.37,81,220,0.97,62,0,10000,1020,6.37,81,220,0.97,62,0,10000,1020,6.37,81,220,0.97,62,0,10000,1020,6.37,81,220,0.97,62,0,10000,1020,6.37,81,220,0.97,62,0,10000,1020,6.37,81,220,0.97,62,0,10000,1020,6.37,81,220,0.97,62,0,10000,1020,6.37,81,220,0.97,62,0,10000,1020,6.37,81,220,0.97,62,0,10000,1020,6.37,81,220,0.97,62,0,10000,1020,6.37,81,220,0.97,62,0,10000,1020,6.37,81,220,0.97,62,0,10000
1023,8.84,81,360,1.54,100,0,10000,5,0,24,2,1019,8.02,79,249,1.53,82,0,10000,1019,8.02,79,249,1.53,82,0,10000,1019,8.02,79,249,1.53,82,0,10000,1019,8.02,79,249,1.53,82,0,10000,1019,8.02,79,249,1.53,82,0,10000,1019,8.02,79,249,1.53,82,0,10000,1019,8.02,79,249,1.53,82,0,10000,1019,8.02,79,249,1.53,82,0,10000,1019,8.02,79,249,1.53,82,0,10000,1019,8.02,79,249,1.53,82,0,10000,1019,8.02,79,249,1.53,82,0,10000,1019,8.02,79,249,1.53,82,0,10000
1023,8.84,81,360,1.54,100,0,10000,8,0,24,2,1023,8.84,81,7,3.29,100,0,10000,1023,8.84,81,7,3.29,100,0,10000,1023,8.84,81,7,3.29,100,0,10000,1023,8.84,81,7,3.29,100,0,10000,1023,8.84,81,7,3.29,100,0,10000,1023,8.84,81,7,3.29,100,0,10000,1023,8.84,81,7,3.29,100,0,10000,1023,8.84,81,7,3.29,100,0,10000,1023,8.84,81,7,3.29,100,0,10000,1023,8.84,81,7,3.29,100,0,10000,1023,8.84,81,7,3.29,100,0,10000,1023,8.84,81,7,3.29,100,0,10000
1023,8.84,81,360,1.54,100,0,10000,11,0,24,2,1023,9.21,79,353,4.86,99,0,10000,1023,9.21,79,353,4.86,99,0,10000,1023,9.21,79,353,4.86,99,0,10000,1023,9.21,79,353,4.86,99,0,10000,1023,9.21,79,353,4.86,99,0,10000,1023,9.21,79,353,4.86,99,0,10000,1023,9.21,79,353,4.86,99,0,10000,1023,9.21,79,353,4.86,99,0,10000,1023,9.21,79,353,4.86,99,0,10000,1023,9.21,79,353,4.86,99,0,10000,1023,9.21,79,353,4.86,99,0,10000,1023,9.21,79,353,4.86,99,0,10000
1023,8.84,81,360,1.54,100,0,10000,14,0,24,2,1022,9.79,71,358,6.09,99,0,10000,1022,9.79,71,358,6.09,99,0,10000,1022,9.79,71,358,6.09,99,0,10000,1022,9.79,71,358,6.09,99,0,10000,1022,9.79,71,358,6.09,99,0,10000,1022,9.79,71,358,6.09,99,0,10000,1022,9.79,71,358,6.09,99,0,10000,1022,9.79,71,358,6.09,99,0,10000,1022,9.79,71,358,6.09,99,0,10000,1022,9.79,71,358,6.09,99,0,10000,1022,9.79,71,358,6.09,99,0,10000,1022,9.79,71,358,6.09,99,0,10000
1023,8.84,81,360,1.54,100,0,10000,17,0,24,2,1022,9.76,73,358,5.27,91,0,10000,1022,9.76,73,358,5.27,91,0,10000,1022,9.76,73,358,5.27,91,0,10000,1022,9.76,73,358,5.27,91,0,10000,1022,9.76,73,358,5.27,91,0,10000,1022,9.76,73,358,5.27,91,0,10000,1022,9.76,73,358,5.27,91,0,10000,1022,9.76,73,358,5.27,91,0,10000,1022,9.76,73,358,5.27,91,0,10000,1022,9.76,73,358,5.27,91,0,10000,1022,9.76,73,358,5.27,91,0,10000,1022,9.76,73,358,5.27,91,0,10000
1023,8.84,81,360,1.54,100,0,10000,20,0,24,2,1022,7.57,82,357,3.66,38,0,10000,1022,7.57,82,357,3.66,38,0,10000,1022,7.57,82,357,3.66,38,0,10000,1022,7.57,82,357,3.66,38,0,10000,1022,7.57,82,357,3.66,38,0,10000,1022,7.57,82,357,3.66,38,0,10000,1022,7.57,82,357,3.66,38,0,10000,1022,7.57,82,357,3.66,38,0,10000,1022,7.57,82,357,3.66,38,0,10000,1022,7.57,82,357,3.66,38,0,10000,1022,7.57,82,357,3.66,38,0,10000,1022,7.57,82,357,3.66,38,0,10000
1023,8.84,81,360,1.54,100,0,10000,23,0,24,2,1022,8.6,78,39,2.73,65,0,10000,1022,8.6,78,39,2.73,65,0,10000,1022,8.6,78,39,2.73,65,0,10000,1022,8.6,78,39,2.73,65,0,10000,1022,8.6,78,39,2.73,65,0,10000,1022,8.6,78,39,2.73,65,0,10000,1022,8.6,78,39,2.73,65,0,10000,1022,8.6,78,39,2.73,65,0,10000,1022,8.6,78,39,2.73,65,0,10000,1022,8.6,78,39,2.73,65,0,10000,1022,8.6,78,39,2.73,65,0,10000,1022,8.6,78,39,2.73,65,0,10000
1023,8.84,81,360,1.54,100,0,10000,2,0,25,2,1020,6.37,81,220,0.97,62,0,10000,1020,6.37,81,220,0.97,62,0,10000,1020,6.37,81,220,0.97,62,0,10000,1020,6.37,81,220,0.97,62,0,10000,1020,6.37,81,220,0.97,62,0,10000,1020,6.37,81,220,0.97,62,0,10000,1020,6.37,81,220,0.97,62,0,10000,1020,6.37,81,220,0.97,62,0,10000,1020,6.37,81,220,0.97,62,0,10000,1020,6.37,81,220,0.97,62,0,10000,1020,6.37,81,220,0.97,62,0,10000,1020,6.37,81,220,0.97,62,0,10000
1023,8.84,81,360,1.54,100,0,10000,5,0,25,2,1019,8.02,79,249,1.53,82,0,10000,1019,8.02,79,249,1.53,82,0,10000,1019,8.02,79,249,1.53,82,0,10000,1019,8.02,79,249,1.53,82,0,10000,1019,8.02,79,249,1.53,82,0,10000,1019,8.02,79,249,1.53,82,0,10000,1019,8.02,79,249,1.53,82,0,10000,1019,8.02,79,249,1.53,82,0,10000,1019,8.02,79,249,1.53,82,0,10000,1019,8.02,79,249,1.53,82,0,10000,1019,8.02,79,249,1.53,82,0,10000,1019,8.02,79,249,1.53,82,0,10000
1023,8.84,81,360,1.54,100,0,10000,8,0,25,2,1023,8.84,81,7,3.29,100,0,10000,1023,8.84,81,7,3.29,100,0,10000,1023,8.84,81,7,3.29,100,0,10000,1023,8.84,81,7,3.29,100,0,10000,1023,8.84,81,7,3.29,100,0,10000,1023,8.84,81,7,3.29,100,0,10000,1023,8.84,81,7,3.29,100,0,10000,1023,8.84,81,7,3.29,100,0,10000,1023,8.84,81,7,3.29,100,0,10000,1023,8.84,81,7,3.29,100,0,10000,1023,8.84,81,7,3.29,100,0,10000,1023,8.84,81,7,3.29,100,0,10000
1023,8.84,81,360,1.54,100,0,10000,11,0,25,2,1023,9.21,79,353,4.86,99,0,10000,1023,9.21,79,353,4.86,99,0,10000,1023,9.21,79,353,4.86,99,0,10000,1023,9.21,79,353,4.86,99,0,10000,1023,9.21,79,353,4.86,99,0,10000,1023,9.21,79,353,4.86,99,0,10000,1023,9.21,79,353,4.86,99,0,10000,1023,9.21,79,353,4.86,99,0,10000,1023,9.21,79,353,4.86,99,0,10000,1023,9.21,79,353,4.86,99,0,10000,1023,9.21,79,353,4.86,99,0,10000,1023,9.21,79,353,4.86,99,0,10000
1023,8.84,81,360,1.54,100,0,10000,14,0,25,2,1022,9.79,71,358,6.09,99,0,10000,1022,9.79,71,358,6.09,99,0,10000,1022,9.79,71,358,6.09,99,0,10000,1022,9.79,71,358,6.09,99,0,10000,1022,9.79,71,358,6.09,99,0,10000,1022,9.79,71,358,6.09,99,0,10000,1022,9.79,71,358,6.09,99,0,10000,1022,9.79,71,358,6.09,99,0,10000,1022,9.79,71,358,6.09,99,0,10000,1022,9.79,71,358,6.09,99,0,10000,1022,9.79,71,358,6.09,99,0,10000,1022,9.79,71,358,6.09,99,0,10000
1023,8.84,81,360,1.54,100,0,10000,17,0,25,2,1022,9.76,73,358,5.27,91,0,10000,1022,9.76,73,358,5.27,91,0,10000,1022,9.76,73,358,5.27,91,0,10000,1022,9.76,73,358,5.27,91,0,10000,1022,9.76,73,358,5.27,91,0,10000,1022,9.76,73,358,5.27,91,0,10000,1022,9.76,73,358,5.27,91,0,10000,1022,9.76,73,358,5.27,91,0,10000,1022,9.76,73,358,5.27,91,0,10000,1022,9.76,73,358,5.27,91,0,10000,1022,9.76,73,358,5.27,91,0,10000,1022,9.76,73,358,5.27,91,0,10000
1023,8.84,81,360,1.54,100,0,10000,20,0,25,2,1022,7.57,82,357,3.66,38,0,10000,1022,7.57,82,357,3.66,38,0,10000,1022,7.57,82,357,3.66,38,0,10000,1022,7.57,82,357,3.66,38,0,10000,1022,7.57,82,357,3.66,38,0,10000,1022,7.57,82,357,3.66,38,0,10000,1022,7.57,82,357,3.66,38,0,10000,1022,7.57,82,357,3.66,38,0,10000,1022,7.57,82,357,3.66,38,0,10000,1022,7.57,82,357,3.66,38,0,10000,1022,7.57,82,357,3.66,38,0,10000,1022,7.57,82,357,3.66,38,0,10000
1023,8.84,81,360,1.54,100,0,10000,23,0,25,2,1022,8.6,78,39,2.73,65,0,10000,1022,8.6,78,39,2.73,65,0,10000,1022,8.6,78,39,2.73,65,0,10000,1022,8.6,78,39,2.73,65,0,10000,1022,8.6,78,39,2.73,65,0,10000,1022,8.6,78,39,2.73,65,0,10000,1022,8.6,78,39,2.73,65,0,10000,1022,8.6,78,39,2.73,65,0,10000,1022,8.6,78,39,2.73,65,0,10000,1022,8.6,78,39,2.73,65,0,10000,1022,8.6,78,39,2.73,65,0,10000,1022,8.6,78,39,2.73,65,0,10000
1023,8.84,81,360,1.54,100,0,10000,2,0,26,2,1020,6.37,81,220,0.97,62,0,10000,1020,6.37,81,220,0.97,62,0,10000,1020,6.37,81,220,0.97,62,0,10000,1020,6.37,81,220,0.97,62,0,10000,1020,6.37,81,220,0.97,62,0,10000,1020,6.37,81,220,0.97,62,0,10000,1020,6.37,81,220,0.97,62,0,10000,1020,6.37,81,220,0.97,62,0,10000,1020,6.37,81,220,0.97,62,0,10000,1020,6.37,81,220,0.97,62,0,10000,1020,6.37,81,220,0.97,62,0,10000,1020,6.37,81,220,0.97,62,0,10000
1023,8.84,81,360,1.54,100,0,10000,5,0,26,2,1019,8.02,79,249,1.53,82,0,10000,1019,8.02,79,249,1.53,82,0,10000,1019,8.02,79,249,1.53,82,0,10000,1019,8.02,79,249,1.53,82,0,10000,1019,8.02,79,249,1.53,82,0,10000,1019,8.02,79,249,1.53,82,0,10000,1019,8.02,79,249,1.53,82,0,10000,1019,8.02,79,249,1.53,82,0,10000,1019,8.02,79,249,1.53,82,0,10000,1019,8.02,79,249,1.53,82,0,10000,1019,8.02,79,249,1.53,82,0,10000,1019,8.02,79,249,1.53,82,0,10000
1023,8.84,81,360,1.54,100,0,10000,8,0,26,2,1023,8.84,81,7,3.29,100,0,10000,1023,8.84,81,7,3.29,100,0,10000,1023,8.84,81,7,3.29,100,0,10000,1023,8.84,81,7,3.29,100,0,10000,1023,8.84,81,7,3.29,100,0,10000,1023,8.84,81,7,3.29,100,0,10000,1023,8.84,81,7,3.29,100,0,10000,1023,8.84,81,7,3.29,100,0,10000,1023,8.84,81,7,3.29,100,0,10000,1023,8.84,81,7,3.29,100,0,10000,1023,8.84,81,7,3.29,100,0,10000,1023,8.84,81,7,3.29,100,0,10000
1023,8.84,81,360,1.54,100,0,10000,11,0,26,2,1023,9.21,79,353,4.86,99,0,10000,1023,9.21,79,353,4.86,99,0,10000,1023,9.21,79,353,4.86,99,0,10000,1023,9.21,79,353,4.86,99,0,10000,1023,9.21,79,353,4.86,99,0,10000,1023,9.21,79,353,4.86,99,0,10000,1023,9.21,79,353,4.86,99,0,10000,1023,9.21,79,353,4.86,99,0,10000,1023,9.21,79,353,4.86,99,0,10000,1023,9.21,79,353,4.86,99,0,10000,1023,9.21,79,353,4.86,99,0,10000,1023,9.21,79,353,4.86,99,0,10000
1023,8.84,81,360,1.54,100,0,10000,14,0,26,2,1022,9.79,71,358,6.09,99,0,10000,1022,9.79,71,358,6.09,99,0,10000,1022,9.79,71,358,6.09,99,0,10000,1022,9.79,71,358,6.09,99,0,10000,1022,9.79,71,358,6.09,99,0,10000,1022,9.79,71,358,6.09,99,0,10000,1022,9.79,71,358,6.09,99,0,10000,1022,9.79,71,358,6.09,99,0,10000,1022,9.79,71,358,6.09,99,0,10000,1022,9.79,71,358,6.09,99,0,10000,1022,9.79,71,358,6.09,99,0,10000,1022,9.79,71,358,6.09,99,0,10000
1023,8.84,81,360,1.54,100,0,10000,17,0,26,2,1022,9.76,73,358,5.27,91,0,10000,1022,9.76,73,358,5.27,91,0,10000,1022,9.76,73,358,5.27,91,0,10000,1022,9.76,73,358,5.27,91,0,10000,1022,9.76,73,358,5.27,91,0,10000,1022,9.76,73,358,5.27,91,0,10000,1022,9.76,73,358,5.27,91,0,10000,1022,9.76,73,358,5.27,91,0,10000,1022,9.76,73,358,5.27,91,0,10000,1022,9.76,73,358,5.27,91,0,10000,1022,9.76,73,358,5.27,91,0,10000,1022,9.76,73,358,5.27,91,0,10000
1023,8.84,81,360,1.54,100,0,10000,20,0,26,2,1022,7.57,82,357,3.66,38,0,10000,1022,7.57,82,357,3.66,38,0,10000,1022,7.57,82,357,3.66,38,0,10000,1022,7.57,82,357,3.66,38,0,10000,1022,7.57,82,357,3.66,38,0,10000,1022,7.57,82,357,3.66,38,0,10000,1022,7.57,82,357,3.66,38,0,10000,1022,7.57,82,357,3.66,38,0,10000,1022,7.57,82,357,3.66,38,0,10000,1022,7.57,82,357,3.66,38,0,10000,1022,7.57,82,357,3.66,38,0,10000,1022,7.57,82,357,3.66,38,0,10000
1023,8.84,81,360,1.54,100,0,10000,23,0,26,2,1022,8.6,78,39,2.73,65,0,10000,1022,8.6,78,39,2.73,65,0,10000,1022,8.6,78,39,2.73,65,0,10000,1022,8.6,78,39,2.73,65,0,10000,1022,8.6,78,39,2.73,65,0,10000,1022,8.6,78,39,2.73,65,0,10000,1022,8.6,78,39,2.73,65,0,10000,1022,8.6,78,39,2.73,65,0,10000,1022,8.6,78,39,2.73,65,0,10000,1022,8.6,78,39,2.73,65,0,10000,1022,8.6,78,39,2.73,65,0,10000,1022,8.6,78,39,2.73,65,0,10000
1023,8.84,81,360,1.54,100,0,10000,2,0,27,2,1020,6.37,81,220,0.97,62,0,10000,1020,6.37,81,220,0.97,62,0,10000,1020,6.37,81,220,0.97,62,0,10000,1020,6.37,81,220,0.97,62,0,10000,1020,6.37,81,220,0.97,62,0,10000,1020,6.37,81,220,0.97,62,0,10000,1020,6.37,81,220,0.97,62,0,10000,1020,6.37,81,220,0.97,62,0,10000,1020,6.37,81,220,0.97,62,0,10000,1020,6.37,81,220,0.97,62,0,10000,1020,6.37,81,220,0.97,62,0,10000,1020,6.37,81,220,0.97,62,0,10000
1023,8.84,81,360,1.54,100,0,10000,5,0,27,2,1019,8.02,79,249,1.53,82,0,10000,1019,8.02,79,249,1.53,82,0,10000,1019,8.02,79,249,1.53,82,0,10000,1019,8.02,79,249,1.53,82,0,10000,1019,8.02,79,249,1.53,82,0,10000,1019,8.02,79,249,1.53,82,0,10000,1019,8.02,79,249,1.53,82,0,10000,1019,8.02,79,249,1.53,82,0,10000,1019,8.02,79,249,1.53,82,0,10000,1019,8.02,79,249,1.53,82,0,10000,1019,8.02,79,249,1.53,82,0,10000,1019,8.02,79,249,1.53,82,0,10000
1023,8.84,81,360,1.54,100,0,10000,8,0,27,2,1023,8.84,81,7,3.29,100,0,10000,1023,8.84,81,7,3.29,100,0,10000,1023,8.84,81,7,3.29,100,0,10000,1023,8.84,81,7,3.29,100,0,10000,1023,8.84,81,7,3.29,100,0,10000,1023,8.84,81,7,3.29,100,0,10000,1023,8.84,81,7,3.29,100,0,10000,1023,8.84,81,7,3.29,100,0,10000,1023,8.84,81,7,3.29,100,0,10000,1023,8.84,81,7,3.29,100,0,10000,1023,8.84,81,7,3.29,100,0,10000,1023,8.84,81,7,3.29,100,0,10000
1023,8.84,81,360,1.54,100,0,10000,11,0,27,2,1023,9.21,79,353,4.86,99,0,10000,1023,9.21,79,353,4.86,99,0,10000,1023,9.21,79,353,4.86,99,0,10000,1023,9.21,79,353,4.86,99,0,10000,1023,9.21,79,353,4.86,99,0,10000,1023,9.21,79,353,4.86,99,0,10000,1023,9.21,79,353,4.86,99,0,10000,1023,9.21,79,353,4.86,99,0,10000,1023,9.21,79,353,4.86,99,0,10000,1023,9.21,79,353,4.86,99,0,10000,1023,9.21,79,353,4.86,99,0,10000,1023,9.21,79,353,4.86,99,0,10000
1023,8.84,81,360,1.54,100,0,10000,14,0,27,2,1022,9.79,71,358,6.09,99,0,10000,1022,9.79,71,358,6.09,99,0,10000,1022,9.79,71,358,6.09,99,0,10000,1022,9.79,71,358,6.09,99,0,10000,1022,9.79,71,358,6.09,99,0,10000,1022,9.79,71,358,6.09,99,0,10000,1022,9.79,71,358,6.09,99,0,10000,1022,9.79,71,358,6.09,99,0,10000,1022,9.79,71,358,6.09,99,0,10000,1022,9.79,71,358,6.09,99,0,10000,1022,9.79,71,358,6.09,99,0,10000,1022,9.79,71,358,6.09,99,0,10000
1023,8.84,81,360,1.54,100,0,10000,17,0,27,2,1022,9.76,73,358,5.27,91,0,10000,1022,9.76,73,358,5.27,91,0,10000,1022,9.76,73,358,5.27,91,0,10000,1022,9.76,73,358,5.27,91,0,10000,1022,9.76,73,358,5.27,91,0,10000,1022,9.76,73,358,5.27,91,0,10000,1022,9.76,73,358,5.27,91,0,10000,1022,9.76,73,358,5.27,91,0,10000,1022,9.76,73,358,5.27,91,0,10000,1022,9.76,73,358,5.27,91,0,10000,1022,9.76,73,358,5.27,91,0,10000,1022,9.76,73,358,5.27,91,0,10000
1023,8.84,81,360,1.54,100,0,10000,20,0,27,2,1022,7.57,82,357,3.66,38,0,10000,1022,7.57,82,357,3.66,38,0,10000,1022,7.57,82,357,3.66,38,0,10000,1022,7.57,82,357,3.66,38,0,10000,1022,7.57,82,357,3.66,38,0,10000,1022,7.57,82,357,3.66,38,0,10000,1022,7.57,82,357,3.66,38,0,10000,1022,7.57,82,357,3.66,38,0,10000,1022,7.57,82,357,3.66,38,0,10000,1022,7.57,82,357,3.66,38,0,10000,1022,7.57,82,357,3.66,38,0,10000,1022,7.57,82,357,3.66,38,0,10000
1023,8.84,81,360,1.54,100,0,10000,23,0,27,2,1022,8.6,78,39,2.73,65,0,10000,1022,8.6,78,39,2.73,65,0,10000,1022,8.6,78,39,2.73,65,0,10000,1022,8.6,78,39,2.73,65,0,10000,1022,8.6,78,39,2.73,65,0,10000,1022,8.6,78,39,2.73,65,0,10000,1022,8.6,78,39,2.73,65,0,10000,1022,8.6,78,39,2.73,65,0,10000,1022,8.6,78,39,2.73,65,0,10000,1022,8.6,78,39,2.73,65,0,10000,1022,8.6,78,39,2.73,65,0,10000,1022,8.6,78,39,2.73,65,0,10000
1023,8.84,81,360,1.54,100,0,10000,2,0,28,2,1020,6.37,81,220,0.97,62,0,10000,1020,6.37,81,220,0.97,62,0,10000,1020,6.37,81,220,0.97,62,0,10000,1020,6.37,81,220,0.97,62,0,10000,1020,6.37,81,220,0.97,62,0,10000,1020,6.37,81,220,0.97,62,0,10000,1020,6.37,81,220,0.97,62,0,10000,1020,6.37,81,220,0.97,62,0,10000,1020,6.37,81,220,0.97,62,0,10000,1020,6.37,81,220,0.97,62,0,10000,1020,6.37,81,220,0.97,62,0,10000,1020,6.37,81,220,0.97,62,0,10000
1023,8.84,81,360,1.54,100,0,10000,5,0,28,2,1019,8.02,79,249,1.53,82,0,10000,1019,8.02,79,249,1.53,82,0,10000,1019,8.02,79,249,1.53,82,0,10000,1019,8.02,79,249,1.53,82,0,10000,1019,8.02,79,249,1.53,82,0,10000,1019,8.02,79,249,1.53,82,0,10000,1019,8.02,79,249,1.53,82,0,10000,1019,8.02,79,249,1.53,82,0,10000,1019,8.02,79,249,1.53,82,0,10000,1019,8.02,79,249,1.53,82,0,10000,1019,8.02,79,249,1.53,82,0,10000,1019,8.02,79,249,1.53,82,0,10000
1023,8.84,81,360,1.54,100,0,10000,8,0,28,2,1023,8.84,81,7,3.29,100,0,10000,1023,8.84,81,7,3.29,100,0,10000,1023,8.84,81,7,3.29,100,0,10000,1023,8.84,81,7,3.29,100,0,10000,1023,8.84,81,7,3.29,100,0,10000,1023,8.84,81,7,3.29,100,0,10000,1023,8.84,81,7,3.29,100,0,10000,1023,8.84,81,7,3.29,100,0,10000,1023,8.84,81,7,3.29,100,0,10000,1023,8.84,81,7,3.29,100,0,10000,1023,8.84,81,7,3.29,100,0,10000,1023,8.84,81,7,3.29,100,0,10000
1023,8.84,81,360,1.54,100,0,10000,11,0,28,2,1023,9.21,79,353,4.86,99,0,10000,1023,9.21,79,353,4.86,99,0,10000,1023,9.21,79,353,4.86,99,0,10000,1023,9.21,79,353,4.86,99,0,10000,1023,9.21,79,353,4.86,99,0,10000,1023,9.21,79,353,4.86,99,0,10000,1023,9.21,79,353,4.86,99,0,10000,1023,9.21,79,353,4.86,99,0,10000,1023,9.21,79,353,4.86,99,0,10000,1023,9.21,79,353,4.86,99,0,10000,1023,9.21,79,353,4.86,99,0,10000,1023,9.21,79,353,4.86,99,0,10000
1023,8.84,81,360,1.54,100,0,10000,14,0,28,2,1022,9.79,71,358,6.09,99,0,10000,1022,9.79,71,358,6.09,99,0,10000,1022,9.79,71,358,6.09,99,0,10000,1022,9.79,71,358,6.09,99,0,10000,1022,9.79,71,358,6.09,99,0,10000,1022,9.79,71,358,6.09,99,0,10000,1022,9.79,71,358,6.09,99,0,10000,1022,9.79,71,358,6.09,99,0,10000,1022,9.79,71,358,6.09,99,0,10000,1022,9.79,71,358,6.09,99,0,10000,1022,9.79,71,358,6.09,99,0,10000,1022,9.79,71,358,6.09,99,0,10000
1023,8.84,81,360,1.54,100,0,10000,17,0,28,2,1022,9.76,73,358,5.27,91,0,10000,1022,9.76,73,358,5.27,91,0,10000,1022,9.76,73,358,5.27,91,0,10000,1022,9.76,73,358,5.27,91,0,10000,1022,9.76,73,358,5.27,91,0,10000,1022,9.76,73,358,5.27,91,0,10000,1022,9.76,73,358,5.27,91,0,10000,1022,9.76,73,358,5.27,91,0,10000,1022,9.76,73,358,5.27,91,0,10000,1022,9.76,73,358,5.27,91,0,10000,1022,9.76,73,358,5.27,91,0,10000,1022,9.76,73,358,5.27,91,0,10000
1023,8.84,81,360,1.54,100,0,10000,20,0,28,2,1022,7.57,82,357,3.66,38,0,10000,1022,7.57,82,357,3.66,38,0,10000,1022,7.57,82,357,3.66,38,0,10000,1022,7.57,82,357,3.66,38,0,10000,1022,7.57,82,357,3.66,38,0,10000,1022,7.57,82,357,3.66,38,0,10000,1022,7.57,82,357,3.66,38,0,10000,1022,7.57,82,357,3.66,38,0,10000,1022,7.57,82,357,3.66,38,0,10000,1022,7.57,82,357,3.66,38,0,10000,1022,7.57,82,357,3.66,38,0,10000,1022,7.57,82,357,3.66,38,0,10000
1023,8.84,81,360,1.54,100,0,10000,23,0,28,2,1022,8.6,78,39,2.73,65,0,10000,1022,8.6,78,39,2.73,65,0,10000,1022,8.6,78,39,2.73,65,0,10000,1022,8.6,78,39,2.73,65,0,10000,1022,8.6,78,39,2.73,65,0,10000,1022,8.6,78,39,2.73,65,0,10000,1022,8.6,78,39,2.73,65,0,10000,1022,8.6,78,39,2.73,65,0,10000,1022,8.6,78,39,2.73,65,0,10000,1022,8.6,78,39,2.73,65,0,10000,1022,8.6,78,39,2.73,65,0,10000,1022,8.6,78,39,2.73,65,0,10000
1023,8.84,81,360,1.54,100,0,10000,2,0,1,3,1020,6.37,81,220,0.97,62,0,10000,1020,6.37,81,220,0.97,62,0,10000,1020,6.37,81,220,0.97,62,0,10000,1020,6.37,81,220,0.97,62,0,10000,1020,6.37,81,220,0.97,62,0,10000,1020,6.37,81,220,0.97,62,0,10000,1020,6.37,81,220,0.97,62,0,10000,1020,6.37,81,220,0.97,62,0,10000,1020,6.37,81,220,0.97,62,0,10000,1020,6.37,81,220,0.97,62,0,10000,1020,6.37,81,220,0.97,62,0,10000,1020,6.37,81,220,0.97,62,0,10000
1023,8.84,81,360,1.54,100,0,10000,5,0,1,3,1019,8.02,79,249,1.53,82,0,10000,1019,8.02,79,249,1.53,82,0,10000,1019,8.02,79,249,1.53,82,0,10000,1019,8.02,79,249,1.53,82,0,10000,1019,8.02,79,249,1.53,82,0,10000,1019,8.02,79,249,1.53,82,0,10000,1019,8.02,79,249,1.53,82,0,10000,1019,8.02,79,249,1.53,82,0,10000,1019,8.02,79,249,1.53,82,0,10000,1019,8.02,79,249,1.53,82,0,10000,1019,8.02,79,249,1.53,82,0,10000,1019,8.02,79,249,1.53,82,0,10000
1023,8.84,81,360,1.54,100,0,10000,8,0,1,3,1023,8.84,81,7,3.29,100,0,10000,1023,8.84,81,7,3.29,100,0,10000,1023,8.84,81,7,3.29,100,0,10000,1023,8.84,81,7,3.29,100,0,10000,1023,8.84,81,7,3.29,100,0,10000,1023,8.84,81,7,3.29,100,0,10000,1023,8.84,81,7,3.29,100,0,10000,1023,8.84,81,7,3.29,100,0,10000,1023,8.84,81,7,3.29,100,0,10000,1023,8.84,81,7,3.29,100,0,10000,1023,8.84,81,7,3.29,100,0,10000,1023,8.84,81,7,3.29,100,0,10000
1023,8.84,81,360,1.54,100,0,10000,11,0,1,3,1023,9.21,79,353,4.86,99,0,10000,1023,9.21,79,353,4.86,99,0,10000,1023,9.21,79,353,4.86,99,0,10000,1023,9.21,79,353,4.86,99,0,10000,1023,9.21,79,353,4.86,99,0,10000,1023,9.21,79,353,4.86,99,0,10000,1023,9.21,79,353,4.86,99,0,10000,1023,9.21,79,353,4.86,99,0,10000,1023,9.21,79,353,4.86,99,0,10000,1023,9.21,79,353,4.86,99,0,10000,1023,9.21,79,353,4.86,99,0,10000,1023,9.21,79,353,4.86,99,0,10000
1023,8.84,81,360,1.54,100,0,10000,14,0,1,3,1022,9.79,71,358,6.09,99,0,10000,1022,9.79,71,358,6.09,99,0,10000,1022,9.79,71,358,6.09,99,0,10000,1022,9.79,71,358,6.09,99,0,10000,1022,9.79,71,358,6.09,99,0,10000,1022,9.79,71,358,6.09,99,0,10000,1022,9.79,71,358,6.09,99,0,10000,1022,9.79,71,358,6.09,99,0,10000,1022,9.79,71,358,6.09,99,0,10000,1022,9.79,71,358,6.09,99,0,10000,1022,9.79,71,358,6.09,99,0,10000,1022,9.79,71,358,6.09,99,0,10000
1023,8.84,81,360,1.54,100,0,10000,17,0,1,3,1022,9.76,73,358,5.27,91,0,10000,1022,9.76,73,358,5.27,91,0,10000,1022,9.76,73,358,5.27,91,0,10000,1022,9.76,73,358,5.27,91,0,10000,1022,9.76,73,358,5.27,91,0,10000,1022,9.76,73,358,5.27,91,0,10000,1022,9.76,73,358,5.27,91,0,10000,1022,9.76,73,358,5.27,91,0,10000,1022,9.76,73,358,5.27,91,0,10000,1022,9.76,73,358,5.27,91,0,10000,1022,9.76,73,358,5.27,91,0,10000,1022,9.76,73,358,5.27,91,0,10000
1023,8.84,81,360,1.54,100,0,10000,20,0,1,3,1022,7.57,82,357,3.66,38,0,10000,1022,7.57,82,357,3.66,38,0,10000,1022,7.57,82,357,3.66,38,0,10000,1022,7.57,82,357,3.66,38,0,10000,1022,7.57,82,357,3.66,38,0,10000,1022,7.57,82,357,3.66,38,0,10000,1022,7.57,82,357,3.66,38,0,10000,1022,7.57,82,357,3.66,38,0,10000,1022,7.57,82,357,3.66,38,0,10000,1022,7.57,82,357,3.66,38,0,10000,1022,7.57,82,357,3.66,38,0,10000,1022,7.57,82,357,3.66,38,0,10000
1023,8.84,81,360,1.54,100,0,10000,23,0,1,3,1022,8.6,78,39,2.73,65,0,10000,1022,8.6,78,39,2.73,65,0,10000,1022,8.6,78,39,2.73,65,0,10000,1022,8.6,78,39,2.73,65,0,10000,1022,8.6,78,39,2.73,65,0,10000,1022,8.6,78,39,2.73,65,0,10000,1022,8.6,78,39,2.73,65,0,10000,1022,8.6,78,39,2.73,65,0,10000,1022,8.6,78,39,2.73,65,0,10000,1022,8.6,78,39,2.73,65,0,10000,1022,8.6,78,39,2.73,65,0,10000,1022,8.6,78,39,2.73,65,0,10000
1023,8.84,81,360,1.54,100,0,10000,2,0,2,3,1020,6.37,81,220,0.97,62,0,10000,1020,6.37,81,220,0.97,62,0,10000,1020,6.37,81,220,0.97,62,0,10000,1020,6.37,81,220,0.97,62,0,10000,1020,6.37,81,220,0.97,62,0,10000,1020,6.37,81,220,0.97,62,0,10000,1020,6.37,81,220,0.97,62,0,10000,1020,6.37,81,220,0.97,62,0,10000,1020,6.37,81,220,0.97,62,0,10000,1020,6.37,81,220,0.97,62,0,10000,1020,6.37,81,220,0.97,62,0,10000,1020,6.37,81,220,0.97,62,0,10000
1023,8.84,81,360,1.54,100,0,10000,5,0,2,3,1019,8.02,79,249,1.53,82,0,10000,1019,8.02,79,249,1.53,82,0,10000,1019,8.02,79,249,1.53,82,0,10000,1019,8.02,79,249,1.53,82,0,10000,1019,8.02,79,249,1.53,82,0,10000,1019,8.02,79,249,1.53,82,0,10000,1019,8.02,79,249,1.53,82,0,10000,1019,8.02,79,249,1.53,82,0,10000,1019,8.02,79,249,1.53,82,0,10000,1019,8.02,79,249,1.53,82,0,10000,1019,8.02,79,249,1.53,82,0,10000,1019,8.02,79,249,1.53,82,0,10000
1023,8.84,81,360,1.54,100,0,10000,8,0,2,3,1023,8.84,81,7,3.29,100,0,10000,1023,8.84,81,7,3.29,100,0,10000,1023,8.84,81,7,3.29,100,0,10000,1023,8.84,81,7,3.29,100,0,10000,1023,8.84,81,7,3.29,100,0,10000,1023,8.84,81,7,3.29,100,0,10000,1023,8.84,81,7,3.29,100,0,10000,1023,8.84,81,7,3.29,100,0,10000,1023,8.84,81,7,3.29,100,0,10000,1023,8.84,81,7,3.29,100,0,10000,1023,8.84,81,7,3.29,100,0,10000,1023,8.84,81,7,3.29,100,0,10000
1023,8.84,81,360,1.54,100,0,10000,11,0,2,3,1023,9.21,79,353,4.86,99,0,10000,1023,9.21,79,353,4.86,99,0,10000,1023,9.21,79,353,4.86,99,0,10000,1023,9.21,79,353,4.86,99,0,10000,1023,9.21,79,353,4.86,99,0,10000,1023,9.21,79,353,4.86,99,0,10000,1023,9.21,79,353,4.86,99,0,10000,1023,9.21,79,353,4.86,99,0,10000,1023,9.21,79,353,4.86,99,0,10000,1023,9.21,79,353,4.86,99,0,10000,1023,9.21,79,353,4.86,99,0,10000,1023,9.21,79,353,4.86,99,0,10000
1023,8.84,81,360,1.54,100,0,10000,14,0,2,3,1022,9.79,71,358,6.09,99,0,10000,1022,9.79,71,358,6.09,99,0,10000,1022,9.79,71,358,6.09,99,0,10000,1022,9.79,71,358,6.09,99,0,10000,1022,9.79,71,358,6.09,99,0,10000,1022,9.79,71,358,6.09,99,0,10000,1022,9.79,71,358,6.09,99,0,10000,1022,9.79,71,358,6.09,99,0,10000,1022,9.79,71,358,6.09,99,0,10000,1022,9.79,71,358,6.09,99,0,10000,1022,9.79,71,358,6.09,99,0,10000,1022,9.79,71,358,6.09,99,0,10000
1023,8.84,81,360,1.54,100,0,10000,17,0,2,3,1022,9.76,73,358,5.27,91,0,10000,1022,9.76,73,358,5.27,91,0,10000,1022,9.76,73,358,5.27,91,0,10000,1022,9.76,73,358,5.27,91,0,10000,1022,9.76,73,358,5.27,91,0,10000,1022,9.76,73,358,5.27,91,0,10000,1022,9.76,73,358,5.27,91,0,10000,1022,9.76,73,358,5.27,91,0,10000,1022,9.76,73,358,5.27,91,0,10000,1022,9.76,73,358,5.27,91,0,10000,1022,9.76,73,358,5.27,91,0,10000,1022,9.76,73,358,5.27,91,0,10000
1023,8.84,81,360,1.54,100,0,10000,20,0,2,3,1022,7.57,82,357,3.66,38,0,10000,1022,7.57,82,357,3.66,38,0,10000,1022,7.57,82,357,3.66,38,0,10000,1022,7.57,82,357,3.66,38,0,10000,1022,7.57,82,357,3.66,38,0,10000,1022,7.57,82,357,3.66,38,0,10000,1022,7.57,82,357,3.66,38,0,10000,1022,7.57,82,357,3.66,38,0,10000,1022,7.57,82,357,3.66,38,0,10000,1022,7.57,82,357,3.66,38,0,10000,1022,7.57,82,357,3.66,38,0,10000,1022,7.57,82,357,3.66,38,0,10000
1023,8.84,81,360,1.54,100,0,10000,23,0,2,3,1022,8.6,78,39,2.73,65,0,10000,1022,8.6,78,39,2.73,65,0,10000,1022,8.6,78,39,2.73,65,0,10000,1022,8.6,78,39,2.73,65,0,10000,1022,8.6,78,39,2.73,65,0,10000,1022,8.6,78,39,2.73,65,0,10000,1022,8.6,78,39,2.73,65,0,10000,1022,8.6,78,39,2.73,65,0,10000,1022,8.6,78,39,2.73,65,0,10000,1022,8.6,78,39,2.73,65,0,10000,1022,8.6,78,39,2.73,65,0,10000,1022,8.6,78,39,2.73,65,0,10000
1023,8.84,81,360,1.54,100,0,10000,2,0,3,3,1020,6.37,81,220,0.97,62,0,10000,1020,6.37,81,220,0.97,62,0,10000,1020,6.37,81,220,0.97,62,0,10000,1020,6.37,81,220,0.97,62,0,10000,1020,6.37,81,220,0.97,62,0,10000,1020,6.37,81,220,0.97,62,0,10000,1020,6.37,81,220,0.97,62,0,10000,1020,6.37,81,220,0.97,62,0,10000,1020,6.37,81,220,0.97,62,0,10000,1020,6.37,81,220,0.97,62,0,10000,1020,6.37,81,220,0.97,62,0,10000,1020,6.37,81,220,0.97,62,0,10000
1023,8.84,81,360,1.54,100,0,10000,5,0,3,3,1019,8.02,79,249,1.53,82,0,10000,1019,8.02,79,249,1.53,82,0,10000,1019,8.02,79,249,1.53,82,0,10000,1019,8.02,79,249,1.53,82,0,10000,1019,8.02,79,249,1.53,82,0,10000,1019,8.02,79,249,1.53,82,0,10000,1019,8.02,79,249,1.53,82,0,10000,1019,8.02,79,249,1.53,82,0,10000,1019,8.02,79,249,1.53,82,0,10000,1019,8.02,79,249,1.53,82,0,10000,1019,8.02,79,249,1.53,82,0,10000,1019,8.02,79,249,1.53,82,0,10000
1023,8.84,81,360,1.54,100,0,10000,8,0,3,3,1023,8.84,81,7,3.29,100,0,10000,1023,8.84,81,7,3.29,100,0,10000,1023,8.84,81,7,3.29,100,0,10000,1023,8.84,81,7,3.29,100,0,10000,1023,8.84,81,7,3.29,100,0,10000,1023,8.84,81,7,3.29,100,0,10000,1023,8.84,81,7,3.29,100,0,10000,1023,8.84,81,7,3.29,100,0,10000,1023,8.84,81,7,3.29,100,0,10000,1023,8.84,81,7,3.29,100,0,10000,1023,8.84,81,7,3.29,100,0,10000,1023,8.84,81,7,3.29,100,0,10000
1023,8.84,81,360,1.54,100,0,10000,11,0,3,3,1023,9.21,79,353,4.86,99,0,10000,1023,9.21,79,353,4.86,99,0,10000,1023,9.21,79,353,4.86,99,0,10000,1023,9.21,79,353,4.86,99,0,10000,1023,9.21,79,353,4.86,99,0,10000,1023,9.21,79,353,4.86,99,0,10000,1023,9.21,79,353,4.86,99,0,10000,1023,9.21,79,353,4.86,99,0,10000,1023,9.21,79,353,4.86,99,0,10000,1023,9.21,79,353,4.86,99,0,10000,1023,9.21,79,353,4.86,99,0,10000,1023,9.21,79,353,4.86,99,0,10000
1023,8.84,81,360,1.54,100,0,10000,14,0,3,3,1022,9.79,71,358,6.09,99,0,10000,1022,9.79,71,358,6.09,99,0,10000,1022,9.79,71,358,6.09,99,0,10000,1022,9.79,71,358,6.09,99,0,10000,1022,9.79,71,358,6.09,99,0,10000,1022,9.79,71,358,6.09,99,0,10000,1022,9.79,71,358,6.09,99,0,10000,1022,9.79,71,358,6.09,99,0,10000,1022,9.79,71,358,6.09,99,0,10000,1022,9.79,71,358,6.09,99,0,10000,1022,9.79,71,358,6.09,99,0,10000,1022,9.79,71,358,6.09,99,0,10000
1023,8.84,81,360,1.54,100,0,10000,17,0,3,3,1022,9.76,73,358,5.27,91,0,10000,1022,9.76,73,358,5.27,91,0,10000,1022,9.76,73,358,5.27,91,0,10000,1022,9.76,73,358,5.27,91,0,10000,1022,9.76,73,358,5.27,91,0,10000,1022,9.76,73,358,5.27,91,0,10000,1022,9.76,73,358,5.27,91,0,10000,1022,9.76,73,358,5.27,91,0,10000,1022,9.76,73,358,5.27,91,0,10000,1022,9.76,73,358,5.27,91,0,10000,1022,9.76,73,358,5.27,91,0,10000,1022,9.76,73,358,5.27,91,0,10000
1023,8.84,81,360,1.54,100,0,10000,20,0,3,3,1022,7.57,82,357,3.66,38,0,10000,1022,7.57,82,357,3.66,38,0,10000,1022,7.57,82,357,3.66,38,0,10000,1022,7.57,82,357,3.66,38,0,10000,1022,7.57,82,357,3.66,38,0,10000,1022,7.57,82,357,3.66,38,0,10000,1022,7.57,82,357,3.66,38,0,10000,1022,7.57,82,357,3.66,38,0,10000,1022,7.57,82,357,3.66,38,0,10000,1022,7.57,82,357,3.66,38,0,10000,1022,7.57,82,357,3.66,38,0,10000,1022,7.57,82,357,3.66,38,0,10000
1023,8.84,81,360,1.54,100,0,10000,23,0,3,3,1022,8.6,78,39,2.73,65,0,10000,1022,8.6,78,39,2.73,65,0,10000,1022,8.6,78,39,2.73,65,0,10000,1022,8.6,78,39,2.73,65,0,10000,1022,8.6,78,39,2.73,65,0,10000,1022,8.6,78,39,2.73,65,0,10000,1022,8.6,78,39,2.73,65,0,10000,1022,8.6,78,39,2.73,65,0,10000,1022,8.6,78,39,2.73,65,0,10000,1022,8.6,78,39,2.73,65,0,10000,1022,8.6,78,39,2.73,65,0,10000,1022,8.6,78,39,2.73,65,0,10000
1023,8.84,81,360,1.54,100,0,10000,2,0,4,3,1020,6.37,81,220,0.97,62,0,10000,1020,6.37,81,220,0.97,62,0,10000,1020,6.37,81,220,0.97,62,0,10000,1020,6.37,81,220,0.97,62,0,10000,1020,6.37,81,220,0.97,62,0,10000,1020,6.37,81,220,0.97,62,0,10000,1020,6.37,81,220,0.97,62,0,10000,1020,6.37,81,220,0.97,62,0,10000,1020,6.37,81,220,0.97,62,0,10000,1020,6.37,81,220,0.97,62,0,10000,1020,6.37,81,220,0.97,62,0,10000,1020,6.37,81,220,0.97,62,0,10000
1023,8.84,81,360,1.54,100,0,10000,5,0,4,3,1019,8.02,79,249,1.53,82,0,10000,1019,8.02,79,249,1.53,82,0,10000,1019,8.02,79,249,1.53,82,0,10000,1019,8.02,79,249,1.53,82,0,10000,1019,8.02,79,249,1.53,82,0,10000,1019,8.02,79,249,1.53,82,0,10000,1019,8.02,79,249,1.53,82,0,10000,1019,8.02,79,249,1.53,82,0,10000,1019,8.02,79,249,1.53,82,0,10000,1019,8.02,79,249,1.53,82,0,10000,1019,8.02,79,249,1.53,82,0,10000,1019,8.02,79,249,1.53,82,0,10000
1023,8.84,81,360,1.54,100,0,10000,8,0,4,3,1023,8.84,81,7,3.29,100,0,10000,1023,8.84,81,7,3.29,100,0,10000,1023,8.84,81,7,3.29,100,0,10000,1023,8.84,81,7,3.29,100,0,10000,1023,8.84,81,7,3.29,100,0,10000,1023,8.84,81,7,3.29,100,0,10000,1023,8.84,81,7,3.29,100,0,10000,1023,8.84,81,7,3.29,100,0,10000,1023,8.84,81,7,3.29,100,0,10000,1023,8.84,81,7,3.29,100,0,10000,1023,8.84,81,7,3.29,100,0,10000,1023,8.84,81,7,3.29,100,0,10000
1023,8.84,81,360,1.54,100,0,10000,11,0,4,3,1023,9.21,79,353,4.86,99,0,10000,1023,9.21,79,353,4.86,99,0,10000,1023,9.21,79,353,4.86,99,0,10000,1023,9.21,79,353,4.86,99,0,10000,1023,9.21,79,353,4.86,99,0,10000,1023,9.21,79,353,4.86,99,0,10000,1023,9.21,79,353,4.86,99,0,10000,1023,9.21,79,353,4.86,99,0,10000,1023,9.21,79,353,4.86,99,0,10000,1023,9.21,79,353,4.86,99,0,10000,1023,9.21,79,353,4.86,99,0,10000,1023,9.21,79,353,4.86,99,0,10000
1023,8.84,81,360,1.54,100,0,10000,14,0,4,3,1022,9.79,71,358,6.09,99,0,10000,1022,9.79,71,358,6.09,99,0,10000,1022,9.79,71,358,6.09,99,0,10000,1022,9.79,71,358,6.09,99,0,10000,1022,9.79,71,358,6.09,99,0,10000,1022,9.79,71,358,6.09,99,0,10000,1022,9.79,71,358,6.09,99,0,10000,1022,9.79,71,358,6.09,99,0,10000,1022,9.79,71,358,6.09,99,0,10000,1022,9.79,71,358,6.09,99,0,10000,1022,9.79,71,358,6.09,99,0,10000,1022,9.79,71,358,6.09,99,0,10000
1023,8.84,81,360,1.54,100,0,10000,17,0,4,3,1022,9.76,73,358,5.27,91,0,10000,1022,9.76,73,358,5.27,91,0,10000,1022,9.76,73,358,5.27,91,0,10000,1022,9.76,73,358,5.27,91,0,10000,1022,9.76,73,358,5.27,91,0,10000,1022,9.76,73,358,5.27,91,0,10000,1022,9.76,73,358,5.27,91,0,10000,1022,9.76,73,358,5.27,91,0,10000,1022,9.76,73,358,5.27,91,0,10000,1022,9.76,73,358,5.27,91,0,10000,1022,9.76,73,358,5.27,91,0,10000,1022,9.76,73,358,5.27,91,0,10000
1023,8.84,81,360,1.54,100,0,10000,20,0,4,3,1022,7.57,82,357,3.66,38,0,10000,1022,7.57,82,357,3.66,38,0,10000,1022,7.57,82,357,3.66,38,0,10000,1022,7.57,82,357,3.66,38,0,10000,1022,7.57,82,357,3.66,38,0,10000,1022,7.57,82,357,3.66,38,0,10000,1022,7.57,82,357,3.66,38,0,10000,1022,7.57,82,357,3.66,38,0,10000,1022,7.57,82,357,3.66,38,0,10000,1022,7.57,82,357,3.66,38,0,10000,1022,7.57,82,357,3.66,38,0,10000,1022,7.57,82,357,3.66,38,0,10000
1023,8.84,81,360,1.54,100,0,10000,23,0,4,3,1022,8.6,78,39,2.73,65,0,10000,1022,8.6,78,39,2.73,65,0,10000,1022,8.6,78,39,2.73,65,0,10000,1022,8.6,78,39,2.73,65,0,10000,1022,8.6,78,39,2.73,65,0,10000,1022,8.6,78,39,2.73,65,0,10000,1022,8.6,78,39,2.73,65,0,10000,1022,8.6,78,39,2.73,65,0,10000,1022,8.6,78,39,2.73,65,0,10000,1022,8.6,78,39,2.73,65,0,10000,1022,8.6,78,39,2.73,65,0,10000,1022,8.6,78,39,2.73,65,0,10000
1023,8.84,81,360,1.54,100,0,10000,2,0,5,3,1020,6.37,81,220,0.97,62,0,10000,1020,6.37,81,220,0.97,62,0,10000,1020,6.37,81,220,0.97,62,0,10000,1020,6.37,81,220,0.97,62,0,10000,1020,6.37,81,220,0.97,62,0,10000,1020,6.37,81,220,0.97,62,0,10000,1020,6.37,81,220,0.97,62,0,10000,1020,6.37,81,220,0.97,62,0,10000,1020,6.37,81,220,0.97,62,0,10000,1020,6.37,81,220,0.97,62,0,10000,1020,6.37,81,220,0.97,62,0,10000,1020,6.37,81,220,0.97,62,0,10000
1023,8.84,81,360,1.54,100,0,10000,5,0,5,3,1019,8.02,79,249,1.53,82,0,10000,1019,8.02,79,249,1.53,82,0,10000,1019,8.02,79,249,1.53,82,0,10000,1019,8.02,79,249,1.53,82,0,10000,1019,8.02,79,249,1.53,82,0,10000,1019,8.02,79,249,1.53,82,0,10000,1019,8.02,79,249,1.53,82,0,10000,1019,8.02,79,249,1.53,82,0,10000,1019,8.02,79,249,1.53,82,0,10000,1019,8.02,79,249,1.53,82,0,10000,1019,8.02,79,249,1.53,82,0,10000,1019,8.02,79,249,1.53,82,0,10000
1023,8.84,81,360,1.54,100,0,10000,8,0,5,3,1023,8.84,81,7,3.29,100,0,10000,1023,8.84,81,7,3.29,100,0,10000,1023,8.84,81,7,3.29,100,0,10000,1023,8.84,81,7,3.29,100,0,10000,1023,8.84,81,7,3.29,100,0,10000,1023,8.84,81,7,3.29,100,0,10000,1023,8.84,81,7,3.29,100,0,10000,1023,8.84,81,7,3.29,100,0,10000,1023,8.84,81,7,3.29,100,0,10000,1023,8.84,81,7,3.29,100,0,10000,1023,8.84,81,7,3.29,100,0,10000,1023,8.84,81,7,3.29,100,0,10000
1023,8.84,81,360,1.54,100,0,10000,11,0,5,3,1023,9.21,79,353,4.86,99,0,10000,1023,9.21,79,353,4.86,99,0,10000,1023,9.21,79,353,4.86,99,0,10000,1023,9.21,79,353,4.86,99,0,10000,1023,9.21,79,353,4.86,99,0,10000,1023,9.21,79,353,4.86,99,0,10000,1023,9.21,79,353,4.86,99,0,10000,1023,9.21,79,353,4.86,99,0,10000,1023,9.21,79,353,4.86,99,0,10000,1023,9.21,79,353,4.86,99,0,10000,1023,9.21,79,353,4.86,99,0,10000,1023,9.21,79,353,4.86,99,0,10000
1023,8.84,81,360,1.54,100,0,10000,14,0,5,3,1022,9.79,71,358,6.09,99,0,10000,1022,9.79,71,358,6.09,99,0,10000,1022,9.79,71,358,6.09,99,0,10000,1022,9.79,71,358,6.09,99,0,10000,1022,9.79,71,358,6.09,99,0,10000,1022,9.79,71,358,6.09,99,0,10000,1022,9.79,71,358,6.09,99,0,10000,1022,9.79,71,358,6.09,99,0,10000,1022,9.79,71,358,6.09,99,0,10000,1022,9.79,71,358,6.09,99,0,10000,1022,9.79,71,358,6.09,99,0,10000,1022,9.79,71,358,6.09,99,0,10000
1023,8.84,81,360,1.54,100,0,10000,17,0,5,3,1022,9.76,73,358,5.27,91,0,10000,1022,9.76,73,358,5.27,91,0,10000,1022,9.76,73,358,5.27,91,0,10000,1022,9.76,73,358,5.27,91,0,10000,1022,9.76,73,358,5.27,91,0,10000,1022,9.76,73,358,5.27,91,0,10000,1022,9.76,73,358,5.27,91,0,10000,1022,9.76,73,358,5.27,91,0,10000,1022,9.76,73,358,5.27,91,0,10000,1022,9.76,73,358,5.27,91,0,10000,1022,9.76,73,358,5.27,91,0,10000,1022,9.76,73,358,5.27,91,0,10000
1023,8.84,81,360,1.54,100,0,10000,20,0,5,3,1022,7.57,82,357,3.66,38,0,10000,1022,7.57,82,357,3.66,38,0,10000,1022,7.57,82,357,3.66,38,0,10000,1022,7.57,82,357,3.66,38,0,10000,1022,7.57,82,357,3.66,38,0,10000,1022,7.57,82,357,3.66,38,0,10000,1022,7.57,82,357,3.66,38,0,10000,1022,7.57,82,357,3.66,38,0,10000,1022,7.57,82,357,3.66,38,0,10000,1022,7.57,82,357,3.66,38,0,10000,1022,7.57,82,357,3.66,38,0,10000,1022,7.57,82,357,3.66,38,0,10000
1023,8.84,81,360,1.54,100,0,10000,23,0,5,3,1022,8.6,78,39,2.73,65,0,10000,1022,8.6,78,39,2.73,65,0,10000,1022,8.6,78,39,2.73,65,0,10000,1022,8.6,78,39,2.73,65,0,10000,1022,8.6,78,39,2.73,65,0,10000,1022,8.6,78,39,2.73,65,0,10000,1022,8.6,78,39,2.73,65,0,10000,1022,8.6,78,39,2.73,65,0,10000,1022,8.6,78,39,2.73,65,0,10000,1022,8.6,78,39,2.73,65,0,10000,1022,8.6,78,39,2.73,65,0,10000,1022,8.6,78,39,2.73,65,0,10000
1023,8.84,81,360,1.54,100,0,10000,2,0,6,3,1020,6.37,81,220,0.97,62,0,10000,1020,6.37,81,220,0.97,62,0,10000,1020,6.37,81,220,0.97,62,0,10000,1020,6.37,81,220,0.97,62,0,10000,1020,6.37,81,220,0.97,62,0,10000,1020,6.37,81,220,0.97,62,0,10000,1020,6.37,81,220,0.97,62,0,10000,1020,6.37,81,220,0.97,62,0,10000,1020,6.37,81,220,0.97,62,0,10000,1020,6.37,81,220,0.97,62,0,10000,1020,6.37,81,220,0.97,62,0,10000,1020,6.37,81,220,0.97,62,0,10000
1023,8.84,81,360,1.54,100,0,10000,5,0,6,3,1019,8.02,79,249,1.53,82,0,10000,1019,8.02,79,249,1.53,82,0,10000,1019,8.02,79,249,1.53,82,0,10000,1019,8.02,79,249,1.53,82,0,10000,1019,8.02,79,249,1.53,82,0,10000,1019,8.02,79,249,1.53,82,0,10000,1019,8.02,79,249,1.53,82,0,10000,1019,8.02,79,249,1.53,82,0,10000,1019,8.02,79,249,1.53,82,0,10000,1019,8.02,79,249,1.53,82,0,10000,1019,8.02,79,249,1.53,82,0,10000,1019,8.02,79,249,1.53,82,0,10000
1023,8.84,81,360,1.54,100,0,10000,8,0,6,3,1023,8.84,81,7,3.29,100,0,10000,1023,8.84,81,7,3.29,100,0,10000,1023,8.84,81,7,3.29,100,0,10000,1023,8.84,81,7,3.29,100,0,10000,1023,8.84,81,7,3.29,100,0,10000,1023,8.84,81,7,3.29,100,0,10000,1023,8.84,81,7,3.29,100,0,10000,1023,8.84,81,7,3.29,100,0,10000,1023,8.84,81,7,3.29,100,0,10000,1023,8.84,81,7,3.29,100,0,10000,1023,8.84,81,7,3.29,100,0,10000,1023,8.84,81,7,3.29,100,0,10000
1023,8.84,81,360,1.54,100,0,10000,11,0,6,3,1023,9.21,79,353,4.86,99,0,10000,1023,9.21,79,353,4.86,99,0,10000,1023,9.21,79,353,4.86,99,0,10000,1023,9.21,79,353,4.86,99,0,10000,1023,9.21,79,353,4.86,99,0,10000,1023,9.21,79,353,4.86,99,0,10000,1023,9.21,79,353,4.86,99,0,10000,1023,9.21,79,353,4.86,99,0,10000,1023,9.21,79,353,4.86,99,0,10000,1023,9.21,79,353,4.86,99,0,10000,1023,9.21,79,353,4.86,99,0,10000,1023,9.21,79,353,4.86,99,0,10000
1023,8.84,81,360,1.54,100,0,10000,14,0,6,3,1022,9.79,71,358,6.09,99,0,10000,1022,9.79,71,358,6.09,99,0,10000,1022,9.79,71,358,6.09,99,0,10000,1022,9.79,71,358,6.09,99,0,10000,1022,9.79,71,358,6.09,99,0,10000,1022,9.79,71,358,6.09,99,0,10000,1022,9.79,71,358,6.09,99,0,10000,1022,9.79,71,358,6.09,99,0,10000,1022,9.79,71,358,6.09,99,0,10000,1022,9.79,71,358,6.09,99,0,10000,1022,9.79,71,358,6.09,99,0,10000,1022,9.79,71,358,6.09,99,0,10000
1023,8.84,81,360,1.54,100,0,10000,17,0,6,3,1022,9.76,73,358,5.27,91,0,10000,1022,9.76,73,358,5.27,91,0,10000,1022,9.76,73,358,5.27,91,0,10000,1022,9.76,73,358,5.27,91,0,10000,1022,9.76,73,358,5.27,91,0,10000,1022,9.76,73,358,5.27,91,0,10000,1022,9.76,73,358,5.27,91,0,10000,1022,9.76,73,358,5.27,91,0,10000,1022,9.76,73,358,5.27,91,0,10000,1022,9.76,73,358,5.27,91,0,10000,1022,9.76,73,358,5.27,91,0,10000,1022,9.76,73,358,5.27,91,0,10000
1023,8.84,81,360,1.54,100,0,10000,20,0,6,3,1022,7.57,82,357,3.66,38,0,10000,1022,7.57,82,357,3.66,38,0,10000,1022,7.57,82,357,3.66,38,0,10000,1022,7.57,82,357,3.66,38,0,10000,1022,7.57,82,357,3.66,38,0,10000,1022,7.57,82,357,3.66,38,0,10000,1022,7.57,82,357,3.66,38,0,10000,1022,7.57,82,357,3.66,38,0,10000,1022,7.57,82,357,3.66,38,0,10000,1022,7.57,82,357,3.66,38,0,10000,1022,7.57,82,357,3.66,38,0,10000,1022,7.57,82,357,3.66,38,0,10000
1023,8.84,81,360,1.54,100,0,10000,23,0,6,3,1022,8.6,78,39,2.73,65,0,10000,1022,8.6,78,39,2.73,65,0,10000,1022,8.6,78,39,2.73,65,0,10000,1022,8.6,78,39,2.73,65,0,10000,1022,8.6,78,39,2.73,65,0,10000,1022,8.6,78,39,2.73,65,0,10000,1022,8.6,78,39,2.73,65,0,10000,1022,8.6,78,39,2.73,65,0,10000,1022,8.6,78,39,2.73,65,0,10000,1022,8.6,78,39,2.73,65,0,10000,1022,8.6,78,39,2.73,65,0,10000,1022,8.6,78,39,2.73,65,0,10000
