1028,8.84,76,40,3.6,75,0,10000,2,0,22,11,1024,7.36,85,14,2.61,99,0,10000,1024,7.36,85,14,2.61,99,0,10000,1024,7.36,85,14,2.61,99,0,10000,1024,7.36,85,14,2.61,99,0,10000,1024,7.36,85,14,2.61,99,0,10000,1024,7.36,85,14,2.61,99,0,10000,1024,7.36,85,14,2.61,99,0,10000,1024,7.36,85,14,2.61,99,0,10000,1024,7.36,85,14,2.61,99,0,10000,1024,7.36,85,14,2.61,99,0,10000,1024,7.36,85,14,2.61,99,0,10000,1024,7.36,85,14,2.61,99,0,10000
1028,8.84,76,40,3.6,75,0,10000,5,0,22,11,1024,7.22,87,93,1.84,100,0,10000,1024,7.22,87,93,1.84,100,0,10000,1024,7.22,87,93,1.84,100,0,10000,1024,7.22,87,93,1.84,100,0,10000,1024,7.22,87,93,1.84,100,0,10000,1024,7.22,87,93,1.84,100,0,10000,1024,7.22,87,93,1.84,100,0,10000,1024,7.22,87,93,1.84,100,0,10000,1024,7.22,87,93,1.84,100,0,10000,1024,7.22,87,93,1.84,100,0,10000,1024,7.22,87,93,1.84,100,0,10000,1024,7.22,87,93,1.84,100,0,10000
1028,8.84,76,40,3.6,75,0,10000,8,0,22,11,1028,8.84,76,27,4.97,75,0,10000,1028,8.84,76,27,4.97,75,0,10000,1028,8.84,76,27,4.97,75,0,10000,1028,8.84,76,27,4.97,75,0,10000,1028,8.84,76,27,4.97,75,0,10000,1028,8.84,76,27,4.97,75,0,10000,1028,8.84,76,27,4.97,75,0,10000,1028,8.84,76,27,4.97,75,0,10000,1028,8.84,76,27,4.97,75,0,10000,1028,8.84,76,27,4.97,75,0,10000,1028,8.84,76,27,4.97,75,0,10000,1028,8.84,76,27,4.97,75,0,10000
1028,8.84,76,40,3.6,75,0,10000,11,0,22,11,1028,8.99,70,15,4.86,77,0,10000,1028,8.99,70,15,4.86,77,0,10000,1028,8.99,70,15,4.86,77,0,10000,1028,8.99,70,15,4.86,77,0,10000,1028,8.99,70,15,4.86,77,0,10000,1028,8.99,70,15,4.86,77,0,10000,1028,8.99,70,15,4.86,77,0,10000,1028,8.99,70,15,4.86,77,0,10000,1028,8.99,70,15,4.86,77,0,10000,1028,8.99,70,15,4.86,77,0,10000,1028,8.99,70,15,4.86,77,0,10000,1028,8.99,70,15,4.86,77,0,10000
1028,8.84,76,40,3.6,75,0,10000,14,0,22,11,1027,8.84,67,358,4.69,87,0,10000,1027,8.84,67,358,4.69,87,0,10000,1027,8.84,67,358,4.69,87,0,10000,1027,8.84,67,358,4.69,87,0,10000,1027,8.84,67,358,4.69,87,0,10000,1027,8.84,67,358,4.69,87,0,10000,1027,8.84,67,358,4.69,87,0,10000,1027,8.84,67,358,4.69,87,0,10000,1027,8.84,67,358,4.69,87,0,10000,1027,8.84,67,358,4.69,87,0,10000,1027,8.84,67,358,4.69,87,0,10000,1027,8.84,67,358,4.69,87,0,10000
1028,8.84,76,40,3.6,75,0,10000,17,0,22,11,1026,7.8,82,347,3.94,96,0,10000,1026,7.8,82,347,3.94,96,0,10000,1026,7.8,82,347,3.94,96,0,10000,1026,7.8,82,347,3.94,96,0,10000,1026,7.8,82,347,3.94,96,0,10000,1026,7.8,82,347,3.94,96,0,10000,1026,7.8,82,347,3.94,96,0,10000,1026,7.8,82,347,3.94,96,0,10000,1026,7.8,82,347,3.94,96,0,10000,1026,7.8,82,347,3.94,96,0,10000,1026,7.8,82,347,3.94,96,0,10000,1026,7.8,82,347,3.94,96,0,10000
1028,8.84,76,40,3.6,75,0,10000,20,0,22,11,1026,7.33,85,4,4,100,0,10000,1026,7.33,85,4,4,100,0,10000,1026,7.33,85,4,4,100,0,10000,1026,7.33,85,4,4,100,0,10000,1026,7.33,85,4,4,100,0,10000,1026,7.33,85,4,4,100,0,10000,1026,7.33,85,4,4,100,0,10000,1026,7.33,85,4,4,100,0,10000,1026,7.33,85,4,4,100,0,10000,1026,7.33,85,4,4,100,0,10000,1026,7.33,85,4,4,100,0,10000,1026,7.33,85,4,4,100,0,10000
1028,8.84,76,40,3.6,75,0,10000,23,0,22,11,1025,6.31,87,11,3.59,90,0,10000,1025,6.31,87,11,3.59,90,0,10000,1025,6.31,87,11,3.59,90,0,10000,1025,6.31,87,11,3.59,90,0,10000,1025,6.31,87,11,3.59,90,0,10000,1025,6.31,87,11,3.59,90,0,10000,1025,6.31,87,11,3.59,90,0,10000,1025,6.31,87,11,3.59,90,0,10000,1025,6.31,87,11,3.59,90,0,10000,1025,6.31,87,11,3.59,90,0,10000,1025,6.31,87,11,3.59,90,0,10000,1025,6.31,87,11,3.59,90,0,10000
1028,8.84,76,40,3.6,75,0,10000,2,0,23,11,1024,7.36,85,14,2.61,99,0,10000,1024,7.36,85,14,2.61,99,0,10000,1024,7.36,85,14,2.61,99,0,10000,1024,7.36,85,14,2.61,99,0,10000,1024,7.36,85,14,2.61,99,0,10000,1024,7.36,85,14,2.61,99,0,10000,1024,7.36,85,14,2.61,99,0,10000,1024,7.36,85,14,2.61,99,0,10000,1024,7.36,85,14,2.61,99,0,10000,1024,7.36,85,14,2.61,99,0,10000,1024,7.36,85,14,2.61,99,0,10000,1024,7.36,85,14,2.61,99,0,10000
1028,8.84,76,40,3.6,75,0,10000,5,0,23,11,1024,7.22,87,93,1.84,100,0,10000,1024,7.22,87,93,1.84,100,0,10000,1024,7.22,87,93,1.84,100,0,10000,1024,7.22,87,93,1.84,100,0,10000,1024,7.22,87,93,1.84,100,0,10000,1024,7.22,87,93,1.84,100,0,10000,1024,7.22,87,93,1.84,100,0,10000,1024,7.22,87,93,1.84,100,0,10000,1024,7.22,87,93,1.84,100,0,10000,1024,7.22,87,93,1.84,100,0,10000,1024,7.22,87,93,1.84,100,0,10000,1024,7.22,87,93,1.84,100,0,10000
1028,8.84,76,40,3.6,75,0,10000,8,0,23,11,1028,8.84,76,27,4.97,75,0,10000,1028,8.84,76,27,4.97,75,0,10000,1028,8.84,76,27,4.97,75,0,10000,1028,8.84,76,27,4.97,75,0,10000,1028,8.84,76,27,4.97,75,0,10000,1028,8.84,76,27,4.97,75,0,10000,1028,8.84,76,27,4.97,75,0,10000,1028,8.84,76,27,4.97,75,0,10000,1028,8.84,76,27,4.97,75,0,10000,1028,8.84,76,27,4.97,75,0,10000,1028,8.84,76,27,4.97,75,0,10000,1028,8.84,76,27,4.97,75,0,10000
1028,8.84,76,40,3.6,75,0,10000,11,0,23,11,1028,8.99,70,15,4.86,77,0,10000,1028,8.99,70,15,4.86,77,0,10000,1028,8.99,70,15,4.86,77,0,10000,1028,8.99,70,15,4.86,77,0,10000,1028,8.99,70,15,4.86,77,0,10000,1028,8.99,70,15,4.86,77,0,10000,1028,8.99,70,15,4.86,77,0,10000,1028,8.99,70,15,4.86,77,0,10000,1028,8.99,70,15,4.86,77,0,10000,1028,8.99,70,15,4.86,77,0,10000,1028,8.99,70,15,4.86,77,0,10000,1028,8.99,70,15,4.86,77,0,10000
1028,8.84,76,40,3.6,75,0,10000,14,0,23,11,1027,8.84,67,358,4.69,87,0,10000,1027,8.84,67,358,4.69,87,0,10000,1027,8.84,67,358,4.69,87,0,10000,1027,8.84,67,358,4.69,87,0,10000,1027,8.84,67,358,4.69,87,0,10000,1027,8.84,67,358,4.69,87,0,10000,1027,8.84,67,358,4.69,87,0,10000,1027,8.84,67,358,4.69,87,0,10000,1027,8.84,67,358,4.69,87,0,10000,1027,8.84,67,358,4.69,87,0,10000,1027,8.84,67,358,4.69,87,0,10000,1027,8.84,67,358,4.69,87,0,10000
1028,8.84,76,40,3.6,75,0,10000,17,0,23,11,1026,7.8,82,347,3.94,96,0,10000,1026,7.8,82,347,3.94,96,0,10000,1026,7.8,82,347,3.94,96,0,10000,1026,7.8,82,347,3.94,96,0,10000,1026,7.8,82,347,3.94,96,0,10000,1026,7.8,82,347,3.94,96,0,10000,1026,7.8,82,347,3.94,96,0,10000,1026,7.8,82,347,3.94,96,0,10000,1026,7.8,82,347,3.94,96,0,10000,1026,7.8,82,347,3.94,96,0,10000,1026,7.8,82,347,3.94,96,0,10000,1026,7.8,82,347,3.94,96,0,10000
1028,8.84,76,40,3.6,75,0,10000,20,0,23,11,1026,7.33,85,4,4,100,0,10000,1026,7.33,85,4,4,100,0,10000,1026,7.33,85,4,4,100,0,10000,1026,7.33,85,4,4,100,0,10000,1026,7.33,85,4,4,100,0,10000,1026,7.33,85,4,4,100,0,10000,1026,7.33,85,4,4,100,0,10000,1026,7.33,85,4,4,100,0,10000,1026,7.33,85,4,4,100,0,10000,1026,7.33,85,4,4,100,0,10000,1026,7.33,85,4,4,100,0,10000,1026,7.33,85,4,4,100,0,10000
1028,8.84,76,40,3.6,75,0,10000,23,0,23,11,1025,6.31,87,11,3.59,90,0,10000,1025,6.31,87,11,3.59,90,0,10000,1025,6.31,87,11,3.59,90,0,10000,1025,6.31,87,11,3.59,90,0,10000,1025,6.31,87,11,3.59,90,0,10000,1025,6.31,87,11,3.59,90,0,10000,1025,6.31,87,11,3.59,90,0,10000,1025,6.31,87,11,3.59,90,0,10000,1025,6.31,87,11,3.59,90,0,10000,1025,6.31,87,11,3.59,90,0,10000,1025,6.31,87,11,3.59,90,0,10000,1025,6.31,87,11,3.59,90,0,10000
1028,8.84,76,40,3.6,75,0,10000,2,0,24,11,1024,7.36,85,14,2.61,99,0,10000,1024,7.36,85,14,2.61,99,0,10000,1024,7.36,85,14,2.61,99,0,10000,1024,7.36,85,14,2.61,99,0,10000,1024,7.36,85,14,2.61,99,0,10000,1024,7.36,85,14,2.61,99,0,10000,1024,7.36,85,14,2.61,99,0,10000,1024,7.36,85,14,2.61,99,0,10000,1024,7.36,85,14,2.61,99,0,10000,1024,7.36,85,14,2.61,99,0,10000,1024,7.36,85,14,2.61,99,0,10000,1024,7.36,85,14,2.61,99,0,10000
1028,8.84,76,40,3.6,75,0,10000,5,0,24,11,1024,7.22,87,93,1.84,100,0,10000,1024,7.22,87,93,1.84,100,0,10000,1024,7.22,87,93,1.84,100,0,10000,1024,7.22,87,93,1.84,100,0,10000,1024,7.22,87,93,1.84,100,0,10000,1024,7.22,87,93,1.84,100,0,10000,1024,7.22,87,93,1.84,100,0,10000,1024,7.22,87,93,1.84,100,0,10000,1024,7.22,87,93,1.84,100,0,10000,1024,7.22,87,93,1.84,100,0,10000,1024,7.22,87,93,1.84,100,0,10000,1024,7.22,87,93,1.84,100,0,10000
1028,8.84,76,40,3.6,75,0,10000,8,0,24,11,1028,8.84,76,27,4.97,75,0,10000,1028,8.84,76,27,4.97,75,0,10000,1028,8.84,76,27,4.97,75,0,10000,1028,8.84,76,27,4.97,75,0,10000,1028,8.84,76,27,4.97,75,0,10000,1028,8.84,76,27,4.97,75,0,10000,1028,8.84,76,27,4.97,75,0,10000,1028,8.84,76,27,4.97,75,0,10000,1028,8.84,76,27,4.97,75,0,10000,1028,8.84,76,27,4.97,75,0,10000,1028,8.84,76,27,4.97,75,0,10000,1028,8.84,76,27,4.97,75,0,10000
1028,8.84,76,40,3.6,75,0,10000,11,0,24,11,1028,8.99,70,15,4.86,77,0,10000,1028,8.99,70,15,4.86,77,0,10000,1028,8.99,70,15,4.86,77,0,10000,1028,8.99,70,15,4.86,77,0,10000,1028,8.99,70,15,4.86,77,0,10000,1028,8.99,70,15,4.86,77,0,10000,1028,8.99,70,15,4.86,77,0,10000,1028,8.99,70,15,4.86,77,0,10000,1028,8.99,70,15,4.86,77,0,10000,1028,8.99,70,15,4.86,77,0,10000,1028,8.99,70,15,4.86,77,0,10000,1028,8.99,70,15,4.86,77,0,10000
1028,8.84,76,40,3.6,75,0,10000,14,0,24,11,1027,8.84,67,358,4.69,87,0,10000,1027,8.84,67,358,4.69,87,0,10000,1027,8.84,67,358,4.69,87,0,10000,1027,8.84,67,358,4.69,87,0,10000,1027,8.84,67,358,4.69,87,0,10000,1027,8.84,67,358,4.69,87,0,10000,1027,8.84,67,358,4.69,87,0,10000,1027,8.84,67,358,4.69,87,0,10000,1027,8.84,67,358,4.69,87,0,10000,1027,8.84,67,358,4.69,87,0,10000,1027,8.84,67,358,4.69,87,0,10000,1027,8.84,67,358,4.69,87,0,10000
1028,8.84,76,40,3.6,75,0,10000,17,0,24,11,1026,7.8,82,347,3.94,96,0,10000,1026,7.8,82,347,3.94,96,0,10000,1026,7.8,82,347,3.94,96,0,10000,1026,7.8,82,347,3.94,96,0,10000,1026,7.8,82,347,3.94,96,0,10000,1026,7.8,82,347,3.94,96,0,10000,1026,7.8,82,347,3.94,96,0,10000,1026,7.8,82,347,3.94,96,0,10000,1026,7.8,82,347,3.94,96,0,10000,1026,7.8,82,347,3.94,96,0,10000,1026,7.8,82,347,3.94,96,0,10000,1026,7.8,82,347,3.94,96,0,10000
1028,8.84,76,40,3.6,75,0,10000,20,0,24,11,1026,7.33,85,4,4,100,0,10000,1026,7.33,85,4,4,100,0,10000,1026,7.33,85,4,4,100,0,10000,1026,7.33,85,4,4,100,0,10000,1026,7.33,85,4,4,100,0,10000,1026,7.33,85,4,4,100,0,10000,1026,7.33,85,4,4,100,0,10000,1026,7.33,85,4,4,100,0,10000,1026,7.33,85,4,4,100,0,10000,1026,7.33,85,4,4,100,0,10000,1026,7.33,85,4,4,100,0,10000,1026,7.33,85,4,4,100,0,10000
1028,8.84,76,40,3.6,75,0,10000,23,0,24,11,1025,6.31,87,11,3.59,90,0,10000,1025,6.31,87,11,3.59,90,0,10000,1025,6.31,87,11,3.59,90,0,10000,1025,6.31,87,11,3.59,90,0,10000,1025,6.31,87,11,3.59,90,0,10000,1025,6.31,87,11,3.59,90,0,10000,1025,6.31,87,11,3.59,90,0,10000,1025,6.31,87,11,3.59,90,0,10000,1025,6.31,87,11,3.59,90,0,10000,1025,6.31,87,11,3.59,90,0,10000,1025,6.31,87,11,3.59,90,0,10000,1025,6.31,87,11,3.59,90,0,10000
1028,8.84,76,40,3.6,75,0,10000,2,0,25,11,1024,7.36,85,14,2.61,99,0,10000,1024,7.36,85,14,2.61,99,0,10000,1024,7.36,85,14,2.61,99,0,10000,1024,7.36,85,14,2.61,99,0,10000,1024,7.36,85,14,2.61,99,0,10000,1024,7.36,85,14,2.61,99,0,10000,1024,7.36,85,14,2.61,99,0,10000,1024,7.36,85,14,2.61,99,0,10000,1024,7.36,85,14,2.61,99,0,10000,1024,7.36,85,14,2.61,99,0,10000,1024,7.36,85,14,2.61,99,0,10000,1024,7.36,85,14,2.61,99,0,10000
1028,8.84,76,40,3.6,75,0,10000,5,0,25,11,1024,7.22,87,93,1.84,100,0,10000,1024,7.22,87,93,1.84,100,0,10000,1024,7.22,87,93,1.84,100,0,10000,1024,7.22,87,93,1.84,100,0,10000,1024,7.22,87,93,1.84,100,0,10000,1024,7.22,87,93,1.84,100,0,10000,1024,7.22,87,93,1.84,100,0,10000,1024,7.22,87,93,1.84,100,0,10000,1024,7.22,87,93,1.84,100,0,10000,1024,7.22,87,93,1.84,100,0,10000,1024,7.22,87,93,1.84,100,0,10000,1024,7.22,87,93,1.84,100,0,10000
1028,8.84,76,40,3.6,75,0,10000,8,0,25,11,1028,8.84,76,27,4.97,75,0,10000,1028,8.84,76,27,4.97,75,0,10000,1028,8.84,76,27,4.97,75,0,10000,1028,8.84,76,27,4.97,75,0,10000,1028,8.84,76,27,4.97,75,0,10000,1028,8.84,76,27,4.97,75,0,10000,1028,8.84,76,27,4.97,75,0,10000,1028,8.84,76,27,4.97,75,0,10000,1028,8.84,76,27,4.97,75,0,10000,1028,8.84,76,27,4.97,75,0,10000,1028,8.84,76,27,4.97,75,0,10000,1028,8.84,76,27,4.97,75,0,10000
1028,8.84,76,40,3.6,75,0,10000,11,0,25,11,1028,8.99,70,15,4.86,77,0,10000,1028,8.99,70,15,4.86,77,0,10000,1028,8.99,70,15,4.86,77,0,10000,1028,8.99,70,15,4.86,77,0,10000,1028,8.99,70,15,4.86,77,0,10000,1028,8.99,70,15,4.86,77,0,10000,1028,8.99,70,15,4.86,77,0,10000,1028,8.99,70,15,4.86,77,0,10000,1028,8.99,70,15,4.86,77,0,10000,1028,8.99,70,15,4.86,77,0,10000,1028,8.99,70,15,4.86,77,0,10000,1028,8.99,70,15,4.86,77,0,10000
1028,8.84,76,40,3.6,75,0,10000,14,0,25,11,1027,8.84,67,358,4.69,87,0,10000,1027,8.84,67,358,4.69,87,0,10000,1027,8.84,67,358,4.69,87,0,10000,1027,8.84,67,358,4.69,87,0,10000,1027,8.84,67,358,4.69,87,0,10000,1027,8.84,67,358,4.69,87,0,10000,1027,8.84,67,358,4.69,87,0,10000,1027,8.84,67,358,4.69,87,0,10000,1027,8.84,67,358,4.69,87,0,10000,1027,8.84,67,358,4.69,87,0,10000,1027,8.84,67,358,4.69,87,0,10000,1027,8.84,67,358,4.69,87,0,10000
1028,8.84,76,40,3.6,75,0,10000,17,0,25,11,1026,7.8,82,347,3.94,96,0,10000,1026,7.8,82,347,3.94,96,0,10000,1026,7.8,82,347,3.94,96,0,10000,1026,7.8,82,347,3.94,96,0,10000,1026,7.8,82,347,3.94,96,0,10000,1026,7.8,82,347,3.94,96,0,10000,1026,7.8,82,347,3.94,96,0,10000,1026,7.8,82,347,3.94,96,0,10000,1026,7.8,82,347,3.94,96,0,10000,1026,7.8,82,347,3.94,96,0,10000,1026,7.8,82,347,3.94,96,0,10000,1026,7.8,82,347,3.94,96,0,10000
1028,8.84,76,40,3.6,75,0,10000,20,0,25,11,1026,7.33,85,4,4,100,0,10000,1026,7.33,85,4,4,100,0,10000,1026,7.33,85,4,4,100,0,10000,1026,7.33,85,4,4,100,0,10000,1026,7.33,85,4,4,100,0,10000,1026,7.33,85,4,4,100,0,10000,1026,7.33,85,4,4,100,0,10000,1026,7.33,85,4,4,100,0,10000,1026,7.33,85,4,4,100,0,10000,1026,7.33,85,4,4,100,0,10000,1026,7.33,85,4,4,100,0,10000,1026,7.33,85,4,4,100,0,10000
1028,8.84,76,40,3.6,75,0,10000,23,0,25,11,1025,6.31,87,11,3.59,90,0,10000,1025,6.31,87,11,3.59,90,0,10000,1025,6.31,87,11,3.59,90,0,10000,1025,6.31,87,11,3.59,90,0,10000,1025,6.31,87,11,3.59,90,0,10000,1025,6.31,87,11,3.59,90,0,10000,1025,6.31,87,11,3.59,90,0,10000,1025,6.31,87,11,3.59,90,0,10000,1025,6.31,87,11,3.59,90,0,10000,1025,6.31,87,11,3.59,90,0,10000,1025,6.31,87,11,3.59,90,0,10000,1025,6.31,87,11,3.59,90,0,10000
1028,8.84,76,40,3.6,75,0,10000,2,0,26,11,1024,7.36,85,14,2.61,99,0,10000,1024,7.36,85,14,2.61,99,0,10000,1024,7.36,85,14,2.61,99,0,10000,1024,7.36,85,14,2.61,99,0,10000,1024,7.36,85,14,2.61,99,0,10000,1024,7.36,85,14,2.61,99,0,10000,1024,7.36,85,14,2.61,99,0,10000,1024,7.36,85,14,2.61,99,0,10000,1024,7.36,85,14,2.61,99,0,10000,1024,7.36,85,14,2.61,99,0,10000,1024,7.36,85,14,2.61,99,0,10000,1024,7.36,85,14,2.61,99,0,10000
1028,8.84,76,40,3.6,75,0,10000,5,0,26,11,1024,7.22,87,93,1.84,100,0,10000,1024,7.22,87,93,1.84,100,0,10000,1024,7.22,87,93,1.84,100,0,10000,1024,7.22,87,93,1.84,100,0,10000,1024,7.22,87,93,1.84,100,0,10000,1024,7.22,87,93,1.84,100,0,10000,1024,7.22,87,93,1.84,100,0,10000,1024,7.22,87,93,1.84,100,0,10000,1024,7.22,87,93,1.84,100,0,10000,1024,7.22,87,93,1.84,100,0,10000,1024,7.22,87,93,1.84,100,0,10000,1024,7.22,87,93,1.84,100,0,10000
1028,8.84,76,40,3.6,75,0,10000,8,0,26,11,1028,8.84,76,27,4.97,75,0,10000,1028,8.84,76,27,4.97,75,0,10000,1028,8.84,76,27,4.97,75,0,10000,1028,8.84,76,27,4.97,75,0,10000,1028,8.84,76,27,4.97,75,0,10000,1028,8.84,76,27,4.97,75,0,10000,1028,8.84,76,27,4.97,75,0,10000,1028,8.84,76,27,4.97,75,0,10000,1028,8.84,76,27,4.97,75,0,10000,1028,8.84,76,27,4.97,75,0,10000,1028,8.84,76,27,4.97,75,0,10000,1028,8.84,76,27,4.97,75,0,10000
1028,8.84,76,40,3.6,75,0,10000,11,0,26,11,1028,8.99,70,15,4.86,77,0,10000,1028,8.99,70,15,4.86,77,0,10000,1028,8.99,70,15,4.86,77,0,10000,1028,8.99,70,15,4.86,77,0,10000,1028,8.99,70,15,4.86,77,0,10000,1028,8.99,70,15,4.86,77,0,10000,1028,8.99,70,15,4.86,77,0,10000,1028,8.99,70,15,4.86,77,0,10000,1028,8.99,70,15,4.86,77,0,10000,1028,8.99,70,15,4.86,77,0,10000,1028,8.99,70,15,4.86,77,0,10000,1028,8.99,70,15,4.86,77,0,10000
1028,8.84,76,40,3.6,75,0,10000,14,0,26,11,1027,8.84,67,358,4.69,87,0,10000,1027,8.84,67,358,4.69,87,0,10000,1027,8.84,67,358,4.69,87,0,10000,1027,8.84,67,358,4.69,87,0,10000,1027,8.84,67,358,4.69,87,0,10000,1027,8.84,67,358,4.69,87,0,10000,1027,8.84,67,358,4.69,87,0,10000,1027,8.84,67,358,4.69,87,0,10000,1027,8.84,67,358,4.69,87,0,10000,1027,8.84,67,358,4.69,87,0,10000,1027,8.84,67,358,4.69,87,0,10000,1027,8.84,67,358,4.69,87,0,10000
1028,8.84,76,40,3.6,75,0,10000,17,0,26,11,1026,7.8,82,347,3.94,96,0,10000,1026,7.8,82,347,3.94,96,0,10000,1026,7.8,82,347,3.94,96,0,10000,1026,7.8,82,347,3.94,96,0,10000,1026,7.8,82,347,3.94,96,0,10000,1026,7.8,82,347,3.94,96,0,10000,1026,7.8,82,347,3.94,96,0,10000,1026,7.8,82,347,3.94,96,0,10000,1026,7.8,82,347,3.94,96,0,10000,1026,7.8,82,347,3.94,96,0,10000,1026,7.8,82,347,3.94,96,0,10000,1026,7.8,82,347,3.94,96,0,10000
1028,8.84,76,40,3.6,75,0,10000,20,0,26,11,1026,7.33,85,4,4,100,0,10000,1026,7.33,85,4,4,100,0,10000,1026,7.33,85,4,4,100,0,10000,1026,7.33,85,4,4,100,0,10000,1026,7.33,85,4,4,100,0,10000,1026,7.33,85,4,4,100,0,10000,1026,7.33,85,4,4,100,0,10000,1026,7.33,85,4,4,100,0,10000,1026,7.33,85,4,4,100,0,10000,1026,7.33,85,4,4,100,0,10000,1026,7.33,85,4,4,100,0,10000,1026,7.33,85,4,4,100,0,10000
1028,8.84,76,40,3.6,75,0,10000,23,0,26,11,1025,6.31,87,11,3.59,90,0,10000,1025,6.31,87,11,3.59,90,0,10000,1025,6.31,87,11,3.59,90,0,10000,1025,6.31,87,11,3.59,90,0,10000,1025,6.31,87,11,3.59,90,0,10000,1025,6.31,87,11,3.59,90,0,10000,1025,6.31,87,11,3.59,90,0,10000,1025,6.31,87,11,3.59,90,0,10000,1025,6.31,87,11,3.59,90,0,10000,1025,6.31,87,11,3.59,90,0,10000,1025,6.31,87,11,3.59,90,0,10000,1025,6.31,87,11,3.59,90,0,10000
1028,8.84,76,40,3.6,75,0,10000,2,0,27,11,1024,7.36,85,14,2.61,99,0,10000,1024,7.36,85,14,2.61,99,0,10000,1024,7.36,85,14,2.61,99,0,10000,1024,7.36,85,14,2.61,99,0,10000,1024,7.36,85,14,2.61,99,0,10000,1024,7.36,85,14,2.61,99,0,10000,1024,7.36,85,14,2.61,99,0,10000,1024,7.36,85,14,2.61,99,0,10000,1024,7.36,85,14,2.61,99,0,10000,1024,7.36,85,14,2.61,99,0,10000,1024,7.36,85,14,2.61,99,0,10000,1024,7.36,85,14,2.61,99,0,10000
1028,8.84,76,40,3.6,75,0,10000,5,0,27,11,1024,7.22,87,93,1.84,100,0,10000,1024,7.22,87,93,1.84,100,0,10000,1024,7.22,87,93,1.84,100,0,10000,1024,7.22,87,93,1.84,100,0,10000,1024,7.22,87,93,1.84,100,0,10000,1024,7.22,87,93,1.84,100,0,10000,1024,7.22,87,93,1.84,100,0,10000,1024,7.22,87,93,1.84,100,0,10000,1024,7.22,87,93,1.84,100,0,10000,1024,7.22,87,93,1.84,100,0,10000,1024,7.22,87,93,1.84,100,0,10000,1024,7.22,87,93,1.84,100,0,10000
1028,8.84,76,40,3.6,75,0,10000,8,0,27,11,1028,8.84,76,27,4.97,75,0,10000,1028,8.84,76,27,4.97,75,0,10000,1028,8.84,76,27,4.97,75,0,10000,1028,8.84,76,27,4.97,75,0,10000,1028,8.84,76,27,4.97,75,0,10000,1028,8.84,76,27,4.97,75,0,10000,1028,8.84,76,27,4.97,75,0,10000,1028,8.84,76,27,4.97,75,0,10000,1028,8.84,76,27,4.97,75,0,10000,1028,8.84,76,27,4.97,75,0,10000,1028,8.84,76,27,4.97,75,0,10000,1028,8.84,76,27,4.97,75,0,10000
1028,8.84,76,40,3.6,75,0,10000,11,0,27,11,1028,8.99,70,15,4.86,77,0,10000,1028,8.99,70,15,4.86,77,0,10000,1028,8.99,70,15,4.86,77,0,10000,1028,8.99,70,15,4.86,77,0,10000,1028,8.99,70,15,4.86,77,0,10000,1028,8.99,70,15,4.86,77,0,10000,1028,8.99,70,15,4.86,77,0,10000,1028,8.99,70,15,4.86,77,0,10000,1028,8.99,70,15,4.86,77,0,10000,1028,8.99,70,15,4.86,77,0,10000,1028,8.99,70,15,4.86,77,0,10000,1028,8.99,70,15,4.86,77,0,10000
1028,8.84,76,40,3.6,75,0,10000,14,0,27,11,1027,8.84,67,358,4.69,87,0,10000,1027,8.84,67,358,4.69,87,0,10000,1027,8.84,67,358,4.69,87,0,10000,1027,8.84,67,358,4.69,87,0,10000,1027,8.84,67,358,4.69,87,0,10000,1027,8.84,67,358,4.69,87,0,10000,1027,8.84,67,358,4.69,87,0,10000,1027,8.84,67,358,4.69,87,0,10000,1027,8.84,67,358,4.69,87,0,10000,1027,8.84,67,358,4.69,87,0,10000,1027,8.84,67,358,4.69,87,0,10000,1027,8.84,67,358,4.69,87,0,10000
1028,8.84,76,40,3.6,75,0,10000,17,0,27,11,1026,7.8,82,347,3.94,96,0,10000,1026,7.8,82,347,3.94,96,0,10000,1026,7.8,82,347,3.94,96,0,10000,1026,7.8,82,347,3.94,96,0,10000,1026,7.8,82,347,3.94,96,0,10000,1026,7.8,82,347,3.94,96,0,10000,1026,7.8,82,347,3.94,96,0,10000,1026,7.8,82,347,3.94,96,0,10000,1026,7.8,82,347,3.94,96,0,10000,1026,7.8,82,347,3.94,96,0,10000,1026,7.8,82,347,3.94,96,0,10000,1026,7.8,82,347,3.94,96,0,10000
1028,8.84,76,40,3.6,75,0,10000,20,0,27,11,1026,7.33,85,4,4,100,0,10000,1026,7.33,85,4,4,100,0,10000,1026,7.33,85,4,4,100,0,10000,1026,7.33,85,4,4,100,0,10000,1026,7.33,85,4,4,100,0,10000,1026,7.33,85,4,4,100,0,10000,1026,7.33,85,4,4,100,0,10000,1026,7.33,85,4,4,100,0,10000,1026,7.33,85,4,4,100,0,10000,1026,7.33,85,4,4,100,0,10000,1026,7.33,85,4,4,100,0,10000,1026,7.33,85,4,4,100,0,10000
1028,8.84,76,40,3.6,75,0,10000,23,0,27,11,1025,6.31,87,11,3.59,90,0,10000,1025,6.31,87,11,3.59,90,0,10000,1025,6.31,87,11,3.59,90,0,10000,1025,6.31,87,11,3.59,90,0,10000,1025,6.31,87,11,3.59,90,0,10000,1025,6.31,87,11,3.59,90,0,10000,1025,6.31,87,11,3.59,90,0,10000,1025,6.31,87,11,3.59,90,0,10000,1025,6.31,87,11,3.59,90,0,10000,1025,6.31,87,11,3.59,90,0,10000,1025,6.31,87,11,3.59,90,0,10000,1025,6.31,87,11,3.59,90,0,10000
1028,8.84,76,40,3.6,75,0,10000,2,0,28,11,1024,7.36,85,14,2.61,99,0,10000,1024,7.36,85,14,2.61,99,0,10000,1024,7.36,85,14,2.61,99,0,10000,1024,7.36,85,14,2.61,99,0,10000,1024,7.36,85,14,2.61,99,0,10000,1024,7.36,85,14,2.61,99,0,10000,1024,7.36,85,14,2.61,99,0,10000,1024,7.36,85,14,2.61,99,0,10000,1024,7.36,85,14,2.61,99,0,10000,1024,7.36,85,14,2.61,99,0,10000,1024,7.36,85,14,2.61,99,0,10000,1024,7.36,85,14,2.61,99,0,10000
1028,8.84,76,40,3.6,75,0,10000,5,0,28,11,1024,7.22,87,93,1.84,100,0,10000,1024,7.22,87,93,1.84,100,0,10000,1024,7.22,87,93,1.84,100,0,10000,1024,7.22,87,93,1.84,100,0,10000,1024,7.22,87,93,1.84,100,0,10000,1024,7.22,87,93,1.84,100,0,10000,1024,7.22,87,93,1.84,100,0,10000,1024,7.22,87,93,1.84,100,0,10000,1024,7.22,87,93,1.84,100,0,10000,1024,7.22,87,93,1.84,100,0,10000,1024,7.22,87,93,1.84,100,0,10000,1024,7.22,87,93,1.84,100,0,10000
1028,8.84,76,40,3.6,75,0,10000,8,0,28,11,1028,8.84,76,27,4.97,75,0,10000,1028,8.84,76,27,4.97,75,0,10000,1028,8.84,76,27,4.97,75,0,10000,1028,8.84,76,27,4.97,75,0,10000,1028,8.84,76,27,4.97,75,0,10000,1028,8.84,76,27,4.97,75,0,10000,1028,8.84,76,27,4.97,75,0,10000,1028,8.84,76,27,4.97,75,0,10000,1028,8.84,76,27,4.97,75,0,10000,1028,8.84,76,27,4.97,75,0,10000,1028,8.84,76,27,4.97,75,0,10000,1028,8.84,76,27,4.97,75,0,10000
1028,8.84,76,40,3.6,75,0,10000,11,0,28,11,1028,8.99,70,15,4.86,77,0,10000,1028,8.99,70,15,4.86,77,0,10000,1028,8.99,70,15,4.86,77,0,10000,1028,8.99,70,15,4.86,77,0,10000,1028,8.99,70,15,4.86,77,0,10000,1028,8.99,70,15,4.86,77,0,10000,1028,8.99,70,15,4.86,77,0,10000,1028,8.99,70,15,4.86,77,0,10000,1028,8.99,70,15,4.86,77,0,10000,1028,8.99,70,15,4.86,77,0,10000,1028,8.99,70,15,4.86,77,0,10000,1028,8.99,70,15,4.86,77,0,10000
1028,8.84,76,40,3.6,75,0,10000,14,0,28,11,1027,8.84,67,358,4.69,87,0,10000,1027,8.84,67,358,4.69,87,0,10000,1027,8.84,67,358,4.69,87,0,10000,1027,8.84,67,358,4.69,87,0,10000,1027,8.84,67,358,4.69,87,0,10000,1027,8.84,67,358,4.69,87,0,10000,1027,8.84,67,358,4.69,87,0,10000,1027,8.84,67,358,4.69,87,0,10000,1027,8.84,67,358,4.69,87,0,10000,1027,8.84,67,358,4.69,87,0,10000,1027,8.84,67,358,4.69,87,0,10000,1027,8.84,67,358,4.69,87,0,10000
1028,8.84,76,40,3.6,75,0,10000,17,0,28,11,1026,7.8,82,347,3.94,96,0,10000,1026,7.8,82,347,3.94,96,0,10000,1026,7.8,82,347,3.94,96,0,10000,1026,7.8,82,347,3.94,96,0,10000,1026,7.8,82,347,3.94,96,0,10000,1026,7.8,82,347,3.94,96,0,10000,1026,7.8,82,347,3.94,96,0,10000,1026,7.8,82,347,3.94,96,0,10000,1026,7.8,82,347,3.94,96,0,10000,1026,7.8,82,347,3.94,96,0,10000,1026,7.8,82,347,3.94,96,0,10000,1026,7.8,82,347,3.94,96,0,10000
1028,8.84,76,40,3.6,75,0,10000,20,0,28,11,1026,7.33,85,4,4,100,0,10000,1026,7.33,85,4,4,100,0,10000,1026,7.33,85,4,4,100,0,10000,1026,7.33,85,4,4,100,0,10000,1026,7.33,85,4,4,100,0,10000,1026,7.33,85,4,4,100,0,10000,1026,7.33,85,4,4,100,0,10000,1026,7.33,85,4,4,100,0,10000,1026,7.33,85,4,4,100,0,10000,1026,7.33,85,4,4,100,0,10000,1026,7.33,85,4,4,100,0,10000,1026,7.33,85,4,4,100,0,10000
1028,8.84,76,40,3.6,75,0,10000,23,0,28,11,1025,6.31,87,11,3.59,90,0,10000,1025,6.31,87,11,3.59,90,0,10000,1025,6.31,87,11,3.59,90,0,10000,1025,6.31,87,11,3.59,90,0,10000,1025,6.31,87,11,3.59,90,0,10000,1025,6.31,87,11,3.59,90,0,10000,1025,6.31,87,11,3.59,90,0,10000,1025,6.31,87,11,3.59,90,0,10000,1025,6.31,87,11,3.59,90,0,10000,1025,6.31,87,11,3.59,90,0,10000,1025,6.31,87,11,3.59,90,0,10000,1025,6.31,87,11,3.59,90,0,10000
1028,8.84,76,40,3.6,75,0,10000,2,0,29,11,1024,7.36,85,14,2.61,99,0,10000,1024,7.36,85,14,2.61,99,0,10000,1024,7.36,85,14,2.61,99,0,10000,1024,7.36,85,14,2.61,99,0,10000,1024,7.36,85,14,2.61,99,0,10000,1024,7.36,85,14,2.61,99,0,10000,1024,7.36,85,14,2.61,99,0,10000,1024,7.36,85,14,2.61,99,0,10000,1024,7.36,85,14,2.61,99,0,10000,1024,7.36,85,14,2.61,99,0,10000,1024,7.36,85,14,2.61,99,0,10000,1024,7.36,85,14,2.61,99,0,10000
1028,8.84,76,40,3.6,75,0,10000,5,0,29,11,1024,7.22,87,93,1.84,100,0,10000,1024,7.22,87,93,1.84,100,0,10000,1024,7.22,87,93,1.84,100,0,10000,1024,7.22,87,93,1.84,100,0,10000,1024,7.22,87,93,1.84,100,0,10000,1024,7.22,87,93,1.84,100,0,10000,1024,7.22,87,93,1.84,100,0,10000,1024,7.22,87,93,1.84,100,0,10000,1024,7.22,87,93,1.84,100,0,10000,1024,7.22,87,93,1.84,100,0,10000,1024,7.22,87,93,1.84,100,0,10000,1024,7.22,87,93,1.84,100,0,10000
1028,8.84,76,40,3.6,75,0,10000,8,0,29,11,1028,8.84,76,27,4.97,75,0,10000,1028,8.84,76,27,4.97,75,0,10000,1028,8.84,76,27,4.97,75,0,10000,1028,8.84,76,27,4.97,75,0,10000,1028,8.84,76,27,4.97,75,0,10000,1028,8.84,76,27,4.97,75,0,10000,1028,8.84,76,27,4.97,75,0,10000,1028,8.84,76,27,4.97,75,0,10000,1028,8.84,76,27,4.97,75,0,10000,1028,8.84,76,27,4.97,75,0,10000,1028,8.84,76,27,4.97,75,0,10000,1028,8.84,76,27,4.97,75,0,10000
1028,8.84,76,40,3.6,75,0,10000,11,0,29,11,1028,8.99,70,15,4.86,77,0,10000,1028,8.99,70,15,4.86,77,0,10000,1028,8.99,70,15,4.86,77,0,10000,1028,8.99,70,15,4.86,77,0,10000,1028,8.99,70,15,4.86,77,0,10000,1028,8.99,70,15,4.86,77,0,10000,1028,8.99,70,15,4.86,77,0,10000,1028,8.99,70,15,4.86,77,0,10000,1028,8.99,70,15,4.86,77,0,10000,1028,8.99,70,15,4.86,77,0,10000,1028,8.99,70,15,4.86,77,0,10000,1028,8.99,70,15,4.86,77,0,10000
1028,8.84,76,30,5.14,75,0,10000,14,0,29,11,1027,8.84,67,358,4.69,87,0,10000,1027,8.84,67,358,4.69,87,0,10000,1027,8.84,67,358,4.69,87,0,10000,1027,8.84,67,358,4.69,87,0,10000,1027,8.84,67,358,4.69,87,0,10000,1027,8.84,67,358,4.69,87,0,10000,1027,8.84,67,358,4.69,87,0,10000,1027,8.84,67,358,4.69,87,0,10000,1027,8.84,67,358,4.69,87,0,10000,1027,8.84,67,358,4.69,87,0,10000,1027,8.84,67,358,4.69,87,0,10000,1027,8.84,67,358,4.69,87,0,10000
1028,8.84,76,30,5.14,75,0,10000,17,0,29,11,1026,7.8,82,347,3.94,96,0,10000,1026,7.8,82,347,3.94,96,0,10000,1026,7.8,82,347,3.94,96,0,10000,1026,7.8,82,347,3.94,96,0,10000,1026,7.8,82,347,3.94,96,0,10000,1026,7.8,82,347,3.94,96,0,10000,1026,7.8,82,347,3.94,96,0,10000,1026,7.8,82,347,3.94,96,0,10000,1026,7.8,82,347,3.94,96,0,10000,1026,7.8,82,347,3.94,96,0,10000,1026,7.8,82,347,3.94,96,0,10000,1026,7.8,82,347,3.94,96,0,10000
1028,8.84,76,30,5.14,75,0,10000,20,0,29,11,1026,7.33,85,4,4,100,0,10000,1026,7.33,85,4,4,100,0,10000,1026,7.33,85,4,4,100,0,10000,1026,7.33,85,4,4,100,0,10000,1026,7.33,85,4,4,100,0,10000,1026,7.33,85,4,4,100,0,10000,1026,7.33,85,4,4,100,0,10000,1026,7.33,85,4,4,100,0,10000,1026,7.33,85,4,4,100,0,10000,1026,7.33,85,4,4,100,0,10000,1026,7.33,85,4,4,100,0,10000,1026,7.33,85,4,4,100,0,10000
1028,8.84,76,30,5.14,75,0,10000,23,0,29,11,1025,6.31,87,11,3.59,90,0,10000,1025,6.31,87,11,3.59,90,0,10000,1025,6.31,87,11,3.59,90,0,10000,1025,6.31,87,11,3.59,90,0,10000,1025,6.31,87,11,3.59,90,0,10000,1025,6.31,87,11,3.59,90,0,10000,1025,6.31,87,11,3.59,90,0,10000,1025,6.31,87,11,3.59,90,0,10000,1025,6.31,87,11,3.59,90,0,10000,1025,6.31,87,11,3.59,90,0,10000,1025,6.31,87,11,3.59,90,0,10000,1025,6.31,87,11,3.59,90,0,10000
1028,8.84,76,30,5.14,75,0,10000,2,0,30,11,1024,7.36,85,14,2.61,99,0,10000,1024,7.36,85,14,2.61,99,0,10000,1024,7.36,85,14,2.61,99,0,10000,1024,7.36,85,14,2.61,99,0,10000,1024,7.36,85,14,2.61,99,0,10000,1024,7.36,85,14,2.61,99,0,10000,1024,7.36,85,14,2.61,99,0,10000,1024,7.36,85,14,2.61,99,0,10000,1024,7.36,85,14,2.61,99,0,10000,1024,7.36,85,14,2.61,99,0,10000,1024,7.36,85,14,2.61,99,0,10000,1024,7.36,85,14,2.61,99,0,10000
1028,8.84,76,30,5.14,75,0,10000,5,0,30,11,1024,7.22,87,93,1.84,100,0,10000,1024,7.22,87,93,1.84,100,0,10000,1024,7.22,87,93,1.84,100,0,10000,1024,7.22,87,93,1.84,100,0,10000,1024,7.22,87,93,1.84,100,0,10000,1024,7.22,87,93,1.84,100,0,10000,1024,7.22,87,93,1.84,100,0,10000,1024,7.22,87,93,1.84,100,0,10000,1024,7.22,87,93,1.84,100,0,10000,1024,7.22,87,93,1.84,100,0,10000,1024,7.22,87,93,1.84,100,0,10000,1024,7.22,87,93,1.84,100,0,10000
1028,8.84,76,30,5.14,75,0,10000,8,0,30,11,1028,8.84,76,27,4.97,75,0,10000,1028,8.84,76,27,4.97,75,0,10000,1028,8.84,76,27,4.97,75,0,10000,1028,8.84,76,27,4.97,75,0,10000,1028,8.84,76,27,4.97,75,0,10000,1028,8.84,76,27,4.97,75,0,10000,1028,8.84,76,27,4.97,75,0,10000,1028,8.84,76,27,4.97,75,0,10000,1028,8.84,76,27,4.97,75,0,10000,1028,8.84,76,27,4.97,75,0,10000,1028,8.84,76,27,4.97,75,0,10000,1028,8.84,76,27,4.97,75,0,10000
1028,8.84,76,30,5.14,75,0,10000,11,0,30,11,1028,8.99,70,15,4.86,77,0,10000,1028,8.99,70,15,4.86,77,0,10000,1028,8.99,70,15,4.86,77,0,10000,1028,8.99,70,15,4.86,77,0,10000,1028,8.99,70,15,4.86,77,0,10000,1028,8.99,70,15,4.86,77,0,10000,1028,8.99,70,15,4.86,77,0,10000,1028,8.99,70,15,4.86,77,0,10000,1028,8.99,70,15,4.86,77,0,10000,1028,8.99,70,15,4.86,77,0,10000,1028,8.99,70,15,4.86,77,0,10000,1028,8.99,70,15,4.86,77,0,10000
1028,8.84,76,30,5.14,75,0,10000,14,0,30,11,1027,8.84,67,358,4.69,87,0,10000,1027,8.84,67,358,4.69,87,0,10000,1027,8.84,67,358,4.69,87,0,10000,1027,8.84,67,358,4.69,87,0,10000,1027,8.84,67,358,4.69,87,0,10000,1027,8.84,67,358,4.69,87,0,10000,1027,8.84,67,358,4.69,87,0,10000,1027,8.84,67,358,4.69,87,0,10000,1027,8.84,67,358,4.69,87,0,10000,1027,8.84,67,358,4.69,87,0,10000,1027,8.84,67,358,4.69,87,0,10000,1027,8.84,67,358,4.69,87,0,10000
1028,8.84,76,30,5.14,75,0,10000,17,0,30,11,1026,7.8,82,347,3.94,96,0,10000,1026,7.8,82,347,3.94,96,0,10000,1026,7.8,82,347,3.94,96,0,10000,1026,7.8,82,347,3.94,96,0,10000,1026,7.8,82,347,3.94,96,0,10000,1026,7.8,82,347,3.94,96,0,10000,1026,7.8,82,347,3.94,96,0,10000,1026,7.8,82,347,3.94,96,0,10000,1026,7.8,82,347,3.94,96,0,10000,1026,7.8,82,347,3.94,96,0,10000,1026,7.8,82,347,3.94,96,0,10000,1026,7.8,82,347,3.94,96,0,10000
1028,8.84,76,30,5.14,75,0,10000,20,0,30,11,1026,7.33,85,4,4,100,0,10000,1026,7.33,85,4,4,100,0,10000,1026,7.33,85,4,4,100,0,10000,1026,7.33,85,4,4,100,0,10000,1026,7.33,85,4,4,100,0,10000,1026,7.33,85,4,4,100,0,10000,1026,7.33,85,4,4,100,0,10000,1026,7.33,85,4,4,100,0,10000,1026,7.33,85,4,4,100,0,10000,1026,7.33,85,4,4,100,0,10000,1026,7.33,85,4,4,100,0,10000,1026,7.33,85,4,4,100,0,10000
1028,8.84,76,30,5.14,75,0,10000,23,0,30,11,1025,6.31,87,11,3.59,90,0,10000,1025,6.31,87,11,3.59,90,0,10000,1025,6.31,87,11,3.59,90,0,10000,1025,6.31,87,11,3.59,90,0,10000,1025,6.31,87,11,3.59,90,0,10000,1025,6.31,87,11,3.59,90,0,10000,1025,6.31,87,11,3.59,90,0,10000,1025,6.31,87,11,3.59,90,0,10000,1025,6.31,87,11,3.59,90,0,10000,1025,6.31,87,11,3.59,90,0,10000,1025,6.31,87,11,3.59,90,0,10000,1025,6.31,87,11,3.59,90,0,10000
1028,8.84,76,30,5.14,75,0,10000,2,0,1,12,1024,7.36,85,14,2.61,99,0,10000,1024,7.36,85,14,2.61,99,0,10000,1024,7.36,85,14,2.61,99,0,10000,1024,7.36,85,14,2.61,99,0,10000,1024,7.36,85,14,2.61,99,0,10000,1024,7.36,85,14,2.61,99,0,10000,1024,7.36,85,14,2.61,99,0,10000,1024,7.36,85,14,2.61,99,0,10000,1024,7.36,85,14,2.61,99,0,10000,1024,7.36,85,14,2.61,99,0,10000,1024,7.36,85,14,2.61,99,0,10000,1024,7.36,85,14,2.61,99,0,10000
1028,8.84,76,30,5.14,75,0,10000,5,0,1,12,1024,7.22,87,93,1.84,100,0,10000,1024,7.22,87,93,1.84,100,0,10000,1024,7.22,87,93,1.84,100,0,10000,1024,7.22,87,93,1.84,100,0,10000,1024,7.22,87,93,1.84,100,0,10000,1024,7.22,87,93,1.84,100,0,10000,1024,7.22,87,93,1.84,100,0,10000,1024,7.22,87,93,1.84,100,0,10000,1024,7.22,87,93,1.84,100,0,10000,1024,7.22,87,93,1.84,100,0,10000,1024,7.22,87,93,1.84,100,0,10000,1024,7.22,87,93,1.84,100,0,10000
1028,8.84,76,30,5.14,75,0,10000,8,0,1,12,1028,8.84,76,27,4.97,75,0,10000,1028,8.84,76,27,4.97,75,0,10000,1028,8.84,76,27,4.97,75,0,10000,1028,8.84,76,27,4.97,75,0,10000,1028,8.84,76,27,4.97,75,0,10000,1028,8.84,76,27,4.97,75,0,10000,1028,8.84,76,27,4.97,75,0,10000,1028,8.84,76,27,4.97,75,0,10000,1028,8.84,76,27,4.97,75,0,10000,1028,8.84,76,27,4.97,75,0,10000,1028,8.84,76,27,4.97,75,0,10000,1028,8.84,76,27,4.97,75,0,10000
1028,8.84,76,30,5.14,75,0,10000,11,0,1,12,1028,8.99,70,15,4.86,77,0,10000,1028,8.99,70,15,4.86,77,0,10000,1028,8.99,70,15,4.86,77,0,10000,1028,8.99,70,15,4.86,77,0,10000,1028,8.99,70,15,4.86,77,0,10000,1028,8.99,70,15,4.86,77,0,10000,1028,8.99,70,15,4.86,77,0,10000,1028,8.99,70,15,4.86,77,0,10000,1028,8.99,70,15,4.86,77,0,10000,1028,8.99,70,15,4.86,77,0,10000,1028,8.99,70,15,4.86,77,0,10000,1028,8.99,70,15,4.86,77,0,10000
1028,8.84,76,30,5.14,75,0,10000,14,0,1,12,1027,8.84,67,358,4.69,87,0,10000,1027,8.84,67,358,4.69,87,0,10000,1027,8.84,67,358,4.69,87,0,10000,1027,8.84,67,358,4.69,87,0,10000,1027,8.84,67,358,4.69,87,0,10000,1027,8.84,67,358,4.69,87,0,10000,1027,8.84,67,358,4.69,87,0,10000,1027,8.84,67,358,4.69,87,0,10000,1027,8.84,67,358,4.69,87,0,10000,1027,8.84,67,358,4.69,87,0,10000,1027,8.84,67,358,4.69,87,0,10000,1027,8.84,67,358,4.69,87,0,10000
1028,8.84,76,30,5.14,75,0,10000,17,0,1,12,1026,7.8,82,347,3.94,96,0,10000,1026,7.8,82,347,3.94,96,0,10000,1026,7.8,82,347,3.94,96,0,10000,1026,7.8,82,347,3.94,96,0,10000,1026,7.8,82,347,3.94,96,0,10000,1026,7.8,82,347,3.94,96,0,10000,1026,7.8,82,347,3.94,96,0,10000,1026,7.8,82,347,3.94,96,0,10000,1026,7.8,82,347,3.94,96,0,10000,1026,7.8,82,347,3.94,96,0,10000,1026,7.8,82,347,3.94,96,0,10000,1026,7.8,82,347,3.94,96,0,10000
1028,8.84,76,30,5.14,75,0,10000,20,0,1,12,1026,7.33,85,4,4,100,0,10000,1026,7.33,85,4,4,100,0,10000,1026,7.33,85,4,4,100,0,10000,1026,7.33,85,4,4,100,0,10000,1026,7.33,85,4,4,100,0,10000,1026,7.33,85,4,4,100,0,10000,1026,7.33,85,4,4,100,0,10000,1026,7.33,85,4,4,100,0,10000,1026,7.33,85,4,4,100,0,10000,1026,7.33,85,4,4,100,0,10000,1026,7.33,85,4,4,100,0,10000,1026,7.33,85,4,4,100,0,10000
1028,8.84,76,30,5.14,75,0,10000,23,0,1,12,1025,6.31,87,11,3.59,90,0,10000,1025,6.31,87,11,3.59,90,0,10000,1025,6.31,87,11,3.59,90,0,10000,1025,6.31,87,11,3.59,90,0,10000,1025,6.31,87,11,3.59,90,0,10000,1025,6.31,87,11,3.59,90,0,10000,1025,6.31,87,11,3.59,90,0,10000,1025,6.31,87,11,3.59,90,0,10000,1025,6.31,87,11,3.59,90,0,10000,1025,6.31,87,11,3.59,90,0,10000,1025,6.31,87,11,3.59,90,0,10000,1025,6.31,87,11,3.59,90,0,10000
1028,8.84,76,30,5.14,75,0,10000,2,0,2,12,1024,7.36,85,14,2.61,99,0,10000,1024,7.36,85,14,2.61,99,0,10000,1024,7.36,85,14,2.61,99,0,10000,1024,7.36,85,14,2.61,99,0,10000,1024,7.36,85,14,2.61,99,0,10000,1024,7.36,85,14,2.61,99,0,10000,1024,7.36,85,14,2.61,99,0,10000,1024,7.36,85,14,2.61,99,0,10000,1024,7.36,85,14,2.61,99,0,10000,1024,7.36,85,14,2.61,99,0,10000,1024,7.36,85,14,2.61,99,0,10000,1024,7.36,85,14,2.61,99,0,10000
1028,8.84,76,30,5.14,75,0,10000,5,0,2,12,1024,7.22,87,93,1.84,100,0,10000,1024,7.22,87,93,1.84,100,0,10000,1024,7.22,87,93,1.84,100,0,10000,1024,7.22,87,93,1.84,100,0,10000,1024,7.22,87,93,1.84,100,0,10000,1024,7.22,87,93,1.84,100,0,10000,1024,7.22,87,93,1.84,100,0,10000,1024,7.22,87,93,1.84,100,0,10000,1024,7.22,87,93,1.84,100,0,10000,1024,7.22,87,93,1.84,100,0,10000,1024,7.22,87,93,1.84,100,0,10000,1024,7.22,87,93,1.84,100,0,10000
1028,8.84,76,30,5.14,75,0,10000,8,0,2,12,1028,8.84,76,27,4.97,75,0,10000,1028,8.84,76,27,4.97,75,0,10000,1028,8.84,76,27,4.97,75,0,10000,1028,8.84,76,27,4.97,75,0,10000,1028,8.84,76,27,4.97,75,0,10000,1028,8.84,76,27,4.97,75,0,10000,1028,8.84,76,27,4.97,75,0,10000,1028,8.84,76,27,4.97,75,0,10000,1028,8.84,76,27,4.97,75,0,10000,1028,8.84,76,27,4.97,75,0,10000,1028,8.84,76,27,4.97,75,0,10000,1028,8.84,76,27,4.97,75,0,10000
1028,8.84,76,30,5.14,75,0,10000,11,0,2,12,1028,8.99,70,15,4.86,77,0,10000,1028,8.99,70,15,4.86,77,0,10000,1028,8.99,70,15,4.86,77,0,10000,1028,8.99,70,15,4.86,77,0,10000,1028,8.99,70,15,4.86,77,0,10000,1028,8.99,70,15,4.86,77,0,10000,1028,8.99,70,15,4.86,77,0,10000,1028,8.99,70,15,4.86,77,0,10000,1028,8.99,70,15,4.86,77,0,10000,1028,8.99,70,15,4.86,77,0,10000,1028,8.99,70,15,4.86,77,0,10000,1028,8.99,70,15,4.86,77,0,10000
1028,8.84,76,30,5.14,75,0,10000,14,0,2,12,1027,8.84,67,358,4.69,87,0,10000,1027,8.84,67,358,4.69,87,0,10000,1027,8.84,67,358,4.69,87,0,10000,1027,8.84,67,358,4.69,87,0,10000,1027,8.84,67,358,4.69,87,0,10000,1027,8.84,67,358,4.69,87,0,10000,1027,8.84,67,358,4.69,87,0,10000,1027,8.84,67,358,4.69,87,0,10000,1027,8.84,67,358,4.69,87,0,10000,1027,8.84,67,358,4.69,87,0,10000,1027,8.84,67,358,4.69,87,0,10000,1027,8.84,67,358,4.69,87,0,10000
1028,8.84,76,30,5.14,75,0,10000,17,0,2,12,1026,7.8,82,347,3.94,96,0,10000,1026,7.8,82,347,3.94,96,0,10000,1026,7.8,82,347,3.94,96,0,10000,1026,7.8,82,347,3.94,96,0,10000,1026,7.8,82,347,3.94,96,0,10000,1026,7.8,82,347,3.94,96,0,10000,1026,7.8,82,347,3.94,96,0,10000,1026,7.8,82,347,3.94,96,0,10000,1026,7.8,82,347,3.94,96,0,10000,1026,7.8,82,347,3.94,96,0,10000,1026,7.8,82,347,3.94,96,0,10000,1026,7.8,82,347,3.94,96,0,10000
1028,8.84,76,30,5.14,75,0,10000,20,0,2,12,1026,7.33,85,4,4,100,0,10000,1026,7.33,85,4,4,100,0,10000,1026,7.33,85,4,4,100,0,10000,1026,7.33,85,4,4,100,0,10000,1026,7.33,85,4,4,100,0,10000,1026,7.33,85,4,4,100,0,10000,1026,7.33,85,4,4,100,0,10000,1026,7.33,85,4,4,100,0,10000,1026,7.33,85,4,4,100,0,10000,1026,7.33,85,4,4,100,0,10000,1026,7.33,85,4,4,100,0,10000,1026,7.33,85,4,4,100,0,10000
1028,8.84,76,30,5.14,75,0,10000,23,0,2,12,1025,6.31,87,11,3.59,90,0,10000,1025,6.31,87,11,3.59,90,0,10000,1025,6.31,87,11,3.59,90,0,10000,1025,6.31,87,11,3.59,90,0,10000,1025,6.31,87,11,3.59,90,0,10000,1025,6.31,87,11,3.59,90,0,10000,1025,6.31,87,11,3.59,90,0,10000,1025,6.31,87,11,3.59,90,0,10000,1025,6.31,87,11,3.59,90,0,10000,1025,6.31,87,11,3.59,90,0,10000,1025,6.31,87,11,3.59,90,0,10000,1025,6.31,87,11,3.59,90,0,10000
1028,8.84,76,30,5.14,75,0,10000,2,0,3,12,1024,7.36,85,14,2.61,99,0,10000,1024,7.36,85,14,2.61,99,0,10000,1024,7.36,85,14,2.61,99,0,10000,1024,7.36,85,14,2.61,99,0,10000,1024,7.36,85,14,2.61,99,0,10000,1024,7.36,85,14,2.61,99,0,10000,1024,7.36,85,14,2.61,99,0,10000,1024,7.36,85,14,2.61,99,0,10000,1024,7.36,85,14,2.61,99,0,10000,1024,7.36,85,14,2.61,99,0,10000,1024,7.36,85,14,2.61,99,0,10000,1024,7.36,85,14,2.61,99,0,10000
1028,8.84,76,30,5.14,75,0,10000,5,0,3,12,1024,7.22,87,93,1.84,100,0,10000,1024,7.22,87,93,1.84,100,0,10000,1024,7.22,87,93,1.84,100,0,10000,1024,7.22,87,93,1.84,100,0,10000,1024,7.22,87,93,1.84,100,0,10000,1024,7.22,87,93,1.84,100,0,10000,1024,7.22,87,93,1.84,100,0,10000,1024,7.22,87,93,1.84,100,0,10000,1024,7.22,87,93,1.84,100,0,10000,1024,7.22,87,93,1.84,100,0,10000,1024,7.22,87,93,1.84,100,0,10000,1024,7.22,87,93,1.84,100,0,10000
1028,8.84,76,30,5.14,75,0,10000,8,0,3,12,1028,8.84,76,27,4.97,75,0,10000,1028,8.84,76,27,4.97,75,0,10000,1028,8.84,76,27,4.97,75,0,10000,1028,8.84,76,27,4.97,75,0,10000,1028,8.84,76,27,4.97,75,0,10000,1028,8.84,76,27,4.97,75,0,10000,1028,8.84,76,27,4.97,75,0,10000,1028,8.84,76,27,4.97,75,0,10000,1028,8.84,76,27,4.97,75,0,10000,1028,8.84,76,27,4.97,75,0,10000,1028,8.84,76,27,4.97,75,0,10000,1028,8.84,76,27,4.97,75,0,10000
1028,8.84,76,30,5.14,75,0,10000,11,0,3,12,1028,8.99,70,15,4.86,77,0,10000,1028,8.99,70,15,4.86,77,0,10000,1028,8.99,70,15,4.86,77,0,10000,1028,8.99,70,15,4.86,77,0,10000,1028,8.99,70,15,4.86,77,0,10000,1028,8.99,70,15,4.86,77,0,10000,1028,8.99,70,15,4.86,77,0,10000,1028,8.99,70,15,4.86,77,0,10000,1028,8.99,70,15,4.86,77,0,10000,1028,8.99,70,15,4.86,77,0,10000,1028,8.99,70,15,4.86,77,0,10000,1028,8.99,70,15,4.86,77,0,10000
1028,8.84,76,30,5.14,75,0,10000,14,0,3,12,1027,8.84,67,358,4.69,87,0,10000,1027,8.84,67,358,4.69,87,0,10000,1027,8.84,67,358,4.69,87,0,10000,1027,8.84,67,358,4.69,87,0,10000,1027,8.84,67,358,4.69,87,0,10000,1027,8.84,67,358,4.69,87,0,10000,1027,8.84,67,358,4.69,87,0,10000,1027,8.84,67,358,4.69,87,0,10000,1027,8.84,67,358,4.69,87,0,10000,1027,8.84,67,358,4.69,87,0,10000,1027,8.84,67,358,4.69,87,0,10000,1027,8.84,67,358,4.69,87,0,10000
1028,8.84,76,30,5.14,75,0,10000,17,0,3,12,1026,7.8,82,347,3.94,96,0,10000,1026,7.8,82,347,3.94,96,0,10000,1026,7.8,82,347,3.94,96,0,10000,1026,7.8,82,347,3.94,96,0,10000,1026,7.8,82,347,3.94,96,0,10000,1026,7.8,82,347,3.94,96,0,10000,1026,7.8,82,347,3.94,96,0,10000,1026,7.8,82,347,3.94,96,0,10000,1026,7.8,82,347,3.94,96,0,10000,1026,7.8,82,347,3.94,96,0,10000,1026,7.8,82,347,3.94,96,0,10000,1026,7.8,82,347,3.94,96,0,10000
1028,8.84,76,30,5.14,75,0,10000,20,0,3,12,1026,7.33,85,4,4,100,0,10000,1026,7.33,85,4,4,100,0,10000,1026,7.33,85,4,4,100,0,10000,1026,7.33,85,4,4,100,0,10000,1026,7.33,85,4,4,100,0,10000,1026,7.33,85,4,4,100,0,10000,1026,7.33,85,4,4,100,0,10000,1026,7.33,85,4,4,100,0,10000,1026,7.33,85,4,4,100,0,10000,1026,7.33,85,4,4,100,0,10000,1026,7.33,85,4,4,100,0,10000,1026,7.33,85,4,4,100,0,10000
1028,8.84,76,30,5.14,75,0,10000,23,0,3,12,1025,6.31,87,11,3.59,90,0,10000,1025,6.31,87,11,3.59,90,0,10000,1025,6.31,87,11,3.59,90,0,10000,1025,6.31,87,11,3.59,90,0,10000,1025,6.31,87,11,3.59,90,0,10000,1025,6.31,87,11,3.59,90,0,10000,1025,6.31,87,11,3.59,90,0,10000,1025,6.31,87,11,3.59,90,0,10000,1025,6.31,87,11,3.59,90,0,10000,1025,6.31,87,11,3.59,90,0,10000,1025,6.31,87,11,3.59,90,0,10000,1025,6.31,87,11,3.59,90,0,10000
1028,8.84,76,30,5.14,75,0,10000,2,0,4,12,1024,7.36,85,14,2.61,99,0,10000,1024,7.36,85,14,2.61,99,0,10000,1024,7.36,85,14,2.61,99,0,10000,1024,7.36,85,14,2.61,99,0,10000,1024,7.36,85,14,2.61,99,0,10000,1024,7.36,85,14,2.61,99,0,10000,1024,7.36,85,14,2.61,99,0,10000,1024,7.36,85,14,2.61,99,0,10000,1024,7.36,85,14,2.61,99,0,10000,1024,7.36,85,14,2.61,99,0,10000,1024,7.36,85,14,2.61,99,0,10000,1024,7.36,85,14,2.61,99,0,10000
1028,8.84,76,30,5.14,75,0,10000,5,0,4,12,1024,7.22,87,93,1.84,100,0,10000,1024,7.22,87,93,1.84,100,0,10000,1024,7.22,87,93,1.84,100,0,10000,1024,7.22,87,93,1.84,100,0,10000,1024,7.22,87,93,1.84,100,0,10000,1024,7.22,87,93,1.84,100,0,10000,1024,7.22,87,93,1.84,100,0,10000,1024,7.22,87,93,1.84,100,0,10000,1024,7.22,87,93,1.84,100,0,10000,1024,7.22,87,93,1.84,100,0,10000,1024,7.22,87,93,1.84,100,0,10000,1024,7.22,87,93,1.84,100,0,10000
1028,8.84,76,30,5.14,75,0,10000,8,0,4,12,1028,8.84,76,27,4.97,75,0,10000,1028,8.84,76,27,4.97,75,0,10000,1028,8.84,76,27,4.97,75,0,10000,1028,8.84,76,27,4.97,75,0,10000,1028,8.84,76,27,4.97,75,0,10000,1028,8.84,76,27,4.97,75,0,10000,1028,8.84,76,27,4.97,75,0,10000,1028,8.84,76,27,4.97,75,0,10000,1028,8.84,76,27,4.97,75,0,10000,1028,8.84,76,27,4.97,75,0,10000,1028,8.84,76,27,4.97,75,0,10000,1028,8.84,76,27,4.97,75,0,10000
1028,8.84,76,30,5.14,75,0,10000,11,0,4,12,1028,8.99,70,15,4.86,77,0,10000,1028,8.99,70,15,4.86,77,0,10000,1028,8.99,70,15,4.86,77,0,10000,1028,8.99,70,15,4.86,77,0,10000,1028,8.99,70,15,4.86,77,0,10000,1028,8.99,70,15,4.86,77,0,10000,1028,8.99,70,15,4.86,77,0,10000,1028,8.99,70,15,4.86,77,0,10000,1028,8.99,70,15,4.86,77,0,10000,1028,8.99,70,15,4.86,77,0,10000,1028,8.99,70,15,4.86,77,0,10000,1028,8.99,70,15,4.86,77,0,10000
1028,8.84,76,30,5.14,75,0,10000,14,0,4,12,1027,8.84,67,358,4.69,87,0,10000,1027,8.84,67,358,4.69,87,0,10000,1027,8.84,67,358,4.69,87,0,10000,1027,8.84,67,358,4.69,87,0,10000,1027,8.84,67,358,4.69,87,0,10000,1027,8.84,67,358,4.69,87,0,10000,1027,8.84,67,358,4.69,87,0,10000,1027,8.84,67,358,4.69,87,0,10000,1027,8.84,67,358,4.69,87,0,10000,1027,8.84,67,358,4.69,87,0,10000,1027,8.84,67,358,4.69,87,0,10000,1027,8.84,67,358,4.69,87,0,10000
1028,8.84,76,30,5.14,75,0,10000,17,0,4,12,1026,7.8,82,347,3.94,96,0,10000,1026,7.8,82,347,3.94,96,0,10000,1026,7.8,82,347,3.94,96,0,10000,1026,7.8,82,347,3.94,96,0,10000,1026,7.8,82,347,3.94,96,0,10000,1026,7.8,82,347,3.94,96,0,10000,1026,7.8,82,347,3.94,96,0,10000,1026,7.8,82,347,3.94,96,0,10000,1026,7.8,82,347,3.94,96,0,10000,1026,7.8,82,347,3.94,96,0,10000,1026,7.8,82,347,3.94,96,0,10000,1026,7.8,82,347,3.94,96,0,10000
1028,8.84,76,30,5.14,75,0,10000,20,0,4,12,1026,7.33,85,4,4,100,0,10000,1026,7.33,85,4,4,100,0,10000,1026,7.33,85,4,4,100,0,10000,1026,7.33,85,4,4,100,0,10000,1026,7.33,85,4,4,100,0,10000,1026,7.33,85,4,4,100,0,10000,1026,7.33,85,4,4,100,0,10000,1026,7.33,85,4,4,100,0,10000,1026,7.33,85,4,4,100,0,10000,1026,7.33,85,4,4,100,0,10000,1026,7.33,85,4,4,100,0,10000,1026,7.33,85,4,4,100,0,10000
1028,8.84,76,30,5.14,75,0,10000,23,0,4,12,1025,6.31,87,11,3.59,90,0,10000,1025,6.31,87,11,3.59,90,0,10000,1025,6.31,87,11,3.59,90,0,10000,1025,6.31,87,11,3.59,90,0,10000,1025,6.31,87,11,3.59,90,0,10000,1025,6.31,87,11,3.59,90,0,10000,1025,6.31,87,11,3.59,90,0,10000,1025,6.31,87,11,3.59,90,0,10000,1025,6.31,87,11,3.59,90,0,10000,1025,6.31,87,11,3.59,90,0,10000,1025,6.31,87,11,3.59,90,0,10000,1025,6.31,87,11,3.59,90,0,10000
1028,8.84,76,30,5.14,75,0,10000,2,0,5,12,1024,7.36,85,14,2.61,99,0,10000,1024,7.36,85,14,2.61,99,0,10000,1024,7.36,85,14,2.61,99,0,10000,1024,7.36,85,14,2.61,99,0,10000,1024,7.36,85,14,2.61,99,0,10000,1024,7.36,85,14,2.61,99,0,10000,1024,7.36,85,14,2.61,99,0,10000,1024,7.36,85,14,2.61,99,0,10000,1024,7.36,85,14,2.61,99,0,10000,1024,7.36,85,14,2.61,99,0,10000,1024,7.36,85,14,2.61,99,0,10000,1024,7.36,85,14,2.61,99,0,10000
1028,8.84,76,30,5.14,75,0,10000,5,0,5,12,1024,7.22,87,93,1.84,100,0,10000,1024,7.22,87,93,1.84,100,0,10000,1024,7.22,87,93,1.84,100,0,10000,1024,7.22,87,93,1.84,100,0,10000,1024,7.22,87,93,1.84,100,0,10000,1024,7.22,87,93,1.84,100,0,10000,1024,7.22,87,93,1.84,100,0,10000,1024,7.22,87,93,1.84,100,0,10000,1024,7.22,87,93,1.84,100,0,10000,1024,7.22,87,93,1.84,100,0,10000,1024,7.22,87,93,1.84,100,0,10000,1024,7.22,87,93,1.84,100,0,10000
1028,8.84,76,30,5.14,75,0,10000,8,0,5,12,1028,8.84,76,27,4.97,75,0,10000,1028,8.84,76,27,4.97,75,0,10000,1028,8.84,76,27,4.97,75,0,10000,1028,8.84,76,27,4.97,75,0,10000,1028,8.84,76,27,4.97,75,0,10000,1028,8.84,76,27,4.97,75,0,10000,1028,8.84,76,27,4.97,75,0,10000,1028,8.84,76,27,4.97,75,0,10000,1028,8.84,76,27,4.97,75,0,10000,1028,8.84,76,27,4.97,75,0,10000,1028,8.84,76,27,4.97,75,0,10000,1028,8.84,76,27,4.97,75,0,10000
1028,8.84,76,30,5.14,75,0,10000,11,0,5,12,1028,8.99,70,15,4.86,77,0,10000,1028,8.99,70,15,4.86,77,0,10000,1028,8.99,70,15,4.86,77,0,10000,1028,8.99,70,15,4.86,77,0,10000,1028,8.99,70,15,4.86,77,0,10000,1028,8.99,70,15,4.86,77,0,10000,1028,8.99,70,15,4.86,77,0,10000,1028,8.99,70,15,4.86,77,0,10000,1028,8.99,70,15,4.86,77,0,10000,1028,8.99,70,15,4.86,77,0,10000,1028,8.99,70,15,4.86,77,0,10000,1028,8.99,70,15,4.86,77,0,10000
1028,8.84,76,30,5.14,75,0,10000,14,0,5,12,1027,8.84,67,358,4.69,87,0,10000,1027,8.84,67,358,4.69,87,0,10000,1027,8.84,67,358,4.69,87,0,10000,1027,8.84,67,358,4.69,87,0,10000,1027,8.84,67,358,4.69,87,0,10000,1027,8.84,67,358,4.69,87,0,10000,1027,8.84,67,358,4.69,87,0,10000,1027,8.84,67,358,4.69,87,0,10000,1027,8.84,67,358,4.69,87,0,10000,1027,8.84,67,358,4.69,87,0,10000,1027,8.84,67,358,4.69,87,0,10000,1027,8.84,67,358,4.69,87,0,10000
1028,8.84,76,30,5.14,75,0,10000,17,0,5,12,1026,7.8,82,347,3.94,96,0,10000,1026,7.8,82,347,3.94,96,0,10000,1026,7.8,82,347,3.94,96,0,10000,1026,7.8,82,347,3.94,96,0,10000,1026,7.8,82,347,3.94,96,0,10000,1026,7.8,82,347,3.94,96,0,10000,1026,7.8,82,347,3.94,96,0,10000,1026,7.8,82,347,3.94,96,0,10000,1026,7.8,82,347,3.94,96,0,10000,1026,7.8,82,347,3.94,96,0,10000,1026,7.8,82,347,3.94,96,0,10000,1026,7.8,82,347,3.94,96,0,10000
1028,8.84,76,30,5.14,75,0,10000,20,0,5,12,1026,7.33,85,4,4,100,0,10000,1026,7.33,85,4,4,100,0,10000,1026,7.33,85,4,4,100,0,10000,1026,7.33,85,4,4,100,0,10000,1026,7.33,85,4,4,100,0,10000,1026,7.33,85,4,4,100,0,10000,1026,7.33,85,4,4,100,0,10000,1026,7.33,85,4,4,100,0,10000,1026,7.33,85,4,4,100,0,10000,1026,7.33,85,4,4,100,0,10000,1026,7.33,85,4,4,100,0,10000,1026,7.33,85,4,4,100,0,10000
1028,8.84,76,30,5.14,75,0,10000,23,0,5,12,1025,6.31,87,11,3.59,90,0,10000,1025,6.31,87,11,3.59,90,0,10000,1025,6.31,87,11,3.59,90,0,10000,1025,6.31,87,11,3.59,90,0,10000,1025,6.31,87,11,3.59,90,0,10000,1025,6.31,87,11,3.59,90,0,10000,1025,6.31,87,11,3.59,90,0,10000,1025,6.31,87,11,3.59,90,0,10000,1025,6.31,87,11,3.59,90,0,10000,1025,6.31,87,11,3.59,90,0,10000,1025,6.31,87,11,3.59,90,0,10000,1025,6.31,87,11,3.59,90,0,10000
1028,8.84,76,30,5.14,75,0,10000,2,0,6,12,1024,7.36,85,14,2.61,99,0,10000,1024,7.36,85,14,2.61,99,0,10000,1024,7.36,85,14,2.61,99,0,10000,1024,7.36,85,14,2.61,99,0,10000,1024,7.36,85,14,2.61,99,0,10000,1024,7.36,85,14,2.61,99,0,10000,1024,7.36,85,14,2.61,99,0,10000,1024,7.36,85,14,2.61,99,0,10000,1024,7.36,85,14,2.61,99,0,10000,1024,7.36,85,14,2.61,99,0,10000,1024,7.36,85,14,2.61,99,0,10000,1024,7.36,85,14,2.61,99,0,10000
1028,8.84,76,30,5.14,75,0,10000,5,0,6,12,1024,7.22,87,93,1.84,100,0,10000,1024,7.22,87,93,1.84,100,0,10000,1024,7.22,87,93,1.84,100,0,10000,1024,7.22,87,93,1.84,100,0,10000,1024,7.22,87,93,1.84,100,0,10000,1024,7.22,87,93,1.84,100,0,10000,1024,7.22,87,93,1.84,100,0,10000,1024,7.22,87,93,1.84,100,0,10000,1024,7.22,87,93,1.84,100,0,10000,1024,7.22,87,93,1.84,100,0,10000,1024,7.22,87,93,1.84,100,0,10000,1024,7.22,87,93,1.84,100,0,10000
1028,8.84,76,30,5.14,75,0,10000,8,0,6,12,1028,8.84,76,27,4.97,75,0,10000,1028,8.84,76,27,4.97,75,0,10000,1028,8.84,76,27,4.97,75,0,10000,1028,8.84,76,27,4.97,75,0,10000,1028,8.84,76,27,4.97,75,0,10000,1028,8.84,76,27,4.97,75,0,10000,1028,8.84,76,27,4.97,75,0,10000,1028,8.84,76,27,4.97,75,0,10000,1028,8.84,76,27,4.97,75,0,10000,1028,8.84,76,27,4.97,75,0,10000,1028,8.84,76,27,4.97,75,0,10000,1028,8.84,76,27,4.97,75,0,10000
1028,8.84,76,30,5.14,75,0,10000,11,0,6,12,1028,8.99,70,15,4.86,77,0,10000,1028,8.99,70,15,4.86,77,0,10000,1028,8.99,70,15,4.86,77,0,10000,1028,8.99,70,15,4.86,77,0,10000,1028,8.99,70,15,4.86,77,0,10000,1028,8.99,70,15,4.86,77,0,10000,1028,8.99,70,15,4.86,77,0,10000,1028,8.99,70,15,4.86,77,0,10000,1028,8.99,70,15,4.86,77,0,10000,1028,8.99,70,15,4.86,77,0,10000,1028,8.99,70,15,4.86,77,0,10000,1028,8.99,70,15,4.86,77,0,10000
1028,8.84,76,30,5.14,75,0,10000,14,0,6,12,1027,8.84,67,358,4.69,87,0,10000,1027,8.84,67,358,4.69,87,0,10000,1027,8.84,67,358,4.69,87,0,10000,1027,8.84,67,358,4.69,87,0,10000,1027,8.84,67,358,4.69,87,0,10000,1027,8.84,67,358,4.69,87,0,10000,1027,8.84,67,358,4.69,87,0,10000,1027,8.84,67,358,4.69,87,0,10000,1027,8.84,67,358,4.69,87,0,10000,1027,8.84,67,358,4.69,87,0,10000,1027,8.84,67,358,4.69,87,0,10000,1027,8.84,67,358,4.69,87,0,10000
1028,8.84,76,30,5.14,75,0,10000,17,0,6,12,1026,7.8,82,347,3.94,96,0,10000,1026,7.8,82,347,3.94,96,0,10000,1026,7.8,82,347,3.94,96,0,10000,1026,7.8,82,347,3.94,96,0,10000,1026,7.8,82,347,3.94,96,0,10000,1026,7.8,82,347,3.94,96,0,10000,1026,7.8,82,347,3.94,96,0,10000,1026,7.8,82,347,3.94,96,0,10000,1026,7.8,82,347,3.94,96,0,10000,1026,7.8,82,347,3.94,96,0,10000,1026,7.8,82,347,3.94,96,0,10000,1026,7.8,82,347,3.94,96,0,10000
1028,8.84,76,30,5.14,75,0,10000,20,0,6,12,1026,7.33,85,4,4,100,0,10000,1026,7.33,85,4,4,100,0,10000,1026,7.33,85,4,4,100,0,10000,1026,7.33,85,4,4,100,0,10000,1026,7.33,85,4,4,100,0,10000,1026,7.33,85,4,4,100,0,10000,1026,7.33,85,4,4,100,0,10000,1026,7.33,85,4,4,100,0,10000,1026,7.33,85,4,4,100,0,10000,1026,7.33,85,4,4,100,0,10000,1026,7.33,85,4,4,100,0,10000,1026,7.33,85,4,4,100,0,10000
1028,8.84,76,30,5.14,75,0,10000,23,0,6,12,1025,6.31,87,11,3.59,90,0,10000,1025,6.31,87,11,3.59,90,0,10000,1025,6.31,87,11,3.59,90,0,10000,1025,6.31,87,11,3.59,90,0,10000,1025,6.31,87,11,3.59,90,0,10000,1025,6.31,87,11,3.59,90,0,10000,1025,6.31,87,11,3.59,90,0,10000,1025,6.31,87,11,3.59,90,0,10000,1025,6.31,87,11,3.59,90,0,10000,1025,6.31,87,11,3.59,90,0,10000,1025,6.31,87,11,3.59,90,0,10000,1025,6.31,87,11,3.59,90,0,10000
1028,8.84,76,30,5.14,75,0,10000,2,0,7,12,1024,7.36,85,14,2.61,99,0,10000,1024,7.36,85,14,2.61,99,0,10000,1024,7.36,85,14,2.61,99,0,10000,1024,7.36,85,14,2.61,99,0,10000,1024,7.36,85,14,2.61,99,0,10000,1024,7.36,85,14,2.61,99,0,10000,1024,7.36,85,14,2.61,99,0,10000,1024,7.36,85,14,2.61,99,0,10000,1024,7.36,85,14,2.61,99,0,10000,1024,7.36,85,14,2.61,99,0,10000,1024,7.36,85,14,2.61,99,0,10000,1024,7.36,85,14,2.61,99,0,10000
1028,8.84,76,30,5.14,75,0,10000,5,0,7,12,1024,7.22,87,93,1.84,100,0,10000,1024,7.22,87,93,1.84,100,0,10000,1024,7.22,87,93,1.84,100,0,10000,1024,7.22,87,93,1.84,100,0,10000,1024,7.22,87,93,1.84,100,0,10000,1024,7.22,87,93,1.84,100,0,10000,1024,7.22,87,93,1.84,100,0,10000,1024,7.22,87,93,1.84,100,0,10000,1024,7.22,87,93,1.84,100,0,10000,1024,7.22,87,93,1.84,100,0,10000,1024,7.22,87,93,1.84,100,0,10000,1024,7.22,87,93,1.84,100,0,10000
1028,8.84,76,30,5.14,75,0,10000,8,0,7,12,1028,8.84,76,27,4.97,75,0,10000,1028,8.84,76,27,4.97,75,0,10000,1028,8.84,76,27,4.97,75,0,10000,1028,8.84,76,27,4.97,75,0,10000,1028,8.84,76,27,4.97,75,0,10000,1028,8.84,76,27,4.97,75,0,10000,1028,8.84,76,27,4.97,75,0,10000,1028,8.84,76,27,4.97,75,0,10000,1028,8.84,76,27,4.97,75,0,10000,1028,8.84,76,27,4.97,75,0,10000,1028,8.84,76,27,4.97,75,0,10000,1028,8.84,76,27,4.97,75,0,10000
1028,8.84,76,30,5.14,75,0,10000,11,0,7,12,1028,8.99,70,15,4.86,77,0,10000,1028,8.99,70,15,4.86,77,0,10000,1028,8.99,70,15,4.86,77,0,10000,1028,8.99,70,15,4.86,77,0,10000,1028,8.99,70,15,4.86,77,0,10000,1028,8.99,70,15,4.86,77,0,10000,1028,8.99,70,15,4.86,77,0,10000,1028,8.99,70,15,4.86,77,0,10000,1028,8.99,70,15,4.86,77,0,10000,1028,8.99,70,15,4.86,77,0,10000,1028,8.99,70,15,4.86,77,0,10000,1028,8.99,70,15,4.86,77,0,10000
1028,8.84,76,30,5.14,75,0,10000,14,0,7,12,1027,8.84,67,358,4.69,87,0,10000,1027,8.84,67,358,4.69,87,0,10000,1027,8.84,67,358,4.69,87,0,10000,1027,8.84,67,358,4.69,87,0,10000,1027,8.84,67,358,4.69,87,0,10000,1027,8.84,67,358,4.69,87,0,10000,1027,8.84,67,358,4.69,87,0,10000,1027,8.84,67,358,4.69,87,0,10000,1027,8.84,67,358,4.69,87,0,10000,1027,8.84,67,358,4.69,87,0,10000,1027,8.84,67,358,4.69,87,0,10000,1027,8.84,67,358,4.69,87,0,10000
1028,8.84,76,30,5.14,75,0,10000,17,0,7,12,1026,7.8,82,347,3.94,96,0,10000,1026,7.8,82,347,3.94,96,0,10000,1026,7.8,82,347,3.94,96,0,10000,1026,7.8,82,347,3.94,96,0,10000,1026,7.8,82,347,3.94,96,0,10000,1026,7.8,82,347,3.94,96,0,10000,1026,7.8,82,347,3.94,96,0,10000,1026,7.8,82,347,3.94,96,0,10000,1026,7.8,82,347,3.94,96,0,10000,1026,7.8,82,347,3.94,96,0,10000,1026,7.8,82,347,3.94,96,0,10000,1026,7.8,82,347,3.94,96,0,10000
1028,8.84,76,30,5.14,75,0,10000,20,0,7,12,1026,7.33,85,4,4,100,0,10000,1026,7.33,85,4,4,100,0,10000,1026,7.33,85,4,4,100,0,10000,1026,7.33,85,4,4,100,0,10000,1026,7.33,85,4,4,100,0,10000,1026,7.33,85,4,4,100,0,10000,1026,7.33,85,4,4,100,0,10000,1026,7.33,85,4,4,100,0,10000,1026,7.33,85,4,4,100,0,10000,1026,7.33,85,4,4,100,0,10000,1026,7.33,85,4,4,100,0,10000,1026,7.33,85,4,4,100,0,10000
1028,8.84,76,30,5.14,75,0,10000,23,0,7,12,1025,6.31,87,11,3.59,90,0,10000,1025,6.31,87,11,3.59,90,0,10000,1025,6.31,87,11,3.59,90,0,10000,1025,6.31,87,11,3.59,90,0,10000,1025,6.31,87,11,3.59,90,0,10000,1025,6.31,87,11,3.59,90,0,10000,1025,6.31,87,11,3.59,90,0,10000,1025,6.31,87,11,3.59,90,0,10000,1025,6.31,87,11,3.59,90,0,10000,1025,6.31,87,11,3.59,90,0,10000,1025,6.31,87,11,3.59,90,0,10000,1025,6.31,87,11,3.59,90,0,10000
1028,8.84,76,30,5.14,75,0,10000,2,0,8,12,1024,7.36,85,14,2.61,99,0,10000,1024,7.36,85,14,2.61,99,0,10000,1024,7.36,85,14,2.61,99,0,10000,1024,7.36,85,14,2.61,99,0,10000,1024,7.36,85,14,2.61,99,0,10000,1024,7.36,85,14,2.61,99,0,10000,1024,7.36,85,14,2.61,99,0,10000,1024,7.36,85,14,2.61,99,0,10000,1024,7.36,85,14,2.61,99,0,10000,1024,7.36,85,14,2.61,99,0,10000,1024,7.36,85,14,2.61,99,0,10000,1024,7.36,85,14,2.61,99,0,10000
1028,8.84,76,30,5.14,75,0,10000,5,0,8,12,1024,7.22,87,93,1.84,100,0,10000,1024,7.22,87,93,1.84,100,0,10000,1024,7.22,87,93,1.84,100,0,10000,1024,7.22,87,93,1.84,100,0,10000,1024,7.22,87,93,1.84,100,0,10000,1024,7.22,87,93,1.84,100,0,10000,1024,7.22,87,93,1.84,100,0,10000,1024,7.22,87,93,1.84,100,0,10000,1024,7.22,87,93,1.84,100,0,10000,1024,7.22,87,93,1.84,100,0,10000,1024,7.22,87,93,1.84,100,0,10000,1024,7.22,87,93,1.84,100,0,10000
1028,8.84,76,30,5.14,75,0,10000,8,0,8,12,1028,8.84,76,27,4.97,75,0,10000,1028,8.84,76,27,4.97,75,0,10000,1028,8.84,76,27,4.97,75,0,10000,1028,8.84,76,27,4.97,75,0,10000,1028,8.84,76,27,4.97,75,0,10000,1028,8.84,76,27,4.97,75,0,10000,1028,8.84,76,27,4.97,75,0,10000,1028,8.84,76,27,4.97,75,0,10000,1028,8.84,76,27,4.97,75,0,10000,1028,8.84,76,27,4.97,75,0,10000,1028,8.84,76,27,4.97,75,0,10000,1028,8.84,76,27,4.97,75,0,10000
1028,8.84,76,30,5.14,75,0,10000,11,0,8,12,1028,8.99,70,15,4.86,77,0,10000,1028,8.99,70,15,4.86,77,0,10000,1028,8.99,70,15,4.86,77,0,10000,1028,8.99,70,15,4.86,77,0,10000,1028,8.99,70,15,4.86,77,0,10000,1028,8.99,70,15,4.86,77,0,10000,1028,8.99,70,15,4.86,77,0,10000,1028,8.99,70,15,4.86,77,0,10000,1028,8.99,70,15,4.86,77,0,10000,1028,8.99,70,15,4.86,77,0,10000,1028,8.99,70,15,4.86,77,0,10000,1028,8.99,70,15,4.86,77,0,10000
1028,8.84,76,30,5.14,75,0,10000,14,0,8,12,1027,8.84,67,358,4.69,87,0,10000,1027,8.84,67,358,4.69,87,0,10000,1027,8.84,67,358,4.69,87,0,10000,1027,8.84,67,358,4.69,87,0,10000,1027,8.84,67,358,4.69,87,0,10000,1027,8.84,67,358,4.69,87,0,10000,1027,8.84,67,358,4.69,87,0,10000,1027,8.84,67,358,4.69,87,0,10000,1027,8.84,67,358,4.69,87,0,10000,1027,8.84,67,358,4.69,87,0,10000,1027,8.84,67,358,4.69,87,0,10000,1027,8.84,67,358,4.69,87,0,10000
1028,8.84,76,30,5.14,75,0,10000,17,0,8,12,1026,7.8,82,347,3.94,96,0,10000,1026,7.8,82,347,3.94,96,0,10000,1026,7.8,82,347,3.94,96,0,10000,1026,7.8,82,347,3.94,96,0,10000,1026,7.8,82,347,3.94,96,0,10000,1026,7.8,82,347,3.94,96,0,10000,1026,7.8,82,347,3.94,96,0,10000,1026,7.8,82,347,3.94,96,0,10000,1026,7.8,82,347,3.94,96,0,10000,1026,7.8,82,347,3.94,96,0,10000,1026,7.8,82,347,3.94,96,0,10000,1026,7.8,82,347,3.94,96,0,10000
1028,8.84,76,30,5.14,75,0,10000,20,0,8,12,1026,7.33,85,4,4,100,0,10000,1026,7.33,85,4,4,100,0,10000,1026,7.33,85,4,4,100,0,10000,1026,7.33,85,4,4,100,0,10000,1026,7.33,85,4,4,100,0,10000,1026,7.33,85,4,4,100,0,10000,1026,7.33,85,4,4,100,0,10000,1026,7.33,85,4,4,100,0,10000,1026,7.33,85,4,4,100,0,10000,1026,7.33,85,4,4,100,0,10000,1026,7.33,85,4,4,100,0,10000,1026,7.33,85,4,4,100,0,10000
1028,8.84,76,30,5.14,75,0,10000,23,0,8,12,1025,6.31,87,11,3.59,90,0,10000,1025,6.31,87,11,3.59,90,0,10000,1025,6.31,87,11,3.59,90,0,10000,1025,6.31,87,11,3.59,90,0,10000,1025,6.31,87,11,3.59,90,0,10000,1025,6.31,87,11,3.59,90,0,10000,1025,6.31,87,11,3.59,90,0,10000,1025,6.31,87,11,3.59,90,0,10000,1025,6.31,87,11,3.59,90,0,10000,1025,6.31,87,11,3.59,90,0,10000,1025,6.31,87,11,3.59,90,0,10000,1025,6.31,87,11,3.59,90,0,10000
1028,8.84,76,30,5.14,75,0,10000,2,0,9,12,1024,7.36,85,14,2.61,99,0,10000,1024,7.36,85,14,2.61,99,0,10000,1024,7.36,85,14,2.61,99,0,10000,1024,7.36,85,14,2.61,99,0,10000,1024,7.36,85,14,2.61,99,0,10000,1024,7.36,85,14,2.61,99,0,10000,1024,7.36,85,14,2.61,99,0,10000,1024,7.36,85,14,2.61,99,0,10000,1024,7.36,85,14,2.61,99,0,10000,1024,7.36,85,14,2.61,99,0,10000,1024,7.36,85,14,2.61,99,0,10000,1024,7.36,85,14,2.61,99,0,10000
1028,8.84,76,30,5.14,75,0,10000,5,0,9,12,1024,7.22,87,93,1.84,100,0,10000,1024,7.22,87,93,1.84,100,0,10000,1024,7.22,87,93,1.84,100,0,10000,1024,7.22,87,93,1.84,100,0,10000,1024,7.22,87,93,1.84,100,0,10000,1024,7.22,87,93,1.84,100,0,10000,1024,7.22,87,93,1.84,100,0,10000,1024,7.22,87,93,1.84,100,0,10000,1024,7.22,87,93,1.84,100,0,10000,1024,7.22,87,93,1.84,100,0,10000,1024,7.22,87,93,1.84,100,0,10000,1024,7.22,87,93,1.84,100,0,10000
1028,8.84,76,30,5.14,75,0,10000,8,0,9,12,1028,8.84,76,27,4.97,75,0,10000,1028,8.84,76,27,4.97,75,0,10000,1028,8.84,76,27,4.97,75,0,10000,1028,8.84,76,27,4.97,75,0,10000,1028,8.84,76,27,4.97,75,0,10000,1028,8.84,76,27,4.97,75,0,10000,1028,8.84,76,27,4.97,75,0,10000,1028,8.84,76,27,4.97,75,0,10000,1028,8.84,76,27,4.97,75,0,10000,1028,8.84,76,27,4.97,75,0,10000,1028,8.84,76,27,4.97,75,0,10000,1028,8.84,76,27,4.97,75,0,10000
1028,8.84,76,30,5.14,75,0,10000,11,0,9,12,1028,8.99,70,15,4.86,77,0,10000,1028,8.99,70,15,4.86,77,0,10000,1028,8.99,70,15,4.86,77,0,10000,1028,8.99,70,15,4.86,77,0,10000,1028,8.99,70,15,4.86,77,0,10000,1028,8.99,70,15,4.86,77,0,10000,1028,8.99,70,15,4.86,77,0,10000,1028,8.99,70,15,4.86,77,0,10000,1028,8.99,70,15,4.86,77,0,10000,1028,8.99,70,15,4.86,77,0,10000,1028,8.99,70,15,4.86,77,0,10000,1028,8.99,70,15,4.86,77,0,10000
1028,8.84,76,30,5.14,75,0,10000,14,0,9,12,1027,8.84,67,358,4.69,87,0,10000,1027,8.84,67,358,4.69,87,0,10000,1027,8.84,67,358,4.69,87,0,10000,1027,8.84,67,358,4.69,87,0,10000,1027,8.84,67,358,4.69,87,0,10000,1027,8.84,67,358,4.69,87,0,10000,1027,8.84,67,358,4.69,87,0,10000,1027,8.84,67,358,4.69,87,0,10000,1027,8.84,67,358,4.69,87,0,10000,1027,8.84,67,358,4.69,87,0,10000,1027,8.84,67,358,4.69,87,0,10000,1027,8.84,67,358,4.69,87,0,10000
1028,8.84,76,30,5.14,75,0,10000,17,0,9,12,1026,7.8,82,347,3.94,96,0,10000,1026,7.8,82,347,3.94,96,0,10000,1026,7.8,82,347,3.94,96,0,10000,1026,7.8,82,347,3.94,96,0,10000,1026,7.8,82,347,3.94,96,0,10000,1026,7.8,82,347,3.94,96,0,10000,1026,7.8,82,347,3.94,96,0,10000,1026,7.8,82,347,3.94,96,0,10000,1026,7.8,82,347,3.94,96,0,10000,1026,7.8,82,347,3.94,96,0,10000,1026,7.8,82,347,3.94,96,0,10000,1026,7.8,82,347,3.94,96,0,10000
1028,8.84,76,30,5.14,75,0,10000,20,0,9,12,1026,7.33,85,4,4,100,0,10000,1026,7.33,85,4,4,100,0,10000,1026,7.33,85,4,4,100,0,10000,1026,7.33,85,4,4,100,0,10000,1026,7.33,85,4,4,100,0,10000,1026,7.33,85,4,4,100,0,10000,1026,7.33,85,4,4,100,0,10000,1026,7.33,85,4,4,100,0,10000,1026,7.33,85,4,4,100,0,10000,1026,7.33,85,4,4,100,0,10000,1026,7.33,85,4,4,100,0,10000,1026,7.33,85,4,4,100,0,10000
1028,8.84,76,30,5.14,75,0,10000,23,0,9,12,1025,6.31,87,11,3.59,90,0,10000,1025,6.31,87,11,3.59,90,0,10000,1025,6.31,87,11,3.59,90,0,10000,1025,6.31,87,11,3.59,90,0,10000,1025,6.31,87,11,3.59,90,0,10000,1025,6.31,87,11,3.59,90,0,10000,1025,6.31,87,11,3.59,90,0,10000,1025,6.31,87,11,3.59,90,0,10000,1025,6.31,87,11,3.59,90,0,10000,1025,6.31,87,11,3.59,90,0,10000,1025,6.31,87,11,3.59,90,0,10000,1025,6.31,87,11,3.59,90,0,10000
1028,8.84,76,30,5.14,75,0,10000,2,0,10,12,1024,7.36,85,14,2.61,99,0,10000,1024,7.36,85,14,2.61,99,0,10000,1024,7.36,85,14,2.61,99,0,10000,1024,7.36,85,14,2.61,99,0,10000,1024,7.36,85,14,2.61,99,0,10000,1024,7.36,85,14,2.61,99,0,10000,1024,7.36,85,14,2.61,99,0,10000,1024,7.36,85,14,2.61,99,0,10000,1024,7.36,85,14,2.61,99,0,10000,1024,7.36,85,14,2.61,99,0,10000,1024,7.36,85,14,2.61,99,0,10000,1024,7.36,85,14,2.61,99,0,10000
1028,8.84,76,30,5.14,75,0,10000,5,0,10,12,1024,7.22,87,93,1.84,100,0,10000,1024,7.22,87,93,1.84,100,0,10000,1024,7.22,87,93,1.84,100,0,10000,1024,7.22,87,93,1.84,100,0,10000,1024,7.22,87,93,1.84,100,0,10000,1024,7.22,87,93,1.84,100,0,10000,1024,7.22,87,93,1.84,100,0,10000,1024,7.22,87,93,1.84,100,0,10000,1024,7.22,87,93,1.84,100,0,10000,1024,7.22,87,93,1.84,100,0,10000,1024,7.22,87,93,1.84,100,0,10000,1024,7.22,87,93,1.84,100,0,10000
1028,8.84,76,30,5.14,75,0,10000,8,0,10,12,1028,8.84,76,27,4.97,75,0,10000,1028,8.84,76,27,4.97,75,0,10000,1028,8.84,76,27,4.97,75,0,10000,1028,8.84,76,27,4.97,75,0,10000,1028,8.84,76,27,4.97,75,0,10000,1028,8.84,76,27,4.97,75,0,10000,1028,8.84,76,27,4.97,75,0,10000,1028,8.84,76,27,4.97,75,0,10000,1028,8.84,76,27,4.97,75,0,10000,1028,8.84,76,27,4.97,75,0,10000,1028,8.84,76,27,4.97,75,0,10000,1028,8.84,76,27,4.97,75,0,10000
1028,8.84,76,30,5.14,75,0,10000,11,0,10,12,1028,8.99,70,15,4.86,77,0,10000,1028,8.99,70,15,4.86,77,0,10000,1028,8.99,70,15,4.86,77,0,10000,1028,8.99,70,15,4.86,77,0,10000,1028,8.99,70,15,4.86,77,0,10000,1028,8.99,70,15,4.86,77,0,10000,1028,8.99,70,15,4.86,77,0,10000,1028,8.99,70,15,4.86,77,0,10000,1028,8.99,70,15,4.86,77,0,10000,1028,8.99,70,15,4.86,77,0,10000,1028,8.99,70,15,4.86,77,0,10000,1028,8.99,70,15,4.86,77,0,10000
1028,8.84,76,30,5.14,75,0,10000,14,0,10,12,1027,8.84,67,358,4.69,87,0,10000,1027,8.84,67,358,4.69,87,0,10000,1027,8.84,67,358,4.69,87,0,10000,1027,8.84,67,358,4.69,87,0,10000,1027,8.84,67,358,4.69,87,0,10000,1027,8.84,67,358,4.69,87,0,10000,1027,8.84,67,358,4.69,87,0,10000,1027,8.84,67,358,4.69,87,0,10000,1027,8.84,67,358,4.69,87,0,10000,1027,8.84,67,358,4.69,87,0,10000,1027,8.84,67,358,4.69,87,0,10000,1027,8.84,67,358,4.69,87,0,10000
1028,8.84,76,30,5.14,75,0,10000,17,0,10,12,1026,7.8,82,347,3.94,96,0,10000,1026,7.8,82,347,3.94,96,0,10000,1026,7.8,82,347,3.94,96,0,10000,1026,7.8,82,347,3.94,96,0,10000,1026,7.8,82,347,3.94,96,0,10000,1026,7.8,82,347,3.94,96,0,10000,1026,7.8,82,347,3.94,96,0,10000,1026,7.8,82,347,3.94,96,0,10000,1026,7.8,82,347,3.94,96,0,10000,1026,7.8,82,347,3.94,96,0,10000,1026,7.8,82,347,3.94,96,0,10000,1026,7.8,82,347,3.94,96,0,10000
1028,8.84,76,30,5.14,75,0,10000,20,0,10,12,1026,7.33,85,4,4,100,0,10000,1026,7.33,85,4,4,100,0,10000,1026,7.33,85,4,4,100,0,10000,1026,7.33,85,4,4,100,0,10000,1026,7.33,85,4,4,100,0,10000,1026,7.33,85,4,4,100,0,10000,1026,7.33,85,4,4,100,0,10000,1026,7.33,85,4,4,100,0,10000,1026,7.33,85,4,4,100,0,10000,1026,7.33,85,4,4,100,0,10000,1026,7.33,85,4,4,100,0,10000,1026,7.33,85,4,4,100,0,10000
1028,8.84,76,30,5.14,75,0,10000,23,0,10,12,1025,6.31,87,11,3.59,90,0,10000,1025,6.31,87,11,3.59,90,0,10000,1025,6.31,87,11,3.59,90,0,10000,1025,6.31,87,11,3.59,90,0,10000,1025,6.31,87,11,3.59,90,0,10000,1025,6.31,87,11,3.59,90,0,10000,1025,6.31,87,11,3.59,90,0,10000,1025,6.31,87,11,3.59,90,0,10000,1025,6.31,87,11,3.59,90,0,10000,1025,6.31,87,11,3.59,90,0,10000,1025,6.31,87,11,3.59,90,0,10000,1025,6.31,87,11,3.59,90,0,10000
1028,8.84,76,30,5.14,75,0,10000,2,0,11,12,1024,7.36,85,14,2.61,99,0,10000,1024,7.36,85,14,2.61,99,0,10000,1024,7.36,85,14,2.61,99,0,10000,1024,7.36,85,14,2.61,99,0,10000,1024,7.36,85,14,2.61,99,0,10000,1024,7.36,85,14,2.61,99,0,10000,1024,7.36,85,14,2.61,99,0,10000,1024,7.36,85,14,2.61,99,0,10000,1024,7.36,85,14,2.61,99,0,10000,1024,7.36,85,14,2.61,99,0,10000,1024,7.36,85,14,2.61,99,0,10000,1024,7.36,85,14,2.61,99,0,10000
1028,8.84,76,30,5.14,75,0,10000,5,0,11,12,1024,7.22,87,93,1.84,100,0,10000,1024,7.22,87,93,1.84,100,0,10000,1024,7.22,87,93,1.84,100,0,10000,1024,7.22,87,93,1.84,100,0,10000,1024,7.22,87,93,1.84,100,0,10000,1024,7.22,87,93,1.84,100,0,10000,1024,7.22,87,93,1.84,100,0,10000,1024,7.22,87,93,1.84,100,0,10000,1024,7.22,87,93,1.84,100,0,10000,1024,7.22,87,93,1.84,100,0,10000,1024,7.22,87,93,1.84,100,0,10000,1024,7.22,87,93,1.84,100,0,10000
1028,8.84,76,30,5.14,75,0,10000,8,0,11,12,1028,8.84,76,27,4.97,75,0,10000,1028,8.84,76,27,4.97,75,0,10000,1028,8.84,76,27,4.97,75,0,10000,1028,8.84,76,27,4.97,75,0,10000,1028,8.84,76,27,4.97,75,0,10000,1028,8.84,76,27,4.97,75,0,10000,1028,8.84,76,27,4.97,75,0,10000,1028,8.84,76,27,4.97,75,0,10000,1028,8.84,76,27,4.97,75,0,10000,1028,8.84,76,27,4.97,75,0,10000,1028,8.84,76,27,4.97,75,0,10000,1028,8.84,76,27,4.97,75,0,10000
1028,8.84,76,30,5.14,75,0,10000,11,0,11,12,1028,8.99,70,15,4.86,77,0,10000,1028,8.99,70,15,4.86,77,0,10000,1028,8.99,70,15,4.86,77,0,10000,1028,8.99,70,15,4.86,77,0,10000,1028,8.99,70,15,4.86,77,0,10000,1028,8.99,70,15,4.86,77,0,10000,1028,8.99,70,15,4.86,77,0,10000,1028,8.99,70,15,4.86,77,0,10000,1028,8.99,70,15,4.86,77,0,10000,1028,8.99,70,15,4.86,77,0,10000,1028,8.99,70,15,4.86,77,0,10000,1028,8.99,70,15,4.86,77,0,10000
1028,8.84,76,30,5.14,75,0,10000,14,0,11,12,1027,8.84,67,358,4.69,87,0,10000,1027,8.84,67,358,4.69,87,0,10000,1027,8.84,67,358,4.69,87,0,10000,1027,8.84,67,358,4.69,87,0,10000,1027,8.84,67,358,4.69,87,0,10000,1027,8.84,67,358,4.69,87,0,10000,1027,8.84,67,358,4.69,87,0,10000,1027,8.84,67,358,4.69,87,0,10000,1027,8.84,67,358,4.69,87,0,10000,1027,8.84,67,358,4.69,87,0,10000,1027,8.84,67,358,4.69,87,0,10000,1027,8.84,67,358,4.69,87,0,10000
1028,8.84,76,30,5.14,75,0,10000,17,0,11,12,1026,7.8,82,347,3.94,96,0,10000,1026,7.8,82,347,3.94,96,0,10000,1026,7.8,82,347,3.94,96,0,10000,1026,7.8,82,347,3.94,96,0,10000,1026,7.8,82,347,3.94,96,0,10000,1026,7.8,82,347,3.94,96,0,10000,1026,7.8,82,347,3.94,96,0,10000,1026,7.8,82,347,3.94,96,0,10000,1026,7.8,82,347,3.94,96,0,10000,1026,7.8,82,347,3.94,96,0,10000,1026,7.8,82,347,3.94,96,0,10000,1026,7.8,82,347,3.94,96,0,10000
1028,8.84,76,30,5.14,75,0,10000,20,0,11,12,1026,7.33,85,4,4,100,0,10000,1026,7.33,85,4,4,100,0,10000,1026,7.33,85,4,4,100,0,10000,1026,7.33,85,4,4,100,0,10000,1026,7.33,85,4,4,100,0,10000,1026,7.33,85,4,4,100,0,10000,1026,7.33,85,4,4,100,0,10000,1026,7.33,85,4,4,100,0,10000,1026,7.33,85,4,4,100,0,10000,1026,7.33,85,4,4,100,0,10000,1026,7.33,85,4,4,100,0,10000,1026,7.33,85,4,4,100,0,10000
1028,8.84,76,30,5.14,75,0,10000,23,0,11,12,1025,6.31,87,11,3.59,90,0,10000,1025,6.31,87,11,3.59,90,0,10000,1025,6.31,87,11,3.59,90,0,10000,1025,6.31,87,11,3.59,90,0,10000,1025,6.31,87,11,3.59,90,0,10000,1025,6.31,87,11,3.59,90,0,10000,1025,6.31,87,11,3.59,90,0,10000,1025,6.31,87,11,3.59,90,0,10000,1025,6.31,87,11,3.59,90,0,10000,1025,6.31,87,11,3.59,90,0,10000,1025,6.31,87,11,3.59,90,0,10000,1025,6.31,87,11,3.59,90,0,10000
1028,8.84,76,30,5.14,75,0,10000,2,0,12,12,1024,7.36,85,14,2.61,99,0,10000,1024,7.36,85,14,2.61,99,0,10000,1024,7.36,85,14,2.61,99,0,10000,1024,7.36,85,14,2.61,99,0,10000,1024,7.36,85,14,2.61,99,0,10000,1024,7.36,85,14,2.61,99,0,10000,1024,7.36,85,14,2.61,99,0,10000,1024,7.36,85,14,2.61,99,0,10000,1024,7.36,85,14,2.61,99,0,10000,1024,7.36,85,14,2.61,99,0,10000,1024,7.36,85,14,2.61,99,0,10000,1024,7.36,85,14,2.61,99,0,10000
1028,8.84,76,30,5.14,75,0,10000,5,0,12,12,1024,7.22,87,93,1.84,100,0,10000,1024,7.22,87,93,1.84,100,0,10000,1024,7.22,87,93,1.84,100,0,10000,1024,7.22,87,93,1.84,100,0,10000,1024,7.22,87,93,1.84,100,0,10000,1024,7.22,87,93,1.84,100,0,10000,1024,7.22,87,93,1.84,100,0,10000,1024,7.22,87,93,1.84,100,0,10000,1024,7.22,87,93,1.84,100,0,10000,1024,7.22,87,93,1.84,100,0,10000,1024,7.22,87,93,1.84,100,0,10000,1024,7.22,87,93,1.84,100,0,10000
1028,8.84,76,30,5.14,75,0,10000,8,0,12,12,1028,8.84,76,27,4.97,75,0,10000,1028,8.84,76,27,4.97,75,0,10000,1028,8.84,76,27,4.97,75,0,10000,1028,8.84,76,27,4.97,75,0,10000,1028,8.84,76,27,4.97,75,0,10000,1028,8.84,76,27,4.97,75,0,10000,1028,8.84,76,27,4.97,75,0,10000,1028,8.84,76,27,4.97,75,0,10000,1028,8.84,76,27,4.97,75,0,10000,1028,8.84,76,27,4.97,75,0,10000,1028,8.84,76,27,4.97,75,0,10000,1028,8.84,76,27,4.97,75,0,10000
1028,8.84,76,30,5.14,75,0,10000,11,0,12,12,1028,8.99,70,15,4.86,77,0,10000,1028,8.99,70,15,4.86,77,0,10000,1028,8.99,70,15,4.86,77,0,10000,1028,8.99,70,15,4.86,77,0,10000,1028,8.99,70,15,4.86,77,0,10000,1028,8.99,70,15,4.86,77,0,10000,1028,8.99,70,15,4.86,77,0,10000,1028,8.99,70,15,4.86,77,0,10000,1028,8.99,70,15,4.86,77,0,10000,1028,8.99,70,15,4.86,77,0,10000,1028,8.99,70,15,4.86,77,0,10000,1028,8.99,70,15,4.86,77,0,10000
1028,8.84,76,30,5.14,75,0,10000,14,0,12,12,1027,8.84,67,358,4.69,87,0,10000,1027,8.84,67,358,4.69,87,0,10000,1027,8.84,67,358,4.69,87,0,10000,1027,8.84,67,358,4.69,87,0,10000,1027,8.84,67,358,4.69,87,0,10000,1027,8.84,67,358,4.69,87,0,10000,1027,8.84,67,358,4.69,87,0,10000,1027,8.84,67,358,4.69,87,0,10000,1027,8.84,67,358,4.69,87,0,10000,1027,8.84,67,358,4.69,87,0,10000,1027,8.84,67,358,4.69,87,0,10000,1027,8.84,67,358,4.69,87,0,10000
1028,8.84,76,30,5.14,75,0,10000,17,0,12,12,1026,7.8,82,347,3.94,96,0,10000,1026,7.8,82,347,3.94,96,0,10000,1026,7.8,82,347,3.94,96,0,10000,1026,7.8,82,347,3.94,96,0,10000,1026,7.8,82,347,3.94,96,0,10000,1026,7.8,82,347,3.94,96,0,10000,1026,7.8,82,347,3.94,96,0,10000,1026,7.8,82,347,3.94,96,0,10000,1026,7.8,82,347,3.94,96,0,10000,1026,7.8,82,347,3.94,96,0,10000,1026,7.8,82,347,3.94,96,0,10000,1026,7.8,82,347,3.94,96,0,10000
1028,8.84,76,30,5.14,75,0,10000,20,0,12,12,1026,7.33,85,4,4,100,0,10000,1026,7.33,85,4,4,100,0,10000,1026,7.33,85,4,4,100,0,10000,1026,7.33,85,4,4,100,0,10000,1026,7.33,85,4,4,100,0,10000,1026,7.33,85,4,4,100,0,10000,1026,7.33,85,4,4,100,0,10000,1026,7.33,85,4,4,100,0,10000,1026,7.33,85,4,4,100,0,10000,1026,7.33,85,4,4,100,0,10000,1026,7.33,85,4,4,100,0,10000,1026,7.33,85,4,4,100,0,10000
1028,8.84,76,30,5.14,75,0,10000,23,0,12,12,1025,6.31,87,11,3.59,90,0,10000,1025,6.31,87,11,3.59,90,0,10000,1025,6.31,87,11,3.59,90,0,10000,1025,6.31,87,11,3.59,90,0,10000,1025,6.31,87,11,3.59,90,0,10000,1025,6.31,87,11,3.59,90,0,10000,1025,6.31,87,11,3.59,90,0,10000,1025,6.31,87,11,3.59,90,0,10000,1025,6.31,87,11,3.59,90,0,10000,1025,6.31,87,11,3.59,90,0,10000,1025,6.31,87,11,3.59,90,0,10000,1025,6.31,87,11,3.59,90,0,10000
1028,8.84,76,30,5.14,75,0,10000,2,0,13,12,1024,7.36,85,14,2.61,99,0,10000,1024,7.36,85,14,2.61,99,0,10000,1024,7.36,85,14,2.61,99,0,10000,1024,7.36,85,14,2.61,99,0,10000,1024,7.36,85,14,2.61,99,0,10000,1024,7.36,85,14,2.61,99,0,10000,1024,7.36,85,14,2.61,99,0,10000,1024,7.36,85,14,2.61,99,0,10000,1024,7.36,85,14,2.61,99,0,10000,1024,7.36,85,14,2.61,99,0,10000,1024,7.36,85,14,2.61,99,0,10000,1024,7.36,85,14,2.61,99,0,10000
1028,8.84,76,30,5.14,75,0,10000,5,0,13,12,1024,7.22,87,93,1.84,100,0,10000,1024,7.22,87,93,1.84,100,0,10000,1024,7.22,87,93,1.84,100,0,10000,1024,7.22,87,93,1.84,100,0,10000,1024,7.22,87,93,1.84,100,0,10000,1024,7.22,87,93,1.84,100,0,10000,1024,7.22,87,93,1.84,100,0,10000,1024,7.22,87,93,1.84,100,0,10000,1024,7.22,87,93,1.84,100,0,10000,1024,7.22,87,93,1.84,100,0,10000,1024,7.22,87,93,1.84,100,0,10000,1024,7.22,87,93,1.84,100,0,10000
1028,8.84,76,30,5.14,75,0,10000,8,0,13,12,1028,8.84,76,27,4.97,75,0,10000,1028,8.84,76,27,4.97,75,0,10000,1028,8.84,76,27,4.97,75,0,10000,1028,8.84,76,27,4.97,75,0,10000,1028,8.84,76,27,4.97,75,0,10000,1028,8.84,76,27,4.97,75,0,10000,1028,8.84,76,27,4.97,75,0,10000,1028,8.84,76,27,4.97,75,0,10000,1028,8.84,76,27,4.97,75,0,10000,1028,8.84,76,27,4.97,75,0,10000,1028,8.84,76,27,4.97,75,0,10000,1028,8.84,76,27,4.97,75,0,10000
1028,8.84,76,30,5.14,75,0,10000,11,0,13,12,1028,8.99,70,15,4.86,77,0,10000,1028,8.99,70,15,4.86,77,0,10000,1028,8.99,70,15,4.86,77,0,10000,1028,8.99,70,15,4.86,77,0,10000,1028,8.99,70,15,4.86,77,0,10000,1028,8.99,70,15,4.86,77,0,10000,1028,8.99,70,15,4.86,77,0,10000,1028,8.99,70,15,4.86,77,0,10000,1028,8.99,70,15,4.86,77,0,10000,1028,8.99,70,15,4.86,77,0,10000,1028,8.99,70,15,4.86,77,0,10000,1028,8.99,70,15,4.86,77,0,10000
1028,8.84,76,30,5.14,75,0,10000,14,0,13,12,1027,8.84,67,358,4.69,87,0,10000,1027,8.84,67,358,4.69,87,0,10000,1027,8.84,67,358,4.69,87,0,10000,1027,8.84,67,358,4.69,87,0,10000,1027,8.84,67,358,4.69,87,0,10000,1027,8.84,67,358,4.69,87,0,10000,1027,8.84,67,358,4.69,87,0,10000,1027,8.84,67,358,4.69,87,0,10000,1027,8.84,67,358,4.69,87,0,10000,1027,8.84,67,358,4.69,87,0,10000,1027,8.84,67,358,4.69,87,0,10000,1027,8.84,67,358,4.69,87,0,10000
1028,8.84,76,30,5.14,75,0,10000,17,0,13,12,1026,7.8,82,347,3.94,96,0,10000,1026,7.8,82,347,3.94,96,0,10000,1026,7.8,82,347,3.94,96,0,10000,1026,7.8,82,347,3.94,96,0,10000,1026,7.8,82,347,3.94,96,0,10000,1026,7.8,82,347,3.94,96,0,10000,1026,7.8,82,347,3.94,96,0,10000,1026,7.8,82,347,3.94,96,0,10000,1026,7.8,82,347,3.94,96,0,10000,1026,7.8,82,347,3.94,96,0,10000,1026,7.8,82,347,3.94,96,0,10000,1026,7.8,82,347,3.94,96,0,10000
1028,8.84,76,30,5.14,75,0,10000,20,0,13,12,1026,7.33,85,4,4,100,0,10000,1026,7.33,85,4,4,100,0,10000,1026,7.33,85,4,4,100,0,10000,1026,7.33,85,4,4,100,0,10000,1026,7.33,85,4,4,100,0,10000,1026,7.33,85,4,4,100,0,10000,1026,7.33,85,4,4,100,0,10000,1026,7.33,85,4,4,100,0,10000,1026,7.33,85,4,4,100,0,10000,1026,7.33,85,4,4,100,0,10000,1026,7.33,85,4,4,100,0,10000,1026,7.33,85,4,4,100,0,10000
1028,8.84,76,30,5.14,75,0,10000,23,0,13,12,1025,6.31,87,11,3.59,90,0,10000,1025,6.31,87,11,3.59,90,0,10000,1025,6.31,87,11,3.59,90,0,10000,1025,6.31,87,11,3.59,90,0,10000,1025,6.31,87,11,3.59,90,0,10000,1025,6.31,87,11,3.59,90,0,10000,1025,6.31,87,11,3.59,90,0,10000,1025,6.31,87,11,3.59,90,0,10000,1025,6.31,87,11,3.59,90,0,10000,1025,6.31,87,11,3.59,90,0,10000,1025,6.31,87,11,3.59,90,0,10000,1025,6.31,87,11,3.59,90,0,10000
1028,8.84,76,30,5.14,75,0,10000,2,0,14,12,1024,7.36,85,14,2.61,99,0,10000,1024,7.36,85,14,2.61,99,0,10000,1024,7.36,85,14,2.61,99,0,10000,1024,7.36,85,14,2.61,99,0,10000,1024,7.36,85,14,2.61,99,0,10000,1024,7.36,85,14,2.61,99,0,10000,1024,7.36,85,14,2.61,99,0,10000,1024,7.36,85,14,2.61,99,0,10000,1024,7.36,85,14,2.61,99,0,10000,1024,7.36,85,14,2.61,99,0,10000,1024,7.36,85,14,2.61,99,0,10000,1024,7.36,85,14,2.61,99,0,10000
1028,8.84,76,30,5.14,75,0,10000,5,0,14,12,1024,7.22,87,93,1.84,100,0,10000,1024,7.22,87,93,1.84,100,0,10000,1024,7.22,87,93,1.84,100,0,10000,1024,7.22,87,93,1.84,100,0,10000,1024,7.22,87,93,1.84,100,0,10000,1024,7.22,87,93,1.84,100,0,10000,1024,7.22,87,93,1.84,100,0,10000,1024,7.22,87,93,1.84,100,0,10000,1024,7.22,87,93,1.84,100,0,10000,1024,7.22,87,93,1.84,100,0,10000,1024,7.22,87,93,1.84,100,0,10000,1024,7.22,87,93,1.84,100,0,10000
1028,8.84,76,30,5.14,75,0,10000,8,0,14,12,1028,8.84,76,27,4.97,75,0,10000,1028,8.84,76,27,4.97,75,0,10000,1028,8.84,76,27,4.97,75,0,10000,1028,8.84,76,27,4.97,75,0,10000,1028,8.84,76,27,4.97,75,0,10000,1028,8.84,76,27,4.97,75,0,10000,1028,8.84,76,27,4.97,75,0,10000,1028,8.84,76,27,4.97,75,0,10000,1028,8.84,76,27,4.97,75,0,10000,1028,8.84,76,27,4.97,75,0,10000,1028,8.84,76,27,4.97,75,0,10000,1028,8.84,76,27,4.97,75,0,10000
1028,8.84,76,30,5.14,75,0,10000,11,0,14,12,1028,8.99,70,15,4.86,77,0,10000,1028,8.99,70,15,4.86,77,0,10000,1028,8.99,70,15,4.86,77,0,10000,1028,8.99,70,15,4.86,77,0,10000,1028,8.99,70,15,4.86,77,0,10000,1028,8.99,70,15,4.86,77,0,10000,1028,8.99,70,15,4.86,77,0,10000,1028,8.99,70,15,4.86,77,0,10000,1028,8.99,70,15,4.86,77,0,10000,1028,8.99,70,15,4.86,77,0,10000,1028,8.99,70,15,4.86,77,0,10000,1028,8.99,70,15,4.86,77,0,10000
1028,8.84,76,30,5.14,75,0,10000,14,0,14,12,1027,8.84,67,358,4.69,87,0,10000,1027,8.84,67,358,4.69,87,0,10000,1027,8.84,67,358,4.69,87,0,10000,1027,8.84,67,358,4.69,87,0,10000,1027,8.84,67,358,4.69,87,0,10000,1027,8.84,67,358,4.69,87,0,10000,1027,8.84,67,358,4.69,87,0,10000,1027,8.84,67,358,4.69,87,0,10000,1027,8.84,67,358,4.69,87,0,10000,1027,8.84,67,358,4.69,87,0,10000,1027,8.84,67,358,4.69,87,0,10000,1027,8.84,67,358,4.69,87,0,10000
1028,8.84,76,30,5.14,75,0,10000,17,0,14,12,1026,7.8,82,347,3.94,96,0,10000,1026,7.8,82,347,3.94,96,0,10000,1026,7.8,82,347,3.94,96,0,10000,1026,7.8,82,347,3.94,96,0,10000,1026,7.8,82,347,3.94,96,0,10000,1026,7.8,82,347,3.94,96,0,10000,1026,7.8,82,347,3.94,96,0,10000,1026,7.8,82,347,3.94,96,0,10000,1026,7.8,82,347,3.94,96,0,10000,1026,7.8,82,347,3.94,96,0,10000,1026,7.8,82,347,3.94,96,0,10000,1026,7.8,82,347,3.94,96,0,10000
1028,8.84,76,30,5.14,75,0,10000,20,0,14,12,1026,7.33,85,4,4,100,0,10000,1026,7.33,85,4,4,100,0,10000,1026,7.33,85,4,4,100,0,10000,1026,7.33,85,4,4,100,0,10000,1026,7.33,85,4,4,100,0,10000,1026,7.33,85,4,4,100,0,10000,1026,7.33,85,4,4,100,0,10000,1026,7.33,85,4,4,100,0,10000,1026,7.33,85,4,4,100,0,10000,1026,7.33,85,4,4,100,0,10000,1026,7.33,85,4,4,100,0,10000,1026,7.33,85,4,4,100,0,10000
1028,8.84,76,30,5.14,75,0,10000,23,0,14,12,1025,6.31,87,11,3.59,90,0,10000,1025,6.31,87,11,3.59,90,0,10000,1025,6.31,87,11,3.59,90,0,10000,1025,6.31,87,11,3.59,90,0,10000,1025,6.31,87,11,3.59,90,0,10000,1025,6.31,87,11,3.59,90,0,10000,1025,6.31,87,11,3.59,90,0,10000,1025,6.31,87,11,3.59,90,0,10000,1025,6.31,87,11,3.59,90,0,10000,1025,6.31,87,11,3.59,90,0,10000,1025,6.31,87,11,3.59,90,0,10000,1025,6.31,87,11,3.59,90,0,10000
1028,8.84,76,30,5.14,75,0,10000,2,0,15,12,1024,7.36,85,14,2.61,99,0,10000,1024,7.36,85,14,2.61,99,0,10000,1024,7.36,85,14,2.61,99,0,10000,1024,7.36,85,14,2.61,99,0,10000,1024,7.36,85,14,2.61,99,0,10000,1024,7.36,85,14,2.61,99,0,10000,1024,7.36,85,14,2.61,99,0,10000,1024,7.36,85,14,2.61,99,0,10000,1024,7.36,85,14,2.61,99,0,10000,1024,7.36,85,14,2.61,99,0,10000,1024,7.36,85,14,2.61,99,0,10000,1024,7.36,85,14,2.61,99,0,10000
1028,8.84,76,30,5.14,75,0,10000,5,0,15,12,1024,7.22,87,93,1.84,100,0,10000,1024,7.22,87,93,1.84,100,0,10000,1024,7.22,87,93,1.84,100,0,10000,1024,7.22,87,93,1.84,100,0,10000,1024,7.22,87,93,1.84,100,0,10000,1024,7.22,87,93,1.84,100,0,10000,1024,7.22,87,93,1.84,100,0,10000,1024,7.22,87,93,1.84,100,0,10000,1024,7.22,87,93,1.84,100,0,10000,1024,7.22,87,93,1.84,100,0,10000,1024,7.22,87,93,1.84,100,0,10000,1024,7.22,87,93,1.84,100,0,10000
1028,8.84,76,30,5.14,75,0,10000,8,0,15,12,1028,8.84,76,27,4.97,75,0,10000,1028,8.84,76,27,4.97,75,0,10000,1028,8.84,76,27,4.97,75,0,10000,1028,8.84,76,27,4.97,75,0,10000,1028,8.84,76,27,4.97,75,0,10000,1028,8.84,76,27,4.97,75,0,10000,1028,8.84,76,27,4.97,75,0,10000,1028,8.84,76,27,4.97,75,0,10000,1028,8.84,76,27,4.97,75,0,10000,1028,8.84,76,27,4.97,75,0,10000,1028,8.84,76,27,4.97,75,0,10000,1028,8.84,76,27,4.97,75,0,10000
1028,8.84,76,30,5.14,75,0,10000,11,0,15,12,1028,8.99,70,15,4.86,77,0,10000,1028,8.99,70,15,4.86,77,0,10000,1028,8.99,70,15,4.86,77,0,10000,1028,8.99,70,15,4.86,77,0,10000,1028,8.99,70,15,4.86,77,0,10000,1028,8.99,70,15,4.86,77,0,10000,1028,8.99,70,15,4.86,77,0,10000,1028,8.99,70,15,4.86,77,0,10000,1028,8.99,70,15,4.86,77,0,10000,1028,8.99,70,15,4.86,77,0,10000,1028,8.99,70,15,4.86,77,0,10000,1028,8.99,70,15,4.86,77,0,10000
1028,8.84,76,30,5.14,75,0,10000,14,0,15,12,1027,8.84,67,358,4.69,87,0,10000,1027,8.84,67,358,4.69,87,0,10000,1027,8.84,67,358,4.69,87,0,10000,1027,8.84,67,358,4.69,87,0,10000,1027,8.84,67,358,4.69,87,0,10000,1027,8.84,67,358,4.69,87,0,10000,1027,8.84,67,358,4.69,87,0,10000,1027,8.84,67,358,4.69,87,0,10000,1027,8.84,67,358,4.69,87,0,10000,1027,8.84,67,358,4.69,87,0,10000,1027,8.84,67,358,4.69,87,0,10000,1027,8.84,67,358,4.69,87,0,10000
1028,8.84,76,30,5.14,75,0,10000,17,0,15,12,1026,7.8,82,347,3.94,96,0,10000,1026,7.8,82,347,3.94,96,0,10000,1026,7.8,82,347,3.94,96,0,10000,1026,7.8,82,347,3.94,96,0,10000,1026,7.8,82,347,3.94,96,0,10000,1026,7.8,82,347,3.94,96,0,10000,1026,7.8,82,347,3.94,96,0,10000,1026,7.8,82,347,3.94,96,0,10000,1026,7.8,82,347,3.94,96,0,10000,1026,7.8,82,347,3.94,96,0,10000,1026,7.8,82,347,3.94,96,0,10000,1026,7.8,82,347,3.94,96,0,10000
1028,8.84,76,30,5.14,75,0,10000,20,0,15,12,1026,7.33,85,4,4,100,0,10000,1026,7.33,85,4,4,100,0,10000,1026,7.33,85,4,4,100,0,10000,1026,7.33,85,4,4,100,0,10000,1026,7.33,85,4,4,100,0,10000,1026,7.33,85,4,4,100,0,10000,1026,7.33,85,4,4,100,0,10000,1026,7.33,85,4,4,100,0,10000,1026,7.33,85,4,4,100,0,10000,1026,7.33,85,4,4,100,0,10000,1026,7.33,85,4,4,100,0,10000,1026,7.33,85,4,4,100,0,10000
1028,8.84,76,30,5.14,75,0,10000,23,0,15,12,1025,6.31,87,11,3.59,90,0,10000,1025,6.31,87,11,3.59,90,0,10000,1025,6.31,87,11,3.59,90,0,10000,1025,6.31,87,11,3.59,90,0,10000,1025,6.31,87,11,3.59,90,0,10000,1025,6.31,87,11,3.59,90,0,10000,1025,6.31,87,11,3.59,90,0,10000,1025,6.31,87,11,3.59,90,0,10000,1025,6.31,87,11,3.59,90,0,10000,1025,6.31,87,11,3.59,90,0,10000,1025,6.31,87,11,3.59,90,0,10000,1025,6.31,87,11,3.59,90,0,10000
1028,8.84,76,30,5.14,75,0,10000,2,0,16,12,1024,7.36,85,14,2.61,99,0,10000,1024,7.36,85,14,2.61,99,0,10000,1024,7.36,85,14,2.61,99,0,10000,1024,7.36,85,14,2.61,99,0,10000,1024,7.36,85,14,2.61,99,0,10000,1024,7.36,85,14,2.61,99,0,10000,1024,7.36,85,14,2.61,99,0,10000,1024,7.36,85,14,2.61,99,0,10000,1024,7.36,85,14,2.61,99,0,10000,1024,7.36,85,14,2.61,99,0,10000,1024,7.36,85,14,2.61,99,0,10000,1024,7.36,85,14,2.61,99,0,10000
1028,8.84,76,30,5.14,75,0,10000,5,0,16,12,1024,7.22,87,93,1.84,100,0,10000,1024,7.22,87,93,1.84,100,0,10000,1024,7.22,87,93,1.84,100,0,10000,1024,7.22,87,93,1.84,100,0,10000,1024,7.22,87,93,1.84,100,0,10000,1024,7.22,87,93,1.84,100,0,10000,1024,7.22,87,93,1.84,100,0,10000,1024,7.22,87,93,1.84,100,0,10000,1024,7.22,87,93,1.84,100,0,10000,1024,7.22,87,93,1.84,100,0,10000,1024,7.22,87,93,1.84,100,0,10000,1024,7.22,87,93,1.84,100,0,10000
1028,8.84,76,30,5.14,75,0,10000,8,0,16,12,1028,8.84,76,27,4.97,75,0,10000,1028,8.84,76,27,4.97,75,0,10000,1028,8.84,76,27,4.97,75,0,10000,1028,8.84,76,27,4.97,75,0,10000,1028,8.84,76,27,4.97,75,0,10000,1028,8.84,76,27,4.97,75,0,10000,1028,8.84,76,27,4.97,75,0,10000,1028,8.84,76,27,4.97,75,0,10000,1028,8.84,76,27,4.97,75,0,10000,1028,8.84,76,27,4.97,75,0,10000,1028,8.84,76,27,4.97,75,0,10000,1028,8.84,76,27,4.97,75,0,10000
1028,8.84,76,30,5.14,75,0,10000,11,0,16,12,1028,8.99,70,15,4.86,77,0,10000,1028,8.99,70,15,4.86,77,0,10000,1028,8.99,70,15,4.86,77,0,10000,1028,8.99,70,15,4.86,77,0,10000,1028,8.99,70,15,4.86,77,0,10000,1028,8.99,70,15,4.86,77,0,10000,1028,8.99,70,15,4.86,77,0,10000,1028,8.99,70,15,4.86,77,0,10000,1028,8.99,70,15,4.86,77,0,10000,1028,8.99,70,15,4.86,77,0,10000,1028,8.99,70,15,4.86,77,0,10000,1028,8.99,70,15,4.86,77,0,10000
1028,8.84,76,30,5.14,75,0,10000,14,0,16,12,1027,8.84,67,358,4.69,87,0,10000,1027,8.84,67,358,4.69,87,0,10000,1027,8.84,67,358,4.69,87,0,10000,1027,8.84,67,358,4.69,87,0,10000,1027,8.84,67,358,4.69,87,0,10000,1027,8.84,67,358,4.69,87,0,10000,1027,8.84,67,358,4.69,87,0,10000,1027,8.84,67,358,4.69,87,0,10000,1027,8.84,67,358,4.69,87,0,10000,1027,8.84,67,358,4.69,87,0,10000,1027,8.84,67,358,4.69,87,0,10000,1027,8.84,67,358,4.69,87,0,10000
1028,8.84,76,30,5.14,75,0,10000,17,0,16,12,1026,7.8,82,347,3.94,96,0,10000,1026,7.8,82,347,3.94,96,0,10000,1026,7.8,82,347,3.94,96,0,10000,1026,7.8,82,347,3.94,96,0,10000,1026,7.8,82,347,3.94,96,0,10000,1026,7.8,82,347,3.94,96,0,10000,1026,7.8,82,347,3.94,96,0,10000,1026,7.8,82,347,3.94,96,0,10000,1026,7.8,82,347,3.94,96,0,10000,1026,7.8,82,347,3.94,96,0,10000,1026,7.8,82,347,3.94,96,0,10000,1026,7.8,82,347,3.94,96,0,10000
1028,8.84,76,30,5.14,75,0,10000,20,0,16,12,1026,7.33,85,4,4,100,0,10000,1026,7.33,85,4,4,100,0,10000,1026,7.33,85,4,4,100,0,10000,1026,7.33,85,4,4,100,0,10000,1026,7.33,85,4,4,100,0,10000,1026,7.33,85,4,4,100,0,10000,1026,7.33,85,4,4,100,0,10000,1026,7.33,85,4,4,100,0,10000,1026,7.33,85,4,4,100,0,10000,1026,7.33,85,4,4,100,0,10000,1026,7.33,85,4,4,100,0,10000,1026,7.33,85,4,4,100,0,10000
1028,8.84,76,30,5.14,75,0,10000,23,0,16,12,1025,6.31,87,11,3.59,90,0,10000,1025,6.31,87,11,3.59,90,0,10000,1025,6.31,87,11,3.59,90,0,10000,1025,6.31,87,11,3.59,90,0,10000,1025,6.31,87,11,3.59,90,0,10000,1025,6.31,87,11,3.59,90,0,10000,1025,6.31,87,11,3.59,90,0,10000,1025,6.31,87,11,3.59,90,0,10000,1025,6.31,87,11,3.59,90,0,10000,1025,6.31,87,11,3.59,90,0,10000,1025,6.31,87,11,3.59,90,0,10000,1025,6.31,87,11,3.59,90,0,10000
1028,8.84,76,30,5.14,75,0,10000,2,0,17,12,1024,7.36,85,14,2.61,99,0,10000,1024,7.36,85,14,2.61,99,0,10000,1024,7.36,85,14,2.61,99,0,10000,1024,7.36,85,14,2.61,99,0,10000,1024,7.36,85,14,2.61,99,0,10000,1024,7.36,85,14,2.61,99,0,10000,1024,7.36,85,14,2.61,99,0,10000,1024,7.36,85,14,2.61,99,0,10000,1024,7.36,85,14,2.61,99,0,10000,1024,7.36,85,14,2.61,99,0,10000,1024,7.36,85,14,2.61,99,0,10000,1024,7.36,85,14,2.61,99,0,10000
1028,8.84,76,30,5.14,75,0,10000,5,0,17,12,1024,7.22,87,93,1.84,100,0,10000,1024,7.22,87,93,1.84,100,0,10000,1024,7.22,87,93,1.84,100,0,10000,1024,7.22,87,93,1.84,100,0,10000,1024,7.22,87,93,1.84,100,0,10000,1024,7.22,87,93,1.84,100,0,10000,1024,7.22,87,93,1.84,100,0,10000,1024,7.22,87,93,1.84,100,0,10000,1024,7.22,87,93,1.84,100,0,10000,1024,7.22,87,93,1.84,100,0,10000,1024,7.22,87,93,1.84,100,0,10000,1024,7.22,87,93,1.84,100,0,10000
1028,8.84,76,30,5.14,75,0,10000,8,0,17,12,1028,8.84,76,27,4.97,75,0,10000,1028,8.84,76,27,4.97,75,0,10000,1028,8.84,76,27,4.97,75,0,10000,1028,8.84,76,27,4.97,75,0,10000,1028,8.84,76,27,4.97,75,0,10000,1028,8.84,76,27,4.97,75,0,10000,1028,8.84,76,27,4.97,75,0,10000,1028,8.84,76,27,4.97,75,0,10000,1028,8.84,76,27,4.97,75,0,10000,1028,8.84,76,27,4.97,75,0,10000,1028,8.84,76,27,4.97,75,0,10000,1028,8.84,76,27,4.97,75,0,10000
1028,8.84,76,30,5.14,75,0,10000,11,0,17,12,1028,8.99,70,15,4.86,77,0,10000,1028,8.99,70,15,4.86,77,0,10000,1028,8.99,70,15,4.86,77,0,10000,1028,8.99,70,15,4.86,77,0,10000,1028,8.99,70,15,4.86,77,0,10000,1028,8.99,70,15,4.86,77,0,10000,1028,8.99,70,15,4.86,77,0,10000,1028,8.99,70,15,4.86,77,0,10000,1028,8.99,70,15,4.86,77,0,10000,1028,8.99,70,15,4.86,77,0,10000,1028,8.99,70,15,4.86,77,0,10000,1028,8.99,70,15,4.86,77,0,10000
1028,8.84,76,30,5.14,75,0,10000,14,0,17,12,1027,8.84,67,358,4.69,87,0,10000,1027,8.84,67,358,4.69,87,0,10000,1027,8.84,67,358,4.69,87,0,10000,1027,8.84,67,358,4.69,87,0,10000,1027,8.84,67,358,4.69,87,0,10000,1027,8.84,67,358,4.69,87,0,10000,1027,8.84,67,358,4.69,87,0,10000,1027,8.84,67,358,4.69,87,0,10000,1027,8.84,67,358,4.69,87,0,10000,1027,8.84,67,358,4.69,87,0,10000,1027,8.84,67,358,4.69,87,0,10000,1027,8.84,67,358,4.69,87,0,10000
1028,8.84,76,30,5.14,75,0,10000,17,0,17,12,1026,7.8,82,347,3.94,96,0,10000,1026,7.8,82,347,3.94,96,0,10000,1026,7.8,82,347,3.94,96,0,10000,1026,7.8,82,347,3.94,96,0,10000,1026,7.8,82,347,3.94,96,0,10000,1026,7.8,82,347,3.94,96,0,10000,1026,7.8,82,347,3.94,96,0,10000,1026,7.8,82,347,3.94,96,0,10000,1026,7.8,82,347,3.94,96,0,10000,1026,7.8,82,347,3.94,96,0,10000,1026,7.8,82,347,3.94,96,0,10000,1026,7.8,82,347,3.94,96,0,10000
1028,8.84,76,30,5.14,75,0,10000,20,0,17,12,1026,7.33,85,4,4,100,0,10000,1026,7.33,85,4,4,100,0,10000,1026,7.33,85,4,4,100,0,10000,1026,7.33,85,4,4,100,0,10000,1026,7.33,85,4,4,100,0,10000,1026,7.33,85,4,4,100,0,10000,1026,7.33,85,4,4,100,0,10000,1026,7.33,85,4,4,100,0,10000,1026,7.33,85,4,4,100,0,10000,1026,7.33,85,4,4,100,0,10000,1026,7.33,85,4,4,100,0,10000,1026,7.33,85,4,4,100,0,10000
1028,8.84,76,30,5.14,75,0,10000,23,0,17,12,1025,6.31,87,11,3.59,90,0,10000,1025,6.31,87,11,3.59,90,0,10000,1025,6.31,87,11,3.59,90,0,10000,1025,6.31,87,11,3.59,90,0,10000,1025,6.31,87,11,3.59,90,0,10000,1025,6.31,87,11,3.59,90,0,10000,1025,6.31,87,11,3.59,90,0,10000,1025,6.31,87,11,3.59,90,0,10000,1025,6.31,87,11,3.59,90,0,10000,1025,6.31,87,11,3.59,90,0,10000,1025,6.31,87,11,3.59,90,0,10000,1025,6.31,87,11,3.59,90,0,10000
1028,8.84,76,40,3.6,75,0,10000,2,0,18,12,1024,7.36,85,14,2.61,99,0,10000,1024,7.36,85,14,2.61,99,0,10000,1024,7.36,85,14,2.61,99,0,10000,1024,7.36,85,14,2.61,99,0,10000,1024,7.36,85,14,2.61,99,0,10000,1024,7.36,85,14,2.61,99,0,10000,1024,7.36,85,14,2.61,99,0,10000,1024,7.36,85,14,2.61,99,0,10000,1024,7.36,85,14,2.61,99,0,10000,1024,7.36,85,14,2.61,99,0,10000,1024,7.36,85,14,2.61,99,0,10000,1024,7.36,85,14,2.61,99,0,10000
1028,8.84,76,40,3.6,75,0,10000,5,0,18,12,1024,7.22,87,93,1.84,100,0,10000,1024,7.22,87,93,1.84,100,0,10000,1024,7.22,87,93,1.84,100,0,10000,1024,7.22,87,93,1.84,100,0,10000,1024,7.22,87,93,1.84,100,0,10000,1024,7.22,87,93,1.84,100,0,10000,1024,7.22,87,93,1.84,100,0,10000,1024,7.22,87,93,1.84,100,0,10000,1024,7.22,87,93,1.84,100,0,10000,1024,7.22,87,93,1.84,100,0,10000,1024,7.22,87,93,1.84,100,0,10000,1024,7.22,87,93,1.84,100,0,10000
1028,8.84,76,40,3.6,75,0,10000,8,0,18,12,1028,8.84,76,27,4.97,75,0,10000,1028,8.84,76,27,4.97,75,0,10000,1028,8.84,76,27,4.97,75,0,10000,1028,8.84,76,27,4.97,75,0,10000,1028,8.84,76,27,4.97,75,0,10000,1028,8.84,76,27,4.97,75,0,10000,1028,8.84,76,27,4.97,75,0,10000,1028,8.84,76,27,4.97,75,0,10000,1028,8.84,76,27,4.97,75,0,10000,1028,8.84,76,27,4.97,75,0,10000,1028,8.84,76,27,4.97,75,0,10000,1028,8.84,76,27,4.97,75,0,10000
1028,8.84,76,40,3.6,75,0,10000,11,0,18,12,1028,8.99,70,15,4.86,77,0,10000,1028,8.99,70,15,4.86,77,0,10000,1028,8.99,70,15,4.86,77,0,10000,1028,8.99,70,15,4.86,77,0,10000,1028,8.99,70,15,4.86,77,0,10000,1028,8.99,70,15,4.86,77,0,10000,1028,8.99,70,15,4.86,77,0,10000,1028,8.99,70,15,4.86,77,0,10000,1028,8.99,70,15,4.86,77,0,10000,1028,8.99,70,15,4.86,77,0,10000,1028,8.99,70,15,4.86,77,0,10000,1028,8.99,70,15,4.86,77,0,10000
1028,8.84,76,40,3.6,75,0,10000,14,0,18,12,1027,8.84,67,358,4.69,87,0,10000,1027,8.84,67,358,4.69,87,0,10000,1027,8.84,67,358,4.69,87,0,10000,1027,8.84,67,358,4.69,87,0,10000,1027,8.84,67,358,4.69,87,0,10000,1027,8.84,67,358,4.69,87,0,10000,1027,8.84,67,358,4.69,87,0,10000,1027,8.84,67,358,4.69,87,0,10000,1027,8.84,67,358,4.69,87,0,10000,1027,8.84,67,358,4.69,87,0,10000,1027,8.84,67,358,4.69,87,0,10000,1027,8.84,67,358,4.69,87,0,10000
1028,8.84,76,40,3.6,75,0,10000,17,0,18,12,1026,7.8,82,347,3.94,96,0,10000,1026,7.8,82,347,3.94,96,0,10000,1026,7.8,82,347,3.94,96,0,10000,1026,7.8,82,347,3.94,96,0,10000,1026,7.8,82,347,3.94,96,0,10000,1026,7.8,82,347,3.94,96,0,10000,1026,7.8,82,347,3.94,96,0,10000,1026,7.8,82,347,3.94,96,0,10000,1026,7.8,82,347,3.94,96,0,10000,1026,7.8,82,347,3.94,96,0,10000,1026,7.8,82,347,3.94,96,0,10000,1026,7.8,82,347,3.94,96,0,10000
1028,8.84,76,40,3.6,75,0,10000,20,0,18,12,1026,7.33,85,4,4,100,0,10000,1026,7.33,85,4,4,100,0,10000,1026,7.33,85,4,4,100,0,10000,1026,7.33,85,4,4,100,0,10000,1026,7.33,85,4,4,100,0,10000,1026,7.33,85,4,4,100,0,10000,1026,7.33,85,4,4,100,0,10000,1026,7.33,85,4,4,100,0,10000,1026,7.33,85,4,4,100,0,10000,1026,7.33,85,4,4,100,0,10000,1026,7.33,85,4,4,100,0,10000,1026,7.33,85,4,4,100,0,10000
1028,8.84,76,40,3.6,75,0,10000,23,0,18,12,1025,6.31,87,11,3.59,90,0,10000,1025,6.31,87,11,3.59,90,0,10000,1025,6.31,87,11,3.59,90,0,10000,1025,6.31,87,11,3.59,90,0,10000,1025,6.31,87,11,3.59,90,0,10000,1025,6.31,87,11,3.59,90,0,10000,1025,6.31,87,11,3.59,90,0,10000,1025,6.31,87,11,3.59,90,0,10000,1025,6.31,87,11,3.59,90,0,10000,1025,6.31,87,11,3.59,90,0,10000,1025,6.31,87,11,3.59,90,0,10000,1025,6.31,87,11,3.59,90,0,10000
1028,8.84,76,40,3.6,75,0,10000,2,0,19,12,1024,7.36,85,14,2.61,99,0,10000,1024,7.36,85,14,2.61,99,0,10000,1024,7.36,85,14,2.61,99,0,10000,1024,7.36,85,14,2.61,99,0,10000,1024,7.36,85,14,2.61,99,0,10000,1024,7.36,85,14,2.61,99,0,10000,1024,7.36,85,14,2.61,99,0,10000,1024,7.36,85,14,2.61,99,0,10000,1024,7.36,85,14,2.61,99,0,10000,1024,7.36,85,14,2.61,99,0,10000,1024,7.36,85,14,2.61,99,0,10000,1024,7.36,85,14,2.61,99,0,10000
1028,8.84,76,40,3.6,75,0,10000,5,0,19,12,1024,7.22,87,93,1.84,100,0,10000,1024,7.22,87,93,1.84,100,0,10000,1024,7.22,87,93,1.84,100,0,10000,1024,7.22,87,93,1.84,100,0,10000,1024,7.22,87,93,1.84,100,0,10000,1024,7.22,87,93,1.84,100,0,10000,1024,7.22,87,93,1.84,100,0,10000,1024,7.22,87,93,1.84,100,0,10000,1024,7.22,87,93,1.84,100,0,10000,1024,7.22,87,93,1.84,100,0,10000,1024,7.22,87,93,1.84,100,0,10000,1024,7.22,87,93,1.84,100,0,10000
1028,8.84,76,40,3.6,75,0,10000,8,0,19,12,1028,8.84,76,27,4.97,75,0,10000,1028,8.84,76,27,4.97,75,0,10000,1028,8.84,76,27,4.97,75,0,10000,1028,8.84,76,27,4.97,75,0,10000,1028,8.84,76,27,4.97,75,0,10000,1028,8.84,76,27,4.97,75,0,10000,1028,8.84,76,27,4.97,75,0,10000,1028,8.84,76,27,4.97,75,0,10000,1028,8.84,76,27,4.97,75,0,10000,1028,8.84,76,27,4.97,75,0,10000,1028,8.84,76,27,4.97,75,0,10000,1028,8.84,76,27,4.97,75,0,10000
1028,8.84,76,40,3.6,75,0,10000,11,0,19,12,1028,8.99,70,15,4.86,77,0,10000,1028,8.99,70,15,4.86,77,0,10000,1028,8.99,70,15,4.86,77,0,10000,1028,8.99,70,15,4.86,77,0,10000,1028,8.99,70,15,4.86,77,0,10000,1028,8.99,70,15,4.86,77,0,10000,1028,8.99,70,15,4.86,77,0,10000,1028,8.99,70,15,4.86,77,0,10000,1028,8.99,70,15,4.86,77,0,10000,1028,8.99,70,15,4.86,77,0,10000,1028,8.99,70,15,4.86,77,0,10000,1028,8.99,70,15,4.86,77,0,10000
1028,8.84,76,40,3.6,75,0,10000,14,0,19,12,1027,8.84,67,358,4.69,87,0,10000,1027,8.84,67,358,4.69,87,0,10000,1027,8.84,67,358,4.69,87,0,10000,1027,8.84,67,358,4.69,87,0,10000,1027,8.84,67,358,4.69,87,0,10000,1027,8.84,67,358,4.69,87,0,10000,1027,8.84,67,358,4.69,87,0,10000,1027,8.84,67,358,4.69,87,0,10000,1027,8.84,67,358,4.69,87,0,10000,1027,8.84,67,358,4.69,87,0,10000,1027,8.84,67,358,4.69,87,0,10000,1027,8.84,67,358,4.69,87,0,10000
1028,8.84,76,40,3.6,75,0,10000,17,0,19,12,1026,7.8,82,347,3.94,96,0,10000,1026,7.8,82,347,3.94,96,0,10000,1026,7.8,82,347,3.94,96,0,10000,1026,7.8,82,347,3.94,96,0,10000,1026,7.8,82,347,3.94,96,0,10000,1026,7.8,82,347,3.94,96,0,10000,1026,7.8,82,347,3.94,96,0,10000,1026,7.8,82,347,3.94,96,0,10000,1026,7.8,82,347,3.94,96,0,10000,1026,7.8,82,347,3.94,96,0,10000,1026,7.8,82,347,3.94,96,0,10000,1026,7.8,82,347,3.94,96,0,10000
1028,8.84,76,40,3.6,75,0,10000,20,0,19,12,1026,7.33,85,4,4,100,0,10000,1026,7.33,85,4,4,100,0,10000,1026,7.33,85,4,4,100,0,10000,1026,7.33,85,4,4,100,0,10000,1026,7.33,85,4,4,100,0,10000,1026,7.33,85,4,4,100,0,10000,1026,7.33,85,4,4,100,0,10000,1026,7.33,85,4,4,100,0,10000,1026,7.33,85,4,4,100,0,10000,1026,7.33,85,4,4,100,0,10000,1026,7.33,85,4,4,100,0,10000,1026,7.33,85,4,4,100,0,10000
1028,8.84,76,40,3.6,75,0,10000,23,0,19,12,1025,6.31,87,11,3.59,90,0,10000,1025,6.31,87,11,3.59,90,0,10000,1025,6.31,87,11,3.59,90,0,10000,1025,6.31,87,11,3.59,90,0,10000,1025,6.31,87,11,3.59,90,0,10000,1025,6.31,87,11,3.59,90,0,10000,1025,6.31,87,11,3.59,90,0,10000,1025,6.31,87,11,3.59,90,0,10000,1025,6.31,87,11,3.59,90,0,10000,1025,6.31,87,11,3.59,90,0,10000,1025,6.31,87,11,3.59,90,0,10000,1025,6.31,87,11,3.59,90,0,10000
1028,8.84,76,40,3.6,75,0,10000,2,0,20,12,1024,7.36,85,14,2.61,99,0,10000,1024,7.36,85,14,2.61,99,0,10000,1024,7.36,85,14,2.61,99,0,10000,1024,7.36,85,14,2.61,99,0,10000,1024,7.36,85,14,2.61,99,0,10000,1024,7.36,85,14,2.61,99,0,10000,1024,7.36,85,14,2.61,99,0,10000,1024,7.36,85,14,2.61,99,0,10000,1024,7.36,85,14,2.61,99,0,10000,1024,7.36,85,14,2.61,99,0,10000,1024,7.36,85,14,2.61,99,0,10000,1024,7.36,85,14,2.61,99,0,10000
1028,8.84,76,40,3.6,75,0,10000,5,0,20,12,1024,7.22,87,93,1.84,100,0,10000,1024,7.22,87,93,1.84,100,0,10000,1024,7.22,87,93,1.84,100,0,10000,1024,7.22,87,93,1.84,100,0,10000,1024,7.22,87,93,1.84,100,0,10000,1024,7.22,87,93,1.84,100,0,10000,1024,7.22,87,93,1.84,100,0,10000,1024,7.22,87,93,1.84,100,0,10000,1024,7.22,87,93,1.84,100,0,10000,1024,7.22,87,93,1.84,100,0,10000,1024,7.22,87,93,1.84,100,0,10000,1024,7.22,87,93,1.84,100,0,10000
1028,8.84,76,40,3.6,75,0,10000,8,0,20,12,1028,8.84,76,27,4.97,75,0,10000,1028,8.84,76,27,4.97,75,0,10000,1028,8.84,76,27,4.97,75,0,10000,1028,8.84,76,27,4.97,75,0,10000,1028,8.84,76,27,4.97,75,0,10000,1028,8.84,76,27,4.97,75,0,10000,1028,8.84,76,27,4.97,75,0,10000,1028,8.84,76,27,4.97,75,0,10000,1028,8.84,76,27,4.97,75,0,10000,1028,8.84,76,27,4.97,75,0,10000,1028,8.84,76,27,4.97,75,0,10000,1028,8.84,76,27,4.97,75,0,10000
1028,8.84,76,40,3.6,75,0,10000,11,0,20,12,1028,8.99,70,15,4.86,77,0,10000,1028,8.99,70,15,4.86,77,0,10000,1028,8.99,70,15,4.86,77,0,10000,1028,8.99,70,15,4.86,77,0,10000,1028,8.99,70,15,4.86,77,0,10000,1028,8.99,70,15,4.86,77,0,10000,1028,8.99,70,15,4.86,77,0,10000,1028,8.99,70,15,4.86,77,0,10000,1028,8.99,70,15,4.86,77,0,10000,1028,8.99,70,15,4.86,77,0,10000,1028,8.99,70,15,4.86,77,0,10000,1028,8.99,70,15,4.86,77,0,10000
1028,8.84,76,40,3.6,75,0,10000,14,0,20,12,1027,8.84,67,358,4.69,87,0,10000,1027,8.84,67,358,4.69,87,0,10000,1027,8.84,67,358,4.69,87,0,10000,1027,8.84,67,358,4.69,87,0,10000,1027,8.84,67,358,4.69,87,0,10000,1027,8.84,67,358,4.69,87,0,10000,1027,8.84,67,358,4.69,87,0,10000,1027,8.84,67,358,4.69,87,0,10000,1027,8.84,67,358,4.69,87,0,10000,1027,8.84,67,358,4.69,87,0,10000,1027,8.84,67,358,4.69,87,0,10000,1027,8.84,67,358,4.69,87,0,10000
1028,8.84,76,40,3.6,75,0,10000,17,0,20,12,1026,7.8,82,347,3.94,96,0,10000,1026,7.8,82,347,3.94,96,0,10000,1026,7.8,82,347,3.94,96,0,10000,1026,7.8,82,347,3.94,96,0,10000,1026,7.8,82,347,3.94,96,0,10000,1026,7.8,82,347,3.94,96,0,10000,1026,7.8,82,347,3.94,96,0,10000,1026,7.8,82,347,3.94,96,0,10000,1026,7.8,82,347,3.94,96,0,10000,1026,7.8,82,347,3.94,96,0,10000,1026,7.8,82,347,3.94,96,0,10000,1026,7.8,82,347,3.94,96,0,10000
1028,8.84,76,40,3.6,75,0,10000,20,0,20,12,1026,7.33,85,4,4,100,0,10000,1026,7.33,85,4,4,100,0,10000,1026,7.33,85,4,4,100,0,10000,1026,7.33,85,4,4,100,0,10000,1026,7.33,85,4,4,100,0,10000,1026,7.33,85,4,4,100,0,10000,1026,7.33,85,4,4,100,0,10000,1026,7.33,85,4,4,100,0,10000,1026,7.33,85,4,4,100,0,10000,1026,7.33,85,4,4,100,0,10000,1026,7.33,85,4,4,100,0,10000,1026,7.33,85,4,4,100,0,10000
1028,8.84,76,40,3.6,75,0,10000,23,0,20,12,1025,6.31,87,11,3.59,90,0,10000,1025,6.31,87,11,3.59,90,0,10000,1025,6.31,87,11,3.59,90,0,10000,1025,6.31,87,11,3.59,90,0,10000,1025,6.31,87,11,3.59,90,0,10000,1025,6.31,87,11,3.59,90,0,10000,1025,6.31,87,11,3.59,90,0,10000,1025,6.31,87,11,3.59,90,0,10000,1025,6.31,87,11,3.59,90,0,10000,1025,6.31,87,11,3.59,90,0,10000,1025,6.31,87,11,3.59,90,0,10000,1025,6.31,87,11,3.59,90,0,10000
1028,8.84,76,40,3.6,75,0,10000,2,0,21,12,1024,7.36,85,14,2.61,99,0,10000,1024,7.36,85,14,2.61,99,0,10000,1024,7.36,85,14,2.61,99,0,10000,1024,7.36,85,14,2.61,99,0,10000,1024,7.36,85,14,2.61,99,0,10000,1024,7.36,85,14,2.61,99,0,10000,1024,7.36,85,14,2.61,99,0,10000,1024,7.36,85,14,2.61,99,0,10000,1024,7.36,85,14,2.61,99,0,10000,1024,7.36,85,14,2.61,99,0,10000,1024,7.36,85,14,2.61,99,0,10000,1024,7.36,85,14,2.61,99,0,10000
1028,8.84,76,40,3.6,75,0,10000,5,0,21,12,1024,7.22,87,93,1.84,100,0,10000,1024,7.22,87,93,1.84,100,0,10000,1024,7.22,87,93,1.84,100,0,10000,1024,7.22,87,93,1.84,100,0,10000,1024,7.22,87,93,1.84,100,0,10000,1024,7.22,87,93,1.84,100,0,10000,1024,7.22,87,93,1.84,100,0,10000,1024,7.22,87,93,1.84,100,0,10000,1024,7.22,87,93,1.84,100,0,10000,1024,7.22,87,93,1.84,100,0,10000,1024,7.22,87,93,1.84,100,0,10000,1024,7.22,87,93,1.84,100,0,10000
1028,8.84,76,30,5.14,75,0,10000,8,0,21,12,1028,8.84,76,27,4.97,75,0,10000,1028,8.84,76,27,4.97,75,0,10000,1028,8.84,76,27,4.97,75,0,10000,1028,8.84,76,27,4.97,75,0,10000,1028,8.84,76,27,4.97,75,0,10000,1028,8.84,76,27,4.97,75,0,10000,1028,8.84,76,27,4.97,75,0,10000,1028,8.84,76,27,4.97,75,0,10000,1028,8.84,76,27,4.97,75,0,10000,1028,8.84,76,27,4.97,75,0,10000,1028,8.84,76,27,4.97,75,0,10000,1028,8.84,76,27,4.97,75,0,10000
1028,8.84,76,30,5.14,75,0,10000,11,0,21,12,1028,8.99,70,15,4.86,77,0,10000,1028,8.99,70,15,4.86,77,0,10000,1028,8.99,70,15,4.86,77,0,10000,1028,8.99,70,15,4.86,77,0,10000,1028,8.99,70,15,4.86,77,0,10000,1028,8.99,70,15,4.86,77,0,10000,1028,8.99,70,15,4.86,77,0,10000,1028,8.99,70,15,4.86,77,0,10000,1028,8.99,70,15,4.86,77,0,10000,1028,8.99,70,15,4.86,77,0,10000,1028,8.99,70,15,4.86,77,0,10000,1028,8.99,70,15,4.86,77,0,10000
1028,8.84,76,30,5.14,75,0,10000,14,0,21,12,1027,8.84,67,358,4.69,87,0,10000,1027,8.84,67,358,4.69,87,0,10000,1027,8.84,67,358,4.69,87,0,10000,1027,8.84,67,358,4.69,87,0,10000,1027,8.84,67,358,4.69,87,0,10000,1027,8.84,67,358,4.69,87,0,10000,1027,8.84,67,358,4.69,87,0,10000,1027,8.84,67,358,4.69,87,0,10000,1027,8.84,67,358,4.69,87,0,10000,1027,8.84,67,358,4.69,87,0,10000,1027,8.84,67,358,4.69,87,0,10000,1027,8.84,67,358,4.69,87,0,10000
1028,8.84,76,30,5.14,75,0,10000,17,0,21,12,1026,7.8,82,347,3.94,96,0,10000,1026,7.8,82,347,3.94,96,0,10000,1026,7.8,82,347,3.94,96,0,10000,1026,7.8,82,347,3.94,96,0,10000,1026,7.8,82,347,3.94,96,0,10000,1026,7.8,82,347,3.94,96,0,10000,1026,7.8,82,347,3.94,96,0,10000,1026,7.8,82,347,3.94,96,0,10000,1026,7.8,82,347,3.94,96,0,10000,1026,7.8,82,347,3.94,96,0,10000,1026,7.8,82,347,3.94,96,0,10000,1026,7.8,82,347,3.94,96,0,10000
1028,8.84,76,30,5.14,75,0,10000,20,0,21,12,1026,7.33,85,4,4,100,0,10000,1026,7.33,85,4,4,100,0,10000,1026,7.33,85,4,4,100,0,10000,1026,7.33,85,4,4,100,0,10000,1026,7.33,85,4,4,100,0,10000,1026,7.33,85,4,4,100,0,10000,1026,7.33,85,4,4,100,0,10000,1026,7.33,85,4,4,100,0,10000,1026,7.33,85,4,4,100,0,10000,1026,7.33,85,4,4,100,0,10000,1026,7.33,85,4,4,100,0,10000,1026,7.33,85,4,4,100,0,10000
1028,8.84,76,30,5.14,75,0,10000,23,0,21,12,1025,6.31,87,11,3.59,90,0,10000,1025,6.31,87,11,3.59,90,0,10000,1025,6.31,87,11,3.59,90,0,10000,1025,6.31,87,11,3.59,90,0,10000,1025,6.31,87,11,3.59,90,0,10000,1025,6.31,87,11,3.59,90,0,10000,1025,6.31,87,11,3.59,90,0,10000,1025,6.31,87,11,3.59,90,0,10000,1025,6.31,87,11,3.59,90,0,10000,1025,6.31,87,11,3.59,90,0,10000,1025,6.31,87,11,3.59,90,0,10000,1025,6.31,87,11,3.59,90,0,10000
1028,8.84,76,30,5.14,75,0,10000,2,0,22,12,1024,7.36,85,14,2.61,99,0,10000,1024,7.36,85,14,2.61,99,0,10000,1024,7.36,85,14,2.61,99,0,10000,1024,7.36,85,14,2.61,99,0,10000,1024,7.36,85,14,2.61,99,0,10000,1024,7.36,85,14,2.61,99,0,10000,1024,7.36,85,14,2.61,99,0,10000,1024,7.36,85,14,2.61,99,0,10000,1024,7.36,85,14,2.61,99,0,10000,1024,7.36,85,14,2.61,99,0,10000,1024,7.36,85,14,2.61,99,0,10000,1024,7.36,85,14,2.61,99,0,10000
1028,8.84,76,30,5.14,75,0,10000,5,0,22,12,1024,7.22,87,93,1.84,100,0,10000,1024,7.22,87,93,1.84,100,0,10000,1024,7.22,87,93,1.84,100,0,10000,1024,7.22,87,93,1.84,100,0,10000,1024,7.22,87,93,1.84,100,0,10000,1024,7.22,87,93,1.84,100,0,10000,1024,7.22,87,93,1.84,100,0,10000,1024,7.22,87,93,1.84,100,0,10000,1024,7.22,87,93,1.84,100,0,10000,1024,7.22,87,93,1.84,100,0,10000,1024,7.22,87,93,1.84,100,0,10000,1024,7.22,87,93,1.84,100,0,10000
1028,8.84,76,30,5.14,75,0,10000,8,0,22,12,1028,8.84,76,27,4.97,75,0,10000,1028,8.84,76,27,4.97,75,0,10000,1028,8.84,76,27,4.97,75,0,10000,1028,8.84,76,27,4.97,75,0,10000,1028,8.84,76,27,4.97,75,0,10000,1028,8.84,76,27,4.97,75,0,10000,1028,8.84,76,27,4.97,75,0,10000,1028,8.84,76,27,4.97,75,0,10000,1028,8.84,76,27,4.97,75,0,10000,1028,8.84,76,27,4.97,75,0,10000,1028,8.84,76,27,4.97,75,0,10000,1028,8.84,76,27,4.97,75,0,10000
1028,8.84,76,30,5.14,75,0,10000,11,0,22,12,1028,8.99,70,15,4.86,77,0,10000,1028,8.99,70,15,4.86,77,0,10000,1028,8.99,70,15,4.86,77,0,10000,1028,8.99,70,15,4.86,77,0,10000,1028,8.99,70,15,4.86,77,0,10000,1028,8.99,70,15,4.86,77,0,10000,1028,8.99,70,15,4.86,77,0,10000,1028,8.99,70,15,4.86,77,0,10000,1028,8.99,70,15,4.86,77,0,10000,1028,8.99,70,15,4.86,77,0,10000,1028,8.99,70,15,4.86,77,0,10000,1028,8.99,70,15,4.86,77,0,10000
1028,8.84,76,30,5.14,75,0,10000,14,0,22,12,1027,8.84,67,358,4.69,87,0,10000,1027,8.84,67,358,4.69,87,0,10000,1027,8.84,67,358,4.69,87,0,10000,1027,8.84,67,358,4.69,87,0,10000,1027,8.84,67,358,4.69,87,0,10000,1027,8.84,67,358,4.69,87,0,10000,1027,8.84,67,358,4.69,87,0,10000,1027,8.84,67,358,4.69,87,0,10000,1027,8.84,67,358,4.69,87,0,10000,1027,8.84,67,358,4.69,87,0,10000,1027,8.84,67,358,4.69,87,0,10000,1027,8.84,67,358,4.69,87,0,10000
1028,8.84,76,30,5.14,75,0,10000,17,0,22,12,1026,7.8,82,347,3.94,96,0,10000,1026,7.8,82,347,3.94,96,0,10000,1026,7.8,82,347,3.94,96,0,10000,1026,7.8,82,347,3.94,96,0,10000,1026,7.8,82,347,3.94,96,0,10000,1026,7.8,82,347,3.94,96,0,10000,1026,7.8,82,347,3.94,96,0,10000,1026,7.8,82,347,3.94,96,0,10000,1026,7.8,82,347,3.94,96,0,10000,1026,7.8,82,347,3.94,96,0,10000,1026,7.8,82,347,3.94,96,0,10000,1026,7.8,82,347,3.94,96,0,10000
1028,8.84,76,30,5.14,75,0,10000,20,0,22,12,1026,7.33,85,4,4,100,0,10000,1026,7.33,85,4,4,100,0,10000,1026,7.33,85,4,4,100,0,10000,1026,7.33,85,4,4,100,0,10000,1026,7.33,85,4,4,100,0,10000,1026,7.33,85,4,4,100,0,10000,1026,7.33,85,4,4,100,0,10000,1026,7.33,85,4,4,100,0,10000,1026,7.33,85,4,4,100,0,10000,1026,7.33,85,4,4,100,0,10000,1026,7.33,85,4,4,100,0,10000,1026,7.33,85,4,4,100,0,10000
1028,8.84,76,30,5.14,75,0,10000,23,0,22,12,1025,6.31,87,11,3.59,90,0,10000,1025,6.31,87,11,3.59,90,0,10000,1025,6.31,87,11,3.59,90,0,10000,1025,6.31,87,11,3.59,90,0,10000,1025,6.31,87,11,3.59,90,0,10000,1025,6.31,87,11,3.59,90,0,10000,1025,6.31,87,11,3.59,90,0,10000,1025,6.31,87,11,3.59,90,0,10000,1025,6.31,87,11,3.59,90,0,10000,1025,6.31,87,11,3.59,90,0,10000,1025,6.31,87,11,3.59,90,0,10000,1025,6.31,87,11,3.59,90,0,10000
1028,8.84,76,30,5.14,75,0,10000,2,0,23,12,1024,7.36,85,14,2.61,99,0,10000,1024,7.36,85,14,2.61,99,0,10000,1024,7.36,85,14,2.61,99,0,10000,1024,7.36,85,14,2.61,99,0,10000,1024,7.36,85,14,2.61,99,0,10000,1024,7.36,85,14,2.61,99,0,10000,1024,7.36,85,14,2.61,99,0,10000,1024,7.36,85,14,2.61,99,0,10000,1024,7.36,85,14,2.61,99,0,10000,1024,7.36,85,14,2.61,99,0,10000,1024,7.36,85,14,2.61,99,0,10000,1024,7.36,85,14,2.61,99,0,10000
1028,8.84,76,30,5.14,75,0,10000,5,0,23,12,1024,7.22,87,93,1.84,100,0,10000,1024,7.22,87,93,1.84,100,0,10000,1024,7.22,87,93,1.84,100,0,10000,1024,7.22,87,93,1.84,100,0,10000,1024,7.22,87,93,1.84,100,0,10000,1024,7.22,87,93,1.84,100,0,10000,1024,7.22,87,93,1.84,100,0,10000,1024,7.22,87,93,1.84,100,0,10000,1024,7.22,87,93,1.84,100,0,10000,1024,7.22,87,93,1.84,100,0,10000,1024,7.22,87,93,1.84,100,0,10000,1024,7.22,87,93,1.84,100,0,10000
1028,8.84,76,30,5.14,75,0,10000,8,0,23,12,1028,8.84,76,27,4.97,75,0,10000,1028,8.84,76,27,4.97,75,0,10000,1028,8.84,76,27,4.97,75,0,10000,1028,8.84,76,27,4.97,75,0,10000,1028,8.84,76,27,4.97,75,0,10000,1028,8.84,76,27,4.97,75,0,10000,1028,8.84,76,27,4.97,75,0,10000,1028,8.84,76,27,4.97,75,0,10000,1028,8.84,76,27,4.97,75,0,10000,1028,8.84,76,27,4.97,75,0,10000,1028,8.84,76,27,4.97,75,0,10000,1028,8.84,76,27,4.97,75,0,10000
1028,8.84,76,30,5.14,75,0,10000,11,0,23,12,1028,8.99,70,15,4.86,77,0,10000,1028,8.99,70,15,4.86,77,0,10000,1028,8.99,70,15,4.86,77,0,10000,1028,8.99,70,15,4.86,77,0,10000,1028,8.99,70,15,4.86,77,0,10000,1028,8.99,70,15,4.86,77,0,10000,1028,8.99,70,15,4.86,77,0,10000,1028,8.99,70,15,4.86,77,0,10000,1028,8.99,70,15,4.86,77,0,10000,1028,8.99,70,15,4.86,77,0,10000,1028,8.99,70,15,4.86,77,0,10000,1028,8.99,70,15,4.86,77,0,10000
1028,8.84,76,30,5.14,75,0,10000,14,0,23,12,1027,8.84,67,358,4.69,87,0,10000,1027,8.84,67,358,4.69,87,0,10000,1027,8.84,67,358,4.69,87,0,10000,1027,8.84,67,358,4.69,87,0,10000,1027,8.84,67,358,4.69,87,0,10000,1027,8.84,67,358,4.69,87,0,10000,1027,8.84,67,358,4.69,87,0,10000,1027,8.84,67,358,4.69,87,0,10000,1027,8.84,67,358,4.69,87,0,10000,1027,8.84,67,358,4.69,87,0,10000,1027,8.84,67,358,4.69,87,0,10000,1027,8.84,67,358,4.69,87,0,10000
1028,8.84,76,30,5.14,75,0,10000,17,0,23,12,1026,7.8,82,347,3.94,96,0,10000,1026,7.8,82,347,3.94,96,0,10000,1026,7.8,82,347,3.94,96,0,10000,1026,7.8,82,347,3.94,96,0,10000,1026,7.8,82,347,3.94,96,0,10000,1026,7.8,82,347,3.94,96,0,10000,1026,7.8,82,347,3.94,96,0,10000,1026,7.8,82,347,3.94,96,0,10000,1026,7.8,82,347,3.94,96,0,10000,1026,7.8,82,347,3.94,96,0,10000,1026,7.8,82,347,3.94,96,0,10000,1026,7.8,82,347,3.94,96,0,10000
1028,8.84,76,30,5.14,75,0,10000,20,0,23,12,1026,7.33,85,4,4,100,0,10000,1026,7.33,85,4,4,100,0,10000,1026,7.33,85,4,4,100,0,10000,1026,7.33,85,4,4,100,0,10000,1026,7.33,85,4,4,100,0,10000,1026,7.33,85,4,4,100,0,10000,1026,7.33,85,4,4,100,0,10000,1026,7.33,85,4,4,100,0,10000,1026,7.33,85,4,4,100,0,10000,1026,7.33,85,4,4,100,0,10000,1026,7.33,85,4,4,100,0,10000,1026,7.33,85,4,4,100,0,10000
1028,8.84,76,30,5.14,75,0,10000,23,0,23,12,1025,6.31,87,11,3.59,90,0,10000,1025,6.31,87,11,3.59,90,0,10000,1025,6.31,87,11,3.59,90,0,10000,1025,6.31,87,11,3.59,90,0,10000,1025,6.31,87,11,3.59,90,0,10000,1025,6.31,87,11,3.59,90,0,10000,1025,6.31,87,11,3.59,90,0,10000,1025,6.31,87,11,3.59,90,0,10000,1025,6.31,87,11,3.59,90,0,10000,1025,6.31,87,11,3.59,90,0,10000,1025,6.31,87,11,3.59,90,0,10000,1025,6.31,87,11,3.59,90,0,10000
1028,8.84,76,30,5.14,75,0,10000,2,0,24,12,1024,7.36,85,14,2.61,99,0,10000,1024,7.36,85,14,2.61,99,0,10000,1024,7.36,85,14,2.61,99,0,10000,1024,7.36,85,14,2.61,99,0,10000,1024,7.36,85,14,2.61,99,0,10000,1024,7.36,85,14,2.61,99,0,10000,1024,7.36,85,14,2.61,99,0,10000,1024,7.36,85,14,2.61,99,0,10000,1024,7.36,85,14,2.61,99,0,10000,1024,7.36,85,14,2.61,99,0,10000,1024,7.36,85,14,2.61,99,0,10000,1024,7.36,85,14,2.61,99,0,10000
1028,8.84,76,30,5.14,75,0,10000,5,0,24,12,1024,7.22,87,93,1.84,100,0,10000,1024,7.22,87,93,1.84,100,0,10000,1024,7.22,87,93,1.84,100,0,10000,1024,7.22,87,93,1.84,100,0,10000,1024,7.22,87,93,1.84,100,0,10000,1024,7.22,87,93,1.84,100,0,10000,1024,7.22,87,93,1.84,100,0,10000,1024,7.22,87,93,1.84,100,0,10000,1024,7.22,87,93,1.84,100,0,10000,1024,7.22,87,93,1.84,100,0,10000,1024,7.22,87,93,1.84,100,0,10000,1024,7.22,87,93,1.84,100,0,10000
1028,8.84,76,30,5.14,75,0,10000,8,0,24,12,1028,8.84,76,27,4.97,75,0,10000,1028,8.84,76,27,4.97,75,0,10000,1028,8.84,76,27,4.97,75,0,10000,1028,8.84,76,27,4.97,75,0,10000,1028,8.84,76,27,4.97,75,0,10000,1028,8.84,76,27,4.97,75,0,10000,1028,8.84,76,27,4.97,75,0,10000,1028,8.84,76,27,4.97,75,0,10000,1028,8.84,76,27,4.97,75,0,10000,1028,8.84,76,27,4.97,75,0,10000,1028,8.84,76,27,4.97,75,0,10000,1028,8.84,76,27,4.97,75,0,10000
1028,8.84,76,30,5.14,75,0,10000,11,0,24,12,1028,8.99,70,15,4.86,77,0,10000,1028,8.99,70,15,4.86,77,0,10000,1028,8.99,70,15,4.86,77,0,10000,1028,8.99,70,15,4.86,77,0,10000,1028,8.99,70,15,4.86,77,0,10000,1028,8.99,70,15,4.86,77,0,10000,1028,8.99,70,15,4.86,77,0,10000,1028,8.99,70,15,4.86,77,0,10000,1028,8.99,70,15,4.86,77,0,10000,1028,8.99,70,15,4.86,77,0,10000,1028,8.99,70,15,4.86,77,0,10000,1028,8.99,70,15,4.86,77,0,10000
1028,8.84,76,30,5.14,75,0,10000,14,0,24,12,1027,8.84,67,358,4.69,87,0,10000,1027,8.84,67,358,4.69,87,0,10000,1027,8.84,67,358,4.69,87,0,10000,1027,8.84,67,358,4.69,87,0,10000,1027,8.84,67,358,4.69,87,0,10000,1027,8.84,67,358,4.69,87,0,10000,1027,8.84,67,358,4.69,87,0,10000,1027,8.84,67,358,4.69,87,0,10000,1027,8.84,67,358,4.69,87,0,10000,1027,8.84,67,358,4.69,87,0,10000,1027,8.84,67,358,4.69,87,0,10000,1027,8.84,67,358,4.69,87,0,10000
1028,8.84,76,30,5.14,75,0,10000,17,0,24,12,1026,7.8,82,347,3.94,96,0,10000,1026,7.8,82,347,3.94,96,0,10000,1026,7.8,82,347,3.94,96,0,10000,1026,7.8,82,347,3.94,96,0,10000,1026,7.8,82,347,3.94,96,0,10000,1026,7.8,82,347,3.94,96,0,10000,1026,7.8,82,347,3.94,96,0,10000,1026,7.8,82,347,3.94,96,0,10000,1026,7.8,82,347,3.94,96,0,10000,1026,7.8,82,347,3.94,96,0,10000,1026,7.8,82,347,3.94,96,0,10000,1026,7.8,82,347,3.94,96,0,10000
1028,8.84,76,30,5.14,75,0,10000,20,0,24,12,1026,7.33,85,4,4,100,0,10000,1026,7.33,85,4,4,100,0,10000,1026,7.33,85,4,4,100,0,10000,1026,7.33,85,4,4,100,0,10000,1026,7.33,85,4,4,100,0,10000,1026,7.33,85,4,4,100,0,10000,1026,7.33,85,4,4,100,0,10000,1026,7.33,85,4,4,100,0,10000,1026,7.33,85,4,4,100,0,10000,1026,7.33,85,4,4,100,0,10000,1026,7.33,85,4,4,100,0,10000,1026,7.33,85,4,4,100,0,10000
1028,8.84,76,30,5.14,75,0,10000,23,0,24,12,1025,6.31,87,11,3.59,90,0,10000,1025,6.31,87,11,3.59,90,0,10000,1025,6.31,87,11,3.59,90,0,10000,1025,6.31,87,11,3.59,90,0,10000,1025,6.31,87,11,3.59,90,0,10000,1025,6.31,87,11,3.59,90,0,10000,1025,6.31,87,11,3.59,90,0,10000,1025,6.31,87,11,3.59,90,0,10000,1025,6.31,87,11,3.59,90,0,10000,1025,6.31,87,11,3.59,90,0,10000,1025,6.31,87,11,3.59,90,0,10000,1025,6.31,87,11,3.59,90,0,10000
1028,8.84,76,30,5.14,75,0,10000,2,0,25,12,1024,7.36,85,14,2.61,99,0,10000,1024,7.36,85,14,2.61,99,0,10000,1024,7.36,85,14,2.61,99,0,10000,1024,7.36,85,14,2.61,99,0,10000,1024,7.36,85,14,2.61,99,0,10000,1024,7.36,85,14,2.61,99,0,10000,1024,7.36,85,14,2.61,99,0,10000,1024,7.36,85,14,2.61,99,0,10000,1024,7.36,85,14,2.61,99,0,10000,1024,7.36,85,14,2.61,99,0,10000,1024,7.36,85,14,2.61,99,0,10000,1024,7.36,85,14,2.61,99,0,10000
1028,8.84,76,30,5.14,75,0,10000,5,0,25,12,1024,7.22,87,93,1.84,100,0,10000,1024,7.22,87,93,1.84,100,0,10000,1024,7.22,87,93,1.84,100,0,10000,1024,7.22,87,93,1.84,100,0,10000,1024,7.22,87,93,1.84,100,0,10000,1024,7.22,87,93,1.84,100,0,10000,1024,7.22,87,93,1.84,100,0,10000,1024,7.22,87,93,1.84,100,0,10000,1024,7.22,87,93,1.84,100,0,10000,1024,7.22,87,93,1.84,100,0,10000,1024,7.22,87,93,1.84,100,0,10000,1024,7.22,87,93,1.84,100,0,10000
1028,8.84,76,30,5.14,75,0,10000,8,0,25,12,1028,8.84,76,27,4.97,75,0,10000,1028,8.84,76,27,4.97,75,0,10000,1028,8.84,76,27,4.97,75,0,10000,1028,8.84,76,27,4.97,75,0,10000,1028,8.84,76,27,4.97,75,0,10000,1028,8.84,76,27,4.97,75,0,10000,1028,8.84,76,27,4.97,75,0,10000,1028,8.84,76,27,4.97,75,0,10000,1028,8.84,76,27,4.97,75,0,10000,1028,8.84,76,27,4.97,75,0,10000,1028,8.84,76,27,4.97,75,0,10000,1028,8.84,76,27,4.97,75,0,10000
1028,8.84,76,30,5.14,75,0,10000,11,0,25,12,1028,8.99,70,15,4.86,77,0,10000,1028,8.99,70,15,4.86,77,0,10000,1028,8.99,70,15,4.86,77,0,10000,1028,8.99,70,15,4.86,77,0,10000,1028,8.99,70,15,4.86,77,0,10000,1028,8.99,70,15,4.86,77,0,10000,1028,8.99,70,15,4.86,77,0,10000,1028,8.99,70,15,4.86,77,0,10000,1028,8.99,70,15,4.86,77,0,10000,1028,8.99,70,15,4.86,77,0,10000,1028,8.99,70,15,4.86,77,0,10000,1028,8.99,70,15,4.86,77,0,10000
1028,8.84,76,30,5.14,75,0,10000,14,0,25,12,1027,8.84,67,358,4.69,87,0,10000,1027,8.84,67,358,4.69,87,0,10000,1027,8.84,67,358,4.69,87,0,10000,1027,8.84,67,358,4.69,87,0,10000,1027,8.84,67,358,4.69,87,0,10000,1027,8.84,67,358,4.69,87,0,10000,1027,8.84,67,358,4.69,87,0,10000,1027,8.84,67,358,4.69,87,0,10000,1027,8.84,67,358,4.69,87,0,10000,1027,8.84,67,358,4.69,87,0,10000,1027,8.84,67,358,4.69,87,0,10000,1027,8.84,67,358,4.69,87,0,10000
1028,8.84,76,30,5.14,75,0,10000,17,0,25,12,1026,7.8,82,347,3.94,96,0,10000,1026,7.8,82,347,3.94,96,0,10000,1026,7.8,82,347,3.94,96,0,10000,1026,7.8,82,347,3.94,96,0,10000,1026,7.8,82,347,3.94,96,0,10000,1026,7.8,82,347,3.94,96,0,10000,1026,7.8,82,347,3.94,96,0,10000,1026,7.8,82,347,3.94,96,0,10000,1026,7.8,82,347,3.94,96,0,10000,1026,7.8,82,347,3.94,96,0,10000,1026,7.8,82,347,3.94,96,0,10000,1026,7.8,82,347,3.94,96,0,10000
1028,8.84,76,30,5.14,75,0,10000,20,0,25,12,1026,7.33,85,4,4,100,0,10000,1026,7.33,85,4,4,100,0,10000,1026,7.33,85,4,4,100,0,10000,1026,7.33,85,4,4,100,0,10000,1026,7.33,85,4,4,100,0,10000,1026,7.33,85,4,4,100,0,10000,1026,7.33,85,4,4,100,0,10000,1026,7.33,85,4,4,100,0,10000,1026,7.33,85,4,4,100,0,10000,1026,7.33,85,4,4,100,0,10000,1026,7.33,85,4,4,100,0,10000,1026,7.33,85,4,4,100,0,10000
1028,8.84,76,30,5.14,75,0,10000,23,0,25,12,1025,6.31,87,11,3.59,90,0,10000,1025,6.31,87,11,3.59,90,0,10000,1025,6.31,87,11,3.59,90,0,10000,1025,6.31,87,11,3.59,90,0,10000,1025,6.31,87,11,3.59,90,0,10000,1025,6.31,87,11,3.59,90,0,10000,1025,6.31,87,11,3.59,90,0,10000,1025,6.31,87,11,3.59,90,0,10000,1025,6.31,87,11,3.59,90,0,10000,1025,6.31,87,11,3.59,90,0,10000,1025,6.31,87,11,3.59,90,0,10000,1025,6.31,87,11,3.59,90,0,10000
1028,8.84,76,30,5.14,75,0,10000,2,0,26,12,1024,7.36,85,14,2.61,99,0,10000,1024,7.36,85,14,2.61,99,0,10000,1024,7.36,85,14,2.61,99,0,10000,1024,7.36,85,14,2.61,99,0,10000,1024,7.36,85,14,2.61,99,0,10000,1024,7.36,85,14,2.61,99,0,10000,1024,7.36,85,14,2.61,99,0,10000,1024,7.36,85,14,2.61,99,0,10000,1024,7.36,85,14,2.61,99,0,10000,1024,7.36,85,14,2.61,99,0,10000,1024,7.36,85,14,2.61,99,0,10000,1024,7.36,85,14,2.61,99,0,10000
1028,8.84,76,30,5.14,75,0,10000,5,0,26,12,1024,7.22,87,93,1.84,100,0,10000,1024,7.22,87,93,1.84,100,0,10000,1024,7.22,87,93,1.84,100,0,10000,1024,7.22,87,93,1.84,100,0,10000,1024,7.22,87,93,1.84,100,0,10000,1024,7.22,87,93,1.84,100,0,10000,1024,7.22,87,93,1.84,100,0,10000,1024,7.22,87,93,1.84,100,0,10000,1024,7.22,87,93,1.84,100,0,10000,1024,7.22,87,93,1.84,100,0,10000,1024,7.22,87,93,1.84,100,0,10000,1024,7.22,87,93,1.84,100,0,10000
1028,8.84,76,30,5.14,75,0,10000,8,0,26,12,1028,8.84,76,27,4.97,75,0,10000,1028,8.84,76,27,4.97,75,0,10000,1028,8.84,76,27,4.97,75,0,10000,1028,8.84,76,27,4.97,75,0,10000,1028,8.84,76,27,4.97,75,0,10000,1028,8.84,76,27,4.97,75,0,10000,1028,8.84,76,27,4.97,75,0,10000,1028,8.84,76,27,4.97,75,0,10000,1028,8.84,76,27,4.97,75,0,10000,1028,8.84,76,27,4.97,75,0,10000,1028,8.84,76,27,4.97,75,0,10000,1028,8.84,76,27,4.97,75,0,10000
1028,8.84,76,30,5.14,75,0,10000,11,0,26,12,1028,8.99,70,15,4.86,77,0,10000,1028,8.99,70,15,4.86,77,0,10000,1028,8.99,70,15,4.86,77,0,10000,1028,8.99,70,15,4.86,77,0,10000,1028,8.99,70,15,4.86,77,0,10000,1028,8.99,70,15,4.86,77,0,10000,1028,8.99,70,15,4.86,77,0,10000,1028,8.99,70,15,4.86,77,0,10000,1028,8.99,70,15,4.86,77,0,10000,1028,8.99,70,15,4.86,77,0,10000,1028,8.99,70,15,4.86,77,0,10000,1028,8.99,70,15,4.86,77,0,10000
1028,8.84,76,30,5.14,75,0,10000,14,0,26,12,1027,8.84,67,358,4.69,87,0,10000,1027,8.84,67,358,4.69,87,0,10000,1027,8.84,67,358,4.69,87,0,10000,1027,8.84,67,358,4.69,87,0,10000,1027,8.84,67,358,4.69,87,0,10000,1027,8.84,67,358,4.69,87,0,10000,1027,8.84,67,358,4.69,87,0,10000,1027,8.84,67,358,4.69,87,0,10000,1027,8.84,67,358,4.69,87,0,10000,1027,8.84,67,358,4.69,87,0,10000,1027,8.84,67,358,4.69,87,0,10000,1027,8.84,67,358,4.69,87,0,10000
1028,8.84,76,30,5.14,75,0,10000,17,0,26,12,1026,7.8,82,347,3.94,96,0,10000,1026,7.8,82,347,3.94,96,0,10000,1026,7.8,82,347,3.94,96,0,10000,1026,7.8,82,347,3.94,96,0,10000,1026,7.8,82,347,3.94,96,0,10000,1026,7.8,82,347,3.94,96,0,10000,1026,7.8,82,347,3.94,96,0,10000,1026,7.8,82,347,3.94,96,0,10000,1026,7.8,82,347,3.94,96,0,10000,1026,7.8,82,347,3.94,96,0,10000,1026,7.8,82,347,3.94,96,0,10000,1026,7.8,82,347,3.94,96,0,10000
1028,8.84,76,30,5.14,75,0,10000,20,0,26,12,1026,7.33,85,4,4,100,0,10000,1026,7.33,85,4,4,100,0,10000,1026,7.33,85,4,4,100,0,10000,1026,7.33,85,4,4,100,0,10000,1026,7.33,85,4,4,100,0,10000,1026,7.33,85,4,4,100,0,10000,1026,7.33,85,4,4,100,0,10000,1026,7.33,85,4,4,100,0,10000,1026,7.33,85,4,4,100,0,10000,1026,7.33,85,4,4,100,0,10000,1026,7.33,85,4,4,100,0,10000,1026,7.33,85,4,4,100,0,10000
1028,8.84,76,30,5.14,75,0,10000,23,0,26,12,1025,6.31,87,11,3.59,90,0,10000,1025,6.31,87,11,3.59,90,0,10000,1025,6.31,87,11,3.59,90,0,10000,1025,6.31,87,11,3.59,90,0,10000,1025,6.31,87,11,3.59,90,0,10000,1025,6.31,87,11,3.59,90,0,10000,1025,6.31,87,11,3.59,90,0,10000,1025,6.31,87,11,3.59,90,0,10000,1025,6.31,87,11,3.59,90,0,10000,1025,6.31,87,11,3.59,90,0,10000,1025,6.31,87,11,3.59,90,0,10000,1025,6.31,87,11,3.59,90,0,10000
1028,8.84,76,30,5.14,75,0,10000,2,0,27,12,1024,7.36,85,14,2.61,99,0,10000,1024,7.36,85,14,2.61,99,0,10000,1024,7.36,85,14,2.61,99,0,10000,1024,7.36,85,14,2.61,99,0,10000,1024,7.36,85,14,2.61,99,0,10000,1024,7.36,85,14,2.61,99,0,10000,1024,7.36,85,14,2.61,99,0,10000,1024,7.36,85,14,2.61,99,0,10000,1024,7.36,85,14,2.61,99,0,10000,1024,7.36,85,14,2.61,99,0,10000,1024,7.36,85,14,2.61,99,0,10000,1024,7.36,85,14,2.61,99,0,10000
1028,8.84,76,30,5.14,75,0,10000,5,0,27,12,1024,7.22,87,93,1.84,100,0,10000,1024,7.22,87,93,1.84,100,0,10000,1024,7.22,87,93,1.84,100,0,10000,1024,7.22,87,93,1.84,100,0,10000,1024,7.22,87,93,1.84,100,0,10000,1024,7.22,87,93,1.84,100,0,10000,1024,7.22,87,93,1.84,100,0,10000,1024,7.22,87,93,1.84,100,0,10000,1024,7.22,87,93,1.84,100,0,10000,1024,7.22,87,93,1.84,100,0,10000,1024,7.22,87,93,1.84,100,0,10000,1024,7.22,87,93,1.84,100,0,10000
1028,8.84,76,30,5.14,75,0,10000,8,0,27,12,1028,8.84,76,27,4.97,75,0,10000,1028,8.84,76,27,4.97,75,0,10000,1028,8.84,76,27,4.97,75,0,10000,1028,8.84,76,27,4.97,75,0,10000,1028,8.84,76,27,4.97,75,0,10000,1028,8.84,76,27,4.97,75,0,10000,1028,8.84,76,27,4.97,75,0,10000,1028,8.84,76,27,4.97,75,0,10000,1028,8.84,76,27,4.97,75,0,10000,1028,8.84,76,27,4.97,75,0,10000,1028,8.84,76,27,4.97,75,0,10000,1028,8.84,76,27,4.97,75,0,10000
1028,8.84,76,30,5.14,75,0,10000,11,0,27,12,1028,8.99,70,15,4.86,77,0,10000,1028,8.99,70,15,4.86,77,0,10000,1028,8.99,70,15,4.86,77,0,10000,1028,8.99,70,15,4.86,77,0,10000,1028,8.99,70,15,4.86,77,0,10000,1028,8.99,70,15,4.86,77,0,10000,1028,8.99,70,15,4.86,77,0,10000,1028,8.99,70,15,4.86,77,0,10000,1028,8.99,70,15,4.86,77,0,10000,1028,8.99,70,15,4.86,77,0,10000,1028,8.99,70,15,4.86,77,0,10000,1028,8.99,70,15,4.86,77,0,10000
1028,8.84,76,30,5.14,75,0,10000,14,0,27,12,1027,8.84,67,358,4.69,87,0,10000,1027,8.84,67,358,4.69,87,0,10000,1027,8.84,67,358,4.69,87,0,10000,1027,8.84,67,358,4.69,87,0,10000,1027,8.84,67,358,4.69,87,0,10000,1027,8.84,67,358,4.69,87,0,10000,1027,8.84,67,358,4.69,87,0,10000,1027,8.84,67,358,4.69,87,0,10000,1027,8.84,67,358,4.69,87,0,10000,1027,8.84,67,358,4.69,87,0,10000,1027,8.84,67,358,4.69,87,0,10000,1027,8.84,67,358,4.69,87,0,10000
1028,8.84,76,30,5.14,75,0,10000,17,0,27,12,1026,7.8,82,347,3.94,96,0,10000,1026,7.8,82,347,3.94,96,0,10000,1026,7.8,82,347,3.94,96,0,10000,1026,7.8,82,347,3.94,96,0,10000,1026,7.8,82,347,3.94,96,0,10000,1026,7.8,82,347,3.94,96,0,10000,1026,7.8,82,347,3.94,96,0,10000,1026,7.8,82,347,3.94,96,0,10000,1026,7.8,82,347,3.94,96,0,10000,1026,7.8,82,347,3.94,96,0,10000,1026,7.8,82,347,3.94,96,0,10000,1026,7.8,82,347,3.94,96,0,10000
1028,8.84,76,30,5.14,75,0,10000,20,0,27,12,1026,7.33,85,4,4,100,0,10000,1026,7.33,85,4,4,100,0,10000,1026,7.33,85,4,4,100,0,10000,1026,7.33,85,4,4,100,0,10000,1026,7.33,85,4,4,100,0,10000,1026,7.33,85,4,4,100,0,10000,1026,7.33,85,4,4,100,0,10000,1026,7.33,85,4,4,100,0,10000,1026,7.33,85,4,4,100,0,10000,1026,7.33,85,4,4,100,0,10000,1026,7.33,85,4,4,100,0,10000,1026,7.33,85,4,4,100,0,10000
1028,8.84,76,30,5.14,75,0,10000,23,0,27,12,1025,6.31,87,11,3.59,90,0,10000,1025,6.31,87,11,3.59,90,0,10000,1025,6.31,87,11,3.59,90,0,10000,1025,6.31,87,11,3.59,90,0,10000,1025,6.31,87,11,3.59,90,0,10000,1025,6.31,87,11,3.59,90,0,10000,1025,6.31,87,11,3.59,90,0,10000,1025,6.31,87,11,3.59,90,0,10000,1025,6.31,87,11,3.59,90,0,10000,1025,6.31,87,11,3.59,90,0,10000,1025,6.31,87,11,3.59,90,0,10000,1025,6.31,87,11,3.59,90,0,10000
1028,8.84,76,30,5.14,75,0,10000,2,0,28,12,1024,7.36,85,14,2.61,99,0,10000,1024,7.36,85,14,2.61,99,0,10000,1024,7.36,85,14,2.61,99,0,10000,1024,7.36,85,14,2.61,99,0,10000,1024,7.36,85,14,2.61,99,0,10000,1024,7.36,85,14,2.61,99,0,10000,1024,7.36,85,14,2.61,99,0,10000,1024,7.36,85,14,2.61,99,0,10000,1024,7.36,85,14,2.61,99,0,10000,1024,7.36,85,14,2.61,99,0,10000,1024,7.36,85,14,2.61,99,0,10000,1024,7.36,85,14,2.61,99,0,10000
1028,8.84,76,30,5.14,75,0,10000,5,0,28,12,1024,7.22,87,93,1.84,100,0,10000,1024,7.22,87,93,1.84,100,0,10000,1024,7.22,87,93,1.84,100,0,10000,1024,7.22,87,93,1.84,100,0,10000,1024,7.22,87,93,1.84,100,0,10000,1024,7.22,87,93,1.84,100,0,10000,1024,7.22,87,93,1.84,100,0,10000,1024,7.22,87,93,1.84,100,0,10000,1024,7.22,87,93,1.84,100,0,10000,1024,7.22,87,93,1.84,100,0,10000,1024,7.22,87,93,1.84,100,0,10000,1024,7.22,87,93,1.84,100,0,10000
1028,8.84,76,30,5.14,75,0,10000,8,0,28,12,1028,8.84,76,27,4.97,75,0,10000,1028,8.84,76,27,4.97,75,0,10000,1028,8.84,76,27,4.97,75,0,10000,1028,8.84,76,27,4.97,75,0,10000,1028,8.84,76,27,4.97,75,0,10000,1028,8.84,76,27,4.97,75,0,10000,1028,8.84,76,27,4.97,75,0,10000,1028,8.84,76,27,4.97,75,0,10000,1028,8.84,76,27,4.97,75,0,10000,1028,8.84,76,27,4.97,75,0,10000,1028,8.84,76,27,4.97,75,0,10000,1028,8.84,76,27,4.97,75,0,10000
1028,8.84,76,30,5.14,75,0,10000,11,0,28,12,1028,8.99,70,15,4.86,77,0,10000,1028,8.99,70,15,4.86,77,0,10000,1028,8.99,70,15,4.86,77,0,10000,1028,8.99,70,15,4.86,77,0,10000,1028,8.99,70,15,4.86,77,0,10000,1028,8.99,70,15,4.86,77,0,10000,1028,8.99,70,15,4.86,77,0,10000,1028,8.99,70,15,4.86,77,0,10000,1028,8.99,70,15,4.86,77,0,10000,1028,8.99,70,15,4.86,77,0,10000,1028,8.99,70,15,4.86,77,0,10000,1028,8.99,70,15,4.86,77,0,10000
1028,8.84,76,30,5.14,75,0,10000,14,0,28,12,1027,8.84,67,358,4.69,87,0,10000,1027,8.84,67,358,4.69,87,0,10000,1027,8.84,67,358,4.69,87,0,10000,1027,8.84,67,358,4.69,87,0,10000,1027,8.84,67,358,4.69,87,0,10000,1027,8.84,67,358,4.69,87,0,10000,1027,8.84,67,358,4.69,87,0,10000,1027,8.84,67,358,4.69,87,0,10000,1027,8.84,67,358,4.69,87,0,10000,1027,8.84,67,358,4.69,87,0,10000,1027,8.84,67,358,4.69,87,0,10000,1027,8.84,67,358,4.69,87,0,10000
1028,8.84,76,30,5.14,75,0,10000,17,0,28,12,1026,7.8,82,347,3.94,96,0,10000,1026,7.8,82,347,3.94,96,0,10000,1026,7.8,82,347,3.94,96,0,10000,1026,7.8,82,347,3.94,96,0,10000,1026,7.8,82,347,3.94,96,0,10000,1026,7.8,82,347,3.94,96,0,10000,1026,7.8,82,347,3.94,96,0,10000,1026,7.8,82,347,3.94,96,0,10000,1026,7.8,82,347,3.94,96,0,10000,1026,7.8,82,347,3.94,96,0,10000,1026,7.8,82,347,3.94,96,0,10000,1026,7.8,82,347,3.94,96,0,10000
1028,8.84,76,30,5.14,75,0,10000,20,0,28,12,1026,7.33,85,4,4,100,0,10000,1026,7.33,85,4,4,100,0,10000,1026,7.33,85,4,4,100,0,10000,1026,7.33,85,4,4,100,0,10000,1026,7.33,85,4,4,100,0,10000,1026,7.33,85,4,4,100,0,10000,1026,7.33,85,4,4,100,0,10000,1026,7.33,85,4,4,100,0,10000,1026,7.33,85,4,4,100,0,10000,1026,7.33,85,4,4,100,0,10000,1026,7.33,85,4,4,100,0,10000,1026,7.33,85,4,4,100,0,10000
1028,8.84,76,30,5.14,75,0,10000,23,0,28,12,1025,6.31,87,11,3.59,90,0,10000,1025,6.31,87,11,3.59,90,0,10000,1025,6.31,87,11,3.59,90,0,10000,1025,6.31,87,11,3.59,90,0,10000,1025,6.31,87,11,3.59,90,0,10000,1025,6.31,87,11,3.59,90,0,10000,1025,6.31,87,11,3.59,90,0,10000,1025,6.31,87,11,3.59,90,0,10000,1025,6.31,87,11,3.59,90,0,10000,1025,6.31,87,11,3.59,90,0,10000,1025,6.31,87,11,3.59,90,0,10000,1025,6.31,87,11,3.59,90,0,10000
1028,8.84,76,30,5.14,75,0,10000,2,0,29,12,1024,7.36,85,14,2.61,99,0,10000,1024,7.36,85,14,2.61,99,0,10000,1024,7.36,85,14,2.61,99,0,10000,1024,7.36,85,14,2.61,99,0,10000,1024,7.36,85,14,2.61,99,0,10000,1024,7.36,85,14,2.61,99,0,10000,1024,7.36,85,14,2.61,99,0,10000,1024,7.36,85,14,2.61,99,0,10000,1024,7.36,85,14,2.61,99,0,10000,1024,7.36,85,14,2.61,99,0,10000,1024,7.36,85,14,2.61,99,0,10000,1024,7.36,85,14,2.61,99,0,10000
1028,8.84,76,30,5.14,75,0,10000,5,0,29,12,1024,7.22,87,93,1.84,100,0,10000,1024,7.22,87,93,1.84,100,0,10000,1024,7.22,87,93,1.84,100,0,10000,1024,7.22,87,93,1.84,100,0,10000,1024,7.22,87,93,1.84,100,0,10000,1024,7.22,87,93,1.84,100,0,10000,1024,7.22,87,93,1.84,100,0,10000,1024,7.22,87,93,1.84,100,0,10000,1024,7.22,87,93,1.84,100,0,10000,1024,7.22,87,93,1.84,100,0,10000,1024,7.22,87,93,1.84,100,0,10000,1024,7.22,87,93,1.84,100,0,10000
1028,8.84,76,30,5.14,75,0,10000,8,0,29,12,1028,8.84,76,27,4.97,75,0,10000,1028,8.84,76,27,4.97,75,0,10000,1028,8.84,76,27,4.97,75,0,10000,1028,8.84,76,27,4.97,75,0,10000,1028,8.84,76,27,4.97,75,0,10000,1028,8.84,76,27,4.97,75,0,10000,1028,8.84,76,27,4.97,75,0,10000,1028,8.84,76,27,4.97,75,0,10000,1028,8.84,76,27,4.97,75,0,10000,1028,8.84,76,27,4.97,75,0,10000,1028,8.84,76,27,4.97,75,0,10000,1028,8.84,76,27,4.97,75,0,10000
1028,8.84,76,30,5.14,75,0,10000,11,0,29,12,1028,8.99,70,15,4.86,77,0,10000,1028,8.99,70,15,4.86,77,0,10000,1028,8.99,70,15,4.86,77,0,10000,1028,8.99,70,15,4.86,77,0,10000,1028,8.99,70,15,4.86,77,0,10000,1028,8.99,70,15,4.86,77,0,10000,1028,8.99,70,15,4.86,77,0,10000,1028,8.99,70,15,4.86,77,0,10000,1028,8.99,70,15,4.86,77,0,10000,1028,8.99,70,15,4.86,77,0,10000,1028,8.99,70,15,4.86,77,0,10000,1028,8.99,70,15,4.86,77,0,10000
1028,8.84,76,30,5.14,75,0,10000,14,0,29,12,1027,8.84,67,358,4.69,87,0,10000,1027,8.84,67,358,4.69,87,0,10000,1027,8.84,67,358,4.69,87,0,10000,1027,8.84,67,358,4.69,87,0,10000,1027,8.84,67,358,4.69,87,0,10000,1027,8.84,67,358,4.69,87,0,10000,1027,8.84,67,358,4.69,87,0,10000,1027,8.84,67,358,4.69,87,0,10000,1027,8.84,67,358,4.69,87,0,10000,1027,8.84,67,358,4.69,87,0,10000,1027,8.84,67,358,4.69,87,0,10000,1027,8.84,67,358,4.69,87,0,10000
1028,8.84,76,30,5.14,75,0,10000,17,0,29,12,1026,7.8,82,347,3.94,96,0,10000,1026,7.8,82,347,3.94,96,0,10000,1026,7.8,82,347,3.94,96,0,10000,1026,7.8,82,347,3.94,96,0,10000,1026,7.8,82,347,3.94,96,0,10000,1026,7.8,82,347,3.94,96,0,10000,1026,7.8,82,347,3.94,96,0,10000,1026,7.8,82,347,3.94,96,0,10000,1026,7.8,82,347,3.94,96,0,10000,1026,7.8,82,347,3.94,96,0,10000,1026,7.8,82,347,3.94,96,0,10000,1026,7.8,82,347,3.94,96,0,10000
1028,8.84,76,30,5.14,75,0,10000,20,0,29,12,1026,7.33,85,4,4,100,0,10000,1026,7.33,85,4,4,100,0,10000,1026,7.33,85,4,4,100,0,10000,1026,7.33,85,4,4,100,0,10000,1026,7.33,85,4,4,100,0,10000,1026,7.33,85,4,4,100,0,10000,1026,7.33,85,4,4,100,0,10000,1026,7.33,85,4,4,100,0,10000,1026,7.33,85,4,4,100,0,10000,1026,7.33,85,4,4,100,0,10000,1026,7.33,85,4,4,100,0,10000,1026,7.33,85,4,4,100,0,10000
1028,8.84,76,30,5.14,75,0,10000,23,0,29,12,1025,6.31,87,11,3.59,90,0,10000,1025,6.31,87,11,3.59,90,0,10000,1025,6.31,87,11,3.59,90,0,10000,1025,6.31,87,11,3.59,90,0,10000,1025,6.31,87,11,3.59,90,0,10000,1025,6.31,87,11,3.59,90,0,10000,1025,6.31,87,11,3.59,90,0,10000,1025,6.31,87,11,3.59,90,0,10000,1025,6.31,87,11,3.59,90,0,10000,1025,6.31,87,11,3.59,90,0,10000,1025,6.31,87,11,3.59,90,0,10000,1025,6.31,87,11,3.59,90,0,10000
1028,8.84,76,30,5.14,75,0,10000,2,0,30,12,1024,7.36,85,14,2.61,99,0,10000,1024,7.36,85,14,2.61,99,0,10000,1024,7.36,85,14,2.61,99,0,10000,1024,7.36,85,14,2.61,99,0,10000,1024,7.36,85,14,2.61,99,0,10000,1024,7.36,85,14,2.61,99,0,10000,1024,7.36,85,14,2.61,99,0,10000,1024,7.36,85,14,2.61,99,0,10000,1024,7.36,85,14,2.61,99,0,10000,1024,7.36,85,14,2.61,99,0,10000,1024,7.36,85,14,2.61,99,0,10000,1024,7.36,85,14,2.61,99,0,10000
1028,8.84,76,30,5.14,75,0,10000,5,0,30,12,1024,7.22,87,93,1.84,100,0,10000,1024,7.22,87,93,1.84,100,0,10000,1024,7.22,87,93,1.84,100,0,10000,1024,7.22,87,93,1.84,100,0,10000,1024,7.22,87,93,1.84,100,0,10000,1024,7.22,87,93,1.84,100,0,10000,1024,7.22,87,93,1.84,100,0,10000,1024,7.22,87,93,1.84,100,0,10000,1024,7.22,87,93,1.84,100,0,10000,1024,7.22,87,93,1.84,100,0,10000,1024,7.22,87,93,1.84,100,0,10000,1024,7.22,87,93,1.84,100,0,10000
1028,8.84,76,30,5.14,75,0,10000,8,0,30,12,1028,8.84,76,27,4.97,75,0,10000,1028,8.84,76,27,4.97,75,0,10000,1028,8.84,76,27,4.97,75,0,10000,1028,8.84,76,27,4.97,75,0,10000,1028,8.84,76,27,4.97,75,0,10000,1028,8.84,76,27,4.97,75,0,10000,1028,8.84,76,27,4.97,75,0,10000,1028,8.84,76,27,4.97,75,0,10000,1028,8.84,76,27,4.97,75,0,10000,1028,8.84,76,27,4.97,75,0,10000,1028,8.84,76,27,4.97,75,0,10000,1028,8.84,76,27,4.97,75,0,10000
1028,8.84,76,30,5.14,75,0,10000,11,0,30,12,1028,8.99,70,15,4.86,77,0,10000,1028,8.99,70,15,4.86,77,0,10000,1028,8.99,70,15,4.86,77,0,10000,1028,8.99,70,15,4.86,77,0,10000,1028,8.99,70,15,4.86,77,0,10000,1028,8.99,70,15,4.86,77,0,10000,1028,8.99,70,15,4.86,77,0,10000,1028,8.99,70,15,4.86,77,0,10000,1028,8.99,70,15,4.86,77,0,10000,1028,8.99,70,15,4.86,77,0,10000,1028,8.99,70,15,4.86,77,0,10000,1028,8.99,70,15,4.86,77,0,10000
1028,8.84,76,30,5.14,75,0,10000,14,0,30,12,1027,8.84,67,358,4.69,87,0,10000,1027,8.84,67,358,4.69,87,0,10000,1027,8.84,67,358,4.69,87,0,10000,1027,8.84,67,358,4.69,87,0,10000,1027,8.84,67,358,4.69,87,0,10000,1027,8.84,67,358,4.69,87,0,10000,1027,8.84,67,358,4.69,87,0,10000,1027,8.84,67,358,4.69,87,0,10000,1027,8.84,67,358,4.69,87,0,10000,1027,8.84,67,358,4.69,87,0,10000,1027,8.84,67,358,4.69,87,0,10000,1027,8.84,67,358,4.69,87,0,10000
1028,8.84,76,30,5.14,75,0,10000,17,0,30,12,1026,7.8,82,347,3.94,96,0,10000,1026,7.8,82,347,3.94,96,0,10000,1026,7.8,82,347,3.94,96,0,10000,1026,7.8,82,347,3.94,96,0,10000,1026,7.8,82,347,3.94,96,0,10000,1026,7.8,82,347,3.94,96,0,10000,1026,7.8,82,347,3.94,96,0,10000,1026,7.8,82,347,3.94,96,0,10000,1026,7.8,82,347,3.94,96,0,10000,1026,7.8,82,347,3.94,96,0,10000,1026,7.8,82,347,3.94,96,0,10000,1026,7.8,82,347,3.94,96,0,10000
1028,8.84,76,30,5.14,75,0,10000,20,0,30,12,1026,7.33,85,4,4,100,0,10000,1026,7.33,85,4,4,100,0,10000,1026,7.33,85,4,4,100,0,10000,1026,7.33,85,4,4,100,0,10000,1026,7.33,85,4,4,100,0,10000,1026,7.33,85,4,4,100,0,10000,1026,7.33,85,4,4,100,0,10000,1026,7.33,85,4,4,100,0,10000,1026,7.33,85,4,4,100,0,10000,1026,7.33,85,4,4,100,0,10000,1026,7.33,85,4,4,100,0,10000,1026,7.33,85,4,4,100,0,10000
1028,8.84,76,30,5.14,75,0,10000,23,0,30,12,1025,6.31,87,11,3.59,90,0,10000,1025,6.31,87,11,3.59,90,0,10000,1025,6.31,87,11,3.59,90,0,10000,1025,6.31,87,11,3.59,90,0,10000,1025,6.31,87,11,3.59,90,0,10000,1025,6.31,87,11,3.59,90,0,10000,1025,6.31,87,11,3.59,90,0,10000,1025,6.31,87,11,3.59,90,0,10000,1025,6.31,87,11,3.59,90,0,10000,1025,6.31,87,11,3.59,90,0,10000,1025,6.31,87,11,3.59,90,0,10000,1025,6.31,87,11,3.59,90,0,10000
1028,8.84,76,30,5.14,75,0,10000,2,0,31,12,1024,7.36,85,14,2.61,99,0,10000,1024,7.36,85,14,2.61,99,0,10000,1024,7.36,85,14,2.61,99,0,10000,1024,7.36,85,14,2.61,99,0,10000,1024,7.36,85,14,2.61,99,0,10000,1024,7.36,85,14,2.61,99,0,10000,1024,7.36,85,14,2.61,99,0,10000,1024,7.36,85,14,2.61,99,0,10000,1024,7.36,85,14,2.61,99,0,10000,1024,7.36,85,14,2.61,99,0,10000,1024,7.36,85,14,2.61,99,0,10000,1024,7.36,85,14,2.61,99,0,10000
1028,8.84,76,30,5.14,75,0,10000,5,0,31,12,1024,7.22,87,93,1.84,100,0,10000,1024,7.22,87,93,1.84,100,0,10000,1024,7.22,87,93,1.84,100,0,10000,1024,7.22,87,93,1.84,100,0,10000,1024,7.22,87,93,1.84,100,0,10000,1024,7.22,87,93,1.84,100,0,10000,1024,7.22,87,93,1.84,100,0,10000,1024,7.22,87,93,1.84,100,0,10000,1024,7.22,87,93,1.84,100,0,10000,1024,7.22,87,93,1.84,100,0,10000,1024,7.22,87,93,1.84,100,0,10000,1024,7.22,87,93,1.84,100,0,10000
1028,8.84,76,30,5.14,75,0,10000,8,0,31,12,1028,8.84,76,27,4.97,75,0,10000,1028,8.84,76,27,4.97,75,0,10000,1028,8.84,76,27,4.97,75,0,10000,1028,8.84,76,27,4.97,75,0,10000,1028,8.84,76,27,4.97,75,0,10000,1028,8.84,76,27,4.97,75,0,10000,1028,8.84,76,27,4.97,75,0,10000,1028,8.84,76,27,4.97,75,0,10000,1028,8.84,76,27,4.97,75,0,10000,1028,8.84,76,27,4.97,75,0,10000,1028,8.84,76,27,4.97,75,0,10000,1028,8.84,76,27,4.97,75,0,10000
1028,8.84,76,30,5.14,75,0,10000,11,0,31,12,1028,8.99,70,15,4.86,77,0,10000,1028,8.99,70,15,4.86,77,0,10000,1028,8.99,70,15,4.86,77,0,10000,1028,8.99,70,15,4.86,77,0,10000,1028,8.99,70,15,4.86,77,0,10000,1028,8.99,70,15,4.86,77,0,10000,1028,8.99,70,15,4.86,77,0,10000,1028,8.99,70,15,4.86,77,0,10000,1028,8.99,70,15,4.86,77,0,10000,1028,8.99,70,15,4.86,77,0,10000,1028,8.99,70,15,4.86,77,0,10000,1028,8.99,70,15,4.86,77,0,10000
1028,8.84,76,30,5.14,75,0,10000,14,0,31,12,1027,8.84,67,358,4.69,87,0,10000,1027,8.84,67,358,4.69,87,0,10000,1027,8.84,67,358,4.69,87,0,10000,1027,8.84,67,358,4.69,87,0,10000,1027,8.84,67,358,4.69,87,0,10000,1027,8.84,67,358,4.69,87,0,10000,1027,8.84,67,358,4.69,87,0,10000,1027,8.84,67,358,4.69,87,0,10000,1027,8.84,67,358,4.69,87,0,10000,1027,8.84,67,358,4.69,87,0,10000,1027,8.84,67,358,4.69,87,0,10000,1027,8.84,67,358,4.69,87,0,10000
1028,8.84,76,30,5.14,75,0,10000,17,0,31,12,1026,7.8,82,347,3.94,96,0,10000,1026,7.8,82,347,3.94,96,0,10000,1026,7.8,82,347,3.94,96,0,10000,1026,7.8,82,347,3.94,96,0,10000,1026,7.8,82,347,3.94,96,0,10000,1026,7.8,82,347,3.94,96,0,10000,1026,7.8,82,347,3.94,96,0,10000,1026,7.8,82,347,3.94,96,0,10000,1026,7.8,82,347,3.94,96,0,10000,1026,7.8,82,347,3.94,96,0,10000,1026,7.8,82,347,3.94,96,0,10000,1026,7.8,82,347,3.94,96,0,10000
1028,8.84,76,30,5.14,75,0,10000,20,0,31,12,1026,7.33,85,4,4,100,0,10000,1026,7.33,85,4,4,100,0,10000,1026,7.33,85,4,4,100,0,10000,1026,7.33,85,4,4,100,0,10000,1026,7.33,85,4,4,100,0,10000,1026,7.33,85,4,4,100,0,10000,1026,7.33,85,4,4,100,0,10000,1026,7.33,85,4,4,100,0,10000,1026,7.33,85,4,4,100,0,10000,1026,7.33,85,4,4,100,0,10000,1026,7.33,85,4,4,100,0,10000,1026,7.33,85,4,4,100,0,10000
1028,8.84,76,30,5.14,75,0,10000,23,0,31,12,1025,6.31,87,11,3.59,90,0,10000,1025,6.31,87,11,3.59,90,0,10000,1025,6.31,87,11,3.59,90,0,10000,1025,6.31,87,11,3.59,90,0,10000,1025,6.31,87,11,3.59,90,0,10000,1025,6.31,87,11,3.59,90,0,10000,1025,6.31,87,11,3.59,90,0,10000,1025,6.31,87,11,3.59,90,0,10000,1025,6.31,87,11,3.59,90,0,10000,1025,6.31,87,11,3.59,90,0,10000,1025,6.31,87,11,3.59,90,0,10000,1025,6.31,87,11,3.59,90,0,10000
