1001,10.84,93,100,4.12,75,0.3,10000,0,0,5,2,1001,10.84,93,100,4.12,75,0.3,10000,1001,10.84,93,100,4.12,75,0.3,10000,1001,10.84,93,100,4.12,75,0.3,10000,1001,10.84,93,100,4.12,75,0.3,10000,1001,10.84,93,100,4.12,75,0.3,10000,1001,10.84,93,100,4.12,75,0.3,10000,1001,10.84,93,100,4.12,75,0.3,10000,1001,10.84,93,100,4.12,75,0.3,10000,1001,10.84,93,100,4.12,75,0.3,10000,1001,10.84,93,100,4.12,75,0.3,10000,1001,10.84,93,100,4.12,75,0.3,10000,1001,10.84,93,100,4.12,75,0.3,10000
1001,10.84,93,100,4.12,75,0.3,10000,1,0,5,2,1001,10.84,93,100,4.12,75,0.3,10000,1001,10.84,93,100,4.12,75,0.3,10000,1001,10.84,93,100,4.12,75,0.3,10000,1001,10.84,93,100,4.12,75,0.3,10000,1001,10.84,93,100,4.12,75,0.3,10000,1001,10.84,93,100,4.12,75,0.3,10000,1001,10.84,93,100,4.12,75,0.3,10000,1001,10.84,93,100,4.12,75,0.3,10000,1001,10.84,93,100,4.12,75,0.3,10000,1001,10.84,93,100,4.12,75,0.3,10000,1001,10.84,93,100,4.12,75,0.3,10000,1001,10.84,93,100,4.12,75,0.3,10000
1001,10.84,93,100,4.12,75,0.3,10000,2,0,5,2,1001,10.84,93,100,4.12,75,0.3,10000,1001,10.84,93,100,4.12,75,0.3,10000,1001,10.84,93,100,4.12,75,0.3,10000,1001,10.84,93,100,4.12,75,0.3,10000,1001,10.84,93,100,4.12,75,0.3,10000,1001,10.84,93,100,4.12,75,0.3,10000,1001,10.84,93,100,4.12,75,0.3,10000,1001,10.84,93,100,4.12,75,0.3,10000,1001,10.84,93,100,4.12,75,0.3,10000,1001,10.84,93,100,4.12,75,0.3,10000,1001,10.84,93,100,4.12,75,0.3,10000,1001,10.84,93,100,4.12,75,0.3,10000
1001,10.84,93,100,4.12,75,0.3,10000,3,0,5,2,1001,10.84,93,100,4.12,75,0.3,10000,1001,10.84,93,100,4.12,75,0.3,10000,1001,10.84,93,100,4.12,75,0.3,10000,1001,10.84,93,100,4.12,75,0.3,10000,1001,10.84,93,100,4.12,75,0.3,10000,1001,10.84,93,100,4.12,75,0.3,10000,1001,10.84,93,100,4.12,75,0.3,10000,1001,10.84,93,100,4.12,75,0.3,10000,1001,10.84,93,100,4.12,75,0.3,10000,1001,10.84,93,100,4.12,75,0.3,10000,1001,10.84,93,100,4.12,75,0.3,10000,1001,10.84,93,100,4.12,75,0.3,10000
1001,10.84,93,100,4.12,75,0.3,10000,4,0,5,2,1001,10.84,93,100,4.12,75,0.3,10000,1001,10.84,93,100,4.12,75,0.3,10000,1001,10.84,93,100,4.12,75,0.3,10000,1001,10.84,93,100,4.12,75,0.3,10000,1001,10.84,93,100,4.12,75,0.3,10000,1001,10.84,93,100,4.12,75,0.3,10000,1001,10.84,93,100,4.12,75,0.3,10000,1001,10.84,93,100,4.12,75,0.3,10000,1001,10.84,93,100,4.12,75,0.3,10000,1001,10.84,93,100,4.12,75,0.3,10000,1001,10.84,93,100,4.12,75,0.3,10000,1001,10.84,93,100,4.12,75,0.3,10000
1001,10.84,93,100,4.12,75,0.3,10000,5,0,5,2,1001,10.84,93,100,4.12,75,0.3,10000,1001,10.84,93,100,4.12,75,0.3,10000,1001,10.84,93,100,4.12,75,0.3,10000,1001,10.84,93,100,4.12,75,0.3,10000,1001,10.84,93,100,4.12,75,0.3,10000,1001,10.84,93,100,4.12,75,0.3,10000,1001,10.84,93,100,4.12,75,0.3,10000,1001,10.84,93,100,4.12,75,0.3,10000,1001,10.84,93,100,4.12,75,0.3,10000,1001,10.84,93,100,4.12,75,0.3,10000,1001,10.84,93,100,4.12,75,0.3,10000,1001,10.84,93,100,4.12,75,0.3,10000
1001,10.84,93,100,4.12,75,0.3,10000,6,0,5,2,1001,10.84,93,100,4.12,75,0.3,10000,1001,10.84,93,100,4.12,75,0.3,10000,1001,10.84,93,100,4.12,75,0.3,10000,1001,10.84,93,100,4.12,75,0.3,10000,1001,10.84,93,100,4.12,75,0.3,10000,1001,10.84,93,100,4.12,75,0.3,10000,1001,10.84,93,100,4.12,75,0.3,10000,1001,10.84,93,100,4.12,75,0.3,10000,1001,10.84,93,100,4.12,75,0.3,10000,1001,10.84,93,100,4.12,75,0.3,10000,1001,10.84,93,100,4.12,75,0.3,10000,1001,10.84,93,100,4.12,75,0.3,10000
1001,10.84,93,100,4.12,75,0.3,10000,7,0,5,2,1001,10.84,93,100,4.12,75,0.3,10000,1001,10.84,93,100,4.12,75,0.3,10000,1001,10.84,93,100,4.12,75,0.3,10000,1001,10.84,93,100,4.12,75,0.3,10000,1001,10.84,93,100,4.12,75,0.3,10000,1001,10.84,93,100,4.12,75,0.3,10000,1001,10.84,93,100,4.12,75,0.3,10000,1001,10.84,93,100,4.12,75,0.3,10000,1001,10.84,93,100,4.12,75,0.3,10000,1001,10.84,93,100,4.12,75,0.3,10000,1001,10.84,93,100,4.12,75,0.3,10000,1001,10.84,93,100,4.12,75,0.3,10000
1001,10.84,93,100,4.12,75,0.3,10000,8,0,5,2,1001,10.84,93,100,4.12,75,0.3,10000,1001,10.84,93,100,4.12,75,0.3,10000,1001,10.84,93,100,4.12,75,0.3,10000,1001,10.84,93,100,4.12,75,0.3,10000,1001,10.84,93,100,4.12,75,0.3,10000,1001,10.84,93,100,4.12,75,0.3,10000,1001,10.84,93,100,4.12,75,0.3,10000,1001,10.84,93,100,4.12,75,0.3,10000,1001,10.84,93,100,4.12,75,0.3,10000,1001,10.84,93,100,4.12,75,0.3,10000,1001,10.84,93,100,4.12,75,0.3,10000,1001,10.84,93,100,4.12,75,0.3,10000
1001,10.84,93,100,4.12,75,0.3,10000,9,0,5,2,1001,10.84,93,100,4.12,75,0.3,10000,1001,10.84,93,100,4.12,75,0.3,10000,1001,10.84,93,100,4.12,75,0.3,10000,1001,10.84,93,100,4.12,75,0.3,10000,1001,10.84,93,100,4.12,75,0.3,10000,1001,10.84,93,100,4.12,75,0.3,10000,1001,10.84,93,100,4.12,75,0.3,10000,1001,10.84,93,100,4.12,75,0.3,10000,1001,10.84,93,100,4.12,75,0.3,10000,1001,10.84,93,100,4.12,75,0.3,10000,1001,10.84,93,100,4.12,75,0.3,10000,1001,10.84,93,100,4.12,75,0.3,10000
1001,10.84,93,100,4.12,75,0.3,10000,10,0,5,2,1001,10.84,93,100,4.12,75,0.3,10000,1001,10.84,93,100,4.12,75,0.3,10000,1001,10.84,93,100,4.12,75,0.3,10000,1001,10.84,93,100,4.12,75,0.3,10000,1001,10.84,93,100,4.12,75,0.3,10000,1001,10.84,93,100,4.12,75,0.3,10000,1001,10.84,93,100,4.12,75,0.3,10000,1001,10.84,93,100,4.12,75,0.3,10000,1001,10.84,93,100,4.12,75,0.3,10000,1001,10.84,93,100,4.12,75,0.3,10000,1001,10.84,93,100,4.12,75,0.3,10000,1001,10.84,93,100,4.12,75,0.3,10000
1001,10.84,93,100,4.12,75,0.3,10000,11,0,5,2,1001,10.84,93,100,4.12,75,0.3,10000,1001,10.84,93,100,4.12,75,0.3,10000,1001,10.84,93,100,4.12,75,0.3,10000,1001,10.84,93,100,4.12,75,0.3,10000,1001,10.84,93,100,4.12,75,0.3,10000,1001,10.84,93,100,4.12,75,0.3,10000,1001,10.84,93,100,4.12,75,0.3,10000,1001,10.84,93,100,4.12,75,0.3,10000,1001,10.84,93,100,4.12,75,0.3,10000,1001,10.84,93,100,4.12,75,0.3,10000,1001,10.84,93,100,4.12,75,0.3,10000,1001,10.84,93,100,4.12,75,0.3,10000
1001,10.84,93,100,4.12,75,0.3,10000,12,0,5,2,1001,10.84,93,100,4.12,75,0.3,10000,1001,10.84,93,100,4.12,75,0.3,10000,1001,10.84,93,100,4.12,75,0.3,10000,1001,10.84,93,100,4.12,75,0.3,10000,1001,10.84,93,100,4.12,75,0.3,10000,1001,10.84,93,100,4.12,75,0.3,10000,1001,10.84,93,100,4.12,75,0.3,10000,1001,10.84,93,100,4.12,75,0.3,10000,1001,10.84,93,100,4.12,75,0.3,10000,1001,10.84,93,100,4.12,75,0.3,10000,1001,10.84,93,100,4.12,75,0.3,10000,1001,10.84,93,100,4.12,75,0.3,10000
1001,10.84,93,100,4.12,75,0.3,10000,13,0,5,2,1001,10.84,93,100,4.12,75,0.3,10000,1001,10.84,93,100,4.12,75,0.3,10000,1001,10.84,93,100,4.12,75,0.3,10000,1001,10.84,93,100,4.12,75,0.3,10000,1001,10.84,93,100,4.12,75,0.3,10000,1001,10.84,93,100,4.12,75,0.3,10000,1001,10.84,93,100,4.12,75,0.3,10000,1001,10.84,93,100,4.12,75,0.3,10000,1001,10.84,93,100,4.12,75,0.3,10000,1001,10.84,93,100,4.12,75,0.3,10000,1001,10.84,93,100,4.12,75,0.3,10000,1001,10.84,93,100,4.12,75,0.3,10000
1001,10.84,93,100,4.12,75,0.3,10000,14,0,5,2,1001,10.84,93,100,4.12,75,0.3,10000,1001,10.84,93,100,4.12,75,0.3,10000,1001,10.84,93,100,4.12,75,0.3,10000,1001,10.84,93,100,4.12,75,0.3,10000,1001,10.84,93,100,4.12,75,0.3,10000,1001,10.84,93,100,4.12,75,0.3,10000,1001,10.84,93,100,4.12,75,0.3,10000,1001,10.84,93,100,4.12,75,0.3,10000,1001,10.84,93,100,4.12,75,0.3,10000,1001,10.84,93,100,4.12,75,0.3,10000,1001,10.84,93,100,4.12,75,0.3,10000,1001,10.84,93,100,4.12,75,0.3,10000
1001,10.84,93,100,4.12,75,0.3,10000,15,0,5,2,1001,10.84,93,100,4.12,75,0.3,10000,1001,10.84,93,100,4.12,75,0.3,10000,1001,10.84,93,100,4.12,75,0.3,10000,1001,10.84,93,100,4.12,75,0.3,10000,1001,10.84,93,100,4.12,75,0.3,10000,1001,10.84,93,100,4.12,75,0.3,10000,1001,10.84,93,100,4.12,75,0.3,10000,1001,10.84,93,100,4.12,75,0.3,10000,1001,10.84,93,100,4.12,75,0.3,10000,1001,10.84,93,100,4.12,75,0.3,10000,1001,10.84,93,100,4.12,75,0.3,10000,1001,10.84,93,100,4.12,75,0.3,10000
1001,10.84,93,100,4.12,75,0.3,10000,16,0,5,2,1001,10.84,93,100,4.12,75,0.3,10000,1001,10.84,93,100,4.12,75,0.3,10000,1001,10.84,93,100,4.12,75,0.3,10000,1001,10.84,93,100,4.12,75,0.3,10000,1001,10.84,93,100,4.12,75,0.3,10000,1001,10.84,93,100,4.12,75,0.3,10000,1001,10.84,93,100,4.12,75,0.3,10000,1001,10.84,93,100,4.12,75,0.3,10000,1001,10.84,93,100,4.12,75,0.3,10000,1001,10.84,93,100,4.12,75,0.3,10000,1001,10.84,93,100,4.12,75,0.3,10000,1001,10.84,93,100,4.12,75,0.3,10000
1001,10.84,93,100,4.12,75,0.3,10000,17,0,5,2,1001,10.84,93,100,4.12,75,0.3,10000,1001,10.84,93,100,4.12,75,0.3,10000,1001,10.84,93,100,4.12,75,0.3,10000,1001,10.84,93,100,4.12,75,0.3,10000,1001,10.84,93,100,4.12,75,0.3,10000,1001,10.84,93,100,4.12,75,0.3,10000,1001,10.84,93,100,4.12,75,0.3,10000,1001,10.84,93,100,4.12,75,0.3,10000,1001,10.84,93,100,4.12,75,0.3,10000,1001,10.84,93,100,4.12,75,0.3,10000,1001,10.84,93,100,4.12,75,0.3,10000,1001,10.84,93,100,4.12,75,0.3,10000
1001,10.84,93,100,4.12,75,0.3,10000,18,0,5,2,1001,10.84,93,100,4.12,75,0.3,10000,1001,10.84,93,100,4.12,75,0.3,10000,1001,10.84,93,100,4.12,75,0.3,10000,1001,10.84,93,100,4.12,75,0.3,10000,1001,10.84,93,100,4.12,75,0.3,10000,1001,10.84,93,100,4.12,75,0.3,10000,1001,10.84,93,100,4.12,75,0.3,10000,1001,10.84,93,100,4.12,75,0.3,10000,1001,10.84,93,100,4.12,75,0.3,10000,1001,10.84,93,100,4.12,75,0.3,10000,1001,10.84,93,100,4.12,75,0.3,10000,1001,10.84,93,100,4.12,75,0.3,10000
1001,10.84,93,100,4.12,75,0.3,10000,19,0,5,2,1001,10.84,93,100,4.12,75,0.3,10000,1001,10.84,93,100,4.12,75,0.3,10000,1001,10.84,93,100,4.12,75,0.3,10000,1001,10.84,93,100,4.12,75,0.3,10000,1001,10.84,93,100,4.12,75,0.3,10000,1001,10.84,93,100,4.12,75,0.3,10000,1001,10.84,93,100,4.12,75,0.3,10000,1001,10.84,93,100,4.12,75,0.3,10000,1001,10.84,93,100,4.12,75,0.3,10000,1001,10.84,93,100,4.12,75,0.3,10000,1001,10.84,93,100,4.12,75,0.3,10000,1001,10.84,93,100,4.12,75,0.3,10000
1001,10.84,93,100,4.12,75,0.3,10000,20,0,5,2,1001,10.84,93,100,4.12,75,0.3,10000,1001,10.84,93,100,4.12,75,0.3,10000,1001,10.84,93,100,4.12,75,0.3,10000,1001,10.84,93,100,4.12,75,0.3,10000,1001,10.84,93,100,4.12,75,0.3,10000,1001,10.84,93,100,4.12,75,0.3,10000,1001,10.84,93,100,4.12,75,0.3,10000,1001,10.84,93,100,4.12,75,0.3,10000,1001,10.84,93,100,4.12,75,0.3,10000,1001,10.84,93,100,4.12,75,0.3,10000,1001,10.84,93,100,4.12,75,0.3,10000,1001,10.84,93,100,4.12,75,0.3,10000
1001,10.84,93,100,4.12,75,0.3,10000,21,0,5,2,1001,10.84,93,100,4.12,75,0.3,10000,1001,10.84,93,100,4.12,75,0.3,10000,1001,10.84,93,100,4.12,75,0.3,10000,1001,10.84,93,100,4.12,75,0.3,10000,1001,10.84,93,100,4.12,75,0.3,10000,1001,10.84,93,100,4.12,75,0.3,10000,1001,10.84,93,100,4.12,75,0.3,10000,1001,10.84,93,100,4.12,75,0.3,10000,1001,10.84,93,100,4.12,75,0.3,10000,1001,10.84,93,100,4.12,75,0.3,10000,1001,10.84,93,100,4.12,75,0.3,10000,1001,10.84,93,100,4.12,75,0.3,10000
1001,10.84,93,100,4.12,75,0.3,10000,22,0,5,2,1001,10.84,93,100,4.12,75,0.3,10000,1001,10.84,93,100,4.12,75,0.3,10000,1001,10.84,93,100,4.12,75,0.3,10000,1001,10.84,93,100,4.12,75,0.3,10000,1001,10.84,93,100,4.12,75,0.3,10000,1001,10.84,93,100,4.12,75,0.3,10000,1001,10.84,93,100,4.12,75,0.3,10000,1001,10.84,93,100,4.12,75,0.3,10000,1001,10.84,93,100,4.12,75,0.3,10000,1001,10.84,93,100,4.12,75,0.3,10000,1001,10.84,93,100,4.12,75,0.3,10000,1001,10.84,93,100,4.12,75,0.3,10000
1001,10.84,93,100,4.12,75,0.3,10000,23,0,5,2,1001,10.84,93,100,4.12,75,0.3,10000,1001,10.84,93,100,4.12,75,0.3,10000,1001,10.84,93,100,4.12,75,0.3,10000,1001,10.84,93,100,4.12,75,0.3,10000,1001,10.84,93,100,4.12,75,0.3,10000,1001,10.84,93,100,4.12,75,0.3,10000,1001,10.84,93,100,4.12,75,0.3,10000,1001,10.84,93,100,4.12,75,0.3,10000,1001,10.84,93,100,4.12,75,0.3,10000,1001,10.84,93,100,4.12,75,0.3,10000,1001,10.84,93,100,4.12,75,0.3,10000,1001,10.84,93,100,4.12,75,0.3,10000
1001,10.84,93,100,4.12,75,0.3,10000,0,0,6,2,1001,10.84,93,100,4.12,75,0.3,10000,1001,10.84,93,100,4.12,75,0.3,10000,1001,10.84,93,100,4.12,75,0.3,10000,1001,10.84,93,100,4.12,75,0.3,10000,1001,10.84,93,100,4.12,75,0.3,10000,1001,10.84,93,100,4.12,75,0.3,10000,1001,10.84,93,100,4.12,75,0.3,10000,1001,10.84,93,100,4.12,75,0.3,10000,1001,10.84,93,100,4.12,75,0.3,10000,1001,10.84,93,100,4.12,75,0.3,10000,1001,10.84,93,100,4.12,75,0.3,10000,1001,10.84,93,100,4.12,75,0.3,10000
1001,10.84,93,100,4.12,75,0.3,10000,1,0,6,2,1001,10.84,93,100,4.12,75,0.3,10000,1001,10.84,93,100,4.12,75,0.3,10000,1001,10.84,93,100,4.12,75,0.3,10000,1001,10.84,93,100,4.12,75,0.3,10000,1001,10.84,93,100,4.12,75,0.3,10000,1001,10.84,93,100,4.12,75,0.3,10000,1001,10.84,93,100,4.12,75,0.3,10000,1001,10.84,93,100,4.12,75,0.3,10000,1001,10.84,93,100,4.12,75,0.3,10000,1001,10.84,93,100,4.12,75,0.3,10000,1001,10.84,93,100,4.12,75,0.3,10000,1001,10.84,93,100,4.12,75,0.3,10000
1001,10.84,93,100,4.12,75,0.3,10000,2,0,6,2,1001,10.84,93,100,4.12,75,0.3,10000,1001,10.84,93,100,4.12,75,0.3,10000,1001,10.84,93,100,4.12,75,0.3,10000,1001,10.84,93,100,4.12,75,0.3,10000,1001,10.84,93,100,4.12,75,0.3,10000,1001,10.84,93,100,4.12,75,0.3,10000,1001,10.84,93,100,4.12,75,0.3,10000,1001,10.84,93,100,4.12,75,0.3,10000,1001,10.84,93,100,4.12,75,0.3,10000,1001,10.84,93,100,4.12,75,0.3,10000,1001,10.84,93,100,4.12,75,0.3,10000,1001,10.84,93,100,4.12,75,0.3,10000
1001,10.84,93,100,4.12,75,0.3,10000,3,0,6,2,1001,10.84,93,100,4.12,75,0.3,10000,1001,10.84,93,100,4.12,75,0.3,10000,1001,10.84,93,100,4.12,75,0.3,10000,1001,10.84,93,100,4.12,75,0.3,10000,1001,10.84,93,100,4.12,75,0.3,10000,1001,10.84,93,100,4.12,75,0.3,10000,1001,10.84,93,100,4.12,75,0.3,10000,1001,10.84,93,100,4.12,75,0.3,10000,1001,10.84,93,100,4.12,75,0.3,10000,1001,10.84,93,100,4.12,75,0.3,10000,1001,10.84,93,100,4.12,75,0.3,10000,1001,10.84,93,100,4.12,75,0.3,10000
1001,10.84,93,100,4.12,75,0.3,10000,4,0,6,2,1001,10.84,93,100,4.12,75,0.3,10000,1001,10.84,93,100,4.12,75,0.3,10000,1001,10.84,93,100,4.12,75,0.3,10000,1001,10.84,93,100,4.12,75,0.3,10000,1001,10.84,93,100,4.12,75,0.3,10000,1001,10.84,93,100,4.12,75,0.3,10000,1001,10.84,93,100,4.12,75,0.3,10000,1001,10.84,93,100,4.12,75,0.3,10000,1001,10.84,93,100,4.12,75,0.3,10000,1001,10.84,93,100,4.12,75,0.3,10000,1001,10.84,93,100,4.12,75,0.3,10000,1001,10.84,93,100,4.12,75,0.3,10000
1001,10.84,93,100,4.12,75,0.3,10000,5,0,6,2,1001,10.84,93,100,4.12,75,0.3,10000,1001,10.84,93,100,4.12,75,0.3,10000,1001,10.84,93,100,4.12,75,0.3,10000,1001,10.84,93,100,4.12,75,0.3,10000,1001,10.84,93,100,4.12,75,0.3,10000,1001,10.84,93,100,4.12,75,0.3,10000,1001,10.84,93,100,4.12,75,0.3,10000,1001,10.84,93,100,4.12,75,0.3,10000,1001,10.84,93,100,4.12,75,0.3,10000,1001,10.84,93,100,4.12,75,0.3,10000,1001,10.84,93,100,4.12,75,0.3,10000,1001,10.84,93,100,4.12,75,0.3,10000
1001,10.84,93,100,4.12,75,0.3,10000,6,0,6,2,1001,10.84,93,100,4.12,75,0.3,10000,1001,10.84,93,100,4.12,75,0.3,10000,1001,10.84,93,100,4.12,75,0.3,10000,1001,10.84,93,100,4.12,75,0.3,10000,1001,10.84,93,100,4.12,75,0.3,10000,1001,10.84,93,100,4.12,75,0.3,10000,1001,10.84,93,100,4.12,75,0.3,10000,1001,10.84,93,100,4.12,75,0.3,10000,1001,10.84,93,100,4.12,75,0.3,10000,1001,10.84,93,100,4.12,75,0.3,10000,1001,10.84,93,100,4.12,75,0.3,10000,1001,10.84,93,100,4.12,75,0.3,10000
1001,10.84,93,100,4.12,75,0.3,10000,7,0,6,2,1001,10.84,93,100,4.12,75,0.3,10000,1001,10.84,93,100,4.12,75,0.3,10000,1001,10.84,93,100,4.12,75,0.3,10000,1001,10.84,93,100,4.12,75,0.3,10000,1001,10.84,93,100,4.12,75,0.3,10000,1001,10.84,93,100,4.12,75,0.3,10000,1001,10.84,93,100,4.12,75,0.3,10000,1001,10.84,93,100,4.12,75,0.3,10000,1001,10.84,93,100,4.12,75,0.3,10000,1001,10.84,93,100,4.12,75,0.3,10000,1001,10.84,93,100,4.12,75,0.3,10000,1001,10.84,93,100,4.12,75,0.3,10000
1001,10.84,93,100,4.12,75,0.3,10000,8,0,6,2,1001,10.84,93,100,4.12,75,0.3,10000,1001,10.84,93,100,4.12,75,0.3,10000,1001,10.84,93,100,4.12,75,0.3,10000,1001,10.84,93,100,4.12,75,0.3,10000,1001,10.84,93,100,4.12,75,0.3,10000,1001,10.84,93,100,4.12,75,0.3,10000,1001,10.84,93,100,4.12,75,0.3,10000,1001,10.84,93,100,4.12,75,0.3,10000,1001,10.84,93,100,4.12,75,0.3,10000,1001,10.84,93,100,4.12,75,0.3,10000,1001,10.84,93,100,4.12,75,0.3,10000,1001,10.84,93,100,4.12,75,0.3,10000
1001,10.84,93,100,4.12,75,0.3,10000,9,0,6,2,1001,10.84,93,100,4.12,75,0.3,10000,1001,10.84,93,100,4.12,75,0.3,10000,1001,10.84,93,100,4.12,75,0.3,10000,1001,10.84,93,100,4.12,75,0.3,10000,1001,10.84,93,100,4.12,75,0.3,10000,1001,10.84,93,100,4.12,75,0.3,10000,1001,10.84,93,100,4.12,75,0.3,10000,1001,10.84,93,100,4.12,75,0.3,10000,1001,10.84,93,100,4.12,75,0.3,10000,1001,10.84,93,100,4.12,75,0.3,10000,1001,10.84,93,100,4.12,75,0.3,10000,1001,10.84,93,100,4.12,75,0.3,10000
1001,10.84,93,100,4.12,75,0.3,10000,10,0,6,2,1001,10.84,93,100,4.12,75,0.3,10000,1001,10.84,93,100,4.12,75,0.3,10000,1001,10.84,93,100,4.12,75,0.3,10000,1001,10.84,93,100,4.12,75,0.3,10000,1001,10.84,93,100,4.12,75,0.3,10000,1001,10.84,93,100,4.12,75,0.3,10000,1001,10.84,93,100,4.12,75,0.3,10000,1001,10.84,93,100,4.12,75,0.3,10000,1001,10.84,93,100,4.12,75,0.3,10000,1001,10.84,93,100,4.12,75,0.3,10000,1001,10.84,93,100,4.12,75,0.3,10000,1001,10.84,93,100,4.12,75,0.3,10000
1001,10.84,93,100,4.12,75,0.3,10000,11,0,6,2,1001,10.84,93,100,4.12,75,0.3,10000,1001,10.84,93,100,4.12,75,0.3,10000,1001,10.84,93,100,4.12,75,0.3,10000,1001,10.84,93,100,4.12,75,0.3,10000,1001,10.84,93,100,4.12,75,0.3,10000,1001,10.84,93,100,4.12,75,0.3,10000,1001,10.84,93,100,4.12,75,0.3,10000,1001,10.84,93,100,4.12,75,0.3,10000,1001,10.84,93,100,4.12,75,0.3,10000,1001,10.84,93,100,4.12,75,0.3,10000,1001,10.84,93,100,4.12,75,0.3,10000,1001,10.84,93,100,4.12,75,0.3,10000
1001,10.84,93,100,4.12,75,0.3,10000,12,0,6,2,1001,10.84,93,100,4.12,75,0.3,10000,1001,10.84,93,100,4.12,75,0.3,10000,1001,10.84,93,100,4.12,75,0.3,10000,1001,10.84,93,100,4.12,75,0.3,10000,1001,10.84,93,100,4.12,75,0.3,10000,1001,10.84,93,100,4.12,75,0.3,10000,1001,10.84,93,100,4.12,75,0.3,10000,1001,10.84,93,100,4.12,75,0.3,10000,1001,10.84,93,100,4.12,75,0.3,10000,1001,10.84,93,100,4.12,75,0.3,10000,1001,10.84,93,100,4.12,75,0.3,10000,1001,10.84,93,100,4.12,75,0.3,10000
1001,10.84,93,100,4.12,75,0.3,10000,13,0,6,2,1001,10.84,93,100,4.12,75,0.3,10000,1001,10.84,93,100,4.12,75,0.3,10000,1001,10.84,93,100,4.12,75,0.3,10000,1001,10.84,93,100,4.12,75,0.3,10000,1001,10.84,93,100,4.12,75,0.3,10000,1001,10.84,93,100,4.12,75,0.3,10000,1001,10.84,93,100,4.12,75,0.3,10000,1001,10.84,93,100,4.12,75,0.3,10000,1001,10.84,93,100,4.12,75,0.3,10000,1001,10.84,93,100,4.12,75,0.3,10000,1001,10.84,93,100,4.12,75,0.3,10000,1001,10.84,93,100,4.12,75,0.3,10000
1001,10.84,93,100,4.12,75,0.3,10000,14,0,6,2,1001,10.84,93,100,4.12,75,0.3,10000,1001,10.84,93,100,4.12,75,0.3,10000,1001,10.84,93,100,4.12,75,0.3,10000,1001,10.84,93,100,4.12,75,0.3,10000,1001,10.84,93,100,4.12,75,0.3,10000,1001,10.84,93,100,4.12,75,0.3,10000,1001,10.84,93,100,4.12,75,0.3,10000,1001,10.84,93,100,4.12,75,0.3,10000,1001,10.84,93,100,4.12,75,0.3,10000,1001,10.84,93,100,4.12,75,0.3,10000,1001,10.84,93,100,4.12,75,0.3,10000,1001,10.84,93,100,4.12,75,0.3,10000
1001,10.84,93,100,4.12,75,0.3,10000,15,0,6,2,1001,10.84,93,100,4.12,75,0.3,10000,1001,10.84,93,100,4.12,75,0.3,10000,1001,10.84,93,100,4.12,75,0.3,10000,1001,10.84,93,100,4.12,75,0.3,10000,1001,10.84,93,100,4.12,75,0.3,10000,1001,10.84,93,100,4.12,75,0.3,10000,1001,10.84,93,100,4.12,75,0.3,10000,1001,10.84,93,100,4.12,75,0.3,10000,1001,10.84,93,100,4.12,75,0.3,10000,1001,10.84,93,100,4.12,75,0.3,10000,1001,10.84,93,100,4.12,75,0.3,10000,1001,10.84,93,100,4.12,75,0.3,10000
1001,10.84,93,100,4.12,75,0.3,10000,16,0,6,2,1001,10.84,93,100,4.12,75,0.3,10000,1001,10.84,93,100,4.12,75,0.3,10000,1001,10.84,93,100,4.12,75,0.3,10000,1001,10.84,93,100,4.12,75,0.3,10000,1001,10.84,93,100,4.12,75,0.3,10000,1001,10.84,93,100,4.12,75,0.3,10000,1001,10.84,93,100,4.12,75,0.3,10000,1001,10.84,93,100,4.12,75,0.3,10000,1001,10.84,93,100,4.12,75,0.3,10000,1001,10.84,93,100,4.12,75,0.3,10000,1001,10.84,93,100,4.12,75,0.3,10000,1001,10.84,93,100,4.12,75,0.3,10000
1001,10.84,93,100,4.12,75,0.3,10000,17,0,6,2,1001,10.84,93,100,4.12,75,0.3,10000,1001,10.84,93,100,4.12,75,0.3,10000,1001,10.84,93,100,4.12,75,0.3,10000,1001,10.84,93,100,4.12,75,0.3,10000,1001,10.84,93,100,4.12,75,0.3,10000,1001,10.84,93,100,4.12,75,0.3,10000,1001,10.84,93,100,4.12,75,0.3,10000,1001,10.84,93,100,4.12,75,0.3,10000,1001,10.84,93,100,4.12,75,0.3,10000,1001,10.84,93,100,4.12,75,0.3,10000,1001,10.84,93,100,4.12,75,0.3,10000,1001,10.84,93,100,4.12,75,0.3,10000
1001,10.84,93,100,4.12,75,0.3,10000,18,0,6,2,1001,10.84,93,100,4.12,75,0.3,10000,1001,10.84,93,100,4.12,75,0.3,10000,1001,10.84,93,100,4.12,75,0.3,10000,1001,10.84,93,100,4.12,75,0.3,10000,1001,10.84,93,100,4.12,75,0.3,10000,1001,10.84,93,100,4.12,75,0.3,10000,1001,10.84,93,100,4.12,75,0.3,10000,1001,10.84,93,100,4.12,75,0.3,10000,1001,10.84,93,100,4.12,75,0.3,10000,1001,10.84,93,100,4.12,75,0.3,10000,1001,10.84,93,100,4.12,75,0.3,10000,1001,10.84,93,100,4.12,75,0.3,10000
1001,10.84,93,100,4.12,75,0.3,10000,19,0,6,2,1001,10.84,93,100,4.12,75,0.3,10000,1001,10.84,93,100,4.12,75,0.3,10000,1001,10.84,93,100,4.12,75,0.3,10000,1001,10.84,93,100,4.12,75,0.3,10000,1001,10.84,93,100,4.12,75,0.3,10000,1001,10.84,93,100,4.12,75,0.3,10000,1001,10.84,93,100,4.12,75,0.3,10000,1001,10.84,93,100,4.12,75,0.3,10000,1001,10.84,93,100,4.12,75,0.3,10000,1001,10.84,93,100,4.12,75,0.3,10000,1001,10.84,93,100,4.12,75,0.3,10000,1001,10.84,93,100,4.12,75,0.3,10000
1001,10.84,93,100,4.12,75,0.3,10000,20,0,6,2,1001,10.84,93,100,4.12,75,0.3,10000,1001,10.84,93,100,4.12,75,0.3,10000,1001,10.84,93,100,4.12,75,0.3,10000,1001,10.84,93,100,4.12,75,0.3,10000,1001,10.84,93,100,4.12,75,0.3,10000,1001,10.84,93,100,4.12,75,0.3,10000,1001,10.84,93,100,4.12,75,0.3,10000,1001,10.84,93,100,4.12,75,0.3,10000,1001,10.84,93,100,4.12,75,0.3,10000,1001,10.84,93,100,4.12,75,0.3,10000,1001,10.84,93,100,4.12,75,0.3,10000,1001,10.84,93,100,4.12,75,0.3,10000
1001,10.84,93,100,4.12,75,0.3,10000,21,0,6,2,1001,10.84,93,100,4.12,75,0.3,10000,1001,10.84,93,100,4.12,75,0.3,10000,1001,10.84,93,100,4.12,75,0.3,10000,1001,10.84,93,100,4.12,75,0.3,10000,1001,10.84,93,100,4.12,75,0.3,10000,1001,10.84,93,100,4.12,75,0.3,10000,1001,10.84,93,100,4.12,75,0.3,10000,1001,10.84,93,100,4.12,75,0.3,10000,1001,10.84,93,100,4.12,75,0.3,10000,1001,10.84,93,100,4.12,75,0.3,10000,1001,10.84,93,100,4.12,75,0.3,10000,1001,10.84,93,100,4.12,75,0.3,10000
1001,10.84,93,100,4.12,75,0.3,10000,22,0,6,2,1001,10.84,93,100,4.12,75,0.3,10000,1001,10.84,93,100,4.12,75,0.3,10000,1001,10.84,93,100,4.12,75,0.3,10000,1001,10.84,93,100,4.12,75,0.3,10000,1001,10.84,93,100,4.12,75,0.3,10000,1001,10.84,93,100,4.12,75,0.3,10000,1001,10.84,93,100,4.12,75,0.3,10000,1001,10.84,93,100,4.12,75,0.3,10000,1001,10.84,93,100,4.12,75,0.3,10000,1001,10.84,93,100,4.12,75,0.3,10000,1001,10.84,93,100,4.12,75,0.3,10000,1001,10.84,93,100,4.12,75,0.3,10000
1001,10.84,93,100,4.12,75,0.3,10000,23,0,6,2,1001,10.84,93,100,4.12,75,0.3,10000,1001,10.84,93,100,4.12,75,0.3,10000,1001,10.84,93,100,4.12,75,0.3,10000,1001,10.84,93,100,4.12,75,0.3,10000,1001,10.84,93,100,4.12,75,0.3,10000,1001,10.84,93,100,4.12,75,0.3,10000,1001,10.84,93,100,4.12,75,0.3,10000,1001,10.84,93,100,4.12,75,0.3,10000,1001,10.84,93,100,4.12,75,0.3,10000,1001,10.84,93,100,4.12,75,0.3,10000,1001,10.84,93,100,4.12,75,0.3,10000,1001,10.84,93,100,4.12,75,0.3,10000
1001,10.84,93,100,4.12,75,0.3,10000,0,0,7,2,1001,10.84,93,100,4.12,75,0.3,10000,1001,10.84,93,100,4.12,75,0.3,10000,1001,10.84,93,100,4.12,75,0.3,10000,1001,10.84,93,100,4.12,75,0.3,10000,1001,10.84,93,100,4.12,75,0.3,10000,1001,10.84,93,100,4.12,75,0.3,10000,1001,10.84,93,100,4.12,75,0.3,10000,1001,10.84,93,100,4.12,75,0.3,10000,1001,10.84,93,100,4.12,75,0.3,10000,1001,10.84,93,100,4.12,75,0.3,10000,1001,10.84,93,100,4.12,75,0.3,10000,1001,10.84,93,100,4.12,75,0.3,10000
1001,10.84,93,100,4.12,75,0.3,10000,1,0,7,2,1001,10.84,93,100,4.12,75,0.3,10000,1001,10.84,93,100,4.12,75,0.3,10000,1001,10.84,93,100,4.12,75,0.3,10000,1001,10.84,93,100,4.12,75,0.3,10000,1001,10.84,93,100,4.12,75,0.3,10000,1001,10.84,93,100,4.12,75,0.3,10000,1001,10.84,93,100,4.12,75,0.3,10000,1001,10.84,93,100,4.12,75,0.3,10000,1001,10.84,93,100,4.12,75,0.3,10000,1001,10.84,93,100,4.12,75,0.3,10000,1001,10.84,93,100,4.12,75,0.3,10000,1001,10.84,93,100,4.12,75,0.3,10000
1001,10.84,93,100,4.12,75,0.3,10000,2,0,7,2,1001,10.84,93,100,4.12,75,0.3,10000,1001,10.84,93,100,4.12,75,0.3,10000,1001,10.84,93,100,4.12,75,0.3,10000,1001,10.84,93,100,4.12,75,0.3,10000,1001,10.84,93,100,4.12,75,0.3,10000,1001,10.84,93,100,4.12,75,0.3,10000,1001,10.84,93,100,4.12,75,0.3,10000,1001,10.84,93,100,4.12,75,0.3,10000,1001,10.84,93,100,4.12,75,0.3,10000,1001,10.84,93,100,4.12,75,0.3,10000,1001,10.84,93,100,4.12,75,0.3,10000,1001,10.84,93,100,4.12,75,0.3,10000
1001,10.84,93,100,4.12,75,0.3,10000,3,0,7,2,1001,10.84,93,100,4.12,75,0.3,10000,1001,10.84,93,100,4.12,75,0.3,10000,1001,10.84,93,100,4.12,75,0.3,10000,1001,10.84,93,100,4.12,75,0.3,10000,1001,10.84,93,100,4.12,75,0.3,10000,1001,10.84,93,100,4.12,75,0.3,10000,1001,10.84,93,100,4.12,75,0.3,10000,1001,10.84,93,100,4.12,75,0.3,10000,1001,10.84,93,100,4.12,75,0.3,10000,1001,10.84,93,100,4.12,75,0.3,10000,1001,10.84,93,100,4.12,75,0.3,10000,1001,10.84,93,100,4.12,75,0.3,10000
1001,10.84,93,100,4.12,75,0.3,10000,4,0,7,2,1001,10.84,93,100,4.12,75,0.3,10000,1001,10.84,93,100,4.12,75,0.3,10000,1001,10.84,93,100,4.12,75,0.3,10000,1001,10.84,93,100,4.12,75,0.3,10000,1001,10.84,93,100,4.12,75,0.3,10000,1001,10.84,93,100,4.12,75,0.3,10000,1001,10.84,93,100,4.12,75,0.3,10000,1001,10.84,93,100,4.12,75,0.3,10000,1001,10.84,93,100,4.12,75,0.3,10000,1001,10.84,93,100,4.12,75,0.3,10000,1001,10.84,93,100,4.12,75,0.3,10000,1001,10.84,93,100,4.12,75,0.3,10000
1001,10.84,93,100,4.12,75,0.3,10000,5,0,7,2,1001,10.84,93,100,4.12,75,0.3,10000,1001,10.84,93,100,4.12,75,0.3,10000,1001,10.84,93,100,4.12,75,0.3,10000,1001,10.84,93,100,4.12,75,0.3,10000,1001,10.84,93,100,4.12,75,0.3,10000,1001,10.84,93,100,4.12,75,0.3,10000,1001,10.84,93,100,4.12,75,0.3,10000,1001,10.84,93,100,4.12,75,0.3,10000,1001,10.84,93,100,4.12,75,0.3,10000,1001,10.84,93,100,4.12,75,0.3,10000,1001,10.84,93,100,4.12,75,0.3,10000,1001,10.84,93,100,4.12,75,0.3,10000
1001,10.84,93,100,4.12,75,0.3,10000,6,0,7,2,1001,10.84,93,100,4.12,75,0.3,10000,1001,10.84,93,100,4.12,75,0.3,10000,1001,10.84,93,100,4.12,75,0.3,10000,1001,10.84,93,100,4.12,75,0.3,10000,1001,10.84,93,100,4.12,75,0.3,10000,1001,10.84,93,100,4.12,75,0.3,10000,1001,10.84,93,100,4.12,75,0.3,10000,1001,10.84,93,100,4.12,75,0.3,10000,1001,10.84,93,100,4.12,75,0.3,10000,1001,10.84,93,100,4.12,75,0.3,10000,1001,10.84,93,100,4.12,75,0.3,10000,1001,10.84,93,100,4.12,75,0.3,10000
1001,10.84,93,100,4.12,75,0.3,10000,7,0,7,2,1001,10.84,93,100,4.12,75,0.3,10000,1001,10.84,93,100,4.12,75,0.3,10000,1001,10.84,93,100,4.12,75,0.3,10000,1001,10.84,93,100,4.12,75,0.3,10000,1001,10.84,93,100,4.12,75,0.3,10000,1001,10.84,93,100,4.12,75,0.3,10000,1001,10.84,93,100,4.12,75,0.3,10000,1001,10.84,93,100,4.12,75,0.3,10000,1001,10.84,93,100,4.12,75,0.3,10000,1001,10.84,93,100,4.12,75,0.3,10000,1001,10.84,93,100,4.12,75,0.3,10000,1001,10.84,93,100,4.12,75,0.3,10000
1001,10.84,93,100,4.12,75,0.3,10000,8,0,7,2,1001,10.84,93,100,4.12,75,0.3,10000,1001,10.84,93,100,4.12,75,0.3,10000,1001,10.84,93,100,4.12,75,0.3,10000,1001,10.84,93,100,4.12,75,0.3,10000,1001,10.84,93,100,4.12,75,0.3,10000,1001,10.84,93,100,4.12,75,0.3,10000,1001,10.84,93,100,4.12,75,0.3,10000,1001,10.84,93,100,4.12,75,0.3,10000,1001,10.84,93,100,4.12,75,0.3,10000,1001,10.84,93,100,4.12,75,0.3,10000,1001,10.84,93,100,4.12,75,0.3,10000,1001,10.84,93,100,4.12,75,0.3,10000
1001,10.84,93,100,4.12,75,0.3,10000,9,0,7,2,1001,10.84,93,100,4.12,75,0.3,10000,1001,10.84,93,100,4.12,75,0.3,10000,1001,10.84,93,100,4.12,75,0.3,10000,1001,10.84,93,100,4.12,75,0.3,10000,1001,10.84,93,100,4.12,75,0.3,10000,1001,10.84,93,100,4.12,75,0.3,10000,1001,10.84,93,100,4.12,75,0.3,10000,1001,10.84,93,100,4.12,75,0.3,10000,1001,10.84,93,100,4.12,75,0.3,10000,1001,10.84,93,100,4.12,75,0.3,10000,1001,10.84,93,100,4.12,75,0.3,10000,1001,10.84,93,100,4.12,75,0.3,10000
1001,10.84,93,100,4.12,75,0.3,10000,10,0,7,2,1001,10.84,93,100,4.12,75,0.3,10000,1001,10.84,93,100,4.12,75,0.3,10000,1001,10.84,93,100,4.12,75,0.3,10000,1001,10.84,93,100,4.12,75,0.3,10000,1001,10.84,93,100,4.12,75,0.3,10000,1001,10.84,93,100,4.12,75,0.3,10000,1001,10.84,93,100,4.12,75,0.3,10000,1001,10.84,93,100,4.12,75,0.3,10000,1001,10.84,93,100,4.12,75,0.3,10000,1001,10.84,93,100,4.12,75,0.3,10000,1001,10.84,93,100,4.12,75,0.3,10000,1001,10.84,93,100,4.12,75,0.3,10000
1001,10.84,93,100,4.12,75,0.3,10000,11,0,7,2,1001,10.84,93,100,4.12,75,0.3,10000,1001,10.84,93,100,4.12,75,0.3,10000,1001,10.84,93,100,4.12,75,0.3,10000,1001,10.84,93,100,4.12,75,0.3,10000,1001,10.84,93,100,4.12,75,0.3,10000,1001,10.84,93,100,4.12,75,0.3,10000,1001,10.84,93,100,4.12,75,0.3,10000,1001,10.84,93,100,4.12,75,0.3,10000,1001,10.84,93,100,4.12,75,0.3,10000,1001,10.84,93,100,4.12,75,0.3,10000,1001,10.84,93,100,4.12,75,0.3,10000,1001,10.84,93,100,4.12,75,0.3,10000
1001,10.84,93,100,4.12,75,0.3,10000,12,0,7,2,1001,10.84,93,100,4.12,75,0.3,10000,1001,10.84,93,100,4.12,75,0.3,10000,1001,10.84,93,100,4.12,75,0.3,10000,1001,10.84,93,100,4.12,75,0.3,10000,1001,10.84,93,100,4.12,75,0.3,10000,1001,10.84,93,100,4.12,75,0.3,10000,1001,10.84,93,100,4.12,75,0.3,10000,1001,10.84,93,100,4.12,75,0.3,10000,1001,10.84,93,100,4.12,75,0.3,10000,1001,10.84,93,100,4.12,75,0.3,10000,1001,10.84,93,100,4.12,75,0.3,10000,1001,10.84,93,100,4.12,75,0.3,10000
1001,10.84,93,100,4.12,75,0.3,10000,13,0,7,2,1001,10.84,93,100,4.12,75,0.3,10000,1001,10.84,93,100,4.12,75,0.3,10000,1001,10.84,93,100,4.12,75,0.3,10000,1001,10.84,93,100,4.12,75,0.3,10000,1001,10.84,93,100,4.12,75,0.3,10000,1001,10.84,93,100,4.12,75,0.3,10000,1001,10.84,93,100,4.12,75,0.3,10000,1001,10.84,93,100,4.12,75,0.3,10000,1001,10.84,93,100,4.12,75,0.3,10000,1001,10.84,93,100,4.12,75,0.3,10000,1001,10.84,93,100,4.12,75,0.3,10000,1001,10.84,93,100,4.12,75,0.3,10000
1001,10.84,93,100,4.12,75,0.3,10000,14,0,7,2,1001,10.84,93,100,4.12,75,0.3,10000,1001,10.84,93,100,4.12,75,0.3,10000,1001,10.84,93,100,4.12,75,0.3,10000,1001,10.84,93,100,4.12,75,0.3,10000,1001,10.84,93,100,4.12,75,0.3,10000,1001,10.84,93,100,4.12,75,0.3,10000,1001,10.84,93,100,4.12,75,0.3,10000,1001,10.84,93,100,4.12,75,0.3,10000,1001,10.84,93,100,4.12,75,0.3,10000,1001,10.84,93,100,4.12,75,0.3,10000,1001,10.84,93,100,4.12,75,0.3,10000,1001,10.84,93,100,4.12,75,0.3,10000
1001,10.84,93,100,4.12,75,0.3,10000,15,0,7,2,1001,10.84,93,100,4.12,75,0.3,10000,1001,10.84,93,100,4.12,75,0.3,10000,1001,10.84,93,100,4.12,75,0.3,10000,1001,10.84,93,100,4.12,75,0.3,10000,1001,10.84,93,100,4.12,75,0.3,10000,1001,10.84,93,100,4.12,75,0.3,10000,1001,10.84,93,100,4.12,75,0.3,10000,1001,10.84,93,100,4.12,75,0.3,10000,1001,10.84,93,100,4.12,75,0.3,10000,1001,10.84,93,100,4.12,75,0.3,10000,1001,10.84,93,100,4.12,75,0.3,10000,1001,10.84,93,100,4.12,75,0.3,10000
1001,10.84,93,100,4.12,75,0.3,10000,16,0,7,2,1001,10.84,93,100,4.12,75,0.3,10000,1001,10.84,93,100,4.12,75,0.3,10000,1001,10.84,93,100,4.12,75,0.3,10000,1001,10.84,93,100,4.12,75,0.3,10000,1001,10.84,93,100,4.12,75,0.3,10000,1001,10.84,93,100,4.12,75,0.3,10000,1001,10.84,93,100,4.12,75,0.3,10000,1001,10.84,93,100,4.12,75,0.3,10000,1001,10.84,93,100,4.12,75,0.3,10000,1001,10.84,93,100,4.12,75,0.3,10000,1001,10.84,93,100,4.12,75,0.3,10000,1001,10.84,93,100,4.12,75,0.3,10000
1001,10.84,93,100,4.12,75,0.3,10000,17,0,7,2,1001,10.84,93,100,4.12,75,0.3,10000,1001,10.84,93,100,4.12,75,0.3,10000,1001,10.84,93,100,4.12,75,0.3,10000,1001,10.84,93,100,4.12,75,0.3,10000,1001,10.84,93,100,4.12,75,0.3,10000,1001,10.84,93,100,4.12,75,0.3,10000,1001,10.84,93,100,4.12,75,0.3,10000,1001,10.84,93,100,4.12,75,0.3,10000,1001,10.84,93,100,4.12,75,0.3,10000,1001,10.84,93,100,4.12,75,0.3,10000,1001,10.84,93,100,4.12,75,0.3,10000,1001,10.84,93,100,4.12,75,0.3,10000
1001,10.84,93,100,4.12,75,0.3,10000,18,0,7,2,1001,10.84,93,100,4.12,75,0.3,10000,1001,10.84,93,100,4.12,75,0.3,10000,1001,10.84,93,100,4.12,75,0.3,10000,1001,10.84,93,100,4.12,75,0.3,10000,1001,10.84,93,100,4.12,75,0.3,10000,1001,10.84,93,100,4.12,75,0.3,10000,1001,10.84,93,100,4.12,75,0.3,10000,1001,10.84,93,100,4.12,75,0.3,10000,1001,10.84,93,100,4.12,75,0.3,10000,1001,10.84,93,100,4.12,75,0.3,10000,1001,10.84,93,100,4.12,75,0.3,10000,1001,10.84,93,100,4.12,75,0.3,10000
1001,10.84,93,100,4.12,75,0.3,10000,19,0,7,2,1001,10.84,93,100,4.12,75,0.3,10000,1001,10.84,93,100,4.12,75,0.3,10000,1001,10.84,93,100,4.12,75,0.3,10000,1001,10.84,93,100,4.12,75,0.3,10000,1001,10.84,93,100,4.12,75,0.3,10000,1001,10.84,93,100,4.12,75,0.3,10000,1001,10.84,93,100,4.12,75,0.3,10000,1001,10.84,93,100,4.12,75,0.3,10000,1001,10.84,93,100,4.12,75,0.3,10000,1001,10.84,93,100,4.12,75,0.3,10000,1001,10.84,93,100,4.12,75,0.3,10000,1001,10.84,93,100,4.12,75,0.3,10000
1001,10.84,93,100,4.12,75,0.3,10000,20,0,7,2,1001,10.84,93,100,4.12,75,0.3,10000,1001,10.84,93,100,4.12,75,0.3,10000,1001,10.84,93,100,4.12,75,0.3,10000,1001,10.84,93,100,4.12,75,0.3,10000,1001,10.84,93,100,4.12,75,0.3,10000,1001,10.84,93,100,4.12,75,0.3,10000,1001,10.84,93,100,4.12,75,0.3,10000,1001,10.84,93,100,4.12,75,0.3,10000,1001,10.84,93,100,4.12,75,0.3,10000,1001,10.84,93,100,4.12,75,0.3,10000,1001,10.84,93,100,4.12,75,0.3,10000,1001,10.84,93,100,4.12,75,0.3,10000
1001,10.84,93,100,4.12,75,0.3,10000,21,0,7,2,1001,10.84,93,100,4.12,75,0.3,10000,1001,10.84,93,100,4.12,75,0.3,10000,1001,10.84,93,100,4.12,75,0.3,10000,1001,10.84,93,100,4.12,75,0.3,10000,1001,10.84,93,100,4.12,75,0.3,10000,1001,10.84,93,100,4.12,75,0.3,10000,1001,10.84,93,100,4.12,75,0.3,10000,1001,10.84,93,100,4.12,75,0.3,10000,1001,10.84,93,100,4.12,75,0.3,10000,1001,10.84,93,100,4.12,75,0.3,10000,1001,10.84,93,100,4.12,75,0.3,10000,1001,10.84,93,100,4.12,75,0.3,10000
1001,10.84,93,100,4.12,75,0.3,10000,22,0,7,2,1001,10.84,93,100,4.12,75,0.3,10000,1001,10.84,93,100,4.12,75,0.3,10000,1001,10.84,93,100,4.12,75,0.3,10000,1001,10.84,93,100,4.12,75,0.3,10000,1001,10.84,93,100,4.12,75,0.3,10000,1001,10.84,93,100,4.12,75,0.3,10000,1001,10.84,93,100,4.12,75,0.3,10000,1001,10.84,93,100,4.12,75,0.3,10000,1001,10.84,93,100,4.12,75,0.3,10000,1001,10.84,93,100,4.12,75,0.3,10000,1001,10.84,93,100,4.12,75,0.3,10000,1001,10.84,93,100,4.12,75,0.3,10000
1001,10.84,93,100,4.12,75,0.3,10000,23,0,7,2,1001,10.84,93,100,4.12,75,0.3,10000,1001,10.84,93,100,4.12,75,0.3,10000,1001,10.84,93,100,4.12,75,0.3,10000,1001,10.84,93,100,4.12,75,0.3,10000,1001,10.84,93,100,4.12,75,0.3,10000,1001,10.84,93,100,4.12,75,0.3,10000,1001,10.84,93,100,4.12,75,0.3,10000,1001,10.84,93,100,4.12,75,0.3,10000,1001,10.84,93,100,4.12,75,0.3,10000,1001,10.84,93,100,4.12,75,0.3,10000,1001,10.84,93,100,4.12,75,0.3,10000,1001,10.84,93,100,4.12,75,0.3,10000
1001,10.84,93,100,4.12,75,0.3,10000,0,0,8,2,1001,10.84,93,100,4.12,75,0.3,10000,1001,10.84,93,100,4.12,75,0.3,10000,1001,10.84,93,100,4.12,75,0.3,10000,1001,10.84,93,100,4.12,75,0.3,10000,1001,10.84,93,100,4.12,75,0.3,10000,1001,10.84,93,100,4.12,75,0.3,10000,1001,10.84,93,100,4.12,75,0.3,10000,1001,10.84,93,100,4.12,75,0.3,10000,1001,10.84,93,100,4.12,75,0.3,10000,1001,10.84,93,100,4.12,75,0.3,10000,1001,10.84,93,100,4.12,75,0.3,10000,1001,10.84,93,100,4.12,75,0.3,10000
1001,10.84,93,100,4.12,75,0.3,10000,1,0,8,2,1001,10.84,93,100,4.12,75,0.3,10000,1001,10.84,93,100,4.12,75,0.3,10000,1001,10.84,93,100,4.12,75,0.3,10000,1001,10.84,93,100,4.12,75,0.3,10000,1001,10.84,93,100,4.12,75,0.3,10000,1001,10.84,93,100,4.12,75,0.3,10000,1001,10.84,93,100,4.12,75,0.3,10000,1001,10.84,93,100,4.12,75,0.3,10000,1001,10.84,93,100,4.12,75,0.3,10000,1001,10.84,93,100,4.12,75,0.3,10000,1001,10.84,93,100,4.12,75,0.3,10000,1001,10.84,93,100,4.12,75,0.3,10000
1001,10.84,93,100,4.12,75,0.3,10000,2,0,8,2,1001,10.84,93,100,4.12,75,0.3,10000,1001,10.84,93,100,4.12,75,0.3,10000,1001,10.84,93,100,4.12,75,0.3,10000,1001,10.84,93,100,4.12,75,0.3,10000,1001,10.84,93,100,4.12,75,0.3,10000,1001,10.84,93,100,4.12,75,0.3,10000,1001,10.84,93,100,4.12,75,0.3,10000,1001,10.84,93,100,4.12,75,0.3,10000,1001,10.84,93,100,4.12,75,0.3,10000,1001,10.84,93,100,4.12,75,0.3,10000,1001,10.84,93,100,4.12,75,0.3,10000,1001,10.84,93,100,4.12,75,0.3,10000
1001,10.84,93,100,4.12,75,0.3,10000,3,0,8,2,1001,10.84,93,100,4.12,75,0.3,10000,1001,10.84,93,100,4.12,75,0.3,10000,1001,10.84,93,100,4.12,75,0.3,10000,1001,10.84,93,100,4.12,75,0.3,10000,1001,10.84,93,100,4.12,75,0.3,10000,1001,10.84,93,100,4.12,75,0.3,10000,1001,10.84,93,100,4.12,75,0.3,10000,1001,10.84,93,100,4.12,75,0.3,10000,1001,10.84,93,100,4.12,75,0.3,10000,1001,10.84,93,100,4.12,75,0.3,10000,1001,10.84,93,100,4.12,75,0.3,10000,1001,10.84,93,100,4.12,75,0.3,10000
1001,10.84,93,100,4.12,75,0.3,10000,4,0,8,2,1001,10.84,93,100,4.12,75,0.3,10000,1001,10.84,93,100,4.12,75,0.3,10000,1001,10.84,93,100,4.12,75,0.3,10000,1001,10.84,93,100,4.12,75,0.3,10000,1001,10.84,93,100,4.12,75,0.3,10000,1001,10.84,93,100,4.12,75,0.3,10000,1001,10.84,93,100,4.12,75,0.3,10000,1001,10.84,93,100,4.12,75,0.3,10000,1001,10.84,93,100,4.12,75,0.3,10000,1001,10.84,93,100,4.12,75,0.3,10000,1001,10.84,93,100,4.12,75,0.3,10000,1001,10.84,93,100,4.12,75,0.3,10000
1001,10.84,93,100,4.12,75,0.3,10000,5,0,8,2,1001,10.84,93,100,4.12,75,0.3,10000,1001,10.84,93,100,4.12,75,0.3,10000,1001,10.84,93,100,4.12,75,0.3,10000,1001,10.84,93,100,4.12,75,0.3,10000,1001,10.84,93,100,4.12,75,0.3,10000,1001,10.84,93,100,4.12,75,0.3,10000,1001,10.84,93,100,4.12,75,0.3,10000,1001,10.84,93,100,4.12,75,0.3,10000,1001,10.84,93,100,4.12,75,0.3,10000,1001,10.84,93,100,4.12,75,0.3,10000,1001,10.84,93,100,4.12,75,0.3,10000,1001,10.84,93,100,4.12,75,0.3,10000
1001,10.84,93,100,4.12,75,0.3,10000,6,0,8,2,1001,10.84,93,100,4.12,75,0.3,10000,1001,10.84,93,100,4.12,75,0.3,10000,1001,10.84,93,100,4.12,75,0.3,10000,1001,10.84,93,100,4.12,75,0.3,10000,1001,10.84,93,100,4.12,75,0.3,10000,1001,10.84,93,100,4.12,75,0.3,10000,1001,10.84,93,100,4.12,75,0.3,10000,1001,10.84,93,100,4.12,75,0.3,10000,1001,10.84,93,100,4.12,75,0.3,10000,1001,10.84,93,100,4.12,75,0.3,10000,1001,10.84,93,100,4.12,75,0.3,10000,1001,10.84,93,100,4.12,75,0.3,10000
1001,10.84,93,100,4.12,75,0.3,10000,7,0,8,2,1001,10.84,93,100,4.12,75,0.3,10000,1001,10.84,93,100,4.12,75,0.3,10000,1001,10.84,93,100,4.12,75,0.3,10000,1001,10.84,93,100,4.12,75,0.3,10000,1001,10.84,93,100,4.12,75,0.3,10000,1001,10.84,93,100,4.12,75,0.3,10000,1001,10.84,93,100,4.12,75,0.3,10000,1001,10.84,93,100,4.12,75,0.3,10000,1001,10.84,93,100,4.12,75,0.3,10000,1001,10.84,93,100,4.12,75,0.3,10000,1001,10.84,93,100,4.12,75,0.3,10000,1001,10.84,93,100,4.12,75,0.3,10000
1001,10.84,93,100,4.12,75,0.3,10000,8,0,8,2,1001,10.84,93,100,4.12,75,0.3,10000,1001,10.84,93,100,4.12,75,0.3,10000,1001,10.84,93,100,4.12,75,0.3,10000,1001,10.84,93,100,4.12,75,0.3,10000,1001,10.84,93,100,4.12,75,0.3,10000,1001,10.84,93,100,4.12,75,0.3,10000,1001,10.84,93,100,4.12,75,0.3,10000,1001,10.84,93,100,4.12,75,0.3,10000,1001,10.84,93,100,4.12,75,0.3,10000,1001,10.84,93,100,4.12,75,0.3,10000,1001,10.84,93,100,4.12,75,0.3,10000,1001,10.84,93,100,4.12,75,0.3,10000
1001,10.84,93,100,4.12,75,0.3,10000,9,0,8,2,1001,10.84,93,100,4.12,75,0.3,10000,1001,10.84,93,100,4.12,75,0.3,10000,1001,10.84,93,100,4.12,75,0.3,10000,1001,10.84,93,100,4.12,75,0.3,10000,1001,10.84,93,100,4.12,75,0.3,10000,1001,10.84,93,100,4.12,75,0.3,10000,1001,10.84,93,100,4.12,75,0.3,10000,1001,10.84,93,100,4.12,75,0.3,10000,1001,10.84,93,100,4.12,75,0.3,10000,1001,10.84,93,100,4.12,75,0.3,10000,1001,10.84,93,100,4.12,75,0.3,10000,1001,10.84,93,100,4.12,75,0.3,10000
1001,10.84,93,100,4.12,75,0.3,10000,10,0,8,2,1001,10.84,93,100,4.12,75,0.3,10000,1001,10.84,93,100,4.12,75,0.3,10000,1001,10.84,93,100,4.12,75,0.3,10000,1001,10.84,93,100,4.12,75,0.3,10000,1001,10.84,93,100,4.12,75,0.3,10000,1001,10.84,93,100,4.12,75,0.3,10000,1001,10.84,93,100,4.12,75,0.3,10000,1001,10.84,93,100,4.12,75,0.3,10000,1001,10.84,93,100,4.12,75,0.3,10000,1001,10.84,93,100,4.12,75,0.3,10000,1001,10.84,93,100,4.12,75,0.3,10000,1001,10.84,93,100,4.12,75,0.3,10000
1001,10.84,93,100,4.12,75,0.3,10000,11,0,8,2,1001,10.84,93,100,4.12,75,0.3,10000,1001,10.84,93,100,4.12,75,0.3,10000,1001,10.84,93,100,4.12,75,0.3,10000,1001,10.84,93,100,4.12,75,0.3,10000,1001,10.84,93,100,4.12,75,0.3,10000,1001,10.84,93,100,4.12,75,0.3,10000,1001,10.84,93,100,4.12,75,0.3,10000,1001,10.84,93,100,4.12,75,0.3,10000,1001,10.84,93,100,4.12,75,0.3,10000,1001,10.84,93,100,4.12,75,0.3,10000,1001,10.84,93,100,4.12,75,0.3,10000,1001,10.84,93,100,4.12,75,0.3,10000
1001,10.84,93,100,4.12,75,0.3,10000,12,0,8,2,1001,10.84,93,100,4.12,75,0.3,10000,1001,10.84,93,100,4.12,75,0.3,10000,1001,10.84,93,100,4.12,75,0.3,10000,1001,10.84,93,100,4.12,75,0.3,10000,1001,10.84,93,100,4.12,75,0.3,10000,1001,10.84,93,100,4.12,75,0.3,10000,1001,10.84,93,100,4.12,75,0.3,10000,1001,10.84,93,100,4.12,75,0.3,10000,1001,10.84,93,100,4.12,75,0.3,10000,1001,10.84,93,100,4.12,75,0.3,10000,1001,10.84,93,100,4.12,75,0.3,10000,1001,10.84,93,100,4.12,75,0.3,10000
1001,10.84,93,100,4.12,75,0.3,10000,13,0,8,2,1001,10.84,93,100,4.12,75,0.3,10000,1001,10.84,93,100,4.12,75,0.3,10000,1001,10.84,93,100,4.12,75,0.3,10000,1001,10.84,93,100,4.12,75,0.3,10000,1001,10.84,93,100,4.12,75,0.3,10000,1001,10.84,93,100,4.12,75,0.3,10000,1001,10.84,93,100,4.12,75,0.3,10000,1001,10.84,93,100,4.12,75,0.3,10000,1001,10.84,93,100,4.12,75,0.3,10000,1001,10.84,93,100,4.12,75,0.3,10000,1001,10.84,93,100,4.12,75,0.3,10000,1001,10.84,93,100,4.12,75,0.3,10000
1001,10.84,93,100,4.12,75,0.3,10000,14,0,8,2,1001,10.84,93,100,4.12,75,0.3,10000,1001,10.84,93,100,4.12,75,0.3,10000,1001,10.84,93,100,4.12,75,0.3,10000,1001,10.84,93,100,4.12,75,0.3,10000,1001,10.84,93,100,4.12,75,0.3,10000,1001,10.84,93,100,4.12,75,0.3,10000,1001,10.84,93,100,4.12,75,0.3,10000,1001,10.84,93,100,4.12,75,0.3,10000,1001,10.84,93,100,4.12,75,0.3,10000,1001,10.84,93,100,4.12,75,0.3,10000,1001,10.84,93,100,4.12,75,0.3,10000,1001,10.84,93,100,4.12,75,0.3,10000
1001,10.84,93,100,4.12,75,0.3,10000,15,0,8,2,1001,10.84,93,100,4.12,75,0.3,10000,1001,10.84,93,100,4.12,75,0.3,10000,1001,10.84,93,100,4.12,75,0.3,10000,1001,10.84,93,100,4.12,75,0.3,10000,1001,10.84,93,100,4.12,75,0.3,10000,1001,10.84,93,100,4.12,75,0.3,10000,1001,10.84,93,100,4.12,75,0.3,10000,1001,10.84,93,100,4.12,75,0.3,10000,1001,10.84,93,100,4.12,75,0.3,10000,1001,10.84,93,100,4.12,75,0.3,10000,1001,10.84,93,100,4.12,75,0.3,10000,1001,10.84,93,100,4.12,75,0.3,10000
1001,10.84,93,100,4.12,75,0.3,10000,16,0,8,2,1001,10.84,93,100,4.12,75,0.3,10000,1001,10.84,93,100,4.12,75,0.3,10000,1001,10.84,93,100,4.12,75,0.3,10000,1001,10.84,93,100,4.12,75,0.3,10000,1001,10.84,93,100,4.12,75,0.3,10000,1001,10.84,93,100,4.12,75,0.3,10000,1001,10.84,93,100,4.12,75,0.3,10000,1001,10.84,93,100,4.12,75,0.3,10000,1001,10.84,93,100,4.12,75,0.3,10000,1001,10.84,93,100,4.12,75,0.3,10000,1001,10.84,93,100,4.12,75,0.3,10000,1001,10.84,93,100,4.12,75,0.3,10000
1001,10.84,93,100,4.12,75,0.3,10000,17,0,8,2,1001,10.84,93,100,4.12,75,0.3,10000,1001,10.84,93,100,4.12,75,0.3,10000,1001,10.84,93,100,4.12,75,0.3,10000,1001,10.84,93,100,4.12,75,0.3,10000,1001,10.84,93,100,4.12,75,0.3,10000,1001,10.84,93,100,4.12,75,0.3,10000,1001,10.84,93,100,4.12,75,0.3,10000,1001,10.84,93,100,4.12,75,0.3,10000,1001,10.84,93,100,4.12,75,0.3,10000,1001,10.84,93,100,4.12,75,0.3,10000,1001,10.84,93,100,4.12,75,0.3,10000,1001,10.84,93,100,4.12,75,0.3,10000
1001,10.84,93,100,4.12,75,0.3,10000,18,0,8,2,1001,10.84,93,100,4.12,75,0.3,10000,1001,10.84,93,100,4.12,75,0.3,10000,1001,10.84,93,100,4.12,75,0.3,10000,1001,10.84,93,100,4.12,75,0.3,10000,1001,10.84,93,100,4.12,75,0.3,10000,1001,10.84,93,100,4.12,75,0.3,10000,1001,10.84,93,100,4.12,75,0.3,10000,1001,10.84,93,100,4.12,75,0.3,10000,1001,10.84,93,100,4.12,75,0.3,10000,1001,10.84,93,100,4.12,75,0.3,10000,1001,10.84,93,100,4.12,75,0.3,10000,1001,10.84,93,100,4.12,75,0.3,10000
1001,10.84,93,100,4.12,75,0.3,10000,19,0,8,2,1001,10.84,93,100,4.12,75,0.3,10000,1001,10.84,93,100,4.12,75,0.3,10000,1001,10.84,93,100,4.12,75,0.3,10000,1001,10.84,93,100,4.12,75,0.3,10000,1001,10.84,93,100,4.12,75,0.3,10000,1001,10.84,93,100,4.12,75,0.3,10000,1001,10.84,93,100,4.12,75,0.3,10000,1001,10.84,93,100,4.12,75,0.3,10000,1001,10.84,93,100,4.12,75,0.3,10000,1001,10.84,93,100,4.12,75,0.3,10000,1001,10.84,93,100,4.12,75,0.3,10000,1001,10.84,93,100,4.12,75,0.3,10000
1001,10.84,93,100,4.12,75,0.3,10000,20,0,8,2,1001,10.84,93,100,4.12,75,0.3,10000,1001,10.84,93,100,4.12,75,0.3,10000,1001,10.84,93,100,4.12,75,0.3,10000,1001,10.84,93,100,4.12,75,0.3,10000,1001,10.84,93,100,4.12,75,0.3,10000,1001,10.84,93,100,4.12,75,0.3,10000,1001,10.84,93,100,4.12,75,0.3,10000,1001,10.84,93,100,4.12,75,0.3,10000,1001,10.84,93,100,4.12,75,0.3,10000,1001,10.84,93,100,4.12,75,0.3,10000,1001,10.84,93,100,4.12,75,0.3,10000,1001,10.84,93,100,4.12,75,0.3,10000
1001,10.84,93,100,4.12,75,0.3,10000,21,0,8,2,1001,10.84,93,100,4.12,75,0.3,10000,1001,10.84,93,100,4.12,75,0.3,10000,1001,10.84,93,100,4.12,75,0.3,10000,1001,10.84,93,100,4.12,75,0.3,10000,1001,10.84,93,100,4.12,75,0.3,10000,1001,10.84,93,100,4.12,75,0.3,10000,1001,10.84,93,100,4.12,75,0.3,10000,1001,10.84,93,100,4.12,75,0.3,10000,1001,10.84,93,100,4.12,75,0.3,10000,1001,10.84,93,100,4.12,75,0.3,10000,1001,10.84,93,100,4.12,75,0.3,10000,1001,10.84,93,100,4.12,75,0.3,10000
1001,10.84,93,100,4.12,75,0.3,10000,22,0,8,2,1001,10.84,93,100,4.12,75,0.3,10000,1001,10.84,93,100,4.12,75,0.3,10000,1001,10.84,93,100,4.12,75,0.3,10000,1001,10.84,93,100,4.12,75,0.3,10000,1001,10.84,93,100,4.12,75,0.3,10000,1001,10.84,93,100,4.12,75,0.3,10000,1001,10.84,93,100,4.12,75,0.3,10000,1001,10.84,93,100,4.12,75,0.3,10000,1001,10.84,93,100,4.12,75,0.3,10000,1001,10.84,93,100,4.12,75,0.3,10000,1001,10.84,93,100,4.12,75,0.3,10000,1001,10.84,93,100,4.12,75,0.3,10000
1001,10.84,93,100,4.12,75,0.3,10000,23,0,8,2,1001,10.84,93,100,4.12,75,0.3,10000,1001,10.84,93,100,4.12,75,0.3,10000,1001,10.84,93,100,4.12,75,0.3,10000,1001,10.84,93,100,4.12,75,0.3,10000,1001,10.84,93,100,4.12,75,0.3,10000,1001,10.84,93,100,4.12,75,0.3,10000,1001,10.84,93,100,4.12,75,0.3,10000,1001,10.84,93,100,4.12,75,0.3,10000,1001,10.84,93,100,4.12,75,0.3,10000,1001,10.84,93,100,4.12,75,0.3,10000,1001,10.84,93,100,4.12,75,0.3,10000,1001,10.84,93,100,4.12,75,0.3,10000
1001,10.84,93,100,4.12,75,0.3,10000,0,0,9,2,1001,10.84,93,100,4.12,75,0.3,10000,1001,10.84,93,100,4.12,75,0.3,10000,1001,10.84,93,100,4.12,75,0.3,10000,1001,10.84,93,100,4.12,75,0.3,10000,1001,10.84,93,100,4.12,75,0.3,10000,1001,10.84,93,100,4.12,75,0.3,10000,1001,10.84,93,100,4.12,75,0.3,10000,1001,10.84,93,100,4.12,75,0.3,10000,1001,10.84,93,100,4.12,75,0.3,10000,1001,10.84,93,100,4.12,75,0.3,10000,1001,10.84,93,100,4.12,75,0.3,10000,1001,10.84,93,100,4.12,75,0.3,10000
1001,10.84,93,100,4.12,75,0.3,10000,1,0,9,2,1001,10.84,93,100,4.12,75,0.3,10000,1001,10.84,93,100,4.12,75,0.3,10000,1001,10.84,93,100,4.12,75,0.3,10000,1001,10.84,93,100,4.12,75,0.3,10000,1001,10.84,93,100,4.12,75,0.3,10000,1001,10.84,93,100,4.12,75,0.3,10000,1001,10.84,93,100,4.12,75,0.3,10000,1001,10.84,93,100,4.12,75,0.3,10000,1001,10.84,93,100,4.12,75,0.3,10000,1001,10.84,93,100,4.12,75,0.3,10000,1001,10.84,93,100,4.12,75,0.3,10000,1001,10.84,93,100,4.12,75,0.3,10000
1001,10.84,93,100,4.12,75,0.3,10000,2,0,9,2,1001,10.84,93,100,4.12,75,0.3,10000,1001,10.84,93,100,4.12,75,0.3,10000,1001,10.84,93,100,4.12,75,0.3,10000,1001,10.84,93,100,4.12,75,0.3,10000,1001,10.84,93,100,4.12,75,0.3,10000,1001,10.84,93,100,4.12,75,0.3,10000,1001,10.84,93,100,4.12,75,0.3,10000,1001,10.84,93,100,4.12,75,0.3,10000,1001,10.84,93,100,4.12,75,0.3,10000,1001,10.84,93,100,4.12,75,0.3,10000,1001,10.84,93,100,4.12,75,0.3,10000,1001,10.84,93,100,4.12,75,0.3,10000
1001,10.84,93,100,4.12,75,0.3,10000,3,0,9,2,1001,10.84,93,100,4.12,75,0.3,10000,1001,10.84,93,100,4.12,75,0.3,10000,1001,10.84,93,100,4.12,75,0.3,10000,1001,10.84,93,100,4.12,75,0.3,10000,1001,10.84,93,100,4.12,75,0.3,10000,1001,10.84,93,100,4.12,75,0.3,10000,1001,10.84,93,100,4.12,75,0.3,10000,1001,10.84,93,100,4.12,75,0.3,10000,1001,10.84,93,100,4.12,75,0.3,10000,1001,10.84,93,100,4.12,75,0.3,10000,1001,10.84,93,100,4.12,75,0.3,10000,1001,10.84,93,100,4.12,75,0.3,10000
1001,10.84,93,100,4.12,75,0.3,10000,4,0,9,2,1001,10.84,93,100,4.12,75,0.3,10000,1001,10.84,93,100,4.12,75,0.3,10000,1001,10.84,93,100,4.12,75,0.3,10000,1001,10.84,93,100,4.12,75,0.3,10000,1001,10.84,93,100,4.12,75,0.3,10000,1001,10.84,93,100,4.12,75,0.3,10000,1001,10.84,93,100,4.12,75,0.3,10000,1001,10.84,93,100,4.12,75,0.3,10000,1001,10.84,93,100,4.12,75,0.3,10000,1001,10.84,93,100,4.12,75,0.3,10000,1001,10.84,93,100,4.12,75,0.3,10000,1001,10.84,93,100,4.12,75,0.3,10000
1001,10.84,93,100,4.12,75,0.3,10000,5,0,9,2,1001,10.84,93,100,4.12,75,0.3,10000,1001,10.84,93,100,4.12,75,0.3,10000,1001,10.84,93,100,4.12,75,0.3,10000,1001,10.84,93,100,4.12,75,0.3,10000,1001,10.84,93,100,4.12,75,0.3,10000,1001,10.84,93,100,4.12,75,0.3,10000,1001,10.84,93,100,4.12,75,0.3,10000,1001,10.84,93,100,4.12,75,0.3,10000,1001,10.84,93,100,4.12,75,0.3,10000,1001,10.84,93,100,4.12,75,0.3,10000,1001,10.84,93,100,4.12,75,0.3,10000,1001,10.84,93,100,4.12,75,0.3,10000
1001,10.84,93,100,4.12,75,0.3,10000,6,0,9,2,1001,10.84,93,100,4.12,75,0.3,10000,1001,10.84,93,100,4.12,75,0.3,10000,1001,10.84,93,100,4.12,75,0.3,10000,1001,10.84,93,100,4.12,75,0.3,10000,1001,10.84,93,100,4.12,75,0.3,10000,1001,10.84,93,100,4.12,75,0.3,10000,1001,10.84,93,100,4.12,75,0.3,10000,1001,10.84,93,100,4.12,75,0.3,10000,1001,10.84,93,100,4.12,75,0.3,10000,1001,10.84,93,100,4.12,75,0.3,10000,1001,10.84,93,100,4.12,75,0.3,10000,1001,10.84,93,100,4.12,75,0.3,10000
1001,10.84,93,100,4.12,75,0.3,10000,7,0,9,2,1001,10.84,93,100,4.12,75,0.3,10000,1001,10.84,93,100,4.12,75,0.3,10000,1001,10.84,93,100,4.12,75,0.3,10000,1001,10.84,93,100,4.12,75,0.3,10000,1001,10.84,93,100,4.12,75,0.3,10000,1001,10.84,93,100,4.12,75,0.3,10000,1001,10.84,93,100,4.12,75,0.3,10000,1001,10.84,93,100,4.12,75,0.3,10000,1001,10.84,93,100,4.12,75,0.3,10000,1001,10.84,93,100,4.12,75,0.3,10000,1001,10.84,93,100,4.12,75,0.3,10000,1001,10.84,93,100,4.12,75,0.3,10000
1001,10.84,93,100,4.12,75,0.3,10000,8,0,9,2,1001,10.84,93,100,4.12,75,0.3,10000,1001,10.84,93,100,4.12,75,0.3,10000,1001,10.84,93,100,4.12,75,0.3,10000,1001,10.84,93,100,4.12,75,0.3,10000,1001,10.84,93,100,4.12,75,0.3,10000,1001,10.84,93,100,4.12,75,0.3,10000,1001,10.84,93,100,4.12,75,0.3,10000,1001,10.84,93,100,4.12,75,0.3,10000,1001,10.84,93,100,4.12,75,0.3,10000,1001,10.84,93,100,4.12,75,0.3,10000,1001,10.84,93,100,4.12,75,0.3,10000,1001,10.84,93,100,4.12,75,0.3,10000
1001,10.84,93,100,4.12,75,0.3,10000,9,0,9,2,1001,10.84,93,100,4.12,75,0.3,10000,1001,10.84,93,100,4.12,75,0.3,10000,1001,10.84,93,100,4.12,75,0.3,10000,1001,10.84,93,100,4.12,75,0.3,10000,1001,10.84,93,100,4.12,75,0.3,10000,1001,10.84,93,100,4.12,75,0.3,10000,1001,10.84,93,100,4.12,75,0.3,10000,1001,10.84,93,100,4.12,75,0.3,10000,1001,10.84,93,100,4.12,75,0.3,10000,1001,10.84,93,100,4.12,75,0.3,10000,1001,10.84,93,100,4.12,75,0.3,10000,1001,10.84,93,100,4.12,75,0.3,10000
1001,10.84,93,100,4.12,75,0.3,10000,10,0,9,2,1001,10.84,93,100,4.12,75,0.3,10000,1001,10.84,93,100,4.12,75,0.3,10000,1001,10.84,93,100,4.12,75,0.3,10000,1001,10.84,93,100,4.12,75,0.3,10000,1001,10.84,93,100,4.12,75,0.3,10000,1001,10.84,93,100,4.12,75,0.3,10000,1001,10.84,93,100,4.12,75,0.3,10000,1001,10.84,93,100,4.12,75,0.3,10000,1001,10.84,93,100,4.12,75,0.3,10000,1001,10.84,93,100,4.12,75,0.3,10000,1001,10.84,93,100,4.12,75,0.3,10000,1001,10.84,93,100,4.12,75,0.3,10000
1001,10.84,93,100,4.12,75,0.3,10000,11,0,9,2,1001,10.84,93,100,4.12,75,0.3,10000,1001,10.84,93,100,4.12,75,0.3,10000,1001,10.84,93,100,4.12,75,0.3,10000,1001,10.84,93,100,4.12,75,0.3,10000,1001,10.84,93,100,4.12,75,0.3,10000,1001,10.84,93,100,4.12,75,0.3,10000,1001,10.84,93,100,4.12,75,0.3,10000,1001,10.84,93,100,4.12,75,0.3,10000,1001,10.84,93,100,4.12,75,0.3,10000,1001,10.84,93,100,4.12,75,0.3,10000,1001,10.84,93,100,4.12,75,0.3,10000,1001,10.84,93,100,4.12,75,0.3,10000
1001,10.84,93,100,4.12,75,0.3,10000,12,0,9,2,1001,10.84,93,100,4.12,75,0.3,10000,1001,10.84,93,100,4.12,75,0.3,10000,1001,10.84,93,100,4.12,75,0.3,10000,1001,10.84,93,100,4.12,75,0.3,10000,1001,10.84,93,100,4.12,75,0.3,10000,1001,10.84,93,100,4.12,75,0.3,10000,1001,10.84,93,100,4.12,75,0.3,10000,1001,10.84,93,100,4.12,75,0.3,10000,1001,10.84,93,100,4.12,75,0.3,10000,1001,10.84,93,100,4.12,75,0.3,10000,1001,10.84,93,100,4.12,75,0.3,10000,1001,10.84,93,100,4.12,75,0.3,10000
1001,10.84,93,100,4.12,75,0.3,10000,13,0,9,2,1001,10.84,93,100,4.12,75,0.3,10000,1001,10.84,93,100,4.12,75,0.3,10000,1001,10.84,93,100,4.12,75,0.3,10000,1001,10.84,93,100,4.12,75,0.3,10000,1001,10.84,93,100,4.12,75,0.3,10000,1001,10.84,93,100,4.12,75,0.3,10000,1001,10.84,93,100,4.12,75,0.3,10000,1001,10.84,93,100,4.12,75,0.3,10000,1001,10.84,93,100,4.12,75,0.3,10000,1001,10.84,93,100,4.12,75,0.3,10000,1001,10.84,93,100,4.12,75,0.3,10000,1001,10.84,93,100,4.12,75,0.3,10000
1001,10.84,93,100,4.12,75,0.3,10000,14,0,9,2,1001,10.84,93,100,4.12,75,0.3,10000,1001,10.84,93,100,4.12,75,0.3,10000,1001,10.84,93,100,4.12,75,0.3,10000,1001,10.84,93,100,4.12,75,0.3,10000,1001,10.84,93,100,4.12,75,0.3,10000,1001,10.84,93,100,4.12,75,0.3,10000,1001,10.84,93,100,4.12,75,0.3,10000,1001,10.84,93,100,4.12,75,0.3,10000,1001,10.84,93,100,4.12,75,0.3,10000,1001,10.84,93,100,4.12,75,0.3,10000,1001,10.84,93,100,4.12,75,0.3,10000,1001,10.84,93,100,4.12,75,0.3,10000
1001,10.84,93,100,4.12,75,0.3,10000,15,0,9,2,1001,10.84,93,100,4.12,75,0.3,10000,1001,10.84,93,100,4.12,75,0.3,10000,1001,10.84,93,100,4.12,75,0.3,10000,1001,10.84,93,100,4.12,75,0.3,10000,1001,10.84,93,100,4.12,75,0.3,10000,1001,10.84,93,100,4.12,75,0.3,10000,1001,10.84,93,100,4.12,75,0.3,10000,1001,10.84,93,100,4.12,75,0.3,10000,1001,10.84,93,100,4.12,75,0.3,10000,1001,10.84,93,100,4.12,75,0.3,10000,1001,10.84,93,100,4.12,75,0.3,10000,1001,10.84,93,100,4.12,75,0.3,10000
1001,10.84,93,100,4.12,75,0.3,10000,16,0,9,2,1001,10.84,93,100,4.12,75,0.3,10000,1001,10.84,93,100,4.12,75,0.3,10000,1001,10.84,93,100,4.12,75,0.3,10000,1001,10.84,93,100,4.12,75,0.3,10000,1001,10.84,93,100,4.12,75,0.3,10000,1001,10.84,93,100,4.12,75,0.3,10000,1001,10.84,93,100,4.12,75,0.3,10000,1001,10.84,93,100,4.12,75,0.3,10000,1001,10.84,93,100,4.12,75,0.3,10000,1001,10.84,93,100,4.12,75,0.3,10000,1001,10.84,93,100,4.12,75,0.3,10000,1001,10.84,93,100,4.12,75,0.3,10000
1001,10.84,93,100,4.12,75,0.3,10000,17,0,9,2,1001,10.84,93,100,4.12,75,0.3,10000,1001,10.84,93,100,4.12,75,0.3,10000,1001,10.84,93,100,4.12,75,0.3,10000,1001,10.84,93,100,4.12,75,0.3,10000,1001,10.84,93,100,4.12,75,0.3,10000,1001,10.84,93,100,4.12,75,0.3,10000,1001,10.84,93,100,4.12,75,0.3,10000,1001,10.84,93,100,4.12,75,0.3,10000,1001,10.84,93,100,4.12,75,0.3,10000,1001,10.84,93,100,4.12,75,0.3,10000,1001,10.84,93,100,4.12,75,0.3,10000,1001,10.84,93,100,4.12,75,0.3,10000
1001,10.84,93,100,4.12,75,0.3,10000,18,0,9,2,1001,10.84,93,100,4.12,75,0.3,10000,1001,10.84,93,100,4.12,75,0.3,10000,1001,10.84,93,100,4.12,75,0.3,10000,1001,10.84,93,100,4.12,75,0.3,10000,1001,10.84,93,100,4.12,75,0.3,10000,1001,10.84,93,100,4.12,75,0.3,10000,1001,10.84,93,100,4.12,75,0.3,10000,1001,10.84,93,100,4.12,75,0.3,10000,1001,10.84,93,100,4.12,75,0.3,10000,1001,10.84,93,100,4.12,75,0.3,10000,1001,10.84,93,100,4.12,75,0.3,10000,1001,10.84,93,100,4.12,75,0.3,10000
1001,10.84,93,100,4.12,75,0.3,10000,19,0,9,2,1001,10.84,93,100,4.12,75,0.3,10000,1001,10.84,93,100,4.12,75,0.3,10000,1001,10.84,93,100,4.12,75,0.3,10000,1001,10.84,93,100,4.12,75,0.3,10000,1001,10.84,93,100,4.12,75,0.3,10000,1001,10.84,93,100,4.12,75,0.3,10000,1001,10.84,93,100,4.12,75,0.3,10000,1001,10.84,93,100,4.12,75,0.3,10000,1001,10.84,93,100,4.12,75,0.3,10000,1001,10.84,93,100,4.12,75,0.3,10000,1001,10.84,93,100,4.12,75,0.3,10000,1001,10.84,93,100,4.12,75,0.3,10000
1001,10.84,93,100,4.12,75,0.3,10000,20,0,9,2,1001,10.84,93,100,4.12,75,0.3,10000,1001,10.84,93,100,4.12,75,0.3,10000,1001,10.84,93,100,4.12,75,0.3,10000,1001,10.84,93,100,4.12,75,0.3,10000,1001,10.84,93,100,4.12,75,0.3,10000,1001,10.84,93,100,4.12,75,0.3,10000,1001,10.84,93,100,4.12,75,0.3,10000,1001,10.84,93,100,4.12,75,0.3,10000,1001,10.84,93,100,4.12,75,0.3,10000,1001,10.84,93,100,4.12,75,0.3,10000,1001,10.84,93,100,4.12,75,0.3,10000,1001,10.84,93,100,4.12,75,0.3,10000
1001,10.84,93,100,4.12,75,0.3,10000,21,0,9,2,1001,10.84,93,100,4.12,75,0.3,10000,1001,10.84,93,100,4.12,75,0.3,10000,1001,10.84,93,100,4.12,75,0.3,10000,1001,10.84,93,100,4.12,75,0.3,10000,1001,10.84,93,100,4.12,75,0.3,10000,1001,10.84,93,100,4.12,75,0.3,10000,1001,10.84,93,100,4.12,75,0.3,10000,1001,10.84,93,100,4.12,75,0.3,10000,1001,10.84,93,100,4.12,75,0.3,10000,1001,10.84,93,100,4.12,75,0.3,10000,1001,10.84,93,100,4.12,75,0.3,10000,1001,10.84,93,100,4.12,75,0.3,10000
1001,10.84,93,100,4.12,75,0.3,10000,22,0,9,2,1001,10.84,93,100,4.12,75,0.3,10000,1001,10.84,93,100,4.12,75,0.3,10000,1001,10.84,93,100,4.12,75,0.3,10000,1001,10.84,93,100,4.12,75,0.3,10000,1001,10.84,93,100,4.12,75,0.3,10000,1001,10.84,93,100,4.12,75,0.3,10000,1001,10.84,93,100,4.12,75,0.3,10000,1001,10.84,93,100,4.12,75,0.3,10000,1001,10.84,93,100,4.12,75,0.3,10000,1001,10.84,93,100,4.12,75,0.3,10000,1001,10.84,93,100,4.12,75,0.3,10000,1001,10.84,93,100,4.12,75,0.3,10000
1001,10.84,93,100,4.12,75,0.3,10000,23,0,9,2,1001,10.84,93,100,4.12,75,0.3,10000,1001,10.84,93,100,4.12,75,0.3,10000,1001,10.84,93,100,4.12,75,0.3,10000,1001,10.84,93,100,4.12,75,0.3,10000,1001,10.84,93,100,4.12,75,0.3,10000,1001,10.84,93,100,4.12,75,0.3,10000,1001,10.84,93,100,4.12,75,0.3,10000,1001,10.84,93,100,4.12,75,0.3,10000,1001,10.84,93,100,4.12,75,0.3,10000,1001,10.84,93,100,4.12,75,0.3,10000,1001,10.84,93,100,4.12,75,0.3,10000,1001,10.84,93,100,4.12,75,0.3,10000
1001,10.84,93,100,4.12,75,0.3,10000,0,0,10,2,1001,10.84,93,100,4.12,75,0.3,10000,1001,10.84,93,100,4.12,75,0.3,10000,1001,10.84,93,100,4.12,75,0.3,10000,1001,10.84,93,100,4.12,75,0.3,10000,1001,10.84,93,100,4.12,75,0.3,10000,1001,10.84,93,100,4.12,75,0.3,10000,1001,10.84,93,100,4.12,75,0.3,10000,1001,10.84,93,100,4.12,75,0.3,10000,1001,10.84,93,100,4.12,75,0.3,10000,1001,10.84,93,100,4.12,75,0.3,10000,1001,10.84,93,100,4.12,75,0.3,10000,1001,10.84,93,100,4.12,75,0.3,10000
1001,10.84,93,100,4.12,75,0.3,10000,1,0,10,2,1001,10.84,93,100,4.12,75,0.3,10000,1001,10.84,93,100,4.12,75,0.3,10000,1001,10.84,93,100,4.12,75,0.3,10000,1001,10.84,93,100,4.12,75,0.3,10000,1001,10.84,93,100,4.12,75,0.3,10000,1001,10.84,93,100,4.12,75,0.3,10000,1001,10.84,93,100,4.12,75,0.3,10000,1001,10.84,93,100,4.12,75,0.3,10000,1001,10.84,93,100,4.12,75,0.3,10000,1001,10.84,93,100,4.12,75,0.3,10000,1001,10.84,93,100,4.12,75,0.3,10000,1001,10.84,93,100,4.12,75,0.3,10000
1001,10.84,93,100,4.12,75,0.3,10000,2,0,10,2,1001,10.84,93,100,4.12,75,0.3,10000,1001,10.84,93,100,4.12,75,0.3,10000,1001,10.84,93,100,4.12,75,0.3,10000,1001,10.84,93,100,4.12,75,0.3,10000,1001,10.84,93,100,4.12,75,0.3,10000,1001,10.84,93,100,4.12,75,0.3,10000,1001,10.84,93,100,4.12,75,0.3,10000,1001,10.84,93,100,4.12,75,0.3,10000,1001,10.84,93,100,4.12,75,0.3,10000,1001,10.84,93,100,4.12,75,0.3,10000,1001,10.84,93,100,4.12,75,0.3,10000,1001,10.84,93,100,4.12,75,0.3,10000
1001,10.84,93,100,4.12,75,0.3,10000,3,0,10,2,1001,10.84,93,100,4.12,75,0.3,10000,1001,10.84,93,100,4.12,75,0.3,10000,1001,10.84,93,100,4.12,75,0.3,10000,1001,10.84,93,100,4.12,75,0.3,10000,1001,10.84,93,100,4.12,75,0.3,10000,1001,10.84,93,100,4.12,75,0.3,10000,1001,10.84,93,100,4.12,75,0.3,10000,1001,10.84,93,100,4.12,75,0.3,10000,1001,10.84,93,100,4.12,75,0.3,10000,1001,10.84,93,100,4.12,75,0.3,10000,1001,10.84,93,100,4.12,75,0.3,10000,1001,10.84,93,100,4.12,75,0.3,10000
1001,10.84,93,100,4.12,75,0.3,10000,4,0,10,2,1001,10.84,93,100,4.12,75,0.3,10000,1001,10.84,93,100,4.12,75,0.3,10000,1001,10.84,93,100,4.12,75,0.3,10000,1001,10.84,93,100,4.12,75,0.3,10000,1001,10.84,93,100,4.12,75,0.3,10000,1001,10.84,93,100,4.12,75,0.3,10000,1001,10.84,93,100,4.12,75,0.3,10000,1001,10.84,93,100,4.12,75,0.3,10000,1001,10.84,93,100,4.12,75,0.3,10000,1001,10.84,93,100,4.12,75,0.3,10000,1001,10.84,93,100,4.12,75,0.3,10000,1001,10.84,93,100,4.12,75,0.3,10000
1001,10.84,93,100,4.12,75,0.3,10000,5,0,10,2,1001,10.84,93,100,4.12,75,0.3,10000,1001,10.84,93,100,4.12,75,0.3,10000,1001,10.84,93,100,4.12,75,0.3,10000,1001,10.84,93,100,4.12,75,0.3,10000,1001,10.84,93,100,4.12,75,0.3,10000,1001,10.84,93,100,4.12,75,0.3,10000,1001,10.84,93,100,4.12,75,0.3,10000,1001,10.84,93,100,4.12,75,0.3,10000,1001,10.84,93,100,4.12,75,0.3,10000,1001,10.84,93,100,4.12,75,0.3,10000,1001,10.84,93,100,4.12,75,0.3,10000,1001,10.84,93,100,4.12,75,0.3,10000
1001,10.84,93,100,4.12,75,0.3,10000,6,0,10,2,1001,10.84,93,100,4.12,75,0.3,10000,1001,10.84,93,100,4.12,75,0.3,10000,1001,10.84,93,100,4.12,75,0.3,10000,1001,10.84,93,100,4.12,75,0.3,10000,1001,10.84,93,100,4.12,75,0.3,10000,1001,10.84,93,100,4.12,75,0.3,10000,1001,10.84,93,100,4.12,75,0.3,10000,1001,10.84,93,100,4.12,75,0.3,10000,1001,10.84,93,100,4.12,75,0.3,10000,1001,10.84,93,100,4.12,75,0.3,10000,1001,10.84,93,100,4.12,75,0.3,10000,1001,10.84,93,100,4.12,75,0.3,10000
1001,10.84,93,100,4.12,75,0.3,10000,7,0,10,2,1001,10.84,93,100,4.12,75,0.3,10000,1001,10.84,93,100,4.12,75,0.3,10000,1001,10.84,93,100,4.12,75,0.3,10000,1001,10.84,93,100,4.12,75,0.3,10000,1001,10.84,93,100,4.12,75,0.3,10000,1001,10.84,93,100,4.12,75,0.3,10000,1001,10.84,93,100,4.12,75,0.3,10000,1001,10.84,93,100,4.12,75,0.3,10000,1001,10.84,93,100,4.12,75,0.3,10000,1001,10.84,93,100,4.12,75,0.3,10000,1001,10.84,93,100,4.12,75,0.3,10000,1001,10.84,93,100,4.12,75,0.3,10000
1001,10.84,93,100,4.12,75,0.3,10000,8,0,10,2,1001,10.84,93,100,4.12,75,0.3,10000,1001,10.84,93,100,4.12,75,0.3,10000,1001,10.84,93,100,4.12,75,0.3,10000,1001,10.84,93,100,4.12,75,0.3,10000,1001,10.84,93,100,4.12,75,0.3,10000,1001,10.84,93,100,4.12,75,0.3,10000,1001,10.84,93,100,4.12,75,0.3,10000,1001,10.84,93,100,4.12,75,0.3,10000,1001,10.84,93,100,4.12,75,0.3,10000,1001,10.84,93,100,4.12,75,0.3,10000,1001,10.84,93,100,4.12,75,0.3,10000,1001,10.84,93,100,4.12,75,0.3,10000
1001,10.84,93,100,4.12,75,0.3,10000,9,0,10,2,1001,10.84,93,100,4.12,75,0.3,10000,1001,10.84,93,100,4.12,75,0.3,10000,1001,10.84,93,100,4.12,75,0.3,10000,1001,10.84,93,100,4.12,75,0.3,10000,1001,10.84,93,100,4.12,75,0.3,10000,1001,10.84,93,100,4.12,75,0.3,10000,1001,10.84,93,100,4.12,75,0.3,10000,1001,10.84,93,100,4.12,75,0.3,10000,1001,10.84,93,100,4.12,75,0.3,10000,1001,10.84,93,100,4.12,75,0.3,10000,1001,10.84,93,100,4.12,75,0.3,10000,1001,10.84,93,100,4.12,75,0.3,10000
1001,10.84,93,100,4.12,75,0.3,10000,10,0,10,2,1001,10.84,93,100,4.12,75,0.3,10000,1001,10.84,93,100,4.12,75,0.3,10000,1001,10.84,93,100,4.12,75,0.3,10000,1001,10.84,93,100,4.12,75,0.3,10000,1001,10.84,93,100,4.12,75,0.3,10000,1001,10.84,93,100,4.12,75,0.3,10000,1001,10.84,93,100,4.12,75,0.3,10000,1001,10.84,93,100,4.12,75,0.3,10000,1001,10.84,93,100,4.12,75,0.3,10000,1001,10.84,93,100,4.12,75,0.3,10000,1001,10.84,93,100,4.12,75,0.3,10000,1001,10.84,93,100,4.12,75,0.3,10000
1001,10.84,93,100,4.12,75,0.3,10000,11,0,10,2,1001,10.84,93,100,4.12,75,0.3,10000,1001,10.84,93,100,4.12,75,0.3,10000,1001,10.84,93,100,4.12,75,0.3,10000,1001,10.84,93,100,4.12,75,0.3,10000,1001,10.84,93,100,4.12,75,0.3,10000,1001,10.84,93,100,4.12,75,0.3,10000,1001,10.84,93,100,4.12,75,0.3,10000,1001,10.84,93,100,4.12,75,0.3,10000,1001,10.84,93,100,4.12,75,0.3,10000,1001,10.84,93,100,4.12,75,0.3,10000,1001,10.84,93,100,4.12,75,0.3,10000,1001,10.84,93,100,4.12,75,0.3,10000
1001,10.84,93,100,4.12,75,0.3,10000,12,0,10,2,1001,10.84,93,100,4.12,75,0.3,10000,1001,10.84,93,100,4.12,75,0.3,10000,1001,10.84,93,100,4.12,75,0.3,10000,1001,10.84,93,100,4.12,75,0.3,10000,1001,10.84,93,100,4.12,75,0.3,10000,1001,10.84,93,100,4.12,75,0.3,10000,1001,10.84,93,100,4.12,75,0.3,10000,1001,10.84,93,100,4.12,75,0.3,10000,1001,10.84,93,100,4.12,75,0.3,10000,1001,10.84,93,100,4.12,75,0.3,10000,1001,10.84,93,100,4.12,75,0.3,10000,1001,10.84,93,100,4.12,75,0.3,10000
1001,10.84,93,100,4.12,75,0.3,10000,13,0,10,2,1001,10.84,93,100,4.12,75,0.3,10000,1001,10.84,93,100,4.12,75,0.3,10000,1001,10.84,93,100,4.12,75,0.3,10000,1001,10.84,93,100,4.12,75,0.3,10000,1001,10.84,93,100,4.12,75,0.3,10000,1001,10.84,93,100,4.12,75,0.3,10000,1001,10.84,93,100,4.12,75,0.3,10000,1001,10.84,93,100,4.12,75,0.3,10000,1001,10.84,93,100,4.12,75,0.3,10000,1001,10.84,93,100,4.12,75,0.3,10000,1001,10.84,93,100,4.12,75,0.3,10000,1001,10.84,93,100,4.12,75,0.3,10000
1001,10.84,93,100,4.12,75,0.3,10000,14,0,10,2,1001,10.84,93,100,4.12,75,0.3,10000,1001,10.84,93,100,4.12,75,0.3,10000,1001,10.84,93,100,4.12,75,0.3,10000,1001,10.84,93,100,4.12,75,0.3,10000,1001,10.84,93,100,4.12,75,0.3,10000,1001,10.84,93,100,4.12,75,0.3,10000,1001,10.84,93,100,4.12,75,0.3,10000,1001,10.84,93,100,4.12,75,0.3,10000,1001,10.84,93,100,4.12,75,0.3,10000,1001,10.84,93,100,4.12,75,0.3,10000,1001,10.84,93,100,4.12,75,0.3,10000,1001,10.84,93,100,4.12,75,0.3,10000
1001,10.84,93,100,4.12,75,0.3,10000,15,0,10,2,1001,10.84,93,100,4.12,75,0.3,10000,1001,10.84,93,100,4.12,75,0.3,10000,1001,10.84,93,100,4.12,75,0.3,10000,1001,10.84,93,100,4.12,75,0.3,10000,1001,10.84,93,100,4.12,75,0.3,10000,1001,10.84,93,100,4.12,75,0.3,10000,1001,10.84,93,100,4.12,75,0.3,10000,1001,10.84,93,100,4.12,75,0.3,10000,1001,10.84,93,100,4.12,75,0.3,10000,1001,10.84,93,100,4.12,75,0.3,10000,1001,10.84,93,100,4.12,75,0.3,10000,1001,10.84,93,100,4.12,75,0.3,10000
1001,10.84,93,100,4.12,75,0.3,10000,16,0,10,2,1001,10.84,93,100,4.12,75,0.3,10000,1001,10.84,93,100,4.12,75,0.3,10000,1001,10.84,93,100,4.12,75,0.3,10000,1001,10.84,93,100,4.12,75,0.3,10000,1001,10.84,93,100,4.12,75,0.3,10000,1001,10.84,93,100,4.12,75,0.3,10000,1001,10.84,93,100,4.12,75,0.3,10000,1001,10.84,93,100,4.12,75,0.3,10000,1001,10.84,93,100,4.12,75,0.3,10000,1001,10.84,93,100,4.12,75,0.3,10000,1001,10.84,93,100,4.12,75,0.3,10000,1001,10.84,93,100,4.12,75,0.3,10000
1001,10.84,93,100,4.12,75,0.3,10000,17,0,10,2,1001,10.84,93,100,4.12,75,0.3,10000,1001,10.84,93,100,4.12,75,0.3,10000,1001,10.84,93,100,4.12,75,0.3,10000,1001,10.84,93,100,4.12,75,0.3,10000,1001,10.84,93,100,4.12,75,0.3,10000,1001,10.84,93,100,4.12,75,0.3,10000,1001,10.84,93,100,4.12,75,0.3,10000,1001,10.84,93,100,4.12,75,0.3,10000,1001,10.84,93,100,4.12,75,0.3,10000,1001,10.84,93,100,4.12,75,0.3,10000,1001,10.84,93,100,4.12,75,0.3,10000,1001,10.84,93,100,4.12,75,0.3,10000
1001,10.84,93,100,4.12,75,0.3,10000,18,0,10,2,1001,10.84,93,100,4.12,75,0.3,10000,1001,10.84,93,100,4.12,75,0.3,10000,1001,10.84,93,100,4.12,75,0.3,10000,1001,10.84,93,100,4.12,75,0.3,10000,1001,10.84,93,100,4.12,75,0.3,10000,1001,10.84,93,100,4.12,75,0.3,10000,1001,10.84,93,100,4.12,75,0.3,10000,1001,10.84,93,100,4.12,75,0.3,10000,1001,10.84,93,100,4.12,75,0.3,10000,1001,10.84,93,100,4.12,75,0.3,10000,1001,10.84,93,100,4.12,75,0.3,10000,1001,10.84,93,100,4.12,75,0.3,10000
1001,10.84,93,100,4.12,75,0.3,10000,19,0,10,2,1001,10.84,93,100,4.12,75,0.3,10000,1001,10.84,93,100,4.12,75,0.3,10000,1001,10.84,93,100,4.12,75,0.3,10000,1001,10.84,93,100,4.12,75,0.3,10000,1001,10.84,93,100,4.12,75,0.3,10000,1001,10.84,93,100,4.12,75,0.3,10000,1001,10.84,93,100,4.12,75,0.3,10000,1001,10.84,93,100,4.12,75,0.3,10000,1001,10.84,93,100,4.12,75,0.3,10000,1001,10.84,93,100,4.12,75,0.3,10000,1001,10.84,93,100,4.12,75,0.3,10000,1001,10.84,93,100,4.12,75,0.3,10000
1001,10.84,93,100,4.12,75,0.3,10000,20,0,10,2,1001,10.84,93,100,4.12,75,0.3,10000,1001,10.84,93,100,4.12,75,0.3,10000,1001,10.84,93,100,4.12,75,0.3,10000,1001,10.84,93,100,4.12,75,0.3,10000,1001,10.84,93,100,4.12,75,0.3,10000,1001,10.84,93,100,4.12,75,0.3,10000,1001,10.84,93,100,4.12,75,0.3,10000,1001,10.84,93,100,4.12,75,0.3,10000,1001,10.84,93,100,4.12,75,0.3,10000,1001,10.84,93,100,4.12,75,0.3,10000,1001,10.84,93,100,4.12,75,0.3,10000,1001,10.84,93,100,4.12,75,0.3,10000
1001,10.84,93,100,4.12,75,0.3,10000,21,0,10,2,1001,10.84,93,100,4.12,75,0.3,10000,1001,10.84,93,100,4.12,75,0.3,10000,1001,10.84,93,100,4.12,75,0.3,10000,1001,10.84,93,100,4.12,75,0.3,10000,1001,10.84,93,100,4.12,75,0.3,10000,1001,10.84,93,100,4.12,75,0.3,10000,1001,10.84,93,100,4.12,75,0.3,10000,1001,10.84,93,100,4.12,75,0.3,10000,1001,10.84,93,100,4.12,75,0.3,10000,1001,10.84,93,100,4.12,75,0.3,10000,1001,10.84,93,100,4.12,75,0.3,10000,1001,10.84,93,100,4.12,75,0.3,10000
1001,10.84,93,100,4.12,75,0.3,10000,22,0,10,2,1001,10.84,93,100,4.12,75,0.3,10000,1001,10.84,93,100,4.12,75,0.3,10000,1001,10.84,93,100,4.12,75,0.3,10000,1001,10.84,93,100,4.12,75,0.3,10000,1001,10.84,93,100,4.12,75,0.3,10000,1001,10.84,93,100,4.12,75,0.3,10000,1001,10.84,93,100,4.12,75,0.3,10000,1001,10.84,93,100,4.12,75,0.3,10000,1001,10.84,93,100,4.12,75,0.3,10000,1001,10.84,93,100,4.12,75,0.3,10000,1001,10.84,93,100,4.12,75,0.3,10000,1001,10.84,93,100,4.12,75,0.3,10000
1001,10.84,93,100,4.12,75,0.3,10000,23,0,10,2,1001,10.84,93,100,4.12,75,0.3,10000,1001,10.84,93,100,4.12,75,0.3,10000,1001,10.84,93,100,4.12,75,0.3,10000,1001,10.84,93,100,4.12,75,0.3,10000,1001,10.84,93,100,4.12,75,0.3,10000,1001,10.84,93,100,4.12,75,0.3,10000,1001,10.84,93,100,4.12,75,0.3,10000,1001,10.84,93,100,4.12,75,0.3,10000,1001,10.84,93,100,4.12,75,0.3,10000,1001,10.84,93,100,4.12,75,0.3,10000,1001,10.84,93,100,4.12,75,0.3,10000,1001,10.84,93,100,4.12,75,0.3,10000
1001,10.84,93,100,4.12,75,0.3,10000,0,0,11,2,1001,10.84,93,100,4.12,75,0.3,10000,1001,10.84,93,100,4.12,75,0.3,10000,1001,10.84,93,100,4.12,75,0.3,10000,1001,10.84,93,100,4.12,75,0.3,10000,1001,10.84,93,100,4.12,75,0.3,10000,1001,10.84,93,100,4.12,75,0.3,10000,1001,10.84,93,100,4.12,75,0.3,10000,1001,10.84,93,100,4.12,75,0.3,10000,1001,10.84,93,100,4.12,75,0.3,10000,1001,10.84,93,100,4.12,75,0.3,10000,1001,10.84,93,100,4.12,75,0.3,10000,1001,10.84,93,100,4.12,75,0.3,10000
1001,10.84,93,100,4.12,75,0.3,10000,1,0,11,2,1001,10.84,93,100,4.12,75,0.3,10000,1001,10.84,93,100,4.12,75,0.3,10000,1001,10.84,93,100,4.12,75,0.3,10000,1001,10.84,93,100,4.12,75,0.3,10000,1001,10.84,93,100,4.12,75,0.3,10000,1001,10.84,93,100,4.12,75,0.3,10000,1001,10.84,93,100,4.12,75,0.3,10000,1001,10.84,93,100,4.12,75,0.3,10000,1001,10.84,93,100,4.12,75,0.3,10000,1001,10.84,93,100,4.12,75,0.3,10000,1001,10.84,93,100,4.12,75,0.3,10000,1001,10.84,93,100,4.12,75,0.3,10000
1001,10.84,93,100,4.12,75,0.3,10000,2,0,11,2,1001,10.84,93,100,4.12,75,0.3,10000,1001,10.84,93,100,4.12,75,0.3,10000,1001,10.84,93,100,4.12,75,0.3,10000,1001,10.84,93,100,4.12,75,0.3,10000,1001,10.84,93,100,4.12,75,0.3,10000,1001,10.84,93,100,4.12,75,0.3,10000,1001,10.84,93,100,4.12,75,0.3,10000,1001,10.84,93,100,4.12,75,0.3,10000,1001,10.84,93,100,4.12,75,0.3,10000,1001,10.84,93,100,4.12,75,0.3,10000,1001,10.84,93,100,4.12,75,0.3,10000,1001,10.84,93,100,4.12,75,0.3,10000
1001,10.84,93,100,4.12,75,0.3,10000,3,0,11,2,1001,10.84,93,100,4.12,75,0.3,10000,1001,10.84,93,100,4.12,75,0.3,10000,1001,10.84,93,100,4.12,75,0.3,10000,1001,10.84,93,100,4.12,75,0.3,10000,1001,10.84,93,100,4.12,75,0.3,10000,1001,10.84,93,100,4.12,75,0.3,10000,1001,10.84,93,100,4.12,75,0.3,10000,1001,10.84,93,100,4.12,75,0.3,10000,1001,10.84,93,100,4.12,75,0.3,10000,1001,10.84,93,100,4.12,75,0.3,10000,1001,10.84,93,100,4.12,75,0.3,10000,1001,10.84,93,100,4.12,75,0.3,10000
1001,10.84,93,100,4.12,75,0.3,10000,4,0,11,2,1001,10.84,93,100,4.12,75,0.3,10000,1001,10.84,93,100,4.12,75,0.3,10000,1001,10.84,93,100,4.12,75,0.3,10000,1001,10.84,93,100,4.12,75,0.3,10000,1001,10.84,93,100,4.12,75,0.3,10000,1001,10.84,93,100,4.12,75,0.3,10000,1001,10.84,93,100,4.12,75,0.3,10000,1001,10.84,93,100,4.12,75,0.3,10000,1001,10.84,93,100,4.12,75,0.3,10000,1001,10.84,93,100,4.12,75,0.3,10000,1001,10.84,93,100,4.12,75,0.3,10000,1001,10.84,93,100,4.12,75,0.3,10000
1001,10.84,93,100,4.12,75,0.3,10000,5,0,11,2,1001,10.84,93,100,4.12,75,0.3,10000,1001,10.84,93,100,4.12,75,0.3,10000,1001,10.84,93,100,4.12,75,0.3,10000,1001,10.84,93,100,4.12,75,0.3,10000,1001,10.84,93,100,4.12,75,0.3,10000,1001,10.84,93,100,4.12,75,0.3,10000,1001,10.84,93,100,4.12,75,0.3,10000,1001,10.84,93,100,4.12,75,0.3,10000,1001,10.84,93,100,4.12,75,0.3,10000,1001,10.84,93,100,4.12,75,0.3,10000,1001,10.84,93,100,4.12,75,0.3,10000,1001,10.84,93,100,4.12,75,0.3,10000
1001,10.84,93,100,4.12,75,0.3,10000,6,0,11,2,1001,10.84,93,100,4.12,75,0.3,10000,1001,10.84,93,100,4.12,75,0.3,10000,1001,10.84,93,100,4.12,75,0.3,10000,1001,10.84,93,100,4.12,75,0.3,10000,1001,10.84,93,100,4.12,75,0.3,10000,1001,10.84,93,100,4.12,75,0.3,10000,1001,10.84,93,100,4.12,75,0.3,10000,1001,10.84,93,100,4.12,75,0.3,10000,1001,10.84,93,100,4.12,75,0.3,10000,1001,10.84,93,100,4.12,75,0.3,10000,1001,10.84,93,100,4.12,75,0.3,10000,1001,10.84,93,100,4.12,75,0.3,10000
1001,10.84,93,100,4.12,75,0.3,10000,7,0,11,2,1001,10.84,93,100,4.12,75,0.3,10000,1001,10.84,93,100,4.12,75,0.3,10000,1001,10.84,93,100,4.12,75,0.3,10000,1001,10.84,93,100,4.12,75,0.3,10000,1001,10.84,93,100,4.12,75,0.3,10000,1001,10.84,93,100,4.12,75,0.3,10000,1001,10.84,93,100,4.12,75,0.3,10000,1001,10.84,93,100,4.12,75,0.3,10000,1001,10.84,93,100,4.12,75,0.3,10000,1001,10.84,93,100,4.12,75,0.3,10000,1001,10.84,93,100,4.12,75,0.3,10000,1001,10.84,93,100,4.12,75,0.3,10000
1001,10.84,93,100,4.12,75,0.3,10000,8,0,11,2,1001,10.84,93,100,4.12,75,0.3,10000,1001,10.84,93,100,4.12,75,0.3,10000,1001,10.84,93,100,4.12,75,0.3,10000,1001,10.84,93,100,4.12,75,0.3,10000,1001,10.84,93,100,4.12,75,0.3,10000,1001,10.84,93,100,4.12,75,0.3,10000,1001,10.84,93,100,4.12,75,0.3,10000,1001,10.84,93,100,4.12,75,0.3,10000,1001,10.84,93,100,4.12,75,0.3,10000,1001,10.84,93,100,4.12,75,0.3,10000,1001,10.84,93,100,4.12,75,0.3,10000,1001,10.84,93,100,4.12,75,0.3,10000
1001,10.84,93,100,4.12,75,0.3,10000,9,0,11,2,1001,10.84,93,100,4.12,75,0.3,10000,1001,10.84,93,100,4.12,75,0.3,10000,1001,10.84,93,100,4.12,75,0.3,10000,1001,10.84,93,100,4.12,75,0.3,10000,1001,10.84,93,100,4.12,75,0.3,10000,1001,10.84,93,100,4.12,75,0.3,10000,1001,10.84,93,100,4.12,75,0.3,10000,1001,10.84,93,100,4.12,75,0.3,10000,1001,10.84,93,100,4.12,75,0.3,10000,1001,10.84,93,100,4.12,75,0.3,10000,1001,10.84,93,100,4.12,75,0.3,10000,1001,10.84,93,100,4.12,75,0.3,10000
1001,10.84,93,100,4.12,75,0.3,10000,10,0,11,2,1001,10.84,93,100,4.12,75,0.3,10000,1001,10.84,93,100,4.12,75,0.3,10000,1001,10.84,93,100,4.12,75,0.3,10000,1001,10.84,93,100,4.12,75,0.3,10000,1001,10.84,93,100,4.12,75,0.3,10000,1001,10.84,93,100,4.12,75,0.3,10000,1001,10.84,93,100,4.12,75,0.3,10000,1001,10.84,93,100,4.12,75,0.3,10000,1001,10.84,93,100,4.12,75,0.3,10000,1001,10.84,93,100,4.12,75,0.3,10000,1001,10.84,93,100,4.12,75,0.3,10000,1001,10.84,93,100,4.12,75,0.3,10000
1001,10.84,93,100,4.12,75,0.3,10000,11,0,11,2,1001,10.84,93,100,4.12,75,0.3,10000,1001,10.84,93,100,4.12,75,0.3,10000,1001,10.84,93,100,4.12,75,0.3,10000,1001,10.84,93,100,4.12,75,0.3,10000,1001,10.84,93,100,4.12,75,0.3,10000,1001,10.84,93,100,4.12,75,0.3,10000,1001,10.84,93,100,4.12,75,0.3,10000,1001,10.84,93,100,4.12,75,0.3,10000,1001,10.84,93,100,4.12,75,0.3,10000,1001,10.84,93,100,4.12,75,0.3,10000,1001,10.84,93,100,4.12,75,0.3,10000,1001,10.84,93,100,4.12,75,0.3,10000
1001,10.84,93,100,4.12,75,0.3,10000,12,0,11,2,1001,10.84,93,100,4.12,75,0.3,10000,1001,10.84,93,100,4.12,75,0.3,10000,1001,10.84,93,100,4.12,75,0.3,10000,1001,10.84,93,100,4.12,75,0.3,10000,1001,10.84,93,100,4.12,75,0.3,10000,1001,10.84,93,100,4.12,75,0.3,10000,1001,10.84,93,100,4.12,75,0.3,10000,1001,10.84,93,100,4.12,75,0.3,10000,1001,10.84,93,100,4.12,75,0.3,10000,1001,10.84,93,100,4.12,75,0.3,10000,1001,10.84,93,100,4.12,75,0.3,10000,1001,10.84,93,100,4.12,75,0.3,10000
1001,10.84,93,100,4.12,75,0.3,10000,13,0,11,2,1001,10.84,93,100,4.12,75,0.3,10000,1001,10.84,93,100,4.12,75,0.3,10000,1001,10.84,93,100,4.12,75,0.3,10000,1001,10.84,93,100,4.12,75,0.3,10000,1001,10.84,93,100,4.12,75,0.3,10000,1001,10.84,93,100,4.12,75,0.3,10000,1001,10.84,93,100,4.12,75,0.3,10000,1001,10.84,93,100,4.12,75,0.3,10000,1001,10.84,93,100,4.12,75,0.3,10000,1001,10.84,93,100,4.12,75,0.3,10000,1001,10.84,93,100,4.12,75,0.3,10000,1001,10.84,93,100,4.12,75,0.3,10000
1001,10.84,93,100,4.12,75,0.3,10000,14,0,11,2,1001,10.84,93,100,4.12,75,0.3,10000,1001,10.84,93,100,4.12,75,0.3,10000,1001,10.84,93,100,4.12,75,0.3,10000,1001,10.84,93,100,4.12,75,0.3,10000,1001,10.84,93,100,4.12,75,0.3,10000,1001,10.84,93,100,4.12,75,0.3,10000,1001,10.84,93,100,4.12,75,0.3,10000,1001,10.84,93,100,4.12,75,0.3,10000,1001,10.84,93,100,4.12,75,0.3,10000,1001,10.84,93,100,4.12,75,0.3,10000,1001,10.84,93,100,4.12,75,0.3,10000,1001,10.84,93,100,4.12,75,0.3,10000
1001,10.84,93,100,4.12,75,0.3,10000,15,0,11,2,1001,10.84,93,100,4.12,75,0.3,10000,1001,10.84,93,100,4.12,75,0.3,10000,1001,10.84,93,100,4.12,75,0.3,10000,1001,10.84,93,100,4.12,75,0.3,10000,1001,10.84,93,100,4.12,75,0.3,10000,1001,10.84,93,100,4.12,75,0.3,10000,1001,10.84,93,100,4.12,75,0.3,10000,1001,10.84,93,100,4.12,75,0.3,10000,1001,10.84,93,100,4.12,75,0.3,10000,1001,10.84,93,100,4.12,75,0.3,10000,1001,10.84,93,100,4.12,75,0.3,10000,1001,10.84,93,100,4.12,75,0.3,10000
1001,10.84,93,100,4.12,75,0.3,10000,16,0,11,2,1001,10.84,93,100,4.12,75,0.3,10000,1001,10.84,93,100,4.12,75,0.3,10000,1001,10.84,93,100,4.12,75,0.3,10000,1001,10.84,93,100,4.12,75,0.3,10000,1001,10.84,93,100,4.12,75,0.3,10000,1001,10.84,93,100,4.12,75,0.3,10000,1001,10.84,93,100,4.12,75,0.3,10000,1001,10.84,93,100,4.12,75,0.3,10000,1001,10.84,93,100,4.12,75,0.3,10000,1001,10.84,93,100,4.12,75,0.3,10000,1001,10.84,93,100,4.12,75,0.3,10000,1001,10.84,93,100,4.12,75,0.3,10000
1001,10.84,93,100,4.12,75,0.3,10000,17,0,11,2,1001,10.84,93,100,4.12,75,0.3,10000,1001,10.84,93,100,4.12,75,0.3,10000,1001,10.84,93,100,4.12,75,0.3,10000,1001,10.84,93,100,4.12,75,0.3,10000,1001,10.84,93,100,4.12,75,0.3,10000,1001,10.84,93,100,4.12,75,0.3,10000,1001,10.84,93,100,4.12,75,0.3,10000,1001,10.84,93,100,4.12,75,0.3,10000,1001,10.84,93,100,4.12,75,0.3,10000,1001,10.84,93,100,4.12,75,0.3,10000,1001,10.84,93,100,4.12,75,0.3,10000,1001,10.84,93,100,4.12,75,0.3,10000
1001,10.84,93,100,4.12,75,0.3,10000,18,0,11,2,1001,10.84,93,100,4.12,75,0.3,10000,1001,10.84,93,100,4.12,75,0.3,10000,1001,10.84,93,100,4.12,75,0.3,10000,1001,10.84,93,100,4.12,75,0.3,10000,1001,10.84,93,100,4.12,75,0.3,10000,1001,10.84,93,100,4.12,75,0.3,10000,1001,10.84,93,100,4.12,75,0.3,10000,1001,10.84,93,100,4.12,75,0.3,10000,1001,10.84,93,100,4.12,75,0.3,10000,1001,10.84,93,100,4.12,75,0.3,10000,1001,10.84,93,100,4.12,75,0.3,10000,1001,10.84,93,100,4.12,75,0.3,10000
1001,10.84,93,100,4.12,75,0.3,10000,19,0,11,2,1001,10.84,93,100,4.12,75,0.3,10000,1001,10.84,93,100,4.12,75,0.3,10000,1001,10.84,93,100,4.12,75,0.3,10000,1001,10.84,93,100,4.12,75,0.3,10000,1001,10.84,93,100,4.12,75,0.3,10000,1001,10.84,93,100,4.12,75,0.3,10000,1001,10.84,93,100,4.12,75,0.3,10000,1001,10.84,93,100,4.12,75,0.3,10000,1001,10.84,93,100,4.12,75,0.3,10000,1001,10.84,93,100,4.12,75,0.3,10000,1001,10.84,93,100,4.12,75,0.3,10000,1001,10.84,93,100,4.12,75,0.3,10000
1001,10.84,93,100,4.12,75,0.3,10000,20,0,11,2,1001,10.84,93,100,4.12,75,0.3,10000,1001,10.84,93,100,4.12,75,0.3,10000,1001,10.84,93,100,4.12,75,0.3,10000,1001,10.84,93,100,4.12,75,0.3,10000,1001,10.84,93,100,4.12,75,0.3,10000,1001,10.84,93,100,4.12,75,0.3,10000,1001,10.84,93,100,4.12,75,0.3,10000,1001,10.84,93,100,4.12,75,0.3,10000,1001,10.84,93,100,4.12,75,0.3,10000,1001,10.84,93,100,4.12,75,0.3,10000,1001,10.84,93,100,4.12,75,0.3,10000,1001,10.84,93,100,4.12,75,0.3,10000
1001,10.84,93,100,4.12,75,0.3,10000,21,0,11,2,1001,10.84,93,100,4.12,75,0.3,10000,1001,10.84,93,100,4.12,75,0.3,10000,1001,10.84,93,100,4.12,75,0.3,10000,1001,10.84,93,100,4.12,75,0.3,10000,1001,10.84,93,100,4.12,75,0.3,10000,1001,10.84,93,100,4.12,75,0.3,10000,1001,10.84,93,100,4.12,75,0.3,10000,1001,10.84,93,100,4.12,75,0.3,10000,1001,10.84,93,100,4.12,75,0.3,10000,1001,10.84,93,100,4.12,75,0.3,10000,1001,10.84,93,100,4.12,75,0.3,10000,1001,10.84,93,100,4.12,75,0.3,10000
1001,10.84,93,100,4.12,75,0.3,10000,22,0,11,2,1001,10.84,93,100,4.12,75,0.3,10000,1001,10.84,93,100,4.12,75,0.3,10000,1001,10.84,93,100,4.12,75,0.3,10000,1001,10.84,93,100,4.12,75,0.3,10000,1001,10.84,93,100,4.12,75,0.3,10000,1001,10.84,93,100,4.12,75,0.3,10000,1001,10.84,93,100,4.12,75,0.3,10000,1001,10.84,93,100,4.12,75,0.3,10000,1001,10.84,93,100,4.12,75,0.3,10000,1001,10.84,93,100,4.12,75,0.3,10000,1001,10.84,93,100,4.12,75,0.3,10000,1001,10.84,93,100,4.12,75,0.3,10000
1001,10.84,93,100,4.12,75,0.3,10000,23,0,11,2,1001,10.84,93,100,4.12,75,0.3,10000,1001,10.84,93,100,4.12,75,0.3,10000,1001,10.84,93,100,4.12,75,0.3,10000,1001,10.84,93,100,4.12,75,0.3,10000,1001,10.84,93,100,4.12,75,0.3,10000,1001,10.84,93,100,4.12,75,0.3,10000,1001,10.84,93,100,4.12,75,0.3,10000,1001,10.84,93,100,4.12,75,0.3,10000,1001,10.84,93,100,4.12,75,0.3,10000,1001,10.84,93,100,4.12,75,0.3,10000,1001,10.84,93,100,4.12,75,0.3,10000,1001,10.84,93,100,4.12,75,0.3,10000
1001,10.84,93,100,4.12,75,0.3,10000,0,0,12,2,1001,10.84,93,100,4.12,75,0.3,10000,1001,10.84,93,100,4.12,75,0.3,10000,1001,10.84,93,100,4.12,75,0.3,10000,1001,10.84,93,100,4.12,75,0.3,10000,1001,10.84,93,100,4.12,75,0.3,10000,1001,10.84,93,100,4.12,75,0.3,10000,1001,10.84,93,100,4.12,75,0.3,10000,1001,10.84,93,100,4.12,75,0.3,10000,1001,10.84,93,100,4.12,75,0.3,10000,1001,10.84,93,100,4.12,75,0.3,10000,1001,10.84,93,100,4.12,75,0.3,10000,1001,10.84,93,100,4.12,75,0.3,10000
1001,10.84,93,100,4.12,75,0.3,10000,1,0,12,2,1001,10.84,93,100,4.12,75,0.3,10000,1001,10.84,93,100,4.12,75,0.3,10000,1001,10.84,93,100,4.12,75,0.3,10000,1001,10.84,93,100,4.12,75,0.3,10000,1001,10.84,93,100,4.12,75,0.3,10000,1001,10.84,93,100,4.12,75,0.3,10000,1001,10.84,93,100,4.12,75,0.3,10000,1001,10.84,93,100,4.12,75,0.3,10000,1001,10.84,93,100,4.12,75,0.3,10000,1001,10.84,93,100,4.12,75,0.3,10000,1001,10.84,93,100,4.12,75,0.3,10000,1001,10.84,93,100,4.12,75,0.3,10000
1001,10.84,93,100,4.12,75,0.3,10000,2,0,12,2,1001,10.84,93,100,4.12,75,0.3,10000,1001,10.84,93,100,4.12,75,0.3,10000,1001,10.84,93,100,4.12,75,0.3,10000,1001,10.84,93,100,4.12,75,0.3,10000,1001,10.84,93,100,4.12,75,0.3,10000,1001,10.84,93,100,4.12,75,0.3,10000,1001,10.84,93,100,4.12,75,0.3,10000,1001,10.84,93,100,4.12,75,0.3,10000,1001,10.84,93,100,4.12,75,0.3,10000,1001,10.84,93,100,4.12,75,0.3,10000,1001,10.84,93,100,4.12,75,0.3,10000,1001,10.84,93,100,4.12,75,0.3,10000
1001,10.84,93,100,4.12,75,0.3,10000,3,0,12,2,1001,10.84,93,100,4.12,75,0.3,10000,1001,10.84,93,100,4.12,75,0.3,10000,1001,10.84,93,100,4.12,75,0.3,10000,1001,10.84,93,100,4.12,75,0.3,10000,1001,10.84,93,100,4.12,75,0.3,10000,1001,10.84,93,100,4.12,75,0.3,10000,1001,10.84,93,100,4.12,75,0.3,10000,1001,10.84,93,100,4.12,75,0.3,10000,1001,10.84,93,100,4.12,75,0.3,10000,1001,10.84,93,100,4.12,75,0.3,10000,1001,10.84,93,100,4.12,75,0.3,10000,1001,10.84,93,100,4.12,75,0.3,10000
1001,10.84,93,100,4.12,75,0.3,10000,4,0,12,2,1001,10.84,93,100,4.12,75,0.3,10000,1001,10.84,93,100,4.12,75,0.3,10000,1001,10.84,93,100,4.12,75,0.3,10000,1001,10.84,93,100,4.12,75,0.3,10000,1001,10.84,93,100,4.12,75,0.3,10000,1001,10.84,93,100,4.12,75,0.3,10000,1001,10.84,93,100,4.12,75,0.3,10000,1001,10.84,93,100,4.12,75,0.3,10000,1001,10.84,93,100,4.12,75,0.3,10000,1001,10.84,93,100,4.12,75,0.3,10000,1001,10.84,93,100,4.12,75,0.3,10000,1001,10.84,93,100,4.12,75,0.3,10000
1001,10.84,93,100,4.12,75,0.3,10000,5,0,12,2,1001,10.84,93,100,4.12,75,0.3,10000,1001,10.84,93,100,4.12,75,0.3,10000,1001,10.84,93,100,4.12,75,0.3,10000,1001,10.84,93,100,4.12,75,0.3,10000,1001,10.84,93,100,4.12,75,0.3,10000,1001,10.84,93,100,4.12,75,0.3,10000,1001,10.84,93,100,4.12,75,0.3,10000,1001,10.84,93,100,4.12,75,0.3,10000,1001,10.84,93,100,4.12,75,0.3,10000,1001,10.84,93,100,4.12,75,0.3,10000,1001,10.84,93,100,4.12,75,0.3,10000,1001,10.84,93,100,4.12,75,0.3,10000
1001,10.84,93,100,4.12,75,0.3,10000,6,0,12,2,1001,10.84,93,100,4.12,75,0.3,10000,1001,10.84,93,100,4.12,75,0.3,10000,1001,10.84,93,100,4.12,75,0.3,10000,1001,10.84,93,100,4.12,75,0.3,10000,1001,10.84,93,100,4.12,75,0.3,10000,1001,10.84,93,100,4.12,75,0.3,10000,1001,10.84,93,100,4.12,75,0.3,10000,1001,10.84,93,100,4.12,75,0.3,10000,1001,10.84,93,100,4.12,75,0.3,10000,1001,10.84,93,100,4.12,75,0.3,10000,1001,10.84,93,100,4.12,75,0.3,10000,1001,10.84,93,100,4.12,75,0.3,10000
1001,10.84,93,100,4.12,75,0.3,10000,7,0,12,2,1001,10.84,93,100,4.12,75,0.3,10000,1001,10.84,93,100,4.12,75,0.3,10000,1001,10.84,93,100,4.12,75,0.3,10000,1001,10.84,93,100,4.12,75,0.3,10000,1001,10.84,93,100,4.12,75,0.3,10000,1001,10.84,93,100,4.12,75,0.3,10000,1001,10.84,93,100,4.12,75,0.3,10000,1001,10.84,93,100,4.12,75,0.3,10000,1001,10.84,93,100,4.12,75,0.3,10000,1001,10.84,93,100,4.12,75,0.3,10000,1001,10.84,93,100,4.12,75,0.3,10000,1001,10.84,93,100,4.12,75,0.3,10000
1001,10.84,93,100,4.12,75,0.3,10000,8,0,12,2,1001,10.84,93,100,4.12,75,0.3,10000,1001,10.84,93,100,4.12,75,0.3,10000,1001,10.84,93,100,4.12,75,0.3,10000,1001,10.84,93,100,4.12,75,0.3,10000,1001,10.84,93,100,4.12,75,0.3,10000,1001,10.84,93,100,4.12,75,0.3,10000,1001,10.84,93,100,4.12,75,0.3,10000,1001,10.84,93,100,4.12,75,0.3,10000,1001,10.84,93,100,4.12,75,0.3,10000,1001,10.84,93,100,4.12,75,0.3,10000,1001,10.84,93,100,4.12,75,0.3,10000,1001,10.84,93,100,4.12,75,0.3,10000
1001,10.84,93,100,4.12,75,0.3,10000,9,0,12,2,1001,10.84,93,100,4.12,75,0.3,10000,1001,10.84,93,100,4.12,75,0.3,10000,1001,10.84,93,100,4.12,75,0.3,10000,1001,10.84,93,100,4.12,75,0.3,10000,1001,10.84,93,100,4.12,75,0.3,10000,1001,10.84,93,100,4.12,75,0.3,10000,1001,10.84,93,100,4.12,75,0.3,10000,1001,10.84,93,100,4.12,75,0.3,10000,1001,10.84,93,100,4.12,75,0.3,10000,1001,10.84,93,100,4.12,75,0.3,10000,1001,10.84,93,100,4.12,75,0.3,10000,1001,10.84,93,100,4.12,75,0.3,10000
1001,10.84,93,100,4.12,75,0.3,10000,10,0,12,2,1001,10.84,93,100,4.12,75,0.3,10000,1001,10.84,93,100,4.12,75,0.3,10000,1001,10.84,93,100,4.12,75,0.3,10000,1001,10.84,93,100,4.12,75,0.3,10000,1001,10.84,93,100,4.12,75,0.3,10000,1001,10.84,93,100,4.12,75,0.3,10000,1001,10.84,93,100,4.12,75,0.3,10000,1001,10.84,93,100,4.12,75,0.3,10000,1001,10.84,93,100,4.12,75,0.3,10000,1001,10.84,93,100,4.12,75,0.3,10000,1001,10.84,93,100,4.12,75,0.3,10000,1001,10.84,93,100,4.12,75,0.3,10000
1001,10.84,93,100,4.12,75,0.3,10000,11,0,12,2,1001,10.84,93,100,4.12,75,0.3,10000,1001,10.84,93,100,4.12,75,0.3,10000,1001,10.84,93,100,4.12,75,0.3,10000,1001,10.84,93,100,4.12,75,0.3,10000,1001,10.84,93,100,4.12,75,0.3,10000,1001,10.84,93,100,4.12,75,0.3,10000,1001,10.84,93,100,4.12,75,0.3,10000,1001,10.84,93,100,4.12,75,0.3,10000,1001,10.84,93,100,4.12,75,0.3,10000,1001,10.84,93,100,4.12,75,0.3,10000,1001,10.84,93,100,4.12,75,0.3,10000,1001,10.84,93,100,4.12,75,0.3,10000
1001,10.84,93,100,4.12,75,0.3,10000,12,0,12,2,1001,10.84,93,100,4.12,75,0.3,10000,1001,10.84,93,100,4.12,75,0.3,10000,1001,10.84,93,100,4.12,75,0.3,10000,1001,10.84,93,100,4.12,75,0.3,10000,1001,10.84,93,100,4.12,75,0.3,10000,1001,10.84,93,100,4.12,75,0.3,10000,1001,10.84,93,100,4.12,75,0.3,10000,1001,10.84,93,100,4.12,75,0.3,10000,1001,10.84,93,100,4.12,75,0.3,10000,1001,10.84,93,100,4.12,75,0.3,10000,1001,10.84,93,100,4.12,75,0.3,10000,1001,10.84,93,100,4.12,75,0.3,10000
1001,10.84,93,100,4.12,75,0.3,10000,13,0,12,2,1001,10.84,93,100,4.12,75,0.3,10000,1001,10.84,93,100,4.12,75,0.3,10000,1001,10.84,93,100,4.12,75,0.3,10000,1001,10.84,93,100,4.12,75,0.3,10000,1001,10.84,93,100,4.12,75,0.3,10000,1001,10.84,93,100,4.12,75,0.3,10000,1001,10.84,93,100,4.12,75,0.3,10000,1001,10.84,93,100,4.12,75,0.3,10000,1001,10.84,93,100,4.12,75,0.3,10000,1001,10.84,93,100,4.12,75,0.3,10000,1001,10.84,93,100,4.12,75,0.3,10000,1001,10.84,93,100,4.12,75,0.3,10000
1001,10.84,93,100,4.12,75,0.3,10000,14,0,12,2,1001,10.84,93,100,4.12,75,0.3,10000,1001,10.84,93,100,4.12,75,0.3,10000,1001,10.84,93,100,4.12,75,0.3,10000,1001,10.84,93,100,4.12,75,0.3,10000,1001,10.84,93,100,4.12,75,0.3,10000,1001,10.84,93,100,4.12,75,0.3,10000,1001,10.84,93,100,4.12,75,0.3,10000,1001,10.84,93,100,4.12,75,0.3,10000,1001,10.84,93,100,4.12,75,0.3,10000,1001,10.84,93,100,4.12,75,0.3,10000,1001,10.84,93,100,4.12,75,0.3,10000,1001,10.84,93,100,4.12,75,0.3,10000
1001,10.84,93,100,4.12,75,0.3,10000,15,0,12,2,1001,10.84,93,100,4.12,75,0.3,10000,1001,10.84,93,100,4.12,75,0.3,10000,1001,10.84,93,100,4.12,75,0.3,10000,1001,10.84,93,100,4.12,75,0.3,10000,1001,10.84,93,100,4.12,75,0.3,10000,1001,10.84,93,100,4.12,75,0.3,10000,1001,10.84,93,100,4.12,75,0.3,10000,1001,10.84,93,100,4.12,75,0.3,10000,1001,10.84,93,100,4.12,75,0.3,10000,1001,10.84,93,100,4.12,75,0.3,10000,1001,10.84,93,100,4.12,75,0.3,10000,1001,10.84,93,100,4.12,75,0.3,10000
1001,10.84,93,100,4.12,75,0.3,10000,16,0,12,2,1001,10.84,93,100,4.12,75,0.3,10000,1001,10.84,93,100,4.12,75,0.3,10000,1001,10.84,93,100,4.12,75,0.3,10000,1001,10.84,93,100,4.12,75,0.3,10000,1001,10.84,93,100,4.12,75,0.3,10000,1001,10.84,93,100,4.12,75,0.3,10000,1001,10.84,93,100,4.12,75,0.3,10000,1001,10.84,93,100,4.12,75,0.3,10000,1001,10.84,93,100,4.12,75,0.3,10000,1001,10.84,93,100,4.12,75,0.3,10000,1001,10.84,93,100,4.12,75,0.3,10000,1001,10.84,93,100,4.12,75,0.3,10000
1001,10.84,93,100,4.12,75,0.3,10000,17,0,12,2,1001,10.84,93,100,4.12,75,0.3,10000,1001,10.84,93,100,4.12,75,0.3,10000,1001,10.84,93,100,4.12,75,0.3,10000,1001,10.84,93,100,4.12,75,0.3,10000,1001,10.84,93,100,4.12,75,0.3,10000,1001,10.84,93,100,4.12,75,0.3,10000,1001,10.84,93,100,4.12,75,0.3,10000,1001,10.84,93,100,4.12,75,0.3,10000,1001,10.84,93,100,4.12,75,0.3,10000,1001,10.84,93,100,4.12,75,0.3,10000,1001,10.84,93,100,4.12,75,0.3,10000,1001,10.84,93,100,4.12,75,0.3,10000
1001,10.84,93,100,4.12,75,0.3,10000,18,0,12,2,1001,10.84,93,100,4.12,75,0.3,10000,1001,10.84,93,100,4.12,75,0.3,10000,1001,10.84,93,100,4.12,75,0.3,10000,1001,10.84,93,100,4.12,75,0.3,10000,1001,10.84,93,100,4.12,75,0.3,10000,1001,10.84,93,100,4.12,75,0.3,10000,1001,10.84,93,100,4.12,75,0.3,10000,1001,10.84,93,100,4.12,75,0.3,10000,1001,10.84,93,100,4.12,75,0.3,10000,1001,10.84,93,100,4.12,75,0.3,10000,1001,10.84,93,100,4.12,75,0.3,10000,1001,10.84,93,100,4.12,75,0.3,10000
1001,10.84,93,100,4.12,75,0.3,10000,19,0,12,2,1001,10.84,93,100,4.12,75,0.3,10000,1001,10.84,93,100,4.12,75,0.3,10000,1001,10.84,93,100,4.12,75,0.3,10000,1001,10.84,93,100,4.12,75,0.3,10000,1001,10.84,93,100,4.12,75,0.3,10000,1001,10.84,93,100,4.12,75,0.3,10000,1001,10.84,93,100,4.12,75,0.3,10000,1001,10.84,93,100,4.12,75,0.3,10000,1001,10.84,93,100,4.12,75,0.3,10000,1001,10.84,93,100,4.12,75,0.3,10000,1001,10.84,93,100,4.12,75,0.3,10000,1001,10.84,93,100,4.12,75,0.3,10000
1001,10.84,93,100,4.12,75,0.3,10000,20,0,12,2,1001,10.84,93,100,4.12,75,0.3,10000,1001,10.84,93,100,4.12,75,0.3,10000,1001,10.84,93,100,4.12,75,0.3,10000,1001,10.84,93,100,4.12,75,0.3,10000,1001,10.84,93,100,4.12,75,0.3,10000,1001,10.84,93,100,4.12,75,0.3,10000,1001,10.84,93,100,4.12,75,0.3,10000,1001,10.84,93,100,4.12,75,0.3,10000,1001,10.84,93,100,4.12,75,0.3,10000,1001,10.84,93,100,4.12,75,0.3,10000,1001,10.84,93,100,4.12,75,0.3,10000,1001,10.84,93,100,4.12,75,0.3,10000
1001,10.84,93,100,4.12,75,0.3,10000,21,0,12,2,1001,10.84,93,100,4.12,75,0.3,10000,1001,10.84,93,100,4.12,75,0.3,10000,1001,10.84,93,100,4.12,75,0.3,10000,1001,10.84,93,100,4.12,75,0.3,10000,1001,10.84,93,100,4.12,75,0.3,10000,1001,10.84,93,100,4.12,75,0.3,10000,1001,10.84,93,100,4.12,75,0.3,10000,1001,10.84,93,100,4.12,75,0.3,10000,1001,10.84,93,100,4.12,75,0.3,10000,1001,10.84,93,100,4.12,75,0.3,10000,1001,10.84,93,100,4.12,75,0.3,10000,1001,10.84,93,100,4.12,75,0.3,10000
1001,10.84,93,100,4.12,75,0.3,10000,22,0,12,2,1001,10.84,93,100,4.12,75,0.3,10000,1001,10.84,93,100,4.12,75,0.3,10000,1001,10.84,93,100,4.12,75,0.3,10000,1001,10.84,93,100,4.12,75,0.3,10000,1001,10.84,93,100,4.12,75,0.3,10000,1001,10.84,93,100,4.12,75,0.3,10000,1001,10.84,93,100,4.12,75,0.3,10000,1001,10.84,93,100,4.12,75,0.3,10000,1001,10.84,93,100,4.12,75,0.3,10000,1001,10.84,93,100,4.12,75,0.3,10000,1001,10.84,93,100,4.12,75,0.3,10000,1001,10.84,93,100,4.12,75,0.3,10000
1001,10.84,93,100,4.12,75,0.3,10000,23,0,12,2,1001,10.84,93,100,4.12,75,0.3,10000,1001,10.84,93,100,4.12,75,0.3,10000,1001,10.84,93,100,4.12,75,0.3,10000,1001,10.84,93,100,4.12,75,0.3,10000,1001,10.84,93,100,4.12,75,0.3,10000,1001,10.84,93,100,4.12,75,0.3,10000,1001,10.84,93,100,4.12,75,0.3,10000,1001,10.84,93,100,4.12,75,0.3,10000,1001,10.84,93,100,4.12,75,0.3,10000,1001,10.84,93,100,4.12,75,0.3,10000,1001,10.84,93,100,4.12,75,0.3,10000,1001,10.84,93,100,4.12,75,0.3,10000
1001,10.84,93,100,4.12,75,0.3,10000,0,0,13,2,1001,10.84,93,100,4.12,75,0.3,10000,1001,10.84,93,100,4.12,75,0.3,10000,1001,10.84,93,100,4.12,75,0.3,10000,1001,10.84,93,100,4.12,75,0.3,10000,1001,10.84,93,100,4.12,75,0.3,10000,1001,10.84,93,100,4.12,75,0.3,10000,1001,10.84,93,100,4.12,75,0.3,10000,1001,10.84,93,100,4.12,75,0.3,10000,1001,10.84,93,100,4.12,75,0.3,10000,1001,10.84,93,100,4.12,75,0.3,10000,1001,10.84,93,100,4.12,75,0.3,10000,1001,10.84,93,100,4.12,75,0.3,10000
1001,10.84,93,100,4.12,75,0.3,10000,1,0,13,2,1001,10.84,93,100,4.12,75,0.3,10000,1001,10.84,93,100,4.12,75,0.3,10000,1001,10.84,93,100,4.12,75,0.3,10000,1001,10.84,93,100,4.12,75,0.3,10000,1001,10.84,93,100,4.12,75,0.3,10000,1001,10.84,93,100,4.12,75,0.3,10000,1001,10.84,93,100,4.12,75,0.3,10000,1001,10.84,93,100,4.12,75,0.3,10000,1001,10.84,93,100,4.12,75,0.3,10000,1001,10.84,93,100,4.12,75,0.3,10000,1001,10.84,93,100,4.12,75,0.3,10000,1001,10.84,93,100,4.12,75,0.3,10000
1001,10.84,93,100,4.12,75,0.3,10000,2,0,13,2,1001,10.84,93,100,4.12,75,0.3,10000,1001,10.84,93,100,4.12,75,0.3,10000,1001,10.84,93,100,4.12,75,0.3,10000,1001,10.84,93,100,4.12,75,0.3,10000,1001,10.84,93,100,4.12,75,0.3,10000,1001,10.84,93,100,4.12,75,0.3,10000,1001,10.84,93,100,4.12,75,0.3,10000,1001,10.84,93,100,4.12,75,0.3,10000,1001,10.84,93,100,4.12,75,0.3,10000,1001,10.84,93,100,4.12,75,0.3,10000,1001,10.84,93,100,4.12,75,0.3,10000,1001,10.84,93,100,4.12,75,0.3,10000
1001,10.84,93,100,4.12,75,0.3,10000,3,0,13,2,1001,10.84,93,100,4.12,75,0.3,10000,1001,10.84,93,100,4.12,75,0.3,10000,1001,10.84,93,100,4.12,75,0.3,10000,1001,10.84,93,100,4.12,75,0.3,10000,1001,10.84,93,100,4.12,75,0.3,10000,1001,10.84,93,100,4.12,75,0.3,10000,1001,10.84,93,100,4.12,75,0.3,10000,1001,10.84,93,100,4.12,75,0.3,10000,1001,10.84,93,100,4.12,75,0.3,10000,1001,10.84,93,100,4.12,75,0.3,10000,1001,10.84,93,100,4.12,75,0.3,10000,1001,10.84,93,100,4.12,75,0.3,10000
1001,10.84,93,100,4.12,75,0.3,10000,4,0,13,2,1001,10.84,93,100,4.12,75,0.3,10000,1001,10.84,93,100,4.12,75,0.3,10000,1001,10.84,93,100,4.12,75,0.3,10000,1001,10.84,93,100,4.12,75,0.3,10000,1001,10.84,93,100,4.12,75,0.3,10000,1001,10.84,93,100,4.12,75,0.3,10000,1001,10.84,93,100,4.12,75,0.3,10000,1001,10.84,93,100,4.12,75,0.3,10000,1001,10.84,93,100,4.12,75,0.3,10000,1001,10.84,93,100,4.12,75,0.3,10000,1001,10.84,93,100,4.12,75,0.3,10000,1001,10.84,93,100,4.12,75,0.3,10000
1001,10.84,93,100,4.12,75,0.3,10000,5,0,13,2,1001,10.84,93,100,4.12,75,0.3,10000,1001,10.84,93,100,4.12,75,0.3,10000,1001,10.84,93,100,4.12,75,0.3,10000,1001,10.84,93,100,4.12,75,0.3,10000,1001,10.84,93,100,4.12,75,0.3,10000,1001,10.84,93,100,4.12,75,0.3,10000,1001,10.84,93,100,4.12,75,0.3,10000,1001,10.84,93,100,4.12,75,0.3,10000,1001,10.84,93,100,4.12,75,0.3,10000,1001,10.84,93,100,4.12,75,0.3,10000,1001,10.84,93,100,4.12,75,0.3,10000,1001,10.84,93,100,4.12,75,0.3,10000
1001,10.84,93,100,4.12,75,0.3,10000,6,0,13,2,1001,10.84,93,100,4.12,75,0.3,10000,1001,10.84,93,100,4.12,75,0.3,10000,1001,10.84,93,100,4.12,75,0.3,10000,1001,10.84,93,100,4.12,75,0.3,10000,1001,10.84,93,100,4.12,75,0.3,10000,1001,10.84,93,100,4.12,75,0.3,10000,1001,10.84,93,100,4.12,75,0.3,10000,1001,10.84,93,100,4.12,75,0.3,10000,1001,10.84,93,100,4.12,75,0.3,10000,1001,10.84,93,100,4.12,75,0.3,10000,1001,10.84,93,100,4.12,75,0.3,10000,1001,10.84,93,100,4.12,75,0.3,10000
1001,10.84,93,100,4.12,75,0.3,10000,7,0,13,2,1001,10.84,93,100,4.12,75,0.3,10000,1001,10.84,93,100,4.12,75,0.3,10000,1001,10.84,93,100,4.12,75,0.3,10000,1001,10.84,93,100,4.12,75,0.3,10000,1001,10.84,93,100,4.12,75,0.3,10000,1001,10.84,93,100,4.12,75,0.3,10000,1001,10.84,93,100,4.12,75,0.3,10000,1001,10.84,93,100,4.12,75,0.3,10000,1001,10.84,93,100,4.12,75,0.3,10000,1001,10.84,93,100,4.12,75,0.3,10000,1001,10.84,93,100,4.12,75,0.3,10000,1001,10.84,93,100,4.12,75,0.3,10000
1001,10.84,93,100,4.12,75,0.3,10000,8,0,13,2,1001,10.84,93,100,4.12,75,0.3,10000,1001,10.84,93,100,4.12,75,0.3,10000,1001,10.84,93,100,4.12,75,0.3,10000,1001,10.84,93,100,4.12,75,0.3,10000,1001,10.84,93,100,4.12,75,0.3,10000,1001,10.84,93,100,4.12,75,0.3,10000,1001,10.84,93,100,4.12,75,0.3,10000,1001,10.84,93,100,4.12,75,0.3,10000,1001,10.84,93,100,4.12,75,0.3,10000,1001,10.84,93,100,4.12,75,0.3,10000,1001,10.84,93,100,4.12,75,0.3,10000,1001,10.84,93,100,4.12,75,0.3,10000
1001,10.84,93,100,4.12,75,0.3,10000,9,0,13,2,1001,10.84,93,100,4.12,75,0.3,10000,1001,10.84,93,100,4.12,75,0.3,10000,1001,10.84,93,100,4.12,75,0.3,10000,1001,10.84,93,100,4.12,75,0.3,10000,1001,10.84,93,100,4.12,75,0.3,10000,1001,10.84,93,100,4.12,75,0.3,10000,1001,10.84,93,100,4.12,75,0.3,10000,1001,10.84,93,100,4.12,75,0.3,10000,1001,10.84,93,100,4.12,75,0.3,10000,1001,10.84,93,100,4.12,75,0.3,10000,1001,10.84,93,100,4.12,75,0.3,10000,1001,10.84,93,100,4.12,75,0.3,10000
1001,10.84,93,100,4.12,75,0.3,10000,10,0,13,2,1001,10.84,93,100,4.12,75,0.3,10000,1001,10.84,93,100,4.12,75,0.3,10000,1001,10.84,93,100,4.12,75,0.3,10000,1001,10.84,93,100,4.12,75,0.3,10000,1001,10.84,93,100,4.12,75,0.3,10000,1001,10.84,93,100,4.12,75,0.3,10000,1001,10.84,93,100,4.12,75,0.3,10000,1001,10.84,93,100,4.12,75,0.3,10000,1001,10.84,93,100,4.12,75,0.3,10000,1001,10.84,93,100,4.12,75,0.3,10000,1001,10.84,93,100,4.12,75,0.3,10000,1001,10.84,93,100,4.12,75,0.3,10000
1001,10.84,93,100,4.12,75,0.3,10000,11,0,13,2,1001,10.84,93,100,4.12,75,0.3,10000,1001,10.84,93,100,4.12,75,0.3,10000,1001,10.84,93,100,4.12,75,0.3,10000,1001,10.84,93,100,4.12,75,0.3,10000,1001,10.84,93,100,4.12,75,0.3,10000,1001,10.84,93,100,4.12,75,0.3,10000,1001,10.84,93,100,4.12,75,0.3,10000,1001,10.84,93,100,4.12,75,0.3,10000,1001,10.84,93,100,4.12,75,0.3,10000,1001,10.84,93,100,4.12,75,0.3,10000,1001,10.84,93,100,4.12,75,0.3,10000,1001,10.84,93,100,4.12,75,0.3,10000
1001,10.84,93,100,4.12,75,0.3,10000,12,0,13,2,1001,10.84,93,100,4.12,75,0.3,10000,1001,10.84,93,100,4.12,75,0.3,10000,1001,10.84,93,100,4.12,75,0.3,10000,1001,10.84,93,100,4.12,75,0.3,10000,1001,10.84,93,100,4.12,75,0.3,10000,1001,10.84,93,100,4.12,75,0.3,10000,1001,10.84,93,100,4.12,75,0.3,10000,1001,10.84,93,100,4.12,75,0.3,10000,1001,10.84,93,100,4.12,75,0.3,10000,1001,10.84,93,100,4.12,75,0.3,10000,1001,10.84,93,100,4.12,75,0.3,10000,1001,10.84,93,100,4.12,75,0.3,10000
1001,10.84,93,100,4.12,75,0.3,10000,13,0,13,2,1001,10.84,93,100,4.12,75,0.3,10000,1001,10.84,93,100,4.12,75,0.3,10000,1001,10.84,93,100,4.12,75,0.3,10000,1001,10.84,93,100,4.12,75,0.3,10000,1001,10.84,93,100,4.12,75,0.3,10000,1001,10.84,93,100,4.12,75,0.3,10000,1001,10.84,93,100,4.12,75,0.3,10000,1001,10.84,93,100,4.12,75,0.3,10000,1001,10.84,93,100,4.12,75,0.3,10000,1001,10.84,93,100,4.12,75,0.3,10000,1001,10.84,93,100,4.12,75,0.3,10000,1001,10.84,93,100,4.12,75,0.3,10000
1001,10.84,93,100,4.12,75,0.3,10000,14,0,13,2,1001,10.84,93,100,4.12,75,0.3,10000,1001,10.84,93,100,4.12,75,0.3,10000,1001,10.84,93,100,4.12,75,0.3,10000,1001,10.84,93,100,4.12,75,0.3,10000,1001,10.84,93,100,4.12,75,0.3,10000,1001,10.84,93,100,4.12,75,0.3,10000,1001,10.84,93,100,4.12,75,0.3,10000,1001,10.84,93,100,4.12,75,0.3,10000,1001,10.84,93,100,4.12,75,0.3,10000,1001,10.84,93,100,4.12,75,0.3,10000,1001,10.84,93,100,4.12,75,0.3,10000,1001,10.84,93,100,4.12,75,0.3,10000
1001,10.84,93,100,4.12,75,0.3,10000,15,0,13,2,1001,10.84,93,100,4.12,75,0.3,10000,1001,10.84,93,100,4.12,75,0.3,10000,1001,10.84,93,100,4.12,75,0.3,10000,1001,10.84,93,100,4.12,75,0.3,10000,1001,10.84,93,100,4.12,75,0.3,10000,1001,10.84,93,100,4.12,75,0.3,10000,1001,10.84,93,100,4.12,75,0.3,10000,1001,10.84,93,100,4.12,75,0.3,10000,1001,10.84,93,100,4.12,75,0.3,10000,1001,10.84,93,100,4.12,75,0.3,10000,1001,10.84,93,100,4.12,75,0.3,10000,1001,10.84,93,100,4.12,75,0.3,10000
1001,10.84,93,100,4.12,75,0.3,10000,16,0,13,2,1001,10.84,93,100,4.12,75,0.3,10000,1001,10.84,93,100,4.12,75,0.3,10000,1001,10.84,93,100,4.12,75,0.3,10000,1001,10.84,93,100,4.12,75,0.3,10000,1001,10.84,93,100,4.12,75,0.3,10000,1001,10.84,93,100,4.12,75,0.3,10000,1001,10.84,93,100,4.12,75,0.3,10000,1001,10.84,93,100,4.12,75,0.3,10000,1001,10.84,93,100,4.12,75,0.3,10000,1001,10.84,93,100,4.12,75,0.3,10000,1001,10.84,93,100,4.12,75,0.3,10000,1001,10.84,93,100,4.12,75,0.3,10000
1001,10.84,93,100,4.12,75,0.3,10000,17,0,13,2,1001,10.84,93,100,4.12,75,0.3,10000,1001,10.84,93,100,4.12,75,0.3,10000,1001,10.84,93,100,4.12,75,0.3,10000,1001,10.84,93,100,4.12,75,0.3,10000,1001,10.84,93,100,4.12,75,0.3,10000,1001,10.84,93,100,4.12,75,0.3,10000,1001,10.84,93,100,4.12,75,0.3,10000,1001,10.84,93,100,4.12,75,0.3,10000,1001,10.84,93,100,4.12,75,0.3,10000,1001,10.84,93,100,4.12,75,0.3,10000,1001,10.84,93,100,4.12,75,0.3,10000,1001,10.84,93,100,4.12,75,0.3,10000
1001,10.84,93,100,4.12,75,0.3,10000,18,0,13,2,1001,10.84,93,100,4.12,75,0.3,10000,1001,10.84,93,100,4.12,75,0.3,10000,1001,10.84,93,100,4.12,75,0.3,10000,1001,10.84,93,100,4.12,75,0.3,10000,1001,10.84,93,100,4.12,75,0.3,10000,1001,10.84,93,100,4.12,75,0.3,10000,1001,10.84,93,100,4.12,75,0.3,10000,1001,10.84,93,100,4.12,75,0.3,10000,1001,10.84,93,100,4.12,75,0.3,10000,1001,10.84,93,100,4.12,75,0.3,10000,1001,10.84,93,100,4.12,75,0.3,10000,1001,10.84,93,100,4.12,75,0.3,10000
1001,10.84,93,100,4.12,75,0.3,10000,19,0,13,2,1001,10.84,93,100,4.12,75,0.3,10000,1001,10.84,93,100,4.12,75,0.3,10000,1001,10.84,93,100,4.12,75,0.3,10000,1001,10.84,93,100,4.12,75,0.3,10000,1001,10.84,93,100,4.12,75,0.3,10000,1001,10.84,93,100,4.12,75,0.3,10000,1001,10.84,93,100,4.12,75,0.3,10000,1001,10.84,93,100,4.12,75,0.3,10000,1001,10.84,93,100,4.12,75,0.3,10000,1001,10.84,93,100,4.12,75,0.3,10000,1001,10.84,93,100,4.12,75,0.3,10000,1001,10.84,93,100,4.12,75,0.3,10000
1001,10.84,93,100,4.12,75,0.3,10000,20,0,13,2,1001,10.84,93,100,4.12,75,0.3,10000,1001,10.84,93,100,4.12,75,0.3,10000,1001,10.84,93,100,4.12,75,0.3,10000,1001,10.84,93,100,4.12,75,0.3,10000,1001,10.84,93,100,4.12,75,0.3,10000,1001,10.84,93,100,4.12,75,0.3,10000,1001,10.84,93,100,4.12,75,0.3,10000,1001,10.84,93,100,4.12,75,0.3,10000,1001,10.84,93,100,4.12,75,0.3,10000,1001,10.84,93,100,4.12,75,0.3,10000,1001,10.84,93,100,4.12,75,0.3,10000,1001,10.84,93,100,4.12,75,0.3,10000
1001,10.84,93,100,4.12,75,0.3,10000,21,0,13,2,1001,10.84,93,100,4.12,75,0.3,10000,1001,10.84,93,100,4.12,75,0.3,10000,1001,10.84,93,100,4.12,75,0.3,10000,1001,10.84,93,100,4.12,75,0.3,10000,1001,10.84,93,100,4.12,75,0.3,10000,1001,10.84,93,100,4.12,75,0.3,10000,1001,10.84,93,100,4.12,75,0.3,10000,1001,10.84,93,100,4.12,75,0.3,10000,1001,10.84,93,100,4.12,75,0.3,10000,1001,10.84,93,100,4.12,75,0.3,10000,1001,10.84,93,100,4.12,75,0.3,10000,1001,10.84,93,100,4.12,75,0.3,10000
1001,10.84,93,100,4.12,75,0.3,10000,22,0,13,2,1001,10.84,93,100,4.12,75,0.3,10000,1001,10.84,93,100,4.12,75,0.3,10000,1001,10.84,93,100,4.12,75,0.3,10000,1001,10.84,93,100,4.12,75,0.3,10000,1001,10.84,93,100,4.12,75,0.3,10000,1001,10.84,93,100,4.12,75,0.3,10000,1001,10.84,93,100,4.12,75,0.3,10000,1001,10.84,93,100,4.12,75,0.3,10000,1001,10.84,93,100,4.12,75,0.3,10000,1001,10.84,93,100,4.12,75,0.3,10000,1001,10.84,93,100,4.12,75,0.3,10000,1001,10.84,93,100,4.12,75,0.3,10000
1001,10.84,93,100,4.12,75,0.3,10000,23,0,13,2,1001,10.84,93,100,4.12,75,0.3,10000,1001,10.84,93,100,4.12,75,0.3,10000,1001,10.84,93,100,4.12,75,0.3,10000,1001,10.84,93,100,4.12,75,0.3,10000,1001,10.84,93,100,4.12,75,0.3,10000,1001,10.84,93,100,4.12,75,0.3,10000,1001,10.84,93,100,4.12,75,0.3,10000,1001,10.84,93,100,4.12,75,0.3,10000,1001,10.84,93,100,4.12,75,0.3,10000,1001,10.84,93,100,4.12,75,0.3,10000,1001,10.84,93,100,4.12,75,0.3,10000,1001,10.84,93,100,4.12,75,0.3,10000
1001,10.84,93,100,4.12,75,0.3,10000,0,0,14,2,1001,10.84,93,100,4.12,75,0.3,10000,1001,10.84,93,100,4.12,75,0.3,10000,1001,10.84,93,100,4.12,75,0.3,10000,1001,10.84,93,100,4.12,75,0.3,10000,1001,10.84,93,100,4.12,75,0.3,10000,1001,10.84,93,100,4.12,75,0.3,10000,1001,10.84,93,100,4.12,75,0.3,10000,1001,10.84,93,100,4.12,75,0.3,10000,1001,10.84,93,100,4.12,75,0.3,10000,1001,10.84,93,100,4.12,75,0.3,10000,1001,10.84,93,100,4.12,75,0.3,10000,1001,10.84,93,100,4.12,75,0.3,10000
1001,10.84,93,100,4.12,75,0.3,10000,1,0,14,2,1001,10.84,93,100,4.12,75,0.3,10000,1001,10.84,93,100,4.12,75,0.3,10000,1001,10.84,93,100,4.12,75,0.3,10000,1001,10.84,93,100,4.12,75,0.3,10000,1001,10.84,93,100,4.12,75,0.3,10000,1001,10.84,93,100,4.12,75,0.3,10000,1001,10.84,93,100,4.12,75,0.3,10000,1001,10.84,93,100,4.12,75,0.3,10000,1001,10.84,93,100,4.12,75,0.3,10000,1001,10.84,93,100,4.12,75,0.3,10000,1001,10.84,93,100,4.12,75,0.3,10000,1001,10.84,93,100,4.12,75,0.3,10000
1001,10.84,93,100,4.12,75,0.3,10000,2,0,14,2,1001,10.84,93,100,4.12,75,0.3,10000,1001,10.84,93,100,4.12,75,0.3,10000,1001,10.84,93,100,4.12,75,0.3,10000,1001,10.84,93,100,4.12,75,0.3,10000,1001,10.84,93,100,4.12,75,0.3,10000,1001,10.84,93,100,4.12,75,0.3,10000,1001,10.84,93,100,4.12,75,0.3,10000,1001,10.84,93,100,4.12,75,0.3,10000,1001,10.84,93,100,4.12,75,0.3,10000,1001,10.84,93,100,4.12,75,0.3,10000,1001,10.84,93,100,4.12,75,0.3,10000,1001,10.84,93,100,4.12,75,0.3,10000
1001,10.84,93,100,4.12,75,0.3,10000,3,0,14,2,1001,10.84,93,100,4.12,75,0.3,10000,1001,10.84,93,100,4.12,75,0.3,10000,1001,10.84,93,100,4.12,75,0.3,10000,1001,10.84,93,100,4.12,75,0.3,10000,1001,10.84,93,100,4.12,75,0.3,10000,1001,10.84,93,100,4.12,75,0.3,10000,1001,10.84,93,100,4.12,75,0.3,10000,1001,10.84,93,100,4.12,75,0.3,10000,1001,10.84,93,100,4.12,75,0.3,10000,1001,10.84,93,100,4.12,75,0.3,10000,1001,10.84,93,100,4.12,75,0.3,10000,1001,10.84,93,100,4.12,75,0.3,10000
1001,10.84,93,100,4.12,75,0.3,10000,4,0,14,2,1001,10.84,93,100,4.12,75,0.3,10000,1001,10.84,93,100,4.12,75,0.3,10000,1001,10.84,93,100,4.12,75,0.3,10000,1001,10.84,93,100,4.12,75,0.3,10000,1001,10.84,93,100,4.12,75,0.3,10000,1001,10.84,93,100,4.12,75,0.3,10000,1001,10.84,93,100,4.12,75,0.3,10000,1001,10.84,93,100,4.12,75,0.3,10000,1001,10.84,93,100,4.12,75,0.3,10000,1001,10.84,93,100,4.12,75,0.3,10000,1001,10.84,93,100,4.12,75,0.3,10000,1001,10.84,93,100,4.12,75,0.3,10000
1001,10.84,93,100,4.12,75,0.3,10000,5,0,14,2,1001,10.84,93,100,4.12,75,0.3,10000,1001,10.84,93,100,4.12,75,0.3,10000,1001,10.84,93,100,4.12,75,0.3,10000,1001,10.84,93,100,4.12,75,0.3,10000,1001,10.84,93,100,4.12,75,0.3,10000,1001,10.84,93,100,4.12,75,0.3,10000,1001,10.84,93,100,4.12,75,0.3,10000,1001,10.84,93,100,4.12,75,0.3,10000,1001,10.84,93,100,4.12,75,0.3,10000,1001,10.84,93,100,4.12,75,0.3,10000,1001,10.84,93,100,4.12,75,0.3,10000,1001,10.84,93,100,4.12,75,0.3,10000
1001,10.84,93,100,4.12,75,0.3,10000,6,0,14,2,1001,10.84,93,100,4.12,75,0.3,10000,1001,10.84,93,100,4.12,75,0.3,10000,1001,10.84,93,100,4.12,75,0.3,10000,1001,10.84,93,100,4.12,75,0.3,10000,1001,10.84,93,100,4.12,75,0.3,10000,1001,10.84,93,100,4.12,75,0.3,10000,1001,10.84,93,100,4.12,75,0.3,10000,1001,10.84,93,100,4.12,75,0.3,10000,1001,10.84,93,100,4.12,75,0.3,10000,1001,10.84,93,100,4.12,75,0.3,10000,1001,10.84,93,100,4.12,75,0.3,10000,1001,10.84,93,100,4.12,75,0.3,10000
1001,10.84,93,100,4.12,75,0.3,10000,7,0,14,2,1001,10.84,93,100,4.12,75,0.3,10000,1001,10.84,93,100,4.12,75,0.3,10000,1001,10.84,93,100,4.12,75,0.3,10000,1001,10.84,93,100,4.12,75,0.3,10000,1001,10.84,93,100,4.12,75,0.3,10000,1001,10.84,93,100,4.12,75,0.3,10000,1001,10.84,93,100,4.12,75,0.3,10000,1001,10.84,93,100,4.12,75,0.3,10000,1001,10.84,93,100,4.12,75,0.3,10000,1001,10.84,93,100,4.12,75,0.3,10000,1001,10.84,93,100,4.12,75,0.3,10000,1001,10.84,93,100,4.12,75,0.3,10000
1001,10.84,93,100,4.12,75,0.3,10000,8,0,14,2,1001,10.84,93,100,4.12,75,0.3,10000,1001,10.84,93,100,4.12,75,0.3,10000,1001,10.84,93,100,4.12,75,0.3,10000,1001,10.84,93,100,4.12,75,0.3,10000,1001,10.84,93,100,4.12,75,0.3,10000,1001,10.84,93,100,4.12,75,0.3,10000,1001,10.84,93,100,4.12,75,0.3,10000,1001,10.84,93,100,4.12,75,0.3,10000,1001,10.84,93,100,4.12,75,0.3,10000,1001,10.84,93,100,4.12,75,0.3,10000,1001,10.84,93,100,4.12,75,0.3,10000,1001,10.84,93,100,4.12,75,0.3,10000
1001,10.84,93,100,4.12,75,0.3,10000,9,0,14,2,1001,10.84,93,100,4.12,75,0.3,10000,1001,10.84,93,100,4.12,75,0.3,10000,1001,10.84,93,100,4.12,75,0.3,10000,1001,10.84,93,100,4.12,75,0.3,10000,1001,10.84,93,100,4.12,75,0.3,10000,1001,10.84,93,100,4.12,75,0.3,10000,1001,10.84,93,100,4.12,75,0.3,10000,1001,10.84,93,100,4.12,75,0.3,10000,1001,10.84,93,100,4.12,75,0.3,10000,1001,10.84,93,100,4.12,75,0.3,10000,1001,10.84,93,100,4.12,75,0.3,10000,1001,10.84,93,100,4.12,75,0.3,10000
1001,10.84,93,100,4.12,75,0.3,10000,10,0,14,2,1001,10.84,93,100,4.12,75,0.3,10000,1001,10.84,93,100,4.12,75,0.3,10000,1001,10.84,93,100,4.12,75,0.3,10000,1001,10.84,93,100,4.12,75,0.3,10000,1001,10.84,93,100,4.12,75,0.3,10000,1001,10.84,93,100,4.12,75,0.3,10000,1001,10.84,93,100,4.12,75,0.3,10000,1001,10.84,93,100,4.12,75,0.3,10000,1001,10.84,93,100,4.12,75,0.3,10000,1001,10.84,93,100,4.12,75,0.3,10000,1001,10.84,93,100,4.12,75,0.3,10000,1001,10.84,93,100,4.12,75,0.3,10000
1001,10.84,93,100,4.12,75,0.3,10000,11,0,14,2,1001,10.84,93,100,4.12,75,0.3,10000,1001,10.84,93,100,4.12,75,0.3,10000,1001,10.84,93,100,4.12,75,0.3,10000,1001,10.84,93,100,4.12,75,0.3,10000,1001,10.84,93,100,4.12,75,0.3,10000,1001,10.84,93,100,4.12,75,0.3,10000,1001,10.84,93,100,4.12,75,0.3,10000,1001,10.84,93,100,4.12,75,0.3,10000,1001,10.84,93,100,4.12,75,0.3,10000,1001,10.84,93,100,4.12,75,0.3,10000,1001,10.84,93,100,4.12,75,0.3,10000,1001,10.84,93,100,4.12,75,0.3,10000
1001,10.84,93,100,4.12,75,0.3,10000,12,0,14,2,1001,10.84,93,100,4.12,75,0.3,10000,1001,10.84,93,100,4.12,75,0.3,10000,1001,10.84,93,100,4.12,75,0.3,10000,1001,10.84,93,100,4.12,75,0.3,10000,1001,10.84,93,100,4.12,75,0.3,10000,1001,10.84,93,100,4.12,75,0.3,10000,1001,10.84,93,100,4.12,75,0.3,10000,1001,10.84,93,100,4.12,75,0.3,10000,1001,10.84,93,100,4.12,75,0.3,10000,1001,10.84,93,100,4.12,75,0.3,10000,1001,10.84,93,100,4.12,75,0.3,10000,1001,10.84,93,100,4.12,75,0.3,10000
1001,10.84,93,100,4.12,75,0.3,10000,13,0,14,2,1001,10.84,93,100,4.12,75,0.3,10000,1001,10.84,93,100,4.12,75,0.3,10000,1001,10.84,93,100,4.12,75,0.3,10000,1001,10.84,93,100,4.12,75,0.3,10000,1001,10.84,93,100,4.12,75,0.3,10000,1001,10.84,93,100,4.12,75,0.3,10000,1001,10.84,93,100,4.12,75,0.3,10000,1001,10.84,93,100,4.12,75,0.3,10000,1001,10.84,93,100,4.12,75,0.3,10000,1001,10.84,93,100,4.12,75,0.3,10000,1001,10.84,93,100,4.12,75,0.3,10000,1001,10.84,93,100,4.12,75,0.3,10000
1001,10.84,93,100,4.12,75,0.3,10000,14,0,14,2,1001,10.84,93,100,4.12,75,0.3,10000,1001,10.84,93,100,4.12,75,0.3,10000,1001,10.84,93,100,4.12,75,0.3,10000,1001,10.84,93,100,4.12,75,0.3,10000,1001,10.84,93,100,4.12,75,0.3,10000,1001,10.84,93,100,4.12,75,0.3,10000,1001,10.84,93,100,4.12,75,0.3,10000,1001,10.84,93,100,4.12,75,0.3,10000,1001,10.84,93,100,4.12,75,0.3,10000,1001,10.84,93,100,4.12,75,0.3,10000,1001,10.84,93,100,4.12,75,0.3,10000,1001,10.84,93,100,4.12,75,0.3,10000
1001,10.84,93,100,4.12,75,0.3,10000,15,0,14,2,1001,10.84,93,100,4.12,75,0.3,10000,1001,10.84,93,100,4.12,75,0.3,10000,1001,10.84,93,100,4.12,75,0.3,10000,1001,10.84,93,100,4.12,75,0.3,10000,1001,10.84,93,100,4.12,75,0.3,10000,1001,10.84,93,100,4.12,75,0.3,10000,1001,10.84,93,100,4.12,75,0.3,10000,1001,10.84,93,100,4.12,75,0.3,10000,1001,10.84,93,100,4.12,75,0.3,10000,1001,10.84,93,100,4.12,75,0.3,10000,1001,10.84,93,100,4.12,75,0.3,10000,1001,10.84,93,100,4.12,75,0.3,10000
1001,10.84,93,100,4.12,75,0.3,10000,16,0,14,2,1001,10.84,93,100,4.12,75,0.3,10000,1001,10.84,93,100,4.12,75,0.3,10000,1001,10.84,93,100,4.12,75,0.3,10000,1001,10.84,93,100,4.12,75,0.3,10000,1001,10.84,93,100,4.12,75,0.3,10000,1001,10.84,93,100,4.12,75,0.3,10000,1001,10.84,93,100,4.12,75,0.3,10000,1001,10.84,93,100,4.12,75,0.3,10000,1001,10.84,93,100,4.12,75,0.3,10000,1001,10.84,93,100,4.12,75,0.3,10000,1001,10.84,93,100,4.12,75,0.3,10000,1001,10.84,93,100,4.12,75,0.3,10000
1001,10.84,93,100,4.12,75,0.3,10000,17,0,14,2,1001,10.84,93,100,4.12,75,0.3,10000,1001,10.84,93,100,4.12,75,0.3,10000,1001,10.84,93,100,4.12,75,0.3,10000,1001,10.84,93,100,4.12,75,0.3,10000,1001,10.84,93,100,4.12,75,0.3,10000,1001,10.84,93,100,4.12,75,0.3,10000,1001,10.84,93,100,4.12,75,0.3,10000,1001,10.84,93,100,4.12,75,0.3,10000,1001,10.84,93,100,4.12,75,0.3,10000,1001,10.84,93,100,4.12,75,0.3,10000,1001,10.84,93,100,4.12,75,0.3,10000,1001,10.84,93,100,4.12,75,0.3,10000
1001,10.84,93,100,4.12,75,0.3,10000,18,0,14,2,1001,10.84,93,100,4.12,75,0.3,10000,1001,10.84,93,100,4.12,75,0.3,10000,1001,10.84,93,100,4.12,75,0.3,10000,1001,10.84,93,100,4.12,75,0.3,10000,1001,10.84,93,100,4.12,75,0.3,10000,1001,10.84,93,100,4.12,75,0.3,10000,1001,10.84,93,100,4.12,75,0.3,10000,1001,10.84,93,100,4.12,75,0.3,10000,1001,10.84,93,100,4.12,75,0.3,10000,1001,10.84,93,100,4.12,75,0.3,10000,1001,10.84,93,100,4.12,75,0.3,10000,1001,10.84,93,100,4.12,75,0.3,10000
1001,10.84,93,100,4.12,75,0.3,10000,19,0,14,2,1001,10.84,93,100,4.12,75,0.3,10000,1001,10.84,93,100,4.12,75,0.3,10000,1001,10.84,93,100,4.12,75,0.3,10000,1001,10.84,93,100,4.12,75,0.3,10000,1001,10.84,93,100,4.12,75,0.3,10000,1001,10.84,93,100,4.12,75,0.3,10000,1001,10.84,93,100,4.12,75,0.3,10000,1001,10.84,93,100,4.12,75,0.3,10000,1001,10.84,93,100,4.12,75,0.3,10000,1001,10.84,93,100,4.12,75,0.3,10000,1001,10.84,93,100,4.12,75,0.3,10000,1001,10.84,93,100,4.12,75,0.3,10000
1001,10.84,93,100,4.12,75,0.3,10000,20,0,14,2,1001,10.84,93,100,4.12,75,0.3,10000,1001,10.84,93,100,4.12,75,0.3,10000,1001,10.84,93,100,4.12,75,0.3,10000,1001,10.84,93,100,4.12,75,0.3,10000,1001,10.84,93,100,4.12,75,0.3,10000,1001,10.84,93,100,4.12,75,0.3,10000,1001,10.84,93,100,4.12,75,0.3,10000,1001,10.84,93,100,4.12,75,0.3,10000,1001,10.84,93,100,4.12,75,0.3,10000,1001,10.84,93,100,4.12,75,0.3,10000,1001,10.84,93,100,4.12,75,0.3,10000,1001,10.84,93,100,4.12,75,0.3,10000
1001,10.84,93,100,4.12,75,0.3,10000,21,0,14,2,1001,10.84,93,100,4.12,75,0.3,10000,1001,10.84,93,100,4.12,75,0.3,10000,1001,10.84,93,100,4.12,75,0.3,10000,1001,10.84,93,100,4.12,75,0.3,10000,1001,10.84,93,100,4.12,75,0.3,10000,1001,10.84,93,100,4.12,75,0.3,10000,1001,10.84,93,100,4.12,75,0.3,10000,1001,10.84,93,100,4.12,75,0.3,10000,1001,10.84,93,100,4.12,75,0.3,10000,1001,10.84,93,100,4.12,75,0.3,10000,1001,10.84,93,100,4.12,75,0.3,10000,1001,10.84,93,100,4.12,75,0.3,10000
1001,10.84,93,100,4.12,75,0.3,10000,22,0,14,2,1001,10.84,93,100,4.12,75,0.3,10000,1001,10.84,93,100,4.12,75,0.3,10000,1001,10.84,93,100,4.12,75,0.3,10000,1001,10.84,93,100,4.12,75,0.3,10000,1001,10.84,93,100,4.12,75,0.3,10000,1001,10.84,93,100,4.12,75,0.3,10000,1001,10.84,93,100,4.12,75,0.3,10000,1001,10.84,93,100,4.12,75,0.3,10000,1001,10.84,93,100,4.12,75,0.3,10000,1001,10.84,93,100,4.12,75,0.3,10000,1001,10.84,93,100,4.12,75,0.3,10000,1001,10.84,93,100,4.12,75,0.3,10000
1001,10.84,93,100,4.12,75,0.3,10000,23,0,14,2,1001,10.84,93,100,4.12,75,0.3,10000,1001,10.84,93,100,4.12,75,0.3,10000,1001,10.84,93,100,4.12,75,0.3,10000,1001,10.84,93,100,4.12,75,0.3,10000,1001,10.84,93,100,4.12,75,0.3,10000,1001,10.84,93,100,4.12,75,0.3,10000,1001,10.84,93,100,4.12,75,0.3,10000,1001,10.84,93,100,4.12,75,0.3,10000,1001,10.84,93,100,4.12,75,0.3,10000,1001,10.84,93,100,4.12,75,0.3,10000,1001,10.84,93,100,4.12,75,0.3,10000,1001,10.84,93,100,4.12,75,0.3,10000
1001,10.84,93,100,4.12,75,0.3,10000,0,0,15,2,1001,10.84,93,100,4.12,75,0.3,10000,1001,10.84,93,100,4.12,75,0.3,10000,1001,10.84,93,100,4.12,75,0.3,10000,1001,10.84,93,100,4.12,75,0.3,10000,1001,10.84,93,100,4.12,75,0.3,10000,1001,10.84,93,100,4.12,75,0.3,10000,1001,10.84,93,100,4.12,75,0.3,10000,1001,10.84,93,100,4.12,75,0.3,10000,1001,10.84,93,100,4.12,75,0.3,10000,1001,10.84,93,100,4.12,75,0.3,10000,1001,10.84,93,100,4.12,75,0.3,10000,1001,10.84,93,100,4.12,75,0.3,10000
1001,10.84,93,100,4.12,75,0.3,10000,1,0,15,2,1001,10.84,93,100,4.12,75,0.3,10000,1001,10.84,93,100,4.12,75,0.3,10000,1001,10.84,93,100,4.12,75,0.3,10000,1001,10.84,93,100,4.12,75,0.3,10000,1001,10.84,93,100,4.12,75,0.3,10000,1001,10.84,93,100,4.12,75,0.3,10000,1001,10.84,93,100,4.12,75,0.3,10000,1001,10.84,93,100,4.12,75,0.3,10000,1001,10.84,93,100,4.12,75,0.3,10000,1001,10.84,93,100,4.12,75,0.3,10000,1001,10.84,93,100,4.12,75,0.3,10000,1001,10.84,93,100,4.12,75,0.3,10000
1001,10.84,93,100,4.12,75,0.3,10000,2,0,15,2,1001,10.84,93,100,4.12,75,0.3,10000,1001,10.84,93,100,4.12,75,0.3,10000,1001,10.84,93,100,4.12,75,0.3,10000,1001,10.84,93,100,4.12,75,0.3,10000,1001,10.84,93,100,4.12,75,0.3,10000,1001,10.84,93,100,4.12,75,0.3,10000,1001,10.84,93,100,4.12,75,0.3,10000,1001,10.84,93,100,4.12,75,0.3,10000,1001,10.84,93,100,4.12,75,0.3,10000,1001,10.84,93,100,4.12,75,0.3,10000,1001,10.84,93,100,4.12,75,0.3,10000,1001,10.84,93,100,4.12,75,0.3,10000
1001,10.84,93,100,4.12,75,0.3,10000,3,0,15,2,1001,10.84,93,100,4.12,75,0.3,10000,1001,10.84,93,100,4.12,75,0.3,10000,1001,10.84,93,100,4.12,75,0.3,10000,1001,10.84,93,100,4.12,75,0.3,10000,1001,10.84,93,100,4.12,75,0.3,10000,1001,10.84,93,100,4.12,75,0.3,10000,1001,10.84,93,100,4.12,75,0.3,10000,1001,10.84,93,100,4.12,75,0.3,10000,1001,10.84,93,100,4.12,75,0.3,10000,1001,10.84,93,100,4.12,75,0.3,10000,1001,10.84,93,100,4.12,75,0.3,10000,1001,10.84,93,100,4.12,75,0.3,10000
1001,10.84,93,100,4.12,75,0.3,10000,4,0,15,2,1001,10.84,93,100,4.12,75,0.3,10000,1001,10.84,93,100,4.12,75,0.3,10000,1001,10.84,93,100,4.12,75,0.3,10000,1001,10.84,93,100,4.12,75,0.3,10000,1001,10.84,93,100,4.12,75,0.3,10000,1001,10.84,93,100,4.12,75,0.3,10000,1001,10.84,93,100,4.12,75,0.3,10000,1001,10.84,93,100,4.12,75,0.3,10000,1001,10.84,93,100,4.12,75,0.3,10000,1001,10.84,93,100,4.12,75,0.3,10000,1001,10.84,93,100,4.12,75,0.3,10000,1001,10.84,93,100,4.12,75,0.3,10000
1001,10.84,93,100,4.12,75,0.3,10000,5,0,15,2,1001,10.84,93,100,4.12,75,0.3,10000,1001,10.84,93,100,4.12,75,0.3,10000,1001,10.84,93,100,4.12,75,0.3,10000,1001,10.84,93,100,4.12,75,0.3,10000,1001,10.84,93,100,4.12,75,0.3,10000,1001,10.84,93,100,4.12,75,0.3,10000,1001,10.84,93,100,4.12,75,0.3,10000,1001,10.84,93,100,4.12,75,0.3,10000,1001,10.84,93,100,4.12,75,0.3,10000,1001,10.84,93,100,4.12,75,0.3,10000,1001,10.84,93,100,4.12,75,0.3,10000,1001,10.84,93,100,4.12,75,0.3,10000
1001,10.84,93,100,4.12,75,0.3,10000,6,0,15,2,1001,10.84,93,100,4.12,75,0.3,10000,1001,10.84,93,100,4.12,75,0.3,10000,1001,10.84,93,100,4.12,75,0.3,10000,1001,10.84,93,100,4.12,75,0.3,10000,1001,10.84,93,100,4.12,75,0.3,10000,1001,10.84,93,100,4.12,75,0.3,10000,1001,10.84,93,100,4.12,75,0.3,10000,1001,10.84,93,100,4.12,75,0.3,10000,1001,10.84,93,100,4.12,75,0.3,10000,1001,10.84,93,100,4.12,75,0.3,10000,1001,10.84,93,100,4.12,75,0.3,10000,1001,10.84,93,100,4.12,75,0.3,10000
1001,10.84,93,100,4.12,75,0.3,10000,7,0,15,2,1001,10.84,93,100,4.12,75,0.3,10000,1001,10.84,93,100,4.12,75,0.3,10000,1001,10.84,93,100,4.12,75,0.3,10000,1001,10.84,93,100,4.12,75,0.3,10000,1001,10.84,93,100,4.12,75,0.3,10000,1001,10.84,93,100,4.12,75,0.3,10000,1001,10.84,93,100,4.12,75,0.3,10000,1001,10.84,93,100,4.12,75,0.3,10000,1001,10.84,93,100,4.12,75,0.3,10000,1001,10.84,93,100,4.12,75,0.3,10000,1001,10.84,93,100,4.12,75,0.3,10000,1001,10.84,93,100,4.12,75,0.3,10000
1001,10.84,93,100,4.12,75,0.3,10000,8,0,15,2,1001,10.84,93,100,4.12,75,0.3,10000,1001,10.84,93,100,4.12,75,0.3,10000,1001,10.84,93,100,4.12,75,0.3,10000,1001,10.84,93,100,4.12,75,0.3,10000,1001,10.84,93,100,4.12,75,0.3,10000,1001,10.84,93,100,4.12,75,0.3,10000,1001,10.84,93,100,4.12,75,0.3,10000,1001,10.84,93,100,4.12,75,0.3,10000,1001,10.84,93,100,4.12,75,0.3,10000,1001,10.84,93,100,4.12,75,0.3,10000,1001,10.84,93,100,4.12,75,0.3,10000,1001,10.84,93,100,4.12,75,0.3,10000
1001,10.84,93,100,4.12,75,0.3,10000,9,0,15,2,1001,10.84,93,100,4.12,75,0.3,10000,1001,10.84,93,100,4.12,75,0.3,10000,1001,10.84,93,100,4.12,75,0.3,10000,1001,10.84,93,100,4.12,75,0.3,10000,1001,10.84,93,100,4.12,75,0.3,10000,1001,10.84,93,100,4.12,75,0.3,10000,1001,10.84,93,100,4.12,75,0.3,10000,1001,10.84,93,100,4.12,75,0.3,10000,1001,10.84,93,100,4.12,75,0.3,10000,1001,10.84,93,100,4.12,75,0.3,10000,1001,10.84,93,100,4.12,75,0.3,10000,1001,10.84,93,100,4.12,75,0.3,10000
1001,10.84,93,100,4.12,75,0.3,10000,10,0,15,2,1001,10.84,93,100,4.12,75,0.3,10000,1001,10.84,93,100,4.12,75,0.3,10000,1001,10.84,93,100,4.12,75,0.3,10000,1001,10.84,93,100,4.12,75,0.3,10000,1001,10.84,93,100,4.12,75,0.3,10000,1001,10.84,93,100,4.12,75,0.3,10000,1001,10.84,93,100,4.12,75,0.3,10000,1001,10.84,93,100,4.12,75,0.3,10000,1001,10.84,93,100,4.12,75,0.3,10000,1001,10.84,93,100,4.12,75,0.3,10000,1001,10.84,93,100,4.12,75,0.3,10000,1001,10.84,93,100,4.12,75,0.3,10000
1001,10.84,93,100,4.12,75,0.3,10000,11,0,15,2,1001,10.84,93,100,4.12,75,0.3,10000,1001,10.84,93,100,4.12,75,0.3,10000,1001,10.84,93,100,4.12,75,0.3,10000,1001,10.84,93,100,4.12,75,0.3,10000,1001,10.84,93,100,4.12,75,0.3,10000,1001,10.84,93,100,4.12,75,0.3,10000,1001,10.84,93,100,4.12,75,0.3,10000,1001,10.84,93,100,4.12,75,0.3,10000,1001,10.84,93,100,4.12,75,0.3,10000,1001,10.84,93,100,4.12,75,0.3,10000,1001,10.84,93,100,4.12,75,0.3,10000,1001,10.84,93,100,4.12,75,0.3,10000
1001,10.84,93,100,4.12,75,0.3,10000,12,0,15,2,1001,10.84,93,100,4.12,75,0.3,10000,1001,10.84,93,100,4.12,75,0.3,10000,1001,10.84,93,100,4.12,75,0.3,10000,1001,10.84,93,100,4.12,75,0.3,10000,1001,10.84,93,100,4.12,75,0.3,10000,1001,10.84,93,100,4.12,75,0.3,10000,1001,10.84,93,100,4.12,75,0.3,10000,1001,10.84,93,100,4.12,75,0.3,10000,1001,10.84,93,100,4.12,75,0.3,10000,1001,10.84,93,100,4.12,75,0.3,10000,1001,10.84,93,100,4.12,75,0.3,10000,1001,10.84,93,100,4.12,75,0.3,10000
1001,10.84,93,100,4.12,75,0.3,10000,13,0,15,2,1001,10.84,93,100,4.12,75,0.3,10000,1001,10.84,93,100,4.12,75,0.3,10000,1001,10.84,93,100,4.12,75,0.3,10000,1001,10.84,93,100,4.12,75,0.3,10000,1001,10.84,93,100,4.12,75,0.3,10000,1001,10.84,93,100,4.12,75,0.3,10000,1001,10.84,93,100,4.12,75,0.3,10000,1001,10.84,93,100,4.12,75,0.3,10000,1001,10.84,93,100,4.12,75,0.3,10000,1001,10.84,93,100,4.12,75,0.3,10000,1001,10.84,93,100,4.12,75,0.3,10000,1001,10.84,93,100,4.12,75,0.3,10000
1001,10.84,93,100,4.12,75,0.3,10000,14,0,15,2,1001,10.84,93,100,4.12,75,0.3,10000,1001,10.84,93,100,4.12,75,0.3,10000,1001,10.84,93,100,4.12,75,0.3,10000,1001,10.84,93,100,4.12,75,0.3,10000,1001,10.84,93,100,4.12,75,0.3,10000,1001,10.84,93,100,4.12,75,0.3,10000,1001,10.84,93,100,4.12,75,0.3,10000,1001,10.84,93,100,4.12,75,0.3,10000,1001,10.84,93,100,4.12,75,0.3,10000,1001,10.84,93,100,4.12,75,0.3,10000,1001,10.84,93,100,4.12,75,0.3,10000,1001,10.84,93,100,4.12,75,0.3,10000
1001,10.84,93,100,4.12,75,0.3,10000,15,0,15,2,1001,10.84,93,100,4.12,75,0.3,10000,1001,10.84,93,100,4.12,75,0.3,10000,1001,10.84,93,100,4.12,75,0.3,10000,1001,10.84,93,100,4.12,75,0.3,10000,1001,10.84,93,100,4.12,75,0.3,10000,1001,10.84,93,100,4.12,75,0.3,10000,1001,10.84,93,100,4.12,75,0.3,10000,1001,10.84,93,100,4.12,75,0.3,10000,1001,10.84,93,100,4.12,75,0.3,10000,1001,10.84,93,100,4.12,75,0.3,10000,1001,10.84,93,100,4.12,75,0.3,10000,1001,10.84,93,100,4.12,75,0.3,10000
1001,10.84,93,100,4.12,75,0.3,10000,16,0,15,2,1001,10.84,93,100,4.12,75,0.3,10000,1001,10.84,93,100,4.12,75,0.3,10000,1001,10.84,93,100,4.12,75,0.3,10000,1001,10.84,93,100,4.12,75,0.3,10000,1001,10.84,93,100,4.12,75,0.3,10000,1001,10.84,93,100,4.12,75,0.3,10000,1001,10.84,93,100,4.12,75,0.3,10000,1001,10.84,93,100,4.12,75,0.3,10000,1001,10.84,93,100,4.12,75,0.3,10000,1001,10.84,93,100,4.12,75,0.3,10000,1001,10.84,93,100,4.12,75,0.3,10000,1001,10.84,93,100,4.12,75,0.3,10000
1001,10.84,93,100,4.12,75,0.3,10000,17,0,15,2,1001,10.84,93,100,4.12,75,0.3,10000,1001,10.84,93,100,4.12,75,0.3,10000,1001,10.84,93,100,4.12,75,0.3,10000,1001,10.84,93,100,4.12,75,0.3,10000,1001,10.84,93,100,4.12,75,0.3,10000,1001,10.84,93,100,4.12,75,0.3,10000,1001,10.84,93,100,4.12,75,0.3,10000,1001,10.84,93,100,4.12,75,0.3,10000,1001,10.84,93,100,4.12,75,0.3,10000,1001,10.84,93,100,4.12,75,0.3,10000,1001,10.84,93,100,4.12,75,0.3,10000,1001,10.84,93,100,4.12,75,0.3,10000
1001,10.84,93,100,4.12,75,0.3,10000,18,0,15,2,1001,10.84,93,100,4.12,75,0.3,10000,1001,10.84,93,100,4.12,75,0.3,10000,1001,10.84,93,100,4.12,75,0.3,10000,1001,10.84,93,100,4.12,75,0.3,10000,1001,10.84,93,100,4.12,75,0.3,10000,1001,10.84,93,100,4.12,75,0.3,10000,1001,10.84,93,100,4.12,75,0.3,10000,1001,10.84,93,100,4.12,75,0.3,10000,1001,10.84,93,100,4.12,75,0.3,10000,1001,10.84,93,100,4.12,75,0.3,10000,1001,10.84,93,100,4.12,75,0.3,10000,1001,10.84,93,100,4.12,75,0.3,10000
1001,10.84,93,100,4.12,75,0.3,10000,19,0,15,2,1001,10.84,93,100,4.12,75,0.3,10000,1001,10.84,93,100,4.12,75,0.3,10000,1001,10.84,93,100,4.12,75,0.3,10000,1001,10.84,93,100,4.12,75,0.3,10000,1001,10.84,93,100,4.12,75,0.3,10000,1001,10.84,93,100,4.12,75,0.3,10000,1001,10.84,93,100,4.12,75,0.3,10000,1001,10.84,93,100,4.12,75,0.3,10000,1001,10.84,93,100,4.12,75,0.3,10000,1001,10.84,93,100,4.12,75,0.3,10000,1001,10.84,93,100,4.12,75,0.3,10000,1001,10.84,93,100,4.12,75,0.3,10000
1001,9.84,100,90,3.6,100,0.42,5000,20,0,15,2,1001,9.84,100,90,3.6,100,0.42,5000,1001,9.84,100,90,3.6,100,0.42,5000,1001,9.84,100,90,3.6,100,0.42,5000,1001,9.84,100,90,3.6,100,0.42,5000,1001,9.84,100,90,3.6,100,0.42,5000,1001,9.84,100,90,3.6,100,0.42,5000,1001,9.84,100,90,3.6,100,0.42,5000,1001,9.84,100,90,3.6,100,0.42,5000,1001,9.84,100,90,3.6,100,0.42,5000,1001,9.84,100,90,3.6,100,0.42,5000,1001,9.84,100,90,3.6,100,0.42,5000,1001,9.84,100,90,3.6,100,0.42,5000
1001,9.84,100,90,3.6,100,0.42,5000,21,0,15,2,1001,9.84,100,90,3.6,100,0.42,5000,1001,9.84,100,90,3.6,100,0.42,5000,1001,9.84,100,90,3.6,100,0.42,5000,1001,9.84,100,90,3.6,100,0.42,5000,1001,9.84,100,90,3.6,100,0.42,5000,1001,9.84,100,90,3.6,100,0.42,5000,1001,9.84,100,90,3.6,100,0.42,5000,1001,9.84,100,90,3.6,100,0.42,5000,1001,9.84,100,90,3.6,100,0.42,5000,1001,9.84,100,90,3.6,100,0.42,5000,1001,9.84,100,90,3.6,100,0.42,5000,1001,9.84,100,90,3.6,100,0.42,5000
1001,9.84,100,90,3.6,100,0.42,5000,22,0,15,2,1001,9.84,100,90,3.6,100,0.42,5000,1001,9.84,100,90,3.6,100,0.42,5000,1001,9.84,100,90,3.6,100,0.42,5000,1001,9.84,100,90,3.6,100,0.42,5000,1001,9.84,100,90,3.6,100,0.42,5000,1001,9.84,100,90,3.6,100,0.42,5000,1001,9.84,100,90,3.6,100,0.42,5000,1001,9.84,100,90,3.6,100,0.42,5000,1001,9.84,100,90,3.6,100,0.42,5000,1001,9.84,100,90,3.6,100,0.42,5000,1001,9.84,100,90,3.6,100,0.42,5000,1001,9.84,100,90,3.6,100,0.42,5000
1001,9.84,100,90,3.6,100,0.42,5000,23,0,15,2,1001,9.84,100,90,3.6,100,0.42,5000,1001,9.84,100,90,3.6,100,0.42,5000,1001,9.84,100,90,3.6,100,0.42,5000,1001,9.84,100,90,3.6,100,0.42,5000,1001,9.84,100,90,3.6,100,0.42,5000,1001,9.84,100,90,3.6,100,0.42,5000,1001,9.84,100,90,3.6,100,0.42,5000,1001,9.84,100,90,3.6,100,0.42,5000,1001,9.84,100,90,3.6,100,0.42,5000,1001,9.84,100,90,3.6,100,0.42,5000,1001,9.84,100,90,3.6,100,0.42,5000,1001,9.84,100,90,3.6,100,0.42,5000
1001,9.84,100,90,3.6,100,0.42,5000,0,0,16,2,1001,9.84,100,90,3.6,100,0.42,5000,1001,9.84,100,90,3.6,100,0.42,5000,1001,9.84,100,90,3.6,100,0.42,5000,1001,9.84,100,90,3.6,100,0.42,5000,1001,9.84,100,90,3.6,100,0.42,5000,1001,9.84,100,90,3.6,100,0.42,5000,1001,9.84,100,90,3.6,100,0.42,5000,1001,9.84,100,90,3.6,100,0.42,5000,1001,9.84,100,90,3.6,100,0.42,5000,1001,9.84,100,90,3.6,100,0.42,5000,1001,9.84,100,90,3.6,100,0.42,5000,1001,9.84,100,90,3.6,100,0.42,5000
1001,9.84,100,90,3.6,100,0.42,5000,1,0,16,2,1001,9.84,100,90,3.6,100,0.42,5000,1001,9.84,100,90,3.6,100,0.42,5000,1001,9.84,100,90,3.6,100,0.42,5000,1001,9.84,100,90,3.6,100,0.42,5000,1001,9.84,100,90,3.6,100,0.42,5000,1001,9.84,100,90,3.6,100,0.42,5000,1001,9.84,100,90,3.6,100,0.42,5000,1001,9.84,100,90,3.6,100,0.42,5000,1001,9.84,100,90,3.6,100,0.42,5000,1001,9.84,100,90,3.6,100,0.42,5000,1001,9.84,100,90,3.6,100,0.42,5000,1001,9.84,100,90,3.6,100,0.42,5000
1001,9.84,100,90,3.6,100,0.42,5000,2,0,16,2,1001,9.84,100,90,3.6,100,0.42,5000,1001,9.84,100,90,3.6,100,0.42,5000,1001,9.84,100,90,3.6,100,0.42,5000,1001,9.84,100,90,3.6,100,0.42,5000,1001,9.84,100,90,3.6,100,0.42,5000,1001,9.84,100,90,3.6,100,0.42,5000,1001,9.84,100,90,3.6,100,0.42,5000,1001,9.84,100,90,3.6,100,0.42,5000,1001,9.84,100,90,3.6,100,0.42,5000,1001,9.84,100,90,3.6,100,0.42,5000,1001,9.84,100,90,3.6,100,0.42,5000,1001,9.84,100,90,3.6,100,0.42,5000
1001,9.84,100,90,3.6,100,0.42,5000,3,0,16,2,1001,9.84,100,90,3.6,100,0.42,5000,1001,9.84,100,90,3.6,100,0.42,5000,1001,9.84,100,90,3.6,100,0.42,5000,1001,9.84,100,90,3.6,100,0.42,5000,1001,9.84,100,90,3.6,100,0.42,5000,1001,9.84,100,90,3.6,100,0.42,5000,1001,9.84,100,90,3.6,100,0.42,5000,1001,9.84,100,90,3.6,100,0.42,5000,1001,9.84,100,90,3.6,100,0.42,5000,1001,9.84,100,90,3.6,100,0.42,5000,1001,9.84,100,90,3.6,100,0.42,5000,1001,9.84,100,90,3.6,100,0.42,5000
1001,9.84,100,90,3.6,100,0.42,5000,4,0,16,2,1001,9.84,100,90,3.6,100,0.42,5000,1001,9.84,100,90,3.6,100,0.42,5000,1001,9.84,100,90,3.6,100,0.42,5000,1001,9.84,100,90,3.6,100,0.42,5000,1001,9.84,100,90,3.6,100,0.42,5000,1001,9.84,100,90,3.6,100,0.42,5000,1001,9.84,100,90,3.6,100,0.42,5000,1001,9.84,100,90,3.6,100,0.42,5000,1001,9.84,100,90,3.6,100,0.42,5000,1001,9.84,100,90,3.6,100,0.42,5000,1001,9.84,100,90,3.6,100,0.42,5000,1001,9.84,100,90,3.6,100,0.42,5000
1001,9.84,100,90,3.6,100,0.42,5000,5,0,16,2,1001,9.84,100,90,3.6,100,0.42,5000,1001,9.84,100,90,3.6,100,0.42,5000,1001,9.84,100,90,3.6,100,0.42,5000,1001,9.84,100,90,3.6,100,0.42,5000,1001,9.84,100,90,3.6,100,0.42,5000,1001,9.84,100,90,3.6,100,0.42,5000,1001,9.84,100,90,3.6,100,0.42,5000,1001,9.84,100,90,3.6,100,0.42,5000,1001,9.84,100,90,3.6,100,0.42,5000,1001,9.84,100,90,3.6,100,0.42,5000,1001,9.84,100,90,3.6,100,0.42,5000,1001,9.84,100,90,3.6,100,0.42,5000
1001,9.84,100,90,3.6,100,0.42,5000,6,0,16,2,1001,9.84,100,90,3.6,100,0.42,5000,1001,9.84,100,90,3.6,100,0.42,5000,1001,9.84,100,90,3.6,100,0.42,5000,1001,9.84,100,90,3.6,100,0.42,5000,1001,9.84,100,90,3.6,100,0.42,5000,1001,9.84,100,90,3.6,100,0.42,5000,1001,9.84,100,90,3.6,100,0.42,5000,1001,9.84,100,90,3.6,100,0.42,5000,1001,9.84,100,90,3.6,100,0.42,5000,1001,9.84,100,90,3.6,100,0.42,5000,1001,9.84,100,90,3.6,100,0.42,5000,1001,9.84,100,90,3.6,100,0.42,5000
1001,9.84,100,90,3.6,100,0.42,5000,7,0,16,2,1001,9.84,100,90,3.6,100,0.42,5000,1001,9.84,100,90,3.6,100,0.42,5000,1001,9.84,100,90,3.6,100,0.42,5000,1001,9.84,100,90,3.6,100,0.42,5000,1001,9.84,100,90,3.6,100,0.42,5000,1001,9.84,100,90,3.6,100,0.42,5000,1001,9.84,100,90,3.6,100,0.42,5000,1001,9.84,100,90,3.6,100,0.42,5000,1001,9.84,100,90,3.6,100,0.42,5000,1001,9.84,100,90,3.6,100,0.42,5000,1001,9.84,100,90,3.6,100,0.42,5000,1001,9.84,100,90,3.6,100,0.42,5000
1001,9.84,100,90,3.6,100,0.42,5000,8,0,16,2,1001,9.84,100,90,3.6,100,0.42,5000,1001,9.84,100,90,3.6,100,0.42,5000,1001,9.84,100,90,3.6,100,0.42,5000,1001,9.84,100,90,3.6,100,0.42,5000,1001,9.84,100,90,3.6,100,0.42,5000,1001,9.84,100,90,3.6,100,0.42,5000,1001,9.84,100,90,3.6,100,0.42,5000,1001,9.84,100,90,3.6,100,0.42,5000,1001,9.84,100,90,3.6,100,0.42,5000,1001,9.84,100,90,3.6,100,0.42,5000,1001,9.84,100,90,3.6,100,0.42,5000,1001,9.84,100,90,3.6,100,0.42,5000
1001,9.84,100,90,3.6,100,0.42,5000,9,0,16,2,1001,9.84,100,90,3.6,100,0.42,5000,1001,9.84,100,90,3.6,100,0.42,5000,1001,9.84,100,90,3.6,100,0.42,5000,1001,9.84,100,90,3.6,100,0.42,5000,1001,9.84,100,90,3.6,100,0.42,5000,1001,9.84,100,90,3.6,100,0.42,5000,1001,9.84,100,90,3.6,100,0.42,5000,1001,9.84,100,90,3.6,100,0.42,5000,1001,9.84,100,90,3.6,100,0.42,5000,1001,9.84,100,90,3.6,100,0.42,5000,1001,9.84,100,90,3.6,100,0.42,5000,1001,9.84,100,90,3.6,100,0.42,5000
1001,9.84,100,90,3.6,100,0.42,5000,10,0,16,2,1001,9.84,100,90,3.6,100,0.42,5000,1001,9.84,100,90,3.6,100,0.42,5000,1001,9.84,100,90,3.6,100,0.42,5000,1001,9.84,100,90,3.6,100,0.42,5000,1001,9.84,100,90,3.6,100,0.42,5000,1001,9.84,100,90,3.6,100,0.42,5000,1001,9.84,100,90,3.6,100,0.42,5000,1001,9.84,100,90,3.6,100,0.42,5000,1001,9.84,100,90,3.6,100,0.42,5000,1001,9.84,100,90,3.6,100,0.42,5000,1001,9.84,100,90,3.6,100,0.42,5000,1001,9.84,100,90,3.6,100,0.42,5000
1001,9.84,100,90,3.6,100,0.42,5000,11,0,16,2,1001,9.84,100,90,3.6,100,0.42,5000,1001,9.84,100,90,3.6,100,0.42,5000,1001,9.84,100,90,3.6,100,0.42,5000,1001,9.84,100,90,3.6,100,0.42,5000,1001,9.84,100,90,3.6,100,0.42,5000,1001,9.84,100,90,3.6,100,0.42,5000,1001,9.84,100,90,3.6,100,0.42,5000,1001,9.84,100,90,3.6,100,0.42,5000,1001,9.84,100,90,3.6,100,0.42,5000,1001,9.84,100,90,3.6,100,0.42,5000,1001,9.84,100,90,3.6,100,0.42,5000,1001,9.84,100,90,3.6,100,0.42,5000
1001,9.84,100,90,3.6,100,0.42,5000,12,0,16,2,1001,9.84,100,90,3.6,100,0.42,5000,1001,9.84,100,90,3.6,100,0.42,5000,1001,9.84,100,90,3.6,100,0.42,5000,1001,9.84,100,90,3.6,100,0.42,5000,1001,9.84,100,90,3.6,100,0.42,5000,1001,9.84,100,90,3.6,100,0.42,5000,1001,9.84,100,90,3.6,100,0.42,5000,1001,9.84,100,90,3.6,100,0.42,5000,1001,9.84,100,90,3.6,100,0.42,5000,1001,9.84,100,90,3.6,100,0.42,5000,1001,9.84,100,90,3.6,100,0.42,5000,1001,9.84,100,90,3.6,100,0.42,5000
1001,9.84,100,90,3.6,100,0.42,5000,13,0,16,2,1001,9.84,100,90,3.6,100,0.42,5000,1001,9.84,100,90,3.6,100,0.42,5000,1001,9.84,100,90,3.6,100,0.42,5000,1001,9.84,100,90,3.6,100,0.42,5000,1001,9.84,100,90,3.6,100,0.42,5000,1001,9.84,100,90,3.6,100,0.42,5000,1001,9.84,100,90,3.6,100,0.42,5000,1001,9.84,100,90,3.6,100,0.42,5000,1001,9.84,100,90,3.6,100,0.42,5000,1001,9.84,100,90,3.6,100,0.42,5000,1001,9.84,100,90,3.6,100,0.42,5000,1001,9.84,100,90,3.6,100,0.42,5000
1001,9.84,100,90,3.6,100,0.42,5000,14,0,16,2,1001,9.84,100,90,3.6,100,0.42,5000,1001,9.84,100,90,3.6,100,0.42,5000,1001,9.84,100,90,3.6,100,0.42,5000,1001,9.84,100,90,3.6,100,0.42,5000,1001,9.84,100,90,3.6,100,0.42,5000,1001,9.84,100,90,3.6,100,0.42,5000,1001,9.84,100,90,3.6,100,0.42,5000,1001,9.84,100,90,3.6,100,0.42,5000,1001,9.84,100,90,3.6,100,0.42,5000,1001,9.84,100,90,3.6,100,0.42,5000,1001,9.84,100,90,3.6,100,0.42,5000,1001,9.84,100,90,3.6,100,0.42,5000
1001,9.84,100,90,3.6,100,0.42,5000,15,0,16,2,1001,9.84,100,90,3.6,100,0.42,5000,1001,9.84,100,90,3.6,100,0.42,5000,1001,9.84,100,90,3.6,100,0.42,5000,1001,9.84,100,90,3.6,100,0.42,5000,1001,9.84,100,90,3.6,100,0.42,5000,1001,9.84,100,90,3.6,100,0.42,5000,1001,9.84,100,90,3.6,100,0.42,5000,1001,9.84,100,90,3.6,100,0.42,5000,1001,9.84,100,90,3.6,100,0.42,5000,1001,9.84,100,90,3.6,100,0.42,5000,1001,9.84,100,90,3.6,100,0.42,5000,1001,9.84,100,90,3.6,100,0.42,5000
1001,9.84,100,90,3.6,100,0.42,5000,16,0,16,2,1001,9.84,100,90,3.6,100,0.42,5000,1001,9.84,100,90,3.6,100,0.42,5000,1001,9.84,100,90,3.6,100,0.42,5000,1001,9.84,100,90,3.6,100,0.42,5000,1001,9.84,100,90,3.6,100,0.42,5000,1001,9.84,100,90,3.6,100,0.42,5000,1001,9.84,100,90,3.6,100,0.42,5000,1001,9.84,100,90,3.6,100,0.42,5000,1001,9.84,100,90,3.6,100,0.42,5000,1001,9.84,100,90,3.6,100,0.42,5000,1001,9.84,100,90,3.6,100,0.42,5000,1001,9.84,100,90,3.6,100,0.42,5000
1001,9.84,100,90,3.6,100,0.42,5000,17,0,16,2,1001,9.84,100,90,3.6,100,0.42,5000,1001,9.84,100,90,3.6,100,0.42,5000,1001,9.84,100,90,3.6,100,0.42,5000,1001,9.84,100,90,3.6,100,0.42,5000,1001,9.84,100,90,3.6,100,0.42,5000,1001,9.84,100,90,3.6,100,0.42,5000,1001,9.84,100,90,3.6,100,0.42,5000,1001,9.84,100,90,3.6,100,0.42,5000,1001,9.84,100,90,3.6,100,0.42,5000,1001,9.84,100,90,3.6,100,0.42,5000,1001,9.84,100,90,3.6,100,0.42,5000,1001,9.84,100,90,3.6,100,0.42,5000
1001,9.84,100,90,3.6,100,0.42,5000,18,0,16,2,1001,9.84,100,90,3.6,100,0.42,5000,1001,9.84,100,90,3.6,100,0.42,5000,1001,9.84,100,90,3.6,100,0.42,5000,1001,9.84,100,90,3.6,100,0.42,5000,1001,9.84,100,90,3.6,100,0.42,5000,1001,9.84,100,90,3.6,100,0.42,5000,1001,9.84,100,90,3.6,100,0.42,5000,1001,9.84,100,90,3.6,100,0.42,5000,1001,9.84,100,90,3.6,100,0.42,5000,1001,9.84,100,90,3.6,100,0.42,5000,1001,9.84,100,90,3.6,100,0.42,5000,1001,9.84,100,90,3.6,100,0.42,5000
1001,9.84,100,90,3.6,100,0.42,5000,19,0,16,2,1001,9.84,100,90,3.6,100,0.42,5000,1001,9.84,100,90,3.6,100,0.42,5000,1001,9.84,100,90,3.6,100,0.42,5000,1001,9.84,100,90,3.6,100,0.42,5000,1001,9.84,100,90,3.6,100,0.42,5000,1001,9.84,100,90,3.6,100,0.42,5000,1001,9.84,100,90,3.6,100,0.42,5000,1001,9.84,100,90,3.6,100,0.42,5000,1001,9.84,100,90,3.6,100,0.42,5000,1001,9.84,100,90,3.6,100,0.42,5000,1001,9.84,100,90,3.6,100,0.42,5000,1001,9.84,100,90,3.6,100,0.42,5000
1001,9.84,100,90,3.6,100,0.42,5000,20,0,16,2,1001,9.84,100,90,3.6,100,0.42,5000,1001,9.84,100,90,3.6,100,0.42,5000,1001,9.84,100,90,3.6,100,0.42,5000,1001,9.84,100,90,3.6,100,0.42,5000,1001,9.84,100,90,3.6,100,0.42,5000,1001,9.84,100,90,3.6,100,0.42,5000,1001,9.84,100,90,3.6,100,0.42,5000,1001,9.84,100,90,3.6,100,0.42,5000,1001,9.84,100,90,3.6,100,0.42,5000,1001,9.84,100,90,3.6,100,0.42,5000,1001,9.84,100,90,3.6,100,0.42,5000,1001,9.84,100,90,3.6,100,0.42,5000
1001,9.84,100,90,3.6,100,0.42,5000,21,0,16,2,1001,9.84,100,90,3.6,100,0.42,5000,1001,9.84,100,90,3.6,100,0.42,5000,1001,9.84,100,90,3.6,100,0.42,5000,1001,9.84,100,90,3.6,100,0.42,5000,1001,9.84,100,90,3.6,100,0.42,5000,1001,9.84,100,90,3.6,100,0.42,5000,1001,9.84,100,90,3.6,100,0.42,5000,1001,9.84,100,90,3.6,100,0.42,5000,1001,9.84,100,90,3.6,100,0.42,5000,1001,9.84,100,90,3.6,100,0.42,5000,1001,9.84,100,90,3.6,100,0.42,5000,1001,9.84,100,90,3.6,100,0.42,5000
1001,9.84,100,90,3.6,100,0.42,5000,22,0,16,2,1001,9.84,100,90,3.6,100,0.42,5000,1001,9.84,100,90,3.6,100,0.42,5000,1001,9.84,100,90,3.6,100,0.42,5000,1001,9.84,100,90,3.6,100,0.42,5000,1001,9.84,100,90,3.6,100,0.42,5000,1001,9.84,100,90,3.6,100,0.42,5000,1001,9.84,100,90,3.6,100,0.42,5000,1001,9.84,100,90,3.6,100,0.42,5000,1001,9.84,100,90,3.6,100,0.42,5000,1001,9.84,100,90,3.6,100,0.42,5000,1001,9.84,100,90,3.6,100,0.42,5000,1001,9.84,100,90,3.6,100,0.42,5000
1001,9.84,100,90,3.6,100,0.42,5000,23,0,16,2,1001,9.84,100,90,3.6,100,0.42,5000,1001,9.84,100,90,3.6,100,0.42,5000,1001,9.84,100,90,3.6,100,0.42,5000,1001,9.84,100,90,3.6,100,0.42,5000,1001,9.84,100,90,3.6,100,0.42,5000,1001,9.84,100,90,3.6,100,0.42,5000,1001,9.84,100,90,3.6,100,0.42,5000,1001,9.84,100,90,3.6,100,0.42,5000,1001,9.84,100,90,3.6,100,0.42,5000,1001,9.84,100,90,3.6,100,0.42,5000,1001,9.84,100,90,3.6,100,0.42,5000,1001,9.84,100,90,3.6,100,0.42,5000
1001,9.84,100,90,3.6,100,0.42,5000,0,0,17,2,1001,9.84,100,90,3.6,100,0.42,5000,1001,9.84,100,90,3.6,100,0.42,5000,1001,9.84,100,90,3.6,100,0.42,5000,1001,9.84,100,90,3.6,100,0.42,5000,1001,9.84,100,90,3.6,100,0.42,5000,1001,9.84,100,90,3.6,100,0.42,5000,1001,9.84,100,90,3.6,100,0.42,5000,1001,9.84,100,90,3.6,100,0.42,5000,1001,9.84,100,90,3.6,100,0.42,5000,1001,9.84,100,90,3.6,100,0.42,5000,1001,9.84,100,90,3.6,100,0.42,5000,1001,9.84,100,90,3.6,100,0.42,5000
1001,9.84,100,90,3.6,100,0.42,5000,1,0,17,2,1001,9.84,100,90,3.6,100,0.42,5000,1001,9.84,100,90,3.6,100,0.42,5000,1001,9.84,100,90,3.6,100,0.42,5000,1001,9.84,100,90,3.6,100,0.42,5000,1001,9.84,100,90,3.6,100,0.42,5000,1001,9.84,100,90,3.6,100,0.42,5000,1001,9.84,100,90,3.6,100,0.42,5000,1001,9.84,100,90,3.6,100,0.42,5000,1001,9.84,100,90,3.6,100,0.42,5000,1001,9.84,100,90,3.6,100,0.42,5000,1001,9.84,100,90,3.6,100,0.42,5000,1001,9.84,100,90,3.6,100,0.42,5000
1001,9.84,100,90,3.6,100,0.42,5000,2,0,17,2,1001,9.84,100,90,3.6,100,0.42,5000,1001,9.84,100,90,3.6,100,0.42,5000,1001,9.84,100,90,3.6,100,0.42,5000,1001,9.84,100,90,3.6,100,0.42,5000,1001,9.84,100,90,3.6,100,0.42,5000,1001,9.84,100,90,3.6,100,0.42,5000,1001,9.84,100,90,3.6,100,0.42,5000,1001,9.84,100,90,3.6,100,0.42,5000,1001,9.84,100,90,3.6,100,0.42,5000,1001,9.84,100,90,3.6,100,0.42,5000,1001,9.84,100,90,3.6,100,0.42,5000,1001,9.84,100,90,3.6,100,0.42,5000
1001,9.84,100,90,3.6,100,0.42,5000,3,0,17,2,1001,9.84,100,90,3.6,100,0.42,5000,1001,9.84,100,90,3.6,100,0.42,5000,1001,9.84,100,90,3.6,100,0.42,5000,1001,9.84,100,90,3.6,100,0.42,5000,1001,9.84,100,90,3.6,100,0.42,5000,1001,9.84,100,90,3.6,100,0.42,5000,1001,9.84,100,90,3.6,100,0.42,5000,1001,9.84,100,90,3.6,100,0.42,5000,1001,9.84,100,90,3.6,100,0.42,5000,1001,9.84,100,90,3.6,100,0.42,5000,1001,9.84,100,90,3.6,100,0.42,5000,1001,9.84,100,90,3.6,100,0.42,5000
1001,9.84,100,90,3.6,100,0.42,5000,4,0,17,2,1001,9.84,100,90,3.6,100,0.42,5000,1001,9.84,100,90,3.6,100,0.42,5000,1001,9.84,100,90,3.6,100,0.42,5000,1001,9.84,100,90,3.6,100,0.42,5000,1001,9.84,100,90,3.6,100,0.42,5000,1001,9.84,100,90,3.6,100,0.42,5000,1001,9.84,100,90,3.6,100,0.42,5000,1001,9.84,100,90,3.6,100,0.42,5000,1001,9.84,100,90,3.6,100,0.42,5000,1001,9.84,100,90,3.6,100,0.42,5000,1001,9.84,100,90,3.6,100,0.42,5000,1001,9.84,100,90,3.6,100,0.42,5000
1001,9.84,100,90,3.6,100,0.42,5000,5,0,17,2,1001,9.84,100,90,3.6,100,0.42,5000,1001,9.84,100,90,3.6,100,0.42,5000,1001,9.84,100,90,3.6,100,0.42,5000,1001,9.84,100,90,3.6,100,0.42,5000,1001,9.84,100,90,3.6,100,0.42,5000,1001,9.84,100,90,3.6,100,0.42,5000,1001,9.84,100,90,3.6,100,0.42,5000,1001,9.84,100,90,3.6,100,0.42,5000,1001,9.84,100,90,3.6,100,0.42,5000,1001,9.84,100,90,3.6,100,0.42,5000,1001,9.84,100,90,3.6,100,0.42,5000,1001,9.84,100,90,3.6,100,0.42,5000
1001,9.84,100,90,3.6,100,0.42,5000,6,0,17,2,1001,9.84,100,90,3.6,100,0.42,5000,1001,9.84,100,90,3.6,100,0.42,5000,1001,9.84,100,90,3.6,100,0.42,5000,1001,9.84,100,90,3.6,100,0.42,5000,1001,9.84,100,90,3.6,100,0.42,5000,1001,9.84,100,90,3.6,100,0.42,5000,1001,9.84,100,90,3.6,100,0.42,5000,1001,9.84,100,90,3.6,100,0.42,5000,1001,9.84,100,90,3.6,100,0.42,5000,1001,9.84,100,90,3.6,100,0.42,5000,1001,9.84,100,90,3.6,100,0.42,5000,1001,9.84,100,90,3.6,100,0.42,5000
1001,9.84,100,90,3.6,100,0.42,5000,7,0,17,2,1001,9.84,100,90,3.6,100,0.42,5000,1001,9.84,100,90,3.6,100,0.42,5000,1001,9.84,100,90,3.6,100,0.42,5000,1001,9.84,100,90,3.6,100,0.42,5000,1001,9.84,100,90,3.6,100,0.42,5000,1001,9.84,100,90,3.6,100,0.42,5000,1001,9.84,100,90,3.6,100,0.42,5000,1001,9.84,100,90,3.6,100,0.42,5000,1001,9.84,100,90,3.6,100,0.42,5000,1001,9.84,100,90,3.6,100,0.42,5000,1001,9.84,100,90,3.6,100,0.42,5000,1001,9.84,100,90,3.6,100,0.42,5000
1001,9.84,100,90,3.6,100,0.42,5000,8,0,17,2,1001,9.84,100,90,3.6,100,0.42,5000,1001,9.84,100,90,3.6,100,0.42,5000,1001,9.84,100,90,3.6,100,0.42,5000,1001,9.84,100,90,3.6,100,0.42,5000,1001,9.84,100,90,3.6,100,0.42,5000,1001,9.84,100,90,3.6,100,0.42,5000,1001,9.84,100,90,3.6,100,0.42,5000,1001,9.84,100,90,3.6,100,0.42,5000,1001,9.84,100,90,3.6,100,0.42,5000,1001,9.84,100,90,3.6,100,0.42,5000,1001,9.84,100,90,3.6,100,0.42,5000,1001,9.84,100,90,3.6,100,0.42,5000
1001,9.84,100,90,3.6,100,0.42,5000,9,0,17,2,1001,9.84,100,90,3.6,100,0.42,5000,1001,9.84,100,90,3.6,100,0.42,5000,1001,9.84,100,90,3.6,100,0.42,5000,1001,9.84,100,90,3.6,100,0.42,5000,1001,9.84,100,90,3.6,100,0.42,5000,1001,9.84,100,90,3.6,100,0.42,5000,1001,9.84,100,90,3.6,100,0.42,5000,1001,9.84,100,90,3.6,100,0.42,5000,1001,9.84,100,90,3.6,100,0.42,5000,1001,9.84,100,90,3.6,100,0.42,5000,1001,9.84,100,90,3.6,100,0.42,5000,1001,9.84,100,90,3.6,100,0.42,5000
1001,9.84,100,90,3.6,100,0.42,5000,10,0,17,2,1001,9.84,100,90,3.6,100,0.42,5000,1001,9.84,100,90,3.6,100,0.42,5000,1001,9.84,100,90,3.6,100,0.42,5000,1001,9.84,100,90,3.6,100,0.42,5000,1001,9.84,100,90,3.6,100,0.42,5000,1001,9.84,100,90,3.6,100,0.42,5000,1001,9.84,100,90,3.6,100,0.42,5000,1001,9.84,100,90,3.6,100,0.42,5000,1001,9.84,100,90,3.6,100,0.42,5000,1001,9.84,100,90,3.6,100,0.42,5000,1001,9.84,100,90,3.6,100,0.42,5000,1001,9.84,100,90,3.6,100,0.42,5000
1001,9.84,100,90,3.6,100,0.42,5000,11,0,17,2,1001,9.84,100,90,3.6,100,0.42,5000,1001,9.84,100,90,3.6,100,0.42,5000,1001,9.84,100,90,3.6,100,0.42,5000,1001,9.84,100,90,3.6,100,0.42,5000,1001,9.84,100,90,3.6,100,0.42,5000,1001,9.84,100,90,3.6,100,0.42,5000,1001,9.84,100,90,3.6,100,0.42,5000,1001,9.84,100,90,3.6,100,0.42,5000,1001,9.84,100,90,3.6,100,0.42,5000,1001,9.84,100,90,3.6,100,0.42,5000,1001,9.84,100,90,3.6,100,0.42,5000,1001,9.84,100,90,3.6,100,0.42,5000
1001,9.84,100,90,3.6,100,0.42,5000,12,0,17,2,1001,9.84,100,90,3.6,100,0.42,5000,1001,9.84,100,90,3.6,100,0.42,5000,1001,9.84,100,90,3.6,100,0.42,5000,1001,9.84,100,90,3.6,100,0.42,5000,1001,9.84,100,90,3.6,100,0.42,5000,1001,9.84,100,90,3.6,100,0.42,5000,1001,9.84,100,90,3.6,100,0.42,5000,1001,9.84,100,90,3.6,100,0.42,5000,1001,9.84,100,90,3.6,100,0.42,5000,1001,9.84,100,90,3.6,100,0.42,5000,1001,9.84,100,90,3.6,100,0.42,5000,1001,9.84,100,90,3.6,100,0.42,5000
1001,9.84,100,90,3.6,100,0.42,5000,13,0,17,2,1001,9.84,100,90,3.6,100,0.42,5000,1001,9.84,100,90,3.6,100,0.42,5000,1001,9.84,100,90,3.6,100,0.42,5000,1001,9.84,100,90,3.6,100,0.42,5000,1001,9.84,100,90,3.6,100,0.42,5000,1001,9.84,100,90,3.6,100,0.42,5000,1001,9.84,100,90,3.6,100,0.42,5000,1001,9.84,100,90,3.6,100,0.42,5000,1001,9.84,100,90,3.6,100,0.42,5000,1001,9.84,100,90,3.6,100,0.42,5000,1001,9.84,100,90,3.6,100,0.42,5000,1001,9.84,100,90,3.6,100,0.42,5000
1001,9.84,100,90,3.6,100,0.42,5000,14,0,17,2,1001,9.84,100,90,3.6,100,0.42,5000,1001,9.84,100,90,3.6,100,0.42,5000,1001,9.84,100,90,3.6,100,0.42,5000,1001,9.84,100,90,3.6,100,0.42,5000,1001,9.84,100,90,3.6,100,0.42,5000,1001,9.84,100,90,3.6,100,0.42,5000,1001,9.84,100,90,3.6,100,0.42,5000,1001,9.84,100,90,3.6,100,0.42,5000,1001,9.84,100,90,3.6,100,0.42,5000,1001,9.84,100,90,3.6,100,0.42,5000,1001,9.84,100,90,3.6,100,0.42,5000,1001,9.84,100,90,3.6,100,0.42,5000
1001,9.84,100,90,3.6,100,0.42,5000,15,0,17,2,1001,9.84,100,90,3.6,100,0.42,5000,1001,9.84,100,90,3.6,100,0.42,5000,1001,9.84,100,90,3.6,100,0.42,5000,1001,9.84,100,90,3.6,100,0.42,5000,1001,9.84,100,90,3.6,100,0.42,5000,1001,9.84,100,90,3.6,100,0.42,5000,1001,9.84,100,90,3.6,100,0.42,5000,1001,9.84,100,90,3.6,100,0.42,5000,1001,9.84,100,90,3.6,100,0.42,5000,1001,9.84,100,90,3.6,100,0.42,5000,1001,9.84,100,90,3.6,100,0.42,5000,1001,9.84,100,90,3.6,100,0.42,5000
1001,9.84,100,90,3.6,100,0.42,5000,16,0,17,2,1001,9.84,100,90,3.6,100,0.42,5000,1001,9.84,100,90,3.6,100,0.42,5000,1001,9.84,100,90,3.6,100,0.42,5000,1001,9.84,100,90,3.6,100,0.42,5000,1001,9.84,100,90,3.6,100,0.42,5000,1001,9.84,100,90,3.6,100,0.42,5000,1001,9.84,100,90,3.6,100,0.42,5000,1001,9.84,100,90,3.6,100,0.42,5000,1001,9.84,100,90,3.6,100,0.42,5000,1001,9.84,100,90,3.6,100,0.42,5000,1001,9.84,100,90,3.6,100,0.42,5000,1001,9.84,100,90,3.6,100,0.42,5000
1001,9.84,100,90,3.6,100,0.42,5000,17,0,17,2,1001,9.84,100,90,3.6,100,0.42,5000,1001,9.84,100,90,3.6,100,0.42,5000,1001,9.84,100,90,3.6,100,0.42,5000,1001,9.84,100,90,3.6,100,0.42,5000,1001,9.84,100,90,3.6,100,0.42,5000,1001,9.84,100,90,3.6,100,0.42,5000,1001,9.84,100,90,3.6,100,0.42,5000,1001,9.84,100,90,3.6,100,0.42,5000,1001,9.84,100,90,3.6,100,0.42,5000,1001,9.84,100,90,3.6,100,0.42,5000,1001,9.84,100,90,3.6,100,0.42,5000,1001,9.84,100,90,3.6,100,0.42,5000
1001,9.84,100,90,3.6,100,0.42,5000,18,0,17,2,1001,9.84,100,90,3.6,100,0.42,5000,1001,9.84,100,90,3.6,100,0.42,5000,1001,9.84,100,90,3.6,100,0.42,5000,1001,9.84,100,90,3.6,100,0.42,5000,1001,9.84,100,90,3.6,100,0.42,5000,1001,9.84,100,90,3.6,100,0.42,5000,1001,9.84,100,90,3.6,100,0.42,5000,1001,9.84,100,90,3.6,100,0.42,5000,1001,9.84,100,90,3.6,100,0.42,5000,1001,9.84,100,90,3.6,100,0.42,5000,1001,9.84,100,90,3.6,100,0.42,5000,1001,9.84,100,90,3.6,100,0.42,5000
1001,9.84,100,90,3.6,100,0.42,5000,19,0,17,2,1001,9.84,100,90,3.6,100,0.42,5000,1001,9.84,100,90,3.6,100,0.42,5000,1001,9.84,100,90,3.6,100,0.42,5000,1001,9.84,100,90,3.6,100,0.42,5000,1001,9.84,100,90,3.6,100,0.42,5000,1001,9.84,100,90,3.6,100,0.42,5000,1001,9.84,100,90,3.6,100,0.42,5000,1001,9.84,100,90,3.6,100,0.42,5000,1001,9.84,100,90,3.6,100,0.42,5000,1001,9.84,100,90,3.6,100,0.42,5000,1001,9.84,100,90,3.6,100,0.42,5000,1001,9.84,100,90,3.6,100,0.42,5000
1001,9.84,100,90,3.6,100,0.42,5000,20,0,17,2,1001,9.84,100,90,3.6,100,0.42,5000,1001,9.84,100,90,3.6,100,0.42,5000,1001,9.84,100,90,3.6,100,0.42,5000,1001,9.84,100,90,3.6,100,0.42,5000,1001,9.84,100,90,3.6,100,0.42,5000,1001,9.84,100,90,3.6,100,0.42,5000,1001,9.84,100,90,3.6,100,0.42,5000,1001,9.84,100,90,3.6,100,0.42,5000,1001,9.84,100,90,3.6,100,0.42,5000,1001,9.84,100,90,3.6,100,0.42,5000,1001,9.84,100,90,3.6,100,0.42,5000,1001,9.84,100,90,3.6,100,0.42,5000
1001,9.84,100,90,3.6,100,0.42,5000,21,0,17,2,1001,9.84,100,90,3.6,100,0.42,5000,1001,9.84,100,90,3.6,100,0.42,5000,1001,9.84,100,90,3.6,100,0.42,5000,1001,9.84,100,90,3.6,100,0.42,5000,1001,9.84,100,90,3.6,100,0.42,5000,1001,9.84,100,90,3.6,100,0.42,5000,1001,9.84,100,90,3.6,100,0.42,5000,1001,9.84,100,90,3.6,100,0.42,5000,1001,9.84,100,90,3.6,100,0.42,5000,1001,9.84,100,90,3.6,100,0.42,5000,1001,9.84,100,90,3.6,100,0.42,5000,1001,9.84,100,90,3.6,100,0.42,5000
1001,9.84,100,90,3.6,100,0.42,5000,22,0,17,2,1001,9.84,100,90,3.6,100,0.42,5000,1001,9.84,100,90,3.6,100,0.42,5000,1001,9.84,100,90,3.6,100,0.42,5000,1001,9.84,100,90,3.6,100,0.42,5000,1001,9.84,100,90,3.6,100,0.42,5000,1001,9.84,100,90,3.6,100,0.42,5000,1001,9.84,100,90,3.6,100,0.42,5000,1001,9.84,100,90,3.6,100,0.42,5000,1001,9.84,100,90,3.6,100,0.42,5000,1001,9.84,100,90,3.6,100,0.42,5000,1001,9.84,100,90,3.6,100,0.42,5000,1001,9.84,100,90,3.6,100,0.42,5000
1001,9.84,100,90,3.6,100,0.42,5000,23,0,17,2,1001,9.84,100,90,3.6,100,0.42,5000,1001,9.84,100,90,3.6,100,0.42,5000,1001,9.84,100,90,3.6,100,0.42,5000,1001,9.84,100,90,3.6,100,0.42,5000,1001,9.84,100,90,3.6,100,0.42,5000,1001,9.84,100,90,3.6,100,0.42,5000,1001,9.84,100,90,3.6,100,0.42,5000,1001,9.84,100,90,3.6,100,0.42,5000,1001,9.84,100,90,3.6,100,0.42,5000,1001,9.84,100,90,3.6,100,0.42,5000,1001,9.84,100,90,3.6,100,0.42,5000,1001,9.84,100,90,3.6,100,0.42,5000
1001,9.84,100,90,3.6,100,0.42,5000,0,0,18,2,1001,9.84,100,90,3.6,100,0.42,5000,1001,9.84,100,90,3.6,100,0.42,5000,1001,9.84,100,90,3.6,100,0.42,5000,1001,9.84,100,90,3.6,100,0.42,5000,1001,9.84,100,90,3.6,100,0.42,5000,1001,9.84,100,90,3.6,100,0.42,5000,1001,9.84,100,90,3.6,100,0.42,5000,1001,9.84,100,90,3.6,100,0.42,5000,1001,9.84,100,90,3.6,100,0.42,5000,1001,9.84,100,90,3.6,100,0.42,5000,1001,9.84,100,90,3.6,100,0.42,5000,1001,9.84,100,90,3.6,100,0.42,5000
1001,9.84,100,90,3.6,100,0.42,5000,1,0,18,2,1001,9.84,100,90,3.6,100,0.42,5000,1001,9.84,100,90,3.6,100,0.42,5000,1001,9.84,100,90,3.6,100,0.42,5000,1001,9.84,100,90,3.6,100,0.42,5000,1001,9.84,100,90,3.6,100,0.42,5000,1001,9.84,100,90,3.6,100,0.42,5000,1001,9.84,100,90,3.6,100,0.42,5000,1001,9.84,100,90,3.6,100,0.42,5000,1001,9.84,100,90,3.6,100,0.42,5000,1001,9.84,100,90,3.6,100,0.42,5000,1001,9.84,100,90,3.6,100,0.42,5000,1001,9.84,100,90,3.6,100,0.42,5000
1001,9.84,100,90,3.6,100,0.42,5000,2,0,18,2,1001,9.84,100,90,3.6,100,0.42,5000,1001,9.84,100,90,3.6,100,0.42,5000,1001,9.84,100,90,3.6,100,0.42,5000,1001,9.84,100,90,3.6,100,0.42,5000,1001,9.84,100,90,3.6,100,0.42,5000,1001,9.84,100,90,3.6,100,0.42,5000,1001,9.84,100,90,3.6,100,0.42,5000,1001,9.84,100,90,3.6,100,0.42,5000,1001,9.84,100,90,3.6,100,0.42,5000,1001,9.84,100,90,3.6,100,0.42,5000,1001,9.84,100,90,3.6,100,0.42,5000,1001,9.84,100,90,3.6,100,0.42,5000
1001,9.84,100,90,3.6,100,0.42,5000,3,0,18,2,1001,9.84,100,90,3.6,100,0.42,5000,1001,9.84,100,90,3.6,100,0.42,5000,1001,9.84,100,90,3.6,100,0.42,5000,1001,9.84,100,90,3.6,100,0.42,5000,1001,9.84,100,90,3.6,100,0.42,5000,1001,9.84,100,90,3.6,100,0.42,5000,1001,9.84,100,90,3.6,100,0.42,5000,1001,9.84,100,90,3.6,100,0.42,5000,1001,9.84,100,90,3.6,100,0.42,5000,1001,9.84,100,90,3.6,100,0.42,5000,1001,9.84,100,90,3.6,100,0.42,5000,1001,9.84,100,90,3.6,100,0.42,5000
1001,9.84,100,90,3.6,100,0.42,5000,4,0,18,2,1001,9.84,100,90,3.6,100,0.42,5000,1001,9.84,100,90,3.6,100,0.42,5000,1001,9.84,100,90,3.6,100,0.42,5000,1001,9.84,100,90,3.6,100,0.42,5000,1001,9.84,100,90,3.6,100,0.42,5000,1001,9.84,100,90,3.6,100,0.42,5000,1001,9.84,100,90,3.6,100,0.42,5000,1001,9.84,100,90,3.6,100,0.42,5000,1001,9.84,100,90,3.6,100,0.42,5000,1001,9.84,100,90,3.6,100,0.42,5000,1001,9.84,100,90,3.6,100,0.42,5000,1001,9.84,100,90,3.6,100,0.42,5000
1001,9.84,100,90,3.6,100,0.42,5000,5,0,18,2,1001,9.84,100,90,3.6,100,0.42,5000,1001,9.84,100,90,3.6,100,0.42,5000,1001,9.84,100,90,3.6,100,0.42,5000,1001,9.84,100,90,3.6,100,0.42,5000,1001,9.84,100,90,3.6,100,0.42,5000,1001,9.84,100,90,3.6,100,0.42,5000,1001,9.84,100,90,3.6,100,0.42,5000,1001,9.84,100,90,3.6,100,0.42,5000,1001,9.84,100,90,3.6,100,0.42,5000,1001,9.84,100,90,3.6,100,0.42,5000,1001,9.84,100,90,3.6,100,0.42,5000,1001,9.84,100,90,3.6,100,0.42,5000
1001,9.84,100,90,3.6,100,0.42,5000,6,0,18,2,1001,9.84,100,90,3.6,100,0.42,5000,1001,9.84,100,90,3.6,100,0.42,5000,1001,9.84,100,90,3.6,100,0.42,5000,1001,9.84,100,90,3.6,100,0.42,5000,1001,9.84,100,90,3.6,100,0.42,5000,1001,9.84,100,90,3.6,100,0.42,5000,1001,9.84,100,90,3.6,100,0.42,5000,1001,9.84,100,90,3.6,100,0.42,5000,1001,9.84,100,90,3.6,100,0.42,5000,1001,9.84,100,90,3.6,100,0.42,5000,1001,9.84,100,90,3.6,100,0.42,5000,1001,9.84,100,90,3.6,100,0.42,5000
1001,9.84,100,90,3.6,100,0.42,5000,7,0,18,2,1001,9.84,100,90,3.6,100,0.42,5000,1001,9.84,100,90,3.6,100,0.42,5000,1001,9.84,100,90,3.6,100,0.42,5000,1001,9.84,100,90,3.6,100,0.42,5000,1001,9.84,100,90,3.6,100,0.42,5000,1001,9.84,100,90,3.6,100,0.42,5000,1001,9.84,100,90,3.6,100,0.42,5000,1001,9.84,100,90,3.6,100,0.42,5000,1001,9.84,100,90,3.6,100,0.42,5000,1001,9.84,100,90,3.6,100,0.42,5000,1001,9.84,100,90,3.6,100,0.42,5000,1001,9.84,100,90,3.6,100,0.42,5000
1001,9.84,100,90,3.6,100,0.42,5000,8,0,18,2,1001,9.84,100,90,3.6,100,0.42,5000,1001,9.84,100,90,3.6,100,0.42,5000,1001,9.84,100,90,3.6,100,0.42,5000,1001,9.84,100,90,3.6,100,0.42,5000,1001,9.84,100,90,3.6,100,0.42,5000,1001,9.84,100,90,3.6,100,0.42,5000,1001,9.84,100,90,3.6,100,0.42,5000,1001,9.84,100,90,3.6,100,0.42,5000,1001,9.84,100,90,3.6,100,0.42,5000,1001,9.84,100,90,3.6,100,0.42,5000,1001,9.84,100,90,3.6,100,0.42,5000,1001,9.84,100,90,3.6,100,0.42,5000
1001,9.84,100,90,3.6,100,0.42,5000,9,0,18,2,1001,9.84,100,90,3.6,100,0.42,5000,1001,9.84,100,90,3.6,100,0.42,5000,1001,9.84,100,90,3.6,100,0.42,5000,1001,9.84,100,90,3.6,100,0.42,5000,1001,9.84,100,90,3.6,100,0.42,5000,1001,9.84,100,90,3.6,100,0.42,5000,1001,9.84,100,90,3.6,100,0.42,5000,1001,9.84,100,90,3.6,100,0.42,5000,1001,9.84,100,90,3.6,100,0.42,5000,1001,9.84,100,90,3.6,100,0.42,5000,1001,9.84,100,90,3.6,100,0.42,5000,1001,9.84,100,90,3.6,100,0.42,5000
1001,9.84,100,90,3.6,100,0.42,5000,10,0,18,2,1001,9.84,100,90,3.6,100,0.42,5000,1001,9.84,100,90,3.6,100,0.42,5000,1001,9.84,100,90,3.6,100,0.42,5000,1001,9.84,100,90,3.6,100,0.42,5000,1001,9.84,100,90,3.6,100,0.42,5000,1001,9.84,100,90,3.6,100,0.42,5000,1001,9.84,100,90,3.6,100,0.42,5000,1001,9.84,100,90,3.6,100,0.42,5000,1001,9.84,100,90,3.6,100,0.42,5000,1001,9.84,100,90,3.6,100,0.42,5000,1001,9.84,100,90,3.6,100,0.42,5000,1001,9.84,100,90,3.6,100,0.42,5000
1001,9.84,100,90,3.6,100,0.42,5000,11,0,18,2,1001,9.84,100,90,3.6,100,0.42,5000,1001,9.84,100,90,3.6,100,0.42,5000,1001,9.84,100,90,3.6,100,0.42,5000,1001,9.84,100,90,3.6,100,0.42,5000,1001,9.84,100,90,3.6,100,0.42,5000,1001,9.84,100,90,3.6,100,0.42,5000,1001,9.84,100,90,3.6,100,0.42,5000,1001,9.84,100,90,3.6,100,0.42,5000,1001,9.84,100,90,3.6,100,0.42,5000,1001,9.84,100,90,3.6,100,0.42,5000,1001,9.84,100,90,3.6,100,0.42,5000,1001,9.84,100,90,3.6,100,0.42,5000
1001,9.84,100,90,3.6,100,0.42,5000,12,0,18,2,1001,9.84,100,90,3.6,100,0.42,5000,1001,9.84,100,90,3.6,100,0.42,5000,1001,9.84,100,90,3.6,100,0.42,5000,1001,9.84,100,90,3.6,100,0.42,5000,1001,9.84,100,90,3.6,100,0.42,5000,1001,9.84,100,90,3.6,100,0.42,5000,1001,9.84,100,90,3.6,100,0.42,5000,1001,9.84,100,90,3.6,100,0.42,5000,1001,9.84,100,90,3.6,100,0.42,5000,1001,9.84,100,90,3.6,100,0.42,5000,1001,9.84,100,90,3.6,100,0.42,5000,1001,9.84,100,90,3.6,100,0.42,5000
1001,9.84,100,90,3.6,100,0.42,5000,13,0,18,2,1001,9.84,100,90,3.6,100,0.42,5000,1001,9.84,100,90,3.6,100,0.42,5000,1001,9.84,100,90,3.6,100,0.42,5000,1001,9.84,100,90,3.6,100,0.42,5000,1001,9.84,100,90,3.6,100,0.42,5000,1001,9.84,100,90,3.6,100,0.42,5000,1001,9.84,100,90,3.6,100,0.42,5000,1001,9.84,100,90,3.6,100,0.42,5000,1001,9.84,100,90,3.6,100,0.42,5000,1001,9.84,100,90,3.6,100,0.42,5000,1001,9.84,100,90,3.6,100,0.42,5000,1001,9.84,100,90,3.6,100,0.42,5000
1001,9.84,100,90,3.6,100,0.42,5000,14,0,18,2,1001,9.84,100,90,3.6,100,0.42,5000,1001,9.84,100,90,3.6,100,0.42,5000,1001,9.84,100,90,3.6,100,0.42,5000,1001,9.84,100,90,3.6,100,0.42,5000,1001,9.84,100,90,3.6,100,0.42,5000,1001,9.84,100,90,3.6,100,0.42,5000,1001,9.84,100,90,3.6,100,0.42,5000,1001,9.84,100,90,3.6,100,0.42,5000,1001,9.84,100,90,3.6,100,0.42,5000,1001,9.84,100,90,3.6,100,0.42,5000,1001,9.84,100,90,3.6,100,0.42,5000,1001,9.84,100,90,3.6,100,0.42,5000
1001,9.84,100,90,3.6,100,0.42,5000,15,0,18,2,1001,9.84,100,90,3.6,100,0.42,5000,1001,9.84,100,90,3.6,100,0.42,5000,1001,9.84,100,90,3.6,100,0.42,5000,1001,9.84,100,90,3.6,100,0.42,5000,1001,9.84,100,90,3.6,100,0.42,5000,1001,9.84,100,90,3.6,100,0.42,5000,1001,9.84,100,90,3.6,100,0.42,5000,1001,9.84,100,90,3.6,100,0.42,5000,1001,9.84,100,90,3.6,100,0.42,5000,1001,9.84,100,90,3.6,100,0.42,5000,1001,9.84,100,90,3.6,100,0.42,5000,1001,9.84,100,90,3.6,100,0.42,5000
1001,9.84,100,90,3.6,100,0.42,5000,16,0,18,2,1001,9.84,100,90,3.6,100,0.42,5000,1001,9.84,100,90,3.6,100,0.42,5000,1001,9.84,100,90,3.6,100,0.42,5000,1001,9.84,100,90,3.6,100,0.42,5000,1001,9.84,100,90,3.6,100,0.42,5000,1001,9.84,100,90,3.6,100,0.42,5000,1001,9.84,100,90,3.6,100,0.42,5000,1001,9.84,100,90,3.6,100,0.42,5000,1001,9.84,100,90,3.6,100,0.42,5000,1001,9.84,100,90,3.6,100,0.42,5000,1001,9.84,100,90,3.6,100,0.42,5000,1001,9.84,100,90,3.6,100,0.42,5000
1001,9.84,100,90,3.6,100,0.42,5000,17,0,18,2,1001,9.84,100,90,3.6,100,0.42,5000,1001,9.84,100,90,3.6,100,0.42,5000,1001,9.84,100,90,3.6,100,0.42,5000,1001,9.84,100,90,3.6,100,0.42,5000,1001,9.84,100,90,3.6,100,0.42,5000,1001,9.84,100,90,3.6,100,0.42,5000,1001,9.84,100,90,3.6,100,0.42,5000,1001,9.84,100,90,3.6,100,0.42,5000,1001,9.84,100,90,3.6,100,0.42,5000,1001,9.84,100,90,3.6,100,0.42,5000,1001,9.84,100,90,3.6,100,0.42,5000,1001,9.84,100,90,3.6,100,0.42,5000
1001,9.84,100,90,3.6,100,0.42,5000,18,0,18,2,1001,9.84,100,90,3.6,100,0.42,5000,1001,9.84,100,90,3.6,100,0.42,5000,1001,9.84,100,90,3.6,100,0.42,5000,1001,9.84,100,90,3.6,100,0.42,5000,1001,9.84,100,90,3.6,100,0.42,5000,1001,9.84,100,90,3.6,100,0.42,5000,1001,9.84,100,90,3.6,100,0.42,5000,1001,9.84,100,90,3.6,100,0.42,5000,1001,9.84,100,90,3.6,100,0.42,5000,1001,9.84,100,90,3.6,100,0.42,5000,1001,9.84,100,90,3.6,100,0.42,5000,1001,9.84,100,90,3.6,100,0.42,5000
1001,9.84,100,90,3.6,100,0.42,5000,19,0,18,2,1001,9.84,100,90,3.6,100,0.42,5000,1001,9.84,100,90,3.6,100,0.42,5000,1001,9.84,100,90,3.6,100,0.42,5000,1001,9.84,100,90,3.6,100,0.42,5000,1001,9.84,100,90,3.6,100,0.42,5000,1001,9.84,100,90,3.6,100,0.42,5000,1001,9.84,100,90,3.6,100,0.42,5000,1001,9.84,100,90,3.6,100,0.42,5000,1001,9.84,100,90,3.6,100,0.42,5000,1001,9.84,100,90,3.6,100,0.42,5000,1001,9.84,100,90,3.6,100,0.42,5000,1001,9.84,100,90,3.6,100,0.42,5000
1001,9.84,100,90,3.6,100,0.42,5000,20,0,18,2,1001,9.84,100,90,3.6,100,0.42,5000,1001,9.84,100,90,3.6,100,0.42,5000,1001,9.84,100,90,3.6,100,0.42,5000,1001,9.84,100,90,3.6,100,0.42,5000,1001,9.84,100,90,3.6,100,0.42,5000,1001,9.84,100,90,3.6,100,0.42,5000,1001,9.84,100,90,3.6,100,0.42,5000,1001,9.84,100,90,3.6,100,0.42,5000,1001,9.84,100,90,3.6,100,0.42,5000,1001,9.84,100,90,3.6,100,0.42,5000,1001,9.84,100,90,3.6,100,0.42,5000,1001,9.84,100,90,3.6,100,0.42,5000
1001,9.84,100,90,3.6,100,0.42,5000,21,0,18,2,1001,9.84,100,90,3.6,100,0.42,5000,1001,9.84,100,90,3.6,100,0.42,5000,1001,9.84,100,90,3.6,100,0.42,5000,1001,9.84,100,90,3.6,100,0.42,5000,1001,9.84,100,90,3.6,100,0.42,5000,1001,9.84,100,90,3.6,100,0.42,5000,1001,9.84,100,90,3.6,100,0.42,5000,1001,9.84,100,90,3.6,100,0.42,5000,1001,9.84,100,90,3.6,100,0.42,5000,1001,9.84,100,90,3.6,100,0.42,5000,1001,9.84,100,90,3.6,100,0.42,5000,1001,9.84,100,90,3.6,100,0.42,5000
1001,9.84,100,90,3.6,100,0.42,5000,22,0,18,2,1001,9.84,100,90,3.6,100,0.42,5000,1001,9.84,100,90,3.6,100,0.42,5000,1001,9.84,100,90,3.6,100,0.42,5000,1001,9.84,100,90,3.6,100,0.42,5000,1001,9.84,100,90,3.6,100,0.42,5000,1001,9.84,100,90,3.6,100,0.42,5000,1001,9.84,100,90,3.6,100,0.42,5000,1001,9.84,100,90,3.6,100,0.42,5000,1001,9.84,100,90,3.6,100,0.42,5000,1001,9.84,100,90,3.6,100,0.42,5000,1001,9.84,100,90,3.6,100,0.42,5000,1001,9.84,100,90,3.6,100,0.42,5000
1001,9.84,100,90,3.6,100,0.42,5000,23,0,18,2,1001,9.84,100,90,3.6,100,0.42,5000,1001,9.84,100,90,3.6,100,0.42,5000,1001,9.84,100,90,3.6,100,0.42,5000,1001,9.84,100,90,3.6,100,0.42,5000,1001,9.84,100,90,3.6,100,0.42,5000,1001,9.84,100,90,3.6,100,0.42,5000,1001,9.84,100,90,3.6,100,0.42,5000,1001,9.84,100,90,3.6,100,0.42,5000,1001,9.84,100,90,3.6,100,0.42,5000,1001,9.84,100,90,3.6,100,0.42,5000,1001,9.84,100,90,3.6,100,0.42,5000,1001,9.84,100,90,3.6,100,0.42,5000
1001,9.84,100,90,3.6,100,0.42,5000,0,0,19,2,1001,9.84,100,90,3.6,100,0.42,5000,1001,9.84,100,90,3.6,100,0.42,5000,1001,9.84,100,90,3.6,100,0.42,5000,1001,9.84,100,90,3.6,100,0.42,5000,1001,9.84,100,90,3.6,100,0.42,5000,1001,9.84,100,90,3.6,100,0.42,5000,1001,9.84,100,90,3.6,100,0.42,5000,1001,9.84,100,90,3.6,100,0.42,5000,1001,9.84,100,90,3.6,100,0.42,5000,1001,9.84,100,90,3.6,100,0.42,5000,1001,9.84,100,90,3.6,100,0.42,5000,1001,9.84,100,90,3.6,100,0.42,5000
1001,9.84,100,90,3.6,100,0.42,5000,1,0,19,2,1001,9.84,100,90,3.6,100,0.42,5000,1001,9.84,100,90,3.6,100,0.42,5000,1001,9.84,100,90,3.6,100,0.42,5000,1001,9.84,100,90,3.6,100,0.42,5000,1001,9.84,100,90,3.6,100,0.42,5000,1001,9.84,100,90,3.6,100,0.42,5000,1001,9.84,100,90,3.6,100,0.42,5000,1001,9.84,100,90,3.6,100,0.42,5000,1001,9.84,100,90,3.6,100,0.42,5000,1001,9.84,100,90,3.6,100,0.42,5000,1001,9.84,100,90,3.6,100,0.42,5000,1001,9.84,100,90,3.6,100,0.42,5000
1001,9.84,100,90,3.6,100,0.42,5000,2,0,19,2,1001,9.84,100,90,3.6,100,0.42,5000,1001,9.84,100,90,3.6,100,0.42,5000,1001,9.84,100,90,3.6,100,0.42,5000,1001,9.84,100,90,3.6,100,0.42,5000,1001,9.84,100,90,3.6,100,0.42,5000,1001,9.84,100,90,3.6,100,0.42,5000,1001,9.84,100,90,3.6,100,0.42,5000,1001,9.84,100,90,3.6,100,0.42,5000,1001,9.84,100,90,3.6,100,0.42,5000,1001,9.84,100,90,3.6,100,0.42,5000,1001,9.84,100,90,3.6,100,0.42,5000,1001,9.84,100,90,3.6,100,0.42,5000
1001,9.84,100,90,3.6,100,0.42,5000,3,0,19,2,1001,9.84,100,90,3.6,100,0.42,5000,1001,9.84,100,90,3.6,100,0.42,5000,1001,9.84,100,90,3.6,100,0.42,5000,1001,9.84,100,90,3.6,100,0.42,5000,1001,9.84,100,90,3.6,100,0.42,5000,1001,9.84,100,90,3.6,100,0.42,5000,1001,9.84,100,90,3.6,100,0.42,5000,1001,9.84,100,90,3.6,100,0.42,5000,1001,9.84,100,90,3.6,100,0.42,5000,1001,9.84,100,90,3.6,100,0.42,5000,1001,9.84,100,90,3.6,100,0.42,5000,1001,9.84,100,90,3.6,100,0.42,5000
1001,9.84,100,90,3.6,100,0.42,5000,4,0,19,2,1001,9.84,100,90,3.6,100,0.42,5000,1001,9.84,100,90,3.6,100,0.42,5000,1001,9.84,100,90,3.6,100,0.42,5000,1001,9.84,100,90,3.6,100,0.42,5000,1001,9.84,100,90,3.6,100,0.42,5000,1001,9.84,100,90,3.6,100,0.42,5000,1001,9.84,100,90,3.6,100,0.42,5000,1001,9.84,100,90,3.6,100,0.42,5000,1001,9.84,100,90,3.6,100,0.42,5000,1001,9.84,100,90,3.6,100,0.42,5000,1001,9.84,100,90,3.6,100,0.42,5000,1001,9.84,100,90,3.6,100,0.42,5000
1001,9.84,100,90,3.6,100,0.42,5000,5,0,19,2,1001,9.84,100,90,3.6,100,0.42,5000,1001,9.84,100,90,3.6,100,0.42,5000,1001,9.84,100,90,3.6,100,0.42,5000,1001,9.84,100,90,3.6,100,0.42,5000,1001,9.84,100,90,3.6,100,0.42,5000,1001,9.84,100,90,3.6,100,0.42,5000,1001,9.84,100,90,3.6,100,0.42,5000,1001,9.84,100,90,3.6,100,0.42,5000,1001,9.84,100,90,3.6,100,0.42,5000,1001,9.84,100,90,3.6,100,0.42,5000,1001,9.84,100,90,3.6,100,0.42,5000,1001,9.84,100,90,3.6,100,0.42,5000
1001,9.84,100,90,3.6,100,0.42,5000,6,0,19,2,1001,9.84,100,90,3.6,100,0.42,5000,1001,9.84,100,90,3.6,100,0.42,5000,1001,9.84,100,90,3.6,100,0.42,5000,1001,9.84,100,90,3.6,100,0.42,5000,1001,9.84,100,90,3.6,100,0.42,5000,1001,9.84,100,90,3.6,100,0.42,5000,1001,9.84,100,90,3.6,100,0.42,5000,1001,9.84,100,90,3.6,100,0.42,5000,1001,9.84,100,90,3.6,100,0.42,5000,1001,9.84,100,90,3.6,100,0.42,5000,1001,9.84,100,90,3.6,100,0.42,5000,1001,9.84,100,90,3.6,100,0.42,5000
1001,9.84,100,90,3.6,100,0.42,5000,7,0,19,2,1001,9.84,100,90,3.6,100,0.42,5000,1001,9.84,100,90,3.6,100,0.42,5000,1001,9.84,100,90,3.6,100,0.42,5000,1001,9.84,100,90,3.6,100,0.42,5000,1001,9.84,100,90,3.6,100,0.42,5000,1001,9.84,100,90,3.6,100,0.42,5000,1001,9.84,100,90,3.6,100,0.42,5000,1001,9.84,100,90,3.6,100,0.42,5000,1001,9.84,100,90,3.6,100,0.42,5000,1001,9.84,100,90,3.6,100,0.42,5000,1001,9.84,100,90,3.6,100,0.42,5000,1001,9.84,100,90,3.6,100,0.42,5000
1001,9.84,100,90,3.6,100,0.42,5000,8,0,19,2,1001,9.84,100,90,3.6,100,0.42,5000,1001,9.84,100,90,3.6,100,0.42,5000,1001,9.84,100,90,3.6,100,0.42,5000,1001,9.84,100,90,3.6,100,0.42,5000,1001,9.84,100,90,3.6,100,0.42,5000,1001,9.84,100,90,3.6,100,0.42,5000,1001,9.84,100,90,3.6,100,0.42,5000,1001,9.84,100,90,3.6,100,0.42,5000,1001,9.84,100,90,3.6,100,0.42,5000,1001,9.84,100,90,3.6,100,0.42,5000,1001,9.84,100,90,3.6,100,0.42,5000,1001,9.84,100,90,3.6,100,0.42,5000
1001,9.84,100,90,3.6,100,0.42,5000,9,0,19,2,1001,9.84,100,90,3.6,100,0.42,5000,1001,9.84,100,90,3.6,100,0.42,5000,1001,9.84,100,90,3.6,100,0.42,5000,1001,9.84,100,90,3.6,100,0.42,5000,1001,9.84,100,90,3.6,100,0.42,5000,1001,9.84,100,90,3.6,100,0.42,5000,1001,9.84,100,90,3.6,100,0.42,5000,1001,9.84,100,90,3.6,100,0.42,5000,1001,9.84,100,90,3.6,100,0.42,5000,1001,9.84,100,90,3.6,100,0.42,5000,1001,9.84,100,90,3.6,100,0.42,5000,1001,9.84,100,90,3.6,100,0.42,5000
1001,9.84,100,90,3.6,100,0.42,5000,10,0,19,2,1001,9.84,100,90,3.6,100,0.42,5000,1001,9.84,100,90,3.6,100,0.42,5000,1001,9.84,100,90,3.6,100,0.42,5000,1001,9.84,100,90,3.6,100,0.42,5000,1001,9.84,100,90,3.6,100,0.42,5000,1001,9.84,100,90,3.6,100,0.42,5000,1001,9.84,100,90,3.6,100,0.42,5000,1001,9.84,100,90,3.6,100,0.42,5000,1001,9.84,100,90,3.6,100,0.42,5000,1001,9.84,100,90,3.6,100,0.42,5000,1001,9.84,100,90,3.6,100,0.42,5000,1001,9.84,100,90,3.6,100,0.42,5000
1001,9.84,100,90,3.6,100,0.42,5000,11,0,19,2,1001,9.84,100,90,3.6,100,0.42,5000,1001,9.84,100,90,3.6,100,0.42,5000,1001,9.84,100,90,3.6,100,0.42,5000,1001,9.84,100,90,3.6,100,0.42,5000,1001,9.84,100,90,3.6,100,0.42,5000,1001,9.84,100,90,3.6,100,0.42,5000,1001,9.84,100,90,3.6,100,0.42,5000,1001,9.84,100,90,3.6,100,0.42,5000,1001,9.84,100,90,3.6,100,0.42,5000,1001,9.84,100,90,3.6,100,0.42,5000,1001,9.84,100,90,3.6,100,0.42,5000,1001,9.84,100,90,3.6,100,0.42,5000
1001,9.84,100,90,3.6,100,0.42,5000,12,0,19,2,1001,9.84,100,90,3.6,100,0.42,5000,1001,9.84,100,90,3.6,100,0.42,5000,1001,9.84,100,90,3.6,100,0.42,5000,1001,9.84,100,90,3.6,100,0.42,5000,1001,9.84,100,90,3.6,100,0.42,5000,1001,9.84,100,90,3.6,100,0.42,5000,1001,9.84,100,90,3.6,100,0.42,5000,1001,9.84,100,90,3.6,100,0.42,5000,1001,9.84,100,90,3.6,100,0.42,5000,1001,9.84,100,90,3.6,100,0.42,5000,1001,9.84,100,90,3.6,100,0.42,5000,1001,9.84,100,90,3.6,100,0.42,5000
1001,9.84,100,90,3.6,100,0.42,5000,13,0,19,2,1001,9.84,100,90,3.6,100,0.42,5000,1001,9.84,100,90,3.6,100,0.42,5000,1001,9.84,100,90,3.6,100,0.42,5000,1001,9.84,100,90,3.6,100,0.42,5000,1001,9.84,100,90,3.6,100,0.42,5000,1001,9.84,100,90,3.6,100,0.42,5000,1001,9.84,100,90,3.6,100,0.42,5000,1001,9.84,100,90,3.6,100,0.42,5000,1001,9.84,100,90,3.6,100,0.42,5000,1001,9.84,100,90,3.6,100,0.42,5000,1001,9.84,100,90,3.6,100,0.42,5000,1001,9.84,100,90,3.6,100,0.42,5000
1001,9.84,100,90,3.6,100,0.42,5000,14,0,19,2,1001,9.84,100,90,3.6,100,0.42,5000,1001,9.84,100,90,3.6,100,0.42,5000,1001,9.84,100,90,3.6,100,0.42,5000,1001,9.84,100,90,3.6,100,0.42,5000,1001,9.84,100,90,3.6,100,0.42,5000,1001,9.84,100,90,3.6,100,0.42,5000,1001,9.84,100,90,3.6,100,0.42,5000,1001,9.84,100,90,3.6,100,0.42,5000,1001,9.84,100,90,3.6,100,0.42,5000,1001,9.84,100,90,3.6,100,0.42,5000,1001,9.84,100,90,3.6,100,0.42,5000,1001,9.84,100,90,3.6,100,0.42,5000
1001,9.84,100,90,3.6,100,0.42,5000,15,0,19,2,1001,9.84,100,90,3.6,100,0.42,5000,1001,9.84,100,90,3.6,100,0.42,5000,1001,9.84,100,90,3.6,100,0.42,5000,1001,9.84,100,90,3.6,100,0.42,5000,1001,9.84,100,90,3.6,100,0.42,5000,1001,9.84,100,90,3.6,100,0.42,5000,1001,9.84,100,90,3.6,100,0.42,5000,1001,9.84,100,90,3.6,100,0.42,5000,1001,9.84,100,90,3.6,100,0.42,5000,1001,9.84,100,90,3.6,100,0.42,5000,1001,9.84,100,90,3.6,100,0.42,5000,1001,9.84,100,90,3.6,100,0.42,5000
1001,9.84,100,90,3.6,100,0.42,5000,16,0,19,2,1001,9.84,100,90,3.6,100,0.42,5000,1001,9.84,100,90,3.6,100,0.42,5000,1001,9.84,100,90,3.6,100,0.42,5000,1001,9.84,100,90,3.6,100,0.42,5000,1001,9.84,100,90,3.6,100,0.42,5000,1001,9.84,100,90,3.6,100,0.42,5000,1001,9.84,100,90,3.6,100,0.42,5000,1001,9.84,100,90,3.6,100,0.42,5000,1001,9.84,100,90,3.6,100,0.42,5000,1001,9.84,100,90,3.6,100,0.42,5000,1001,9.84,100,90,3.6,100,0.42,5000,1001,9.84,100,90,3.6,100,0.42,5000
1001,9.84,100,90,3.6,100,0.42,5000,17,0,19,2,1001,9.84,100,90,3.6,100,0.42,5000,1001,9.84,100,90,3.6,100,0.42,5000,1001,9.84,100,90,3.6,100,0.42,5000,1001,9.84,100,90,3.6,100,0.42,5000,1001,9.84,100,90,3.6,100,0.42,5000,1001,9.84,100,90,3.6,100,0.42,5000,1001,9.84,100,90,3.6,100,0.42,5000,1001,9.84,100,90,3.6,100,0.42,5000,1001,9.84,100,90,3.6,100,0.42,5000,1001,9.84,100,90,3.6,100,0.42,5000,1001,9.84,100,90,3.6,100,0.42,5000,1001,9.84,100,90,3.6,100,0.42,5000
1001,9.84,100,90,3.6,100,0.42,5000,18,0,19,2,1001,9.84,100,90,3.6,100,0.42,5000,1001,9.84,100,90,3.6,100,0.42,5000,1001,9.84,100,90,3.6,100,0.42,5000,1001,9.84,100,90,3.6,100,0.42,5000,1001,9.84,100,90,3.6,100,0.42,5000,1001,9.84,100,90,3.6,100,0.42,5000,1001,9.84,100,90,3.6,100,0.42,5000,1001,9.84,100,90,3.6,100,0.42,5000,1001,9.84,100,90,3.6,100,0.42,5000,1001,9.84,100,90,3.6,100,0.42,5000,1001,9.84,100,90,3.6,100,0.42,5000,1001,9.84,100,90,3.6,100,0.42,5000
1001,9.84,100,90,3.6,100,0.42,5000,19,0,19,2,1001,9.84,100,90,3.6,100,0.42,5000,1001,9.84,100,90,3.6,100,0.42,5000,1001,9.84,100,90,3.6,100,0.42,5000,1001,9.84,100,90,3.6,100,0.42,5000,1001,9.84,100,90,3.6,100,0.42,5000,1001,9.84,100,90,3.6,100,0.42,5000,1001,9.84,100,90,3.6,100,0.42,5000,1001,9.84,100,90,3.6,100,0.42,5000,1001,9.84,100,90,3.6,100,0.42,5000,1001,9.84,100,90,3.6,100,0.42,5000,1001,9.84,100,90,3.6,100,0.42,5000,1001,9.84,100,90,3.6,100,0.42,5000
1001,9.84,100,90,3.6,100,0.42,5000,20,0,19,2,1001,9.84,100,90,3.6,100,0.42,5000,1001,9.84,100,90,3.6,100,0.42,5000,1001,9.84,100,90,3.6,100,0.42,5000,1001,9.84,100,90,3.6,100,0.42,5000,1001,9.84,100,90,3.6,100,0.42,5000,1001,9.84,100,90,3.6,100,0.42,5000,1001,9.84,100,90,3.6,100,0.42,5000,1001,9.84,100,90,3.6,100,0.42,5000,1001,9.84,100,90,3.6,100,0.42,5000,1001,9.84,100,90,3.6,100,0.42,5000,1001,9.84,100,90,3.6,100,0.42,5000,1001,9.84,100,90,3.6,100,0.42,5000
1001,9.84,100,90,3.6,100,0.42,5000,21,0,19,2,1001,9.84,100,90,3.6,100,0.42,5000,1001,9.84,100,90,3.6,100,0.42,5000,1001,9.84,100,90,3.6,100,0.42,5000,1001,9.84,100,90,3.6,100,0.42,5000,1001,9.84,100,90,3.6,100,0.42,5000,1001,9.84,100,90,3.6,100,0.42,5000,1001,9.84,100,90,3.6,100,0.42,5000,1001,9.84,100,90,3.6,100,0.42,5000,1001,9.84,100,90,3.6,100,0.42,5000,1001,9.84,100,90,3.6,100,0.42,5000,1001,9.84,100,90,3.6,100,0.42,5000,1001,9.84,100,90,3.6,100,0.42,5000
1001,9.84,100,90,3.6,100,0.42,5000,22,0,19,2,1001,9.84,100,90,3.6,100,0.42,5000,1001,9.84,100,90,3.6,100,0.42,5000,1001,9.84,100,90,3.6,100,0.42,5000,1001,9.84,100,90,3.6,100,0.42,5000,1001,9.84,100,90,3.6,100,0.42,5000,1001,9.84,100,90,3.6,100,0.42,5000,1001,9.84,100,90,3.6,100,0.42,5000,1001,9.84,100,90,3.6,100,0.42,5000,1001,9.84,100,90,3.6,100,0.42,5000,1001,9.84,100,90,3.6,100,0.42,5000,1001,9.84,100,90,3.6,100,0.42,5000,1001,9.84,100,90,3.6,100,0.42,5000
1001,9.84,100,90,3.6,100,0.42,5000,23,0,19,2,1001,9.84,100,90,3.6,100,0.42,5000,1001,9.84,100,90,3.6,100,0.42,5000,1001,9.84,100,90,3.6,100,0.42,5000,1001,9.84,100,90,3.6,100,0.42,5000,1001,9.84,100,90,3.6,100,0.42,5000,1001,9.84,100,90,3.6,100,0.42,5000,1001,9.84,100,90,3.6,100,0.42,5000,1001,9.84,100,90,3.6,100,0.42,5000,1001,9.84,100,90,3.6,100,0.42,5000,1001,9.84,100,90,3.6,100,0.42,5000,1001,9.84,100,90,3.6,100,0.42,5000,1001,9.84,100,90,3.6,100,0.42,5000
1001,9.84,100,90,3.6,100,0.42,5000,0,0,20,2,1001,9.84,100,90,3.6,100,0.42,5000,1001,9.84,100,90,3.6,100,0.42,5000,1001,9.84,100,90,3.6,100,0.42,5000,1001,9.84,100,90,3.6,100,0.42,5000,1001,9.84,100,90,3.6,100,0.42,5000,1001,9.84,100,90,3.6,100,0.42,5000,1001,9.84,100,90,3.6,100,0.42,5000,1001,9.84,100,90,3.6,100,0.42,5000,1001,9.84,100,90,3.6,100,0.42,5000,1001,9.84,100,90,3.6,100,0.42,5000,1001,9.84,100,90,3.6,100,0.42,5000,1001,9.84,100,90,3.6,100,0.42,5000
1001,9.84,100,90,3.6,100,0.42,5000,1,0,20,2,1001,9.84,100,90,3.6,100,0.42,5000,1001,9.84,100,90,3.6,100,0.42,5000,1001,9.84,100,90,3.6,100,0.42,5000,1001,9.84,100,90,3.6,100,0.42,5000,1001,9.84,100,90,3.6,100,0.42,5000,1001,9.84,100,90,3.6,100,0.42,5000,1001,9.84,100,90,3.6,100,0.42,5000,1001,9.84,100,90,3.6,100,0.42,5000,1001,9.84,100,90,3.6,100,0.42,5000,1001,9.84,100,90,3.6,100,0.42,5000,1001,9.84,100,90,3.6,100,0.42,5000,1001,9.84,100,90,3.6,100,0.42,5000
1001,9.84,100,90,3.6,100,0.42,5000,2,0,20,2,1001,9.84,100,90,3.6,100,0.42,5000,1001,9.84,100,90,3.6,100,0.42,5000,1001,9.84,100,90,3.6,100,0.42,5000,1001,9.84,100,90,3.6,100,0.42,5000,1001,9.84,100,90,3.6,100,0.42,5000,1001,9.84,100,90,3.6,100,0.42,5000,1001,9.84,100,90,3.6,100,0.42,5000,1001,9.84,100,90,3.6,100,0.42,5000,1001,9.84,100,90,3.6,100,0.42,5000,1001,9.84,100,90,3.6,100,0.42,5000,1001,9.84,100,90,3.6,100,0.42,5000,1001,9.84,100,90,3.6,100,0.42,5000
1001,9.84,100,90,3.6,100,0.42,5000,3,0,20,2,1001,9.84,100,90,3.6,100,0.42,5000,1001,9.84,100,90,3.6,100,0.42,5000,1001,9.84,100,90,3.6,100,0.42,5000,1001,9.84,100,90,3.6,100,0.42,5000,1001,9.84,100,90,3.6,100,0.42,5000,1001,9.84,100,90,3.6,100,0.42,5000,1001,9.84,100,90,3.6,100,0.42,5000,1001,9.84,100,90,3.6,100,0.42,5000,1001,9.84,100,90,3.6,100,0.42,5000,1001,9.84,100,90,3.6,100,0.42,5000,1001,9.84,100,90,3.6,100,0.42,5000,1001,9.84,100,90,3.6,100,0.42,5000
1001,9.84,100,90,3.6,100,0.42,5000,4,0,20,2,1001,9.84,100,90,3.6,100,0.42,5000,1001,9.84,100,90,3.6,100,0.42,5000,1001,9.84,100,90,3.6,100,0.42,5000,1001,9.84,100,90,3.6,100,0.42,5000,1001,9.84,100,90,3.6,100,0.42,5000,1001,9.84,100,90,3.6,100,0.42,5000,1001,9.84,100,90,3.6,100,0.42,5000,1001,9.84,100,90,3.6,100,0.42,5000,1001,9.84,100,90,3.6,100,0.42,5000,1001,9.84,100,90,3.6,100,0.42,5000,1001,9.84,100,90,3.6,100,0.42,5000,1001,9.84,100,90,3.6,100,0.42,5000
1001,9.84,100,90,3.6,100,0.42,5000,5,0,20,2,1001,9.84,100,90,3.6,100,0.42,5000,1001,9.84,100,90,3.6,100,0.42,5000,1001,9.84,100,90,3.6,100,0.42,5000,1001,9.84,100,90,3.6,100,0.42,5000,1001,9.84,100,90,3.6,100,0.42,5000,1001,9.84,100,90,3.6,100,0.42,5000,1001,9.84,100,90,3.6,100,0.42,5000,1001,9.84,100,90,3.6,100,0.42,5000,1001,9.84,100,90,3.6,100,0.42,5000,1001,9.84,100,90,3.6,100,0.42,5000,1001,9.84,100,90,3.6,100,0.42,5000,1001,9.84,100,90,3.6,100,0.42,5000
1001,9.84,100,90,3.6,100,0.42,5000,6,0,20,2,1001,9.84,100,90,3.6,100,0.42,5000,1001,9.84,100,90,3.6,100,0.42,5000,1001,9.84,100,90,3.6,100,0.42,5000,1001,9.84,100,90,3.6,100,0.42,5000,1001,9.84,100,90,3.6,100,0.42,5000,1001,9.84,100,90,3.6,100,0.42,5000,1001,9.84,100,90,3.6,100,0.42,5000,1001,9.84,100,90,3.6,100,0.42,5000,1001,9.84,100,90,3.6,100,0.42,5000,1001,9.84,100,90,3.6,100,0.42,5000,1001,9.84,100,90,3.6,100,0.42,5000,1001,9.84,100,90,3.6,100,0.42,5000
1001,9.84,100,90,3.6,100,0.42,5000,7,0,20,2,1001,9.84,100,90,3.6,100,0.42,5000,1001,9.84,100,90,3.6,100,0.42,5000,1001,9.84,100,90,3.6,100,0.42,5000,1001,9.84,100,90,3.6,100,0.42,5000,1001,9.84,100,90,3.6,100,0.42,5000,1001,9.84,100,90,3.6,100,0.42,5000,1001,9.84,100,90,3.6,100,0.42,5000,1001,9.84,100,90,3.6,100,0.42,5000,1001,9.84,100,90,3.6,100,0.42,5000,1001,9.84,100,90,3.6,100,0.42,5000,1001,9.84,100,90,3.6,100,0.42,5000,1001,9.84,100,90,3.6,100,0.42,5000
1001,9.84,100,90,3.6,100,0.42,5000,8,0,20,2,1001,9.84,100,90,3.6,100,0.42,5000,1001,9.84,100,90,3.6,100,0.42,5000,1001,9.84,100,90,3.6,100,0.42,5000,1001,9.84,100,90,3.6,100,0.42,5000,1001,9.84,100,90,3.6,100,0.42,5000,1001,9.84,100,90,3.6,100,0.42,5000,1001,9.84,100,90,3.6,100,0.42,5000,1001,9.84,100,90,3.6,100,0.42,5000,1001,9.84,100,90,3.6,100,0.42,5000,1001,9.84,100,90,3.6,100,0.42,5000,1001,9.84,100,90,3.6,100,0.42,5000,1001,9.84,100,90,3.6,100,0.42,5000
1001,9.84,100,90,3.6,100,0.42,5000,9,0,20,2,1001,9.84,100,90,3.6,100,0.42,5000,1001,9.84,100,90,3.6,100,0.42,5000,1001,9.84,100,90,3.6,100,0.42,5000,1001,9.84,100,90,3.6,100,0.42,5000,1001,9.84,100,90,3.6,100,0.42,5000,1001,9.84,100,90,3.6,100,0.42,5000,1001,9.84,100,90,3.6,100,0.42,5000,1001,9.84,100,90,3.6,100,0.42,5000,1001,9.84,100,90,3.6,100,0.42,5000,1001,9.84,100,90,3.6,100,0.42,5000,1001,9.84,100,90,3.6,100,0.42,5000,1001,9.84,100,90,3.6,100,0.42,5000
1001,9.84,100,90,3.6,100,0.42,5000,10,0,20,2,1001,9.84,100,90,3.6,100,0.42,5000,1001,9.84,100,90,3.6,100,0.42,5000,1001,9.84,100,90,3.6,100,0.42,5000,1001,9.84,100,90,3.6,100,0.42,5000,1001,9.84,100,90,3.6,100,0.42,5000,1001,9.84,100,90,3.6,100,0.42,5000,1001,9.84,100,90,3.6,100,0.42,5000,1001,9.84,100,90,3.6,100,0.42,5000,1001,9.84,100,90,3.6,100,0.42,5000,1001,9.84,100,90,3.6,100,0.42,5000,1001,9.84,100,90,3.6,100,0.42,5000,1001,9.84,100,90,3.6,100,0.42,5000
1001,9.84,100,90,3.6,100,0.42,5000,11,0,20,2,1001,9.84,100,90,3.6,100,0.42,5000,1001,9.84,100,90,3.6,100,0.42,5000,1001,9.84,100,90,3.6,100,0.42,5000,1001,9.84,100,90,3.6,100,0.42,5000,1001,9.84,100,90,3.6,100,0.42,5000,1001,9.84,100,90,3.6,100,0.42,5000,1001,9.84,100,90,3.6,100,0.42,5000,1001,9.84,100,90,3.6,100,0.42,5000,1001,9.84,100,90,3.6,100,0.42,5000,1001,9.84,100,90,3.6,100,0.42,5000,1001,9.84,100,90,3.6,100,0.42,5000,1001,9.84,100,90,3.6,100,0.42,5000
1001,9.84,100,90,3.6,100,0.42,5000,12,0,20,2,1001,9.84,100,90,3.6,100,0.42,5000,1001,9.84,100,90,3.6,100,0.42,5000,1001,9.84,100,90,3.6,100,0.42,5000,1001,9.84,100,90,3.6,100,0.42,5000,1001,9.84,100,90,3.6,100,0.42,5000,1001,9.84,100,90,3.6,100,0.42,5000,1001,9.84,100,90,3.6,100,0.42,5000,1001,9.84,100,90,3.6,100,0.42,5000,1001,9.84,100,90,3.6,100,0.42,5000,1001,9.84,100,90,3.6,100,0.42,5000,1001,9.84,100,90,3.6,100,0.42,5000,1001,9.84,100,90,3.6,100,0.42,5000
1001,9.84,100,90,3.6,100,0.42,5000,13,0,20,2,1001,9.84,100,90,3.6,100,0.42,5000,1001,9.84,100,90,3.6,100,0.42,5000,1001,9.84,100,90,3.6,100,0.42,5000,1001,9.84,100,90,3.6,100,0.42,5000,1001,9.84,100,90,3.6,100,0.42,5000,1001,9.84,100,90,3.6,100,0.42,5000,1001,9.84,100,90,3.6,100,0.42,5000,1001,9.84,100,90,3.6,100,0.42,5000,1001,9.84,100,90,3.6,100,0.42,5000,1001,9.84,100,90,3.6,100,0.42,5000,1001,9.84,100,90,3.6,100,0.42,5000,1001,9.84,100,90,3.6,100,0.42,5000
1001,9.84,100,90,3.6,100,0.42,5000,14,0,20,2,1001,9.84,100,90,3.6,100,0.42,5000,1001,9.84,100,90,3.6,100,0.42,5000,1001,9.84,100,90,3.6,100,0.42,5000,1001,9.84,100,90,3.6,100,0.42,5000,1001,9.84,100,90,3.6,100,0.42,5000,1001,9.84,100,90,3.6,100,0.42,5000,1001,9.84,100,90,3.6,100,0.42,5000,1001,9.84,100,90,3.6,100,0.42,5000,1001,9.84,100,90,3.6,100,0.42,5000,1001,9.84,100,90,3.6,100,0.42,5000,1001,9.84,100,90,3.6,100,0.42,5000,1001,9.84,100,90,3.6,100,0.42,5000
1001,9.84,100,90,3.6,100,0.42,5000,15,0,20,2,1001,9.84,100,90,3.6,100,0.42,5000,1001,9.84,100,90,3.6,100,0.42,5000,1001,9.84,100,90,3.6,100,0.42,5000,1001,9.84,100,90,3.6,100,0.42,5000,1001,9.84,100,90,3.6,100,0.42,5000,1001,9.84,100,90,3.6,100,0.42,5000,1001,9.84,100,90,3.6,100,0.42,5000,1001,9.84,100,90,3.6,100,0.42,5000,1001,9.84,100,90,3.6,100,0.42,5000,1001,9.84,100,90,3.6,100,0.42,5000,1001,9.84,100,90,3.6,100,0.42,5000,1001,9.84,100,90,3.6,100,0.42,5000
1001,9.84,100,90,3.6,100,0.42,5000,16,0,20,2,1001,9.84,100,90,3.6,100,0.42,5000,1001,9.84,100,90,3.6,100,0.42,5000,1001,9.84,100,90,3.6,100,0.42,5000,1001,9.84,100,90,3.6,100,0.42,5000,1001,9.84,100,90,3.6,100,0.42,5000,1001,9.84,100,90,3.6,100,0.42,5000,1001,9.84,100,90,3.6,100,0.42,5000,1001,9.84,100,90,3.6,100,0.42,5000,1001,9.84,100,90,3.6,100,0.42,5000,1001,9.84,100,90,3.6,100,0.42,5000,1001,9.84,100,90,3.6,100,0.42,5000,1001,9.84,100,90,3.6,100,0.42,5000
1001,9.84,100,90,3.6,100,0.42,5000,17,0,20,2,1001,9.84,100,90,3.6,100,0.42,5000,1001,9.84,100,90,3.6,100,0.42,5000,1001,9.84,100,90,3.6,100,0.42,5000,1001,9.84,100,90,3.6,100,0.42,5000,1001,9.84,100,90,3.6,100,0.42,5000,1001,9.84,100,90,3.6,100,0.42,5000,1001,9.84,100,90,3.6,100,0.42,5000,1001,9.84,100,90,3.6,100,0.42,5000,1001,9.84,100,90,3.6,100,0.42,5000,1001,9.84,100,90,3.6,100,0.42,5000,1001,9.84,100,90,3.6,100,0.42,5000,1001,9.84,100,90,3.6,100,0.42,5000
1001,9.84,100,90,3.6,100,0.42,5000,18,0,20,2,1001,9.84,100,90,3.6,100,0.42,5000,1001,9.84,100,90,3.6,100,0.42,5000,1001,9.84,100,90,3.6,100,0.42,5000,1001,9.84,100,90,3.6,100,0.42,5000,1001,9.84,100,90,3.6,100,0.42,5000,1001,9.84,100,90,3.6,100,0.42,5000,1001,9.84,100,90,3.6,100,0.42,5000,1001,9.84,100,90,3.6,100,0.42,5000,1001,9.84,100,90,3.6,100,0.42,5000,1001,9.84,100,90,3.6,100,0.42,5000,1001,9.84,100,90,3.6,100,0.42,5000,1001,9.84,100,90,3.6,100,0.42,5000
1001,9.84,100,90,3.6,100,0.42,5000,19,0,20,2,1001,9.84,100,90,3.6,100,0.42,5000,1001,9.84,100,90,3.6,100,0.42,5000,1001,9.84,100,90,3.6,100,0.42,5000,1001,9.84,100,90,3.6,100,0.42,5000,1001,9.84,100,90,3.6,100,0.42,5000,1001,9.84,100,90,3.6,100,0.42,5000,1001,9.84,100,90,3.6,100,0.42,5000,1001,9.84,100,90,3.6,100,0.42,5000,1001,9.84,100,90,3.6,100,0.42,5000,1001,9.84,100,90,3.6,100,0.42,5000,1001,9.84,100,90,3.6,100,0.42,5000,1001,9.84,100,90,3.6,100,0.42,5000
1001,9.84,100,90,3.6,100,0.42,5000,20,0,20,2,1001,9.84,100,90,3.6,100,0.42,5000,1001,9.84,100,90,3.6,100,0.42,5000,1001,9.84,100,90,3.6,100,0.42,5000,1001,9.84,100,90,3.6,100,0.42,5000,1001,9.84,100,90,3.6,100,0.42,5000,1001,9.84,100,90,3.6,100,0.42,5000,1001,9.84,100,90,3.6,100,0.42,5000,1001,9.84,100,90,3.6,100,0.42,5000,1001,9.84,100,90,3.6,100,0.42,5000,1001,9.84,100,90,3.6,100,0.42,5000,1001,9.84,100,90,3.6,100,0.42,5000,1001,9.84,100,90,3.6,100,0.42,5000
1001,9.84,100,90,3.6,100,0.42,5000,21,0,20,2,1001,9.84,100,90,3.6,100,0.42,5000,1001,9.84,100,90,3.6,100,0.42,5000,1001,9.84,100,90,3.6,100,0.42,5000,1001,9.84,100,90,3.6,100,0.42,5000,1001,9.84,100,90,3.6,100,0.42,5000,1001,9.84,100,90,3.6,100,0.42,5000,1001,9.84,100,90,3.6,100,0.42,5000,1001,9.84,100,90,3.6,100,0.42,5000,1001,9.84,100,90,3.6,100,0.42,5000,1001,9.84,100,90,3.6,100,0.42,5000,1001,9.84,100,90,3.6,100,0.42,5000,1001,9.84,100,90,3.6,100,0.42,5000
1001,9.84,100,90,3.6,100,0.42,5000,22,0,20,2,1001,9.84,100,90,3.6,100,0.42,5000,1001,9.84,100,90,3.6,100,0.42,5000,1001,9.84,100,90,3.6,100,0.42,5000,1001,9.84,100,90,3.6,100,0.42,5000,1001,9.84,100,90,3.6,100,0.42,5000,1001,9.84,100,90,3.6,100,0.42,5000,1001,9.84,100,90,3.6,100,0.42,5000,1001,9.84,100,90,3.6,100,0.42,5000,1001,9.84,100,90,3.6,100,0.42,5000,1001,9.84,100,90,3.6,100,0.42,5000,1001,9.84,100,90,3.6,100,0.42,5000,1001,9.84,100,90,3.6,100,0.42,5000
1001,9.84,100,90,3.6,100,0.42,5000,23,0,20,2,1001,9.84,100,90,3.6,100,0.42,5000,1001,9.84,100,90,3.6,100,0.42,5000,1001,9.84,100,90,3.6,100,0.42,5000,1001,9.84,100,90,3.6,100,0.42,5000,1001,9.84,100,90,3.6,100,0.42,5000,1001,9.84,100,90,3.6,100,0.42,5000,1001,9.84,100,90,3.6,100,0.42,5000,1001,9.84,100,90,3.6,100,0.42,5000,1001,9.84,100,90,3.6,100,0.42,5000,1001,9.84,100,90,3.6,100,0.42,5000,1001,9.84,100,90,3.6,100,0.42,5000,1001,9.84,100,90,3.6,100,0.42,5000
1001,9.84,100,90,3.6,100,0.42,5000,0,0,21,2,1001,9.84,100,90,3.6,100,0.42,5000,1001,9.84,100,90,3.6,100,0.42,5000,1001,9.84,100,90,3.6,100,0.42,5000,1001,9.84,100,90,3.6,100,0.42,5000,1001,9.84,100,90,3.6,100,0.42,5000,1001,9.84,100,90,3.6,100,0.42,5000,1001,9.84,100,90,3.6,100,0.42,5000,1001,9.84,100,90,3.6,100,0.42,5000,1001,9.84,100,90,3.6,100,0.42,5000,1001,9.84,100,90,3.6,100,0.42,5000,1001,9.84,100,90,3.6,100,0.42,5000,1001,9.84,100,90,3.6,100,0.42,5000
1001,9.84,100,90,3.6,100,0.42,5000,1,0,21,2,1001,9.84,100,90,3.6,100,0.42,5000,1001,9.84,100,90,3.6,100,0.42,5000,1001,9.84,100,90,3.6,100,0.42,5000,1001,9.84,100,90,3.6,100,0.42,5000,1001,9.84,100,90,3.6,100,0.42,5000,1001,9.84,100,90,3.6,100,0.42,5000,1001,9.84,100,90,3.6,100,0.42,5000,1001,9.84,100,90,3.6,100,0.42,5000,1001,9.84,100,90,3.6,100,0.42,5000,1001,9.84,100,90,3.6,100,0.42,5000,1001,9.84,100,90,3.6,100,0.42,5000,1001,9.84,100,90,3.6,100,0.42,5000
1001,9.84,100,90,3.6,100,0.42,5000,2,0,21,2,1001,9.84,100,90,3.6,100,0.42,5000,1001,9.84,100,90,3.6,100,0.42,5000,1001,9.84,100,90,3.6,100,0.42,5000,1001,9.84,100,90,3.6,100,0.42,5000,1001,9.84,100,90,3.6,100,0.42,5000,1001,9.84,100,90,3.6,100,0.42,5000,1001,9.84,100,90,3.6,100,0.42,5000,1001,9.84,100,90,3.6,100,0.42,5000,1001,9.84,100,90,3.6,100,0.42,5000,1001,9.84,100,90,3.6,100,0.42,5000,1001,9.84,100,90,3.6,100,0.42,5000,1001,9.84,100,90,3.6,100,0.42,5000
1001,9.84,100,90,3.6,100,0.42,5000,3,0,21,2,1001,9.84,100,90,3.6,100,0.42,5000,1001,9.84,100,90,3.6,100,0.42,5000,1001,9.84,100,90,3.6,100,0.42,5000,1001,9.84,100,90,3.6,100,0.42,5000,1001,9.84,100,90,3.6,100,0.42,5000,1001,9.84,100,90,3.6,100,0.42,5000,1001,9.84,100,90,3.6,100,0.42,5000,1001,9.84,100,90,3.6,100,0.42,5000,1001,9.84,100,90,3.6,100,0.42,5000,1001,9.84,100,90,3.6,100,0.42,5000,1001,9.84,100,90,3.6,100,0.42,5000,1001,9.84,100,90,3.6,100,0.42,5000
1001,9.84,100,90,3.6,100,0.42,5000,4,0,21,2,1001,9.84,100,90,3.6,100,0.42,5000,1001,9.84,100,90,3.6,100,0.42,5000,1001,9.84,100,90,3.6,100,0.42,5000,1001,9.84,100,90,3.6,100,0.42,5000,1001,9.84,100,90,3.6,100,0.42,5000,1001,9.84,100,90,3.6,100,0.42,5000,1001,9.84,100,90,3.6,100,0.42,5000,1001,9.84,100,90,3.6,100,0.42,5000,1001,9.84,100,90,3.6,100,0.42,5000,1001,9.84,100,90,3.6,100,0.42,5000,1001,9.84,100,90,3.6,100,0.42,5000,1001,9.84,100,90,3.6,100,0.42,5000
1001,9.84,100,90,3.6,100,0.42,5000,5,0,21,2,1001,9.84,100,90,3.6,100,0.42,5000,1001,9.84,100,90,3.6,100,0.42,5000,1001,9.84,100,90,3.6,100,0.42,5000,1001,9.84,100,90,3.6,100,0.42,5000,1001,9.84,100,90,3.6,100,0.42,5000,1001,9.84,100,90,3.6,100,0.42,5000,1001,9.84,100,90,3.6,100,0.42,5000,1001,9.84,100,90,3.6,100,0.42,5000,1001,9.84,100,90,3.6,100,0.42,5000,1001,9.84,100,90,3.6,100,0.42,5000,1001,9.84,100,90,3.6,100,0.42,5000,1001,9.84,100,90,3.6,100,0.42,5000
1001,9.84,100,90,3.6,100,0.42,5000,6,0,21,2,1001,9.84,100,90,3.6,100,0.42,5000,1001,9.84,100,90,3.6,100,0.42,5000,1001,9.84,100,90,3.6,100,0.42,5000,1001,9.84,100,90,3.6,100,0.42,5000,1001,9.84,100,90,3.6,100,0.42,5000,1001,9.84,100,90,3.6,100,0.42,5000,1001,9.84,100,90,3.6,100,0.42,5000,1001,9.84,100,90,3.6,100,0.42,5000,1001,9.84,100,90,3.6,100,0.42,5000,1001,9.84,100,90,3.6,100,0.42,5000,1001,9.84,100,90,3.6,100,0.42,5000,1001,9.84,100,90,3.6,100,0.42,5000
1001,9.84,100,90,3.6,100,0.42,5000,7,0,21,2,1001,9.84,100,90,3.6,100,0.42,5000,1001,9.84,100,90,3.6,100,0.42,5000,1001,9.84,100,90,3.6,100,0.42,5000,1001,9.84,100,90,3.6,100,0.42,5000,1001,9.84,100,90,3.6,100,0.42,5000,1001,9.84,100,90,3.6,100,0.42,5000,1001,9.84,100,90,3.6,100,0.42,5000,1001,9.84,100,90,3.6,100,0.42,5000,1001,9.84,100,90,3.6,100,0.42,5000,1001,9.84,100,90,3.6,100,0.42,5000,1001,9.84,100,90,3.6,100,0.42,5000,1001,9.84,100,90,3.6,100,0.42,5000
1001,9.84,100,90,3.6,100,0.42,5000,8,0,21,2,1001,9.84,100,90,3.6,100,0.42,5000,1001,9.84,100,90,3.6,100,0.42,5000,1001,9.84,100,90,3.6,100,0.42,5000,1001,9.84,100,90,3.6,100,0.42,5000,1001,9.84,100,90,3.6,100,0.42,5000,1001,9.84,100,90,3.6,100,0.42,5000,1001,9.84,100,90,3.6,100,0.42,5000,1001,9.84,100,90,3.6,100,0.42,5000,1001,9.84,100,90,3.6,100,0.42,5000,1001,9.84,100,90,3.6,100,0.42,5000,1001,9.84,100,90,3.6,100,0.42,5000,1001,9.84,100,90,3.6,100,0.42,5000
1001,9.84,100,90,3.6,100,0.42,5000,9,0,21,2,1001,9.84,100,90,3.6,100,0.42,5000,1001,9.84,100,90,3.6,100,0.42,5000,1001,9.84,100,90,3.6,100,0.42,5000,1001,9.84,100,90,3.6,100,0.42,5000,1001,9.84,100,90,3.6,100,0.42,5000,1001,9.84,100,90,3.6,100,0.42,5000,1001,9.84,100,90,3.6,100,0.42,5000,1001,9.84,100,90,3.6,100,0.42,5000,1001,9.84,100,90,3.6,100,0.42,5000,1001,9.84,100,90,3.6,100,0.42,5000,1001,9.84,100,90,3.6,100,0.42,5000,1001,9.84,100,90,3.6,100,0.42,5000
1001,9.84,100,90,3.6,100,0.42,5000,10,0,21,2,1001,9.84,100,90,3.6,100,0.42,5000,1001,9.84,100,90,3.6,100,0.42,5000,1001,9.84,100,90,3.6,100,0.42,5000,1001,9.84,100,90,3.6,100,0.42,5000,1001,9.84,100,90,3.6,100,0.42,5000,1001,9.84,100,90,3.6,100,0.42,5000,1001,9.84,100,90,3.6,100,0.42,5000,1001,9.84,100,90,3.6,100,0.42,5000,1001,9.84,100,90,3.6,100,0.42,5000,1001,9.84,100,90,3.6,100,0.42,5000,1001,9.84,100,90,3.6,100,0.42,5000,1001,9.84,100,90,3.6,100,0.42,5000
1001,9.84,100,90,3.6,100,0.42,5000,11,0,21,2,1001,9.84,100,90,3.6,100,0.42,5000,1001,9.84,100,90,3.6,100,0.42,5000,1001,9.84,100,90,3.6,100,0.42,5000,1001,9.84,100,90,3.6,100,0.42,5000,1001,9.84,100,90,3.6,100,0.42,5000,1001,9.84,100,90,3.6,100,0.42,5000,1001,9.84,100,90,3.6,100,0.42,5000,1001,9.84,100,90,3.6,100,0.42,5000,1001,9.84,100,90,3.6,100,0.42,5000,1001,9.84,100,90,3.6,100,0.42,5000,1001,9.84,100,90,3.6,100,0.42,5000,1001,9.84,100,90,3.6,100,0.42,5000
1001,9.84,100,90,3.6,100,0.42,5000,12,0,21,2,1001,9.84,100,90,3.6,100,0.42,5000,1001,9.84,100,90,3.6,100,0.42,5000,1001,9.84,100,90,3.6,100,0.42,5000,1001,9.84,100,90,3.6,100,0.42,5000,1001,9.84,100,90,3.6,100,0.42,5000,1001,9.84,100,90,3.6,100,0.42,5000,1001,9.84,100,90,3.6,100,0.42,5000,1001,9.84,100,90,3.6,100,0.42,5000,1001,9.84,100,90,3.6,100,0.42,5000,1001,9.84,100,90,3.6,100,0.42,5000,1001,9.84,100,90,3.6,100,0.42,5000,1001,9.84,100,90,3.6,100,0.42,5000
1001,9.84,100,90,3.6,100,0.42,5000,13,0,21,2,1001,9.84,100,90,3.6,100,0.42,5000,1001,9.84,100,90,3.6,100,0.42,5000,1001,9.84,100,90,3.6,100,0.42,5000,1001,9.84,100,90,3.6,100,0.42,5000,1001,9.84,100,90,3.6,100,0.42,5000,1001,9.84,100,90,3.6,100,0.42,5000,1001,9.84,100,90,3.6,100,0.42,5000,1001,9.84,100,90,3.6,100,0.42,5000,1001,9.84,100,90,3.6,100,0.42,5000,1001,9.84,100,90,3.6,100,0.42,5000,1001,9.84,100,90,3.6,100,0.42,5000,1001,9.84,100,90,3.6,100,0.42,5000
1001,9.84,100,90,3.6,100,0.42,5000,14,0,21,2,1001,9.84,100,90,3.6,100,0.42,5000,1001,9.84,100,90,3.6,100,0.42,5000,1001,9.84,100,90,3.6,100,0.42,5000,1001,9.84,100,90,3.6,100,0.42,5000,1001,9.84,100,90,3.6,100,0.42,5000,1001,9.84,100,90,3.6,100,0.42,5000,1001,9.84,100,90,3.6,100,0.42,5000,1001,9.84,100,90,3.6,100,0.42,5000,1001,9.84,100,90,3.6,100,0.42,5000,1001,9.84,100,90,3.6,100,0.42,5000,1001,9.84,100,90,3.6,100,0.42,5000,1001,9.84,100,90,3.6,100,0.42,5000
1001,9.84,100,90,3.6,100,0.42,5000,15,0,21,2,1001,9.84,100,90,3.6,100,0.42,5000,1001,9.84,100,90,3.6,100,0.42,5000,1001,9.84,100,90,3.6,100,0.42,5000,1001,9.84,100,90,3.6,100,0.42,5000,1001,9.84,100,90,3.6,100,0.42,5000,1001,9.84,100,90,3.6,100,0.42,5000,1001,9.84,100,90,3.6,100,0.42,5000,1001,9.84,100,90,3.6,100,0.42,5000,1001,9.84,100,90,3.6,100,0.42,5000,1001,9.84,100,90,3.6,100,0.42,5000,1001,9.84,100,90,3.6,100,0.42,5000,1001,9.84,100,90,3.6,100,0.42,5000
1001,9.84,100,90,3.6,100,0.42,5000,16,0,21,2,1001,9.84,100,90,3.6,100,0.42,5000,1001,9.84,100,90,3.6,100,0.42,5000,1001,9.84,100,90,3.6,100,0.42,5000,1001,9.84,100,90,3.6,100,0.42,5000,1001,9.84,100,90,3.6,100,0.42,5000,1001,9.84,100,90,3.6,100,0.42,5000,1001,9.84,100,90,3.6,100,0.42,5000,1001,9.84,100,90,3.6,100,0.42,5000,1001,9.84,100,90,3.6,100,0.42,5000,1001,9.84,100,90,3.6,100,0.42,5000,1001,9.84,100,90,3.6,100,0.42,5000,1001,9.84,100,90,3.6,100,0.42,5000
1001,9.84,100,90,3.6,100,0.42,5000,17,0,21,2,1001,9.84,100,90,3.6,100,0.42,5000,1001,9.84,100,90,3.6,100,0.42,5000,1001,9.84,100,90,3.6,100,0.42,5000,1001,9.84,100,90,3.6,100,0.42,5000,1001,9.84,100,90,3.6,100,0.42,5000,1001,9.84,100,90,3.6,100,0.42,5000,1001,9.84,100,90,3.6,100,0.42,5000,1001,9.84,100,90,3.6,100,0.42,5000,1001,9.84,100,90,3.6,100,0.42,5000,1001,9.84,100,90,3.6,100,0.42,5000,1001,9.84,100,90,3.6,100,0.42,5000,1001,9.84,100,90,3.6,100,0.42,5000
1001,9.84,100,90,3.6,100,0.42,5000,18,0,21,2,1001,9.84,100,90,3.6,100,0.42,5000,1001,9.84,100,90,3.6,100,0.42,5000,1001,9.84,100,90,3.6,100,0.42,5000,1001,9.84,100,90,3.6,100,0.42,5000,1001,9.84,100,90,3.6,100,0.42,5000,1001,9.84,100,90,3.6,100,0.42,5000,1001,9.84,100,90,3.6,100,0.42,5000,1001,9.84,100,90,3.6,100,0.42,5000,1001,9.84,100,90,3.6,100,0.42,5000,1001,9.84,100,90,3.6,100,0.42,5000,1001,9.84,100,90,3.6,100,0.42,5000,1001,9.84,100,90,3.6,100,0.42,5000
1001,9.84,100,90,3.6,100,0.42,5000,19,0,21,2,1001,9.84,100,90,3.6,100,0.42,5000,1001,9.84,100,90,3.6,100,0.42,5000,1001,9.84,100,90,3.6,100,0.42,5000,1001,9.84,100,90,3.6,100,0.42,5000,1001,9.84,100,90,3.6,100,0.42,5000,1001,9.84,100,90,3.6,100,0.42,5000,1001,9.84,100,90,3.6,100,0.42,5000,1001,9.84,100,90,3.6,100,0.42,5000,1001,9.84,100,90,3.6,100,0.42,5000,1001,9.84,100,90,3.6,100,0.42,5000,1001,9.84,100,90,3.6,100,0.42,5000,1001,9.84,100,90,3.6,100,0.42,5000
1001,9.84,100,90,3.6,100,0.42,5000,20,0,21,2,1001,9.84,100,90,3.6,100,0.42,5000,1001,9.84,100,90,3.6,100,0.42,5000,1001,9.84,100,90,3.6,100,0.42,5000,1001,9.84,100,90,3.6,100,0.42,5000,1001,9.84,100,90,3.6,100,0.42,5000,1001,9.84,100,90,3.6,100,0.42,5000,1001,9.84,100,90,3.6,100,0.42,5000,1001,9.84,100,90,3.6,100,0.42,5000,1001,9.84,100,90,3.6,100,0.42,5000,1001,9.84,100,90,3.6,100,0.42,5000,1001,9.84,100,90,3.6,100,0.42,5000,1001,9.84,100,90,3.6,100,0.42,5000
1001,9.84,100,90,3.6,100,0.42,5000,21,0,21,2,1001,9.84,100,90,3.6,100,0.42,5000,1001,9.84,100,90,3.6,100,0.42,5000,1001,9.84,100,90,3.6,100,0.42,5000,1001,9.84,100,90,3.6,100,0.42,5000,1001,9.84,100,90,3.6,100,0.42,5000,1001,9.84,100,90,3.6,100,0.42,5000,1001,9.84,100,90,3.6,100,0.42,5000,1001,9.84,100,90,3.6,100,0.42,5000,1001,9.84,100,90,3.6,100,0.42,5000,1001,9.84,100,90,3.6,100,0.42,5000,1001,9.84,100,90,3.6,100,0.42,5000,1001,9.84,100,90,3.6,100,0.42,5000
1001,9.84,100,90,3.6,100,0.42,5000,22,0,21,2,1001,9.84,100,90,3.6,100,0.42,5000,1001,9.84,100,90,3.6,100,0.42,5000,1001,9.84,100,90,3.6,100,0.42,5000,1001,9.84,100,90,3.6,100,0.42,5000,1001,9.84,100,90,3.6,100,0.42,5000,1001,9.84,100,90,3.6,100,0.42,5000,1001,9.84,100,90,3.6,100,0.42,5000,1001,9.84,100,90,3.6,100,0.42,5000,1001,9.84,100,90,3.6,100,0.42,5000,1001,9.84,100,90,3.6,100,0.42,5000,1001,9.84,100,90,3.6,100,0.42,5000,1001,9.84,100,90,3.6,100,0.42,5000
1001,9.84,100,90,3.6,100,0.42,5000,23,0,21,2,1001,9.84,100,90,3.6,100,0.42,5000,1001,9.84,100,90,3.6,100,0.42,5000,1001,9.84,100,90,3.6,100,0.42,5000,1001,9.84,100,90,3.6,100,0.42,5000,1001,9.84,100,90,3.6,100,0.42,5000,1001,9.84,100,90,3.6,100,0.42,5000,1001,9.84,100,90,3.6,100,0.42,5000,1001,9.84,100,90,3.6,100,0.42,5000,1001,9.84,100,90,3.6,100,0.42,5000,1001,9.84,100,90,3.6,100,0.42,5000,1001,9.84,100,90,3.6,100,0.42,5000,1001,9.84,100,90,3.6,100,0.42,5000
1001,9.84,100,90,3.6,100,0.42,5000,0,0,22,2,1001,9.84,100,90,3.6,100,0.42,5000,1001,9.84,100,90,3.6,100,0.42,5000,1001,9.84,100,90,3.6,100,0.42,5000,1001,9.84,100,90,3.6,100,0.42,5000,1001,9.84,100,90,3.6,100,0.42,5000,1001,9.84,100,90,3.6,100,0.42,5000,1001,9.84,100,90,3.6,100,0.42,5000,1001,9.84,100,90,3.6,100,0.42,5000,1001,9.84,100,90,3.6,100,0.42,5000,1001,9.84,100,90,3.6,100,0.42,5000,1001,9.84,100,90,3.6,100,0.42,5000,1001,9.84,100,90,3.6,100,0.42,5000
1001,9.84,100,90,3.6,100,0.42,5000,1,0,22,2,1001,9.84,100,90,3.6,100,0.42,5000,1001,9.84,100,90,3.6,100,0.42,5000,1001,9.84,100,90,3.6,100,0.42,5000,1001,9.84,100,90,3.6,100,0.42,5000,1001,9.84,100,90,3.6,100,0.42,5000,1001,9.84,100,90,3.6,100,0.42,5000,1001,9.84,100,90,3.6,100,0.42,5000,1001,9.84,100,90,3.6,100,0.42,5000,1001,9.84,100,90,3.6,100,0.42,5000,1001,9.84,100,90,3.6,100,0.42,5000,1001,9.84,100,90,3.6,100,0.42,5000,1001,9.84,100,90,3.6,100,0.42,5000
1001,9.84,100,90,3.6,100,0.42,5000,2,0,22,2,1001,9.84,100,90,3.6,100,0.42,5000,1001,9.84,100,90,3.6,100,0.42,5000,1001,9.84,100,90,3.6,100,0.42,5000,1001,9.84,100,90,3.6,100,0.42,5000,1001,9.84,100,90,3.6,100,0.42,5000,1001,9.84,100,90,3.6,100,0.42,5000,1001,9.84,100,90,3.6,100,0.42,5000,1001,9.84,100,90,3.6,100,0.42,5000,1001,9.84,100,90,3.6,100,0.42,5000,1001,9.84,100,90,3.6,100,0.42,5000,1001,9.84,100,90,3.6,100,0.42,5000,1001,9.84,100,90,3.6,100,0.42,5000
1001,9.84,100,90,3.6,100,0.42,5000,3,0,22,2,1001,9.84,100,90,3.6,100,0.42,5000,1001,9.84,100,90,3.6,100,0.42,5000,1001,9.84,100,90,3.6,100,0.42,5000,1001,9.84,100,90,3.6,100,0.42,5000,1001,9.84,100,90,3.6,100,0.42,5000,1001,9.84,100,90,3.6,100,0.42,5000,1001,9.84,100,90,3.6,100,0.42,5000,1001,9.84,100,90,3.6,100,0.42,5000,1001,9.84,100,90,3.6,100,0.42,5000,1001,9.84,100,90,3.6,100,0.42,5000,1001,9.84,100,90,3.6,100,0.42,5000,1001,9.84,100,90,3.6,100,0.42,5000
1001,9.84,100,90,3.6,100,0.42,5000,4,0,22,2,1001,9.84,100,90,3.6,100,0.42,5000,1001,9.84,100,90,3.6,100,0.42,5000,1001,9.84,100,90,3.6,100,0.42,5000,1001,9.84,100,90,3.6,100,0.42,5000,1001,9.84,100,90,3.6,100,0.42,5000,1001,9.84,100,90,3.6,100,0.42,5000,1001,9.84,100,90,3.6,100,0.42,5000,1001,9.84,100,90,3.6,100,0.42,5000,1001,9.84,100,90,3.6,100,0.42,5000,1001,9.84,100,90,3.6,100,0.42,5000,1001,9.84,100,90,3.6,100,0.42,5000,1001,9.84,100,90,3.6,100,0.42,5000
1001,9.84,100,90,3.6,100,0.42,5000,5,0,22,2,1001,9.84,100,90,3.6,100,0.42,5000,1001,9.84,100,90,3.6,100,0.42,5000,1001,9.84,100,90,3.6,100,0.42,5000,1001,9.84,100,90,3.6,100,0.42,5000,1001,9.84,100,90,3.6,100,0.42,5000,1001,9.84,100,90,3.6,100,0.42,5000,1001,9.84,100,90,3.6,100,0.42,5000,1001,9.84,100,90,3.6,100,0.42,5000,1001,9.84,100,90,3.6,100,0.42,5000,1001,9.84,100,90,3.6,100,0.42,5000,1001,9.84,100,90,3.6,100,0.42,5000,1001,9.84,100,90,3.6,100,0.42,5000
1001,9.84,100,90,3.6,100,0.42,5000,6,0,22,2,1001,9.84,100,90,3.6,100,0.42,5000,1001,9.84,100,90,3.6,100,0.42,5000,1001,9.84,100,90,3.6,100,0.42,5000,1001,9.84,100,90,3.6,100,0.42,5000,1001,9.84,100,90,3.6,100,0.42,5000,1001,9.84,100,90,3.6,100,0.42,5000,1001,9.84,100,90,3.6,100,0.42,5000,1001,9.84,100,90,3.6,100,0.42,5000,1001,9.84,100,90,3.6,100,0.42,5000,1001,9.84,100,90,3.6,100,0.42,5000,1001,9.84,100,90,3.6,100,0.42,5000,1001,9.84,100,90,3.6,100,0.42,5000
1001,9.84,100,90,3.6,100,0.42,5000,7,0,22,2,1001,9.84,100,90,3.6,100,0.42,5000,1001,9.84,100,90,3.6,100,0.42,5000,1001,9.84,100,90,3.6,100,0.42,5000,1001,9.84,100,90,3.6,100,0.42,5000,1001,9.84,100,90,3.6,100,0.42,5000,1001,9.84,100,90,3.6,100,0.42,5000,1001,9.84,100,90,3.6,100,0.42,5000,1001,9.84,100,90,3.6,100,0.42,5000,1001,9.84,100,90,3.6,100,0.42,5000,1001,9.84,100,90,3.6,100,0.42,5000,1001,9.84,100,90,3.6,100,0.42,5000,1001,9.84,100,90,3.6,100,0.42,5000
1001,9.84,100,90,3.6,100,0.42,5000,8,0,22,2,1001,9.84,100,90,3.6,100,0.42,5000,1001,9.84,100,90,3.6,100,0.42,5000,1001,9.84,100,90,3.6,100,0.42,5000,1001,9.84,100,90,3.6,100,0.42,5000,1001,9.84,100,90,3.6,100,0.42,5000,1001,9.84,100,90,3.6,100,0.42,5000,1001,9.84,100,90,3.6,100,0.42,5000,1001,9.84,100,90,3.6,100,0.42,5000,1001,9.84,100,90,3.6,100,0.42,5000,1001,9.84,100,90,3.6,100,0.42,5000,1001,9.84,100,90,3.6,100,0.42,5000,1001,9.84,100,90,3.6,100,0.42,5000
1001,9.84,100,90,3.6,100,0.42,5000,9,0,22,2,1001,9.84,100,90,3.6,100,0.42,5000,1001,9.84,100,90,3.6,100,0.42,5000,1001,9.84,100,90,3.6,100,0.42,5000,1001,9.84,100,90,3.6,100,0.42,5000,1001,9.84,100,90,3.6,100,0.42,5000,1001,9.84,100,90,3.6,100,0.42,5000,1001,9.84,100,90,3.6,100,0.42,5000,1001,9.84,100,90,3.6,100,0.42,5000,1001,9.84,100,90,3.6,100,0.42,5000,1001,9.84,100,90,3.6,100,0.42,5000,1001,9.84,100,90,3.6,100,0.42,5000,1001,9.84,100,90,3.6,100,0.42,5000
1001,9.84,100,90,3.6,100,0.42,5000,10,0,22,2,1001,9.84,100,90,3.6,100,0.42,5000,1001,9.84,100,90,3.6,100,0.42,5000,1001,9.84,100,90,3.6,100,0.42,5000,1001,9.84,100,90,3.6,100,0.42,5000,1001,9.84,100,90,3.6,100,0.42,5000,1001,9.84,100,90,3.6,100,0.42,5000,1001,9.84,100,90,3.6,100,0.42,5000,1001,9.84,100,90,3.6,100,0.42,5000,1001,9.84,100,90,3.6,100,0.42,5000,1001,9.84,100,90,3.6,100,0.42,5000,1001,9.84,100,90,3.6,100,0.42,5000,1001,9.84,100,90,3.6,100,0.42,5000
1001,9.84,100,90,3.6,100,0.42,5000,11,0,22,2,1001,9.84,100,90,3.6,100,0.42,5000,1001,9.84,100,90,3.6,100,0.42,5000,1001,9.84,100,90,3.6,100,0.42,5000,1001,9.84,100,90,3.6,100,0.42,5000,1001,9.84,100,90,3.6,100,0.42,5000,1001,9.84,100,90,3.6,100,0.42,5000,1001,9.84,100,90,3.6,100,0.42,5000,1001,9.84,100,90,3.6,100,0.42,5000,1001,9.84,100,90,3.6,100,0.42,5000,1001,9.84,100,90,3.6,100,0.42,5000,1001,9.84,100,90,3.6,100,0.42,5000,1001,9.84,100,90,3.6,100,0.42,5000
1001,9.84,100,90,3.6,100,0.42,5000,12,0,22,2,1001,9.84,100,90,3.6,100,0.42,5000,1001,9.84,100,90,3.6,100,0.42,5000,1001,9.84,100,90,3.6,100,0.42,5000,1001,9.84,100,90,3.6,100,0.42,5000,1001,9.84,100,90,3.6,100,0.42,5000,1001,9.84,100,90,3.6,100,0.42,5000,1001,9.84,100,90,3.6,100,0.42,5000,1001,9.84,100,90,3.6,100,0.42,5000,1001,9.84,100,90,3.6,100,0.42,5000,1001,9.84,100,90,3.6,100,0.42,5000,1001,9.84,100,90,3.6,100,0.42,5000,1001,9.84,100,90,3.6,100,0.42,5000
1001,9.84,100,90,3.6,100,0.42,5000,13,0,22,2,1001,9.84,100,90,3.6,100,0.42,5000,1001,9.84,100,90,3.6,100,0.42,5000,1001,9.84,100,90,3.6,100,0.42,5000,1001,9.84,100,90,3.6,100,0.42,5000,1001,9.84,100,90,3.6,100,0.42,5000,1001,9.84,100,90,3.6,100,0.42,5000,1001,9.84,100,90,3.6,100,0.42,5000,1001,9.84,100,90,3.6,100,0.42,5000,1001,9.84,100,90,3.6,100,0.42,5000,1001,9.84,100,90,3.6,100,0.42,5000,1001,9.84,100,90,3.6,100,0.42,5000,1001,9.84,100,90,3.6,100,0.42,5000
1001,9.84,100,90,3.6,100,0.42,5000,14,0,22,2,1001,9.84,100,90,3.6,100,0.42,5000,1001,9.84,100,90,3.6,100,0.42,5000,1001,9.84,100,90,3.6,100,0.42,5000,1001,9.84,100,90,3.6,100,0.42,5000,1001,9.84,100,90,3.6,100,0.42,5000,1001,9.84,100,90,3.6,100,0.42,5000,1001,9.84,100,90,3.6,100,0.42,5000,1001,9.84,100,90,3.6,100,0.42,5000,1001,9.84,100,90,3.6,100,0.42,5000,1001,9.84,100,90,3.6,100,0.42,5000,1001,9.84,100,90,3.6,100,0.42,5000,1001,9.84,100,90,3.6,100,0.42,5000
1001,9.84,100,90,3.6,100,0.42,5000,15,0,22,2,1001,9.84,100,90,3.6,100,0.42,5000,1001,9.84,100,90,3.6,100,0.42,5000,1001,9.84,100,90,3.6,100,0.42,5000,1001,9.84,100,90,3.6,100,0.42,5000,1001,9.84,100,90,3.6,100,0.42,5000,1001,9.84,100,90,3.6,100,0.42,5000,1001,9.84,100,90,3.6,100,0.42,5000,1001,9.84,100,90,3.6,100,0.42,5000,1001,9.84,100,90,3.6,100,0.42,5000,1001,9.84,100,90,3.6,100,0.42,5000,1001,9.84,100,90,3.6,100,0.42,5000,1001,9.84,100,90,3.6,100,0.42,5000
1001,9.84,100,90,3.6,100,0.42,5000,16,0,22,2,1001,9.84,100,90,3.6,100,0.42,5000,1001,9.84,100,90,3.6,100,0.42,5000,1001,9.84,100,90,3.6,100,0.42,5000,1001,9.84,100,90,3.6,100,0.42,5000,1001,9.84,100,90,3.6,100,0.42,5000,1001,9.84,100,90,3.6,100,0.42,5000,1001,9.84,100,90,3.6,100,0.42,5000,1001,9.84,100,90,3.6,100,0.42,5000,1001,9.84,100,90,3.6,100,0.42,5000,1001,9.84,100,90,3.6,100,0.42,5000,1001,9.84,100,90,3.6,100,0.42,5000,1001,9.84,100,90,3.6,100,0.42,5000
1001,9.84,100,90,3.6,100,0.42,5000,17,0,22,2,1001,9.84,100,90,3.6,100,0.42,5000,1001,9.84,100,90,3.6,100,0.42,5000,1001,9.84,100,90,3.6,100,0.42,5000,1001,9.84,100,90,3.6,100,0.42,5000,1001,9.84,100,90,3.6,100,0.42,5000,1001,9.84,100,90,3.6,100,0.42,5000,1001,9.84,100,90,3.6,100,0.42,5000,1001,9.84,100,90,3.6,100,0.42,5000,1001,9.84,100,90,3.6,100,0.42,5000,1001,9.84,100,90,3.6,100,0.42,5000,1001,9.84,100,90,3.6,100,0.42,5000,1001,9.84,100,90,3.6,100,0.42,5000
1001,9.84,100,90,3.6,100,0.42,5000,18,0,22,2,1001,9.84,100,90,3.6,100,0.42,5000,1001,9.84,100,90,3.6,100,0.42,5000,1001,9.84,100,90,3.6,100,0.42,5000,1001,9.84,100,90,3.6,100,0.42,5000,1001,9.84,100,90,3.6,100,0.42,5000,1001,9.84,100,90,3.6,100,0.42,5000,1001,9.84,100,90,3.6,100,0.42,5000,1001,9.84,100,90,3.6,100,0.42,5000,1001,9.84,100,90,3.6,100,0.42,5000,1001,9.84,100,90,3.6,100,0.42,5000,1001,9.84,100,90,3.6,100,0.42,5000,1001,9.84,100,90,3.6,100,0.42,5000
1001,9.84,100,90,3.6,100,0.42,5000,19,0,22,2,1001,9.84,100,90,3.6,100,0.42,5000,1001,9.84,100,90,3.6,100,0.42,5000,1001,9.84,100,90,3.6,100,0.42,5000,1001,9.84,100,90,3.6,100,0.42,5000,1001,9.84,100,90,3.6,100,0.42,5000,1001,9.84,100,90,3.6,100,0.42,5000,1001,9.84,100,90,3.6,100,0.42,5000,1001,9.84,100,90,3.6,100,0.42,5000,1001,9.84,100,90,3.6,100,0.42,5000,1001,9.84,100,90,3.6,100,0.42,5000,1001,9.84,100,90,3.6,100,0.42,5000,1001,9.84,100,90,3.6,100,0.42,5000
1001,9.84,100,90,3.6,100,0.42,5000,20,0,22,2,1001,9.84,100,90,3.6,100,0.42,5000,1001,9.84,100,90,3.6,100,0.42,5000,1001,9.84,100,90,3.6,100,0.42,5000,1001,9.84,100,90,3.6,100,0.42,5000,1001,9.84,100,90,3.6,100,0.42,5000,1001,9.84,100,90,3.6,100,0.42,5000,1001,9.84,100,90,3.6,100,0.42,5000,1001,9.84,100,90,3.6,100,0.42,5000,1001,9.84,100,90,3.6,100,0.42,5000,1001,9.84,100,90,3.6,100,0.42,5000,1001,9.84,100,90,3.6,100,0.42,5000,1001,9.84,100,90,3.6,100,0.42,5000
1001,9.84,100,90,3.6,100,0.42,5000,21,0,22,2,1001,9.84,100,90,3.6,100,0.42,5000,1001,9.84,100,90,3.6,100,0.42,5000,1001,9.84,100,90,3.6,100,0.42,5000,1001,9.84,100,90,3.6,100,0.42,5000,1001,9.84,100,90,3.6,100,0.42,5000,1001,9.84,100,90,3.6,100,0.42,5000,1001,9.84,100,90,3.6,100,0.42,5000,1001,9.84,100,90,3.6,100,0.42,5000,1001,9.84,100,90,3.6,100,0.42,5000,1001,9.84,100,90,3.6,100,0.42,5000,1001,9.84,100,90,3.6,100,0.42,5000,1001,9.84,100,90,3.6,100,0.42,5000
1001,9.84,100,90,3.6,100,0.42,5000,22,0,22,2,1001,9.84,100,90,3.6,100,0.42,5000,1001,9.84,100,90,3.6,100,0.42,5000,1001,9.84,100,90,3.6,100,0.42,5000,1001,9.84,100,90,3.6,100,0.42,5000,1001,9.84,100,90,3.6,100,0.42,5000,1001,9.84,100,90,3.6,100,0.42,5000,1001,9.84,100,90,3.6,100,0.42,5000,1001,9.84,100,90,3.6,100,0.42,5000,1001,9.84,100,90,3.6,100,0.42,5000,1001,9.84,100,90,3.6,100,0.42,5000,1001,9.84,100,90,3.6,100,0.42,5000,1001,9.84,100,90,3.6,100,0.42,5000
1001,9.84,100,90,3.6,100,0.42,5000,23,0,22,2,1001,9.84,100,90,3.6,100,0.42,5000,1001,9.84,100,90,3.6,100,0.42,5000,1001,9.84,100,90,3.6,100,0.42,5000,1001,9.84,100,90,3.6,100,0.42,5000,1001,9.84,100,90,3.6,100,0.42,5000,1001,9.84,100,90,3.6,100,0.42,5000,1001,9.84,100,90,3.6,100,0.42,5000,1001,9.84,100,90,3.6,100,0.42,5000,1001,9.84,100,90,3.6,100,0.42,5000,1001,9.84,100,90,3.6,100,0.42,5000,1001,9.84,100,90,3.6,100,0.42,5000,1001,9.84,100,90,3.6,100,0.42,5000
1001,9.84,100,90,3.6,100,0.42,5000,0,0,23,2,1001,9.84,100,90,3.6,100,0.42,5000,1001,9.84,100,90,3.6,100,0.42,5000,1001,9.84,100,90,3.6,100,0.42,5000,1001,9.84,100,90,3.6,100,0.42,5000,1001,9.84,100,90,3.6,100,0.42,5000,1001,9.84,100,90,3.6,100,0.42,5000,1001,9.84,100,90,3.6,100,0.42,5000,1001,9.84,100,90,3.6,100,0.42,5000,1001,9.84,100,90,3.6,100,0.42,5000,1001,9.84,100,90,3.6,100,0.42,5000,1001,9.84,100,90,3.6,100,0.42,5000,1001,9.84,100,90,3.6,100,0.42,5000
1001,9.84,100,90,3.6,100,0.42,5000,1,0,23,2,1001,9.84,100,90,3.6,100,0.42,5000,1001,9.84,100,90,3.6,100,0.42,5000,1001,9.84,100,90,3.6,100,0.42,5000,1001,9.84,100,90,3.6,100,0.42,5000,1001,9.84,100,90,3.6,100,0.42,5000,1001,9.84,100,90,3.6,100,0.42,5000,1001,9.84,100,90,3.6,100,0.42,5000,1001,9.84,100,90,3.6,100,0.42,5000,1001,9.84,100,90,3.6,100,0.42,5000,1001,9.84,100,90,3.6,100,0.42,5000,1001,9.84,100,90,3.6,100,0.42,5000,1001,9.84,100,90,3.6,100,0.42,5000
1001,9.84,100,90,3.6,100,0.42,5000,2,0,23,2,1001,9.84,100,90,3.6,100,0.42,5000,1001,9.84,100,90,3.6,100,0.42,5000,1001,9.84,100,90,3.6,100,0.42,5000,1001,9.84,100,90,3.6,100,0.42,5000,1001,9.84,100,90,3.6,100,0.42,5000,1001,9.84,100,90,3.6,100,0.42,5000,1001,9.84,100,90,3.6,100,0.42,5000,1001,9.84,100,90,3.6,100,0.42,5000,1001,9.84,100,90,3.6,100,0.42,5000,1001,9.84,100,90,3.6,100,0.42,5000,1001,9.84,100,90,3.6,100,0.42,5000,1001,9.84,100,90,3.6,100,0.42,5000
1001,9.84,100,90,3.6,100,0.42,5000,3,0,23,2,1001,9.84,100,90,3.6,100,0.42,5000,1001,9.84,100,90,3.6,100,0.42,5000,1001,9.84,100,90,3.6,100,0.42,5000,1001,9.84,100,90,3.6,100,0.42,5000,1001,9.84,100,90,3.6,100,0.42,5000,1001,9.84,100,90,3.6,100,0.42,5000,1001,9.84,100,90,3.6,100,0.42,5000,1001,9.84,100,90,3.6,100,0.42,5000,1001,9.84,100,90,3.6,100,0.42,5000,1001,9.84,100,90,3.6,100,0.42,5000,1001,9.84,100,90,3.6,100,0.42,5000,1001,9.84,100,90,3.6,100,0.42,5000
1001,9.84,100,90,3.6,100,0.42,5000,4,0,23,2,1001,9.84,100,90,3.6,100,0.42,5000,1001,9.84,100,90,3.6,100,0.42,5000,1001,9.84,100,90,3.6,100,0.42,5000,1001,9.84,100,90,3.6,100,0.42,5000,1001,9.84,100,90,3.6,100,0.42,5000,1001,9.84,100,90,3.6,100,0.42,5000,1001,9.84,100,90,3.6,100,0.42,5000,1001,9.84,100,90,3.6,100,0.42,5000,1001,9.84,100,90,3.6,100,0.42,5000,1001,9.84,100,90,3.6,100,0.42,5000,1001,9.84,100,90,3.6,100,0.42,5000,1001,9.84,100,90,3.6,100,0.42,5000
1001,9.84,100,90,3.6,100,0.42,5000,5,0,23,2,1001,9.84,100,90,3.6,100,0.42,5000,1001,9.84,100,90,3.6,100,0.42,5000,1001,9.84,100,90,3.6,100,0.42,5000,1001,9.84,100,90,3.6,100,0.42,5000,1001,9.84,100,90,3.6,100,0.42,5000,1001,9.84,100,90,3.6,100,0.42,5000,1001,9.84,100,90,3.6,100,0.42,5000,1001,9.84,100,90,3.6,100,0.42,5000,1001,9.84,100,90,3.6,100,0.42,5000,1001,9.84,100,90,3.6,100,0.42,5000,1001,9.84,100,90,3.6,100,0.42,5000,1001,9.84,100,90,3.6,100,0.42,5000
1001,9.84,100,90,3.6,100,0.42,5000,6,0,23,2,1001,9.84,100,90,3.6,100,0.42,5000,1001,9.84,100,90,3.6,100,0.42,5000,1001,9.84,100,90,3.6,100,0.42,5000,1001,9.84,100,90,3.6,100,0.42,5000,1001,9.84,100,90,3.6,100,0.42,5000,1001,9.84,100,90,3.6,100,0.42,5000,1001,9.84,100,90,3.6,100,0.42,5000,1001,9.84,100,90,3.6,100,0.42,5000,1001,9.84,100,90,3.6,100,0.42,5000,1001,9.84,100,90,3.6,100,0.42,5000,1001,9.84,100,90,3.6,100,0.42,5000,1001,9.84,100,90,3.6,100,0.42,5000
1001,9.84,100,90,3.6,100,0.42,5000,7,0,23,2,1001,9.84,100,90,3.6,100,0.42,5000,1001,9.84,100,90,3.6,100,0.42,5000,1001,9.84,100,90,3.6,100,0.42,5000,1001,9.84,100,90,3.6,100,0.42,5000,1001,9.84,100,90,3.6,100,0.42,5000,1001,9.84,100,90,3.6,100,0.42,5000,1001,9.84,100,90,3.6,100,0.42,5000,1001,9.84,100,90,3.6,100,0.42,5000,1001,9.84,100,90,3.6,100,0.42,5000,1001,9.84,100,90,3.6,100,0.42,5000,1001,9.84,100,90,3.6,100,0.42,5000,1001,9.84,100,90,3.6,100,0.42,5000
1001,9.84,100,90,3.6,100,0.42,5000,8,0,23,2,1001,9.84,100,90,3.6,100,0.42,5000,1001,9.84,100,90,3.6,100,0.42,5000,1001,9.84,100,90,3.6,100,0.42,5000,1001,9.84,100,90,3.6,100,0.42,5000,1001,9.84,100,90,3.6,100,0.42,5000,1001,9.84,100,90,3.6,100,0.42,5000,1001,9.84,100,90,3.6,100,0.42,5000,1001,9.84,100,90,3.6,100,0.42,5000,1001,9.84,100,90,3.6,100,0.42,5000,1001,9.84,100,90,3.6,100,0.42,5000,1001,9.84,100,90,3.6,100,0.42,5000,1001,9.84,100,90,3.6,100,0.42,5000
1001,9.84,100,90,3.6,100,0.42,5000,9,0,23,2,1001,9.84,100,90,3.6,100,0.42,5000,1001,9.84,100,90,3.6,100,0.42,5000,1001,9.84,100,90,3.6,100,0.42,5000,1001,9.84,100,90,3.6,100,0.42,5000,1001,9.84,100,90,3.6,100,0.42,5000,1001,9.84,100,90,3.6,100,0.42,5000,1001,9.84,100,90,3.6,100,0.42,5000,1001,9.84,100,90,3.6,100,0.42,5000,1001,9.84,100,90,3.6,100,0.42,5000,1001,9.84,100,90,3.6,100,0.42,5000,1001,9.84,100,90,3.6,100,0.42,5000,1001,9.84,100,90,3.6,100,0.42,5000
1001,9.84,100,90,3.6,100,0.42,5000,10,0,23,2,1001,9.84,100,90,3.6,100,0.42,5000,1001,9.84,100,90,3.6,100,0.42,5000,1001,9.84,100,90,3.6,100,0.42,5000,1001,9.84,100,90,3.6,100,0.42,5000,1001,9.84,100,90,3.6,100,0.42,5000,1001,9.84,100,90,3.6,100,0.42,5000,1001,9.84,100,90,3.6,100,0.42,5000,1001,9.84,100,90,3.6,100,0.42,5000,1001,9.84,100,90,3.6,100,0.42,5000,1001,9.84,100,90,3.6,100,0.42,5000,1001,9.84,100,90,3.6,100,0.42,5000,1001,9.84,100,90,3.6,100,0.42,5000
1001,9.84,100,90,3.6,100,0.42,5000,11,0,23,2,1001,9.84,100,90,3.6,100,0.42,5000,1001,9.84,100,90,3.6,100,0.42,5000,1001,9.84,100,90,3.6,100,0.42,5000,1001,9.84,100,90,3.6,100,0.42,5000,1001,9.84,100,90,3.6,100,0.42,5000,1001,9.84,100,90,3.6,100,0.42,5000,1001,9.84,100,90,3.6,100,0.42,5000,1001,9.84,100,90,3.6,100,0.42,5000,1001,9.84,100,90,3.6,100,0.42,5000,1001,9.84,100,90,3.6,100,0.42,5000,1001,9.84,100,90,3.6,100,0.42,5000,1001,9.84,100,90,3.6,100,0.42,5000
1001,9.84,100,90,3.6,100,0.42,5000,12,0,23,2,1001,9.84,100,90,3.6,100,0.42,5000,1001,9.84,100,90,3.6,100,0.42,5000,1001,9.84,100,90,3.6,100,0.42,5000,1001,9.84,100,90,3.6,100,0.42,5000,1001,9.84,100,90,3.6,100,0.42,5000,1001,9.84,100,90,3.6,100,0.42,5000,1001,9.84,100,90,3.6,100,0.42,5000,1001,9.84,100,90,3.6,100,0.42,5000,1001,9.84,100,90,3.6,100,0.42,5000,1001,9.84,100,90,3.6,100,0.42,5000,1001,9.84,100,90,3.6,100,0.42,5000,1001,9.84,100,90,3.6,100,0.42,5000
1001,9.84,100,90,3.6,100,0.42,5000,13,0,23,2,1001,9.84,100,90,3.6,100,0.42,5000,1001,9.84,100,90,3.6,100,0.42,5000,1001,9.84,100,90,3.6,100,0.42,5000,1001,9.84,100,90,3.6,100,0.42,5000,1001,9.84,100,90,3.6,100,0.42,5000,1001,9.84,100,90,3.6,100,0.42,5000,1001,9.84,100,90,3.6,100,0.42,5000,1001,9.84,100,90,3.6,100,0.42,5000,1001,9.84,100,90,3.6,100,0.42,5000,1001,9.84,100,90,3.6,100,0.42,5000,1001,9.84,100,90,3.6,100,0.42,5000,1001,9.84,100,90,3.6,100,0.42,5000
1001,9.84,100,90,3.6,100,0.42,5000,14,0,23,2,1001,9.84,100,90,3.6,100,0.42,5000,1001,9.84,100,90,3.6,100,0.42,5000,1001,9.84,100,90,3.6,100,0.42,5000,1001,9.84,100,90,3.6,100,0.42,5000,1001,9.84,100,90,3.6,100,0.42,5000,1001,9.84,100,90,3.6,100,0.42,5000,1001,9.84,100,90,3.6,100,0.42,5000,1001,9.84,100,90,3.6,100,0.42,5000,1001,9.84,100,90,3.6,100,0.42,5000,1001,9.84,100,90,3.6,100,0.42,5000,1001,9.84,100,90,3.6,100,0.42,5000,1001,9.84,100,90,3.6,100,0.42,5000
1001,9.84,100,90,3.6,100,0.42,5000,15,0,23,2,1001,9.84,100,90,3.6,100,0.42,5000,1001,9.84,100,90,3.6,100,0.42,5000,1001,9.84,100,90,3.6,100,0.42,5000,1001,9.84,100,90,3.6,100,0.42,5000,1001,9.84,100,90,3.6,100,0.42,5000,1001,9.84,100,90,3.6,100,0.42,5000,1001,9.84,100,90,3.6,100,0.42,5000,1001,9.84,100,90,3.6,100,0.42,5000,1001,9.84,100,90,3.6,100,0.42,5000,1001,9.84,100,90,3.6,100,0.42,5000,1001,9.84,100,90,3.6,100,0.42,5000,1001,9.84,100,90,3.6,100,0.42,5000
1001,9.84,100,90,3.6,100,0.42,5000,16,0,23,2,1001,9.84,100,90,3.6,100,0.42,5000,1001,9.84,100,90,3.6,100,0.42,5000,1001,9.84,100,90,3.6,100,0.42,5000,1001,9.84,100,90,3.6,100,0.42,5000,1001,9.84,100,90,3.6,100,0.42,5000,1001,9.84,100,90,3.6,100,0.42,5000,1001,9.84,100,90,3.6,100,0.42,5000,1001,9.84,100,90,3.6,100,0.42,5000,1001,9.84,100,90,3.6,100,0.42,5000,1001,9.84,100,90,3.6,100,0.42,5000,1001,9.84,100,90,3.6,100,0.42,5000,1001,9.84,100,90,3.6,100,0.42,5000
1001,9.84,100,90,3.6,100,0.42,5000,17,0,23,2,1001,9.84,100,90,3.6,100,0.42,5000,1001,9.84,100,90,3.6,100,0.42,5000,1001,9.84,100,90,3.6,100,0.42,5000,1001,9.84,100,90,3.6,100,0.42,5000,1001,9.84,100,90,3.6,100,0.42,5000,1001,9.84,100,90,3.6,100,0.42,5000,1001,9.84,100,90,3.6,100,0.42,5000,1001,9.84,100,90,3.6,100,0.42,5000,1001,9.84,100,90,3.6,100,0.42,5000,1001,9.84,100,90,3.6,100,0.42,5000,1001,9.84,100,90,3.6,100,0.42,5000,1001,9.84,100,90,3.6,100,0.42,5000
1001,9.84,100,90,3.6,100,0.42,5000,18,0,23,2,1001,9.84,100,90,3.6,100,0.42,5000,1001,9.84,100,90,3.6,100,0.42,5000,1001,9.84,100,90,3.6,100,0.42,5000,1001,9.84,100,90,3.6,100,0.42,5000,1001,9.84,100,90,3.6,100,0.42,5000,1001,9.84,100,90,3.6,100,0.42,5000,1001,9.84,100,90,3.6,100,0.42,5000,1001,9.84,100,90,3.6,100,0.42,5000,1001,9.84,100,90,3.6,100,0.42,5000,1001,9.84,100,90,3.6,100,0.42,5000,1001,9.84,100,90,3.6,100,0.42,5000,1001,9.84,100,90,3.6,100,0.42,5000
1001,9.84,100,90,3.6,100,0.42,5000,19,0,23,2,1001,9.84,100,90,3.6,100,0.42,5000,1001,9.84,100,90,3.6,100,0.42,5000,1001,9.84,100,90,3.6,100,0.42,5000,1001,9.84,100,90,3.6,100,0.42,5000,1001,9.84,100,90,3.6,100,0.42,5000,1001,9.84,100,90,3.6,100,0.42,5000,1001,9.84,100,90,3.6,100,0.42,5000,1001,9.84,100,90,3.6,100,0.42,5000,1001,9.84,100,90,3.6,100,0.42,5000,1001,9.84,100,90,3.6,100,0.42,5000,1001,9.84,100,90,3.6,100,0.42,5000,1001,9.84,100,90,3.6,100,0.42,5000
1001,9.84,100,90,3.6,100,0.42,5000,20,0,23,2,1001,9.84,100,90,3.6,100,0.42,5000,1001,9.84,100,90,3.6,100,0.42,5000,1001,9.84,100,90,3.6,100,0.42,5000,1001,9.84,100,90,3.6,100,0.42,5000,1001,9.84,100,90,3.6,100,0.42,5000,1001,9.84,100,90,3.6,100,0.42,5000,1001,9.84,100,90,3.6,100,0.42,5000,1001,9.84,100,90,3.6,100,0.42,5000,1001,9.84,100,90,3.6,100,0.42,5000,1001,9.84,100,90,3.6,100,0.42,5000,1001,9.84,100,90,3.6,100,0.42,5000,1001,9.84,100,90,3.6,100,0.42,5000
1001,9.84,100,90,3.6,100,0.42,5000,21,0,23,2,1001,9.84,100,90,3.6,100,0.42,5000,1001,9.84,100,90,3.6,100,0.42,5000,1001,9.84,100,90,3.6,100,0.42,5000,1001,9.84,100,90,3.6,100,0.42,5000,1001,9.84,100,90,3.6,100,0.42,5000,1001,9.84,100,90,3.6,100,0.42,5000,1001,9.84,100,90,3.6,100,0.42,5000,1001,9.84,100,90,3.6,100,0.42,5000,1001,9.84,100,90,3.6,100,0.42,5000,1001,9.84,100,90,3.6,100,0.42,5000,1001,9.84,100,90,3.6,100,0.42,5000,1001,9.84,100,90,3.6,100,0.42,5000
1001,9.84,100,90,3.6,100,0.42,5000,22,0,23,2,1001,9.84,100,90,3.6,100,0.42,5000,1001,9.84,100,90,3.6,100,0.42,5000,1001,9.84,100,90,3.6,100,0.42,5000,1001,9.84,100,90,3.6,100,0.42,5000,1001,9.84,100,90,3.6,100,0.42,5000,1001,9.84,100,90,3.6,100,0.42,5000,1001,9.84,100,90,3.6,100,0.42,5000,1001,9.84,100,90,3.6,100,0.42,5000,1001,9.84,100,90,3.6,100,0.42,5000,1001,9.84,100,90,3.6,100,0.42,5000,1001,9.84,100,90,3.6,100,0.42,5000,1001,9.84,100,90,3.6,100,0.42,5000
1001,9.84,100,90,3.6,100,0.42,5000,23,0,23,2,1001,9.84,100,90,3.6,100,0.42,5000,1001,9.84,100,90,3.6,100,0.42,5000,1001,9.84,100,90,3.6,100,0.42,5000,1001,9.84,100,90,3.6,100,0.42,5000,1001,9.84,100,90,3.6,100,0.42,5000,1001,9.84,100,90,3.6,100,0.42,5000,1001,9.84,100,90,3.6,100,0.42,5000,1001,9.84,100,90,3.6,100,0.42,5000,1001,9.84,100,90,3.6,100,0.42,5000,1001,9.84,100,90,3.6,100,0.42,5000,1001,9.84,100,90,3.6,100,0.42,5000,1001,9.84,100,90,3.6,100,0.42,5000
1001,9.84,100,90,3.6,100,0.42,5000,0,0,24,2,1001,9.84,100,90,3.6,100,0.42,5000,1001,9.84,100,90,3.6,100,0.42,5000,1001,9.84,100,90,3.6,100,0.42,5000,1001,9.84,100,90,3.6,100,0.42,5000,1001,9.84,100,90,3.6,100,0.42,5000,1001,9.84,100,90,3.6,100,0.42,5000,1001,9.84,100,90,3.6,100,0.42,5000,1001,9.84,100,90,3.6,100,0.42,5000,1001,9.84,100,90,3.6,100,0.42,5000,1001,9.84,100,90,3.6,100,0.42,5000,1001,9.84,100,90,3.6,100,0.42,5000,1001,9.84,100,90,3.6,100,0.42,5000
1001,9.84,100,90,3.6,100,0.42,5000,1,0,24,2,1001,9.84,100,90,3.6,100,0.42,5000,1001,9.84,100,90,3.6,100,0.42,5000,1001,9.84,100,90,3.6,100,0.42,5000,1001,9.84,100,90,3.6,100,0.42,5000,1001,9.84,100,90,3.6,100,0.42,5000,1001,9.84,100,90,3.6,100,0.42,5000,1001,9.84,100,90,3.6,100,0.42,5000,1001,9.84,100,90,3.6,100,0.42,5000,1001,9.84,100,90,3.6,100,0.42,5000,1001,9.84,100,90,3.6,100,0.42,5000,1001,9.84,100,90,3.6,100,0.42,5000,1001,9.84,100,90,3.6,100,0.42,5000
1001,9.84,100,90,3.6,100,0.42,5000,2,0,24,2,1001,9.84,100,90,3.6,100,0.42,5000,1001,9.84,100,90,3.6,100,0.42,5000,1001,9.84,100,90,3.6,100,0.42,5000,1001,9.84,100,90,3.6,100,0.42,5000,1001,9.84,100,90,3.6,100,0.42,5000,1001,9.84,100,90,3.6,100,0.42,5000,1001,9.84,100,90,3.6,100,0.42,5000,1001,9.84,100,90,3.6,100,0.42,5000,1001,9.84,100,90,3.6,100,0.42,5000,1001,9.84,100,90,3.6,100,0.42,5000,1001,9.84,100,90,3.6,100,0.42,5000,1001,9.84,100,90,3.6,100,0.42,5000
1001,9.84,100,90,3.6,100,0.42,5000,3,0,24,2,1001,9.84,100,90,3.6,100,0.42,5000,1001,9.84,100,90,3.6,100,0.42,5000,1001,9.84,100,90,3.6,100,0.42,5000,1001,9.84,100,90,3.6,100,0.42,5000,1001,9.84,100,90,3.6,100,0.42,5000,1001,9.84,100,90,3.6,100,0.42,5000,1001,9.84,100,90,3.6,100,0.42,5000,1001,9.84,100,90,3.6,100,0.42,5000,1001,9.84,100,90,3.6,100,0.42,5000,1001,9.84,100,90,3.6,100,0.42,5000,1001,9.84,100,90,3.6,100,0.42,5000,1001,9.84,100,90,3.6,100,0.42,5000
1001,9.84,100,90,3.6,100,0.42,5000,4,0,24,2,1001,9.84,100,90,3.6,100,0.42,5000,1001,9.84,100,90,3.6,100,0.42,5000,1001,9.84,100,90,3.6,100,0.42,5000,1001,9.84,100,90,3.6,100,0.42,5000,1001,9.84,100,90,3.6,100,0.42,5000,1001,9.84,100,90,3.6,100,0.42,5000,1001,9.84,100,90,3.6,100,0.42,5000,1001,9.84,100,90,3.6,100,0.42,5000,1001,9.84,100,90,3.6,100,0.42,5000,1001,9.84,100,90,3.6,100,0.42,5000,1001,9.84,100,90,3.6,100,0.42,5000,1001,9.84,100,90,3.6,100,0.42,5000
1001,9.84,100,90,3.6,100,0.42,5000,5,0,24,2,1001,9.84,100,90,3.6,100,0.42,5000,1001,9.84,100,90,3.6,100,0.42,5000,1001,9.84,100,90,3.6,100,0.42,5000,1001,9.84,100,90,3.6,100,0.42,5000,1001,9.84,100,90,3.6,100,0.42,5000,1001,9.84,100,90,3.6,100,0.42,5000,1001,9.84,100,90,3.6,100,0.42,5000,1001,9.84,100,90,3.6,100,0.42,5000,1001,9.84,100,90,3.6,100,0.42,5000,1001,9.84,100,90,3.6,100,0.42,5000,1001,9.84,100,90,3.6,100,0.42,5000,1001,9.84,100,90,3.6,100,0.42,5000
1001,9.84,100,90,3.6,100,0.42,5000,6,0,24,2,1001,9.84,100,90,3.6,100,0.42,5000,1001,9.84,100,90,3.6,100,0.42,5000,1001,9.84,100,90,3.6,100,0.42,5000,1001,9.84,100,90,3.6,100,0.42,5000,1001,9.84,100,90,3.6,100,0.42,5000,1001,9.84,100,90,3.6,100,0.42,5000,1001,9.84,100,90,3.6,100,0.42,5000,1001,9.84,100,90,3.6,100,0.42,5000,1001,9.84,100,90,3.6,100,0.42,5000,1001,9.84,100,90,3.6,100,0.42,5000,1001,9.84,100,90,3.6,100,0.42,5000,1001,9.84,100,90,3.6,100,0.42,5000
1001,9.84,100,90,3.6,100,0.42,5000,7,0,24,2,1001,9.84,100,90,3.6,100,0.42,5000,1001,9.84,100,90,3.6,100,0.42,5000,1001,9.84,100,90,3.6,100,0.42,5000,1001,9.84,100,90,3.6,100,0.42,5000,1001,9.84,100,90,3.6,100,0.42,5000,1001,9.84,100,90,3.6,100,0.42,5000,1001,9.84,100,90,3.6,100,0.42,5000,1001,9.84,100,90,3.6,100,0.42,5000,1001,9.84,100,90,3.6,100,0.42,5000,1001,9.84,100,90,3.6,100,0.42,5000,1001,9.84,100,90,3.6,100,0.42,5000,1001,9.84,100,90,3.6,100,0.42,5000
1001,9.84,100,90,3.6,100,0.42,5000,8,0,24,2,1001,9.84,100,90,3.6,100,0.42,5000,1001,9.84,100,90,3.6,100,0.42,5000,1001,9.84,100,90,3.6,100,0.42,5000,1001,9.84,100,90,3.6,100,0.42,5000,1001,9.84,100,90,3.6,100,0.42,5000,1001,9.84,100,90,3.6,100,0.42,5000,1001,9.84,100,90,3.6,100,0.42,5000,1001,9.84,100,90,3.6,100,0.42,5000,1001,9.84,100,90,3.6,100,0.42,5000,1001,9.84,100,90,3.6,100,0.42,5000,1001,9.84,100,90,3.6,100,0.42,5000,1001,9.84,100,90,3.6,100,0.42,5000
1001,9.84,100,90,3.6,100,0.42,5000,9,0,24,2,1001,9.84,100,90,3.6,100,0.42,5000,1001,9.84,100,90,3.6,100,0.42,5000,1001,9.84,100,90,3.6,100,0.42,5000,1001,9.84,100,90,3.6,100,0.42,5000,1001,9.84,100,90,3.6,100,0.42,5000,1001,9.84,100,90,3.6,100,0.42,5000,1001,9.84,100,90,3.6,100,0.42,5000,1001,9.84,100,90,3.6,100,0.42,5000,1001,9.84,100,90,3.6,100,0.42,5000,1001,9.84,100,90,3.6,100,0.42,5000,1001,9.84,100,90,3.6,100,0.42,5000,1001,9.84,100,90,3.6,100,0.42,5000
1001,9.84,100,90,3.6,100,0.42,5000,10,0,24,2,1001,9.84,100,90,3.6,100,0.42,5000,1001,9.84,100,90,3.6,100,0.42,5000,1001,9.84,100,90,3.6,100,0.42,5000,1001,9.84,100,90,3.6,100,0.42,5000,1001,9.84,100,90,3.6,100,0.42,5000,1001,9.84,100,90,3.6,100,0.42,5000,1001,9.84,100,90,3.6,100,0.42,5000,1001,9.84,100,90,3.6,100,0.42,5000,1001,9.84,100,90,3.6,100,0.42,5000,1001,9.84,100,90,3.6,100,0.42,5000,1001,9.84,100,90,3.6,100,0.42,5000,1001,9.84,100,90,3.6,100,0.42,5000
1001,9.84,100,90,3.6,100,0.42,5000,11,0,24,2,1001,9.84,100,90,3.6,100,0.42,5000,1001,9.84,100,90,3.6,100,0.42,5000,1001,9.84,100,90,3.6,100,0.42,5000,1001,9.84,100,90,3.6,100,0.42,5000,1001,9.84,100,90,3.6,100,0.42,5000,1001,9.84,100,90,3.6,100,0.42,5000,1001,9.84,100,90,3.6,100,0.42,5000,1001,9.84,100,90,3.6,100,0.42,5000,1001,9.84,100,90,3.6,100,0.42,5000,1001,9.84,100,90,3.6,100,0.42,5000,1001,9.84,100,90,3.6,100,0.42,5000,1001,9.84,100,90,3.6,100,0.42,5000
1001,9.84,100,90,3.6,100,0.42,5000,12,0,24,2,1001,9.84,100,90,3.6,100,0.42,5000,1001,9.84,100,90,3.6,100,0.42,5000,1001,9.84,100,90,3.6,100,0.42,5000,1001,9.84,100,90,3.6,100,0.42,5000,1001,9.84,100,90,3.6,100,0.42,5000,1001,9.84,100,90,3.6,100,0.42,5000,1001,9.84,100,90,3.6,100,0.42,5000,1001,9.84,100,90,3.6,100,0.42,5000,1001,9.84,100,90,3.6,100,0.42,5000,1001,9.84,100,90,3.6,100,0.42,5000,1001,9.84,100,90,3.6,100,0.42,5000,1001,9.84,100,90,3.6,100,0.42,5000
1001,9.84,100,90,3.6,100,0.42,5000,13,0,24,2,1001,9.84,100,90,3.6,100,0.42,5000,1001,9.84,100,90,3.6,100,0.42,5000,1001,9.84,100,90,3.6,100,0.42,5000,1001,9.84,100,90,3.6,100,0.42,5000,1001,9.84,100,90,3.6,100,0.42,5000,1001,9.84,100,90,3.6,100,0.42,5000,1001,9.84,100,90,3.6,100,0.42,5000,1001,9.84,100,90,3.6,100,0.42,5000,1001,9.84,100,90,3.6,100,0.42,5000,1001,9.84,100,90,3.6,100,0.42,5000,1001,9.84,100,90,3.6,100,0.42,5000,1001,9.84,100,90,3.6,100,0.42,5000
1001,9.84,100,90,3.6,100,0.42,5000,14,0,24,2,1001,9.84,100,90,3.6,100,0.42,5000,1001,9.84,100,90,3.6,100,0.42,5000,1001,9.84,100,90,3.6,100,0.42,5000,1001,9.84,100,90,3.6,100,0.42,5000,1001,9.84,100,90,3.6,100,0.42,5000,1001,9.84,100,90,3.6,100,0.42,5000,1001,9.84,100,90,3.6,100,0.42,5000,1001,9.84,100,90,3.6,100,0.42,5000,1001,9.84,100,90,3.6,100,0.42,5000,1001,9.84,100,90,3.6,100,0.42,5000,1001,9.84,100,90,3.6,100,0.42,5000,1001,9.84,100,90,3.6,100,0.42,5000
1001,9.84,100,90,3.6,100,0.42,5000,15,0,24,2,1001,9.84,100,90,3.6,100,0.42,5000,1001,9.84,100,90,3.6,100,0.42,5000,1001,9.84,100,90,3.6,100,0.42,5000,1001,9.84,100,90,3.6,100,0.42,5000,1001,9.84,100,90,3.6,100,0.42,5000,1001,9.84,100,90,3.6,100,0.42,5000,1001,9.84,100,90,3.6,100,0.42,5000,1001,9.84,100,90,3.6,100,0.42,5000,1001,9.84,100,90,3.6,100,0.42,5000,1001,9.84,100,90,3.6,100,0.42,5000,1001,9.84,100,90,3.6,100,0.42,5000,1001,9.84,100,90,3.6,100,0.42,5000
1001,9.84,100,90,3.6,100,0.42,5000,16,0,24,2,1001,9.84,100,90,3.6,100,0.42,5000,1001,9.84,100,90,3.6,100,0.42,5000,1001,9.84,100,90,3.6,100,0.42,5000,1001,9.84,100,90,3.6,100,0.42,5000,1001,9.84,100,90,3.6,100,0.42,5000,1001,9.84,100,90,3.6,100,0.42,5000,1001,9.84,100,90,3.6,100,0.42,5000,1001,9.84,100,90,3.6,100,0.42,5000,1001,9.84,100,90,3.6,100,0.42,5000,1001,9.84,100,90,3.6,100,0.42,5000,1001,9.84,100,90,3.6,100,0.42,5000,1001,9.84,100,90,3.6,100,0.42,5000
1001,9.84,100,90,3.6,100,0.42,5000,17,0,24,2,1001,9.84,100,90,3.6,100,0.42,5000,1001,9.84,100,90,3.6,100,0.42,5000,1001,9.84,100,90,3.6,100,0.42,5000,1001,9.84,100,90,3.6,100,0.42,5000,1001,9.84,100,90,3.6,100,0.42,5000,1001,9.84,100,90,3.6,100,0.42,5000,1001,9.84,100,90,3.6,100,0.42,5000,1001,9.84,100,90,3.6,100,0.42,5000,1001,9.84,100,90,3.6,100,0.42,5000,1001,9.84,100,90,3.6,100,0.42,5000,1001,9.84,100,90,3.6,100,0.42,5000,1001,9.84,100,90,3.6,100,0.42,5000
1001,9.84,100,90,3.6,100,0.42,5000,18,0,24,2,1001,9.84,100,90,3.6,100,0.42,5000,1001,9.84,100,90,3.6,100,0.42,5000,1001,9.84,100,90,3.6,100,0.42,5000,1001,9.84,100,90,3.6,100,0.42,5000,1001,9.84,100,90,3.6,100,0.42,5000,1001,9.84,100,90,3.6,100,0.42,5000,1001,9.84,100,90,3.6,100,0.42,5000,1001,9.84,100,90,3.6,100,0.42,5000,1001,9.84,100,90,3.6,100,0.42,5000,1001,9.84,100,90,3.6,100,0.42,5000,1001,9.84,100,90,3.6,100,0.42,5000,1001,9.84,100,90,3.6,100,0.42,5000
1001,9.84,100,90,3.6,100,0.42,5000,19,0,24,2,1001,9.84,100,90,3.6,100,0.42,5000,1001,9.84,100,90,3.6,100,0.42,5000,1001,9.84,100,90,3.6,100,0.42,5000,1001,9.84,100,90,3.6,100,0.42,5000,1001,9.84,100,90,3.6,100,0.42,5000,1001,9.84,100,90,3.6,100,0.42,5000,1001,9.84,100,90,3.6,100,0.42,5000,1001,9.84,100,90,3.6,100,0.42,5000,1001,9.84,100,90,3.6,100,0.42,5000,1001,9.84,100,90,3.6,100,0.42,5000,1001,9.84,100,90,3.6,100,0.42,5000,1001,9.84,100,90,3.6,100,0.42,5000
1001,9.84,100,90,3.6,100,0.42,5000,20,0,24,2,1001,9.84,100,90,3.6,100,0.42,5000,1001,9.84,100,90,3.6,100,0.42,5000,1001,9.84,100,90,3.6,100,0.42,5000,1001,9.84,100,90,3.6,100,0.42,5000,1001,9.84,100,90,3.6,100,0.42,5000,1001,9.84,100,90,3.6,100,0.42,5000,1001,9.84,100,90,3.6,100,0.42,5000,1001,9.84,100,90,3.6,100,0.42,5000,1001,9.84,100,90,3.6,100,0.42,5000,1001,9.84,100,90,3.6,100,0.42,5000,1001,9.84,100,90,3.6,100,0.42,5000,1001,9.84,100,90,3.6,100,0.42,5000
1001,9.84,100,90,3.6,100,0.42,5000,21,0,24,2,1001,9.84,100,90,3.6,100,0.42,5000,1001,9.84,100,90,3.6,100,0.42,5000,1001,9.84,100,90,3.6,100,0.42,5000,1001,9.84,100,90,3.6,100,0.42,5000,1001,9.84,100,90,3.6,100,0.42,5000,1001,9.84,100,90,3.6,100,0.42,5000,1001,9.84,100,90,3.6,100,0.42,5000,1001,9.84,100,90,3.6,100,0.42,5000,1001,9.84,100,90,3.6,100,0.42,5000,1001,9.84,100,90,3.6,100,0.42,5000,1001,9.84,100,90,3.6,100,0.42,5000,1001,9.84,100,90,3.6,100,0.42,5000
1001,9.84,100,90,3.6,100,0.42,5000,22,0,24,2,1001,9.84,100,90,3.6,100,0.42,5000,1001,9.84,100,90,3.6,100,0.42,5000,1001,9.84,100,90,3.6,100,0.42,5000,1001,9.84,100,90,3.6,100,0.42,5000,1001,9.84,100,90,3.6,100,0.42,5000,1001,9.84,100,90,3.6,100,0.42,5000,1001,9.84,100,90,3.6,100,0.42,5000,1001,9.84,100,90,3.6,100,0.42,5000,1001,9.84,100,90,3.6,100,0.42,5000,1001,9.84,100,90,3.6,100,0.42,5000,1001,9.84,100,90,3.6,100,0.42,5000,1001,9.84,100,90,3.6,100,0.42,5000
1001,9.84,100,90,3.6,100,0.42,5000,23,0,24,2,1001,9.84,100,90,3.6,100,0.42,5000,1001,9.84,100,90,3.6,100,0.42,5000,1001,9.84,100,90,3.6,100,0.42,5000,1001,9.84,100,90,3.6,100,0.42,5000,1001,9.84,100,90,3.6,100,0.42,5000,1001,9.84,100,90,3.6,100,0.42,5000,1001,9.84,100,90,3.6,100,0.42,5000,1001,9.84,100,90,3.6,100,0.42,5000,1001,9.84,100,90,3.6,100,0.42,5000,1001,9.84,100,90,3.6,100,0.42,5000,1001,9.84,100,90,3.6,100,0.42,5000,1001,9.84,100,90,3.6,100,0.42,5000
1001,9.84,100,90,3.6,100,0.42,5000,0,0,25,2,1001,9.84,100,90,3.6,100,0.42,5000,1001,9.84,100,90,3.6,100,0.42,5000,1001,9.84,100,90,3.6,100,0.42,5000,1001,9.84,100,90,3.6,100,0.42,5000,1001,9.84,100,90,3.6,100,0.42,5000,1001,9.84,100,90,3.6,100,0.42,5000,1001,9.84,100,90,3.6,100,0.42,5000,1001,9.84,100,90,3.6,100,0.42,5000,1001,9.84,100,90,3.6,100,0.42,5000,1001,9.84,100,90,3.6,100,0.42,5000,1001,9.84,100,90,3.6,100,0.42,5000,1001,9.84,100,90,3.6,100,0.42,5000
1001,9.84,100,90,3.6,100,0.42,5000,1,0,25,2,1001,9.84,100,90,3.6,100,0.42,5000,1001,9.84,100,90,3.6,100,0.42,5000,1001,9.84,100,90,3.6,100,0.42,5000,1001,9.84,100,90,3.6,100,0.42,5000,1001,9.84,100,90,3.6,100,0.42,5000,1001,9.84,100,90,3.6,100,0.42,5000,1001,9.84,100,90,3.6,100,0.42,5000,1001,9.84,100,90,3.6,100,0.42,5000,1001,9.84,100,90,3.6,100,0.42,5000,1001,9.84,100,90,3.6,100,0.42,5000,1001,9.84,100,90,3.6,100,0.42,5000,1001,9.84,100,90,3.6,100,0.42,5000
1001,9.84,100,90,3.6,100,0.42,5000,2,0,25,2,1001,9.84,100,90,3.6,100,0.42,5000,1001,9.84,100,90,3.6,100,0.42,5000,1001,9.84,100,90,3.6,100,0.42,5000,1001,9.84,100,90,3.6,100,0.42,5000,1001,9.84,100,90,3.6,100,0.42,5000,1001,9.84,100,90,3.6,100,0.42,5000,1001,9.84,100,90,3.6,100,0.42,5000,1001,9.84,100,90,3.6,100,0.42,5000,1001,9.84,100,90,3.6,100,0.42,5000,1001,9.84,100,90,3.6,100,0.42,5000,1001,9.84,100,90,3.6,100,0.42,5000,1001,9.84,100,90,3.6,100,0.42,5000
1001,9.84,100,90,3.6,100,0.42,5000,3,0,25,2,1001,9.84,100,90,3.6,100,0.42,5000,1001,9.84,100,90,3.6,100,0.42,5000,1001,9.84,100,90,3.6,100,0.42,5000,1001,9.84,100,90,3.6,100,0.42,5000,1001,9.84,100,90,3.6,100,0.42,5000,1001,9.84,100,90,3.6,100,0.42,5000,1001,9.84,100,90,3.6,100,0.42,5000,1001,9.84,100,90,3.6,100,0.42,5000,1001,9.84,100,90,3.6,100,0.42,5000,1001,9.84,100,90,3.6,100,0.42,5000,1001,9.84,100,90,3.6,100,0.42,5000,1001,9.84,100,90,3.6,100,0.42,5000
1001,9.84,100,90,3.6,100,0.42,5000,4,0,25,2,1001,9.84,100,90,3.6,100,0.42,5000,1001,9.84,100,90,3.6,100,0.42,5000,1001,9.84,100,90,3.6,100,0.42,5000,1001,9.84,100,90,3.6,100,0.42,5000,1001,9.84,100,90,3.6,100,0.42,5000,1001,9.84,100,90,3.6,100,0.42,5000,1001,9.84,100,90,3.6,100,0.42,5000,1001,9.84,100,90,3.6,100,0.42,5000,1001,9.84,100,90,3.6,100,0.42,5000,1001,9.84,100,90,3.6,100,0.42,5000,1001,9.84,100,90,3.6,100,0.42,5000,1001,9.84,100,90,3.6,100,0.42,5000
1001,9.84,100,90,3.6,100,0.42,5000,5,0,25,2,1001,9.84,100,90,3.6,100,0.42,5000,1001,9.84,100,90,3.6,100,0.42,5000,1001,9.84,100,90,3.6,100,0.42,5000,1001,9.84,100,90,3.6,100,0.42,5000,1001,9.84,100,90,3.6,100,0.42,5000,1001,9.84,100,90,3.6,100,0.42,5000,1001,9.84,100,90,3.6,100,0.42,5000,1001,9.84,100,90,3.6,100,0.42,5000,1001,9.84,100,90,3.6,100,0.42,5000,1001,9.84,100,90,3.6,100,0.42,5000,1001,9.84,100,90,3.6,100,0.42,5000,1001,9.84,100,90,3.6,100,0.42,5000
1001,9.84,100,90,3.6,100,0.42,5000,6,0,25,2,1001,9.84,100,90,3.6,100,0.42,5000,1001,9.84,100,90,3.6,100,0.42,5000,1001,9.84,100,90,3.6,100,0.42,5000,1001,9.84,100,90,3.6,100,0.42,5000,1001,9.84,100,90,3.6,100,0.42,5000,1001,9.84,100,90,3.6,100,0.42,5000,1001,9.84,100,90,3.6,100,0.42,5000,1001,9.84,100,90,3.6,100,0.42,5000,1001,9.84,100,90,3.6,100,0.42,5000,1001,9.84,100,90,3.6,100,0.42,5000,1001,9.84,100,90,3.6,100,0.42,5000,1001,9.84,100,90,3.6,100,0.42,5000
1001,9.84,100,90,3.6,100,0.42,5000,7,0,25,2,1001,9.84,100,90,3.6,100,0.42,5000,1001,9.84,100,90,3.6,100,0.42,5000,1001,9.84,100,90,3.6,100,0.42,5000,1001,9.84,100,90,3.6,100,0.42,5000,1001,9.84,100,90,3.6,100,0.42,5000,1001,9.84,100,90,3.6,100,0.42,5000,1001,9.84,100,90,3.6,100,0.42,5000,1001,9.84,100,90,3.6,100,0.42,5000,1001,9.84,100,90,3.6,100,0.42,5000,1001,9.84,100,90,3.6,100,0.42,5000,1001,9.84,100,90,3.6,100,0.42,5000,1001,9.84,100,90,3.6,100,0.42,5000
1001,9.84,100,90,3.6,100,0.42,5000,8,0,25,2,1001,9.84,100,90,3.6,100,0.42,5000,1001,9.84,100,90,3.6,100,0.42,5000,1001,9.84,100,90,3.6,100,0.42,5000,1001,9.84,100,90,3.6,100,0.42,5000,1001,9.84,100,90,3.6,100,0.42,5000,1001,9.84,100,90,3.6,100,0.42,5000,1001,9.84,100,90,3.6,100,0.42,5000,1001,9.84,100,90,3.6,100,0.42,5000,1001,9.84,100,90,3.6,100,0.42,5000,1001,9.84,100,90,3.6,100,0.42,5000,1001,9.84,100,90,3.6,100,0.42,5000,1001,9.84,100,90,3.6,100,0.42,5000
1001,9.84,100,90,3.6,100,0.42,5000,9,0,25,2,1001,9.84,100,90,3.6,100,0.42,5000,1001,9.84,100,90,3.6,100,0.42,5000,1001,9.84,100,90,3.6,100,0.42,5000,1001,9.84,100,90,3.6,100,0.42,5000,1001,9.84,100,90,3.6,100,0.42,5000,1001,9.84,100,90,3.6,100,0.42,5000,1001,9.84,100,90,3.6,100,0.42,5000,1001,9.84,100,90,3.6,100,0.42,5000,1001,9.84,100,90,3.6,100,0.42,5000,1001,9.84,100,90,3.6,100,0.42,5000,1001,9.84,100,90,3.6,100,0.42,5000,1001,9.84,100,90,3.6,100,0.42,5000
1001,9.84,100,90,3.6,100,0.42,5000,10,0,25,2,1001,9.84,100,90,3.6,100,0.42,5000,1001,9.84,100,90,3.6,100,0.42,5000,1001,9.84,100,90,3.6,100,0.42,5000,1001,9.84,100,90,3.6,100,0.42,5000,1001,9.84,100,90,3.6,100,0.42,5000,1001,9.84,100,90,3.6,100,0.42,5000,1001,9.84,100,90,3.6,100,0.42,5000,1001,9.84,100,90,3.6,100,0.42,5000,1001,9.84,100,90,3.6,100,0.42,5000,1001,9.84,100,90,3.6,100,0.42,5000,1001,9.84,100,90,3.6,100,0.42,5000,1001,9.84,100,90,3.6,100,0.42,5000
1001,9.84,100,90,3.6,100,0.42,5000,11,0,25,2,1001,9.84,100,90,3.6,100,0.42,5000,1001,9.84,100,90,3.6,100,0.42,5000,1001,9.84,100,90,3.6,100,0.42,5000,1001,9.84,100,90,3.6,100,0.42,5000,1001,9.84,100,90,3.6,100,0.42,5000,1001,9.84,100,90,3.6,100,0.42,5000,1001,9.84,100,90,3.6,100,0.42,5000,1001,9.84,100,90,3.6,100,0.42,5000,1001,9.84,100,90,3.6,100,0.42,5000,1001,9.84,100,90,3.6,100,0.42,5000,1001,9.84,100,90,3.6,100,0.42,5000,1001,9.84,100,90,3.6,100,0.42,5000
1001,9.84,100,90,3.6,100,0.42,5000,12,0,25,2,1001,9.84,100,90,3.6,100,0.42,5000,1001,9.84,100,90,3.6,100,0.42,5000,1001,9.84,100,90,3.6,100,0.42,5000,1001,9.84,100,90,3.6,100,0.42,5000,1001,9.84,100,90,3.6,100,0.42,5000,1001,9.84,100,90,3.6,100,0.42,5000,1001,9.84,100,90,3.6,100,0.42,5000,1001,9.84,100,90,3.6,100,0.42,5000,1001,9.84,100,90,3.6,100,0.42,5000,1001,9.84,100,90,3.6,100,0.42,5000,1001,9.84,100,90,3.6,100,0.42,5000,1001,9.84,100,90,3.6,100,0.42,5000
1001,9.84,100,90,3.6,100,0.42,5000,13,0,25,2,1001,9.84,100,90,3.6,100,0.42,5000,1001,9.84,100,90,3.6,100,0.42,5000,1001,9.84,100,90,3.6,100,0.42,5000,1001,9.84,100,90,3.6,100,0.42,5000,1001,9.84,100,90,3.6,100,0.42,5000,1001,9.84,100,90,3.6,100,0.42,5000,1001,9.84,100,90,3.6,100,0.42,5000,1001,9.84,100,90,3.6,100,0.42,5000,1001,9.84,100,90,3.6,100,0.42,5000,1001,9.84,100,90,3.6,100,0.42,5000,1001,9.84,100,90,3.6,100,0.42,5000,1001,9.84,100,90,3.6,100,0.42,5000
1001,9.84,100,90,3.6,100,0.42,5000,14,0,25,2,1001,9.84,100,90,3.6,100,0.42,5000,1001,9.84,100,90,3.6,100,0.42,5000,1001,9.84,100,90,3.6,100,0.42,5000,1001,9.84,100,90,3.6,100,0.42,5000,1001,9.84,100,90,3.6,100,0.42,5000,1001,9.84,100,90,3.6,100,0.42,5000,1001,9.84,100,90,3.6,100,0.42,5000,1001,9.84,100,90,3.6,100,0.42,5000,1001,9.84,100,90,3.6,100,0.42,5000,1001,9.84,100,90,3.6,100,0.42,5000,1001,9.84,100,90,3.6,100,0.42,5000,1001,9.84,100,90,3.6,100,0.42,5000
1001,9.84,100,90,3.6,100,0.42,5000,15,0,25,2,1001,9.84,100,90,3.6,100,0.42,5000,1001,9.84,100,90,3.6,100,0.42,5000,1001,9.84,100,90,3.6,100,0.42,5000,1001,9.84,100,90,3.6,100,0.42,5000,1001,9.84,100,90,3.6,100,0.42,5000,1001,9.84,100,90,3.6,100,0.42,5000,1001,9.84,100,90,3.6,100,0.42,5000,1001,9.84,100,90,3.6,100,0.42,5000,1001,9.84,100,90,3.6,100,0.42,5000,1001,9.84,100,90,3.6,100,0.42,5000,1001,9.84,100,90,3.6,100,0.42,5000,1001,9.84,100,90,3.6,100,0.42,5000
1001,9.84,100,90,3.6,100,0.42,5000,16,0,25,2,1001,9.84,100,90,3.6,100,0.42,5000,1001,9.84,100,90,3.6,100,0.42,5000,1001,9.84,100,90,3.6,100,0.42,5000,1001,9.84,100,90,3.6,100,0.42,5000,1001,9.84,100,90,3.6,100,0.42,5000,1001,9.84,100,90,3.6,100,0.42,5000,1001,9.84,100,90,3.6,100,0.42,5000,1001,9.84,100,90,3.6,100,0.42,5000,1001,9.84,100,90,3.6,100,0.42,5000,1001,9.84,100,90,3.6,100,0.42,5000,1001,9.84,100,90,3.6,100,0.42,5000,1001,9.84,100,90,3.6,100,0.42,5000
1001,9.84,100,90,3.6,100,0.42,5000,17,0,25,2,1001,9.84,100,90,3.6,100,0.42,5000,1001,9.84,100,90,3.6,100,0.42,5000,1001,9.84,100,90,3.6,100,0.42,5000,1001,9.84,100,90,3.6,100,0.42,5000,1001,9.84,100,90,3.6,100,0.42,5000,1001,9.84,100,90,3.6,100,0.42,5000,1001,9.84,100,90,3.6,100,0.42,5000,1001,9.84,100,90,3.6,100,0.42,5000,1001,9.84,100,90,3.6,100,0.42,5000,1001,9.84,100,90,3.6,100,0.42,5000,1001,9.84,100,90,3.6,100,0.42,5000,1001,9.84,100,90,3.6,100,0.42,5000
1001,9.84,100,90,3.6,100,0.42,5000,18,0,25,2,1001,9.84,100,90,3.6,100,0.42,5000,1001,9.84,100,90,3.6,100,0.42,5000,1001,9.84,100,90,3.6,100,0.42,5000,1001,9.84,100,90,3.6,100,0.42,5000,1001,9.84,100,90,3.6,100,0.42,5000,1001,9.84,100,90,3.6,100,0.42,5000,1001,9.84,100,90,3.6,100,0.42,5000,1001,9.84,100,90,3.6,100,0.42,5000,1001,9.84,100,90,3.6,100,0.42,5000,1001,9.84,100,90,3.6,100,0.42,5000,1001,9.84,100,90,3.6,100,0.42,5000,1001,9.84,100,90,3.6,100,0.42,5000
1001,9.84,100,90,3.6,100,0.42,5000,19,0,25,2,1001,9.84,100,90,3.6,100,0.42,5000,1001,9.84,100,90,3.6,100,0.42,5000,1001,9.84,100,90,3.6,100,0.42,5000,1001,9.84,100,90,3.6,100,0.42,5000,1001,9.84,100,90,3.6,100,0.42,5000,1001,9.84,100,90,3.6,100,0.42,5000,1001,9.84,100,90,3.6,100,0.42,5000,1001,9.84,100,90,3.6,100,0.42,5000,1001,9.84,100,90,3.6,100,0.42,5000,1001,9.84,100,90,3.6,100,0.42,5000,1001,9.84,100,90,3.6,100,0.42,5000,1001,9.84,100,90,3.6,100,0.42,5000
1001,9.84,100,90,3.6,100,0.42,5000,20,0,25,2,1001,9.84,100,90,3.6,100,0.42,5000,1001,9.84,100,90,3.6,100,0.42,5000,1001,9.84,100,90,3.6,100,0.42,5000,1001,9.84,100,90,3.6,100,0.42,5000,1001,9.84,100,90,3.6,100,0.42,5000,1001,9.84,100,90,3.6,100,0.42,5000,1001,9.84,100,90,3.6,100,0.42,5000,1001,9.84,100,90,3.6,100,0.42,5000,1001,9.84,100,90,3.6,100,0.42,5000,1001,9.84,100,90,3.6,100,0.42,5000,1001,9.84,100,90,3.6,100,0.42,5000,1001,9.84,100,90,3.6,100,0.42,5000
1001,9.84,100,90,3.6,100,0.42,5000,21,0,25,2,1001,9.84,100,90,3.6,100,0.42,5000,1001,9.84,100,90,3.6,100,0.42,5000,1001,9.84,100,90,3.6,100,0.42,5000,1001,9.84,100,90,3.6,100,0.42,5000,1001,9.84,100,90,3.6,100,0.42,5000,1001,9.84,100,90,3.6,100,0.42,5000,1001,9.84,100,90,3.6,100,0.42,5000,1001,9.84,100,90,3.6,100,0.42,5000,1001,9.84,100,90,3.6,100,0.42,5000,1001,9.84,100,90,3.6,100,0.42,5000,1001,9.84,100,90,3.6,100,0.42,5000,1001,9.84,100,90,3.6,100,0.42,5000
1001,9.84,100,90,3.6,100,0.42,5000,22,0,25,2,1001,9.84,100,90,3.6,100,0.42,5000,1001,9.84,100,90,3.6,100,0.42,5000,1001,9.84,100,90,3.6,100,0.42,5000,1001,9.84,100,90,3.6,100,0.42,5000,1001,9.84,100,90,3.6,100,0.42,5000,1001,9.84,100,90,3.6,100,0.42,5000,1001,9.84,100,90,3.6,100,0.42,5000,1001,9.84,100,90,3.6,100,0.42,5000,1001,9.84,100,90,3.6,100,0.42,5000,1001,9.84,100,90,3.6,100,0.42,5000,1001,9.84,100,90,3.6,100,0.42,5000,1001,9.84,100,90,3.6,100,0.42,5000
1001,9.84,100,90,3.6,100,0.42,5000,23,0,25,2,1001,9.84,100,90,3.6,100,0.42,5000,1001,9.84,100,90,3.6,100,0.42,5000,1001,9.84,100,90,3.6,100,0.42,5000,1001,9.84,100,90,3.6,100,0.42,5000,1001,9.84,100,90,3.6,100,0.42,5000,1001,9.84,100,90,3.6,100,0.42,5000,1001,9.84,100,90,3.6,100,0.42,5000,1001,9.84,100,90,3.6,100,0.42,5000,1001,9.84,100,90,3.6,100,0.42,5000,1001,9.84,100,90,3.6,100,0.42,5000,1001,9.84,100,90,3.6,100,0.42,5000,1001,9.84,100,90,3.6,100,0.42,5000
1001,9.84,100,90,3.6,100,0.42,5000,0,0,26,2,1001,9.84,100,90,3.6,100,0.42,5000,1001,9.84,100,90,3.6,100,0.42,5000,1001,9.84,100,90,3.6,100,0.42,5000,1001,9.84,100,90,3.6,100,0.42,5000,1001,9.84,100,90,3.6,100,0.42,5000,1001,9.84,100,90,3.6,100,0.42,5000,1001,9.84,100,90,3.6,100,0.42,5000,1001,9.84,100,90,3.6,100,0.42,5000,1001,9.84,100,90,3.6,100,0.42,5000,1001,9.84,100,90,3.6,100,0.42,5000,1001,9.84,100,90,3.6,100,0.42,5000,1001,9.84,100,90,3.6,100,0.42,5000
1001,9.84,100,90,3.6,100,0.42,5000,1,0,26,2,1001,9.84,100,90,3.6,100,0.42,5000,1001,9.84,100,90,3.6,100,0.42,5000,1001,9.84,100,90,3.6,100,0.42,5000,1001,9.84,100,90,3.6,100,0.42,5000,1001,9.84,100,90,3.6,100,0.42,5000,1001,9.84,100,90,3.6,100,0.42,5000,1001,9.84,100,90,3.6,100,0.42,5000,1001,9.84,100,90,3.6,100,0.42,5000,1001,9.84,100,90,3.6,100,0.42,5000,1001,9.84,100,90,3.6,100,0.42,5000,1001,9.84,100,90,3.6,100,0.42,5000,1001,9.84,100,90,3.6,100,0.42,5000
1001,9.84,100,90,3.6,100,0.42,5000,2,0,26,2,1001,9.84,100,90,3.6,100,0.42,5000,1001,9.84,100,90,3.6,100,0.42,5000,1001,9.84,100,90,3.6,100,0.42,5000,1001,9.84,100,90,3.6,100,0.42,5000,1001,9.84,100,90,3.6,100,0.42,5000,1001,9.84,100,90,3.6,100,0.42,5000,1001,9.84,100,90,3.6,100,0.42,5000,1001,9.84,100,90,3.6,100,0.42,5000,1001,9.84,100,90,3.6,100,0.42,5000,1001,9.84,100,90,3.6,100,0.42,5000,1001,9.84,100,90,3.6,100,0.42,5000,1001,9.84,100,90,3.6,100,0.42,5000
1001,9.84,100,90,3.6,100,0.42,5000,3,0,26,2,1001,9.84,100,90,3.6,100,0.42,5000,1001,9.84,100,90,3.6,100,0.42,5000,1001,9.84,100,90,3.6,100,0.42,5000,1001,9.84,100,90,3.6,100,0.42,5000,1001,9.84,100,90,3.6,100,0.42,5000,1001,9.84,100,90,3.6,100,0.42,5000,1001,9.84,100,90,3.6,100,0.42,5000,1001,9.84,100,90,3.6,100,0.42,5000,1001,9.84,100,90,3.6,100,0.42,5000,1001,9.84,100,90,3.6,100,0.42,5000,1001,9.84,100,90,3.6,100,0.42,5000,1001,9.84,100,90,3.6,100,0.42,5000
1001,9.84,100,90,3.6,100,0.42,5000,4,0,26,2,1001,9.84,100,90,3.6,100,0.42,5000,1001,9.84,100,90,3.6,100,0.42,5000,1001,9.84,100,90,3.6,100,0.42,5000,1001,9.84,100,90,3.6,100,0.42,5000,1001,9.84,100,90,3.6,100,0.42,5000,1001,9.84,100,90,3.6,100,0.42,5000,1001,9.84,100,90,3.6,100,0.42,5000,1001,9.84,100,90,3.6,100,0.42,5000,1001,9.84,100,90,3.6,100,0.42,5000,1001,9.84,100,90,3.6,100,0.42,5000,1001,9.84,100,90,3.6,100,0.42,5000,1001,9.84,100,90,3.6,100,0.42,5000
1001,9.84,100,90,3.6,100,0.42,5000,5,0,26,2,1001,9.84,100,90,3.6,100,0.42,5000,1001,9.84,100,90,3.6,100,0.42,5000,1001,9.84,100,90,3.6,100,0.42,5000,1001,9.84,100,90,3.6,100,0.42,5000,1001,9.84,100,90,3.6,100,0.42,5000,1001,9.84,100,90,3.6,100,0.42,5000,1001,9.84,100,90,3.6,100,0.42,5000,1001,9.84,100,90,3.6,100,0.42,5000,1001,9.84,100,90,3.6,100,0.42,5000,1001,9.84,100,90,3.6,100,0.42,5000,1001,9.84,100,90,3.6,100,0.42,5000,1001,9.84,100,90,3.6,100,0.42,5000
1001,9.84,100,90,3.6,100,0.42,5000,6,0,26,2,1001,9.84,100,90,3.6,100,0.42,5000,1001,9.84,100,90,3.6,100,0.42,5000,1001,9.84,100,90,3.6,100,0.42,5000,1001,9.84,100,90,3.6,100,0.42,5000,1001,9.84,100,90,3.6,100,0.42,5000,1001,9.84,100,90,3.6,100,0.42,5000,1001,9.84,100,90,3.6,100,0.42,5000,1001,9.84,100,90,3.6,100,0.42,5000,1001,9.84,100,90,3.6,100,0.42,5000,1001,9.84,100,90,3.6,100,0.42,5000,1001,9.84,100,90,3.6,100,0.42,5000,1001,9.84,100,90,3.6,100,0.42,5000
1001,9.84,100,90,3.6,100,0.42,5000,7,0,26,2,1001,9.84,100,90,3.6,100,0.42,5000,1001,9.84,100,90,3.6,100,0.42,5000,1001,9.84,100,90,3.6,100,0.42,5000,1001,9.84,100,90,3.6,100,0.42,5000,1001,9.84,100,90,3.6,100,0.42,5000,1001,9.84,100,90,3.6,100,0.42,5000,1001,9.84,100,90,3.6,100,0.42,5000,1001,9.84,100,90,3.6,100,0.42,5000,1001,9.84,100,90,3.6,100,0.42,5000,1001,9.84,100,90,3.6,100,0.42,5000,1001,9.84,100,90,3.6,100,0.42,5000,1001,9.84,100,90,3.6,100,0.42,5000
1001,9.84,100,90,3.6,100,0.42,5000,8,0,26,2,1001,9.84,100,90,3.6,100,0.42,5000,1001,9.84,100,90,3.6,100,0.42,5000,1001,9.84,100,90,3.6,100,0.42,5000,1001,9.84,100,90,3.6,100,0.42,5000,1001,9.84,100,90,3.6,100,0.42,5000,1001,9.84,100,90,3.6,100,0.42,5000,1001,9.84,100,90,3.6,100,0.42,5000,1001,9.84,100,90,3.6,100,0.42,5000,1001,9.84,100,90,3.6,100,0.42,5000,1001,9.84,100,90,3.6,100,0.42,5000,1001,9.84,100,90,3.6,100,0.42,5000,1001,9.84,100,90,3.6,100,0.42,5000
1001,9.84,100,90,3.6,100,0.42,5000,9,0,26,2,1001,9.84,100,90,3.6,100,0.42,5000,1001,9.84,100,90,3.6,100,0.42,5000,1001,9.84,100,90,3.6,100,0.42,5000,1001,9.84,100,90,3.6,100,0.42,5000,1001,9.84,100,90,3.6,100,0.42,5000,1001,9.84,100,90,3.6,100,0.42,5000,1001,9.84,100,90,3.6,100,0.42,5000,1001,9.84,100,90,3.6,100,0.42,5000,1001,9.84,100,90,3.6,100,0.42,5000,1001,9.84,100,90,3.6,100,0.42,5000,1001,9.84,100,90,3.6,100,0.42,5000,1001,9.84,100,90,3.6,100,0.42,5000
1001,9.84,100,90,3.6,100,0.42,5000,10,0,26,2,1001,9.84,100,90,3.6,100,0.42,5000,1001,9.84,100,90,3.6,100,0.42,5000,1001,9.84,100,90,3.6,100,0.42,5000,1001,9.84,100,90,3.6,100,0.42,5000,1001,9.84,100,90,3.6,100,0.42,5000,1001,9.84,100,90,3.6,100,0.42,5000,1001,9.84,100,90,3.6,100,0.42,5000,1001,9.84,100,90,3.6,100,0.42,5000,1001,9.84,100,90,3.6,100,0.42,5000,1001,9.84,100,90,3.6,100,0.42,5000,1001,9.84,100,90,3.6,100,0.42,5000,1001,9.84,100,90,3.6,100,0.42,5000
1001,9.84,100,90,3.6,100,0.42,5000,11,0,26,2,1001,9.84,100,90,3.6,100,0.42,5000,1001,9.84,100,90,3.6,100,0.42,5000,1001,9.84,100,90,3.6,100,0.42,5000,1001,9.84,100,90,3.6,100,0.42,5000,1001,9.84,100,90,3.6,100,0.42,5000,1001,9.84,100,90,3.6,100,0.42,5000,1001,9.84,100,90,3.6,100,0.42,5000,1001,9.84,100,90,3.6,100,0.42,5000,1001,9.84,100,90,3.6,100,0.42,5000,1001,9.84,100,90,3.6,100,0.42,5000,1001,9.84,100,90,3.6,100,0.42,5000,1001,9.84,100,90,3.6,100,0.42,5000
1001,9.84,100,90,3.6,100,0.42,5000,12,0,26,2,1001,9.84,100,90,3.6,100,0.42,5000,1001,9.84,100,90,3.6,100,0.42,5000,1001,9.84,100,90,3.6,100,0.42,5000,1001,9.84,100,90,3.6,100,0.42,5000,1001,9.84,100,90,3.6,100,0.42,5000,1001,9.84,100,90,3.6,100,0.42,5000,1001,9.84,100,90,3.6,100,0.42,5000,1001,9.84,100,90,3.6,100,0.42,5000,1001,9.84,100,90,3.6,100,0.42,5000,1001,9.84,100,90,3.6,100,0.42,5000,1001,9.84,100,90,3.6,100,0.42,5000,1001,9.84,100,90,3.6,100,0.42,5000
1001,9.84,100,90,3.6,100,0.42,5000,13,0,26,2,1001,9.84,100,90,3.6,100,0.42,5000,1001,9.84,100,90,3.6,100,0.42,5000,1001,9.84,100,90,3.6,100,0.42,5000,1001,9.84,100,90,3.6,100,0.42,5000,1001,9.84,100,90,3.6,100,0.42,5000,1001,9.84,100,90,3.6,100,0.42,5000,1001,9.84,100,90,3.6,100,0.42,5000,1001,9.84,100,90,3.6,100,0.42,5000,1001,9.84,100,90,3.6,100,0.42,5000,1001,9.84,100,90,3.6,100,0.42,5000,1001,9.84,100,90,3.6,100,0.42,5000,1001,9.84,100,90,3.6,100,0.42,5000
1001,9.84,100,90,3.6,100,0.42,5000,14,0,26,2,1001,9.84,100,90,3.6,100,0.42,5000,1001,9.84,100,90,3.6,100,0.42,5000,1001,9.84,100,90,3.6,100,0.42,5000,1001,9.84,100,90,3.6,100,0.42,5000,1001,9.84,100,90,3.6,100,0.42,5000,1001,9.84,100,90,3.6,100,0.42,5000,1001,9.84,100,90,3.6,100,0.42,5000,1001,9.84,100,90,3.6,100,0.42,5000,1001,9.84,100,90,3.6,100,0.42,5000,1001,9.84,100,90,3.6,100,0.42,5000,1001,9.84,100,90,3.6,100,0.42,5000,1001,9.84,100,90,3.6,100,0.42,5000
1001,9.84,100,90,3.6,100,0.42,5000,15,0,26,2,1001,9.84,100,90,3.6,100,0.42,5000,1001,9.84,100,90,3.6,100,0.42,5000,1001,9.84,100,90,3.6,100,0.42,5000,1001,9.84,100,90,3.6,100,0.42,5000,1001,9.84,100,90,3.6,100,0.42,5000,1001,9.84,100,90,3.6,100,0.42,5000,1001,9.84,100,90,3.6,100,0.42,5000,1001,9.84,100,90,3.6,100,0.42,5000,1001,9.84,100,90,3.6,100,0.42,5000,1001,9.84,100,90,3.6,100,0.42,5000,1001,9.84,100,90,3.6,100,0.42,5000,1001,9.84,100,90,3.6,100,0.42,5000
1001,9.84,100,90,3.6,100,0.42,5000,16,0,26,2,1001,9.84,100,90,3.6,100,0.42,5000,1001,9.84,100,90,3.6,100,0.42,5000,1001,9.84,100,90,3.6,100,0.42,5000,1001,9.84,100,90,3.6,100,0.42,5000,1001,9.84,100,90,3.6,100,0.42,5000,1001,9.84,100,90,3.6,100,0.42,5000,1001,9.84,100,90,3.6,100,0.42,5000,1001,9.84,100,90,3.6,100,0.42,5000,1001,9.84,100,90,3.6,100,0.42,5000,1001,9.84,100,90,3.6,100,0.42,5000,1001,9.84,100,90,3.6,100,0.42,5000,1001,9.84,100,90,3.6,100,0.42,5000
1001,9.84,100,90,3.6,100,0.42,5000,17,0,26,2,1001,9.84,100,90,3.6,100,0.42,5000,1001,9.84,100,90,3.6,100,0.42,5000,1001,9.84,100,90,3.6,100,0.42,5000,1001,9.84,100,90,3.6,100,0.42,5000,1001,9.84,100,90,3.6,100,0.42,5000,1001,9.84,100,90,3.6,100,0.42,5000,1001,9.84,100,90,3.6,100,0.42,5000,1001,9.84,100,90,3.6,100,0.42,5000,1001,9.84,100,90,3.6,100,0.42,5000,1001,9.84,100,90,3.6,100,0.42,5000,1001,9.84,100,90,3.6,100,0.42,5000,1001,9.84,100,90,3.6,100,0.42,5000
1001,9.84,100,90,3.6,100,0.42,5000,18,0,26,2,1001,9.84,100,90,3.6,100,0.42,5000,1001,9.84,100,90,3.6,100,0.42,5000,1001,9.84,100,90,3.6,100,0.42,5000,1001,9.84,100,90,3.6,100,0.42,5000,1001,9.84,100,90,3.6,100,0.42,5000,1001,9.84,100,90,3.6,100,0.42,5000,1001,9.84,100,90,3.6,100,0.42,5000,1001,9.84,100,90,3.6,100,0.42,5000,1001,9.84,100,90,3.6,100,0.42,5000,1001,9.84,100,90,3.6,100,0.42,5000,1001,9.84,100,90,3.6,100,0.42,5000,1001,9.84,100,90,3.6,100,0.42,5000
1001,9.84,100,90,3.6,100,0.42,5000,19,0,26,2,1001,9.84,100,90,3.6,100,0.42,5000,1001,9.84,100,90,3.6,100,0.42,5000,1001,9.84,100,90,3.6,100,0.42,5000,1001,9.84,100,90,3.6,100,0.42,5000,1001,9.84,100,90,3.6,100,0.42,5000,1001,9.84,100,90,3.6,100,0.42,5000,1001,9.84,100,90,3.6,100,0.42,5000,1001,9.84,100,90,3.6,100,0.42,5000,1001,9.84,100,90,3.6,100,0.42,5000,1001,9.84,100,90,3.6,100,0.42,5000,1001,9.84,100,90,3.6,100,0.42,5000,1001,9.84,100,90,3.6,100,0.42,5000
1001,9.84,100,90,3.6,100,0.42,5000,20,0,26,2,1001,9.84,100,90,3.6,100,0.42,5000,1001,9.84,100,90,3.6,100,0.42,5000,1001,9.84,100,90,3.6,100,0.42,5000,1001,9.84,100,90,3.6,100,0.42,5000,1001,9.84,100,90,3.6,100,0.42,5000,1001,9.84,100,90,3.6,100,0.42,5000,1001,9.84,100,90,3.6,100,0.42,5000,1001,9.84,100,90,3.6,100,0.42,5000,1001,9.84,100,90,3.6,100,0.42,5000,1001,9.84,100,90,3.6,100,0.42,5000,1001,9.84,100,90,3.6,100,0.42,5000,1001,9.84,100,90,3.6,100,0.42,5000
1001,9.84,100,90,3.6,100,0.42,5000,21,0,26,2,1001,9.84,100,90,3.6,100,0.42,5000,1001,9.84,100,90,3.6,100,0.42,5000,1001,9.84,100,90,3.6,100,0.42,5000,1001,9.84,100,90,3.6,100,0.42,5000,1001,9.84,100,90,3.6,100,0.42,5000,1001,9.84,100,90,3.6,100,0.42,5000,1001,9.84,100,90,3.6,100,0.42,5000,1001,9.84,100,90,3.6,100,0.42,5000,1001,9.84,100,90,3.6,100,0.42,5000,1001,9.84,100,90,3.6,100,0.42,5000,1001,9.84,100,90,3.6,100,0.42,5000,1001,9.84,100,90,3.6,100,0.42,5000
1001,9.84,100,90,3.6,100,0.42,5000,22,0,26,2,1001,9.84,100,90,3.6,100,0.42,5000,1001,9.84,100,90,3.6,100,0.42,5000,1001,9.84,100,90,3.6,100,0.42,5000,1001,9.84,100,90,3.6,100,0.42,5000,1001,9.84,100,90,3.6,100,0.42,5000,1001,9.84,100,90,3.6,100,0.42,5000,1001,9.84,100,90,3.6,100,0.42,5000,1001,9.84,100,90,3.6,100,0.42,5000,1001,9.84,100,90,3.6,100,0.42,5000,1001,9.84,100,90,3.6,100,0.42,5000,1001,9.84,100,90,3.6,100,0.42,5000,1001,9.84,100,90,3.6,100,0.42,5000
1001,9.84,100,90,3.6,100,0.42,5000,23,0,26,2,1001,9.84,100,90,3.6,100,0.42,5000,1001,9.84,100,90,3.6,100,0.42,5000,1001,9.84,100,90,3.6,100,0.42,5000,1001,9.84,100,90,3.6,100,0.42,5000,1001,9.84,100,90,3.6,100,0.42,5000,1001,9.84,100,90,3.6,100,0.42,5000,1001,9.84,100,90,3.6,100,0.42,5000,1001,9.84,100,90,3.6,100,0.42,5000,1001,9.84,100,90,3.6,100,0.42,5000,1001,9.84,100,90,3.6,100,0.42,5000,1001,9.84,100,90,3.6,100,0.42,5000,1001,9.84,100,90,3.6,100,0.42,5000
1001,9.84,100,90,3.6,100,0.42,5000,0,0,27,2,1001,9.84,100,90,3.6,100,0.42,5000,1001,9.84,100,90,3.6,100,0.42,5000,1001,9.84,100,90,3.6,100,0.42,5000,1001,9.84,100,90,3.6,100,0.42,5000,1001,9.84,100,90,3.6,100,0.42,5000,1001,9.84,100,90,3.6,100,0.42,5000,1001,9.84,100,90,3.6,100,0.42,5000,1001,9.84,100,90,3.6,100,0.42,5000,1001,9.84,100,90,3.6,100,0.42,5000,1001,9.84,100,90,3.6,100,0.42,5000,1001,9.84,100,90,3.6,100,0.42,5000,1001,9.84,100,90,3.6,100,0.42,5000
1001,9.84,100,90,3.6,100,0.42,5000,1,0,27,2,1001,9.84,100,90,3.6,100,0.42,5000,1001,9.84,100,90,3.6,100,0.42,5000,1001,9.84,100,90,3.6,100,0.42,5000,1001,9.84,100,90,3.6,100,0.42,5000,1001,9.84,100,90,3.6,100,0.42,5000,1001,9.84,100,90,3.6,100,0.42,5000,1001,9.84,100,90,3.6,100,0.42,5000,1001,9.84,100,90,3.6,100,0.42,5000,1001,9.84,100,90,3.6,100,0.42,5000,1001,9.84,100,90,3.6,100,0.42,5000,1001,9.84,100,90,3.6,100,0.42,5000,1001,9.84,100,90,3.6,100,0.42,5000
1001,9.84,100,90,3.6,100,0.42,5000,2,0,27,2,1001,9.84,100,90,3.6,100,0.42,5000,1001,9.84,100,90,3.6,100,0.42,5000,1001,9.84,100,90,3.6,100,0.42,5000,1001,9.84,100,90,3.6,100,0.42,5000,1001,9.84,100,90,3.6,100,0.42,5000,1001,9.84,100,90,3.6,100,0.42,5000,1001,9.84,100,90,3.6,100,0.42,5000,1001,9.84,100,90,3.6,100,0.42,5000,1001,9.84,100,90,3.6,100,0.42,5000,1001,9.84,100,90,3.6,100,0.42,5000,1001,9.84,100,90,3.6,100,0.42,5000,1001,9.84,100,90,3.6,100,0.42,5000
1001,9.84,100,90,3.6,100,0.42,5000,3,0,27,2,1001,9.84,100,90,3.6,100,0.42,5000,1001,9.84,100,90,3.6,100,0.42,5000,1001,9.84,100,90,3.6,100,0.42,5000,1001,9.84,100,90,3.6,100,0.42,5000,1001,9.84,100,90,3.6,100,0.42,5000,1001,9.84,100,90,3.6,100,0.42,5000,1001,9.84,100,90,3.6,100,0.42,5000,1001,9.84,100,90,3.6,100,0.42,5000,1001,9.84,100,90,3.6,100,0.42,5000,1001,9.84,100,90,3.6,100,0.42,5000,1001,9.84,100,90,3.6,100,0.42,5000,1001,9.84,100,90,3.6,100,0.42,5000
1001,9.84,100,90,3.6,100,0.42,5000,4,0,27,2,1001,9.84,100,90,3.6,100,0.42,5000,1001,9.84,100,90,3.6,100,0.42,5000,1001,9.84,100,90,3.6,100,0.42,5000,1001,9.84,100,90,3.6,100,0.42,5000,1001,9.84,100,90,3.6,100,0.42,5000,1001,9.84,100,90,3.6,100,0.42,5000,1001,9.84,100,90,3.6,100,0.42,5000,1001,9.84,100,90,3.6,100,0.42,5000,1001,9.84,100,90,3.6,100,0.42,5000,1001,9.84,100,90,3.6,100,0.42,5000,1001,9.84,100,90,3.6,100,0.42,5000,1001,9.84,100,90,3.6,100,0.42,5000
1001,9.84,100,90,3.6,100,0.42,5000,5,0,27,2,1001,9.84,100,90,3.6,100,0.42,5000,1001,9.84,100,90,3.6,100,0.42,5000,1001,9.84,100,90,3.6,100,0.42,5000,1001,9.84,100,90,3.6,100,0.42,5000,1001,9.84,100,90,3.6,100,0.42,5000,1001,9.84,100,90,3.6,100,0.42,5000,1001,9.84,100,90,3.6,100,0.42,5000,1001,9.84,100,90,3.6,100,0.42,5000,1001,9.84,100,90,3.6,100,0.42,5000,1001,9.84,100,90,3.6,100,0.42,5000,1001,9.84,100,90,3.6,100,0.42,5000,1001,9.84,100,90,3.6,100,0.42,5000
1001,9.84,100,90,3.6,100,0.42,5000,6,0,27,2,1001,9.84,100,90,3.6,100,0.42,5000,1001,9.84,100,90,3.6,100,0.42,5000,1001,9.84,100,90,3.6,100,0.42,5000,1001,9.84,100,90,3.6,100,0.42,5000,1001,9.84,100,90,3.6,100,0.42,5000,1001,9.84,100,90,3.6,100,0.42,5000,1001,9.84,100,90,3.6,100,0.42,5000,1001,9.84,100,90,3.6,100,0.42,5000,1001,9.84,100,90,3.6,100,0.42,5000,1001,9.84,100,90,3.6,100,0.42,5000,1001,9.84,100,90,3.6,100,0.42,5000,1001,9.84,100,90,3.6,100,0.42,5000
1001,9.84,100,90,3.6,100,0.42,5000,7,0,27,2,1001,9.84,100,90,3.6,100,0.42,5000,1001,9.84,100,90,3.6,100,0.42,5000,1001,9.84,100,90,3.6,100,0.42,5000,1001,9.84,100,90,3.6,100,0.42,5000,1001,9.84,100,90,3.6,100,0.42,5000,1001,9.84,100,90,3.6,100,0.42,5000,1001,9.84,100,90,3.6,100,0.42,5000,1001,9.84,100,90,3.6,100,0.42,5000,1001,9.84,100,90,3.6,100,0.42,5000,1001,9.84,100,90,3.6,100,0.42,5000,1001,9.84,100,90,3.6,100,0.42,5000,1001,9.84,100,90,3.6,100,0.42,5000
1001,9.84,100,90,3.6,100,0.42,5000,8,0,27,2,1001,9.84,100,90,3.6,100,0.42,5000,1001,9.84,100,90,3.6,100,0.42,5000,1001,9.84,100,90,3.6,100,0.42,5000,1001,9.84,100,90,3.6,100,0.42,5000,1001,9.84,100,90,3.6,100,0.42,5000,1001,9.84,100,90,3.6,100,0.42,5000,1001,9.84,100,90,3.6,100,0.42,5000,1001,9.84,100,90,3.6,100,0.42,5000,1001,9.84,100,90,3.6,100,0.42,5000,1001,9.84,100,90,3.6,100,0.42,5000,1001,9.84,100,90,3.6,100,0.42,5000,1001,9.84,100,90,3.6,100,0.42,5000
1001,9.84,100,90,3.6,100,0.42,5000,9,0,27,2,1001,9.84,100,90,3.6,100,0.42,5000,1001,9.84,100,90,3.6,100,0.42,5000,1001,9.84,100,90,3.6,100,0.42,5000,1001,9.84,100,90,3.6,100,0.42,5000,1001,9.84,100,90,3.6,100,0.42,5000,1001,9.84,100,90,3.6,100,0.42,5000,1001,9.84,100,90,3.6,100,0.42,5000,1001,9.84,100,90,3.6,100,0.42,5000,1001,9.84,100,90,3.6,100,0.42,5000,1001,9.84,100,90,3.6,100,0.42,5000,1001,9.84,100,90,3.6,100,0.42,5000,1001,9.84,100,90,3.6,100,0.42,5000
1001,9.84,100,90,3.6,100,0.42,5000,10,0,27,2,1001,9.84,100,90,3.6,100,0.42,5000,1001,9.84,100,90,3.6,100,0.42,5000,1001,9.84,100,90,3.6,100,0.42,5000,1001,9.84,100,90,3.6,100,0.42,5000,1001,9.84,100,90,3.6,100,0.42,5000,1001,9.84,100,90,3.6,100,0.42,5000,1001,9.84,100,90,3.6,100,0.42,5000,1001,9.84,100,90,3.6,100,0.42,5000,1001,9.84,100,90,3.6,100,0.42,5000,1001,9.84,100,90,3.6,100,0.42,5000,1001,9.84,100,90,3.6,100,0.42,5000,1001,9.84,100,90,3.6,100,0.42,5000
1001,9.84,100,90,3.6,100,0.42,5000,11,0,27,2,1001,9.84,100,90,3.6,100,0.42,5000,1001,9.84,100,90,3.6,100,0.42,5000,1001,9.84,100,90,3.6,100,0.42,5000,1001,9.84,100,90,3.6,100,0.42,5000,1001,9.84,100,90,3.6,100,0.42,5000,1001,9.84,100,90,3.6,100,0.42,5000,1001,9.84,100,90,3.6,100,0.42,5000,1001,9.84,100,90,3.6,100,0.42,5000,1001,9.84,100,90,3.6,100,0.42,5000,1001,9.84,100,90,3.6,100,0.42,5000,1001,9.84,100,90,3.6,100,0.42,5000,1001,9.84,100,90,3.6,100,0.42,5000
1001,9.84,100,90,3.6,100,0.42,5000,12,0,27,2,1001,9.84,100,90,3.6,100,0.42,5000,1001,9.84,100,90,3.6,100,0.42,5000,1001,9.84,100,90,3.6,100,0.42,5000,1001,9.84,100,90,3.6,100,0.42,5000,1001,9.84,100,90,3.6,100,0.42,5000,1001,9.84,100,90,3.6,100,0.42,5000,1001,9.84,100,90,3.6,100,0.42,5000,1001,9.84,100,90,3.6,100,0.42,5000,1001,9.84,100,90,3.6,100,0.42,5000,1001,9.84,100,90,3.6,100,0.42,5000,1001,9.84,100,90,3.6,100,0.42,5000,1001,9.84,100,90,3.6,100,0.42,5000
1001,9.84,100,90,3.6,100,0.42,5000,13,0,27,2,1001,9.84,100,90,3.6,100,0.42,5000,1001,9.84,100,90,3.6,100,0.42,5000,1001,9.84,100,90,3.6,100,0.42,5000,1001,9.84,100,90,3.6,100,0.42,5000,1001,9.84,100,90,3.6,100,0.42,5000,1001,9.84,100,90,3.6,100,0.42,5000,1001,9.84,100,90,3.6,100,0.42,5000,1001,9.84,100,90,3.6,100,0.42,5000,1001,9.84,100,90,3.6,100,0.42,5000,1001,9.84,100,90,3.6,100,0.42,5000,1001,9.84,100,90,3.6,100,0.42,5000,1001,9.84,100,90,3.6,100,0.42,5000
1001,9.84,100,90,3.6,100,0.42,5000,14,0,27,2,1001,9.84,100,90,3.6,100,0.42,5000,1001,9.84,100,90,3.6,100,0.42,5000,1001,9.84,100,90,3.6,100,0.42,5000,1001,9.84,100,90,3.6,100,0.42,5000,1001,9.84,100,90,3.6,100,0.42,5000,1001,9.84,100,90,3.6,100,0.42,5000,1001,9.84,100,90,3.6,100,0.42,5000,1001,9.84,100,90,3.6,100,0.42,5000,1001,9.84,100,90,3.6,100,0.42,5000,1001,9.84,100,90,3.6,100,0.42,5000,1001,9.84,100,90,3.6,100,0.42,5000,1001,9.84,100,90,3.6,100,0.42,5000
1001,9.84,100,90,3.6,100,0.42,5000,15,0,27,2,1001,9.84,100,90,3.6,100,0.42,5000,1001,9.84,100,90,3.6,100,0.42,5000,1001,9.84,100,90,3.6,100,0.42,5000,1001,9.84,100,90,3.6,100,0.42,5000,1001,9.84,100,90,3.6,100,0.42,5000,1001,9.84,100,90,3.6,100,0.42,5000,1001,9.84,100,90,3.6,100,0.42,5000,1001,9.84,100,90,3.6,100,0.42,5000,1001,9.84,100,90,3.6,100,0.42,5000,1001,9.84,100,90,3.6,100,0.42,5000,1001,9.84,100,90,3.6,100,0.42,5000,1001,9.84,100,90,3.6,100,0.42,5000
1001,9.84,100,90,3.6,100,0.42,5000,16,0,27,2,1001,9.84,100,90,3.6,100,0.42,5000,1001,9.84,100,90,3.6,100,0.42,5000,1001,9.84,100,90,3.6,100,0.42,5000,1001,9.84,100,90,3.6,100,0.42,5000,1001,9.84,100,90,3.6,100,0.42,5000,1001,9.84,100,90,3.6,100,0.42,5000,1001,9.84,100,90,3.6,100,0.42,5000,1001,9.84,100,90,3.6,100,0.42,5000,1001,9.84,100,90,3.6,100,0.42,5000,1001,9.84,100,90,3.6,100,0.42,5000,1001,9.84,100,90,3.6,100,0.42,5000,1001,9.84,100,90,3.6,100,0.42,5000
1001,9.84,100,90,3.6,100,0.42,5000,17,0,27,2,1001,9.84,100,90,3.6,100,0.42,5000,1001,9.84,100,90,3.6,100,0.42,5000,1001,9.84,100,90,3.6,100,0.42,5000,1001,9.84,100,90,3.6,100,0.42,5000,1001,9.84,100,90,3.6,100,0.42,5000,1001,9.84,100,90,3.6,100,0.42,5000,1001,9.84,100,90,3.6,100,0.42,5000,1001,9.84,100,90,3.6,100,0.42,5000,1001,9.84,100,90,3.6,100,0.42,5000,1001,9.84,100,90,3.6,100,0.42,5000,1001,9.84,100,90,3.6,100,0.42,5000,1001,9.84,100,90,3.6,100,0.42,5000
1001,9.84,100,90,3.6,100,0.42,5000,18,0,27,2,1001,9.84,100,90,3.6,100,0.42,5000,1001,9.84,100,90,3.6,100,0.42,5000,1001,9.84,100,90,3.6,100,0.42,5000,1001,9.84,100,90,3.6,100,0.42,5000,1001,9.84,100,90,3.6,100,0.42,5000,1001,9.84,100,90,3.6,100,0.42,5000,1001,9.84,100,90,3.6,100,0.42,5000,1001,9.84,100,90,3.6,100,0.42,5000,1001,9.84,100,90,3.6,100,0.42,5000,1001,9.84,100,90,3.6,100,0.42,5000,1001,9.84,100,90,3.6,100,0.42,5000,1001,9.84,100,90,3.6,100,0.42,5000
1001,9.84,100,90,3.6,100,0.42,5000,19,0,27,2,1001,9.84,100,90,3.6,100,0.42,5000,1001,9.84,100,90,3.6,100,0.42,5000,1001,9.84,100,90,3.6,100,0.42,5000,1001,9.84,100,90,3.6,100,0.42,5000,1001,9.84,100,90,3.6,100,0.42,5000,1001,9.84,100,90,3.6,100,0.42,5000,1001,9.84,100,90,3.6,100,0.42,5000,1001,9.84,100,90,3.6,100,0.42,5000,1001,9.84,100,90,3.6,100,0.42,5000,1001,9.84,100,90,3.6,100,0.42,5000,1001,9.84,100,90,3.6,100,0.42,5000,1001,9.84,100,90,3.6,100,0.42,5000
1001,9.84,100,90,3.6,100,0.42,5000,20,0,27,2,1001,9.84,100,90,3.6,100,0.42,5000,1001,9.84,100,90,3.6,100,0.42,5000,1001,9.84,100,90,3.6,100,0.42,5000,1001,9.84,100,90,3.6,100,0.42,5000,1001,9.84,100,90,3.6,100,0.42,5000,1001,9.84,100,90,3.6,100,0.42,5000,1001,9.84,100,90,3.6,100,0.42,5000,1001,9.84,100,90,3.6,100,0.42,5000,1001,9.84,100,90,3.6,100,0.42,5000,1001,9.84,100,90,3.6,100,0.42,5000,1001,9.84,100,90,3.6,100,0.42,5000,1001,9.84,100,90,3.6,100,0.42,5000
1001,9.84,100,90,3.6,100,0.42,5000,21,0,27,2,1001,9.84,100,90,3.6,100,0.42,5000,1001,9.84,100,90,3.6,100,0.42,5000,1001,9.84,100,90,3.6,100,0.42,5000,1001,9.84,100,90,3.6,100,0.42,5000,1001,9.84,100,90,3.6,100,0.42,5000,1001,9.84,100,90,3.6,100,0.42,5000,1001,9.84,100,90,3.6,100,0.42,5000,1001,9.84,100,90,3.6,100,0.42,5000,1001,9.84,100,90,3.6,100,0.42,5000,1001,9.84,100,90,3.6,100,0.42,5000,1001,9.84,100,90,3.6,100,0.42,5000,1001,9.84,100,90,3.6,100,0.42,5000
1001,9.84,100,90,3.6,100,0.42,5000,22,0,27,2,1001,9.84,100,90,3.6,100,0.42,5000,1001,9.84,100,90,3.6,100,0.42,5000,1001,9.84,100,90,3.6,100,0.42,5000,1001,9.84,100,90,3.6,100,0.42,5000,1001,9.84,100,90,3.6,100,0.42,5000,1001,9.84,100,90,3.6,100,0.42,5000,1001,9.84,100,90,3.6,100,0.42,5000,1001,9.84,100,90,3.6,100,0.42,5000,1001,9.84,100,90,3.6,100,0.42,5000,1001,9.84,100,90,3.6,100,0.42,5000,1001,9.84,100,90,3.6,100,0.42,5000,1001,9.84,100,90,3.6,100,0.42,5000
1001,9.84,100,90,3.6,100,0.42,5000,23,0,27,2,1001,9.84,100,90,3.6,100,0.42,5000,1001,9.84,100,90,3.6,100,0.42,5000,1001,9.84,100,90,3.6,100,0.42,5000,1001,9.84,100,90,3.6,100,0.42,5000,1001,9.84,100,90,3.6,100,0.42,5000,1001,9.84,100,90,3.6,100,0.42,5000,1001,9.84,100,90,3.6,100,0.42,5000,1001,9.84,100,90,3.6,100,0.42,5000,1001,9.84,100,90,3.6,100,0.42,5000,1001,9.84,100,90,3.6,100,0.42,5000,1001,9.84,100,90,3.6,100,0.42,5000,1001,9.84,100,90,3.6,100,0.42,5000
1001,9.84,100,90,3.6,100,0.42,5000,0,0,28,2,1001,9.84,100,90,3.6,100,0.42,5000,1001,9.84,100,90,3.6,100,0.42,5000,1001,9.84,100,90,3.6,100,0.42,5000,1001,9.84,100,90,3.6,100,0.42,5000,1001,9.84,100,90,3.6,100,0.42,5000,1001,9.84,100,90,3.6,100,0.42,5000,1001,9.84,100,90,3.6,100,0.42,5000,1001,9.84,100,90,3.6,100,0.42,5000,1001,9.84,100,90,3.6,100,0.42,5000,1001,9.84,100,90,3.6,100,0.42,5000,1001,9.84,100,90,3.6,100,0.42,5000,1001,9.84,100,90,3.6,100,0.42,5000
1001,9.84,100,90,3.6,100,0.42,5000,1,0,28,2,1001,9.84,100,90,3.6,100,0.42,5000,1001,9.84,100,90,3.6,100,0.42,5000,1001,9.84,100,90,3.6,100,0.42,5000,1001,9.84,100,90,3.6,100,0.42,5000,1001,9.84,100,90,3.6,100,0.42,5000,1001,9.84,100,90,3.6,100,0.42,5000,1001,9.84,100,90,3.6,100,0.42,5000,1001,9.84,100,90,3.6,100,0.42,5000,1001,9.84,100,90,3.6,100,0.42,5000,1001,9.84,100,90,3.6,100,0.42,5000,1001,9.84,100,90,3.6,100,0.42,5000,1001,9.84,100,90,3.6,100,0.42,5000
1001,9.84,100,90,3.6,100,0.42,5000,2,0,28,2,1001,9.84,100,90,3.6,100,0.42,5000,1001,9.84,100,90,3.6,100,0.42,5000,1001,9.84,100,90,3.6,100,0.42,5000,1001,9.84,100,90,3.6,100,0.42,5000,1001,9.84,100,90,3.6,100,0.42,5000,1001,9.84,100,90,3.6,100,0.42,5000,1001,9.84,100,90,3.6,100,0.42,5000,1001,9.84,100,90,3.6,100,0.42,5000,1001,9.84,100,90,3.6,100,0.42,5000,1001,9.84,100,90,3.6,100,0.42,5000,1001,9.84,100,90,3.6,100,0.42,5000,1001,9.84,100,90,3.6,100,0.42,5000
1001,9.84,100,90,3.6,100,0.42,5000,3,0,28,2,1001,9.84,100,90,3.6,100,0.42,5000,1001,9.84,100,90,3.6,100,0.42,5000,1001,9.84,100,90,3.6,100,0.42,5000,1001,9.84,100,90,3.6,100,0.42,5000,1001,9.84,100,90,3.6,100,0.42,5000,1001,9.84,100,90,3.6,100,0.42,5000,1001,9.84,100,90,3.6,100,0.42,5000,1001,9.84,100,90,3.6,100,0.42,5000,1001,9.84,100,90,3.6,100,0.42,5000,1001,9.84,100,90,3.6,100,0.42,5000,1001,9.84,100,90,3.6,100,0.42,5000,1001,9.84,100,90,3.6,100,0.42,5000
1001,9.84,100,90,3.6,100,0.42,5000,4,0,28,2,1001,9.84,100,90,3.6,100,0.42,5000,1001,9.84,100,90,3.6,100,0.42,5000,1001,9.84,100,90,3.6,100,0.42,5000,1001,9.84,100,90,3.6,100,0.42,5000,1001,9.84,100,90,3.6,100,0.42,5000,1001,9.84,100,90,3.6,100,0.42,5000,1001,9.84,100,90,3.6,100,0.42,5000,1001,9.84,100,90,3.6,100,0.42,5000,1001,9.84,100,90,3.6,100,0.42,5000,1001,9.84,100,90,3.6,100,0.42,5000,1001,9.84,100,90,3.6,100,0.42,5000,1001,9.84,100,90,3.6,100,0.42,5000
1001,9.84,100,90,3.6,100,0.42,5000,5,0,28,2,1001,9.84,100,90,3.6,100,0.42,5000,1001,9.84,100,90,3.6,100,0.42,5000,1001,9.84,100,90,3.6,100,0.42,5000,1001,9.84,100,90,3.6,100,0.42,5000,1001,9.84,100,90,3.6,100,0.42,5000,1001,9.84,100,90,3.6,100,0.42,5000,1001,9.84,100,90,3.6,100,0.42,5000,1001,9.84,100,90,3.6,100,0.42,5000,1001,9.84,100,90,3.6,100,0.42,5000,1001,9.84,100,90,3.6,100,0.42,5000,1001,9.84,100,90,3.6,100,0.42,5000,1001,9.84,100,90,3.6,100,0.42,5000
1001,9.84,100,90,3.6,100,0.42,5000,6,0,28,2,1001,9.84,100,90,3.6,100,0.42,5000,1001,9.84,100,90,3.6,100,0.42,5000,1001,9.84,100,90,3.6,100,0.42,5000,1001,9.84,100,90,3.6,100,0.42,5000,1001,9.84,100,90,3.6,100,0.42,5000,1001,9.84,100,90,3.6,100,0.42,5000,1001,9.84,100,90,3.6,100,0.42,5000,1001,9.84,100,90,3.6,100,0.42,5000,1001,9.84,100,90,3.6,100,0.42,5000,1001,9.84,100,90,3.6,100,0.42,5000,1001,9.84,100,90,3.6,100,0.42,5000,1001,9.84,100,90,3.6,100,0.42,5000
1001,9.84,100,90,3.6,100,0.42,5000,7,0,28,2,1001,9.84,100,90,3.6,100,0.42,5000,1001,9.84,100,90,3.6,100,0.42,5000,1001,9.84,100,90,3.6,100,0.42,5000,1001,9.84,100,90,3.6,100,0.42,5000,1001,9.84,100,90,3.6,100,0.42,5000,1001,9.84,100,90,3.6,100,0.42,5000,1001,9.84,100,90,3.6,100,0.42,5000,1001,9.84,100,90,3.6,100,0.42,5000,1001,9.84,100,90,3.6,100,0.42,5000,1001,9.84,100,90,3.6,100,0.42,5000,1001,9.84,100,90,3.6,100,0.42,5000,1001,9.84,100,90,3.6,100,0.42,5000
1001,9.84,100,90,3.6,100,0.42,5000,8,0,28,2,1001,9.84,100,90,3.6,100,0.42,5000,1001,9.84,100,90,3.6,100,0.42,5000,1001,9.84,100,90,3.6,100,0.42,5000,1001,9.84,100,90,3.6,100,0.42,5000,1001,9.84,100,90,3.6,100,0.42,5000,1001,9.84,100,90,3.6,100,0.42,5000,1001,9.84,100,90,3.6,100,0.42,5000,1001,9.84,100,90,3.6,100,0.42,5000,1001,9.84,100,90,3.6,100,0.42,5000,1001,9.84,100,90,3.6,100,0.42,5000,1001,9.84,100,90,3.6,100,0.42,5000,1001,9.84,100,90,3.6,100,0.42,5000
1001,9.84,100,90,3.6,100,0.42,5000,9,0,28,2,1001,9.84,100,90,3.6,100,0.42,5000,1001,9.84,100,90,3.6,100,0.42,5000,1001,9.84,100,90,3.6,100,0.42,5000,1001,9.84,100,90,3.6,100,0.42,5000,1001,9.84,100,90,3.6,100,0.42,5000,1001,9.84,100,90,3.6,100,0.42,5000,1001,9.84,100,90,3.6,100,0.42,5000,1001,9.84,100,90,3.6,100,0.42,5000,1001,9.84,100,90,3.6,100,0.42,5000,1001,9.84,100,90,3.6,100,0.42,5000,1001,9.84,100,90,3.6,100,0.42,5000,1001,9.84,100,90,3.6,100,0.42,5000
1001,9.84,100,90,3.6,100,0.42,5000,10,0,28,2,1001,9.84,100,90,3.6,100,0.42,5000,1001,9.84,100,90,3.6,100,0.42,5000,1001,9.84,100,90,3.6,100,0.42,5000,1001,9.84,100,90,3.6,100,0.42,5000,1001,9.84,100,90,3.6,100,0.42,5000,1001,9.84,100,90,3.6,100,0.42,5000,1001,9.84,100,90,3.6,100,0.42,5000,1001,9.84,100,90,3.6,100,0.42,5000,1001,9.84,100,90,3.6,100,0.42,5000,1001,9.84,100,90,3.6,100,0.42,5000,1001,9.84,100,90,3.6,100,0.42,5000,1001,9.84,100,90,3.6,100,0.42,5000
1001,9.84,100,90,3.6,100,0.42,5000,11,0,28,2,1001,9.84,100,90,3.6,100,0.42,5000,1001,9.84,100,90,3.6,100,0.42,5000,1001,9.84,100,90,3.6,100,0.42,5000,1001,9.84,100,90,3.6,100,0.42,5000,1001,9.84,100,90,3.6,100,0.42,5000,1001,9.84,100,90,3.6,100,0.42,5000,1001,9.84,100,90,3.6,100,0.42,5000,1001,9.84,100,90,3.6,100,0.42,5000,1001,9.84,100,90,3.6,100,0.42,5000,1001,9.84,100,90,3.6,100,0.42,5000,1001,9.84,100,90,3.6,100,0.42,5000,1001,9.84,100,90,3.6,100,0.42,5000
1001,9.84,100,90,3.6,100,0.42,5000,12,0,28,2,1001,9.84,100,90,3.6,100,0.42,5000,1001,9.84,100,90,3.6,100,0.42,5000,1001,9.84,100,90,3.6,100,0.42,5000,1001,9.84,100,90,3.6,100,0.42,5000,1001,9.84,100,90,3.6,100,0.42,5000,1001,9.84,100,90,3.6,100,0.42,5000,1001,9.84,100,90,3.6,100,0.42,5000,1001,9.84,100,90,3.6,100,0.42,5000,1001,9.84,100,90,3.6,100,0.42,5000,1001,9.84,100,90,3.6,100,0.42,5000,1001,9.84,100,90,3.6,100,0.42,5000,1001,9.84,100,90,3.6,100,0.42,5000
1001,9.84,100,90,3.6,100,0.42,5000,13,0,28,2,1001,9.84,100,90,3.6,100,0.42,5000,1001,9.84,100,90,3.6,100,0.42,5000,1001,9.84,100,90,3.6,100,0.42,5000,1001,9.84,100,90,3.6,100,0.42,5000,1001,9.84,100,90,3.6,100,0.42,5000,1001,9.84,100,90,3.6,100,0.42,5000,1001,9.84,100,90,3.6,100,0.42,5000,1001,9.84,100,90,3.6,100,0.42,5000,1001,9.84,100,90,3.6,100,0.42,5000,1001,9.84,100,90,3.6,100,0.42,5000,1001,9.84,100,90,3.6,100,0.42,5000,1001,9.84,100,90,3.6,100,0.42,5000
1001,9.84,100,90,3.6,100,0.42,5000,14,0,28,2,1001,9.84,100,90,3.6,100,0.42,5000,1001,9.84,100,90,3.6,100,0.42,5000,1001,9.84,100,90,3.6,100,0.42,5000,1001,9.84,100,90,3.6,100,0.42,5000,1001,9.84,100,90,3.6,100,0.42,5000,1001,9.84,100,90,3.6,100,0.42,5000,1001,9.84,100,90,3.6,100,0.42,5000,1001,9.84,100,90,3.6,100,0.42,5000,1001,9.84,100,90,3.6,100,0.42,5000,1001,9.84,100,90,3.6,100,0.42,5000,1001,9.84,100,90,3.6,100,0.42,5000,1001,9.84,100,90,3.6,100,0.42,5000
1001,9.84,100,90,3.6,100,0.42,5000,15,0,28,2,1001,9.84,100,90,3.6,100,0.42,5000,1001,9.84,100,90,3.6,100,0.42,5000,1001,9.84,100,90,3.6,100,0.42,5000,1001,9.84,100,90,3.6,100,0.42,5000,1001,9.84,100,90,3.6,100,0.42,5000,1001,9.84,100,90,3.6,100,0.42,5000,1001,9.84,100,90,3.6,100,0.42,5000,1001,9.84,100,90,3.6,100,0.42,5000,1001,9.84,100,90,3.6,100,0.42,5000,1001,9.84,100,90,3.6,100,0.42,5000,1001,9.84,100,90,3.6,100,0.42,5000,1001,9.84,100,90,3.6,100,0.42,5000
1001,9.84,100,90,3.6,100,0.42,5000,16,0,28,2,1001,9.84,100,90,3.6,100,0.42,5000,1001,9.84,100,90,3.6,100,0.42,5000,1001,9.84,100,90,3.6,100,0.42,5000,1001,9.84,100,90,3.6,100,0.42,5000,1001,9.84,100,90,3.6,100,0.42,5000,1001,9.84,100,90,3.6,100,0.42,5000,1001,9.84,100,90,3.6,100,0.42,5000,1001,9.84,100,90,3.6,100,0.42,5000,1001,9.84,100,90,3.6,100,0.42,5000,1001,9.84,100,90,3.6,100,0.42,5000,1001,9.84,100,90,3.6,100,0.42,5000,1001,9.84,100,90,3.6,100,0.42,5000
1001,9.84,100,90,3.6,100,0.42,5000,17,0,28,2,1001,9.84,100,90,3.6,100,0.42,5000,1001,9.84,100,90,3.6,100,0.42,5000,1001,9.84,100,90,3.6,100,0.42,5000,1001,9.84,100,90,3.6,100,0.42,5000,1001,9.84,100,90,3.6,100,0.42,5000,1001,9.84,100,90,3.6,100,0.42,5000,1001,9.84,100,90,3.6,100,0.42,5000,1001,9.84,100,90,3.6,100,0.42,5000,1001,9.84,100,90,3.6,100,0.42,5000,1001,9.84,100,90,3.6,100,0.42,5000,1001,9.84,100,90,3.6,100,0.42,5000,1001,9.84,100,90,3.6,100,0.42,5000
1001,9.84,100,90,3.6,100,0.42,5000,18,0,28,2,1001,9.84,100,90,3.6,100,0.42,5000,1001,9.84,100,90,3.6,100,0.42,5000,1001,9.84,100,90,3.6,100,0.42,5000,1001,9.84,100,90,3.6,100,0.42,5000,1001,9.84,100,90,3.6,100,0.42,5000,1001,9.84,100,90,3.6,100,0.42,5000,1001,9.84,100,90,3.6,100,0.42,5000,1001,9.84,100,90,3.6,100,0.42,5000,1001,9.84,100,90,3.6,100,0.42,5000,1001,9.84,100,90,3.6,100,0.42,5000,1001,9.84,100,90,3.6,100,0.42,5000,1001,9.84,100,90,3.6,100,0.42,5000
1001,9.84,100,90,3.6,100,0.42,5000,19,0,28,2,1001,9.84,100,90,3.6,100,0.42,5000,1001,9.84,100,90,3.6,100,0.42,5000,1001,9.84,100,90,3.6,100,0.42,5000,1001,9.84,100,90,3.6,100,0.42,5000,1001,9.84,100,90,3.6,100,0.42,5000,1001,9.84,100,90,3.6,100,0.42,5000,1001,9.84,100,90,3.6,100,0.42,5000,1001,9.84,100,90,3.6,100,0.42,5000,1001,9.84,100,90,3.6,100,0.42,5000,1001,9.84,100,90,3.6,100,0.42,5000,1001,9.84,100,90,3.6,100,0.42,5000,1001,9.84,100,90,3.6,100,0.42,5000
1001,9.84,100,90,3.6,100,0.42,5000,20,0,28,2,1001,9.84,100,90,3.6,100,0.42,5000,1001,9.84,100,90,3.6,100,0.42,5000,1001,9.84,100,90,3.6,100,0.42,5000,1001,9.84,100,90,3.6,100,0.42,5000,1001,9.84,100,90,3.6,100,0.42,5000,1001,9.84,100,90,3.6,100,0.42,5000,1001,9.84,100,90,3.6,100,0.42,5000,1001,9.84,100,90,3.6,100,0.42,5000,1001,9.84,100,90,3.6,100,0.42,5000,1001,9.84,100,90,3.6,100,0.42,5000,1001,9.84,100,90,3.6,100,0.42,5000,1001,9.84,100,90,3.6,100,0.42,5000
1001,9.84,100,90,3.6,100,0.42,5000,21,0,28,2,1001,9.84,100,90,3.6,100,0.42,5000,1001,9.84,100,90,3.6,100,0.42,5000,1001,9.84,100,90,3.6,100,0.42,5000,1001,9.84,100,90,3.6,100,0.42,5000,1001,9.84,100,90,3.6,100,0.42,5000,1001,9.84,100,90,3.6,100,0.42,5000,1001,9.84,100,90,3.6,100,0.42,5000,1001,9.84,100,90,3.6,100,0.42,5000,1001,9.84,100,90,3.6,100,0.42,5000,1001,9.84,100,90,3.6,100,0.42,5000,1001,9.84,100,90,3.6,100,0.42,5000,1001,9.84,100,90,3.6,100,0.42,5000
1001,9.84,100,90,3.6,100,0.42,5000,22,0,28,2,1001,9.84,100,90,3.6,100,0.42,5000,1001,9.84,100,90,3.6,100,0.42,5000,1001,9.84,100,90,3.6,100,0.42,5000,1001,9.84,100,90,3.6,100,0.42,5000,1001,9.84,100,90,3.6,100,0.42,5000,1001,9.84,100,90,3.6,100,0.42,5000,1001,9.84,100,90,3.6,100,0.42,5000,1001,9.84,100,90,3.6,100,0.42,5000,1001,9.84,100,90,3.6,100,0.42,5000,1001,9.84,100,90,3.6,100,0.42,5000,1001,9.84,100,90,3.6,100,0.42,5000,1001,9.84,100,90,3.6,100,0.42,5000
1001,9.84,100,90,3.6,100,0.42,5000,23,0,28,2,1001,9.84,100,90,3.6,100,0.42,5000,1001,9.84,100,90,3.6,100,0.42,5000,1001,9.84,100,90,3.6,100,0.42,5000,1001,9.84,100,90,3.6,100,0.42,5000,1001,9.84,100,90,3.6,100,0.42,5000,1001,9.84,100,90,3.6,100,0.42,5000,1001,9.84,100,90,3.6,100,0.42,5000,1001,9.84,100,90,3.6,100,0.42,5000,1001,9.84,100,90,3.6,100,0.42,5000,1001,9.84,100,90,3.6,100,0.42,5000,1001,9.84,100,90,3.6,100,0.42,5000,1001,9.84,100,90,3.6,100,0.42,5000
1001,9.84,100,90,3.6,100,0.42,5000,0,0,1,3,1001,9.84,100,90,3.6,100,0.42,5000,1001,9.84,100,90,3.6,100,0.42,5000,1001,9.84,100,90,3.6,100,0.42,5000,1001,9.84,100,90,3.6,100,0.42,5000,1001,9.84,100,90,3.6,100,0.42,5000,1001,9.84,100,90,3.6,100,0.42,5000,1001,9.84,100,90,3.6,100,0.42,5000,1001,9.84,100,90,3.6,100,0.42,5000,1001,9.84,100,90,3.6,100,0.42,5000,1001,9.84,100,90,3.6,100,0.42,5000,1001,9.84,100,90,3.6,100,0.42,5000,1001,9.84,100,90,3.6,100,0.42,5000
1001,9.84,100,90,3.6,100,0.42,5000,1,0,1,3,1001,9.84,100,90,3.6,100,0.42,5000,1001,9.84,100,90,3.6,100,0.42,5000,1001,9.84,100,90,3.6,100,0.42,5000,1001,9.84,100,90,3.6,100,0.42,5000,1001,9.84,100,90,3.6,100,0.42,5000,1001,9.84,100,90,3.6,100,0.42,5000,1001,9.84,100,90,3.6,100,0.42,5000,1001,9.84,100,90,3.6,100,0.42,5000,1001,9.84,100,90,3.6,100,0.42,5000,1001,9.84,100,90,3.6,100,0.42,5000,1001,9.84,100,90,3.6,100,0.42,5000,1001,9.84,100,90,3.6,100,0.42,5000
1001,9.84,100,90,3.6,100,0.42,5000,2,0,1,3,1001,9.84,100,90,3.6,100,0.42,5000,1001,9.84,100,90,3.6,100,0.42,5000,1001,9.84,100,90,3.6,100,0.42,5000,1001,9.84,100,90,3.6,100,0.42,5000,1001,9.84,100,90,3.6,100,0.42,5000,1001,9.84,100,90,3.6,100,0.42,5000,1001,9.84,100,90,3.6,100,0.42,5000,1001,9.84,100,90,3.6,100,0.42,5000,1001,9.84,100,90,3.6,100,0.42,5000,1001,9.84,100,90,3.6,100,0.42,5000,1001,9.84,100,90,3.6,100,0.42,5000,1001,9.84,100,90,3.6,100,0.42,5000
1001,9.84,100,90,3.6,100,0.42,5000,3,0,1,3,1001,9.84,100,90,3.6,100,0.42,5000,1001,9.84,100,90,3.6,100,0.42,5000,1001,9.84,100,90,3.6,100,0.42,5000,1001,9.84,100,90,3.6,100,0.42,5000,1001,9.84,100,90,3.6,100,0.42,5000,1001,9.84,100,90,3.6,100,0.42,5000,1001,9.84,100,90,3.6,100,0.42,5000,1001,9.84,100,90,3.6,100,0.42,5000,1001,9.84,100,90,3.6,100,0.42,5000,1001,9.84,100,90,3.6,100,0.42,5000,1001,9.84,100,90,3.6,100,0.42,5000,1001,9.84,100,90,3.6,100,0.42,5000
1001,9.84,100,90,3.6,100,0.42,5000,4,0,1,3,1001,9.84,100,90,3.6,100,0.42,5000,1001,9.84,100,90,3.6,100,0.42,5000,1001,9.84,100,90,3.6,100,0.42,5000,1001,9.84,100,90,3.6,100,0.42,5000,1001,9.84,100,90,3.6,100,0.42,5000,1001,9.84,100,90,3.6,100,0.42,5000,1001,9.84,100,90,3.6,100,0.42,5000,1001,9.84,100,90,3.6,100,0.42,5000,1001,9.84,100,90,3.6,100,0.42,5000,1001,9.84,100,90,3.6,100,0.42,5000,1001,9.84,100,90,3.6,100,0.42,5000,1001,9.84,100,90,3.6,100,0.42,5000
1001,9.84,100,90,3.6,100,0.42,5000,5,0,1,3,1001,9.84,100,90,3.6,100,0.42,5000,1001,9.84,100,90,3.6,100,0.42,5000,1001,9.84,100,90,3.6,100,0.42,5000,1001,9.84,100,90,3.6,100,0.42,5000,1001,9.84,100,90,3.6,100,0.42,5000,1001,9.84,100,90,3.6,100,0.42,5000,1001,9.84,100,90,3.6,100,0.42,5000,1001,9.84,100,90,3.6,100,0.42,5000,1001,9.84,100,90,3.6,100,0.42,5000,1001,9.84,100,90,3.6,100,0.42,5000,1001,9.84,100,90,3.6,100,0.42,5000,1001,9.84,100,90,3.6,100,0.42,5000
1001,9.84,100,90,3.6,100,0.42,5000,6,0,1,3,1001,9.84,100,90,3.6,100,0.42,5000,1001,9.84,100,90,3.6,100,0.42,5000,1001,9.84,100,90,3.6,100,0.42,5000,1001,9.84,100,90,3.6,100,0.42,5000,1001,9.84,100,90,3.6,100,0.42,5000,1001,9.84,100,90,3.6,100,0.42,5000,1001,9.84,100,90,3.6,100,0.42,5000,1001,9.84,100,90,3.6,100,0.42,5000,1001,9.84,100,90,3.6,100,0.42,5000,1001,9.84,100,90,3.6,100,0.42,5000,1001,9.84,100,90,3.6,100,0.42,5000,1001,9.84,100,90,3.6,100,0.42,5000
1001,9.84,100,90,3.6,100,0.42,5000,7,0,1,3,1001,9.84,100,90,3.6,100,0.42,5000,1001,9.84,100,90,3.6,100,0.42,5000,1001,9.84,100,90,3.6,100,0.42,5000,1001,9.84,100,90,3.6,100,0.42,5000,1001,9.84,100,90,3.6,100,0.42,5000,1001,9.84,100,90,3.6,100,0.42,5000,1001,9.84,100,90,3.6,100,0.42,5000,1001,9.84,100,90,3.6,100,0.42,5000,1001,9.84,100,90,3.6,100,0.42,5000,1001,9.84,100,90,3.6,100,0.42,5000,1001,9.84,100,90,3.6,100,0.42,5000,1001,9.84,100,90,3.6,100,0.42,5000
1001,9.84,100,90,3.6,100,0.42,5000,8,0,1,3,1001,9.84,100,90,3.6,100,0.42,5000,1001,9.84,100,90,3.6,100,0.42,5000,1001,9.84,100,90,3.6,100,0.42,5000,1001,9.84,100,90,3.6,100,0.42,5000,1001,9.84,100,90,3.6,100,0.42,5000,1001,9.84,100,90,3.6,100,0.42,5000,1001,9.84,100,90,3.6,100,0.42,5000,1001,9.84,100,90,3.6,100,0.42,5000,1001,9.84,100,90,3.6,100,0.42,5000,1001,9.84,100,90,3.6,100,0.42,5000,1001,9.84,100,90,3.6,100,0.42,5000,1001,9.84,100,90,3.6,100,0.42,5000
1001,9.84,100,90,3.6,100,0.42,5000,9,0,1,3,1001,9.84,100,90,3.6,100,0.42,5000,1001,9.84,100,90,3.6,100,0.42,5000,1001,9.84,100,90,3.6,100,0.42,5000,1001,9.84,100,90,3.6,100,0.42,5000,1001,9.84,100,90,3.6,100,0.42,5000,1001,9.84,100,90,3.6,100,0.42,5000,1001,9.84,100,90,3.6,100,0.42,5000,1001,9.84,100,90,3.6,100,0.42,5000,1001,9.84,100,90,3.6,100,0.42,5000,1001,9.84,100,90,3.6,100,0.42,5000,1001,9.84,100,90,3.6,100,0.42,5000,1001,9.84,100,90,3.6,100,0.42,5000
1001,9.84,100,90,3.6,100,0.42,5000,10,0,1,3,1001,9.84,100,90,3.6,100,0.42,5000,1001,9.84,100,90,3.6,100,0.42,5000,1001,9.84,100,90,3.6,100,0.42,5000,1001,9.84,100,90,3.6,100,0.42,5000,1001,9.84,100,90,3.6,100,0.42,5000,1001,9.84,100,90,3.6,100,0.42,5000,1001,9.84,100,90,3.6,100,0.42,5000,1001,9.84,100,90,3.6,100,0.42,5000,1001,9.84,100,90,3.6,100,0.42,5000,1001,9.84,100,90,3.6,100,0.42,5000,1001,9.84,100,90,3.6,100,0.42,5000,1001,9.84,100,90,3.6,100,0.42,5000
1001,9.84,100,90,3.6,100,0.42,5000,11,0,1,3,1001,9.84,100,90,3.6,100,0.42,5000,1001,9.84,100,90,3.6,100,0.42,5000,1001,9.84,100,90,3.6,100,0.42,5000,1001,9.84,100,90,3.6,100,0.42,5000,1001,9.84,100,90,3.6,100,0.42,5000,1001,9.84,100,90,3.6,100,0.42,5000,1001,9.84,100,90,3.6,100,0.42,5000,1001,9.84,100,90,3.6,100,0.42,5000,1001,9.84,100,90,3.6,100,0.42,5000,1001,9.84,100,90,3.6,100,0.42,5000,1001,9.84,100,90,3.6,100,0.42,5000,1001,9.84,100,90,3.6,100,0.42,5000
1001,9.84,100,90,3.6,100,0.42,5000,12,0,1,3,1001,9.84,100,90,3.6,100,0.42,5000,1001,9.84,100,90,3.6,100,0.42,5000,1001,9.84,100,90,3.6,100,0.42,5000,1001,9.84,100,90,3.6,100,0.42,5000,1001,9.84,100,90,3.6,100,0.42,5000,1001,9.84,100,90,3.6,100,0.42,5000,1001,9.84,100,90,3.6,100,0.42,5000,1001,9.84,100,90,3.6,100,0.42,5000,1001,9.84,100,90,3.6,100,0.42,5000,1001,9.84,100,90,3.6,100,0.42,5000,1001,9.84,100,90,3.6,100,0.42,5000,1001,9.84,100,90,3.6,100,0.42,5000
1001,9.84,100,90,3.6,100,0.42,5000,13,0,1,3,1001,9.84,100,90,3.6,100,0.42,5000,1001,9.84,100,90,3.6,100,0.42,5000,1001,9.84,100,90,3.6,100,0.42,5000,1001,9.84,100,90,3.6,100,0.42,5000,1001,9.84,100,90,3.6,100,0.42,5000,1001,9.84,100,90,3.6,100,0.42,5000,1001,9.84,100,90,3.6,100,0.42,5000,1001,9.84,100,90,3.6,100,0.42,5000,1001,9.84,100,90,3.6,100,0.42,5000,1001,9.84,100,90,3.6,100,0.42,5000,1001,9.84,100,90,3.6,100,0.42,5000,1001,9.84,100,90,3.6,100,0.42,5000
1001,9.84,100,90,3.6,100,0.42,5000,14,0,1,3,1001,9.84,100,90,3.6,100,0.42,5000,1001,9.84,100,90,3.6,100,0.42,5000,1001,9.84,100,90,3.6,100,0.42,5000,1001,9.84,100,90,3.6,100,0.42,5000,1001,9.84,100,90,3.6,100,0.42,5000,1001,9.84,100,90,3.6,100,0.42,5000,1001,9.84,100,90,3.6,100,0.42,5000,1001,9.84,100,90,3.6,100,0.42,5000,1001,9.84,100,90,3.6,100,0.42,5000,1001,9.84,100,90,3.6,100,0.42,5000,1001,9.84,100,90,3.6,100,0.42,5000,1001,9.84,100,90,3.6,100,0.42,5000
1001,9.84,100,90,3.6,100,0.42,5000,15,0,1,3,1001,9.84,100,90,3.6,100,0.42,5000,1001,9.84,100,90,3.6,100,0.42,5000,1001,9.84,100,90,3.6,100,0.42,5000,1001,9.84,100,90,3.6,100,0.42,5000,1001,9.84,100,90,3.6,100,0.42,5000,1001,9.84,100,90,3.6,100,0.42,5000,1001,9.84,100,90,3.6,100,0.42,5000,1001,9.84,100,90,3.6,100,0.42,5000,1001,9.84,100,90,3.6,100,0.42,5000,1001,9.84,100,90,3.6,100,0.42,5000,1001,9.84,100,90,3.6,100,0.42,5000,1001,9.84,100,90,3.6,100,0.42,5000
1001,9.84,100,90,3.6,100,0.42,5000,16,0,1,3,1001,9.84,100,90,3.6,100,0.42,5000,1001,9.84,100,90,3.6,100,0.42,5000,1001,9.84,100,90,3.6,100,0.42,5000,1001,9.84,100,90,3.6,100,0.42,5000,1001,9.84,100,90,3.6,100,0.42,5000,1001,9.84,100,90,3.6,100,0.42,5000,1001,9.84,100,90,3.6,100,0.42,5000,1001,9.84,100,90,3.6,100,0.42,5000,1001,9.84,100,90,3.6,100,0.42,5000,1001,9.84,100,90,3.6,100,0.42,5000,1001,9.84,100,90,3.6,100,0.42,5000,1001,9.84,100,90,3.6,100,0.42,5000
1001,9.84,100,90,3.6,100,0.42,5000,17,0,1,3,1001,9.84,100,90,3.6,100,0.42,5000,1001,9.84,100,90,3.6,100,0.42,5000,1001,9.84,100,90,3.6,100,0.42,5000,1001,9.84,100,90,3.6,100,0.42,5000,1001,9.84,100,90,3.6,100,0.42,5000,1001,9.84,100,90,3.6,100,0.42,5000,1001,9.84,100,90,3.6,100,0.42,5000,1001,9.84,100,90,3.6,100,0.42,5000,1001,9.84,100,90,3.6,100,0.42,5000,1001,9.84,100,90,3.6,100,0.42,5000,1001,9.84,100,90,3.6,100,0.42,5000,1001,9.84,100,90,3.6,100,0.42,5000
1001,9.84,100,90,3.6,100,0.42,5000,18,0,1,3,1001,9.84,100,90,3.6,100,0.42,5000,1001,9.84,100,90,3.6,100,0.42,5000,1001,9.84,100,90,3.6,100,0.42,5000,1001,9.84,100,90,3.6,100,0.42,5000,1001,9.84,100,90,3.6,100,0.42,5000,1001,9.84,100,90,3.6,100,0.42,5000,1001,9.84,100,90,3.6,100,0.42,5000,1001,9.84,100,90,3.6,100,0.42,5000,1001,9.84,100,90,3.6,100,0.42,5000,1001,9.84,100,90,3.6,100,0.42,5000,1001,9.84,100,90,3.6,100,0.42,5000,1001,9.84,100,90,3.6,100,0.42,5000
1001,9.84,100,90,3.6,100,0.42,5000,19,0,1,3,1001,9.84,100,90,3.6,100,0.42,5000,1001,9.84,100,90,3.6,100,0.42,5000,1001,9.84,100,90,3.6,100,0.42,5000,1001,9.84,100,90,3.6,100,0.42,5000,1001,9.84,100,90,3.6,100,0.42,5000,1001,9.84,100,90,3.6,100,0.42,5000,1001,9.84,100,90,3.6,100,0.42,5000,1001,9.84,100,90,3.6,100,0.42,5000,1001,9.84,100,90,3.6,100,0.42,5000,1001,9.84,100,90,3.6,100,0.42,5000,1001,9.84,100,90,3.6,100,0.42,5000,1001,9.84,100,90,3.6,100,0.42,5000
1001,9.84,100,90,3.6,100,0.42,5000,20,0,1,3,1001,9.84,100,90,3.6,100,0.42,5000,1001,9.84,100,90,3.6,100,0.42,5000,1001,9.84,100,90,3.6,100,0.42,5000,1001,9.84,100,90,3.6,100,0.42,5000,1001,9.84,100,90,3.6,100,0.42,5000,1001,9.84,100,90,3.6,100,0.42,5000,1001,9.84,100,90,3.6,100,0.42,5000,1001,9.84,100,90,3.6,100,0.42,5000,1001,9.84,100,90,3.6,100,0.42,5000,1001,9.84,100,90,3.6,100,0.42,5000,1001,9.84,100,90,3.6,100,0.42,5000,1001,9.84,100,90,3.6,100,0.42,5000
1001,9.84,100,90,3.6,100,0.42,5000,21,0,1,3,1001,9.84,100,90,3.6,100,0.42,5000,1001,9.84,100,90,3.6,100,0.42,5000,1001,9.84,100,90,3.6,100,0.42,5000,1001,9.84,100,90,3.6,100,0.42,5000,1001,9.84,100,90,3.6,100,0.42,5000,1001,9.84,100,90,3.6,100,0.42,5000,1001,9.84,100,90,3.6,100,0.42,5000,1001,9.84,100,90,3.6,100,0.42,5000,1001,9.84,100,90,3.6,100,0.42,5000,1001,9.84,100,90,3.6,100,0.42,5000,1001,9.84,100,90,3.6,100,0.42,5000,1001,9.84,100,90,3.6,100,0.42,5000
1001,9.84,100,90,3.6,100,0.42,5000,22,0,1,3,1001,9.84,100,90,3.6,100,0.42,5000,1001,9.84,100,90,3.6,100,0.42,5000,1001,9.84,100,90,3.6,100,0.42,5000,1001,9.84,100,90,3.6,100,0.42,5000,1001,9.84,100,90,3.6,100,0.42,5000,1001,9.84,100,90,3.6,100,0.42,5000,1001,9.84,100,90,3.6,100,0.42,5000,1001,9.84,100,90,3.6,100,0.42,5000,1001,9.84,100,90,3.6,100,0.42,5000,1001,9.84,100,90,3.6,100,0.42,5000,1001,9.84,100,90,3.6,100,0.42,5000,1001,9.84,100,90,3.6,100,0.42,5000
1001,9.84,100,90,3.6,100,0.42,5000,23,0,1,3,1001,9.84,100,90,3.6,100,0.42,5000,1001,9.84,100,90,3.6,100,0.42,5000,1001,9.84,100,90,3.6,100,0.42,5000,1001,9.84,100,90,3.6,100,0.42,5000,1001,9.84,100,90,3.6,100,0.42,5000,1001,9.84,100,90,3.6,100,0.42,5000,1001,9.84,100,90,3.6,100,0.42,5000,1001,9.84,100,90,3.6,100,0.42,5000,1001,9.84,100,90,3.6,100,0.42,5000,1001,9.84,100,90,3.6,100,0.42,5000,1001,9.84,100,90,3.6,100,0.42,5000,1001,9.84,100,90,3.6,100,0.42,5000
1001,9.84,100,90,3.6,100,0.42,5000,0,0,2,3,1001,9.84,100,90,3.6,100,0.42,5000,1001,9.84,100,90,3.6,100,0.42,5000,1001,9.84,100,90,3.6,100,0.42,5000,1001,9.84,100,90,3.6,100,0.42,5000,1001,9.84,100,90,3.6,100,0.42,5000,1001,9.84,100,90,3.6,100,0.42,5000,1001,9.84,100,90,3.6,100,0.42,5000,1001,9.84,100,90,3.6,100,0.42,5000,1001,9.84,100,90,3.6,100,0.42,5000,1001,9.84,100,90,3.6,100,0.42,5000,1001,9.84,100,90,3.6,100,0.42,5000,1001,9.84,100,90,3.6,100,0.42,5000
1001,9.84,100,90,3.6,100,0.42,5000,1,0,2,3,1001,9.84,100,90,3.6,100,0.42,5000,1001,9.84,100,90,3.6,100,0.42,5000,1001,9.84,100,90,3.6,100,0.42,5000,1001,9.84,100,90,3.6,100,0.42,5000,1001,9.84,100,90,3.6,100,0.42,5000,1001,9.84,100,90,3.6,100,0.42,5000,1001,9.84,100,90,3.6,100,0.42,5000,1001,9.84,100,90,3.6,100,0.42,5000,1001,9.84,100,90,3.6,100,0.42,5000,1001,9.84,100,90,3.6,100,0.42,5000,1001,9.84,100,90,3.6,100,0.42,5000,1001,9.84,100,90,3.6,100,0.42,5000
1001,9.84,100,90,3.6,100,0.42,5000,2,0,2,3,1001,9.84,100,90,3.6,100,0.42,5000,1001,9.84,100,90,3.6,100,0.42,5000,1001,9.84,100,90,3.6,100,0.42,5000,1001,9.84,100,90,3.6,100,0.42,5000,1001,9.84,100,90,3.6,100,0.42,5000,1001,9.84,100,90,3.6,100,0.42,5000,1001,9.84,100,90,3.6,100,0.42,5000,1001,9.84,100,90,3.6,100,0.42,5000,1001,9.84,100,90,3.6,100,0.42,5000,1001,9.84,100,90,3.6,100,0.42,5000,1001,9.84,100,90,3.6,100,0.42,5000,1001,9.84,100,90,3.6,100,0.42,5000
1001,9.84,100,90,3.6,100,0.42,5000,3,0,2,3,1001,9.84,100,90,3.6,100,0.42,5000,1001,9.84,100,90,3.6,100,0.42,5000,1001,9.84,100,90,3.6,100,0.42,5000,1001,9.84,100,90,3.6,100,0.42,5000,1001,9.84,100,90,3.6,100,0.42,5000,1001,9.84,100,90,3.6,100,0.42,5000,1001,9.84,100,90,3.6,100,0.42,5000,1001,9.84,100,90,3.6,100,0.42,5000,1001,9.84,100,90,3.6,100,0.42,5000,1001,9.84,100,90,3.6,100,0.42,5000,1001,9.84,100,90,3.6,100,0.42,5000,1001,9.84,100,90,3.6,100,0.42,5000
1001,9.84,100,90,3.6,100,0.42,5000,4,0,2,3,1001,9.84,100,90,3.6,100,0.42,5000,1001,9.84,100,90,3.6,100,0.42,5000,1001,9.84,100,90,3.6,100,0.42,5000,1001,9.84,100,90,3.6,100,0.42,5000,1001,9.84,100,90,3.6,100,0.42,5000,1001,9.84,100,90,3.6,100,0.42,5000,1001,9.84,100,90,3.6,100,0.42,5000,1001,9.84,100,90,3.6,100,0.42,5000,1001,9.84,100,90,3.6,100,0.42,5000,1001,9.84,100,90,3.6,100,0.42,5000,1001,9.84,100,90,3.6,100,0.42,5000,1001,9.84,100,90,3.6,100,0.42,5000
1001,9.84,100,90,3.6,100,0.42,5000,5,0,2,3,1001,9.84,100,90,3.6,100,0.42,5000,1001,9.84,100,90,3.6,100,0.42,5000,1001,9.84,100,90,3.6,100,0.42,5000,1001,9.84,100,90,3.6,100,0.42,5000,1001,9.84,100,90,3.6,100,0.42,5000,1001,9.84,100,90,3.6,100,0.42,5000,1001,9.84,100,90,3.6,100,0.42,5000,1001,9.84,100,90,3.6,100,0.42,5000,1001,9.84,100,90,3.6,100,0.42,5000,1001,9.84,100,90,3.6,100,0.42,5000,1001,9.84,100,90,3.6,100,0.42,5000,1001,9.84,100,90,3.6,100,0.42,5000
1001,9.84,100,90,3.6,100,0.42,5000,6,0,2,3,1001,9.84,100,90,3.6,100,0.42,5000,1001,9.84,100,90,3.6,100,0.42,5000,1001,9.84,100,90,3.6,100,0.42,5000,1001,9.84,100,90,3.6,100,0.42,5000,1001,9.84,100,90,3.6,100,0.42,5000,1001,9.84,100,90,3.6,100,0.42,5000,1001,9.84,100,90,3.6,100,0.42,5000,1001,9.84,100,90,3.6,100,0.42,5000,1001,9.84,100,90,3.6,100,0.42,5000,1001,9.84,100,90,3.6,100,0.42,5000,1001,9.84,100,90,3.6,100,0.42,5000,1001,9.84,100,90,3.6,100,0.42,5000
1001,9.84,100,90,3.6,100,0.42,5000,7,0,2,3,1001,9.84,100,90,3.6,100,0.42,5000,1001,9.84,100,90,3.6,100,0.42,5000,1001,9.84,100,90,3.6,100,0.42,5000,1001,9.84,100,90,3.6,100,0.42,5000,1001,9.84,100,90,3.6,100,0.42,5000,1001,9.84,100,90,3.6,100,0.42,5000,1001,9.84,100,90,3.6,100,0.42,5000,1001,9.84,100,90,3.6,100,0.42,5000,1001,9.84,100,90,3.6,100,0.42,5000,1001,9.84,100,90,3.6,100,0.42,5000,1001,9.84,100,90,3.6,100,0.42,5000,1001,9.84,100,90,3.6,100,0.42,5000
1001,9.84,100,90,3.6,100,0.42,5000,8,0,2,3,1001,9.84,100,90,3.6,100,0.42,5000,1001,9.84,100,90,3.6,100,0.42,5000,1001,9.84,100,90,3.6,100,0.42,5000,1001,9.84,100,90,3.6,100,0.42,5000,1001,9.84,100,90,3.6,100,0.42,5000,1001,9.84,100,90,3.6,100,0.42,5000,1001,9.84,100,90,3.6,100,0.42,5000,1001,9.84,100,90,3.6,100,0.42,5000,1001,9.84,100,90,3.6,100,0.42,5000,1001,9.84,100,90,3.6,100,0.42,5000,1001,9.84,100,90,3.6,100,0.42,5000,1001,9.84,100,90,3.6,100,0.42,5000
1001,9.84,100,90,3.6,100,0.42,5000,9,0,2,3,1001,9.84,100,90,3.6,100,0.42,5000,1001,9.84,100,90,3.6,100,0.42,5000,1001,9.84,100,90,3.6,100,0.42,5000,1001,9.84,100,90,3.6,100,0.42,5000,1001,9.84,100,90,3.6,100,0.42,5000,1001,9.84,100,90,3.6,100,0.42,5000,1001,9.84,100,90,3.6,100,0.42,5000,1001,9.84,100,90,3.6,100,0.42,5000,1001,9.84,100,90,3.6,100,0.42,5000,1001,9.84,100,90,3.6,100,0.42,5000,1001,9.84,100,90,3.6,100,0.42,5000,1001,9.84,100,90,3.6,100,0.42,5000
1001,9.84,100,90,3.6,100,0.42,5000,10,0,2,3,1001,9.84,100,90,3.6,100,0.42,5000,1001,9.84,100,90,3.6,100,0.42,5000,1001,9.84,100,90,3.6,100,0.42,5000,1001,9.84,100,90,3.6,100,0.42,5000,1001,9.84,100,90,3.6,100,0.42,5000,1001,9.84,100,90,3.6,100,0.42,5000,1001,9.84,100,90,3.6,100,0.42,5000,1001,9.84,100,90,3.6,100,0.42,5000,1001,9.84,100,90,3.6,100,0.42,5000,1001,9.84,100,90,3.6,100,0.42,5000,1001,9.84,100,90,3.6,100,0.42,5000,1001,9.84,100,90,3.6,100,0.42,5000
1001,9.84,100,90,3.6,100,0.42,5000,11,0,2,3,1001,9.84,100,90,3.6,100,0.42,5000,1001,9.84,100,90,3.6,100,0.42,5000,1001,9.84,100,90,3.6,100,0.42,5000,1001,9.84,100,90,3.6,100,0.42,5000,1001,9.84,100,90,3.6,100,0.42,5000,1001,9.84,100,90,3.6,100,0.42,5000,1001,9.84,100,90,3.6,100,0.42,5000,1001,9.84,100,90,3.6,100,0.42,5000,1001,9.84,100,90,3.6,100,0.42,5000,1001,9.84,100,90,3.6,100,0.42,5000,1001,9.84,100,90,3.6,100,0.42,5000,1001,9.84,100,90,3.6,100,0.42,5000
1001,9.84,100,90,3.6,100,0.42,5000,12,0,2,3,1001,9.84,100,90,3.6,100,0.42,5000,1001,9.84,100,90,3.6,100,0.42,5000,1001,9.84,100,90,3.6,100,0.42,5000,1001,9.84,100,90,3.6,100,0.42,5000,1001,9.84,100,90,3.6,100,0.42,5000,1001,9.84,100,90,3.6,100,0.42,5000,1001,9.84,100,90,3.6,100,0.42,5000,1001,9.84,100,90,3.6,100,0.42,5000,1001,9.84,100,90,3.6,100,0.42,5000,1001,9.84,100,90,3.6,100,0.42,5000,1001,9.84,100,90,3.6,100,0.42,5000,1001,9.84,100,90,3.6,100,0.42,5000
1001,9.84,100,90,3.6,100,0.42,5000,13,0,2,3,1001,9.84,100,90,3.6,100,0.42,5000,1001,9.84,100,90,3.6,100,0.42,5000,1001,9.84,100,90,3.6,100,0.42,5000,1001,9.84,100,90,3.6,100,0.42,5000,1001,9.84,100,90,3.6,100,0.42,5000,1001,9.84,100,90,3.6,100,0.42,5000,1001,9.84,100,90,3.6,100,0.42,5000,1001,9.84,100,90,3.6,100,0.42,5000,1001,9.84,100,90,3.6,100,0.42,5000,1001,9.84,100,90,3.6,100,0.42,5000,1001,9.84,100,90,3.6,100,0.42,5000,1001,9.84,100,90,3.6,100,0.42,5000
1001,9.84,100,90,3.6,100,0.42,5000,14,0,2,3,1001,9.84,100,90,3.6,100,0.42,5000,1001,9.84,100,90,3.6,100,0.42,5000,1001,9.84,100,90,3.6,100,0.42,5000,1001,9.84,100,90,3.6,100,0.42,5000,1001,9.84,100,90,3.6,100,0.42,5000,1001,9.84,100,90,3.6,100,0.42,5000,1001,9.84,100,90,3.6,100,0.42,5000,1001,9.84,100,90,3.6,100,0.42,5000,1001,9.84,100,90,3.6,100,0.42,5000,1001,9.84,100,90,3.6,100,0.42,5000,1001,9.84,100,90,3.6,100,0.42,5000,1001,9.84,100,90,3.6,100,0.42,5000
1001,9.84,100,90,3.6,100,0.42,5000,15,0,2,3,1001,9.84,100,90,3.6,100,0.42,5000,1001,9.84,100,90,3.6,100,0.42,5000,1001,9.84,100,90,3.6,100,0.42,5000,1001,9.84,100,90,3.6,100,0.42,5000,1001,9.84,100,90,3.6,100,0.42,5000,1001,9.84,100,90,3.6,100,0.42,5000,1001,9.84,100,90,3.6,100,0.42,5000,1001,9.84,100,90,3.6,100,0.42,5000,1001,9.84,100,90,3.6,100,0.42,5000,1001,9.84,100,90,3.6,100,0.42,5000,1001,9.84,100,90,3.6,100,0.42,5000,1001,9.84,100,90,3.6,100,0.42,5000
1001,9.84,100,90,3.6,100,0.42,5000,16,0,2,3,1001,9.84,100,90,3.6,100,0.42,5000,1001,9.84,100,90,3.6,100,0.42,5000,1001,9.84,100,90,3.6,100,0.42,5000,1001,9.84,100,90,3.6,100,0.42,5000,1001,9.84,100,90,3.6,100,0.42,5000,1001,9.84,100,90,3.6,100,0.42,5000,1001,9.84,100,90,3.6,100,0.42,5000,1001,9.84,100,90,3.6,100,0.42,5000,1001,9.84,100,90,3.6,100,0.42,5000,1001,9.84,100,90,3.6,100,0.42,5000,1001,9.84,100,90,3.6,100,0.42,5000,1001,9.84,100,90,3.6,100,0.42,5000
1001,9.84,100,90,3.6,100,0.42,5000,17,0,2,3,1001,9.84,100,90,3.6,100,0.42,5000,1001,9.84,100,90,3.6,100,0.42,5000,1001,9.84,100,90,3.6,100,0.42,5000,1001,9.84,100,90,3.6,100,0.42,5000,1001,9.84,100,90,3.6,100,0.42,5000,1001,9.84,100,90,3.6,100,0.42,5000,1001,9.84,100,90,3.6,100,0.42,5000,1001,9.84,100,90,3.6,100,0.42,5000,1001,9.84,100,90,3.6,100,0.42,5000,1001,9.84,100,90,3.6,100,0.42,5000,1001,9.84,100,90,3.6,100,0.42,5000,1001,9.84,100,90,3.6,100,0.42,5000
1001,9.84,100,90,3.6,100,0.42,5000,18,0,2,3,1001,9.84,100,90,3.6,100,0.42,5000,1001,9.84,100,90,3.6,100,0.42,5000,1001,9.84,100,90,3.6,100,0.42,5000,1001,9.84,100,90,3.6,100,0.42,5000,1001,9.84,100,90,3.6,100,0.42,5000,1001,9.84,100,90,3.6,100,0.42,5000,1001,9.84,100,90,3.6,100,0.42,5000,1001,9.84,100,90,3.6,100,0.42,5000,1001,9.84,100,90,3.6,100,0.42,5000,1001,9.84,100,90,3.6,100,0.42,5000,1001,9.84,100,90,3.6,100,0.42,5000,1001,9.84,100,90,3.6,100,0.42,5000
1001,9.84,100,90,3.6,100,0.42,5000,19,0,2,3,1001,9.84,100,90,3.6,100,0.42,5000,1001,9.84,100,90,3.6,100,0.42,5000,1001,9.84,100,90,3.6,100,0.42,5000,1001,9.84,100,90,3.6,100,0.42,5000,1001,9.84,100,90,3.6,100,0.42,5000,1001,9.84,100,90,3.6,100,0.42,5000,1001,9.84,100,90,3.6,100,0.42,5000,1001,9.84,100,90,3.6,100,0.42,5000,1001,9.84,100,90,3.6,100,0.42,5000,1001,9.84,100,90,3.6,100,0.42,5000,1001,9.84,100,90,3.6,100,0.42,5000,1001,9.84,100,90,3.6,100,0.42,5000
1001,9.84,100,90,3.6,100,0.42,5000,20,0,2,3,1001,9.84,100,90,3.6,100,0.42,5000,1001,9.84,100,90,3.6,100,0.42,5000,1001,9.84,100,90,3.6,100,0.42,5000,1001,9.84,100,90,3.6,100,0.42,5000,1001,9.84,100,90,3.6,100,0.42,5000,1001,9.84,100,90,3.6,100,0.42,5000,1001,9.84,100,90,3.6,100,0.42,5000,1001,9.84,100,90,3.6,100,0.42,5000,1001,9.84,100,90,3.6,100,0.42,5000,1001,9.84,100,90,3.6,100,0.42,5000,1001,9.84,100,90,3.6,100,0.42,5000,1001,9.84,100,90,3.6,100,0.42,5000
1001,9.84,100,90,3.6,100,0.42,5000,21,0,2,3,1001,9.84,100,90,3.6,100,0.42,5000,1001,9.84,100,90,3.6,100,0.42,5000,1001,9.84,100,90,3.6,100,0.42,5000,1001,9.84,100,90,3.6,100,0.42,5000,1001,9.84,100,90,3.6,100,0.42,5000,1001,9.84,100,90,3.6,100,0.42,5000,1001,9.84,100,90,3.6,100,0.42,5000,1001,9.84,100,90,3.6,100,0.42,5000,1001,9.84,100,90,3.6,100,0.42,5000,1001,9.84,100,90,3.6,100,0.42,5000,1001,9.84,100,90,3.6,100,0.42,5000,1001,9.84,100,90,3.6,100,0.42,5000
1001,9.84,100,90,3.6,100,0.42,5000,22,0,2,3,1001,9.84,100,90,3.6,100,0.42,5000,1001,9.84,100,90,3.6,100,0.42,5000,1001,9.84,100,90,3.6,100,0.42,5000,1001,9.84,100,90,3.6,100,0.42,5000,1001,9.84,100,90,3.6,100,0.42,5000,1001,9.84,100,90,3.6,100,0.42,5000,1001,9.84,100,90,3.6,100,0.42,5000,1001,9.84,100,90,3.6,100,0.42,5000,1001,9.84,100,90,3.6,100,0.42,5000,1001,9.84,100,90,3.6,100,0.42,5000,1001,9.84,100,90,3.6,100,0.42,5000,1001,9.84,100,90,3.6,100,0.42,5000
1001,9.84,100,90,3.6,100,0.42,5000,23,0,2,3,1001,9.84,100,90,3.6,100,0.42,5000,1001,9.84,100,90,3.6,100,0.42,5000,1001,9.84,100,90,3.6,100,0.42,5000,1001,9.84,100,90,3.6,100,0.42,5000,1001,9.84,100,90,3.6,100,0.42,5000,1001,9.84,100,90,3.6,100,0.42,5000,1001,9.84,100,90,3.6,100,0.42,5000,1001,9.84,100,90,3.6,100,0.42,5000,1001,9.84,100,90,3.6,100,0.42,5000,1001,9.84,100,90,3.6,100,0.42,5000,1001,9.84,100,90,3.6,100,0.42,5000,1001,9.84,100,90,3.6,100,0.42,5000
1001,9.84,100,90,3.6,100,0.42,5000,0,0,3,3,1001,9.84,100,90,3.6,100,0.42,5000,1001,9.84,100,90,3.6,100,0.42,5000,1001,9.84,100,90,3.6,100,0.42,5000,1001,9.84,100,90,3.6,100,0.42,5000,1001,9.84,100,90,3.6,100,0.42,5000,1001,9.84,100,90,3.6,100,0.42,5000,1001,9.84,100,90,3.6,100,0.42,5000,1001,9.84,100,90,3.6,100,0.42,5000,1001,9.84,100,90,3.6,100,0.42,5000,1001,9.84,100,90,3.6,100,0.42,5000,1001,9.84,100,90,3.6,100,0.42,5000,1001,9.84,100,90,3.6,100,0.42,5000
1001,9.84,100,90,3.6,100,0.42,5000,1,0,3,3,1001,9.84,100,90,3.6,100,0.42,5000,1001,9.84,100,90,3.6,100,0.42,5000,1001,9.84,100,90,3.6,100,0.42,5000,1001,9.84,100,90,3.6,100,0.42,5000,1001,9.84,100,90,3.6,100,0.42,5000,1001,9.84,100,90,3.6,100,0.42,5000,1001,9.84,100,90,3.6,100,0.42,5000,1001,9.84,100,90,3.6,100,0.42,5000,1001,9.84,100,90,3.6,100,0.42,5000,1001,9.84,100,90,3.6,100,0.42,5000,1001,9.84,100,90,3.6,100,0.42,5000,1001,9.84,100,90,3.6,100,0.42,5000
1001,9.84,100,90,3.6,100,0.42,5000,2,0,3,3,1001,9.84,100,90,3.6,100,0.42,5000,1001,9.84,100,90,3.6,100,0.42,5000,1001,9.84,100,90,3.6,100,0.42,5000,1001,9.84,100,90,3.6,100,0.42,5000,1001,9.84,100,90,3.6,100,0.42,5000,1001,9.84,100,90,3.6,100,0.42,5000,1001,9.84,100,90,3.6,100,0.42,5000,1001,9.84,100,90,3.6,100,0.42,5000,1001,9.84,100,90,3.6,100,0.42,5000,1001,9.84,100,90,3.6,100,0.42,5000,1001,9.84,100,90,3.6,100,0.42,5000,1001,9.84,100,90,3.6,100,0.42,5000
1001,9.84,100,90,3.6,100,0.42,5000,3,0,3,3,1001,9.84,100,90,3.6,100,0.42,5000,1001,9.84,100,90,3.6,100,0.42,5000,1001,9.84,100,90,3.6,100,0.42,5000,1001,9.84,100,90,3.6,100,0.42,5000,1001,9.84,100,90,3.6,100,0.42,5000,1001,9.84,100,90,3.6,100,0.42,5000,1001,9.84,100,90,3.6,100,0.42,5000,1001,9.84,100,90,3.6,100,0.42,5000,1001,9.84,100,90,3.6,100,0.42,5000,1001,9.84,100,90,3.6,100,0.42,5000,1001,9.84,100,90,3.6,100,0.42,5000,1001,9.84,100,90,3.6,100,0.42,5000
1001,9.84,100,90,3.6,100,0.42,5000,4,0,3,3,1001,9.84,100,90,3.6,100,0.42,5000,1001,9.84,100,90,3.6,100,0.42,5000,1001,9.84,100,90,3.6,100,0.42,5000,1001,9.84,100,90,3.6,100,0.42,5000,1001,9.84,100,90,3.6,100,0.42,5000,1001,9.84,100,90,3.6,100,0.42,5000,1001,9.84,100,90,3.6,100,0.42,5000,1001,9.84,100,90,3.6,100,0.42,5000,1001,9.84,100,90,3.6,100,0.42,5000,1001,9.84,100,90,3.6,100,0.42,5000,1001,9.84,100,90,3.6,100,0.42,5000,1001,9.84,100,90,3.6,100,0.42,5000
1001,9.84,100,90,3.6,100,0.42,5000,5,0,3,3,1001,9.84,100,90,3.6,100,0.42,5000,1001,9.84,100,90,3.6,100,0.42,5000,1001,9.84,100,90,3.6,100,0.42,5000,1001,9.84,100,90,3.6,100,0.42,5000,1001,9.84,100,90,3.6,100,0.42,5000,1001,9.84,100,90,3.6,100,0.42,5000,1001,9.84,100,90,3.6,100,0.42,5000,1001,9.84,100,90,3.6,100,0.42,5000,1001,9.84,100,90,3.6,100,0.42,5000,1001,9.84,100,90,3.6,100,0.42,5000,1001,9.84,100,90,3.6,100,0.42,5000,1001,9.84,100,90,3.6,100,0.42,5000
1001,9.84,100,90,3.6,100,0.42,5000,6,0,3,3,1001,9.84,100,90,3.6,100,0.42,5000,1001,9.84,100,90,3.6,100,0.42,5000,1001,9.84,100,90,3.6,100,0.42,5000,1001,9.84,100,90,3.6,100,0.42,5000,1001,9.84,100,90,3.6,100,0.42,5000,1001,9.84,100,90,3.6,100,0.42,5000,1001,9.84,100,90,3.6,100,0.42,5000,1001,9.84,100,90,3.6,100,0.42,5000,1001,9.84,100,90,3.6,100,0.42,5000,1001,9.84,100,90,3.6,100,0.42,5000,1001,9.84,100,90,3.6,100,0.42,5000,1001,9.84,100,90,3.6,100,0.42,5000
1001,9.84,100,90,3.6,100,0.42,5000,7,0,3,3,1001,9.84,100,90,3.6,100,0.42,5000,1001,9.84,100,90,3.6,100,0.42,5000,1001,9.84,100,90,3.6,100,0.42,5000,1001,9.84,100,90,3.6,100,0.42,5000,1001,9.84,100,90,3.6,100,0.42,5000,1001,9.84,100,90,3.6,100,0.42,5000,1001,9.84,100,90,3.6,100,0.42,5000,1001,9.84,100,90,3.6,100,0.42,5000,1001,9.84,100,90,3.6,100,0.42,5000,1001,9.84,100,90,3.6,100,0.42,5000,1001,9.84,100,90,3.6,100,0.42,5000,1001,9.84,100,90,3.6,100,0.42,5000
1001,9.84,100,90,3.6,100,0.42,5000,8,0,3,3,1001,9.84,100,90,3.6,100,0.42,5000,1001,9.84,100,90,3.6,100,0.42,5000,1001,9.84,100,90,3.6,100,0.42,5000,1001,9.84,100,90,3.6,100,0.42,5000,1001,9.84,100,90,3.6,100,0.42,5000,1001,9.84,100,90,3.6,100,0.42,5000,1001,9.84,100,90,3.6,100,0.42,5000,1001,9.84,100,90,3.6,100,0.42,5000,1001,9.84,100,90,3.6,100,0.42,5000,1001,9.84,100,90,3.6,100,0.42,5000,1001,9.84,100,90,3.6,100,0.42,5000,1001,9.84,100,90,3.6,100,0.42,5000
1001,9.84,100,90,3.6,100,0.42,5000,9,0,3,3,1001,9.84,100,90,3.6,100,0.42,5000,1001,9.84,100,90,3.6,100,0.42,5000,1001,9.84,100,90,3.6,100,0.42,5000,1001,9.84,100,90,3.6,100,0.42,5000,1001,9.84,100,90,3.6,100,0.42,5000,1001,9.84,100,90,3.6,100,0.42,5000,1001,9.84,100,90,3.6,100,0.42,5000,1001,9.84,100,90,3.6,100,0.42,5000,1001,9.84,100,90,3.6,100,0.42,5000,1001,9.84,100,90,3.6,100,0.42,5000,1001,9.84,100,90,3.6,100,0.42,5000,1001,9.84,100,90,3.6,100,0.42,5000
1001,9.84,100,90,3.6,100,0.42,5000,10,0,3,3,1001,9.84,100,90,3.6,100,0.42,5000,1001,9.84,100,90,3.6,100,0.42,5000,1001,9.84,100,90,3.6,100,0.42,5000,1001,9.84,100,90,3.6,100,0.42,5000,1001,9.84,100,90,3.6,100,0.42,5000,1001,9.84,100,90,3.6,100,0.42,5000,1001,9.84,100,90,3.6,100,0.42,5000,1001,9.84,100,90,3.6,100,0.42,5000,1001,9.84,100,90,3.6,100,0.42,5000,1001,9.84,100,90,3.6,100,0.42,5000,1001,9.84,100,90,3.6,100,0.42,5000,1001,9.84,100,90,3.6,100,0.42,5000
1001,9.84,100,90,3.6,100,0.42,5000,11,0,3,3,1001,9.84,100,90,3.6,100,0.42,5000,1001,9.84,100,90,3.6,100,0.42,5000,1001,9.84,100,90,3.6,100,0.42,5000,1001,9.84,100,90,3.6,100,0.42,5000,1001,9.84,100,90,3.6,100,0.42,5000,1001,9.84,100,90,3.6,100,0.42,5000,1001,9.84,100,90,3.6,100,0.42,5000,1001,9.84,100,90,3.6,100,0.42,5000,1001,9.84,100,90,3.6,100,0.42,5000,1001,9.84,100,90,3.6,100,0.42,5000,1001,9.84,100,90,3.6,100,0.42,5000,1001,9.84,100,90,3.6,100,0.42,5000
1001,9.84,100,90,3.6,100,0.42,5000,12,0,3,3,1001,9.84,100,90,3.6,100,0.42,5000,1001,9.84,100,90,3.6,100,0.42,5000,1001,9.84,100,90,3.6,100,0.42,5000,1001,9.84,100,90,3.6,100,0.42,5000,1001,9.84,100,90,3.6,100,0.42,5000,1001,9.84,100,90,3.6,100,0.42,5000,1001,9.84,100,90,3.6,100,0.42,5000,1001,9.84,100,90,3.6,100,0.42,5000,1001,9.84,100,90,3.6,100,0.42,5000,1001,9.84,100,90,3.6,100,0.42,5000,1001,9.84,100,90,3.6,100,0.42,5000,1001,9.84,100,90,3.6,100,0.42,5000
1001,9.84,100,90,3.6,100,0.42,5000,13,0,3,3,1001,9.84,100,90,3.6,100,0.42,5000,1001,9.84,100,90,3.6,100,0.42,5000,1001,9.84,100,90,3.6,100,0.42,5000,1001,9.84,100,90,3.6,100,0.42,5000,1001,9.84,100,90,3.6,100,0.42,5000,1001,9.84,100,90,3.6,100,0.42,5000,1001,9.84,100,90,3.6,100,0.42,5000,1001,9.84,100,90,3.6,100,0.42,5000,1001,9.84,100,90,3.6,100,0.42,5000,1001,9.84,100,90,3.6,100,0.42,5000,1001,9.84,100,90,3.6,100,0.42,5000,1001,9.84,100,90,3.6,100,0.42,5000
1001,9.84,100,90,3.6,100,0.42,5000,14,0,3,3,1001,9.84,100,90,3.6,100,0.42,5000,1001,9.84,100,90,3.6,100,0.42,5000,1001,9.84,100,90,3.6,100,0.42,5000,1001,9.84,100,90,3.6,100,0.42,5000,1001,9.84,100,90,3.6,100,0.42,5000,1001,9.84,100,90,3.6,100,0.42,5000,1001,9.84,100,90,3.6,100,0.42,5000,1001,9.84,100,90,3.6,100,0.42,5000,1001,9.84,100,90,3.6,100,0.42,5000,1001,9.84,100,90,3.6,100,0.42,5000,1001,9.84,100,90,3.6,100,0.42,5000,1001,9.84,100,90,3.6,100,0.42,5000
1001,9.84,100,90,3.6,100,0.42,5000,15,0,3,3,1001,9.84,100,90,3.6,100,0.42,5000,1001,9.84,100,90,3.6,100,0.42,5000,1001,9.84,100,90,3.6,100,0.42,5000,1001,9.84,100,90,3.6,100,0.42,5000,1001,9.84,100,90,3.6,100,0.42,5000,1001,9.84,100,90,3.6,100,0.42,5000,1001,9.84,100,90,3.6,100,0.42,5000,1001,9.84,100,90,3.6,100,0.42,5000,1001,9.84,100,90,3.6,100,0.42,5000,1001,9.84,100,90,3.6,100,0.42,5000,1001,9.84,100,90,3.6,100,0.42,5000,1001,9.84,100,90,3.6,100,0.42,5000
1001,9.84,100,90,3.6,100,0.42,5000,16,0,3,3,1001,9.84,100,90,3.6,100,0.42,5000,1001,9.84,100,90,3.6,100,0.42,5000,1001,9.84,100,90,3.6,100,0.42,5000,1001,9.84,100,90,3.6,100,0.42,5000,1001,9.84,100,90,3.6,100,0.42,5000,1001,9.84,100,90,3.6,100,0.42,5000,1001,9.84,100,90,3.6,100,0.42,5000,1001,9.84,100,90,3.6,100,0.42,5000,1001,9.84,100,90,3.6,100,0.42,5000,1001,9.84,100,90,3.6,100,0.42,5000,1001,9.84,100,90,3.6,100,0.42,5000,1001,9.84,100,90,3.6,100,0.42,5000
1001,9.84,100,90,3.6,100,0.42,5000,17,0,3,3,1001,9.84,100,90,3.6,100,0.42,5000,1001,9.84,100,90,3.6,100,0.42,5000,1001,9.84,100,90,3.6,100,0.42,5000,1001,9.84,100,90,3.6,100,0.42,5000,1001,9.84,100,90,3.6,100,0.42,5000,1001,9.84,100,90,3.6,100,0.42,5000,1001,9.84,100,90,3.6,100,0.42,5000,1001,9.84,100,90,3.6,100,0.42,5000,1001,9.84,100,90,3.6,100,0.42,5000,1001,9.84,100,90,3.6,100,0.42,5000,1001,9.84,100,90,3.6,100,0.42,5000,1001,9.84,100,90,3.6,100,0.42,5000
1001,9.84,100,90,3.6,100,0.42,5000,18,0,3,3,1001,9.84,100,90,3.6,100,0.42,5000,1001,9.84,100,90,3.6,100,0.42,5000,1001,9.84,100,90,3.6,100,0.42,5000,1001,9.84,100,90,3.6,100,0.42,5000,1001,9.84,100,90,3.6,100,0.42,5000,1001,9.84,100,90,3.6,100,0.42,5000,1001,9.84,100,90,3.6,100,0.42,5000,1001,9.84,100,90,3.6,100,0.42,5000,1001,9.84,100,90,3.6,100,0.42,5000,1001,9.84,100,90,3.6,100,0.42,5000,1001,9.84,100,90,3.6,100,0.42,5000,1001,9.84,100,90,3.6,100,0.42,5000
1001,9.84,100,90,3.6,100,0.42,5000,19,0,3,3,1001,9.84,100,90,3.6,100,0.42,5000,1001,9.84,100,90,3.6,100,0.42,5000,1001,9.84,100,90,3.6,100,0.42,5000,1001,9.84,100,90,3.6,100,0.42,5000,1001,9.84,100,90,3.6,100,0.42,5000,1001,9.84,100,90,3.6,100,0.42,5000,1001,9.84,100,90,3.6,100,0.42,5000,1001,9.84,100,90,3.6,100,0.42,5000,1001,9.84,100,90,3.6,100,0.42,5000,1001,9.84,100,90,3.6,100,0.42,5000,1001,9.84,100,90,3.6,100,0.42,5000,1001,9.84,100,90,3.6,100,0.42,5000
1001,9.84,100,90,3.6,100,0.42,5000,20,0,3,3,1001,9.84,100,90,3.6,100,0.42,5000,1001,9.84,100,90,3.6,100,0.42,5000,1001,9.84,100,90,3.6,100,0.42,5000,1001,9.84,100,90,3.6,100,0.42,5000,1001,9.84,100,90,3.6,100,0.42,5000,1001,9.84,100,90,3.6,100,0.42,5000,1001,9.84,100,90,3.6,100,0.42,5000,1001,9.84,100,90,3.6,100,0.42,5000,1001,9.84,100,90,3.6,100,0.42,5000,1001,9.84,100,90,3.6,100,0.42,5000,1001,9.84,100,90,3.6,100,0.42,5000,1001,9.84,100,90,3.6,100,0.42,5000
1001,9.84,100,90,3.6,100,0.42,5000,21,0,3,3,1001,9.84,100,90,3.6,100,0.42,5000,1001,9.84,100,90,3.6,100,0.42,5000,1001,9.84,100,90,3.6,100,0.42,5000,1001,9.84,100,90,3.6,100,0.42,5000,1001,9.84,100,90,3.6,100,0.42,5000,1001,9.84,100,90,3.6,100,0.42,5000,1001,9.84,100,90,3.6,100,0.42,5000,1001,9.84,100,90,3.6,100,0.42,5000,1001,9.84,100,90,3.6,100,0.42,5000,1001,9.84,100,90,3.6,100,0.42,5000,1001,9.84,100,90,3.6,100,0.42,5000,1001,9.84,100,90,3.6,100,0.42,5000
1001,9.84,100,90,3.6,100,0.42,5000,22,0,3,3,1001,9.84,100,90,3.6,100,0.42,5000,1001,9.84,100,90,3.6,100,0.42,5000,1001,9.84,100,90,3.6,100,0.42,5000,1001,9.84,100,90,3.6,100,0.42,5000,1001,9.84,100,90,3.6,100,0.42,5000,1001,9.84,100,90,3.6,100,0.42,5000,1001,9.84,100,90,3.6,100,0.42,5000,1001,9.84,100,90,3.6,100,0.42,5000,1001,9.84,100,90,3.6,100,0.42,5000,1001,9.84,100,90,3.6,100,0.42,5000,1001,9.84,100,90,3.6,100,0.42,5000,1001,9.84,100,90,3.6,100,0.42,5000
1001,9.84,100,90,3.6,100,0.42,5000,23,0,3,3,1001,9.84,100,90,3.6,100,0.42,5000,1001,9.84,100,90,3.6,100,0.42,5000,1001,9.84,100,90,3.6,100,0.42,5000,1001,9.84,100,90,3.6,100,0.42,5000,1001,9.84,100,90,3.6,100,0.42,5000,1001,9.84,100,90,3.6,100,0.42,5000,1001,9.84,100,90,3.6,100,0.42,5000,1001,9.84,100,90,3.6,100,0.42,5000,1001,9.84,100,90,3.6,100,0.42,5000,1001,9.84,100,90,3.6,100,0.42,5000,1001,9.84,100,90,3.6,100,0.42,5000,1001,9.84,100,90,3.6,100,0.42,5000
1001,9.84,100,90,3.6,100,0.42,5000,0,0,4,3,1001,9.84,100,90,3.6,100,0.42,5000,1001,9.84,100,90,3.6,100,0.42,5000,1001,9.84,100,90,3.6,100,0.42,5000,1001,9.84,100,90,3.6,100,0.42,5000,1001,9.84,100,90,3.6,100,0.42,5000,1001,9.84,100,90,3.6,100,0.42,5000,1001,9.84,100,90,3.6,100,0.42,5000,1001,9.84,100,90,3.6,100,0.42,5000,1001,9.84,100,90,3.6,100,0.42,5000,1001,9.84,100,90,3.6,100,0.42,5000,1001,9.84,100,90,3.6,100,0.42,5000,1001,9.84,100,90,3.6,100,0.42,5000
1001,9.84,100,90,3.6,100,0.42,5000,1,0,4,3,1001,9.84,100,90,3.6,100,0.42,5000,1001,9.84,100,90,3.6,100,0.42,5000,1001,9.84,100,90,3.6,100,0.42,5000,1001,9.84,100,90,3.6,100,0.42,5000,1001,9.84,100,90,3.6,100,0.42,5000,1001,9.84,100,90,3.6,100,0.42,5000,1001,9.84,100,90,3.6,100,0.42,5000,1001,9.84,100,90,3.6,100,0.42,5000,1001,9.84,100,90,3.6,100,0.42,5000,1001,9.84,100,90,3.6,100,0.42,5000,1001,9.84,100,90,3.6,100,0.42,5000,1001,9.84,100,90,3.6,100,0.42,5000
1001,9.84,100,90,3.6,100,0.42,5000,2,0,4,3,1001,9.84,100,90,3.6,100,0.42,5000,1001,9.84,100,90,3.6,100,0.42,5000,1001,9.84,100,90,3.6,100,0.42,5000,1001,9.84,100,90,3.6,100,0.42,5000,1001,9.84,100,90,3.6,100,0.42,5000,1001,9.84,100,90,3.6,100,0.42,5000,1001,9.84,100,90,3.6,100,0.42,5000,1001,9.84,100,90,3.6,100,0.42,5000,1001,9.84,100,90,3.6,100,0.42,5000,1001,9.84,100,90,3.6,100,0.42,5000,1001,9.84,100,90,3.6,100,0.42,5000,1001,9.84,100,90,3.6,100,0.42,5000
1001,9.84,100,90,3.6,100,0.42,5000,3,0,4,3,1001,9.84,100,90,3.6,100,0.42,5000,1001,9.84,100,90,3.6,100,0.42,5000,1001,9.84,100,90,3.6,100,0.42,5000,1001,9.84,100,90,3.6,100,0.42,5000,1001,9.84,100,90,3.6,100,0.42,5000,1001,9.84,100,90,3.6,100,0.42,5000,1001,9.84,100,90,3.6,100,0.42,5000,1001,9.84,100,90,3.6,100,0.42,5000,1001,9.84,100,90,3.6,100,0.42,5000,1001,9.84,100,90,3.6,100,0.42,5000,1001,9.84,100,90,3.6,100,0.42,5000,1001,9.84,100,90,3.6,100,0.42,5000
1001,9.84,100,90,3.6,100,0.42,5000,4,0,4,3,1001,9.84,100,90,3.6,100,0.42,5000,1001,9.84,100,90,3.6,100,0.42,5000,1001,9.84,100,90,3.6,100,0.42,5000,1001,9.84,100,90,3.6,100,0.42,5000,1001,9.84,100,90,3.6,100,0.42,5000,1001,9.84,100,90,3.6,100,0.42,5000,1001,9.84,100,90,3.6,100,0.42,5000,1001,9.84,100,90,3.6,100,0.42,5000,1001,9.84,100,90,3.6,100,0.42,5000,1001,9.84,100,90,3.6,100,0.42,5000,1001,9.84,100,90,3.6,100,0.42,5000,1001,9.84,100,90,3.6,100,0.42,5000
1001,9.84,100,90,3.6,100,0.42,5000,5,0,4,3,1001,9.84,100,90,3.6,100,0.42,5000,1001,9.84,100,90,3.6,100,0.42,5000,1001,9.84,100,90,3.6,100,0.42,5000,1001,9.84,100,90,3.6,100,0.42,5000,1001,9.84,100,90,3.6,100,0.42,5000,1001,9.84,100,90,3.6,100,0.42,5000,1001,9.84,100,90,3.6,100,0.42,5000,1001,9.84,100,90,3.6,100,0.42,5000,1001,9.84,100,90,3.6,100,0.42,5000,1001,9.84,100,90,3.6,100,0.42,5000,1001,9.84,100,90,3.6,100,0.42,5000,1001,9.84,100,90,3.6,100,0.42,5000
1001,9.84,100,90,3.6,100,0.42,5000,6,0,4,3,1001,9.84,100,90,3.6,100,0.42,5000,1001,9.84,100,90,3.6,100,0.42,5000,1001,9.84,100,90,3.6,100,0.42,5000,1001,9.84,100,90,3.6,100,0.42,5000,1001,9.84,100,90,3.6,100,0.42,5000,1001,9.84,100,90,3.6,100,0.42,5000,1001,9.84,100,90,3.6,100,0.42,5000,1001,9.84,100,90,3.6,100,0.42,5000,1001,9.84,100,90,3.6,100,0.42,5000,1001,9.84,100,90,3.6,100,0.42,5000,1001,9.84,100,90,3.6,100,0.42,5000,1001,9.84,100,90,3.6,100,0.42,5000
1001,9.84,100,90,3.6,100,0.42,5000,7,0,4,3,1001,9.84,100,90,3.6,100,0.42,5000,1001,9.84,100,90,3.6,100,0.42,5000,1001,9.84,100,90,3.6,100,0.42,5000,1001,9.84,100,90,3.6,100,0.42,5000,1001,9.84,100,90,3.6,100,0.42,5000,1001,9.84,100,90,3.6,100,0.42,5000,1001,9.84,100,90,3.6,100,0.42,5000,1001,9.84,100,90,3.6,100,0.42,5000,1001,9.84,100,90,3.6,100,0.42,5000,1001,9.84,100,90,3.6,100,0.42,5000,1001,9.84,100,90,3.6,100,0.42,5000,1001,9.84,100,90,3.6,100,0.42,5000
1001,9.84,100,90,3.6,100,0.42,5000,8,0,4,3,1001,9.84,100,90,3.6,100,0.42,5000,1001,9.84,100,90,3.6,100,0.42,5000,1001,9.84,100,90,3.6,100,0.42,5000,1001,9.84,100,90,3.6,100,0.42,5000,1001,9.84,100,90,3.6,100,0.42,5000,1001,9.84,100,90,3.6,100,0.42,5000,1001,9.84,100,90,3.6,100,0.42,5000,1001,9.84,100,90,3.6,100,0.42,5000,1001,9.84,100,90,3.6,100,0.42,5000,1001,9.84,100,90,3.6,100,0.42,5000,1001,9.84,100,90,3.6,100,0.42,5000,1001,9.84,100,90,3.6,100,0.42,5000
1001,9.84,100,90,3.6,100,0.42,5000,9,0,4,3,1001,9.84,100,90,3.6,100,0.42,5000,1001,9.84,100,90,3.6,100,0.42,5000,1001,9.84,100,90,3.6,100,0.42,5000,1001,9.84,100,90,3.6,100,0.42,5000,1001,9.84,100,90,3.6,100,0.42,5000,1001,9.84,100,90,3.6,100,0.42,5000,1001,9.84,100,90,3.6,100,0.42,5000,1001,9.84,100,90,3.6,100,0.42,5000,1001,9.84,100,90,3.6,100,0.42,5000,1001,9.84,100,90,3.6,100,0.42,5000,1001,9.84,100,90,3.6,100,0.42,5000,1001,9.84,100,90,3.6,100,0.42,5000
1001,9.84,100,90,3.6,100,0.42,5000,10,0,4,3,1001,9.84,100,90,3.6,100,0.42,5000,1001,9.84,100,90,3.6,100,0.42,5000,1001,9.84,100,90,3.6,100,0.42,5000,1001,9.84,100,90,3.6,100,0.42,5000,1001,9.84,100,90,3.6,100,0.42,5000,1001,9.84,100,90,3.6,100,0.42,5000,1001,9.84,100,90,3.6,100,0.42,5000,1001,9.84,100,90,3.6,100,0.42,5000,1001,9.84,100,90,3.6,100,0.42,5000,1001,9.84,100,90,3.6,100,0.42,5000,1001,9.84,100,90,3.6,100,0.42,5000,1001,9.84,100,90,3.6,100,0.42,5000
1001,9.84,100,90,3.6,100,0.42,5000,11,0,4,3,1001,9.84,100,90,3.6,100,0.42,5000,1001,9.84,100,90,3.6,100,0.42,5000,1001,9.84,100,90,3.6,100,0.42,5000,1001,9.84,100,90,3.6,100,0.42,5000,1001,9.84,100,90,3.6,100,0.42,5000,1001,9.84,100,90,3.6,100,0.42,5000,1001,9.84,100,90,3.6,100,0.42,5000,1001,9.84,100,90,3.6,100,0.42,5000,1001,9.84,100,90,3.6,100,0.42,5000,1001,9.84,100,90,3.6,100,0.42,5000,1001,9.84,100,90,3.6,100,0.42,5000,1001,9.84,100,90,3.6,100,0.42,5000
1001,9.84,100,90,3.6,100,0.42,5000,12,0,4,3,1001,9.84,100,90,3.6,100,0.42,5000,1001,9.84,100,90,3.6,100,0.42,5000,1001,9.84,100,90,3.6,100,0.42,5000,1001,9.84,100,90,3.6,100,0.42,5000,1001,9.84,100,90,3.6,100,0.42,5000,1001,9.84,100,90,3.6,100,0.42,5000,1001,9.84,100,90,3.6,100,0.42,5000,1001,9.84,100,90,3.6,100,0.42,5000,1001,9.84,100,90,3.6,100,0.42,5000,1001,9.84,100,90,3.6,100,0.42,5000,1001,9.84,100,90,3.6,100,0.42,5000,1001,9.84,100,90,3.6,100,0.42,5000
1001,9.84,100,90,3.6,100,0.42,5000,13,0,4,3,1001,9.84,100,90,3.6,100,0.42,5000,1001,9.84,100,90,3.6,100,0.42,5000,1001,9.84,100,90,3.6,100,0.42,5000,1001,9.84,100,90,3.6,100,0.42,5000,1001,9.84,100,90,3.6,100,0.42,5000,1001,9.84,100,90,3.6,100,0.42,5000,1001,9.84,100,90,3.6,100,0.42,5000,1001,9.84,100,90,3.6,100,0.42,5000,1001,9.84,100,90,3.6,100,0.42,5000,1001,9.84,100,90,3.6,100,0.42,5000,1001,9.84,100,90,3.6,100,0.42,5000,1001,9.84,100,90,3.6,100,0.42,5000
1001,9.84,100,90,3.6,100,0.42,5000,14,0,4,3,1001,9.84,100,90,3.6,100,0.42,5000,1001,9.84,100,90,3.6,100,0.42,5000,1001,9.84,100,90,3.6,100,0.42,5000,1001,9.84,100,90,3.6,100,0.42,5000,1001,9.84,100,90,3.6,100,0.42,5000,1001,9.84,100,90,3.6,100,0.42,5000,1001,9.84,100,90,3.6,100,0.42,5000,1001,9.84,100,90,3.6,100,0.42,5000,1001,9.84,100,90,3.6,100,0.42,5000,1001,9.84,100,90,3.6,100,0.42,5000,1001,9.84,100,90,3.6,100,0.42,5000,1001,9.84,100,90,3.6,100,0.42,5000
1001,9.84,100,90,3.6,100,0.42,5000,15,0,4,3,1001,9.84,100,90,3.6,100,0.42,5000,1001,9.84,100,90,3.6,100,0.42,5000,1001,9.84,100,90,3.6,100,0.42,5000,1001,9.84,100,90,3.6,100,0.42,5000,1001,9.84,100,90,3.6,100,0.42,5000,1001,9.84,100,90,3.6,100,0.42,5000,1001,9.84,100,90,3.6,100,0.42,5000,1001,9.84,100,90,3.6,100,0.42,5000,1001,9.84,100,90,3.6,100,0.42,5000,1001,9.84,100,90,3.6,100,0.42,5000,1001,9.84,100,90,3.6,100,0.42,5000,1001,9.84,100,90,3.6,100,0.42,5000
1001,9.84,100,90,3.6,100,0.42,5000,16,0,4,3,1001,9.84,100,90,3.6,100,0.42,5000,1001,9.84,100,90,3.6,100,0.42,5000,1001,9.84,100,90,3.6,100,0.42,5000,1001,9.84,100,90,3.6,100,0.42,5000,1001,9.84,100,90,3.6,100,0.42,5000,1001,9.84,100,90,3.6,100,0.42,5000,1001,9.84,100,90,3.6,100,0.42,5000,1001,9.84,100,90,3.6,100,0.42,5000,1001,9.84,100,90,3.6,100,0.42,5000,1001,9.84,100,90,3.6,100,0.42,5000,1001,9.84,100,90,3.6,100,0.42,5000,1001,9.84,100,90,3.6,100,0.42,5000
1001,9.84,100,90,3.6,100,0.42,5000,17,0,4,3,1001,9.84,100,90,3.6,100,0.42,5000,1001,9.84,100,90,3.6,100,0.42,5000,1001,9.84,100,90,3.6,100,0.42,5000,1001,9.84,100,90,3.6,100,0.42,5000,1001,9.84,100,90,3.6,100,0.42,5000,1001,9.84,100,90,3.6,100,0.42,5000,1001,9.84,100,90,3.6,100,0.42,5000,1001,9.84,100,90,3.6,100,0.42,5000,1001,9.84,100,90,3.6,100,0.42,5000,1001,9.84,100,90,3.6,100,0.42,5000,1001,9.84,100,90,3.6,100,0.42,5000,1001,9.84,100,90,3.6,100,0.42,5000
1001,9.84,100,90,3.6,100,0.42,5000,18,0,4,3,1001,9.84,100,90,3.6,100,0.42,5000,1001,9.84,100,90,3.6,100,0.42,5000,1001,9.84,100,90,3.6,100,0.42,5000,1001,9.84,100,90,3.6,100,0.42,5000,1001,9.84,100,90,3.6,100,0.42,5000,1001,9.84,100,90,3.6,100,0.42,5000,1001,9.84,100,90,3.6,100,0.42,5000,1001,9.84,100,90,3.6,100,0.42,5000,1001,9.84,100,90,3.6,100,0.42,5000,1001,9.84,100,90,3.6,100,0.42,5000,1001,9.84,100,90,3.6,100,0.42,5000,1001,9.84,100,90,3.6,100,0.42,5000
1001,9.84,100,90,3.6,100,0.42,5000,19,0,4,3,1001,9.84,100,90,3.6,100,0.42,5000,1001,9.84,100,90,3.6,100,0.42,5000,1001,9.84,100,90,3.6,100,0.42,5000,1001,9.84,100,90,3.6,100,0.42,5000,1001,9.84,100,90,3.6,100,0.42,5000,1001,9.84,100,90,3.6,100,0.42,5000,1001,9.84,100,90,3.6,100,0.42,5000,1001,9.84,100,90,3.6,100,0.42,5000,1001,9.84,100,90,3.6,100,0.42,5000,1001,9.84,100,90,3.6,100,0.42,5000,1001,9.84,100,90,3.6,100,0.42,5000,1001,9.84,100,90,3.6,100,0.42,5000
1001,9.84,100,90,3.6,100,0.42,5000,20,0,4,3,1001,9.84,100,90,3.6,100,0.42,5000,1001,9.84,100,90,3.6,100,0.42,5000,1001,9.84,100,90,3.6,100,0.42,5000,1001,9.84,100,90,3.6,100,0.42,5000,1001,9.84,100,90,3.6,100,0.42,5000,1001,9.84,100,90,3.6,100,0.42,5000,1001,9.84,100,90,3.6,100,0.42,5000,1001,9.84,100,90,3.6,100,0.42,5000,1001,9.84,100,90,3.6,100,0.42,5000,1001,9.84,100,90,3.6,100,0.42,5000,1001,9.84,100,90,3.6,100,0.42,5000,1001,9.84,100,90,3.6,100,0.42,5000
1001,9.84,100,90,3.6,100,0.42,5000,21,0,4,3,1001,9.84,100,90,3.6,100,0.42,5000,1001,9.84,100,90,3.6,100,0.42,5000,1001,9.84,100,90,3.6,100,0.42,5000,1001,9.84,100,90,3.6,100,0.42,5000,1001,9.84,100,90,3.6,100,0.42,5000,1001,9.84,100,90,3.6,100,0.42,5000,1001,9.84,100,90,3.6,100,0.42,5000,1001,9.84,100,90,3.6,100,0.42,5000,1001,9.84,100,90,3.6,100,0.42,5000,1001,9.84,100,90,3.6,100,0.42,5000,1001,9.84,100,90,3.6,100,0.42,5000,1001,9.84,100,90,3.6,100,0.42,5000
1001,9.84,100,90,3.6,100,0.42,5000,22,0,4,3,1001,9.84,100,90,3.6,100,0.42,5000,1001,9.84,100,90,3.6,100,0.42,5000,1001,9.84,100,90,3.6,100,0.42,5000,1001,9.84,100,90,3.6,100,0.42,5000,1001,9.84,100,90,3.6,100,0.42,5000,1001,9.84,100,90,3.6,100,0.42,5000,1001,9.84,100,90,3.6,100,0.42,5000,1001,9.84,100,90,3.6,100,0.42,5000,1001,9.84,100,90,3.6,100,0.42,5000,1001,9.84,100,90,3.6,100,0.42,5000,1001,9.84,100,90,3.6,100,0.42,5000,1001,9.84,100,90,3.6,100,0.42,5000
1001,9.84,100,90,3.6,100,0.42,5000,23,0,4,3,1001,9.84,100,90,3.6,100,0.42,5000,1001,9.84,100,90,3.6,100,0.42,5000,1001,9.84,100,90,3.6,100,0.42,5000,1001,9.84,100,90,3.6,100,0.42,5000,1001,9.84,100,90,3.6,100,0.42,5000,1001,9.84,100,90,3.6,100,0.42,5000,1001,9.84,100,90,3.6,100,0.42,5000,1001,9.84,100,90,3.6,100,0.42,5000,1001,9.84,100,90,3.6,100,0.42,5000,1001,9.84,100,90,3.6,100,0.42,5000,1001,9.84,100,90,3.6,100,0.42,5000,1001,9.84,100,90,3.6,100,0.42,5000
1001,9.84,100,90,3.6,100,0.42,5000,0,0,5,3,1001,9.84,100,90,3.6,100,0.42,5000,1001,9.84,100,90,3.6,100,0.42,5000,1001,9.84,100,90,3.6,100,0.42,5000,1001,9.84,100,90,3.6,100,0.42,5000,1001,9.84,100,90,3.6,100,0.42,5000,1001,9.84,100,90,3.6,100,0.42,5000,1001,9.84,100,90,3.6,100,0.42,5000,1001,9.84,100,90,3.6,100,0.42,5000,1001,9.84,100,90,3.6,100,0.42,5000,1001,9.84,100,90,3.6,100,0.42,5000,1001,9.84,100,90,3.6,100,0.42,5000,1001,9.84,100,90,3.6,100,0.42,5000
1001,9.84,100,90,3.6,100,0.42,5000,1,0,5,3,1001,9.84,100,90,3.6,100,0.42,5000,1001,9.84,100,90,3.6,100,0.42,5000,1001,9.84,100,90,3.6,100,0.42,5000,1001,9.84,100,90,3.6,100,0.42,5000,1001,9.84,100,90,3.6,100,0.42,5000,1001,9.84,100,90,3.6,100,0.42,5000,1001,9.84,100,90,3.6,100,0.42,5000,1001,9.84,100,90,3.6,100,0.42,5000,1001,9.84,100,90,3.6,100,0.42,5000,1001,9.84,100,90,3.6,100,0.42,5000,1001,9.84,100,90,3.6,100,0.42,5000,1001,9.84,100,90,3.6,100,0.42,5000
1001,9.84,100,90,3.6,100,0.42,5000,2,0,5,3,1001,9.84,100,90,3.6,100,0.42,5000,1001,9.84,100,90,3.6,100,0.42,5000,1001,9.84,100,90,3.6,100,0.42,5000,1001,9.84,100,90,3.6,100,0.42,5000,1001,9.84,100,90,3.6,100,0.42,5000,1001,9.84,100,90,3.6,100,0.42,5000,1001,9.84,100,90,3.6,100,0.42,5000,1001,9.84,100,90,3.6,100,0.42,5000,1001,9.84,100,90,3.6,100,0.42,5000,1001,9.84,100,90,3.6,100,0.42,5000,1001,9.84,100,90,3.6,100,0.42,5000,1001,9.84,100,90,3.6,100,0.42,5000
1001,9.84,100,90,3.6,100,0.42,5000,3,0,5,3,1001,9.84,100,90,3.6,100,0.42,5000,1001,9.84,100,90,3.6,100,0.42,5000,1001,9.84,100,90,3.6,100,0.42,5000,1001,9.84,100,90,3.6,100,0.42,5000,1001,9.84,100,90,3.6,100,0.42,5000,1001,9.84,100,90,3.6,100,0.42,5000,1001,9.84,100,90,3.6,100,0.42,5000,1001,9.84,100,90,3.6,100,0.42,5000,1001,9.84,100,90,3.6,100,0.42,5000,1001,9.84,100,90,3.6,100,0.42,5000,1001,9.84,100,90,3.6,100,0.42,5000,1001,9.84,100,90,3.6,100,0.42,5000
1001,9.84,100,90,3.6,100,0.42,5000,4,0,5,3,1001,9.84,100,90,3.6,100,0.42,5000,1001,9.84,100,90,3.6,100,0.42,5000,1001,9.84,100,90,3.6,100,0.42,5000,1001,9.84,100,90,3.6,100,0.42,5000,1001,9.84,100,90,3.6,100,0.42,5000,1001,9.84,100,90,3.6,100,0.42,5000,1001,9.84,100,90,3.6,100,0.42,5000,1001,9.84,100,90,3.6,100,0.42,5000,1001,9.84,100,90,3.6,100,0.42,5000,1001,9.84,100,90,3.6,100,0.42,5000,1001,9.84,100,90,3.6,100,0.42,5000,1001,9.84,100,90,3.6,100,0.42,5000
1001,9.84,100,90,3.6,100,0.42,5000,5,0,5,3,1001,9.84,100,90,3.6,100,0.42,5000,1001,9.84,100,90,3.6,100,0.42,5000,1001,9.84,100,90,3.6,100,0.42,5000,1001,9.84,100,90,3.6,100,0.42,5000,1001,9.84,100,90,3.6,100,0.42,5000,1001,9.84,100,90,3.6,100,0.42,5000,1001,9.84,100,90,3.6,100,0.42,5000,1001,9.84,100,90,3.6,100,0.42,5000,1001,9.84,100,90,3.6,100,0.42,5000,1001,9.84,100,90,3.6,100,0.42,5000,1001,9.84,100,90,3.6,100,0.42,5000,1001,9.84,100,90,3.6,100,0.42,5000
1001,9.84,100,90,3.6,100,0.42,5000,6,0,5,3,1001,9.84,100,90,3.6,100,0.42,5000,1001,9.84,100,90,3.6,100,0.42,5000,1001,9.84,100,90,3.6,100,0.42,5000,1001,9.84,100,90,3.6,100,0.42,5000,1001,9.84,100,90,3.6,100,0.42,5000,1001,9.84,100,90,3.6,100,0.42,5000,1001,9.84,100,90,3.6,100,0.42,5000,1001,9.84,100,90,3.6,100,0.42,5000,1001,9.84,100,90,3.6,100,0.42,5000,1001,9.84,100,90,3.6,100,0.42,5000,1001,9.84,100,90,3.6,100,0.42,5000,1001,9.84,100,90,3.6,100,0.42,5000
1001,9.84,100,90,3.6,100,0.42,5000,7,0,5,3,1001,9.84,100,90,3.6,100,0.42,5000,1001,9.84,100,90,3.6,100,0.42,5000,1001,9.84,100,90,3.6,100,0.42,5000,1001,9.84,100,90,3.6,100,0.42,5000,1001,9.84,100,90,3.6,100,0.42,5000,1001,9.84,100,90,3.6,100,0.42,5000,1001,9.84,100,90,3.6,100,0.42,5000,1001,9.84,100,90,3.6,100,0.42,5000,1001,9.84,100,90,3.6,100,0.42,5000,1001,9.84,100,90,3.6,100,0.42,5000,1001,9.84,100,90,3.6,100,0.42,5000,1001,9.84,100,90,3.6,100,0.42,5000
1001,9.84,100,90,3.6,100,0.42,5000,8,0,5,3,1001,9.84,100,90,3.6,100,0.42,5000,1001,9.84,100,90,3.6,100,0.42,5000,1001,9.84,100,90,3.6,100,0.42,5000,1001,9.84,100,90,3.6,100,0.42,5000,1001,9.84,100,90,3.6,100,0.42,5000,1001,9.84,100,90,3.6,100,0.42,5000,1001,9.84,100,90,3.6,100,0.42,5000,1001,9.84,100,90,3.6,100,0.42,5000,1001,9.84,100,90,3.6,100,0.42,5000,1001,9.84,100,90,3.6,100,0.42,5000,1001,9.84,100,90,3.6,100,0.42,5000,1001,9.84,100,90,3.6,100,0.42,5000
1001,9.84,100,90,3.6,100,0.42,5000,9,0,5,3,1001,9.84,100,90,3.6,100,0.42,5000,1001,9.84,100,90,3.6,100,0.42,5000,1001,9.84,100,90,3.6,100,0.42,5000,1001,9.84,100,90,3.6,100,0.42,5000,1001,9.84,100,90,3.6,100,0.42,5000,1001,9.84,100,90,3.6,100,0.42,5000,1001,9.84,100,90,3.6,100,0.42,5000,1001,9.84,100,90,3.6,100,0.42,5000,1001,9.84,100,90,3.6,100,0.42,5000,1001,9.84,100,90,3.6,100,0.42,5000,1001,9.84,100,90,3.6,100,0.42,5000,1001,9.84,100,90,3.6,100,0.42,5000
1001,9.84,100,90,3.6,100,0.42,5000,10,0,5,3,1001,9.84,100,90,3.6,100,0.42,5000,1001,9.84,100,90,3.6,100,0.42,5000,1001,9.84,100,90,3.6,100,0.42,5000,1001,9.84,100,90,3.6,100,0.42,5000,1001,9.84,100,90,3.6,100,0.42,5000,1001,9.84,100,90,3.6,100,0.42,5000,1001,9.84,100,90,3.6,100,0.42,5000,1001,9.84,100,90,3.6,100,0.42,5000,1001,9.84,100,90,3.6,100,0.42,5000,1001,9.84,100,90,3.6,100,0.42,5000,1001,9.84,100,90,3.6,100,0.42,5000,1001,9.84,100,90,3.6,100,0.42,5000
1001,9.84,100,90,3.6,100,0.42,5000,11,0,5,3,1001,9.84,100,90,3.6,100,0.42,5000,1001,9.84,100,90,3.6,100,0.42,5000,1001,9.84,100,90,3.6,100,0.42,5000,1001,9.84,100,90,3.6,100,0.42,5000,1001,9.84,100,90,3.6,100,0.42,5000,1001,9.84,100,90,3.6,100,0.42,5000,1001,9.84,100,90,3.6,100,0.42,5000,1001,9.84,100,90,3.6,100,0.42,5000,1001,9.84,100,90,3.6,100,0.42,5000,1001,9.84,100,90,3.6,100,0.42,5000,1001,9.84,100,90,3.6,100,0.42,5000,1001,9.84,100,90,3.6,100,0.42,5000
1001,9.84,100,90,3.6,100,0.42,5000,12,0,5,3,1001,9.84,100,90,3.6,100,0.42,5000,1001,9.84,100,90,3.6,100,0.42,5000,1001,9.84,100,90,3.6,100,0.42,5000,1001,9.84,100,90,3.6,100,0.42,5000,1001,9.84,100,90,3.6,100,0.42,5000,1001,9.84,100,90,3.6,100,0.42,5000,1001,9.84,100,90,3.6,100,0.42,5000,1001,9.84,100,90,3.6,100,0.42,5000,1001,9.84,100,90,3.6,100,0.42,5000,1001,9.84,100,90,3.6,100,0.42,5000,1001,9.84,100,90,3.6,100,0.42,5000,1001,9.84,100,90,3.6,100,0.42,5000
1001,9.84,100,90,3.6,100,0.42,5000,13,0,5,3,1001,9.84,100,90,3.6,100,0.42,5000,1001,9.84,100,90,3.6,100,0.42,5000,1001,9.84,100,90,3.6,100,0.42,5000,1001,9.84,100,90,3.6,100,0.42,5000,1001,9.84,100,90,3.6,100,0.42,5000,1001,9.84,100,90,3.6,100,0.42,5000,1001,9.84,100,90,3.6,100,0.42,5000,1001,9.84,100,90,3.6,100,0.42,5000,1001,9.84,100,90,3.6,100,0.42,5000,1001,9.84,100,90,3.6,100,0.42,5000,1001,9.84,100,90,3.6,100,0.42,5000,1001,9.84,100,90,3.6,100,0.42,5000
1001,9.84,100,90,3.6,100,0.42,5000,14,0,5,3,1001,9.84,100,90,3.6,100,0.42,5000,1001,9.84,100,90,3.6,100,0.42,5000,1001,9.84,100,90,3.6,100,0.42,5000,1001,9.84,100,90,3.6,100,0.42,5000,1001,9.84,100,90,3.6,100,0.42,5000,1001,9.84,100,90,3.6,100,0.42,5000,1001,9.84,100,90,3.6,100,0.42,5000,1001,9.84,100,90,3.6,100,0.42,5000,1001,9.84,100,90,3.6,100,0.42,5000,1001,9.84,100,90,3.6,100,0.42,5000,1001,9.84,100,90,3.6,100,0.42,5000,1001,9.84,100,90,3.6,100,0.42,5000
1001,9.84,100,90,3.6,100,0.42,5000,15,0,5,3,1001,9.84,100,90,3.6,100,0.42,5000,1001,9.84,100,90,3.6,100,0.42,5000,1001,9.84,100,90,3.6,100,0.42,5000,1001,9.84,100,90,3.6,100,0.42,5000,1001,9.84,100,90,3.6,100,0.42,5000,1001,9.84,100,90,3.6,100,0.42,5000,1001,9.84,100,90,3.6,100,0.42,5000,1001,9.84,100,90,3.6,100,0.42,5000,1001,9.84,100,90,3.6,100,0.42,5000,1001,9.84,100,90,3.6,100,0.42,5000,1001,9.84,100,90,3.6,100,0.42,5000,1001,9.84,100,90,3.6,100,0.42,5000
1001,9.84,100,90,3.6,100,0.42,5000,16,0,5,3,1001,9.84,100,90,3.6,100,0.42,5000,1001,9.84,100,90,3.6,100,0.42,5000,1001,9.84,100,90,3.6,100,0.42,5000,1001,9.84,100,90,3.6,100,0.42,5000,1001,9.84,100,90,3.6,100,0.42,5000,1001,9.84,100,90,3.6,100,0.42,5000,1001,9.84,100,90,3.6,100,0.42,5000,1001,9.84,100,90,3.6,100,0.42,5000,1001,9.84,100,90,3.6,100,0.42,5000,1001,9.84,100,90,3.6,100,0.42,5000,1001,9.84,100,90,3.6,100,0.42,5000,1001,9.84,100,90,3.6,100,0.42,5000
1001,9.84,100,90,3.6,100,0.42,5000,17,0,5,3,1001,9.84,100,90,3.6,100,0.42,5000,1001,9.84,100,90,3.6,100,0.42,5000,1001,9.84,100,90,3.6,100,0.42,5000,1001,9.84,100,90,3.6,100,0.42,5000,1001,9.84,100,90,3.6,100,0.42,5000,1001,9.84,100,90,3.6,100,0.42,5000,1001,9.84,100,90,3.6,100,0.42,5000,1001,9.84,100,90,3.6,100,0.42,5000,1001,9.84,100,90,3.6,100,0.42,5000,1001,9.84,100,90,3.6,100,0.42,5000,1001,9.84,100,90,3.6,100,0.42,5000,1001,9.84,100,90,3.6,100,0.42,5000
1001,9.84,100,90,3.6,100,0.42,5000,18,0,5,3,1001,9.84,100,90,3.6,100,0.42,5000,1001,9.84,100,90,3.6,100,0.42,5000,1001,9.84,100,90,3.6,100,0.42,5000,1001,9.84,100,90,3.6,100,0.42,5000,1001,9.84,100,90,3.6,100,0.42,5000,1001,9.84,100,90,3.6,100,0.42,5000,1001,9.84,100,90,3.6,100,0.42,5000,1001,9.84,100,90,3.6,100,0.42,5000,1001,9.84,100,90,3.6,100,0.42,5000,1001,9.84,100,90,3.6,100,0.42,5000,1001,9.84,100,90,3.6,100,0.42,5000,1001,9.84,100,90,3.6,100,0.42,5000
1001,9.84,100,90,3.6,100,0.42,5000,19,0,5,3,1001,9.84,100,90,3.6,100,0.42,5000,1001,9.84,100,90,3.6,100,0.42,5000,1001,9.84,100,90,3.6,100,0.42,5000,1001,9.84,100,90,3.6,100,0.42,5000,1001,9.84,100,90,3.6,100,0.42,5000,1001,9.84,100,90,3.6,100,0.42,5000,1001,9.84,100,90,3.6,100,0.42,5000,1001,9.84,100,90,3.6,100,0.42,5000,1001,9.84,100,90,3.6,100,0.42,5000,1001,9.84,100,90,3.6,100,0.42,5000,1001,9.84,100,90,3.6,100,0.42,5000,1001,9.84,100,90,3.6,100,0.42,5000
1001,9.84,100,90,3.6,100,0.42,5000,20,0,5,3,1001,9.84,100,90,3.6,100,0.42,5000,1001,9.84,100,90,3.6,100,0.42,5000,1001,9.84,100,90,3.6,100,0.42,5000,1001,9.84,100,90,3.6,100,0.42,5000,1001,9.84,100,90,3.6,100,0.42,5000,1001,9.84,100,90,3.6,100,0.42,5000,1001,9.84,100,90,3.6,100,0.42,5000,1001,9.84,100,90,3.6,100,0.42,5000,1001,9.84,100,90,3.6,100,0.42,5000,1001,9.84,100,90,3.6,100,0.42,5000,1001,9.84,100,90,3.6,100,0.42,5000,1001,9.84,100,90,3.6,100,0.42,5000
1001,9.84,100,90,3.6,100,0.42,5000,21,0,5,3,1001,9.84,100,90,3.6,100,0.42,5000,1001,9.84,100,90,3.6,100,0.42,5000,1001,9.84,100,90,3.6,100,0.42,5000,1001,9.84,100,90,3.6,100,0.42,5000,1001,9.84,100,90,3.6,100,0.42,5000,1001,9.84,100,90,3.6,100,0.42,5000,1001,9.84,100,90,3.6,100,0.42,5000,1001,9.84,100,90,3.6,100,0.42,5000,1001,9.84,100,90,3.6,100,0.42,5000,1001,9.84,100,90,3.6,100,0.42,5000,1001,9.84,100,90,3.6,100,0.42,5000,1001,9.84,100,90,3.6,100,0.42,5000
1001,9.84,100,90,3.6,100,0.42,5000,22,0,5,3,1001,9.84,100,90,3.6,100,0.42,5000,1001,9.84,100,90,3.6,100,0.42,5000,1001,9.84,100,90,3.6,100,0.42,5000,1001,9.84,100,90,3.6,100,0.42,5000,1001,9.84,100,90,3.6,100,0.42,5000,1001,9.84,100,90,3.6,100,0.42,5000,1001,9.84,100,90,3.6,100,0.42,5000,1001,9.84,100,90,3.6,100,0.42,5000,1001,9.84,100,90,3.6,100,0.42,5000,1001,9.84,100,90,3.6,100,0.42,5000,1001,9.84,100,90,3.6,100,0.42,5000,1001,9.84,100,90,3.6,100,0.42,5000
1001,9.84,100,90,3.6,100,0.42,5000,23,0,5,3,1001,9.84,100,90,3.6,100,0.42,5000,1001,9.84,100,90,3.6,100,0.42,5000,1001,9.84,100,90,3.6,100,0.42,5000,1001,9.84,100,90,3.6,100,0.42,5000,1001,9.84,100,90,3.6,100,0.42,5000,1001,9.84,100,90,3.6,100,0.42,5000,1001,9.84,100,90,3.6,100,0.42,5000,1001,9.84,100,90,3.6,100,0.42,5000,1001,9.84,100,90,3.6,100,0.42,5000,1001,9.84,100,90,3.6,100,0.42,5000,1001,9.84,100,90,3.6,100,0.42,5000,1001,9.84,100,90,3.6,100,0.42,5000
1001,9.84,100,90,3.6,100,0.42,5000,0,0,6,3,1001,9.84,100,90,3.6,100,0.42,5000,1001,9.84,100,90,3.6,100,0.42,5000,1001,9.84,100,90,3.6,100,0.42,5000,1001,9.84,100,90,3.6,100,0.42,5000,1001,9.84,100,90,3.6,100,0.42,5000,1001,9.84,100,90,3.6,100,0.42,5000,1001,9.84,100,90,3.6,100,0.42,5000,1001,9.84,100,90,3.6,100,0.42,5000,1001,9.84,100,90,3.6,100,0.42,5000,1001,9.84,100,90,3.6,100,0.42,5000,1001,9.84,100,90,3.6,100,0.42,5000,1001,9.84,100,90,3.6,100,0.42,5000
1001,9.84,100,90,3.6,100,0.42,5000,1,0,6,3,1001,9.84,100,90,3.6,100,0.42,5000,1001,9.84,100,90,3.6,100,0.42,5000,1001,9.84,100,90,3.6,100,0.42,5000,1001,9.84,100,90,3.6,100,0.42,5000,1001,9.84,100,90,3.6,100,0.42,5000,1001,9.84,100,90,3.6,100,0.42,5000,1001,9.84,100,90,3.6,100,0.42,5000,1001,9.84,100,90,3.6,100,0.42,5000,1001,9.84,100,90,3.6,100,0.42,5000,1001,9.84,100,90,3.6,100,0.42,5000,1001,9.84,100,90,3.6,100,0.42,5000,1001,9.84,100,90,3.6,100,0.42,5000
1001,9.84,100,90,3.6,100,0.42,5000,2,0,6,3,1001,9.84,100,90,3.6,100,0.42,5000,1001,9.84,100,90,3.6,100,0.42,5000,1001,9.84,100,90,3.6,100,0.42,5000,1001,9.84,100,90,3.6,100,0.42,5000,1001,9.84,100,90,3.6,100,0.42,5000,1001,9.84,100,90,3.6,100,0.42,5000,1001,9.84,100,90,3.6,100,0.42,5000,1001,9.84,100,90,3.6,100,0.42,5000,1001,9.84,100,90,3.6,100,0.42,5000,1001,9.84,100,90,3.6,100,0.42,5000,1001,9.84,100,90,3.6,100,0.42,5000,1001,9.84,100,90,3.6,100,0.42,5000
1001,9.84,100,90,3.6,100,0.42,5000,3,0,6,3,1001,9.84,100,90,3.6,100,0.42,5000,1001,9.84,100,90,3.6,100,0.42,5000,1001,9.84,100,90,3.6,100,0.42,5000,1001,9.84,100,90,3.6,100,0.42,5000,1001,9.84,100,90,3.6,100,0.42,5000,1001,9.84,100,90,3.6,100,0.42,5000,1001,9.84,100,90,3.6,100,0.42,5000,1001,9.84,100,90,3.6,100,0.42,5000,1001,9.84,100,90,3.6,100,0.42,5000,1001,9.84,100,90,3.6,100,0.42,5000,1001,9.84,100,90,3.6,100,0.42,5000,1001,9.84,100,90,3.6,100,0.42,5000
1001,9.84,100,90,3.6,100,0.42,5000,4,0,6,3,1001,9.84,100,90,3.6,100,0.42,5000,1001,9.84,100,90,3.6,100,0.42,5000,1001,9.84,100,90,3.6,100,0.42,5000,1001,9.84,100,90,3.6,100,0.42,5000,1001,9.84,100,90,3.6,100,0.42,5000,1001,9.84,100,90,3.6,100,0.42,5000,1001,9.84,100,90,3.6,100,0.42,5000,1001,9.84,100,90,3.6,100,0.42,5000,1001,9.84,100,90,3.6,100,0.42,5000,1001,9.84,100,90,3.6,100,0.42,5000,1001,9.84,100,90,3.6,100,0.42,5000,1001,9.84,100,90,3.6,100,0.42,5000
1001,9.84,100,90,3.6,100,0.42,5000,5,0,6,3,1001,9.84,100,90,3.6,100,0.42,5000,1001,9.84,100,90,3.6,100,0.42,5000,1001,9.84,100,90,3.6,100,0.42,5000,1001,9.84,100,90,3.6,100,0.42,5000,1001,9.84,100,90,3.6,100,0.42,5000,1001,9.84,100,90,3.6,100,0.42,5000,1001,9.84,100,90,3.6,100,0.42,5000,1001,9.84,100,90,3.6,100,0.42,5000,1001,9.84,100,90,3.6,100,0.42,5000,1001,9.84,100,90,3.6,100,0.42,5000,1001,9.84,100,90,3.6,100,0.42,5000,1001,9.84,100,90,3.6,100,0.42,5000
1001,9.84,100,90,3.6,100,0.42,5000,6,0,6,3,1001,9.84,100,90,3.6,100,0.42,5000,1001,9.84,100,90,3.6,100,0.42,5000,1001,9.84,100,90,3.6,100,0.42,5000,1001,9.84,100,90,3.6,100,0.42,5000,1001,9.84,100,90,3.6,100,0.42,5000,1001,9.84,100,90,3.6,100,0.42,5000,1001,9.84,100,90,3.6,100,0.42,5000,1001,9.84,100,90,3.6,100,0.42,5000,1001,9.84,100,90,3.6,100,0.42,5000,1001,9.84,100,90,3.6,100,0.42,5000,1001,9.84,100,90,3.6,100,0.42,5000,1001,9.84,100,90,3.6,100,0.42,5000
1001,9.84,100,90,3.6,100,0.42,5000,7,0,6,3,1001,9.84,100,90,3.6,100,0.42,5000,1001,9.84,100,90,3.6,100,0.42,5000,1001,9.84,100,90,3.6,100,0.42,5000,1001,9.84,100,90,3.6,100,0.42,5000,1001,9.84,100,90,3.6,100,0.42,5000,1001,9.84,100,90,3.6,100,0.42,5000,1001,9.84,100,90,3.6,100,0.42,5000,1001,9.84,100,90,3.6,100,0.42,5000,1001,9.84,100,90,3.6,100,0.42,5000,1001,9.84,100,90,3.6,100,0.42,5000,1001,9.84,100,90,3.6,100,0.42,5000,1001,9.84,100,90,3.6,100,0.42,5000
1001,9.84,100,90,3.6,100,0.42,5000,8,0,6,3,1001,9.84,100,90,3.6,100,0.42,5000,1001,9.84,100,90,3.6,100,0.42,5000,1001,9.84,100,90,3.6,100,0.42,5000,1001,9.84,100,90,3.6,100,0.42,5000,1001,9.84,100,90,3.6,100,0.42,5000,1001,9.84,100,90,3.6,100,0.42,5000,1001,9.84,100,90,3.6,100,0.42,5000,1001,9.84,100,90,3.6,100,0.42,5000,1001,9.84,100,90,3.6,100,0.42,5000,1001,9.84,100,90,3.6,100,0.42,5000,1001,9.84,100,90,3.6,100,0.42,5000,1001,9.84,100,90,3.6,100,0.42,5000
1001,9.84,100,90,3.6,100,0.42,5000,9,0,6,3,1001,9.84,100,90,3.6,100,0.42,5000,1001,9.84,100,90,3.6,100,0.42,5000,1001,9.84,100,90,3.6,100,0.42,5000,1001,9.84,100,90,3.6,100,0.42,5000,1001,9.84,100,90,3.6,100,0.42,5000,1001,9.84,100,90,3.6,100,0.42,5000,1001,9.84,100,90,3.6,100,0.42,5000,1001,9.84,100,90,3.6,100,0.42,5000,1001,9.84,100,90,3.6,100,0.42,5000,1001,9.84,100,90,3.6,100,0.42,5000,1001,9.84,100,90,3.6,100,0.42,5000,1001,9.84,100,90,3.6,100,0.42,5000
1001,9.84,100,90,3.6,100,0.42,5000,10,0,6,3,1001,9.84,100,90,3.6,100,0.42,5000,1001,9.84,100,90,3.6,100,0.42,5000,1001,9.84,100,90,3.6,100,0.42,5000,1001,9.84,100,90,3.6,100,0.42,5000,1001,9.84,100,90,3.6,100,0.42,5000,1001,9.84,100,90,3.6,100,0.42,5000,1001,9.84,100,90,3.6,100,0.42,5000,1001,9.84,100,90,3.6,100,0.42,5000,1001,9.84,100,90,3.6,100,0.42,5000,1001,9.84,100,90,3.6,100,0.42,5000,1001,9.84,100,90,3.6,100,0.42,5000,1001,9.84,100,90,3.6,100,0.42,5000
1001,9.84,100,90,3.6,100,0.42,5000,11,0,6,3,1001,9.84,100,90,3.6,100,0.42,5000,1001,9.84,100,90,3.6,100,0.42,5000,1001,9.84,100,90,3.6,100,0.42,5000,1001,9.84,100,90,3.6,100,0.42,5000,1001,9.84,100,90,3.6,100,0.42,5000,1001,9.84,100,90,3.6,100,0.42,5000,1001,9.84,100,90,3.6,100,0.42,5000,1001,9.84,100,90,3.6,100,0.42,5000,1001,9.84,100,90,3.6,100,0.42,5000,1001,9.84,100,90,3.6,100,0.42,5000,1001,9.84,100,90,3.6,100,0.42,5000,1001,9.84,100,90,3.6,100,0.42,5000
1001,9.84,100,90,3.6,100,0.42,5000,12,0,6,3,1001,9.84,100,90,3.6,100,0.42,5000,1001,9.84,100,90,3.6,100,0.42,5000,1001,9.84,100,90,3.6,100,0.42,5000,1001,9.84,100,90,3.6,100,0.42,5000,1001,9.84,100,90,3.6,100,0.42,5000,1001,9.84,100,90,3.6,100,0.42,5000,1001,9.84,100,90,3.6,100,0.42,5000,1001,9.84,100,90,3.6,100,0.42,5000,1001,9.84,100,90,3.6,100,0.42,5000,1001,9.84,100,90,3.6,100,0.42,5000,1001,9.84,100,90,3.6,100,0.42,5000,1001,9.84,100,90,3.6,100,0.42,5000
1001,9.84,100,90,3.6,100,0.42,5000,13,0,6,3,1001,9.84,100,90,3.6,100,0.42,5000,1001,9.84,100,90,3.6,100,0.42,5000,1001,9.84,100,90,3.6,100,0.42,5000,1001,9.84,100,90,3.6,100,0.42,5000,1001,9.84,100,90,3.6,100,0.42,5000,1001,9.84,100,90,3.6,100,0.42,5000,1001,9.84,100,90,3.6,100,0.42,5000,1001,9.84,100,90,3.6,100,0.42,5000,1001,9.84,100,90,3.6,100,0.42,5000,1001,9.84,100,90,3.6,100,0.42,5000,1001,9.84,100,90,3.6,100,0.42,5000,1001,9.84,100,90,3.6,100,0.42,5000
1001,9.84,100,90,3.6,100,0.42,5000,14,0,6,3,1001,9.84,100,90,3.6,100,0.42,5000,1001,9.84,100,90,3.6,100,0.42,5000,1001,9.84,100,90,3.6,100,0.42,5000,1001,9.84,100,90,3.6,100,0.42,5000,1001,9.84,100,90,3.6,100,0.42,5000,1001,9.84,100,90,3.6,100,0.42,5000,1001,9.84,100,90,3.6,100,0.42,5000,1001,9.84,100,90,3.6,100,0.42,5000,1001,9.84,100,90,3.6,100,0.42,5000,1001,9.84,100,90,3.6,100,0.42,5000,1001,9.84,100,90,3.6,100,0.42,5000,1001,9.84,100,90,3.6,100,0.42,5000
1001,9.84,100,90,3.6,100,0.42,5000,15,0,6,3,1001,9.84,100,90,3.6,100,0.42,5000,1001,9.84,100,90,3.6,100,0.42,5000,1001,9.84,100,90,3.6,100,0.42,5000,1001,9.84,100,90,3.6,100,0.42,5000,1001,9.84,100,90,3.6,100,0.42,5000,1001,9.84,100,90,3.6,100,0.42,5000,1001,9.84,100,90,3.6,100,0.42,5000,1001,9.84,100,90,3.6,100,0.42,5000,1001,9.84,100,90,3.6,100,0.42,5000,1001,9.84,100,90,3.6,100,0.42,5000,1001,9.84,100,90,3.6,100,0.42,5000,1001,9.84,100,90,3.6,100,0.42,5000
1001,9.84,100,90,3.6,100,0.42,5000,16,0,6,3,1001,9.84,100,90,3.6,100,0.42,5000,1001,9.84,100,90,3.6,100,0.42,5000,1001,9.84,100,90,3.6,100,0.42,5000,1001,9.84,100,90,3.6,100,0.42,5000,1001,9.84,100,90,3.6,100,0.42,5000,1001,9.84,100,90,3.6,100,0.42,5000,1001,9.84,100,90,3.6,100,0.42,5000,1001,9.84,100,90,3.6,100,0.42,5000,1001,9.84,100,90,3.6,100,0.42,5000,1001,9.84,100,90,3.6,100,0.42,5000,1001,9.84,100,90,3.6,100,0.42,5000,1001,9.84,100,90,3.6,100,0.42,5000
1001,9.84,100,90,3.6,100,0.42,5000,17,0,6,3,1001,9.84,100,90,3.6,100,0.42,5000,1001,9.84,100,90,3.6,100,0.42,5000,1001,9.84,100,90,3.6,100,0.42,5000,1001,9.84,100,90,3.6,100,0.42,5000,1001,9.84,100,90,3.6,100,0.42,5000,1001,9.84,100,90,3.6,100,0.42,5000,1001,9.84,100,90,3.6,100,0.42,5000,1001,9.84,100,90,3.6,100,0.42,5000,1001,9.84,100,90,3.6,100,0.42,5000,1001,9.84,100,90,3.6,100,0.42,5000,1001,9.84,100,90,3.6,100,0.42,5000,1001,9.84,100,90,3.6,100,0.42,5000
1001,9.84,100,90,3.6,100,0.42,5000,18,0,6,3,1001,9.84,100,90,3.6,100,0.42,5000,1001,9.84,100,90,3.6,100,0.42,5000,1001,9.84,100,90,3.6,100,0.42,5000,1001,9.84,100,90,3.6,100,0.42,5000,1001,9.84,100,90,3.6,100,0.42,5000,1001,9.84,100,90,3.6,100,0.42,5000,1001,9.84,100,90,3.6,100,0.42,5000,1001,9.84,100,90,3.6,100,0.42,5000,1001,9.84,100,90,3.6,100,0.42,5000,1001,9.84,100,90,3.6,100,0.42,5000,1001,9.84,100,90,3.6,100,0.42,5000,1001,9.84,100,90,3.6,100,0.42,5000
1001,9.84,100,90,3.6,100,0.42,5000,19,0,6,3,1001,9.84,100,90,3.6,100,0.42,5000,1001,9.84,100,90,3.6,100,0.42,5000,1001,9.84,100,90,3.6,100,0.42,5000,1001,9.84,100,90,3.6,100,0.42,5000,1001,9.84,100,90,3.6,100,0.42,5000,1001,9.84,100,90,3.6,100,0.42,5000,1001,9.84,100,90,3.6,100,0.42,5000,1001,9.84,100,90,3.6,100,0.42,5000,1001,9.84,100,90,3.6,100,0.42,5000,1001,9.84,100,90,3.6,100,0.42,5000,1001,9.84,100,90,3.6,100,0.42,5000,1001,9.84,100,90,3.6,100,0.42,5000
1001,9.84,100,90,3.6,100,0.42,5000,20,0,6,3,1001,9.84,100,90,3.6,100,0.42,5000,1001,9.84,100,90,3.6,100,0.42,5000,1001,9.84,100,90,3.6,100,0.42,5000,1001,9.84,100,90,3.6,100,0.42,5000,1001,9.84,100,90,3.6,100,0.42,5000,1001,9.84,100,90,3.6,100,0.42,5000,1001,9.84,100,90,3.6,100,0.42,5000,1001,9.84,100,90,3.6,100,0.42,5000,1001,9.84,100,90,3.6,100,0.42,5000,1001,9.84,100,90,3.6,100,0.42,5000,1001,9.84,100,90,3.6,100,0.42,5000,1001,9.84,100,90,3.6,100,0.42,5000
1001,9.84,100,90,3.6,100,0.42,5000,21,0,6,3,1001,9.84,100,90,3.6,100,0.42,5000,1001,9.84,100,90,3.6,100,0.42,5000,1001,9.84,100,90,3.6,100,0.42,5000,1001,9.84,100,90,3.6,100,0.42,5000,1001,9.84,100,90,3.6,100,0.42,5000,1001,9.84,100,90,3.6,100,0.42,5000,1001,9.84,100,90,3.6,100,0.42,5000,1001,9.84,100,90,3.6,100,0.42,5000,1001,9.84,100,90,3.6,100,0.42,5000,1001,9.84,100,90,3.6,100,0.42,5000,1001,9.84,100,90,3.6,100,0.42,5000,1001,9.84,100,90,3.6,100,0.42,5000
1001,9.84,100,90,3.6,100,0.42,5000,22,0,6,3,1001,9.84,100,90,3.6,100,0.42,5000,1001,9.84,100,90,3.6,100,0.42,5000,1001,9.84,100,90,3.6,100,0.42,5000,1001,9.84,100,90,3.6,100,0.42,5000,1001,9.84,100,90,3.6,100,0.42,5000,1001,9.84,100,90,3.6,100,0.42,5000,1001,9.84,100,90,3.6,100,0.42,5000,1001,9.84,100,90,3.6,100,0.42,5000,1001,9.84,100,90,3.6,100,0.42,5000,1001,9.84,100,90,3.6,100,0.42,5000,1001,9.84,100,90,3.6,100,0.42,5000,1001,9.84,100,90,3.6,100,0.42,5000
1001,9.84,100,90,3.6,100,0.42,5000,23,0,6,3,1001,9.84,100,90,3.6,100,0.42,5000,1001,9.84,100,90,3.6,100,0.42,5000,1001,9.84,100,90,3.6,100,0.42,5000,1001,9.84,100,90,3.6,100,0.42,5000,1001,9.84,100,90,3.6,100,0.42,5000,1001,9.84,100,90,3.6,100,0.42,5000,1001,9.84,100,90,3.6,100,0.42,5000,1001,9.84,100,90,3.6,100,0.42,5000,1001,9.84,100,90,3.6,100,0.42,5000,1001,9.84,100,90,3.6,100,0.42,5000,1001,9.84,100,90,3.6,100,0.42,5000,1001,9.84,100,90,3.6,100,0.42,5000
1001,9.84,100,90,3.6,100,0.42,5000,0,0,7,3,1001,9.84,100,90,3.6,100,0.42,5000,1001,9.84,100,90,3.6,100,0.42,5000,1001,9.84,100,90,3.6,100,0.42,5000,1001,9.84,100,90,3.6,100,0.42,5000,1001,9.84,100,90,3.6,100,0.42,5000,1001,9.84,100,90,3.6,100,0.42,5000,1001,9.84,100,90,3.6,100,0.42,5000,1001,9.84,100,90,3.6,100,0.42,5000,1001,9.84,100,90,3.6,100,0.42,5000,1001,9.84,100,90,3.6,100,0.42,5000,1001,9.84,100,90,3.6,100,0.42,5000,1001,9.84,100,90,3.6,100,0.42,5000
1001,9.84,100,90,3.6,100,0.42,5000,1,0,7,3,1001,9.84,100,90,3.6,100,0.42,5000,1001,9.84,100,90,3.6,100,0.42,5000,1001,9.84,100,90,3.6,100,0.42,5000,1001,9.84,100,90,3.6,100,0.42,5000,1001,9.84,100,90,3.6,100,0.42,5000,1001,9.84,100,90,3.6,100,0.42,5000,1001,9.84,100,90,3.6,100,0.42,5000,1001,9.84,100,90,3.6,100,0.42,5000,1001,9.84,100,90,3.6,100,0.42,5000,1001,9.84,100,90,3.6,100,0.42,5000,1001,9.84,100,90,3.6,100,0.42,5000,1001,9.84,100,90,3.6,100,0.42,5000
1001,9.84,100,90,3.6,100,0.42,5000,2,0,7,3,1001,9.84,100,90,3.6,100,0.42,5000,1001,9.84,100,90,3.6,100,0.42,5000,1001,9.84,100,90,3.6,100,0.42,5000,1001,9.84,100,90,3.6,100,0.42,5000,1001,9.84,100,90,3.6,100,0.42,5000,1001,9.84,100,90,3.6,100,0.42,5000,1001,9.84,100,90,3.6,100,0.42,5000,1001,9.84,100,90,3.6,100,0.42,5000,1001,9.84,100,90,3.6,100,0.42,5000,1001,9.84,100,90,3.6,100,0.42,5000,1001,9.84,100,90,3.6,100,0.42,5000,1001,9.84,100,90,3.6,100,0.42,5000
1001,9.84,100,90,3.6,100,0.42,5000,3,0,7,3,1001,9.84,100,90,3.6,100,0.42,5000,1001,9.84,100,90,3.6,100,0.42,5000,1001,9.84,100,90,3.6,100,0.42,5000,1001,9.84,100,90,3.6,100,0.42,5000,1001,9.84,100,90,3.6,100,0.42,5000,1001,9.84,100,90,3.6,100,0.42,5000,1001,9.84,100,90,3.6,100,0.42,5000,1001,9.84,100,90,3.6,100,0.42,5000,1001,9.84,100,90,3.6,100,0.42,5000,1001,9.84,100,90,3.6,100,0.42,5000,1001,9.84,100,90,3.6,100,0.42,5000,1001,9.84,100,90,3.6,100,0.42,5000
1001,9.84,100,90,3.6,100,0.42,5000,4,0,7,3,1001,9.84,100,90,3.6,100,0.42,5000,1001,9.84,100,90,3.6,100,0.42,5000,1001,9.84,100,90,3.6,100,0.42,5000,1001,9.84,100,90,3.6,100,0.42,5000,1001,9.84,100,90,3.6,100,0.42,5000,1001,9.84,100,90,3.6,100,0.42,5000,1001,9.84,100,90,3.6,100,0.42,5000,1001,9.84,100,90,3.6,100,0.42,5000,1001,9.84,100,90,3.6,100,0.42,5000,1001,9.84,100,90,3.6,100,0.42,5000,1001,9.84,100,90,3.6,100,0.42,5000,1001,9.84,100,90,3.6,100,0.42,5000
1001,9.84,100,90,3.6,100,0.42,5000,5,0,7,3,1001,9.84,100,90,3.6,100,0.42,5000,1001,9.84,100,90,3.6,100,0.42,5000,1001,9.84,100,90,3.6,100,0.42,5000,1001,9.84,100,90,3.6,100,0.42,5000,1001,9.84,100,90,3.6,100,0.42,5000,1001,9.84,100,90,3.6,100,0.42,5000,1001,9.84,100,90,3.6,100,0.42,5000,1001,9.84,100,90,3.6,100,0.42,5000,1001,9.84,100,90,3.6,100,0.42,5000,1001,9.84,100,90,3.6,100,0.42,5000,1001,9.84,100,90,3.6,100,0.42,5000,1001,9.84,100,90,3.6,100,0.42,5000
1001,9.84,100,90,3.6,100,0.42,5000,6,0,7,3,1001,9.84,100,90,3.6,100,0.42,5000,1001,9.84,100,90,3.6,100,0.42,5000,1001,9.84,100,90,3.6,100,0.42,5000,1001,9.84,100,90,3.6,100,0.42,5000,1001,9.84,100,90,3.6,100,0.42,5000,1001,9.84,100,90,3.6,100,0.42,5000,1001,9.84,100,90,3.6,100,0.42,5000,1001,9.84,100,90,3.6,100,0.42,5000,1001,9.84,100,90,3.6,100,0.42,5000,1001,9.84,100,90,3.6,100,0.42,5000,1001,9.84,100,90,3.6,100,0.42,5000,1001,9.84,100,90,3.6,100,0.42,5000
1001,9.84,100,90,3.6,100,0.42,5000,7,0,7,3,1001,9.84,100,90,3.6,100,0.42,5000,1001,9.84,100,90,3.6,100,0.42,5000,1001,9.84,100,90,3.6,100,0.42,5000,1001,9.84,100,90,3.6,100,0.42,5000,1001,9.84,100,90,3.6,100,0.42,5000,1001,9.84,100,90,3.6,100,0.42,5000,1001,9.84,100,90,3.6,100,0.42,5000,1001,9.84,100,90,3.6,100,0.42,5000,1001,9.84,100,90,3.6,100,0.42,5000,1001,9.84,100,90,3.6,100,0.42,5000,1001,9.84,100,90,3.6,100,0.42,5000,1001,9.84,100,90,3.6,100,0.42,5000
1001,9.84,100,90,3.6,100,0.42,5000,8,0,7,3,1001,9.84,100,90,3.6,100,0.42,5000,1001,9.84,100,90,3.6,100,0.42,5000,1001,9.84,100,90,3.6,100,0.42,5000,1001,9.84,100,90,3.6,100,0.42,5000,1001,9.84,100,90,3.6,100,0.42,5000,1001,9.84,100,90,3.6,100,0.42,5000,1001,9.84,100,90,3.6,100,0.42,5000,1001,9.84,100,90,3.6,100,0.42,5000,1001,9.84,100,90,3.6,100,0.42,5000,1001,9.84,100,90,3.6,100,0.42,5000,1001,9.84,100,90,3.6,100,0.42,5000,1001,9.84,100,90,3.6,100,0.42,5000
1001,9.84,100,90,3.6,100,0.42,5000,9,0,7,3,1001,9.84,100,90,3.6,100,0.42,5000,1001,9.84,100,90,3.6,100,0.42,5000,1001,9.84,100,90,3.6,100,0.42,5000,1001,9.84,100,90,3.6,100,0.42,5000,1001,9.84,100,90,3.6,100,0.42,5000,1001,9.84,100,90,3.6,100,0.42,5000,1001,9.84,100,90,3.6,100,0.42,5000,1001,9.84,100,90,3.6,100,0.42,5000,1001,9.84,100,90,3.6,100,0.42,5000,1001,9.84,100,90,3.6,100,0.42,5000,1001,9.84,100,90,3.6,100,0.42,5000,1001,9.84,100,90,3.6,100,0.42,5000
1001,9.84,100,90,3.6,100,0.42,5000,10,0,7,3,1001,9.84,100,90,3.6,100,0.42,5000,1001,9.84,100,90,3.6,100,0.42,5000,1001,9.84,100,90,3.6,100,0.42,5000,1001,9.84,100,90,3.6,100,0.42,5000,1001,9.84,100,90,3.6,100,0.42,5000,1001,9.84,100,90,3.6,100,0.42,5000,1001,9.84,100,90,3.6,100,0.42,5000,1001,9.84,100,90,3.6,100,0.42,5000,1001,9.84,100,90,3.6,100,0.42,5000,1001,9.84,100,90,3.6,100,0.42,5000,1001,9.84,100,90,3.6,100,0.42,5000,1001,9.84,100,90,3.6,100,0.42,5000
1001,9.84,100,90,3.6,100,0.42,5000,11,0,7,3,1001,9.84,100,90,3.6,100,0.42,5000,1001,9.84,100,90,3.6,100,0.42,5000,1001,9.84,100,90,3.6,100,0.42,5000,1001,9.84,100,90,3.6,100,0.42,5000,1001,9.84,100,90,3.6,100,0.42,5000,1001,9.84,100,90,3.6,100,0.42,5000,1001,9.84,100,90,3.6,100,0.42,5000,1001,9.84,100,90,3.6,100,0.42,5000,1001,9.84,100,90,3.6,100,0.42,5000,1001,9.84,100,90,3.6,100,0.42,5000,1001,9.84,100,90,3.6,100,0.42,5000,1001,9.84,100,90,3.6,100,0.42,5000
1001,9.84,100,90,3.6,100,0.42,5000,12,0,7,3,1001,9.84,100,90,3.6,100,0.42,5000,1001,9.84,100,90,3.6,100,0.42,5000,1001,9.84,100,90,3.6,100,0.42,5000,1001,9.84,100,90,3.6,100,0.42,5000,1001,9.84,100,90,3.6,100,0.42,5000,1001,9.84,100,90,3.6,100,0.42,5000,1001,9.84,100,90,3.6,100,0.42,5000,1001,9.84,100,90,3.6,100,0.42,5000,1001,9.84,100,90,3.6,100,0.42,5000,1001,9.84,100,90,3.6,100,0.42,5000,1001,9.84,100,90,3.6,100,0.42,5000,1001,9.84,100,90,3.6,100,0.42,5000
1001,9.84,100,90,3.6,100,0.42,5000,13,0,7,3,1001,9.84,100,90,3.6,100,0.42,5000,1001,9.84,100,90,3.6,100,0.42,5000,1001,9.84,100,90,3.6,100,0.42,5000,1001,9.84,100,90,3.6,100,0.42,5000,1001,9.84,100,90,3.6,100,0.42,5000,1001,9.84,100,90,3.6,100,0.42,5000,1001,9.84,100,90,3.6,100,0.42,5000,1001,9.84,100,90,3.6,100,0.42,5000,1001,9.84,100,90,3.6,100,0.42,5000,1001,9.84,100,90,3.6,100,0.42,5000,1001,9.84,100,90,3.6,100,0.42,5000,1001,9.84,100,90,3.6,100,0.42,5000
1001,9.84,100,90,3.6,100,0.42,5000,14,0,7,3,1001,9.84,100,90,3.6,100,0.42,5000,1001,9.84,100,90,3.6,100,0.42,5000,1001,9.84,100,90,3.6,100,0.42,5000,1001,9.84,100,90,3.6,100,0.42,5000,1001,9.84,100,90,3.6,100,0.42,5000,1001,9.84,100,90,3.6,100,0.42,5000,1001,9.84,100,90,3.6,100,0.42,5000,1001,9.84,100,90,3.6,100,0.42,5000,1001,9.84,100,90,3.6,100,0.42,5000,1001,9.84,100,90,3.6,100,0.42,5000,1001,9.84,100,90,3.6,100,0.42,5000,1001,9.84,100,90,3.6,100,0.42,5000
1001,9.84,100,90,3.6,100,0.42,5000,15,0,7,3,1001,9.84,100,90,3.6,100,0.42,5000,1001,9.84,100,90,3.6,100,0.42,5000,1001,9.84,100,90,3.6,100,0.42,5000,1001,9.84,100,90,3.6,100,0.42,5000,1001,9.84,100,90,3.6,100,0.42,5000,1001,9.84,100,90,3.6,100,0.42,5000,1001,9.84,100,90,3.6,100,0.42,5000,1001,9.84,100,90,3.6,100,0.42,5000,1001,9.84,100,90,3.6,100,0.42,5000,1001,9.84,100,90,3.6,100,0.42,5000,1001,9.84,100,90,3.6,100,0.42,5000,1001,9.84,100,90,3.6,100,0.42,5000
1001,9.84,100,90,3.6,100,0.42,5000,16,0,7,3,1001,9.84,100,90,3.6,100,0.42,5000,1001,9.84,100,90,3.6,100,0.42,5000,1001,9.84,100,90,3.6,100,0.42,5000,1001,9.84,100,90,3.6,100,0.42,5000,1001,9.84,100,90,3.6,100,0.42,5000,1001,9.84,100,90,3.6,100,0.42,5000,1001,9.84,100,90,3.6,100,0.42,5000,1001,9.84,100,90,3.6,100,0.42,5000,1001,9.84,100,90,3.6,100,0.42,5000,1001,9.84,100,90,3.6,100,0.42,5000,1001,9.84,100,90,3.6,100,0.42,5000,1001,9.84,100,90,3.6,100,0.42,5000
1001,9.84,100,90,3.6,100,0.42,5000,17,0,7,3,1001,9.84,100,90,3.6,100,0.42,5000,1001,9.84,100,90,3.6,100,0.42,5000,1001,9.84,100,90,3.6,100,0.42,5000,1001,9.84,100,90,3.6,100,0.42,5000,1001,9.84,100,90,3.6,100,0.42,5000,1001,9.84,100,90,3.6,100,0.42,5000,1001,9.84,100,90,3.6,100,0.42,5000,1001,9.84,100,90,3.6,100,0.42,5000,1001,9.84,100,90,3.6,100,0.42,5000,1001,9.84,100,90,3.6,100,0.42,5000,1001,9.84,100,90,3.6,100,0.42,5000,1001,9.84,100,90,3.6,100,0.42,5000
1001,9.84,100,90,3.6,100,0.42,5000,18,0,7,3,1001,9.84,100,90,3.6,100,0.42,5000,1001,9.84,100,90,3.6,100,0.42,5000,1001,9.84,100,90,3.6,100,0.42,5000,1001,9.84,100,90,3.6,100,0.42,5000,1001,9.84,100,90,3.6,100,0.42,5000,1001,9.84,100,90,3.6,100,0.42,5000,1001,9.84,100,90,3.6,100,0.42,5000,1001,9.84,100,90,3.6,100,0.42,5000,1001,9.84,100,90,3.6,100,0.42,5000,1001,9.84,100,90,3.6,100,0.42,5000,1001,9.84,100,90,3.6,100,0.42,5000,1001,9.84,100,90,3.6,100,0.42,5000
1001,9.84,100,90,3.6,100,0.42,5000,19,0,7,3,1001,9.84,100,90,3.6,100,0.42,5000,1001,9.84,100,90,3.6,100,0.42,5000,1001,9.84,100,90,3.6,100,0.42,5000,1001,9.84,100,90,3.6,100,0.42,5000,1001,9.84,100,90,3.6,100,0.42,5000,1001,9.84,100,90,3.6,100,0.42,5000,1001,9.84,100,90,3.6,100,0.42,5000,1001,9.84,100,90,3.6,100,0.42,5000,1001,9.84,100,90,3.6,100,0.42,5000,1001,9.84,100,90,3.6,100,0.42,5000,1001,9.84,100,90,3.6,100,0.42,5000,1001,9.84,100,90,3.6,100,0.42,5000
1001,9.84,100,90,3.6,100,0.42,5000,20,0,7,3,1001,9.84,100,90,3.6,100,0.42,5000,1001,9.84,100,90,3.6,100,0.42,5000,1001,9.84,100,90,3.6,100,0.42,5000,1001,9.84,100,90,3.6,100,0.42,5000,1001,9.84,100,90,3.6,100,0.42,5000,1001,9.84,100,90,3.6,100,0.42,5000,1001,9.84,100,90,3.6,100,0.42,5000,1001,9.84,100,90,3.6,100,0.42,5000,1001,9.84,100,90,3.6,100,0.42,5000,1001,9.84,100,90,3.6,100,0.42,5000,1001,9.84,100,90,3.6,100,0.42,5000,1001,9.84,100,90,3.6,100,0.42,5000
1001,9.84,100,90,3.6,100,0.42,5000,21,0,7,3,1001,9.84,100,90,3.6,100,0.42,5000,1001,9.84,100,90,3.6,100,0.42,5000,1001,9.84,100,90,3.6,100,0.42,5000,1001,9.84,100,90,3.6,100,0.42,5000,1001,9.84,100,90,3.6,100,0.42,5000,1001,9.84,100,90,3.6,100,0.42,5000,1001,9.84,100,90,3.6,100,0.42,5000,1001,9.84,100,90,3.6,100,0.42,5000,1001,9.84,100,90,3.6,100,0.42,5000,1001,9.84,100,90,3.6,100,0.42,5000,1001,9.84,100,90,3.6,100,0.42,5000,1001,9.84,100,90,3.6,100,0.42,5000
1001,9.84,100,90,3.6,100,0.42,5000,22,0,7,3,1001,9.84,100,90,3.6,100,0.42,5000,1001,9.84,100,90,3.6,100,0.42,5000,1001,9.84,100,90,3.6,100,0.42,5000,1001,9.84,100,90,3.6,100,0.42,5000,1001,9.84,100,90,3.6,100,0.42,5000,1001,9.84,100,90,3.6,100,0.42,5000,1001,9.84,100,90,3.6,100,0.42,5000,1001,9.84,100,90,3.6,100,0.42,5000,1001,9.84,100,90,3.6,100,0.42,5000,1001,9.84,100,90,3.6,100,0.42,5000,1001,9.84,100,90,3.6,100,0.42,5000,1001,9.84,100,90,3.6,100,0.42,5000
1001,9.84,100,90,3.6,100,0.42,5000,23,0,7,3,1001,9.84,100,90,3.6,100,0.42,5000,1001,9.84,100,90,3.6,100,0.42,5000,1001,9.84,100,90,3.6,100,0.42,5000,1001,9.84,100,90,3.6,100,0.42,5000,1001,9.84,100,90,3.6,100,0.42,5000,1001,9.84,100,90,3.6,100,0.42,5000,1001,9.84,100,90,3.6,100,0.42,5000,1001,9.84,100,90,3.6,100,0.42,5000,1001,9.84,100,90,3.6,100,0.42,5000,1001,9.84,100,90,3.6,100,0.42,5000,1001,9.84,100,90,3.6,100,0.42,5000,1001,9.84,100,90,3.6,100,0.42,5000
1001,9.84,100,90,3.6,100,0.42,5000,0,0,8,3,1001,9.84,100,90,3.6,100,0.42,5000,1001,9.84,100,90,3.6,100,0.42,5000,1001,9.84,100,90,3.6,100,0.42,5000,1001,9.84,100,90,3.6,100,0.42,5000,1001,9.84,100,90,3.6,100,0.42,5000,1001,9.84,100,90,3.6,100,0.42,5000,1001,9.84,100,90,3.6,100,0.42,5000,1001,9.84,100,90,3.6,100,0.42,5000,1001,9.84,100,90,3.6,100,0.42,5000,1001,9.84,100,90,3.6,100,0.42,5000,1001,9.84,100,90,3.6,100,0.42,5000,1001,9.84,100,90,3.6,100,0.42,5000
1001,9.84,100,90,3.6,100,0.42,5000,1,0,8,3,1001,9.84,100,90,3.6,100,0.42,5000,1001,9.84,100,90,3.6,100,0.42,5000,1001,9.84,100,90,3.6,100,0.42,5000,1001,9.84,100,90,3.6,100,0.42,5000,1001,9.84,100,90,3.6,100,0.42,5000,1001,9.84,100,90,3.6,100,0.42,5000,1001,9.84,100,90,3.6,100,0.42,5000,1001,9.84,100,90,3.6,100,0.42,5000,1001,9.84,100,90,3.6,100,0.42,5000,1001,9.84,100,90,3.6,100,0.42,5000,1001,9.84,100,90,3.6,100,0.42,5000,1001,9.84,100,90,3.6,100,0.42,5000
1001,9.84,100,90,3.6,100,0.42,5000,2,0,8,3,1001,9.84,100,90,3.6,100,0.42,5000,1001,9.84,100,90,3.6,100,0.42,5000,1001,9.84,100,90,3.6,100,0.42,5000,1001,9.84,100,90,3.6,100,0.42,5000,1001,9.84,100,90,3.6,100,0.42,5000,1001,9.84,100,90,3.6,100,0.42,5000,1001,9.84,100,90,3.6,100,0.42,5000,1001,9.84,100,90,3.6,100,0.42,5000,1001,9.84,100,90,3.6,100,0.42,5000,1001,9.84,100,90,3.6,100,0.42,5000,1001,9.84,100,90,3.6,100,0.42,5000,1001,9.84,100,90,3.6,100,0.42,5000
1001,9.84,100,90,3.6,100,0.42,5000,3,0,8,3,1001,9.84,100,90,3.6,100,0.42,5000,1001,9.84,100,90,3.6,100,0.42,5000,1001,9.84,100,90,3.6,100,0.42,5000,1001,9.84,100,90,3.6,100,0.42,5000,1001,9.84,100,90,3.6,100,0.42,5000,1001,9.84,100,90,3.6,100,0.42,5000,1001,9.84,100,90,3.6,100,0.42,5000,1001,9.84,100,90,3.6,100,0.42,5000,1001,9.84,100,90,3.6,100,0.42,5000,1001,9.84,100,90,3.6,100,0.42,5000,1001,9.84,100,90,3.6,100,0.42,5000,1001,9.84,100,90,3.6,100,0.42,5000
1001,9.84,100,90,3.6,100,0.42,5000,4,0,8,3,1001,9.84,100,90,3.6,100,0.42,5000,1001,9.84,100,90,3.6,100,0.42,5000,1001,9.84,100,90,3.6,100,0.42,5000,1001,9.84,100,90,3.6,100,0.42,5000,1001,9.84,100,90,3.6,100,0.42,5000,1001,9.84,100,90,3.6,100,0.42,5000,1001,9.84,100,90,3.6,100,0.42,5000,1001,9.84,100,90,3.6,100,0.42,5000,1001,9.84,100,90,3.6,100,0.42,5000,1001,9.84,100,90,3.6,100,0.42,5000,1001,9.84,100,90,3.6,100,0.42,5000,1001,9.84,100,90,3.6,100,0.42,5000
1001,9.84,100,90,3.6,100,0.42,5000,5,0,8,3,1001,9.84,100,90,3.6,100,0.42,5000,1001,9.84,100,90,3.6,100,0.42,5000,1001,9.84,100,90,3.6,100,0.42,5000,1001,9.84,100,90,3.6,100,0.42,5000,1001,9.84,100,90,3.6,100,0.42,5000,1001,9.84,100,90,3.6,100,0.42,5000,1001,9.84,100,90,3.6,100,0.42,5000,1001,9.84,100,90,3.6,100,0.42,5000,1001,9.84,100,90,3.6,100,0.42,5000,1001,9.84,100,90,3.6,100,0.42,5000,1001,9.84,100,90,3.6,100,0.42,5000,1001,9.84,100,90,3.6,100,0.42,5000
1001,9.84,100,90,3.6,100,0.42,5000,6,0,8,3,1001,9.84,100,90,3.6,100,0.42,5000,1001,9.84,100,90,3.6,100,0.42,5000,1001,9.84,100,90,3.6,100,0.42,5000,1001,9.84,100,90,3.6,100,0.42,5000,1001,9.84,100,90,3.6,100,0.42,5000,1001,9.84,100,90,3.6,100,0.42,5000,1001,9.84,100,90,3.6,100,0.42,5000,1001,9.84,100,90,3.6,100,0.42,5000,1001,9.84,100,90,3.6,100,0.42,5000,1001,9.84,100,90,3.6,100,0.42,5000,1001,9.84,100,90,3.6,100,0.42,5000,1001,9.84,100,90,3.6,100,0.42,5000
1001,9.84,100,90,3.6,100,0.42,5000,7,0,8,3,1001,9.84,100,90,3.6,100,0.42,5000,1001,9.84,100,90,3.6,100,0.42,5000,1001,9.84,100,90,3.6,100,0.42,5000,1001,9.84,100,90,3.6,100,0.42,5000,1001,9.84,100,90,3.6,100,0.42,5000,1001,9.84,100,90,3.6,100,0.42,5000,1001,9.84,100,90,3.6,100,0.42,5000,1001,9.84,100,90,3.6,100,0.42,5000,1001,9.84,100,90,3.6,100,0.42,5000,1001,9.84,100,90,3.6,100,0.42,5000,1001,9.84,100,90,3.6,100,0.42,5000,1001,9.84,100,90,3.6,100,0.42,5000
1001,9.84,100,90,3.6,100,0.42,5000,8,0,8,3,1001,9.84,100,90,3.6,100,0.42,5000,1001,9.84,100,90,3.6,100,0.42,5000,1001,9.84,100,90,3.6,100,0.42,5000,1001,9.84,100,90,3.6,100,0.42,5000,1001,9.84,100,90,3.6,100,0.42,5000,1001,9.84,100,90,3.6,100,0.42,5000,1001,9.84,100,90,3.6,100,0.42,5000,1001,9.84,100,90,3.6,100,0.42,5000,1001,9.84,100,90,3.6,100,0.42,5000,1001,9.84,100,90,3.6,100,0.42,5000,1001,9.84,100,90,3.6,100,0.42,5000,1001,9.84,100,90,3.6,100,0.42,5000
1001,9.84,100,90,3.6,100,0.42,5000,9,0,8,3,1001,9.84,100,90,3.6,100,0.42,5000,1001,9.84,100,90,3.6,100,0.42,5000,1001,9.84,100,90,3.6,100,0.42,5000,1001,9.84,100,90,3.6,100,0.42,5000,1001,9.84,100,90,3.6,100,0.42,5000,1001,9.84,100,90,3.6,100,0.42,5000,1001,9.84,100,90,3.6,100,0.42,5000,1001,9.84,100,90,3.6,100,0.42,5000,1001,9.84,100,90,3.6,100,0.42,5000,1001,9.84,100,90,3.6,100,0.42,5000,1001,9.84,100,90,3.6,100,0.42,5000,1001,9.84,100,90,3.6,100,0.42,5000
1001,9.84,100,90,3.6,100,0.42,5000,10,0,8,3,1001,9.84,100,90,3.6,100,0.42,5000,1001,9.84,100,90,3.6,100,0.42,5000,1001,9.84,100,90,3.6,100,0.42,5000,1001,9.84,100,90,3.6,100,0.42,5000,1001,9.84,100,90,3.6,100,0.42,5000,1001,9.84,100,90,3.6,100,0.42,5000,1001,9.84,100,90,3.6,100,0.42,5000,1001,9.84,100,90,3.6,100,0.42,5000,1001,9.84,100,90,3.6,100,0.42,5000,1001,9.84,100,90,3.6,100,0.42,5000,1001,9.84,100,90,3.6,100,0.42,5000,1001,9.84,100,90,3.6,100,0.42,5000
1001,9.84,100,90,3.6,100,0.42,5000,11,0,8,3,1001,9.84,100,90,3.6,100,0.42,5000,1001,9.84,100,90,3.6,100,0.42,5000,1001,9.84,100,90,3.6,100,0.42,5000,1001,9.84,100,90,3.6,100,0.42,5000,1001,9.84,100,90,3.6,100,0.42,5000,1001,9.84,100,90,3.6,100,0.42,5000,1001,9.84,100,90,3.6,100,0.42,5000,1001,9.84,100,90,3.6,100,0.42,5000,1001,9.84,100,90,3.6,100,0.42,5000,1001,9.84,100,90,3.6,100,0.42,5000,1001,9.84,100,90,3.6,100,0.42,5000,1001,9.84,100,90,3.6,100,0.42,5000
1001,9.84,100,90,3.6,100,0.42,5000,12,0,8,3,1001,9.84,100,90,3.6,100,0.42,5000,1001,9.84,100,90,3.6,100,0.42,5000,1001,9.84,100,90,3.6,100,0.42,5000,1001,9.84,100,90,3.6,100,0.42,5000,1001,9.84,100,90,3.6,100,0.42,5000,1001,9.84,100,90,3.6,100,0.42,5000,1001,9.84,100,90,3.6,100,0.42,5000,1001,9.84,100,90,3.6,100,0.42,5000,1001,9.84,100,90,3.6,100,0.42,5000,1001,9.84,100,90,3.6,100,0.42,5000,1001,9.84,100,90,3.6,100,0.42,5000,1001,9.84,100,90,3.6,100,0.42,5000
1001,9.84,100,90,3.6,100,0.42,5000,13,0,8,3,1001,9.84,100,90,3.6,100,0.42,5000,1001,9.84,100,90,3.6,100,0.42,5000,1001,9.84,100,90,3.6,100,0.42,5000,1001,9.84,100,90,3.6,100,0.42,5000,1001,9.84,100,90,3.6,100,0.42,5000,1001,9.84,100,90,3.6,100,0.42,5000,1001,9.84,100,90,3.6,100,0.42,5000,1001,9.84,100,90,3.6,100,0.42,5000,1001,9.84,100,90,3.6,100,0.42,5000,1001,9.84,100,90,3.6,100,0.42,5000,1001,9.84,100,90,3.6,100,0.42,5000,1001,9.84,100,90,3.6,100,0.42,5000
1001,9.84,100,90,3.6,100,0.42,5000,14,0,8,3,1001,9.84,100,90,3.6,100,0.42,5000,1001,9.84,100,90,3.6,100,0.42,5000,1001,9.84,100,90,3.6,100,0.42,5000,1001,9.84,100,90,3.6,100,0.42,5000,1001,9.84,100,90,3.6,100,0.42,5000,1001,9.84,100,90,3.6,100,0.42,5000,1001,9.84,100,90,3.6,100,0.42,5000,1001,9.84,100,90,3.6,100,0.42,5000,1001,9.84,100,90,3.6,100,0.42,5000,1001,9.84,100,90,3.6,100,0.42,5000,1001,9.84,100,90,3.6,100,0.42,5000,1001,9.84,100,90,3.6,100,0.42,5000
1001,9.84,100,90,3.6,100,0.42,5000,15,0,8,3,1001,9.84,100,90,3.6,100,0.42,5000,1001,9.84,100,90,3.6,100,0.42,5000,1001,9.84,100,90,3.6,100,0.42,5000,1001,9.84,100,90,3.6,100,0.42,5000,1001,9.84,100,90,3.6,100,0.42,5000,1001,9.84,100,90,3.6,100,0.42,5000,1001,9.84,100,90,3.6,100,0.42,5000,1001,9.84,100,90,3.6,100,0.42,5000,1001,9.84,100,90,3.6,100,0.42,5000,1001,9.84,100,90,3.6,100,0.42,5000,1001,9.84,100,90,3.6,100,0.42,5000,1001,9.84,100,90,3.6,100,0.42,5000
1001,9.84,100,90,3.6,100,0.42,5000,16,0,8,3,1001,9.84,100,90,3.6,100,0.42,5000,1001,9.84,100,90,3.6,100,0.42,5000,1001,9.84,100,90,3.6,100,0.42,5000,1001,9.84,100,90,3.6,100,0.42,5000,1001,9.84,100,90,3.6,100,0.42,5000,1001,9.84,100,90,3.6,100,0.42,5000,1001,9.84,100,90,3.6,100,0.42,5000,1001,9.84,100,90,3.6,100,0.42,5000,1001,9.84,100,90,3.6,100,0.42,5000,1001,9.84,100,90,3.6,100,0.42,5000,1001,9.84,100,90,3.6,100,0.42,5000,1001,9.84,100,90,3.6,100,0.42,5000
1001,9.84,100,90,3.6,100,0.42,5000,17,0,8,3,1001,9.84,100,90,3.6,100,0.42,5000,1001,9.84,100,90,3.6,100,0.42,5000,1001,9.84,100,90,3.6,100,0.42,5000,1001,9.84,100,90,3.6,100,0.42,5000,1001,9.84,100,90,3.6,100,0.42,5000,1001,9.84,100,90,3.6,100,0.42,5000,1001,9.84,100,90,3.6,100,0.42,5000,1001,9.84,100,90,3.6,100,0.42,5000,1001,9.84,100,90,3.6,100,0.42,5000,1001,9.84,100,90,3.6,100,0.42,5000,1001,9.84,100,90,3.6,100,0.42,5000,1001,9.84,100,90,3.6,100,0.42,5000
1001,9.84,100,90,3.6,100,0.42,5000,18,0,8,3,1001,9.84,100,90,3.6,100,0.42,5000,1001,9.84,100,90,3.6,100,0.42,5000,1001,9.84,100,90,3.6,100,0.42,5000,1001,9.84,100,90,3.6,100,0.42,5000,1001,9.84,100,90,3.6,100,0.42,5000,1001,9.84,100,90,3.6,100,0.42,5000,1001,9.84,100,90,3.6,100,0.42,5000,1001,9.84,100,90,3.6,100,0.42,5000,1001,9.84,100,90,3.6,100,0.42,5000,1001,9.84,100,90,3.6,100,0.42,5000,1001,9.84,100,90,3.6,100,0.42,5000,1001,9.84,100,90,3.6,100,0.42,5000
1001,9.84,100,90,3.6,100,0.42,5000,19,0,8,3,1001,9.84,100,90,3.6,100,0.42,5000,1001,9.84,100,90,3.6,100,0.42,5000,1001,9.84,100,90,3.6,100,0.42,5000,1001,9.84,100,90,3.6,100,0.42,5000,1001,9.84,100,90,3.6,100,0.42,5000,1001,9.84,100,90,3.6,100,0.42,5000,1001,9.84,100,90,3.6,100,0.42,5000,1001,9.84,100,90,3.6,100,0.42,5000,1001,9.84,100,90,3.6,100,0.42,5000,1001,9.84,100,90,3.6,100,0.42,5000,1001,9.84,100,90,3.6,100,0.42,5000,1001,9.84,100,90,3.6,100,0.42,5000
1001,9.84,100,90,3.6,100,0.42,5000,20,0,8,3,1001,9.84,100,90,3.6,100,0.42,5000,1001,9.84,100,90,3.6,100,0.42,5000,1001,9.84,100,90,3.6,100,0.42,5000,1001,9.84,100,90,3.6,100,0.42,5000,1001,9.84,100,90,3.6,100,0.42,5000,1001,9.84,100,90,3.6,100,0.42,5000,1001,9.84,100,90,3.6,100,0.42,5000,1001,9.84,100,90,3.6,100,0.42,5000,1001,9.84,100,90,3.6,100,0.42,5000,1001,9.84,100,90,3.6,100,0.42,5000,1001,9.84,100,90,3.6,100,0.42,5000,1001,9.84,100,90,3.6,100,0.42,5000
1001,9.84,100,90,3.6,100,0.42,5000,21,0,8,3,1001,9.84,100,90,3.6,100,0.42,5000,1001,9.84,100,90,3.6,100,0.42,5000,1001,9.84,100,90,3.6,100,0.42,5000,1001,9.84,100,90,3.6,100,0.42,5000,1001,9.84,100,90,3.6,100,0.42,5000,1001,9.84,100,90,3.6,100,0.42,5000,1001,9.84,100,90,3.6,100,0.42,5000,1001,9.84,100,90,3.6,100,0.42,5000,1001,9.84,100,90,3.6,100,0.42,5000,1001,9.84,100,90,3.6,100,0.42,5000,1001,9.84,100,90,3.6,100,0.42,5000,1001,9.84,100,90,3.6,100,0.42,5000
1001,9.84,100,90,3.6,100,0.42,5000,22,0,8,3,1001,9.84,100,90,3.6,100,0.42,5000,1001,9.84,100,90,3.6,100,0.42,5000,1001,9.84,100,90,3.6,100,0.42,5000,1001,9.84,100,90,3.6,100,0.42,5000,1001,9.84,100,90,3.6,100,0.42,5000,1001,9.84,100,90,3.6,100,0.42,5000,1001,9.84,100,90,3.6,100,0.42,5000,1001,9.84,100,90,3.6,100,0.42,5000,1001,9.84,100,90,3.6,100,0.42,5000,1001,9.84,100,90,3.6,100,0.42,5000,1001,9.84,100,90,3.6,100,0.42,5000,1001,9.84,100,90,3.6,100,0.42,5000
1001,9.84,100,90,3.6,100,0.42,5000,23,0,8,3,1001,9.84,100,90,3.6,100,0.42,5000,1001,9.84,100,90,3.6,100,0.42,5000,1001,9.84,100,90,3.6,100,0.42,5000,1001,9.84,100,90,3.6,100,0.42,5000,1001,9.84,100,90,3.6,100,0.42,5000,1001,9.84,100,90,3.6,100,0.42,5000,1001,9.84,100,90,3.6,100,0.42,5000,1001,9.84,100,90,3.6,100,0.42,5000,1001,9.84,100,90,3.6,100,0.42,5000,1001,9.84,100,90,3.6,100,0.42,5000,1001,9.84,100,90,3.6,100,0.42,5000,1001,9.84,100,90,3.6,100,0.42,5000
1001,9.84,100,90,3.6,100,0.42,5000,0,0,9,3,1001,9.84,100,90,3.6,100,0.42,5000,1001,9.84,100,90,3.6,100,0.42,5000,1001,9.84,100,90,3.6,100,0.42,5000,1001,9.84,100,90,3.6,100,0.42,5000,1001,9.84,100,90,3.6,100,0.42,5000,1001,9.84,100,90,3.6,100,0.42,5000,1001,9.84,100,90,3.6,100,0.42,5000,1001,9.84,100,90,3.6,100,0.42,5000,1001,9.84,100,90,3.6,100,0.42,5000,1001,9.84,100,90,3.6,100,0.42,5000,1001,9.84,100,90,3.6,100,0.42,5000,1001,9.84,100,90,3.6,100,0.42,5000
1001,9.84,100,90,3.6,100,0.42,5000,1,0,9,3,1001,9.84,100,90,3.6,100,0.42,5000,1001,9.84,100,90,3.6,100,0.42,5000,1001,9.84,100,90,3.6,100,0.42,5000,1001,9.84,100,90,3.6,100,0.42,5000,1001,9.84,100,90,3.6,100,0.42,5000,1001,9.84,100,90,3.6,100,0.42,5000,1001,9.84,100,90,3.6,100,0.42,5000,1001,9.84,100,90,3.6,100,0.42,5000,1001,9.84,100,90,3.6,100,0.42,5000,1001,9.84,100,90,3.6,100,0.42,5000,1001,9.84,100,90,3.6,100,0.42,5000,1001,9.84,100,90,3.6,100,0.42,5000
1001,9.84,100,90,3.6,100,0.42,5000,2,0,9,3,1001,9.84,100,90,3.6,100,0.42,5000,1001,9.84,100,90,3.6,100,0.42,5000,1001,9.84,100,90,3.6,100,0.42,5000,1001,9.84,100,90,3.6,100,0.42,5000,1001,9.84,100,90,3.6,100,0.42,5000,1001,9.84,100,90,3.6,100,0.42,5000,1001,9.84,100,90,3.6,100,0.42,5000,1001,9.84,100,90,3.6,100,0.42,5000,1001,9.84,100,90,3.6,100,0.42,5000,1001,9.84,100,90,3.6,100,0.42,5000,1001,9.84,100,90,3.6,100,0.42,5000,1001,9.84,100,90,3.6,100,0.42,5000
1001,9.84,100,90,3.6,100,0.42,5000,3,0,9,3,1001,9.84,100,90,3.6,100,0.42,5000,1001,9.84,100,90,3.6,100,0.42,5000,1001,9.84,100,90,3.6,100,0.42,5000,1001,9.84,100,90,3.6,100,0.42,5000,1001,9.84,100,90,3.6,100,0.42,5000,1001,9.84,100,90,3.6,100,0.42,5000,1001,9.84,100,90,3.6,100,0.42,5000,1001,9.84,100,90,3.6,100,0.42,5000,1001,9.84,100,90,3.6,100,0.42,5000,1001,9.84,100,90,3.6,100,0.42,5000,1001,9.84,100,90,3.6,100,0.42,5000,1001,9.84,100,90,3.6,100,0.42,5000
1001,9.84,100,90,3.6,100,0.42,5000,4,0,9,3,1001,9.84,100,90,3.6,100,0.42,5000,1001,9.84,100,90,3.6,100,0.42,5000,1001,9.84,100,90,3.6,100,0.42,5000,1001,9.84,100,90,3.6,100,0.42,5000,1001,9.84,100,90,3.6,100,0.42,5000,1001,9.84,100,90,3.6,100,0.42,5000,1001,9.84,100,90,3.6,100,0.42,5000,1001,9.84,100,90,3.6,100,0.42,5000,1001,9.84,100,90,3.6,100,0.42,5000,1001,9.84,100,90,3.6,100,0.42,5000,1001,9.84,100,90,3.6,100,0.42,5000,1001,9.84,100,90,3.6,100,0.42,5000
1001,9.84,100,90,3.6,100,0.42,5000,5,0,9,3,1001,9.84,100,90,3.6,100,0.42,5000,1001,9.84,100,90,3.6,100,0.42,5000,1001,9.84,100,90,3.6,100,0.42,5000,1001,9.84,100,90,3.6,100,0.42,5000,1001,9.84,100,90,3.6,100,0.42,5000,1001,9.84,100,90,3.6,100,0.42,5000,1001,9.84,100,90,3.6,100,0.42,5000,1001,9.84,100,90,3.6,100,0.42,5000,1001,9.84,100,90,3.6,100,0.42,5000,1001,9.84,100,90,3.6,100,0.42,5000,1001,9.84,100,90,3.6,100,0.42,5000,1001,9.84,100,90,3.6,100,0.42,5000
1001,9.84,100,90,3.6,100,0.42,5000,6,0,9,3,1001,9.84,100,90,3.6,100,0.42,5000,1001,9.84,100,90,3.6,100,0.42,5000,1001,9.84,100,90,3.6,100,0.42,5000,1001,9.84,100,90,3.6,100,0.42,5000,1001,9.84,100,90,3.6,100,0.42,5000,1001,9.84,100,90,3.6,100,0.42,5000,1001,9.84,100,90,3.6,100,0.42,5000,1001,9.84,100,90,3.6,100,0.42,5000,1001,9.84,100,90,3.6,100,0.42,5000,1001,9.84,100,90,3.6,100,0.42,5000,1001,9.84,100,90,3.6,100,0.42,5000,1001,9.84,100,90,3.6,100,0.42,5000
1001,9.84,100,90,3.6,100,0.42,5000,7,0,9,3,1001,9.84,100,90,3.6,100,0.42,5000,1001,9.84,100,90,3.6,100,0.42,5000,1001,9.84,100,90,3.6,100,0.42,5000,1001,9.84,100,90,3.6,100,0.42,5000,1001,9.84,100,90,3.6,100,0.42,5000,1001,9.84,100,90,3.6,100,0.42,5000,1001,9.84,100,90,3.6,100,0.42,5000,1001,9.84,100,90,3.6,100,0.42,5000,1001,9.84,100,90,3.6,100,0.42,5000,1001,9.84,100,90,3.6,100,0.42,5000,1001,9.84,100,90,3.6,100,0.42,5000,1001,9.84,100,90,3.6,100,0.42,5000
1001,9.84,100,90,3.6,100,0.42,5000,8,0,9,3,1001,9.84,100,90,3.6,100,0.42,5000,1001,9.84,100,90,3.6,100,0.42,5000,1001,9.84,100,90,3.6,100,0.42,5000,1001,9.84,100,90,3.6,100,0.42,5000,1001,9.84,100,90,3.6,100,0.42,5000,1001,9.84,100,90,3.6,100,0.42,5000,1001,9.84,100,90,3.6,100,0.42,5000,1001,9.84,100,90,3.6,100,0.42,5000,1001,9.84,100,90,3.6,100,0.42,5000,1001,9.84,100,90,3.6,100,0.42,5000,1001,9.84,100,90,3.6,100,0.42,5000,1001,9.84,100,90,3.6,100,0.42,5000
1001,9.84,100,90,3.6,100,0.42,5000,9,0,9,3,1001,9.84,100,90,3.6,100,0.42,5000,1001,9.84,100,90,3.6,100,0.42,5000,1001,9.84,100,90,3.6,100,0.42,5000,1001,9.84,100,90,3.6,100,0.42,5000,1001,9.84,100,90,3.6,100,0.42,5000,1001,9.84,100,90,3.6,100,0.42,5000,1001,9.84,100,90,3.6,100,0.42,5000,1001,9.84,100,90,3.6,100,0.42,5000,1001,9.84,100,90,3.6,100,0.42,5000,1001,9.84,100,90,3.6,100,0.42,5000,1001,9.84,100,90,3.6,100,0.42,5000,1001,9.84,100,90,3.6,100,0.42,5000
1001,9.84,100,90,3.6,100,0.42,5000,10,0,9,3,1001,9.84,100,90,3.6,100,0.42,5000,1001,9.84,100,90,3.6,100,0.42,5000,1001,9.84,100,90,3.6,100,0.42,5000,1001,9.84,100,90,3.6,100,0.42,5000,1001,9.84,100,90,3.6,100,0.42,5000,1001,9.84,100,90,3.6,100,0.42,5000,1001,9.84,100,90,3.6,100,0.42,5000,1001,9.84,100,90,3.6,100,0.42,5000,1001,9.84,100,90,3.6,100,0.42,5000,1001,9.84,100,90,3.6,100,0.42,5000,1001,9.84,100,90,3.6,100,0.42,5000,1001,9.84,100,90,3.6,100,0.42,5000
1001,9.84,100,90,3.6,100,0.42,5000,11,0,9,3,1001,9.84,100,90,3.6,100,0.42,5000,1001,9.84,100,90,3.6,100,0.42,5000,1001,9.84,100,90,3.6,100,0.42,5000,1001,9.84,100,90,3.6,100,0.42,5000,1001,9.84,100,90,3.6,100,0.42,5000,1001,9.84,100,90,3.6,100,0.42,5000,1001,9.84,100,90,3.6,100,0.42,5000,1001,9.84,100,90,3.6,100,0.42,5000,1001,9.84,100,90,3.6,100,0.42,5000,1001,9.84,100,90,3.6,100,0.42,5000,1001,9.84,100,90,3.6,100,0.42,5000,1001,9.84,100,90,3.6,100,0.42,5000
1001,9.84,100,90,3.6,100,0.42,5000,12,0,9,3,1001,9.84,100,90,3.6,100,0.42,5000,1001,9.84,100,90,3.6,100,0.42,5000,1001,9.84,100,90,3.6,100,0.42,5000,1001,9.84,100,90,3.6,100,0.42,5000,1001,9.84,100,90,3.6,100,0.42,5000,1001,9.84,100,90,3.6,100,0.42,5000,1001,9.84,100,90,3.6,100,0.42,5000,1001,9.84,100,90,3.6,100,0.42,5000,1001,9.84,100,90,3.6,100,0.42,5000,1001,9.84,100,90,3.6,100,0.42,5000,1001,9.84,100,90,3.6,100,0.42,5000,1001,9.84,100,90,3.6,100,0.42,5000
1001,9.84,100,90,3.6,100,0.42,5000,13,0,9,3,1001,9.84,100,90,3.6,100,0.42,5000,1001,9.84,100,90,3.6,100,0.42,5000,1001,9.84,100,90,3.6,100,0.42,5000,1001,9.84,100,90,3.6,100,0.42,5000,1001,9.84,100,90,3.6,100,0.42,5000,1001,9.84,100,90,3.6,100,0.42,5000,1001,9.84,100,90,3.6,100,0.42,5000,1001,9.84,100,90,3.6,100,0.42,5000,1001,9.84,100,90,3.6,100,0.42,5000,1001,9.84,100,90,3.6,100,0.42,5000,1001,9.84,100,90,3.6,100,0.42,5000,1001,9.84,100,90,3.6,100,0.42,5000
1001,9.84,100,90,3.6,100,0.42,5000,14,0,9,3,1001,9.84,100,90,3.6,100,0.42,5000,1001,9.84,100,90,3.6,100,0.42,5000,1001,9.84,100,90,3.6,100,0.42,5000,1001,9.84,100,90,3.6,100,0.42,5000,1001,9.84,100,90,3.6,100,0.42,5000,1001,9.84,100,90,3.6,100,0.42,5000,1001,9.84,100,90,3.6,100,0.42,5000,1001,9.84,100,90,3.6,100,0.42,5000,1001,9.84,100,90,3.6,100,0.42,5000,1001,9.84,100,90,3.6,100,0.42,5000,1001,9.84,100,90,3.6,100,0.42,5000,1001,9.84,100,90,3.6,100,0.42,5000
1001,9.84,100,90,3.6,100,0.42,5000,15,0,9,3,1001,9.84,100,90,3.6,100,0.42,5000,1001,9.84,100,90,3.6,100,0.42,5000,1001,9.84,100,90,3.6,100,0.42,5000,1001,9.84,100,90,3.6,100,0.42,5000,1001,9.84,100,90,3.6,100,0.42,5000,1001,9.84,100,90,3.6,100,0.42,5000,1001,9.84,100,90,3.6,100,0.42,5000,1001,9.84,100,90,3.6,100,0.42,5000,1001,9.84,100,90,3.6,100,0.42,5000,1001,9.84,100,90,3.6,100,0.42,5000,1001,9.84,100,90,3.6,100,0.42,5000,1001,9.84,100,90,3.6,100,0.42,5000
1001,9.84,100,90,3.6,100,0.42,5000,16,0,9,3,1001,9.84,100,90,3.6,100,0.42,5000,1001,9.84,100,90,3.6,100,0.42,5000,1001,9.84,100,90,3.6,100,0.42,5000,1001,9.84,100,90,3.6,100,0.42,5000,1001,9.84,100,90,3.6,100,0.42,5000,1001,9.84,100,90,3.6,100,0.42,5000,1001,9.84,100,90,3.6,100,0.42,5000,1001,9.84,100,90,3.6,100,0.42,5000,1001,9.84,100,90,3.6,100,0.42,5000,1001,9.84,100,90,3.6,100,0.42,5000,1001,9.84,100,90,3.6,100,0.42,5000,1001,9.84,100,90,3.6,100,0.42,5000
1001,9.84,100,90,3.6,100,0.42,5000,17,0,9,3,1001,9.84,100,90,3.6,100,0.42,5000,1001,9.84,100,90,3.6,100,0.42,5000,1001,9.84,100,90,3.6,100,0.42,5000,1001,9.84,100,90,3.6,100,0.42,5000,1001,9.84,100,90,3.6,100,0.42,5000,1001,9.84,100,90,3.6,100,0.42,5000,1001,9.84,100,90,3.6,100,0.42,5000,1001,9.84,100,90,3.6,100,0.42,5000,1001,9.84,100,90,3.6,100,0.42,5000,1001,9.84,100,90,3.6,100,0.42,5000,1001,9.84,100,90,3.6,100,0.42,5000,1001,9.84,100,90,3.6,100,0.42,5000
1001,9.84,100,90,3.6,100,0.42,5000,18,0,9,3,1001,9.84,100,90,3.6,100,0.42,5000,1001,9.84,100,90,3.6,100,0.42,5000,1001,9.84,100,90,3.6,100,0.42,5000,1001,9.84,100,90,3.6,100,0.42,5000,1001,9.84,100,90,3.6,100,0.42,5000,1001,9.84,100,90,3.6,100,0.42,5000,1001,9.84,100,90,3.6,100,0.42,5000,1001,9.84,100,90,3.6,100,0.42,5000,1001,9.84,100,90,3.6,100,0.42,5000,1001,9.84,100,90,3.6,100,0.42,5000,1001,9.84,100,90,3.6,100,0.42,5000,1001,9.84,100,90,3.6,100,0.42,5000
1001,9.84,100,90,3.6,100,0.42,5000,19,0,9,3,1001,9.84,100,90,3.6,100,0.42,5000,1001,9.84,100,90,3.6,100,0.42,5000,1001,9.84,100,90,3.6,100,0.42,5000,1001,9.84,100,90,3.6,100,0.42,5000,1001,9.84,100,90,3.6,100,0.42,5000,1001,9.84,100,90,3.6,100,0.42,5000,1001,9.84,100,90,3.6,100,0.42,5000,1001,9.84,100,90,3.6,100,0.42,5000,1001,9.84,100,90,3.6,100,0.42,5000,1001,9.84,100,90,3.6,100,0.42,5000,1001,9.84,100,90,3.6,100,0.42,5000,1001,9.84,100,90,3.6,100,0.42,5000
1001,9.84,100,90,3.6,100,0.42,5000,20,0,9,3,1001,9.84,100,90,3.6,100,0.42,5000,1001,9.84,100,90,3.6,100,0.42,5000,1001,9.84,100,90,3.6,100,0.42,5000,1001,9.84,100,90,3.6,100,0.42,5000,1001,9.84,100,90,3.6,100,0.42,5000,1001,9.84,100,90,3.6,100,0.42,5000,1001,9.84,100,90,3.6,100,0.42,5000,1001,9.84,100,90,3.6,100,0.42,5000,1001,9.84,100,90,3.6,100,0.42,5000,1001,9.84,100,90,3.6,100,0.42,5000,1001,9.84,100,90,3.6,100,0.42,5000,1001,9.84,100,90,3.6,100,0.42,5000
1001,9.84,100,90,3.6,100,0.42,5000,21,0,9,3,1001,9.84,100,90,3.6,100,0.42,5000,1001,9.84,100,90,3.6,100,0.42,5000,1001,9.84,100,90,3.6,100,0.42,5000,1001,9.84,100,90,3.6,100,0.42,5000,1001,9.84,100,90,3.6,100,0.42,5000,1001,9.84,100,90,3.6,100,0.42,5000,1001,9.84,100,90,3.6,100,0.42,5000,1001,9.84,100,90,3.6,100,0.42,5000,1001,9.84,100,90,3.6,100,0.42,5000,1001,9.84,100,90,3.6,100,0.42,5000,1001,9.84,100,90,3.6,100,0.42,5000,1001,9.84,100,90,3.6,100,0.42,5000
1001,9.84,100,90,3.6,100,0.42,5000,22,0,9,3,1001,9.84,100,90,3.6,100,0.42,5000,1001,9.84,100,90,3.6,100,0.42,5000,1001,9.84,100,90,3.6,100,0.42,5000,1001,9.84,100,90,3.6,100,0.42,5000,1001,9.84,100,90,3.6,100,0.42,5000,1001,9.84,100,90,3.6,100,0.42,5000,1001,9.84,100,90,3.6,100,0.42,5000,1001,9.84,100,90,3.6,100,0.42,5000,1001,9.84,100,90,3.6,100,0.42,5000,1001,9.84,100,90,3.6,100,0.42,5000,1001,9.84,100,90,3.6,100,0.42,5000,1001,9.84,100,90,3.6,100,0.42,5000
1001,9.84,100,90,3.6,100,0.42,5000,23,0,9,3,1001,9.84,100,90,3.6,100,0.42,5000,1001,9.84,100,90,3.6,100,0.42,5000,1001,9.84,100,90,3.6,100,0.42,5000,1001,9.84,100,90,3.6,100,0.42,5000,1001,9.84,100,90,3.6,100,0.42,5000,1001,9.84,100,90,3.6,100,0.42,5000,1001,9.84,100,90,3.6,100,0.42,5000,1001,9.84,100,90,3.6,100,0.42,5000,1001,9.84,100,90,3.6,100,0.42,5000,1001,9.84,100,90,3.6,100,0.42,5000,1001,9.84,100,90,3.6,100,0.42,5000,1001,9.84,100,90,3.6,100,0.42,5000
1001,9.84,100,90,3.6,100,0.42,5000,0,0,10,3,1001,9.84,100,90,3.6,100,0.42,5000,1001,9.84,100,90,3.6,100,0.42,5000,1001,9.84,100,90,3.6,100,0.42,5000,1001,9.84,100,90,3.6,100,0.42,5000,1001,9.84,100,90,3.6,100,0.42,5000,1001,9.84,100,90,3.6,100,0.42,5000,1001,9.84,100,90,3.6,100,0.42,5000,1001,9.84,100,90,3.6,100,0.42,5000,1001,9.84,100,90,3.6,100,0.42,5000,1001,9.84,100,90,3.6,100,0.42,5000,1001,9.84,100,90,3.6,100,0.42,5000,1001,9.84,100,90,3.6,100,0.42,5000
1001,9.84,100,90,3.6,100,0.42,5000,1,0,10,3,1001,9.84,100,90,3.6,100,0.42,5000,1001,9.84,100,90,3.6,100,0.42,5000,1001,9.84,100,90,3.6,100,0.42,5000,1001,9.84,100,90,3.6,100,0.42,5000,1001,9.84,100,90,3.6,100,0.42,5000,1001,9.84,100,90,3.6,100,0.42,5000,1001,9.84,100,90,3.6,100,0.42,5000,1001,9.84,100,90,3.6,100,0.42,5000,1001,9.84,100,90,3.6,100,0.42,5000,1001,9.84,100,90,3.6,100,0.42,5000,1001,9.84,100,90,3.6,100,0.42,5000,1001,9.84,100,90,3.6,100,0.42,5000
1001,9.84,100,90,3.6,100,0.42,5000,2,0,10,3,1001,9.84,100,90,3.6,100,0.42,5000,1001,9.84,100,90,3.6,100,0.42,5000,1001,9.84,100,90,3.6,100,0.42,5000,1001,9.84,100,90,3.6,100,0.42,5000,1001,9.84,100,90,3.6,100,0.42,5000,1001,9.84,100,90,3.6,100,0.42,5000,1001,9.84,100,90,3.6,100,0.42,5000,1001,9.84,100,90,3.6,100,0.42,5000,1001,9.84,100,90,3.6,100,0.42,5000,1001,9.84,100,90,3.6,100,0.42,5000,1001,9.84,100,90,3.6,100,0.42,5000,1001,9.84,100,90,3.6,100,0.42,5000
1001,9.84,100,90,3.6,100,0.42,5000,3,0,10,3,1001,9.84,100,90,3.6,100,0.42,5000,1001,9.84,100,90,3.6,100,0.42,5000,1001,9.84,100,90,3.6,100,0.42,5000,1001,9.84,100,90,3.6,100,0.42,5000,1001,9.84,100,90,3.6,100,0.42,5000,1001,9.84,100,90,3.6,100,0.42,5000,1001,9.84,100,90,3.6,100,0.42,5000,1001,9.84,100,90,3.6,100,0.42,5000,1001,9.84,100,90,3.6,100,0.42,5000,1001,9.84,100,90,3.6,100,0.42,5000,1001,9.84,100,90,3.6,100,0.42,5000,1001,9.84,100,90,3.6,100,0.42,5000
1001,9.84,100,90,3.6,100,0.42,5000,4,0,10,3,1001,9.84,100,90,3.6,100,0.42,5000,1001,9.84,100,90,3.6,100,0.42,5000,1001,9.84,100,90,3.6,100,0.42,5000,1001,9.84,100,90,3.6,100,0.42,5000,1001,9.84,100,90,3.6,100,0.42,5000,1001,9.84,100,90,3.6,100,0.42,5000,1001,9.84,100,90,3.6,100,0.42,5000,1001,9.84,100,90,3.6,100,0.42,5000,1001,9.84,100,90,3.6,100,0.42,5000,1001,9.84,100,90,3.6,100,0.42,5000,1001,9.84,100,90,3.6,100,0.42,5000,1001,9.84,100,90,3.6,100,0.42,5000
1001,9.84,100,90,3.6,100,0.42,5000,5,0,10,3,1001,9.84,100,90,3.6,100,0.42,5000,1001,9.84,100,90,3.6,100,0.42,5000,1001,9.84,100,90,3.6,100,0.42,5000,1001,9.84,100,90,3.6,100,0.42,5000,1001,9.84,100,90,3.6,100,0.42,5000,1001,9.84,100,90,3.6,100,0.42,5000,1001,9.84,100,90,3.6,100,0.42,5000,1001,9.84,100,90,3.6,100,0.42,5000,1001,9.84,100,90,3.6,100,0.42,5000,1001,9.84,100,90,3.6,100,0.42,5000,1001,9.84,100,90,3.6,100,0.42,5000,1001,9.84,100,90,3.6,100,0.42,5000
1001,9.84,100,90,3.6,100,0.42,5000,6,0,10,3,1001,9.84,100,90,3.6,100,0.42,5000,1001,9.84,100,90,3.6,100,0.42,5000,1001,9.84,100,90,3.6,100,0.42,5000,1001,9.84,100,90,3.6,100,0.42,5000,1001,9.84,100,90,3.6,100,0.42,5000,1001,9.84,100,90,3.6,100,0.42,5000,1001,9.84,100,90,3.6,100,0.42,5000,1001,9.84,100,90,3.6,100,0.42,5000,1001,9.84,100,90,3.6,100,0.42,5000,1001,9.84,100,90,3.6,100,0.42,5000,1001,9.84,100,90,3.6,100,0.42,5000,1001,9.84,100,90,3.6,100,0.42,5000
1001,9.84,100,90,3.6,100,0.42,5000,7,0,10,3,1001,9.84,100,90,3.6,100,0.42,5000,1001,9.84,100,90,3.6,100,0.42,5000,1001,9.84,100,90,3.6,100,0.42,5000,1001,9.84,100,90,3.6,100,0.42,5000,1001,9.84,100,90,3.6,100,0.42,5000,1001,9.84,100,90,3.6,100,0.42,5000,1001,9.84,100,90,3.6,100,0.42,5000,1001,9.84,100,90,3.6,100,0.42,5000,1001,9.84,100,90,3.6,100,0.42,5000,1001,9.84,100,90,3.6,100,0.42,5000,1001,9.84,100,90,3.6,100,0.42,5000,1001,9.84,100,90,3.6,100,0.42,5000
1001,9.84,100,90,3.6,100,0.42,5000,8,0,10,3,1001,9.84,100,90,3.6,100,0.42,5000,1001,9.84,100,90,3.6,100,0.42,5000,1001,9.84,100,90,3.6,100,0.42,5000,1001,9.84,100,90,3.6,100,0.42,5000,1001,9.84,100,90,3.6,100,0.42,5000,1001,9.84,100,90,3.6,100,0.42,5000,1001,9.84,100,90,3.6,100,0.42,5000,1001,9.84,100,90,3.6,100,0.42,5000,1001,9.84,100,90,3.6,100,0.42,5000,1001,9.84,100,90,3.6,100,0.42,5000,1001,9.84,100,90,3.6,100,0.42,5000,1001,9.84,100,90,3.6,100,0.42,5000
1001,9.84,100,90,3.6,100,0.42,5000,9,0,10,3,1001,9.84,100,90,3.6,100,0.42,5000,1001,9.84,100,90,3.6,100,0.42,5000,1001,9.84,100,90,3.6,100,0.42,5000,1001,9.84,100,90,3.6,100,0.42,5000,1001,9.84,100,90,3.6,100,0.42,5000,1001,9.84,100,90,3.6,100,0.42,5000,1001,9.84,100,90,3.6,100,0.42,5000,1001,9.84,100,90,3.6,100,0.42,5000,1001,9.84,100,90,3.6,100,0.42,5000,1001,9.84,100,90,3.6,100,0.42,5000,1001,9.84,100,90,3.6,100,0.42,5000,1001,9.84,100,90,3.6,100,0.42,5000
1001,9.84,100,90,3.6,100,0.42,5000,10,0,10,3,1001,9.84,100,90,3.6,100,0.42,5000,1001,9.84,100,90,3.6,100,0.42,5000,1001,9.84,100,90,3.6,100,0.42,5000,1001,9.84,100,90,3.6,100,0.42,5000,1001,9.84,100,90,3.6,100,0.42,5000,1001,9.84,100,90,3.6,100,0.42,5000,1001,9.84,100,90,3.6,100,0.42,5000,1001,9.84,100,90,3.6,100,0.42,5000,1001,9.84,100,90,3.6,100,0.42,5000,1001,9.84,100,90,3.6,100,0.42,5000,1001,9.84,100,90,3.6,100,0.42,5000,1001,9.84,100,90,3.6,100,0.42,5000
1001,9.84,100,90,3.6,100,0.42,5000,11,0,10,3,1001,9.84,100,90,3.6,100,0.42,5000,1001,9.84,100,90,3.6,100,0.42,5000,1001,9.84,100,90,3.6,100,0.42,5000,1001,9.84,100,90,3.6,100,0.42,5000,1001,9.84,100,90,3.6,100,0.42,5000,1001,9.84,100,90,3.6,100,0.42,5000,1001,9.84,100,90,3.6,100,0.42,5000,1001,9.84,100,90,3.6,100,0.42,5000,1001,9.84,100,90,3.6,100,0.42,5000,1001,9.84,100,90,3.6,100,0.42,5000,1001,9.84,100,90,3.6,100,0.42,5000,1001,9.84,100,90,3.6,100,0.42,5000
1001,9.84,100,90,3.6,100,0.42,5000,12,0,10,3,1001,9.84,100,90,3.6,100,0.42,5000,1001,9.84,100,90,3.6,100,0.42,5000,1001,9.84,100,90,3.6,100,0.42,5000,1001,9.84,100,90,3.6,100,0.42,5000,1001,9.84,100,90,3.6,100,0.42,5000,1001,9.84,100,90,3.6,100,0.42,5000,1001,9.84,100,90,3.6,100,0.42,5000,1001,9.84,100,90,3.6,100,0.42,5000,1001,9.84,100,90,3.6,100,0.42,5000,1001,9.84,100,90,3.6,100,0.42,5000,1001,9.84,100,90,3.6,100,0.42,5000,1001,9.84,100,90,3.6,100,0.42,5000
1001,9.84,100,90,3.6,100,0.42,5000,13,0,10,3,1001,9.84,100,90,3.6,100,0.42,5000,1001,9.84,100,90,3.6,100,0.42,5000,1001,9.84,100,90,3.6,100,0.42,5000,1001,9.84,100,90,3.6,100,0.42,5000,1001,9.84,100,90,3.6,100,0.42,5000,1001,9.84,100,90,3.6,100,0.42,5000,1001,9.84,100,90,3.6,100,0.42,5000,1001,9.84,100,90,3.6,100,0.42,5000,1001,9.84,100,90,3.6,100,0.42,5000,1001,9.84,100,90,3.6,100,0.42,5000,1001,9.84,100,90,3.6,100,0.42,5000,1001,9.84,100,90,3.6,100,0.42,5000
1001,9.84,100,90,3.6,100,0.42,5000,14,0,10,3,1001,9.84,100,90,3.6,100,0.42,5000,1001,9.84,100,90,3.6,100,0.42,5000,1001,9.84,100,90,3.6,100,0.42,5000,1001,9.84,100,90,3.6,100,0.42,5000,1001,9.84,100,90,3.6,100,0.42,5000,1001,9.84,100,90,3.6,100,0.42,5000,1001,9.84,100,90,3.6,100,0.42,5000,1001,9.84,100,90,3.6,100,0.42,5000,1001,9.84,100,90,3.6,100,0.42,5000,1001,9.84,100,90,3.6,100,0.42,5000,1001,9.84,100,90,3.6,100,0.42,5000,1001,9.84,100,90,3.6,100,0.42,5000
1001,9.84,100,90,3.6,100,0.42,5000,15,0,10,3,1001,9.84,100,90,3.6,100,0.42,5000,1001,9.84,100,90,3.6,100,0.42,5000,1001,9.84,100,90,3.6,100,0.42,5000,1001,9.84,100,90,3.6,100,0.42,5000,1001,9.84,100,90,3.6,100,0.42,5000,1001,9.84,100,90,3.6,100,0.42,5000,1001,9.84,100,90,3.6,100,0.42,5000,1001,9.84,100,90,3.6,100,0.42,5000,1001,9.84,100,90,3.6,100,0.42,5000,1001,9.84,100,90,3.6,100,0.42,5000,1001,9.84,100,90,3.6,100,0.42,5000,1001,9.84,100,90,3.6,100,0.42,5000
1001,9.84,100,90,3.6,100,0.42,5000,16,0,10,3,1001,9.84,100,90,3.6,100,0.42,5000,1001,9.84,100,90,3.6,100,0.42,5000,1001,9.84,100,90,3.6,100,0.42,5000,1001,9.84,100,90,3.6,100,0.42,5000,1001,9.84,100,90,3.6,100,0.42,5000,1001,9.84,100,90,3.6,100,0.42,5000,1001,9.84,100,90,3.6,100,0.42,5000,1001,9.84,100,90,3.6,100,0.42,5000,1001,9.84,100,90,3.6,100,0.42,5000,1001,9.84,100,90,3.6,100,0.42,5000,1001,9.84,100,90,3.6,100,0.42,5000,1001,9.84,100,90,3.6,100,0.42,5000
1001,9.84,100,90,3.6,100,0.42,5000,17,0,10,3,1001,9.84,100,90,3.6,100,0.42,5000,1001,9.84,100,90,3.6,100,0.42,5000,1001,9.84,100,90,3.6,100,0.42,5000,1001,9.84,100,90,3.6,100,0.42,5000,1001,9.84,100,90,3.6,100,0.42,5000,1001,9.84,100,90,3.6,100,0.42,5000,1001,9.84,100,90,3.6,100,0.42,5000,1001,9.84,100,90,3.6,100,0.42,5000,1001,9.84,100,90,3.6,100,0.42,5000,1001,9.84,100,90,3.6,100,0.42,5000,1001,9.84,100,90,3.6,100,0.42,5000,1001,9.84,100,90,3.6,100,0.42,5000
1001,9.84,100,90,3.6,100,0.42,5000,18,0,10,3,1001,9.84,100,90,3.6,100,0.42,5000,1001,9.84,100,90,3.6,100,0.42,5000,1001,9.84,100,90,3.6,100,0.42,5000,1001,9.84,100,90,3.6,100,0.42,5000,1001,9.84,100,90,3.6,100,0.42,5000,1001,9.84,100,90,3.6,100,0.42,5000,1001,9.84,100,90,3.6,100,0.42,5000,1001,9.84,100,90,3.6,100,0.42,5000,1001,9.84,100,90,3.6,100,0.42,5000,1001,9.84,100,90,3.6,100,0.42,5000,1001,9.84,100,90,3.6,100,0.42,5000,1001,9.84,100,90,3.6,100,0.42,5000
1001,9.84,100,90,3.6,100,0.42,5000,19,0,10,3,1001,9.84,100,90,3.6,100,0.42,5000,1001,9.84,100,90,3.6,100,0.42,5000,1001,9.84,100,90,3.6,100,0.42,5000,1001,9.84,100,90,3.6,100,0.42,5000,1001,9.84,100,90,3.6,100,0.42,5000,1001,9.84,100,90,3.6,100,0.42,5000,1001,9.84,100,90,3.6,100,0.42,5000,1001,9.84,100,90,3.6,100,0.42,5000,1001,9.84,100,90,3.6,100,0.42,5000,1001,9.84,100,90,3.6,100,0.42,5000,1001,9.84,100,90,3.6,100,0.42,5000,1001,9.84,100,90,3.6,100,0.42,5000
1001,9.84,100,90,3.6,100,0.42,5000,20,0,10,3,1001,9.84,100,90,3.6,100,0.42,5000,1001,9.84,100,90,3.6,100,0.42,5000,1001,9.84,100,90,3.6,100,0.42,5000,1001,9.84,100,90,3.6,100,0.42,5000,1001,9.84,100,90,3.6,100,0.42,5000,1001,9.84,100,90,3.6,100,0.42,5000,1001,9.84,100,90,3.6,100,0.42,5000,1001,9.84,100,90,3.6,100,0.42,5000,1001,9.84,100,90,3.6,100,0.42,5000,1001,9.84,100,90,3.6,100,0.42,5000,1001,9.84,100,90,3.6,100,0.42,5000,1001,9.84,100,90,3.6,100,0.42,5000
1001,9.84,100,90,3.6,100,0.42,5000,21,0,10,3,1001,9.84,100,90,3.6,100,0.42,5000,1001,9.84,100,90,3.6,100,0.42,5000,1001,9.84,100,90,3.6,100,0.42,5000,1001,9.84,100,90,3.6,100,0.42,5000,1001,9.84,100,90,3.6,100,0.42,5000,1001,9.84,100,90,3.6,100,0.42,5000,1001,9.84,100,90,3.6,100,0.42,5000,1001,9.84,100,90,3.6,100,0.42,5000,1001,9.84,100,90,3.6,100,0.42,5000,1001,9.84,100,90,3.6,100,0.42,5000,1001,9.84,100,90,3.6,100,0.42,5000,1001,9.84,100,90,3.6,100,0.42,5000
1001,9.84,100,90,3.6,100,0.42,5000,22,0,10,3,1001,9.84,100,90,3.6,100,0.42,5000,1001,9.84,100,90,3.6,100,0.42,5000,1001,9.84,100,90,3.6,100,0.42,5000,1001,9.84,100,90,3.6,100,0.42,5000,1001,9.84,100,90,3.6,100,0.42,5000,1001,9.84,100,90,3.6,100,0.42,5000,1001,9.84,100,90,3.6,100,0.42,5000,1001,9.84,100,90,3.6,100,0.42,5000,1001,9.84,100,90,3.6,100,0.42,5000,1001,9.84,100,90,3.6,100,0.42,5000,1001,9.84,100,90,3.6,100,0.42,5000,1001,9.84,100,90,3.6,100,0.42,5000
1001,9.84,100,90,3.6,100,0.42,5000,23,0,10,3,1001,9.84,100,90,3.6,100,0.42,5000,1001,9.84,100,90,3.6,100,0.42,5000,1001,9.84,100,90,3.6,100,0.42,5000,1001,9.84,100,90,3.6,100,0.42,5000,1001,9.84,100,90,3.6,100,0.42,5000,1001,9.84,100,90,3.6,100,0.42,5000,1001,9.84,100,90,3.6,100,0.42,5000,1001,9.84,100,90,3.6,100,0.42,5000,1001,9.84,100,90,3.6,100,0.42,5000,1001,9.84,100,90,3.6,100,0.42,5000,1001,9.84,100,90,3.6,100,0.42,5000,1001,9.84,100,90,3.6,100,0.42,5000
1001,9.84,100,90,3.6,100,0.42,5000,0,0,11,3,1001,9.84,100,90,3.6,100,0.42,5000,1001,9.84,100,90,3.6,100,0.42,5000,1001,9.84,100,90,3.6,100,0.42,5000,1001,9.84,100,90,3.6,100,0.42,5000,1001,9.84,100,90,3.6,100,0.42,5000,1001,9.84,100,90,3.6,100,0.42,5000,1001,9.84,100,90,3.6,100,0.42,5000,1001,9.84,100,90,3.6,100,0.42,5000,1001,9.84,100,90,3.6,100,0.42,5000,1001,9.84,100,90,3.6,100,0.42,5000,1001,9.84,100,90,3.6,100,0.42,5000,1001,9.84,100,90,3.6,100,0.42,5000
1001,9.84,100,90,3.6,100,0.42,5000,1,0,11,3,1001,9.84,100,90,3.6,100,0.42,5000,1001,9.84,100,90,3.6,100,0.42,5000,1001,9.84,100,90,3.6,100,0.42,5000,1001,9.84,100,90,3.6,100,0.42,5000,1001,9.84,100,90,3.6,100,0.42,5000,1001,9.84,100,90,3.6,100,0.42,5000,1001,9.84,100,90,3.6,100,0.42,5000,1001,9.84,100,90,3.6,100,0.42,5000,1001,9.84,100,90,3.6,100,0.42,5000,1001,9.84,100,90,3.6,100,0.42,5000,1001,9.84,100,90,3.6,100,0.42,5000,1001,9.84,100,90,3.6,100,0.42,5000
1001,9.84,100,90,3.6,100,0.42,5000,2,0,11,3,1001,9.84,100,90,3.6,100,0.42,5000,1001,9.84,100,90,3.6,100,0.42,5000,1001,9.84,100,90,3.6,100,0.42,5000,1001,9.84,100,90,3.6,100,0.42,5000,1001,9.84,100,90,3.6,100,0.42,5000,1001,9.84,100,90,3.6,100,0.42,5000,1001,9.84,100,90,3.6,100,0.42,5000,1001,9.84,100,90,3.6,100,0.42,5000,1001,9.84,100,90,3.6,100,0.42,5000,1001,9.84,100,90,3.6,100,0.42,5000,1001,9.84,100,90,3.6,100,0.42,5000,1001,9.84,100,90,3.6,100,0.42,5000
1001,9.84,100,90,3.6,100,0.42,5000,3,0,11,3,1001,9.84,100,90,3.6,100,0.42,5000,1001,9.84,100,90,3.6,100,0.42,5000,1001,9.84,100,90,3.6,100,0.42,5000,1001,9.84,100,90,3.6,100,0.42,5000,1001,9.84,100,90,3.6,100,0.42,5000,1001,9.84,100,90,3.6,100,0.42,5000,1001,9.84,100,90,3.6,100,0.42,5000,1001,9.84,100,90,3.6,100,0.42,5000,1001,9.84,100,90,3.6,100,0.42,5000,1001,9.84,100,90,3.6,100,0.42,5000,1001,9.84,100,90,3.6,100,0.42,5000,1001,9.84,100,90,3.6,100,0.42,5000
1001,9.84,100,90,3.6,100,0.42,5000,4,0,11,3,1001,9.84,100,90,3.6,100,0.42,5000,1001,9.84,100,90,3.6,100,0.42,5000,1001,9.84,100,90,3.6,100,0.42,5000,1001,9.84,100,90,3.6,100,0.42,5000,1001,9.84,100,90,3.6,100,0.42,5000,1001,9.84,100,90,3.6,100,0.42,5000,1001,9.84,100,90,3.6,100,0.42,5000,1001,9.84,100,90,3.6,100,0.42,5000,1001,9.84,100,90,3.6,100,0.42,5000,1001,9.84,100,90,3.6,100,0.42,5000,1001,9.84,100,90,3.6,100,0.42,5000,1001,9.84,100,90,3.6,100,0.42,5000
1001,9.84,100,90,3.6,100,0.42,5000,5,0,11,3,1001,9.84,100,90,3.6,100,0.42,5000,1001,9.84,100,90,3.6,100,0.42,5000,1001,9.84,100,90,3.6,100,0.42,5000,1001,9.84,100,90,3.6,100,0.42,5000,1001,9.84,100,90,3.6,100,0.42,5000,1001,9.84,100,90,3.6,100,0.42,5000,1001,9.84,100,90,3.6,100,0.42,5000,1001,9.84,100,90,3.6,100,0.42,5000,1001,9.84,100,90,3.6,100,0.42,5000,1001,9.84,100,90,3.6,100,0.42,5000,1001,9.84,100,90,3.6,100,0.42,5000,1001,9.84,100,90,3.6,100,0.42,5000
1001,9.84,100,90,3.6,100,0.42,5000,6,0,11,3,1001,9.84,100,90,3.6,100,0.42,5000,1001,9.84,100,90,3.6,100,0.42,5000,1001,9.84,100,90,3.6,100,0.42,5000,1001,9.84,100,90,3.6,100,0.42,5000,1001,9.84,100,90,3.6,100,0.42,5000,1001,9.84,100,90,3.6,100,0.42,5000,1001,9.84,100,90,3.6,100,0.42,5000,1001,9.84,100,90,3.6,100,0.42,5000,1001,9.84,100,90,3.6,100,0.42,5000,1001,9.84,100,90,3.6,100,0.42,5000,1001,9.84,100,90,3.6,100,0.42,5000,1001,9.84,100,90,3.6,100,0.42,5000
1001,9.84,100,90,3.6,100,0.42,5000,7,0,11,3,1001,9.84,100,90,3.6,100,0.42,5000,1001,9.84,100,90,3.6,100,0.42,5000,1001,9.84,100,90,3.6,100,0.42,5000,1001,9.84,100,90,3.6,100,0.42,5000,1001,9.84,100,90,3.6,100,0.42,5000,1001,9.84,100,90,3.6,100,0.42,5000,1001,9.84,100,90,3.6,100,0.42,5000,1001,9.84,100,90,3.6,100,0.42,5000,1001,9.84,100,90,3.6,100,0.42,5000,1001,9.84,100,90,3.6,100,0.42,5000,1001,9.84,100,90,3.6,100,0.42,5000,1001,9.84,100,90,3.6,100,0.42,5000
1001,9.84,100,90,3.6,100,0.42,5000,8,0,11,3,1001,9.84,100,90,3.6,100,0.42,5000,1001,9.84,100,90,3.6,100,0.42,5000,1001,9.84,100,90,3.6,100,0.42,5000,1001,9.84,100,90,3.6,100,0.42,5000,1001,9.84,100,90,3.6,100,0.42,5000,1001,9.84,100,90,3.6,100,0.42,5000,1001,9.84,100,90,3.6,100,0.42,5000,1001,9.84,100,90,3.6,100,0.42,5000,1001,9.84,100,90,3.6,100,0.42,5000,1001,9.84,100,90,3.6,100,0.42,5000,1001,9.84,100,90,3.6,100,0.42,5000,1001,9.84,100,90,3.6,100,0.42,5000
1001,9.84,100,90,3.6,100,0.42,5000,9,0,11,3,1001,9.84,100,90,3.6,100,0.42,5000,1001,9.84,100,90,3.6,100,0.42,5000,1001,9.84,100,90,3.6,100,0.42,5000,1001,9.84,100,90,3.6,100,0.42,5000,1001,9.84,100,90,3.6,100,0.42,5000,1001,9.84,100,90,3.6,100,0.42,5000,1001,9.84,100,90,3.6,100,0.42,5000,1001,9.84,100,90,3.6,100,0.42,5000,1001,9.84,100,90,3.6,100,0.42,5000,1001,9.84,100,90,3.6,100,0.42,5000,1001,9.84,100,90,3.6,100,0.42,5000,1001,9.84,100,90,3.6,100,0.42,5000
1001,9.84,100,90,3.6,100,0.42,5000,10,0,11,3,1001,9.84,100,90,3.6,100,0.42,5000,1001,9.84,100,90,3.6,100,0.42,5000,1001,9.84,100,90,3.6,100,0.42,5000,1001,9.84,100,90,3.6,100,0.42,5000,1001,9.84,100,90,3.6,100,0.42,5000,1001,9.84,100,90,3.6,100,0.42,5000,1001,9.84,100,90,3.6,100,0.42,5000,1001,9.84,100,90,3.6,100,0.42,5000,1001,9.84,100,90,3.6,100,0.42,5000,1001,9.84,100,90,3.6,100,0.42,5000,1001,9.84,100,90,3.6,100,0.42,5000,1001,9.84,100,90,3.6,100,0.42,5000
1001,9.84,100,90,3.6,100,0.42,5000,11,0,11,3,1001,9.84,100,90,3.6,100,0.42,5000,1001,9.84,100,90,3.6,100,0.42,5000,1001,9.84,100,90,3.6,100,0.42,5000,1001,9.84,100,90,3.6,100,0.42,5000,1001,9.84,100,90,3.6,100,0.42,5000,1001,9.84,100,90,3.6,100,0.42,5000,1001,9.84,100,90,3.6,100,0.42,5000,1001,9.84,100,90,3.6,100,0.42,5000,1001,9.84,100,90,3.6,100,0.42,5000,1001,9.84,100,90,3.6,100,0.42,5000,1001,9.84,100,90,3.6,100,0.42,5000,1001,9.84,100,90,3.6,100,0.42,5000
1001,9.84,100,90,3.6,100,0.42,5000,12,0,11,3,1001,9.84,100,90,3.6,100,0.42,5000,1001,9.84,100,90,3.6,100,0.42,5000,1001,9.84,100,90,3.6,100,0.42,5000,1001,9.84,100,90,3.6,100,0.42,5000,1001,9.84,100,90,3.6,100,0.42,5000,1001,9.84,100,90,3.6,100,0.42,5000,1001,9.84,100,90,3.6,100,0.42,5000,1001,9.84,100,90,3.6,100,0.42,5000,1001,9.84,100,90,3.6,100,0.42,5000,1001,9.84,100,90,3.6,100,0.42,5000,1001,9.84,100,90,3.6,100,0.42,5000,1001,9.84,100,90,3.6,100,0.42,5000
1001,9.84,100,90,3.6,100,0.42,5000,13,0,11,3,1001,9.84,100,90,3.6,100,0.42,5000,1001,9.84,100,90,3.6,100,0.42,5000,1001,9.84,100,90,3.6,100,0.42,5000,1001,9.84,100,90,3.6,100,0.42,5000,1001,9.84,100,90,3.6,100,0.42,5000,1001,9.84,100,90,3.6,100,0.42,5000,1001,9.84,100,90,3.6,100,0.42,5000,1001,9.84,100,90,3.6,100,0.42,5000,1001,9.84,100,90,3.6,100,0.42,5000,1001,9.84,100,90,3.6,100,0.42,5000,1001,9.84,100,90,3.6,100,0.42,5000,1001,9.84,100,90,3.6,100,0.42,5000
1001,9.84,100,90,3.6,100,0.42,5000,14,0,11,3,1001,9.84,100,90,3.6,100,0.42,5000,1001,9.84,100,90,3.6,100,0.42,5000,1001,9.84,100,90,3.6,100,0.42,5000,1001,9.84,100,90,3.6,100,0.42,5000,1001,9.84,100,90,3.6,100,0.42,5000,1001,9.84,100,90,3.6,100,0.42,5000,1001,9.84,100,90,3.6,100,0.42,5000,1001,9.84,100,90,3.6,100,0.42,5000,1001,9.84,100,90,3.6,100,0.42,5000,1001,9.84,100,90,3.6,100,0.42,5000,1001,9.84,100,90,3.6,100,0.42,5000,1001,9.84,100,90,3.6,100,0.42,5000
1001,9.84,100,90,3.6,100,0.42,5000,15,0,11,3,1001,9.84,100,90,3.6,100,0.42,5000,1001,9.84,100,90,3.6,100,0.42,5000,1001,9.84,100,90,3.6,100,0.42,5000,1001,9.84,100,90,3.6,100,0.42,5000,1001,9.84,100,90,3.6,100,0.42,5000,1001,9.84,100,90,3.6,100,0.42,5000,1001,9.84,100,90,3.6,100,0.42,5000,1001,9.84,100,90,3.6,100,0.42,5000,1001,9.84,100,90,3.6,100,0.42,5000,1001,9.84,100,90,3.6,100,0.42,5000,1001,9.84,100,90,3.6,100,0.42,5000,1001,9.84,100,90,3.6,100,0.42,5000
1001,9.84,100,90,3.6,100,0.42,5000,16,0,11,3,1001,9.84,100,90,3.6,100,0.42,5000,1001,9.84,100,90,3.6,100,0.42,5000,1001,9.84,100,90,3.6,100,0.42,5000,1001,9.84,100,90,3.6,100,0.42,5000,1001,9.84,100,90,3.6,100,0.42,5000,1001,9.84,100,90,3.6,100,0.42,5000,1001,9.84,100,90,3.6,100,0.42,5000,1001,9.84,100,90,3.6,100,0.42,5000,1001,9.84,100,90,3.6,100,0.42,5000,1001,9.84,100,90,3.6,100,0.42,5000,1001,9.84,100,90,3.6,100,0.42,5000,1001,9.84,100,90,3.6,100,0.42,5000
1001,9.84,100,90,3.6,100,0.42,5000,17,0,11,3,1001,9.84,100,90,3.6,100,0.42,5000,1001,9.84,100,90,3.6,100,0.42,5000,1001,9.84,100,90,3.6,100,0.42,5000,1001,9.84,100,90,3.6,100,0.42,5000,1001,9.84,100,90,3.6,100,0.42,5000,1001,9.84,100,90,3.6,100,0.42,5000,1001,9.84,100,90,3.6,100,0.42,5000,1001,9.84,100,90,3.6,100,0.42,5000,1001,9.84,100,90,3.6,100,0.42,5000,1001,9.84,100,90,3.6,100,0.42,5000,1001,9.84,100,90,3.6,100,0.42,5000,1001,9.84,100,90,3.6,100,0.42,5000
1001,9.84,100,90,3.6,100,0.42,5000,18,0,11,3,1001,9.84,100,90,3.6,100,0.42,5000,1001,9.84,100,90,3.6,100,0.42,5000,1001,9.84,100,90,3.6,100,0.42,5000,1001,9.84,100,90,3.6,100,0.42,5000,1001,9.84,100,90,3.6,100,0.42,5000,1001,9.84,100,90,3.6,100,0.42,5000,1001,9.84,100,90,3.6,100,0.42,5000,1001,9.84,100,90,3.6,100,0.42,5000,1001,9.84,100,90,3.6,100,0.42,5000,1001,9.84,100,90,3.6,100,0.42,5000,1001,9.84,100,90,3.6,100,0.42,5000,1001,9.84,100,90,3.6,100,0.42,5000
1001,9.84,100,90,3.6,100,0.42,5000,19,0,11,3,1001,9.84,100,90,3.6,100,0.42,5000,1001,9.84,100,90,3.6,100,0.42,5000,1001,9.84,100,90,3.6,100,0.42,5000,1001,9.84,100,90,3.6,100,0.42,5000,1001,9.84,100,90,3.6,100,0.42,5000,1001,9.84,100,90,3.6,100,0.42,5000,1001,9.84,100,90,3.6,100,0.42,5000,1001,9.84,100,90,3.6,100,0.42,5000,1001,9.84,100,90,3.6,100,0.42,5000,1001,9.84,100,90,3.6,100,0.42,5000,1001,9.84,100,90,3.6,100,0.42,5000,1001,9.84,100,90,3.6,100,0.42,5000
1001,9.84,100,90,3.6,100,0.42,5000,20,0,11,3,1001,9.84,100,90,3.6,100,0.42,5000,1001,9.84,100,90,3.6,100,0.42,5000,1001,9.84,100,90,3.6,100,0.42,5000,1001,9.84,100,90,3.6,100,0.42,5000,1001,9.84,100,90,3.6,100,0.42,5000,1001,9.84,100,90,3.6,100,0.42,5000,1001,9.84,100,90,3.6,100,0.42,5000,1001,9.84,100,90,3.6,100,0.42,5000,1001,9.84,100,90,3.6,100,0.42,5000,1001,9.84,100,90,3.6,100,0.42,5000,1001,9.84,100,90,3.6,100,0.42,5000,1001,9.84,100,90,3.6,100,0.42,5000
1001,9.84,100,90,3.6,100,0.42,5000,21,0,11,3,1001,9.84,100,90,3.6,100,0.42,5000,1001,9.84,100,90,3.6,100,0.42,5000,1001,9.84,100,90,3.6,100,0.42,5000,1001,9.84,100,90,3.6,100,0.42,5000,1001,9.84,100,90,3.6,100,0.42,5000,1001,9.84,100,90,3.6,100,0.42,5000,1001,9.84,100,90,3.6,100,0.42,5000,1001,9.84,100,90,3.6,100,0.42,5000,1001,9.84,100,90,3.6,100,0.42,5000,1001,9.84,100,90,3.6,100,0.42,5000,1001,9.84,100,90,3.6,100,0.42,5000,1001,9.84,100,90,3.6,100,0.42,5000
1001,9.84,100,90,3.6,100,0.42,5000,22,0,11,3,1001,9.84,100,90,3.6,100,0.42,5000,1001,9.84,100,90,3.6,100,0.42,5000,1001,9.84,100,90,3.6,100,0.42,5000,1001,9.84,100,90,3.6,100,0.42,5000,1001,9.84,100,90,3.6,100,0.42,5000,1001,9.84,100,90,3.6,100,0.42,5000,1001,9.84,100,90,3.6,100,0.42,5000,1001,9.84,100,90,3.6,100,0.42,5000,1001,9.84,100,90,3.6,100,0.42,5000,1001,9.84,100,90,3.6,100,0.42,5000,1001,9.84,100,90,3.6,100,0.42,5000,1001,9.84,100,90,3.6,100,0.42,5000
1001,9.84,100,90,3.6,100,0.42,5000,23,0,11,3,1001,9.84,100,90,3.6,100,0.42,5000,1001,9.84,100,90,3.6,100,0.42,5000,1001,9.84,100,90,3.6,100,0.42,5000,1001,9.84,100,90,3.6,100,0.42,5000,1001,9.84,100,90,3.6,100,0.42,5000,1001,9.84,100,90,3.6,100,0.42,5000,1001,9.84,100,90,3.6,100,0.42,5000,1001,9.84,100,90,3.6,100,0.42,5000,1001,9.84,100,90,3.6,100,0.42,5000,1001,9.84,100,90,3.6,100,0.42,5000,1001,9.84,100,90,3.6,100,0.42,5000,1001,9.84,100,90,3.6,100,0.42,5000
1001,9.84,100,90,3.6,100,0.42,5000,0,0,12,3,1001,9.84,100,90,3.6,100,0.42,5000,1001,9.84,100,90,3.6,100,0.42,5000,1001,9.84,100,90,3.6,100,0.42,5000,1001,9.84,100,90,3.6,100,0.42,5000,1001,9.84,100,90,3.6,100,0.42,5000,1001,9.84,100,90,3.6,100,0.42,5000,1001,9.84,100,90,3.6,100,0.42,5000,1001,9.84,100,90,3.6,100,0.42,5000,1001,9.84,100,90,3.6,100,0.42,5000,1001,9.84,100,90,3.6,100,0.42,5000,1001,9.84,100,90,3.6,100,0.42,5000,1001,9.84,100,90,3.6,100,0.42,5000
1001,9.84,100,90,3.6,100,0.42,5000,1,0,12,3,1001,9.84,100,90,3.6,100,0.42,5000,1001,9.84,100,90,3.6,100,0.42,5000,1001,9.84,100,90,3.6,100,0.42,5000,1001,9.84,100,90,3.6,100,0.42,5000,1001,9.84,100,90,3.6,100,0.42,5000,1001,9.84,100,90,3.6,100,0.42,5000,1001,9.84,100,90,3.6,100,0.42,5000,1001,9.84,100,90,3.6,100,0.42,5000,1001,9.84,100,90,3.6,100,0.42,5000,1001,9.84,100,90,3.6,100,0.42,5000,1001,9.84,100,90,3.6,100,0.42,5000,1001,9.84,100,90,3.6,100,0.42,5000
1001,9.84,100,90,3.6,100,0.42,5000,2,0,12,3,1001,9.84,100,90,3.6,100,0.42,5000,1001,9.84,100,90,3.6,100,0.42,5000,1001,9.84,100,90,3.6,100,0.42,5000,1001,9.84,100,90,3.6,100,0.42,5000,1001,9.84,100,90,3.6,100,0.42,5000,1001,9.84,100,90,3.6,100,0.42,5000,1001,9.84,100,90,3.6,100,0.42,5000,1001,9.84,100,90,3.6,100,0.42,5000,1001,9.84,100,90,3.6,100,0.42,5000,1001,9.84,100,90,3.6,100,0.42,5000,1001,9.84,100,90,3.6,100,0.42,5000,1001,9.84,100,90,3.6,100,0.42,5000
1001,9.84,100,90,3.6,100,0.42,5000,3,0,12,3,1001,9.84,100,90,3.6,100,0.42,5000,1001,9.84,100,90,3.6,100,0.42,5000,1001,9.84,100,90,3.6,100,0.42,5000,1001,9.84,100,90,3.6,100,0.42,5000,1001,9.84,100,90,3.6,100,0.42,5000,1001,9.84,100,90,3.6,100,0.42,5000,1001,9.84,100,90,3.6,100,0.42,5000,1001,9.84,100,90,3.6,100,0.42,5000,1001,9.84,100,90,3.6,100,0.42,5000,1001,9.84,100,90,3.6,100,0.42,5000,1001,9.84,100,90,3.6,100,0.42,5000,1001,9.84,100,90,3.6,100,0.42,5000
1001,9.84,100,90,3.6,100,0.42,5000,4,0,12,3,1001,9.84,100,90,3.6,100,0.42,5000,1001,9.84,100,90,3.6,100,0.42,5000,1001,9.84,100,90,3.6,100,0.42,5000,1001,9.84,100,90,3.6,100,0.42,5000,1001,9.84,100,90,3.6,100,0.42,5000,1001,9.84,100,90,3.6,100,0.42,5000,1001,9.84,100,90,3.6,100,0.42,5000,1001,9.84,100,90,3.6,100,0.42,5000,1001,9.84,100,90,3.6,100,0.42,5000,1001,9.84,100,90,3.6,100,0.42,5000,1001,9.84,100,90,3.6,100,0.42,5000,1001,9.84,100,90,3.6,100,0.42,5000
1001,9.84,100,90,3.6,100,0.42,5000,5,0,12,3,1001,9.84,100,90,3.6,100,0.42,5000,1001,9.84,100,90,3.6,100,0.42,5000,1001,9.84,100,90,3.6,100,0.42,5000,1001,9.84,100,90,3.6,100,0.42,5000,1001,9.84,100,90,3.6,100,0.42,5000,1001,9.84,100,90,3.6,100,0.42,5000,1001,9.84,100,90,3.6,100,0.42,5000,1001,9.84,100,90,3.6,100,0.42,5000,1001,9.84,100,90,3.6,100,0.42,5000,1001,9.84,100,90,3.6,100,0.42,5000,1001,9.84,100,90,3.6,100,0.42,5000,1001,9.84,100,90,3.6,100,0.42,5000
1001,9.84,100,90,3.6,100,0.42,5000,6,0,12,3,1001,9.84,100,90,3.6,100,0.42,5000,1001,9.84,100,90,3.6,100,0.42,5000,1001,9.84,100,90,3.6,100,0.42,5000,1001,9.84,100,90,3.6,100,0.42,5000,1001,9.84,100,90,3.6,100,0.42,5000,1001,9.84,100,90,3.6,100,0.42,5000,1001,9.84,100,90,3.6,100,0.42,5000,1001,9.84,100,90,3.6,100,0.42,5000,1001,9.84,100,90,3.6,100,0.42,5000,1001,9.84,100,90,3.6,100,0.42,5000,1001,9.84,100,90,3.6,100,0.42,5000,1001,9.84,100,90,3.6,100,0.42,5000
1001,9.84,100,90,3.6,100,0.42,5000,7,0,12,3,1001,9.84,100,90,3.6,100,0.42,5000,1001,9.84,100,90,3.6,100,0.42,5000,1001,9.84,100,90,3.6,100,0.42,5000,1001,9.84,100,90,3.6,100,0.42,5000,1001,9.84,100,90,3.6,100,0.42,5000,1001,9.84,100,90,3.6,100,0.42,5000,1001,9.84,100,90,3.6,100,0.42,5000,1001,9.84,100,90,3.6,100,0.42,5000,1001,9.84,100,90,3.6,100,0.42,5000,1001,9.84,100,90,3.6,100,0.42,5000,1001,9.84,100,90,3.6,100,0.42,5000,1001,9.84,100,90,3.6,100,0.42,5000
1001,9.84,100,90,3.6,100,0.42,5000,8,0,12,3,1001,9.84,100,90,3.6,100,0.42,5000,1001,9.84,100,90,3.6,100,0.42,5000,1001,9.84,100,90,3.6,100,0.42,5000,1001,9.84,100,90,3.6,100,0.42,5000,1001,9.84,100,90,3.6,100,0.42,5000,1001,9.84,100,90,3.6,100,0.42,5000,1001,9.84,100,90,3.6,100,0.42,5000,1001,9.84,100,90,3.6,100,0.42,5000,1001,9.84,100,90,3.6,100,0.42,5000,1001,9.84,100,90,3.6,100,0.42,5000,1001,9.84,100,90,3.6,100,0.42,5000,1001,9.84,100,90,3.6,100,0.42,5000
1001,9.84,100,90,3.6,100,0.42,5000,9,0,12,3,1001,9.84,100,90,3.6,100,0.42,5000,1001,9.84,100,90,3.6,100,0.42,5000,1001,9.84,100,90,3.6,100,0.42,5000,1001,9.84,100,90,3.6,100,0.42,5000,1001,9.84,100,90,3.6,100,0.42,5000,1001,9.84,100,90,3.6,100,0.42,5000,1001,9.84,100,90,3.6,100,0.42,5000,1001,9.84,100,90,3.6,100,0.42,5000,1001,9.84,100,90,3.6,100,0.42,5000,1001,9.84,100,90,3.6,100,0.42,5000,1001,9.84,100,90,3.6,100,0.42,5000,1001,9.84,100,90,3.6,100,0.42,5000
1001,9.84,100,90,3.6,100,0.42,5000,10,0,12,3,1001,9.84,100,90,3.6,100,0.42,5000,1001,9.84,100,90,3.6,100,0.42,5000,1001,9.84,100,90,3.6,100,0.42,5000,1001,9.84,100,90,3.6,100,0.42,5000,1001,9.84,100,90,3.6,100,0.42,5000,1001,9.84,100,90,3.6,100,0.42,5000,1001,9.84,100,90,3.6,100,0.42,5000,1001,9.84,100,90,3.6,100,0.42,5000,1001,9.84,100,90,3.6,100,0.42,5000,1001,9.84,100,90,3.6,100,0.42,5000,1001,9.84,100,90,3.6,100,0.42,5000,1001,9.84,100,90,3.6,100,0.42,5000
1001,9.84,100,90,3.6,100,0.42,5000,11,0,12,3,1001,9.84,100,90,3.6,100,0.42,5000,1001,9.84,100,90,3.6,100,0.42,5000,1001,9.84,100,90,3.6,100,0.42,5000,1001,9.84,100,90,3.6,100,0.42,5000,1001,9.84,100,90,3.6,100,0.42,5000,1001,9.84,100,90,3.6,100,0.42,5000,1001,9.84,100,90,3.6,100,0.42,5000,1001,9.84,100,90,3.6,100,0.42,5000,1001,9.84,100,90,3.6,100,0.42,5000,1001,9.84,100,90,3.6,100,0.42,5000,1001,9.84,100,90,3.6,100,0.42,5000,1001,9.84,100,90,3.6,100,0.42,5000
1001,9.84,100,90,3.6,100,0.42,5000,12,0,12,3,1001,9.84,100,90,3.6,100,0.42,5000,1001,9.84,100,90,3.6,100,0.42,5000,1001,9.84,100,90,3.6,100,0.42,5000,1001,9.84,100,90,3.6,100,0.42,5000,1001,9.84,100,90,3.6,100,0.42,5000,1001,9.84,100,90,3.6,100,0.42,5000,1001,9.84,100,90,3.6,100,0.42,5000,1001,9.84,100,90,3.6,100,0.42,5000,1001,9.84,100,90,3.6,100,0.42,5000,1001,9.84,100,90,3.6,100,0.42,5000,1001,9.84,100,90,3.6,100,0.42,5000,1001,9.84,100,90,3.6,100,0.42,5000
1001,9.84,100,90,3.6,100,0.42,5000,13,0,12,3,1001,9.84,100,90,3.6,100,0.42,5000,1001,9.84,100,90,3.6,100,0.42,5000,1001,9.84,100,90,3.6,100,0.42,5000,1001,9.84,100,90,3.6,100,0.42,5000,1001,9.84,100,90,3.6,100,0.42,5000,1001,9.84,100,90,3.6,100,0.42,5000,1001,9.84,100,90,3.6,100,0.42,5000,1001,9.84,100,90,3.6,100,0.42,5000,1001,9.84,100,90,3.6,100,0.42,5000,1001,9.84,100,90,3.6,100,0.42,5000,1001,9.84,100,90,3.6,100,0.42,5000,1001,9.84,100,90,3.6,100,0.42,5000
1001,9.84,100,90,3.6,100,0.42,5000,14,0,12,3,1001,9.84,100,90,3.6,100,0.42,5000,1001,9.84,100,90,3.6,100,0.42,5000,1001,9.84,100,90,3.6,100,0.42,5000,1001,9.84,100,90,3.6,100,0.42,5000,1001,9.84,100,90,3.6,100,0.42,5000,1001,9.84,100,90,3.6,100,0.42,5000,1001,9.84,100,90,3.6,100,0.42,5000,1001,9.84,100,90,3.6,100,0.42,5000,1001,9.84,100,90,3.6,100,0.42,5000,1001,9.84,100,90,3.6,100,0.42,5000,1001,9.84,100,90,3.6,100,0.42,5000,1001,9.84,100,90,3.6,100,0.42,5000
1001,9.84,100,90,3.6,100,0.42,5000,15,0,12,3,1001,9.84,100,90,3.6,100,0.42,5000,1001,9.84,100,90,3.6,100,0.42,5000,1001,9.84,100,90,3.6,100,0.42,5000,1001,9.84,100,90,3.6,100,0.42,5000,1001,9.84,100,90,3.6,100,0.42,5000,1001,9.84,100,90,3.6,100,0.42,5000,1001,9.84,100,90,3.6,100,0.42,5000,1001,9.84,100,90,3.6,100,0.42,5000,1001,9.84,100,90,3.6,100,0.42,5000,1001,9.84,100,90,3.6,100,0.42,5000,1001,9.84,100,90,3.6,100,0.42,5000,1001,9.84,100,90,3.6,100,0.42,5000
1001,9.84,100,90,3.6,100,0.42,5000,16,0,12,3,1001,9.84,100,90,3.6,100,0.42,5000,1001,9.84,100,90,3.6,100,0.42,5000,1001,9.84,100,90,3.6,100,0.42,5000,1001,9.84,100,90,3.6,100,0.42,5000,1001,9.84,100,90,3.6,100,0.42,5000,1001,9.84,100,90,3.6,100,0.42,5000,1001,9.84,100,90,3.6,100,0.42,5000,1001,9.84,100,90,3.6,100,0.42,5000,1001,9.84,100,90,3.6,100,0.42,5000,1001,9.84,100,90,3.6,100,0.42,5000,1001,9.84,100,90,3.6,100,0.42,5000,1001,9.84,100,90,3.6,100,0.42,5000
1001,9.84,100,90,3.6,100,0.42,5000,17,0,12,3,1001,9.84,100,90,3.6,100,0.42,5000,1001,9.84,100,90,3.6,100,0.42,5000,1001,9.84,100,90,3.6,100,0.42,5000,1001,9.84,100,90,3.6,100,0.42,5000,1001,9.84,100,90,3.6,100,0.42,5000,1001,9.84,100,90,3.6,100,0.42,5000,1001,9.84,100,90,3.6,100,0.42,5000,1001,9.84,100,90,3.6,100,0.42,5000,1001,9.84,100,90,3.6,100,0.42,5000,1001,9.84,100,90,3.6,100,0.42,5000,1001,9.84,100,90,3.6,100,0.42,5000,1001,9.84,100,90,3.6,100,0.42,5000
1001,9.84,100,90,3.6,100,0.42,5000,18,0,12,3,1001,9.84,100,90,3.6,100,0.42,5000,1001,9.84,100,90,3.6,100,0.42,5000,1001,9.84,100,90,3.6,100,0.42,5000,1001,9.84,100,90,3.6,100,0.42,5000,1001,9.84,100,90,3.6,100,0.42,5000,1001,9.84,100,90,3.6,100,0.42,5000,1001,9.84,100,90,3.6,100,0.42,5000,1001,9.84,100,90,3.6,100,0.42,5000,1001,9.84,100,90,3.6,100,0.42,5000,1001,9.84,100,90,3.6,100,0.42,5000,1001,9.84,100,90,3.6,100,0.42,5000,1001,9.84,100,90,3.6,100,0.42,5000
1001,9.84,100,90,3.6,100,0.42,5000,19,0,12,3,1001,9.84,100,90,3.6,100,0.42,5000,1001,9.84,100,90,3.6,100,0.42,5000,1001,9.84,100,90,3.6,100,0.42,5000,1001,9.84,100,90,3.6,100,0.42,5000,1001,9.84,100,90,3.6,100,0.42,5000,1001,9.84,100,90,3.6,100,0.42,5000,1001,9.84,100,90,3.6,100,0.42,5000,1001,9.84,100,90,3.6,100,0.42,5000,1001,9.84,100,90,3.6,100,0.42,5000,1001,9.84,100,90,3.6,100,0.42,5000,1001,9.84,100,90,3.6,100,0.42,5000,1001,9.84,100,90,3.6,100,0.42,5000
1001,9.84,100,90,3.6,100,0.42,5000,20,0,12,3,1001,9.84,100,90,3.6,100,0.42,5000,1001,9.84,100,90,3.6,100,0.42,5000,1001,9.84,100,90,3.6,100,0.42,5000,1001,9.84,100,90,3.6,100,0.42,5000,1001,9.84,100,90,3.6,100,0.42,5000,1001,9.84,100,90,3.6,100,0.42,5000,1001,9.84,100,90,3.6,100,0.42,5000,1001,9.84,100,90,3.6,100,0.42,5000,1001,9.84,100,90,3.6,100,0.42,5000,1001,9.84,100,90,3.6,100,0.42,5000,1001,9.84,100,90,3.6,100,0.42,5000,1001,9.84,100,90,3.6,100,0.42,5000
1001,9.84,100,90,3.6,100,0.42,5000,21,0,12,3,1001,9.84,100,90,3.6,100,0.42,5000,1001,9.84,100,90,3.6,100,0.42,5000,1001,9.84,100,90,3.6,100,0.42,5000,1001,9.84,100,90,3.6,100,0.42,5000,1001,9.84,100,90,3.6,100,0.42,5000,1001,9.84,100,90,3.6,100,0.42,5000,1001,9.84,100,90,3.6,100,0.42,5000,1001,9.84,100,90,3.6,100,0.42,5000,1001,9.84,100,90,3.6,100,0.42,5000,1001,9.84,100,90,3.6,100,0.42,5000,1001,9.84,100,90,3.6,100,0.42,5000,1001,9.84,100,90,3.6,100,0.42,5000
1001,9.84,100,90,3.6,100,0.42,5000,22,0,12,3,1001,9.84,100,90,3.6,100,0.42,5000,1001,9.84,100,90,3.6,100,0.42,5000,1001,9.84,100,90,3.6,100,0.42,5000,1001,9.84,100,90,3.6,100,0.42,5000,1001,9.84,100,90,3.6,100,0.42,5000,1001,9.84,100,90,3.6,100,0.42,5000,1001,9.84,100,90,3.6,100,0.42,5000,1001,9.84,100,90,3.6,100,0.42,5000,1001,9.84,100,90,3.6,100,0.42,5000,1001,9.84,100,90,3.6,100,0.42,5000,1001,9.84,100,90,3.6,100,0.42,5000,1001,9.84,100,90,3.6,100,0.42,5000
1001,9.84,100,90,3.6,100,0.42,5000,23,0,12,3,1001,9.84,100,90,3.6,100,0.42,5000,1001,9.84,100,90,3.6,100,0.42,5000,1001,9.84,100,90,3.6,100,0.42,5000,1001,9.84,100,90,3.6,100,0.42,5000,1001,9.84,100,90,3.6,100,0.42,5000,1001,9.84,100,90,3.6,100,0.42,5000,1001,9.84,100,90,3.6,100,0.42,5000,1001,9.84,100,90,3.6,100,0.42,5000,1001,9.84,100,90,3.6,100,0.42,5000,1001,9.84,100,90,3.6,100,0.42,5000,1001,9.84,100,90,3.6,100,0.42,5000,1001,9.84,100,90,3.6,100,0.42,5000
1001,9.84,100,90,3.6,100,0.42,5000,0,0,13,3,1001,9.84,100,90,3.6,100,0.42,5000,1001,9.84,100,90,3.6,100,0.42,5000,1001,9.84,100,90,3.6,100,0.42,5000,1001,9.84,100,90,3.6,100,0.42,5000,1001,9.84,100,90,3.6,100,0.42,5000,1001,9.84,100,90,3.6,100,0.42,5000,1001,9.84,100,90,3.6,100,0.42,5000,1001,9.84,100,90,3.6,100,0.42,5000,1001,9.84,100,90,3.6,100,0.42,5000,1001,9.84,100,90,3.6,100,0.42,5000,1001,9.84,100,90,3.6,100,0.42,5000,1001,9.84,100,90,3.6,100,0.42,5000
1001,9.84,100,90,3.6,100,0.42,5000,1,0,13,3,1001,9.84,100,90,3.6,100,0.42,5000,1001,9.84,100,90,3.6,100,0.42,5000,1001,9.84,100,90,3.6,100,0.42,5000,1001,9.84,100,90,3.6,100,0.42,5000,1001,9.84,100,90,3.6,100,0.42,5000,1001,9.84,100,90,3.6,100,0.42,5000,1001,9.84,100,90,3.6,100,0.42,5000,1001,9.84,100,90,3.6,100,0.42,5000,1001,9.84,100,90,3.6,100,0.42,5000,1001,9.84,100,90,3.6,100,0.42,5000,1001,9.84,100,90,3.6,100,0.42,5000,1001,9.84,100,90,3.6,100,0.42,5000
1001,9.84,100,90,3.6,100,0.42,5000,2,0,13,3,1001,9.84,100,90,3.6,100,0.42,5000,1001,9.84,100,90,3.6,100,0.42,5000,1001,9.84,100,90,3.6,100,0.42,5000,1001,9.84,100,90,3.6,100,0.42,5000,1001,9.84,100,90,3.6,100,0.42,5000,1001,9.84,100,90,3.6,100,0.42,5000,1001,9.84,100,90,3.6,100,0.42,5000,1001,9.84,100,90,3.6,100,0.42,5000,1001,9.84,100,90,3.6,100,0.42,5000,1001,9.84,100,90,3.6,100,0.42,5000,1001,9.84,100,90,3.6,100,0.42,5000,1001,9.84,100,90,3.6,100,0.42,5000
1001,9.84,100,90,3.6,100,0.42,5000,3,0,13,3,1001,9.84,100,90,3.6,100,0.42,5000,1001,9.84,100,90,3.6,100,0.42,5000,1001,9.84,100,90,3.6,100,0.42,5000,1001,9.84,100,90,3.6,100,0.42,5000,1001,9.84,100,90,3.6,100,0.42,5000,1001,9.84,100,90,3.6,100,0.42,5000,1001,9.84,100,90,3.6,100,0.42,5000,1001,9.84,100,90,3.6,100,0.42,5000,1001,9.84,100,90,3.6,100,0.42,5000,1001,9.84,100,90,3.6,100,0.42,5000,1001,9.84,100,90,3.6,100,0.42,5000,1001,9.84,100,90,3.6,100,0.42,5000
1001,9.84,100,90,3.6,100,0.42,5000,4,0,13,3,1001,9.84,100,90,3.6,100,0.42,5000,1001,9.84,100,90,3.6,100,0.42,5000,1001,9.84,100,90,3.6,100,0.42,5000,1001,9.84,100,90,3.6,100,0.42,5000,1001,9.84,100,90,3.6,100,0.42,5000,1001,9.84,100,90,3.6,100,0.42,5000,1001,9.84,100,90,3.6,100,0.42,5000,1001,9.84,100,90,3.6,100,0.42,5000,1001,9.84,100,90,3.6,100,0.42,5000,1001,9.84,100,90,3.6,100,0.42,5000,1001,9.84,100,90,3.6,100,0.42,5000,1001,9.84,100,90,3.6,100,0.42,5000
1001,9.84,100,90,3.6,100,0.42,5000,5,0,13,3,1001,9.84,100,90,3.6,100,0.42,5000,1001,9.84,100,90,3.6,100,0.42,5000,1001,9.84,100,90,3.6,100,0.42,5000,1001,9.84,100,90,3.6,100,0.42,5000,1001,9.84,100,90,3.6,100,0.42,5000,1001,9.84,100,90,3.6,100,0.42,5000,1001,9.84,100,90,3.6,100,0.42,5000,1001,9.84,100,90,3.6,100,0.42,5000,1001,9.84,100,90,3.6,100,0.42,5000,1001,9.84,100,90,3.6,100,0.42,5000,1001,9.84,100,90,3.6,100,0.42,5000,1001,9.84,100,90,3.6,100,0.42,5000
1001,9.84,100,90,3.6,100,0.42,5000,6,0,13,3,1001,9.84,100,90,3.6,100,0.42,5000,1001,9.84,100,90,3.6,100,0.42,5000,1001,9.84,100,90,3.6,100,0.42,5000,1001,9.84,100,90,3.6,100,0.42,5000,1001,9.84,100,90,3.6,100,0.42,5000,1001,9.84,100,90,3.6,100,0.42,5000,1001,9.84,100,90,3.6,100,0.42,5000,1001,9.84,100,90,3.6,100,0.42,5000,1001,9.84,100,90,3.6,100,0.42,5000,1001,9.84,100,90,3.6,100,0.42,5000,1001,9.84,100,90,3.6,100,0.42,5000,1001,9.84,100,90,3.6,100,0.42,5000
1001,9.84,100,90,3.6,100,0.42,5000,7,0,13,3,1001,9.84,100,90,3.6,100,0.42,5000,1001,9.84,100,90,3.6,100,0.42,5000,1001,9.84,100,90,3.6,100,0.42,5000,1001,9.84,100,90,3.6,100,0.42,5000,1001,9.84,100,90,3.6,100,0.42,5000,1001,9.84,100,90,3.6,100,0.42,5000,1001,9.84,100,90,3.6,100,0.42,5000,1001,9.84,100,90,3.6,100,0.42,5000,1001,9.84,100,90,3.6,100,0.42,5000,1001,9.84,100,90,3.6,100,0.42,5000,1001,9.84,100,90,3.6,100,0.42,5000,1001,9.84,100,90,3.6,100,0.42,5000
1001,9.84,100,90,3.6,100,0.42,5000,8,0,13,3,1001,9.84,100,90,3.6,100,0.42,5000,1001,9.84,100,90,3.6,100,0.42,5000,1001,9.84,100,90,3.6,100,0.42,5000,1001,9.84,100,90,3.6,100,0.42,5000,1001,9.84,100,90,3.6,100,0.42,5000,1001,9.84,100,90,3.6,100,0.42,5000,1001,9.84,100,90,3.6,100,0.42,5000,1001,9.84,100,90,3.6,100,0.42,5000,1001,9.84,100,90,3.6,100,0.42,5000,1001,9.84,100,90,3.6,100,0.42,5000,1001,9.84,100,90,3.6,100,0.42,5000,1001,9.84,100,90,3.6,100,0.42,5000
1001,9.84,100,90,3.6,100,0.42,5000,9,0,13,3,1001,9.84,100,90,3.6,100,0.42,5000,1001,9.84,100,90,3.6,100,0.42,5000,1001,9.84,100,90,3.6,100,0.42,5000,1001,9.84,100,90,3.6,100,0.42,5000,1001,9.84,100,90,3.6,100,0.42,5000,1001,9.84,100,90,3.6,100,0.42,5000,1001,9.84,100,90,3.6,100,0.42,5000,1001,9.84,100,90,3.6,100,0.42,5000,1001,9.84,100,90,3.6,100,0.42,5000,1001,9.84,100,90,3.6,100,0.42,5000,1001,9.84,100,90,3.6,100,0.42,5000,1001,9.84,100,90,3.6,100,0.42,5000
1001,9.84,100,90,3.6,100,0.42,5000,10,0,13,3,1001,9.84,100,90,3.6,100,0.42,5000,1001,9.84,100,90,3.6,100,0.42,5000,1001,9.84,100,90,3.6,100,0.42,5000,1001,9.84,100,90,3.6,100,0.42,5000,1001,9.84,100,90,3.6,100,0.42,5000,1001,9.84,100,90,3.6,100,0.42,5000,1001,9.84,100,90,3.6,100,0.42,5000,1001,9.84,100,90,3.6,100,0.42,5000,1001,9.84,100,90,3.6,100,0.42,5000,1001,9.84,100,90,3.6,100,0.42,5000,1001,9.84,100,90,3.6,100,0.42,5000,1001,9.84,100,90,3.6,100,0.42,5000
1001,9.84,100,90,3.6,100,0.42,5000,11,0,13,3,1001,9.84,100,90,3.6,100,0.42,5000,1001,9.84,100,90,3.6,100,0.42,5000,1001,9.84,100,90,3.6,100,0.42,5000,1001,9.84,100,90,3.6,100,0.42,5000,1001,9.84,100,90,3.6,100,0.42,5000,1001,9.84,100,90,3.6,100,0.42,5000,1001,9.84,100,90,3.6,100,0.42,5000,1001,9.84,100,90,3.6,100,0.42,5000,1001,9.84,100,90,3.6,100,0.42,5000,1001,9.84,100,90,3.6,100,0.42,5000,1001,9.84,100,90,3.6,100,0.42,5000,1001,9.84,100,90,3.6,100,0.42,5000
1001,9.84,100,90,3.6,100,0.42,5000,12,0,13,3,1001,9.84,100,90,3.6,100,0.42,5000,1001,9.84,100,90,3.6,100,0.42,5000,1001,9.84,100,90,3.6,100,0.42,5000,1001,9.84,100,90,3.6,100,0.42,5000,1001,9.84,100,90,3.6,100,0.42,5000,1001,9.84,100,90,3.6,100,0.42,5000,1001,9.84,100,90,3.6,100,0.42,5000,1001,9.84,100,90,3.6,100,0.42,5000,1001,9.84,100,90,3.6,100,0.42,5000,1001,9.84,100,90,3.6,100,0.42,5000,1001,9.84,100,90,3.6,100,0.42,5000,1001,9.84,100,90,3.6,100,0.42,5000
1001,9.84,100,90,3.6,100,0.42,5000,13,0,13,3,1001,9.84,100,90,3.6,100,0.42,5000,1001,9.84,100,90,3.6,100,0.42,5000,1001,9.84,100,90,3.6,100,0.42,5000,1001,9.84,100,90,3.6,100,0.42,5000,1001,9.84,100,90,3.6,100,0.42,5000,1001,9.84,100,90,3.6,100,0.42,5000,1001,9.84,100,90,3.6,100,0.42,5000,1001,9.84,100,90,3.6,100,0.42,5000,1001,9.84,100,90,3.6,100,0.42,5000,1001,9.84,100,90,3.6,100,0.42,5000,1001,9.84,100,90,3.6,100,0.42,5000,1001,9.84,100,90,3.6,100,0.42,5000
1001,9.84,100,90,3.6,100,0.42,5000,14,0,13,3,1001,9.84,100,90,3.6,100,0.42,5000,1001,9.84,100,90,3.6,100,0.42,5000,1001,9.84,100,90,3.6,100,0.42,5000,1001,9.84,100,90,3.6,100,0.42,5000,1001,9.84,100,90,3.6,100,0.42,5000,1001,9.84,100,90,3.6,100,0.42,5000,1001,9.84,100,90,3.6,100,0.42,5000,1001,9.84,100,90,3.6,100,0.42,5000,1001,9.84,100,90,3.6,100,0.42,5000,1001,9.84,100,90,3.6,100,0.42,5000,1001,9.84,100,90,3.6,100,0.42,5000,1001,9.84,100,90,3.6,100,0.42,5000
1001,9.84,100,90,3.6,100,0.42,5000,15,0,13,3,1001,9.84,100,90,3.6,100,0.42,5000,1001,9.84,100,90,3.6,100,0.42,5000,1001,9.84,100,90,3.6,100,0.42,5000,1001,9.84,100,90,3.6,100,0.42,5000,1001,9.84,100,90,3.6,100,0.42,5000,1001,9.84,100,90,3.6,100,0.42,5000,1001,9.84,100,90,3.6,100,0.42,5000,1001,9.84,100,90,3.6,100,0.42,5000,1001,9.84,100,90,3.6,100,0.42,5000,1001,9.84,100,90,3.6,100,0.42,5000,1001,9.84,100,90,3.6,100,0.42,5000,1001,9.84,100,90,3.6,100,0.42,5000
1001,9.84,100,90,3.6,100,0.42,5000,16,0,13,3,1001,9.84,100,90,3.6,100,0.42,5000,1001,9.84,100,90,3.6,100,0.42,5000,1001,9.84,100,90,3.6,100,0.42,5000,1001,9.84,100,90,3.6,100,0.42,5000,1001,9.84,100,90,3.6,100,0.42,5000,1001,9.84,100,90,3.6,100,0.42,5000,1001,9.84,100,90,3.6,100,0.42,5000,1001,9.84,100,90,3.6,100,0.42,5000,1001,9.84,100,90,3.6,100,0.42,5000,1001,9.84,100,90,3.6,100,0.42,5000,1001,9.84,100,90,3.6,100,0.42,5000,1001,9.84,100,90,3.6,100,0.42,5000
1001,9.84,100,90,3.6,100,0.42,5000,17,0,13,3,1001,9.84,100,90,3.6,100,0.42,5000,1001,9.84,100,90,3.6,100,0.42,5000,1001,9.84,100,90,3.6,100,0.42,5000,1001,9.84,100,90,3.6,100,0.42,5000,1001,9.84,100,90,3.6,100,0.42,5000,1001,9.84,100,90,3.6,100,0.42,5000,1001,9.84,100,90,3.6,100,0.42,5000,1001,9.84,100,90,3.6,100,0.42,5000,1001,9.84,100,90,3.6,100,0.42,5000,1001,9.84,100,90,3.6,100,0.42,5000,1001,9.84,100,90,3.6,100,0.42,5000,1001,9.84,100,90,3.6,100,0.42,5000
1001,9.84,100,90,3.6,100,0.42,5000,18,0,13,3,1001,9.84,100,90,3.6,100,0.42,5000,1001,9.84,100,90,3.6,100,0.42,5000,1001,9.84,100,90,3.6,100,0.42,5000,1001,9.84,100,90,3.6,100,0.42,5000,1001,9.84,100,90,3.6,100,0.42,5000,1001,9.84,100,90,3.6,100,0.42,5000,1001,9.84,100,90,3.6,100,0.42,5000,1001,9.84,100,90,3.6,100,0.42,5000,1001,9.84,100,90,3.6,100,0.42,5000,1001,9.84,100,90,3.6,100,0.42,5000,1001,9.84,100,90,3.6,100,0.42,5000,1001,9.84,100,90,3.6,100,0.42,5000
1001,9.84,100,90,3.6,100,0.42,5000,19,0,13,3,1001,9.84,100,90,3.6,100,0.42,5000,1001,9.84,100,90,3.6,100,0.42,5000,1001,9.84,100,90,3.6,100,0.42,5000,1001,9.84,100,90,3.6,100,0.42,5000,1001,9.84,100,90,3.6,100,0.42,5000,1001,9.84,100,90,3.6,100,0.42,5000,1001,9.84,100,90,3.6,100,0.42,5000,1001,9.84,100,90,3.6,100,0.42,5000,1001,9.84,100,90,3.6,100,0.42,5000,1001,9.84,100,90,3.6,100,0.42,5000,1001,9.84,100,90,3.6,100,0.42,5000,1001,9.84,100,90,3.6,100,0.42,5000
1001,9.84,100,90,3.6,100,0.42,5000,20,0,13,3,1001,9.84,100,90,3.6,100,0.42,5000,1001,9.84,100,90,3.6,100,0.42,5000,1001,9.84,100,90,3.6,100,0.42,5000,1001,9.84,100,90,3.6,100,0.42,5000,1001,9.84,100,90,3.6,100,0.42,5000,1001,9.84,100,90,3.6,100,0.42,5000,1001,9.84,100,90,3.6,100,0.42,5000,1001,9.84,100,90,3.6,100,0.42,5000,1001,9.84,100,90,3.6,100,0.42,5000,1001,9.84,100,90,3.6,100,0.42,5000,1001,9.84,100,90,3.6,100,0.42,5000,1001,9.84,100,90,3.6,100,0.42,5000
1001,9.84,100,90,3.6,100,0.42,5000,21,0,13,3,1001,9.84,100,90,3.6,100,0.42,5000,1001,9.84,100,90,3.6,100,0.42,5000,1001,9.84,100,90,3.6,100,0.42,5000,1001,9.84,100,90,3.6,100,0.42,5000,1001,9.84,100,90,3.6,100,0.42,5000,1001,9.84,100,90,3.6,100,0.42,5000,1001,9.84,100,90,3.6,100,0.42,5000,1001,9.84,100,90,3.6,100,0.42,5000,1001,9.84,100,90,3.6,100,0.42,5000,1001,9.84,100,90,3.6,100,0.42,5000,1001,9.84,100,90,3.6,100,0.42,5000,1001,9.84,100,90,3.6,100,0.42,5000
1001,9.84,100,90,3.6,100,0.42,5000,22,0,13,3,1001,9.84,100,90,3.6,100,0.42,5000,1001,9.84,100,90,3.6,100,0.42,5000,1001,9.84,100,90,3.6,100,0.42,5000,1001,9.84,100,90,3.6,100,0.42,5000,1001,9.84,100,90,3.6,100,0.42,5000,1001,9.84,100,90,3.6,100,0.42,5000,1001,9.84,100,90,3.6,100,0.42,5000,1001,9.84,100,90,3.6,100,0.42,5000,1001,9.84,100,90,3.6,100,0.42,5000,1001,9.84,100,90,3.6,100,0.42,5000,1001,9.84,100,90,3.6,100,0.42,5000,1001,9.84,100,90,3.6,100,0.42,5000
1001,9.84,100,90,3.6,100,0.42,5000,23,0,13,3,1001,9.84,100,90,3.6,100,0.42,5000,1001,9.84,100,90,3.6,100,0.42,5000,1001,9.84,100,90,3.6,100,0.42,5000,1001,9.84,100,90,3.6,100,0.42,5000,1001,9.84,100,90,3.6,100,0.42,5000,1001,9.84,100,90,3.6,100,0.42,5000,1001,9.84,100,90,3.6,100,0.42,5000,1001,9.84,100,90,3.6,100,0.42,5000,1001,9.84,100,90,3.6,100,0.42,5000,1001,9.84,100,90,3.6,100,0.42,5000,1001,9.84,100,90,3.6,100,0.42,5000,1001,9.84,100,90,3.6,100,0.42,5000
1001,9.84,100,90,3.6,100,0.42,5000,0,0,14,3,1001,9.84,100,90,3.6,100,0.42,5000,1001,9.84,100,90,3.6,100,0.42,5000,1001,9.84,100,90,3.6,100,0.42,5000,1001,9.84,100,90,3.6,100,0.42,5000,1001,9.84,100,90,3.6,100,0.42,5000,1001,9.84,100,90,3.6,100,0.42,5000,1001,9.84,100,90,3.6,100,0.42,5000,1001,9.84,100,90,3.6,100,0.42,5000,1001,9.84,100,90,3.6,100,0.42,5000,1001,9.84,100,90,3.6,100,0.42,5000,1001,9.84,100,90,3.6,100,0.42,5000,1001,9.84,100,90,3.6,100,0.42,5000
1001,9.84,100,90,3.6,100,0.42,5000,1,0,14,3,1001,9.84,100,90,3.6,100,0.42,5000,1001,9.84,100,90,3.6,100,0.42,5000,1001,9.84,100,90,3.6,100,0.42,5000,1001,9.84,100,90,3.6,100,0.42,5000,1001,9.84,100,90,3.6,100,0.42,5000,1001,9.84,100,90,3.6,100,0.42,5000,1001,9.84,100,90,3.6,100,0.42,5000,1001,9.84,100,90,3.6,100,0.42,5000,1001,9.84,100,90,3.6,100,0.42,5000,1001,9.84,100,90,3.6,100,0.42,5000,1001,9.84,100,90,3.6,100,0.42,5000,1001,9.84,100,90,3.6,100,0.42,5000
1001,9.84,100,90,3.6,100,0.42,5000,2,0,14,3,1001,9.84,100,90,3.6,100,0.42,5000,1001,9.84,100,90,3.6,100,0.42,5000,1001,9.84,100,90,3.6,100,0.42,5000,1001,9.84,100,90,3.6,100,0.42,5000,1001,9.84,100,90,3.6,100,0.42,5000,1001,9.84,100,90,3.6,100,0.42,5000,1001,9.84,100,90,3.6,100,0.42,5000,1001,9.84,100,90,3.6,100,0.42,5000,1001,9.84,100,90,3.6,100,0.42,5000,1001,9.84,100,90,3.6,100,0.42,5000,1001,9.84,100,90,3.6,100,0.42,5000,1001,9.84,100,90,3.6,100,0.42,5000
1001,9.84,100,90,3.6,100,0.42,5000,3,0,14,3,1001,9.84,100,90,3.6,100,0.42,5000,1001,9.84,100,90,3.6,100,0.42,5000,1001,9.84,100,90,3.6,100,0.42,5000,1001,9.84,100,90,3.6,100,0.42,5000,1001,9.84,100,90,3.6,100,0.42,5000,1001,9.84,100,90,3.6,100,0.42,5000,1001,9.84,100,90,3.6,100,0.42,5000,1001,9.84,100,90,3.6,100,0.42,5000,1001,9.84,100,90,3.6,100,0.42,5000,1001,9.84,100,90,3.6,100,0.42,5000,1001,9.84,100,90,3.6,100,0.42,5000,1001,9.84,100,90,3.6,100,0.42,5000
1001,9.84,100,90,3.6,100,0.42,5000,4,0,14,3,1001,9.84,100,90,3.6,100,0.42,5000,1001,9.84,100,90,3.6,100,0.42,5000,1001,9.84,100,90,3.6,100,0.42,5000,1001,9.84,100,90,3.6,100,0.42,5000,1001,9.84,100,90,3.6,100,0.42,5000,1001,9.84,100,90,3.6,100,0.42,5000,1001,9.84,100,90,3.6,100,0.42,5000,1001,9.84,100,90,3.6,100,0.42,5000,1001,9.84,100,90,3.6,100,0.42,5000,1001,9.84,100,90,3.6,100,0.42,5000,1001,9.84,100,90,3.6,100,0.42,5000,1001,9.84,100,90,3.6,100,0.42,5000
1001,9.84,100,90,3.6,100,0.42,5000,5,0,14,3,1001,9.84,100,90,3.6,100,0.42,5000,1001,9.84,100,90,3.6,100,0.42,5000,1001,9.84,100,90,3.6,100,0.42,5000,1001,9.84,100,90,3.6,100,0.42,5000,1001,9.84,100,90,3.6,100,0.42,5000,1001,9.84,100,90,3.6,100,0.42,5000,1001,9.84,100,90,3.6,100,0.42,5000,1001,9.84,100,90,3.6,100,0.42,5000,1001,9.84,100,90,3.6,100,0.42,5000,1001,9.84,100,90,3.6,100,0.42,5000,1001,9.84,100,90,3.6,100,0.42,5000,1001,9.84,100,90,3.6,100,0.42,5000
1001,9.84,100,90,3.6,100,0.42,5000,6,0,14,3,1001,9.84,100,90,3.6,100,0.42,5000,1001,9.84,100,90,3.6,100,0.42,5000,1001,9.84,100,90,3.6,100,0.42,5000,1001,9.84,100,90,3.6,100,0.42,5000,1001,9.84,100,90,3.6,100,0.42,5000,1001,9.84,100,90,3.6,100,0.42,5000,1001,9.84,100,90,3.6,100,0.42,5000,1001,9.84,100,90,3.6,100,0.42,5000,1001,9.84,100,90,3.6,100,0.42,5000,1001,9.84,100,90,3.6,100,0.42,5000,1001,9.84,100,90,3.6,100,0.42,5000,1001,9.84,100,90,3.6,100,0.42,5000
1001,9.84,100,90,3.6,100,0.42,5000,7,0,14,3,1001,9.84,100,90,3.6,100,0.42,5000,1001,9.84,100,90,3.6,100,0.42,5000,1001,9.84,100,90,3.6,100,0.42,5000,1001,9.84,100,90,3.6,100,0.42,5000,1001,9.84,100,90,3.6,100,0.42,5000,1001,9.84,100,90,3.6,100,0.42,5000,1001,9.84,100,90,3.6,100,0.42,5000,1001,9.84,100,90,3.6,100,0.42,5000,1001,9.84,100,90,3.6,100,0.42,5000,1001,9.84,100,90,3.6,100,0.42,5000,1001,9.84,100,90,3.6,100,0.42,5000,1001,9.84,100,90,3.6,100,0.42,5000
1001,9.84,100,90,3.6,100,0.42,5000,8,0,14,3,1001,9.84,100,90,3.6,100,0.42,5000,1001,9.84,100,90,3.6,100,0.42,5000,1001,9.84,100,90,3.6,100,0.42,5000,1001,9.84,100,90,3.6,100,0.42,5000,1001,9.84,100,90,3.6,100,0.42,5000,1001,9.84,100,90,3.6,100,0.42,5000,1001,9.84,100,90,3.6,100,0.42,5000,1001,9.84,100,90,3.6,100,0.42,5000,1001,9.84,100,90,3.6,100,0.42,5000,1001,9.84,100,90,3.6,100,0.42,5000,1001,9.84,100,90,3.6,100,0.42,5000,1001,9.84,100,90,3.6,100,0.42,5000
1001,9.84,100,90,3.6,100,0.42,5000,9,0,14,3,1001,9.84,100,90,3.6,100,0.42,5000,1001,9.84,100,90,3.6,100,0.42,5000,1001,9.84,100,90,3.6,100,0.42,5000,1001,9.84,100,90,3.6,100,0.42,5000,1001,9.84,100,90,3.6,100,0.42,5000,1001,9.84,100,90,3.6,100,0.42,5000,1001,9.84,100,90,3.6,100,0.42,5000,1001,9.84,100,90,3.6,100,0.42,5000,1001,9.84,100,90,3.6,100,0.42,5000,1001,9.84,100,90,3.6,100,0.42,5000,1001,9.84,100,90,3.6,100,0.42,5000,1001,9.84,100,90,3.6,100,0.42,5000
1001,9.84,100,90,3.6,100,0.42,5000,10,0,14,3,1001,9.84,100,90,3.6,100,0.42,5000,1001,9.84,100,90,3.6,100,0.42,5000,1001,9.84,100,90,3.6,100,0.42,5000,1001,9.84,100,90,3.6,100,0.42,5000,1001,9.84,100,90,3.6,100,0.42,5000,1001,9.84,100,90,3.6,100,0.42,5000,1001,9.84,100,90,3.6,100,0.42,5000,1001,9.84,100,90,3.6,100,0.42,5000,1001,9.84,100,90,3.6,100,0.42,5000,1001,9.84,100,90,3.6,100,0.42,5000,1001,9.84,100,90,3.6,100,0.42,5000,1001,9.84,100,90,3.6,100,0.42,5000
1001,9.84,100,90,3.6,100,0.42,5000,11,0,14,3,1001,9.84,100,90,3.6,100,0.42,5000,1001,9.84,100,90,3.6,100,0.42,5000,1001,9.84,100,90,3.6,100,0.42,5000,1001,9.84,100,90,3.6,100,0.42,5000,1001,9.84,100,90,3.6,100,0.42,5000,1001,9.84,100,90,3.6,100,0.42,5000,1001,9.84,100,90,3.6,100,0.42,5000,1001,9.84,100,90,3.6,100,0.42,5000,1001,9.84,100,90,3.6,100,0.42,5000,1001,9.84,100,90,3.6,100,0.42,5000,1001,9.84,100,90,3.6,100,0.42,5000,1001,9.84,100,90,3.6,100,0.42,5000
1001,9.84,100,90,3.6,100,0.42,5000,12,0,14,3,1001,9.84,100,90,3.6,100,0.42,5000,1001,9.84,100,90,3.6,100,0.42,5000,1001,9.84,100,90,3.6,100,0.42,5000,1001,9.84,100,90,3.6,100,0.42,5000,1001,9.84,100,90,3.6,100,0.42,5000,1001,9.84,100,90,3.6,100,0.42,5000,1001,9.84,100,90,3.6,100,0.42,5000,1001,9.84,100,90,3.6,100,0.42,5000,1001,9.84,100,90,3.6,100,0.42,5000,1001,9.84,100,90,3.6,100,0.42,5000,1001,9.84,100,90,3.6,100,0.42,5000,1001,9.84,100,90,3.6,100,0.42,5000
1001,9.84,100,90,3.6,100,0.42,5000,13,0,14,3,1001,9.84,100,90,3.6,100,0.42,5000,1001,9.84,100,90,3.6,100,0.42,5000,1001,9.84,100,90,3.6,100,0.42,5000,1001,9.84,100,90,3.6,100,0.42,5000,1001,9.84,100,90,3.6,100,0.42,5000,1001,9.84,100,90,3.6,100,0.42,5000,1001,9.84,100,90,3.6,100,0.42,5000,1001,9.84,100,90,3.6,100,0.42,5000,1001,9.84,100,90,3.6,100,0.42,5000,1001,9.84,100,90,3.6,100,0.42,5000,1001,9.84,100,90,3.6,100,0.42,5000,1001,9.84,100,90,3.6,100,0.42,5000
1001,9.84,100,90,3.6,100,0.42,5000,14,0,14,3,1001,9.84,100,90,3.6,100,0.42,5000,1001,9.84,100,90,3.6,100,0.42,5000,1001,9.84,100,90,3.6,100,0.42,5000,1001,9.84,100,90,3.6,100,0.42,5000,1001,9.84,100,90,3.6,100,0.42,5000,1001,9.84,100,90,3.6,100,0.42,5000,1001,9.84,100,90,3.6,100,0.42,5000,1001,9.84,100,90,3.6,100,0.42,5000,1001,9.84,100,90,3.6,100,0.42,5000,1001,9.84,100,90,3.6,100,0.42,5000,1001,9.84,100,90,3.6,100,0.42,5000,1001,9.84,100,90,3.6,100,0.42,5000
1001,9.84,100,90,3.6,100,0.42,5000,15,0,14,3,1001,9.84,100,90,3.6,100,0.42,5000,1001,9.84,100,90,3.6,100,0.42,5000,1001,9.84,100,90,3.6,100,0.42,5000,1001,9.84,100,90,3.6,100,0.42,5000,1001,9.84,100,90,3.6,100,0.42,5000,1001,9.84,100,90,3.6,100,0.42,5000,1001,9.84,100,90,3.6,100,0.42,5000,1001,9.84,100,90,3.6,100,0.42,5000,1001,9.84,100,90,3.6,100,0.42,5000,1001,9.84,100,90,3.6,100,0.42,5000,1001,9.84,100,90,3.6,100,0.42,5000,1001,9.84,100,90,3.6,100,0.42,5000
1001,9.84,100,90,3.6,100,0.42,5000,16,0,14,3,1001,9.84,100,90,3.6,100,0.42,5000,1001,9.84,100,90,3.6,100,0.42,5000,1001,9.84,100,90,3.6,100,0.42,5000,1001,9.84,100,90,3.6,100,0.42,5000,1001,9.84,100,90,3.6,100,0.42,5000,1001,9.84,100,90,3.6,100,0.42,5000,1001,9.84,100,90,3.6,100,0.42,5000,1001,9.84,100,90,3.6,100,0.42,5000,1001,9.84,100,90,3.6,100,0.42,5000,1001,9.84,100,90,3.6,100,0.42,5000,1001,9.84,100,90,3.6,100,0.42,5000,1001,9.84,100,90,3.6,100,0.42,5000
1001,9.84,100,90,3.6,100,0.42,5000,17,0,14,3,1001,9.84,100,90,3.6,100,0.42,5000,1001,9.84,100,90,3.6,100,0.42,5000,1001,9.84,100,90,3.6,100,0.42,5000,1001,9.84,100,90,3.6,100,0.42,5000,1001,9.84,100,90,3.6,100,0.42,5000,1001,9.84,100,90,3.6,100,0.42,5000,1001,9.84,100,90,3.6,100,0.42,5000,1001,9.84,100,90,3.6,100,0.42,5000,1001,9.84,100,90,3.6,100,0.42,5000,1001,9.84,100,90,3.6,100,0.42,5000,1001,9.84,100,90,3.6,100,0.42,5000,1001,9.84,100,90,3.6,100,0.42,5000
1001,9.84,100,90,3.6,100,0.42,5000,18,0,14,3,1001,9.84,100,90,3.6,100,0.42,5000,1001,9.84,100,90,3.6,100,0.42,5000,1001,9.84,100,90,3.6,100,0.42,5000,1001,9.84,100,90,3.6,100,0.42,5000,1001,9.84,100,90,3.6,100,0.42,5000,1001,9.84,100,90,3.6,100,0.42,5000,1001,9.84,100,90,3.6,100,0.42,5000,1001,9.84,100,90,3.6,100,0.42,5000,1001,9.84,100,90,3.6,100,0.42,5000,1001,9.84,100,90,3.6,100,0.42,5000,1001,9.84,100,90,3.6,100,0.42,5000,1001,9.84,100,90,3.6,100,0.42,5000
1001,9.84,100,90,3.6,100,0.42,5000,19,0,14,3,1001,9.84,100,90,3.6,100,0.42,5000,1001,9.84,100,90,3.6,100,0.42,5000,1001,9.84,100,90,3.6,100,0.42,5000,1001,9.84,100,90,3.6,100,0.42,5000,1001,9.84,100,90,3.6,100,0.42,5000,1001,9.84,100,90,3.6,100,0.42,5000,1001,9.84,100,90,3.6,100,0.42,5000,1001,9.84,100,90,3.6,100,0.42,5000,1001,9.84,100,90,3.6,100,0.42,5000,1001,9.84,100,90,3.6,100,0.42,5000,1001,9.84,100,90,3.6,100,0.42,5000,1001,9.84,100,90,3.6,100,0.42,5000
1001,9.84,100,90,3.6,100,0.42,5000,20,0,14,3,1001,9.84,100,90,3.6,100,0.42,5000,1001,9.84,100,90,3.6,100,0.42,5000,1001,9.84,100,90,3.6,100,0.42,5000,1001,9.84,100,90,3.6,100,0.42,5000,1001,9.84,100,90,3.6,100,0.42,5000,1001,9.84,100,90,3.6,100,0.42,5000,1001,9.84,100,90,3.6,100,0.42,5000,1001,9.84,100,90,3.6,100,0.42,5000,1001,9.84,100,90,3.6,100,0.42,5000,1001,9.84,100,90,3.6,100,0.42,5000,1001,9.84,100,90,3.6,100,0.42,5000,1001,9.84,100,90,3.6,100,0.42,5000
1001,9.84,100,90,3.6,100,0.42,5000,21,0,14,3,1001,9.84,100,90,3.6,100,0.42,5000,1001,9.84,100,90,3.6,100,0.42,5000,1001,9.84,100,90,3.6,100,0.42,5000,1001,9.84,100,90,3.6,100,0.42,5000,1001,9.84,100,90,3.6,100,0.42,5000,1001,9.84,100,90,3.6,100,0.42,5000,1001,9.84,100,90,3.6,100,0.42,5000,1001,9.84,100,90,3.6,100,0.42,5000,1001,9.84,100,90,3.6,100,0.42,5000,1001,9.84,100,90,3.6,100,0.42,5000,1001,9.84,100,90,3.6,100,0.42,5000,1001,9.84,100,90,3.6,100,0.42,5000
1001,9.84,100,90,3.6,100,0.42,5000,22,0,14,3,1001,9.84,100,90,3.6,100,0.42,5000,1001,9.84,100,90,3.6,100,0.42,5000,1001,9.84,100,90,3.6,100,0.42,5000,1001,9.84,100,90,3.6,100,0.42,5000,1001,9.84,100,90,3.6,100,0.42,5000,1001,9.84,100,90,3.6,100,0.42,5000,1001,9.84,100,90,3.6,100,0.42,5000,1001,9.84,100,90,3.6,100,0.42,5000,1001,9.84,100,90,3.6,100,0.42,5000,1001,9.84,100,90,3.6,100,0.42,5000,1001,9.84,100,90,3.6,100,0.42,5000,1001,9.84,100,90,3.6,100,0.42,5000
1001,9.84,100,90,3.6,100,0.42,5000,23,0,14,3,1001,9.84,100,90,3.6,100,0.42,5000,1001,9.84,100,90,3.6,100,0.42,5000,1001,9.84,100,90,3.6,100,0.42,5000,1001,9.84,100,90,3.6,100,0.42,5000,1001,9.84,100,90,3.6,100,0.42,5000,1001,9.84,100,90,3.6,100,0.42,5000,1001,9.84,100,90,3.6,100,0.42,5000,1001,9.84,100,90,3.6,100,0.42,5000,1001,9.84,100,90,3.6,100,0.42,5000,1001,9.84,100,90,3.6,100,0.42,5000,1001,9.84,100,90,3.6,100,0.42,5000,1001,9.84,100,90,3.6,100,0.42,5000
1001,9.84,100,90,3.6,100,0.42,5000,0,0,15,3,1001,9.84,100,90,3.6,100,0.42,5000,1001,9.84,100,90,3.6,100,0.42,5000,1001,9.84,100,90,3.6,100,0.42,5000,1001,9.84,100,90,3.6,100,0.42,5000,1001,9.84,100,90,3.6,100,0.42,5000,1001,9.84,100,90,3.6,100,0.42,5000,1001,9.84,100,90,3.6,100,0.42,5000,1001,9.84,100,90,3.6,100,0.42,5000,1001,9.84,100,90,3.6,100,0.42,5000,1001,9.84,100,90,3.6,100,0.42,5000,1001,9.84,100,90,3.6,100,0.42,5000,1001,9.84,100,90,3.6,100,0.42,5000
1001,9.84,100,90,3.6,100,0.42,5000,1,0,15,3,1001,9.84,100,90,3.6,100,0.42,5000,1001,9.84,100,90,3.6,100,0.42,5000,1001,9.84,100,90,3.6,100,0.42,5000,1001,9.84,100,90,3.6,100,0.42,5000,1001,9.84,100,90,3.6,100,0.42,5000,1001,9.84,100,90,3.6,100,0.42,5000,1001,9.84,100,90,3.6,100,0.42,5000,1001,9.84,100,90,3.6,100,0.42,5000,1001,9.84,100,90,3.6,100,0.42,5000,1001,9.84,100,90,3.6,100,0.42,5000,1001,9.84,100,90,3.6,100,0.42,5000,1001,9.84,100,90,3.6,100,0.42,5000
1001,9.84,100,90,3.6,100,0.42,5000,2,0,15,3,1001,9.84,100,90,3.6,100,0.42,5000,1001,9.84,100,90,3.6,100,0.42,5000,1001,9.84,100,90,3.6,100,0.42,5000,1001,9.84,100,90,3.6,100,0.42,5000,1001,9.84,100,90,3.6,100,0.42,5000,1001,9.84,100,90,3.6,100,0.42,5000,1001,9.84,100,90,3.6,100,0.42,5000,1001,9.84,100,90,3.6,100,0.42,5000,1001,9.84,100,90,3.6,100,0.42,5000,1001,9.84,100,90,3.6,100,0.42,5000,1001,9.84,100,90,3.6,100,0.42,5000,1001,9.84,100,90,3.6,100,0.42,5000
1001,9.84,100,90,3.6,100,0.42,5000,3,0,15,3,1001,9.84,100,90,3.6,100,0.42,5000,1001,9.84,100,90,3.6,100,0.42,5000,1001,9.84,100,90,3.6,100,0.42,5000,1001,9.84,100,90,3.6,100,0.42,5000,1001,9.84,100,90,3.6,100,0.42,5000,1001,9.84,100,90,3.6,100,0.42,5000,1001,9.84,100,90,3.6,100,0.42,5000,1001,9.84,100,90,3.6,100,0.42,5000,1001,9.84,100,90,3.6,100,0.42,5000,1001,9.84,100,90,3.6,100,0.42,5000,1001,9.84,100,90,3.6,100,0.42,5000,1001,9.84,100,90,3.6,100,0.42,5000
1001,9.84,100,90,3.6,100,0.42,5000,4,0,15,3,1001,9.84,100,90,3.6,100,0.42,5000,1001,9.84,100,90,3.6,100,0.42,5000,1001,9.84,100,90,3.6,100,0.42,5000,1001,9.84,100,90,3.6,100,0.42,5000,1001,9.84,100,90,3.6,100,0.42,5000,1001,9.84,100,90,3.6,100,0.42,5000,1001,9.84,100,90,3.6,100,0.42,5000,1001,9.84,100,90,3.6,100,0.42,5000,1001,9.84,100,90,3.6,100,0.42,5000,1001,9.84,100,90,3.6,100,0.42,5000,1001,9.84,100,90,3.6,100,0.42,5000,1001,9.84,100,90,3.6,100,0.42,5000
1001,9.84,100,90,3.6,100,0.42,5000,5,0,15,3,1001,9.84,100,90,3.6,100,0.42,5000,1001,9.84,100,90,3.6,100,0.42,5000,1001,9.84,100,90,3.6,100,0.42,5000,1001,9.84,100,90,3.6,100,0.42,5000,1001,9.84,100,90,3.6,100,0.42,5000,1001,9.84,100,90,3.6,100,0.42,5000,1001,9.84,100,90,3.6,100,0.42,5000,1001,9.84,100,90,3.6,100,0.42,5000,1001,9.84,100,90,3.6,100,0.42,5000,1001,9.84,100,90,3.6,100,0.42,5000,1001,9.84,100,90,3.6,100,0.42,5000,1001,9.84,100,90,3.6,100,0.42,5000
1001,9.84,100,90,3.6,100,0.42,5000,6,0,15,3,1001,9.84,100,90,3.6,100,0.42,5000,1001,9.84,100,90,3.6,100,0.42,5000,1001,9.84,100,90,3.6,100,0.42,5000,1001,9.84,100,90,3.6,100,0.42,5000,1001,9.84,100,90,3.6,100,0.42,5000,1001,9.84,100,90,3.6,100,0.42,5000,1001,9.84,100,90,3.6,100,0.42,5000,1001,9.84,100,90,3.6,100,0.42,5000,1001,9.84,100,90,3.6,100,0.42,5000,1001,9.84,100,90,3.6,100,0.42,5000,1001,9.84,100,90,3.6,100,0.42,5000,1001,9.84,100,90,3.6,100,0.42,5000
1001,9.84,100,90,3.6,100,0.42,5000,7,0,15,3,1001,9.84,100,90,3.6,100,0.42,5000,1001,9.84,100,90,3.6,100,0.42,5000,1001,9.84,100,90,3.6,100,0.42,5000,1001,9.84,100,90,3.6,100,0.42,5000,1001,9.84,100,90,3.6,100,0.42,5000,1001,9.84,100,90,3.6,100,0.42,5000,1001,9.84,100,90,3.6,100,0.42,5000,1001,9.84,100,90,3.6,100,0.42,5000,1001,9.84,100,90,3.6,100,0.42,5000,1001,9.84,100,90,3.6,100,0.42,5000,1001,9.84,100,90,3.6,100,0.42,5000,1001,9.84,100,90,3.6,100,0.42,5000
1001,9.84,100,90,3.6,100,0.42,5000,8,0,15,3,1001,9.84,100,90,3.6,100,0.42,5000,1001,9.84,100,90,3.6,100,0.42,5000,1001,9.84,100,90,3.6,100,0.42,5000,1001,9.84,100,90,3.6,100,0.42,5000,1001,9.84,100,90,3.6,100,0.42,5000,1001,9.84,100,90,3.6,100,0.42,5000,1001,9.84,100,90,3.6,100,0.42,5000,1001,9.84,100,90,3.6,100,0.42,5000,1001,9.84,100,90,3.6,100,0.42,5000,1001,9.84,100,90,3.6,100,0.42,5000,1001,9.84,100,90,3.6,100,0.42,5000,1001,9.84,100,90,3.6,100,0.42,5000
1001,9.84,100,90,3.6,100,0.42,5000,9,0,15,3,1001,9.84,100,90,3.6,100,0.42,5000,1001,9.84,100,90,3.6,100,0.42,5000,1001,9.84,100,90,3.6,100,0.42,5000,1001,9.84,100,90,3.6,100,0.42,5000,1001,9.84,100,90,3.6,100,0.42,5000,1001,9.84,100,90,3.6,100,0.42,5000,1001,9.84,100,90,3.6,100,0.42,5000,1001,9.84,100,90,3.6,100,0.42,5000,1001,9.84,100,90,3.6,100,0.42,5000,1001,9.84,100,90,3.6,100,0.42,5000,1001,9.84,100,90,3.6,100,0.42,5000,1001,9.84,100,90,3.6,100,0.42,5000
1001,9.84,100,90,3.6,100,0.42,5000,10,0,15,3,1001,9.84,100,90,3.6,100,0.42,5000,1001,9.84,100,90,3.6,100,0.42,5000,1001,9.84,100,90,3.6,100,0.42,5000,1001,9.84,100,90,3.6,100,0.42,5000,1001,9.84,100,90,3.6,100,0.42,5000,1001,9.84,100,90,3.6,100,0.42,5000,1001,9.84,100,90,3.6,100,0.42,5000,1001,9.84,100,90,3.6,100,0.42,5000,1001,9.84,100,90,3.6,100,0.42,5000,1001,9.84,100,90,3.6,100,0.42,5000,1001,9.84,100,90,3.6,100,0.42,5000,1001,9.84,100,90,3.6,100,0.42,5000
1001,9.84,100,90,3.6,100,0.42,5000,11,0,15,3,1001,9.84,100,90,3.6,100,0.42,5000,1001,9.84,100,90,3.6,100,0.42,5000,1001,9.84,100,90,3.6,100,0.42,5000,1001,9.84,100,90,3.6,100,0.42,5000,1001,9.84,100,90,3.6,100,0.42,5000,1001,9.84,100,90,3.6,100,0.42,5000,1001,9.84,100,90,3.6,100,0.42,5000,1001,9.84,100,90,3.6,100,0.42,5000,1001,9.84,100,90,3.6,100,0.42,5000,1001,9.84,100,90,3.6,100,0.42,5000,1001,9.84,100,90,3.6,100,0.42,5000,1001,9.84,100,90,3.6,100,0.42,5000
1001,9.84,100,90,3.6,100,0.42,5000,12,0,15,3,1001,9.84,100,90,3.6,100,0.42,5000,1001,9.84,100,90,3.6,100,0.42,5000,1001,9.84,100,90,3.6,100,0.42,5000,1001,9.84,100,90,3.6,100,0.42,5000,1001,9.84,100,90,3.6,100,0.42,5000,1001,9.84,100,90,3.6,100,0.42,5000,1001,9.84,100,90,3.6,100,0.42,5000,1001,9.84,100,90,3.6,100,0.42,5000,1001,9.84,100,90,3.6,100,0.42,5000,1001,9.84,100,90,3.6,100,0.42,5000,1001,9.84,100,90,3.6,100,0.42,5000,1001,9.84,100,90,3.6,100,0.42,5000
1001,9.84,100,90,3.6,100,0.42,5000,13,0,15,3,1001,9.84,100,90,3.6,100,0.42,5000,1001,9.84,100,90,3.6,100,0.42,5000,1001,9.84,100,90,3.6,100,0.42,5000,1001,9.84,100,90,3.6,100,0.42,5000,1001,9.84,100,90,3.6,100,0.42,5000,1001,9.84,100,90,3.6,100,0.42,5000,1001,9.84,100,90,3.6,100,0.42,5000,1001,9.84,100,90,3.6,100,0.42,5000,1001,9.84,100,90,3.6,100,0.42,5000,1001,9.84,100,90,3.6,100,0.42,5000,1001,9.84,100,90,3.6,100,0.42,5000,1001,9.84,100,90,3.6,100,0.42,5000
1001,9.84,100,90,3.6,100,0.42,5000,14,0,15,3,1001,9.84,100,90,3.6,100,0.42,5000,1001,9.84,100,90,3.6,100,0.42,5000,1001,9.84,100,90,3.6,100,0.42,5000,1001,9.84,100,90,3.6,100,0.42,5000,1001,9.84,100,90,3.6,100,0.42,5000,1001,9.84,100,90,3.6,100,0.42,5000,1001,9.84,100,90,3.6,100,0.42,5000,1001,9.84,100,90,3.6,100,0.42,5000,1001,9.84,100,90,3.6,100,0.42,5000,1001,9.84,100,90,3.6,100,0.42,5000,1001,9.84,100,90,3.6,100,0.42,5000,1001,9.84,100,90,3.6,100,0.42,5000
1001,9.84,100,90,3.6,100,0.42,5000,15,0,15,3,1001,9.84,100,90,3.6,100,0.42,5000,1001,9.84,100,90,3.6,100,0.42,5000,1001,9.84,100,90,3.6,100,0.42,5000,1001,9.84,100,90,3.6,100,0.42,5000,1001,9.84,100,90,3.6,100,0.42,5000,1001,9.84,100,90,3.6,100,0.42,5000,1001,9.84,100,90,3.6,100,0.42,5000,1001,9.84,100,90,3.6,100,0.42,5000,1001,9.84,100,90,3.6,100,0.42,5000,1001,9.84,100,90,3.6,100,0.42,5000,1001,9.84,100,90,3.6,100,0.42,5000,1001,9.84,100,90,3.6,100,0.42,5000
1001,9.84,100,90,3.6,100,0.42,5000,16,0,15,3,1001,9.84,100,90,3.6,100,0.42,5000,1001,9.84,100,90,3.6,100,0.42,5000,1001,9.84,100,90,3.6,100,0.42,5000,1001,9.84,100,90,3.6,100,0.42,5000,1001,9.84,100,90,3.6,100,0.42,5000,1001,9.84,100,90,3.6,100,0.42,5000,1001,9.84,100,90,3.6,100,0.42,5000,1001,9.84,100,90,3.6,100,0.42,5000,1001,9.84,100,90,3.6,100,0.42,5000,1001,9.84,100,90,3.6,100,0.42,5000,1001,9.84,100,90,3.6,100,0.42,5000,1001,9.84,100,90,3.6,100,0.42,5000
1001,9.84,100,90,3.6,100,0.42,5000,17,0,15,3,1001,9.84,100,90,3.6,100,0.42,5000,1001,9.84,100,90,3.6,100,0.42,5000,1001,9.84,100,90,3.6,100,0.42,5000,1001,9.84,100,90,3.6,100,0.42,5000,1001,9.84,100,90,3.6,100,0.42,5000,1001,9.84,100,90,3.6,100,0.42,5000,1001,9.84,100,90,3.6,100,0.42,5000,1001,9.84,100,90,3.6,100,0.42,5000,1001,9.84,100,90,3.6,100,0.42,5000,1001,9.84,100,90,3.6,100,0.42,5000,1001,9.84,100,90,3.6,100,0.42,5000,1001,9.84,100,90,3.6,100,0.42,5000
1001,9.84,100,90,3.6,100,0.42,5000,18,0,15,3,1001,9.84,100,90,3.6,100,0.42,5000,1001,9.84,100,90,3.6,100,0.42,5000,1001,9.84,100,90,3.6,100,0.42,5000,1001,9.84,100,90,3.6,100,0.42,5000,1001,9.84,100,90,3.6,100,0.42,5000,1001,9.84,100,90,3.6,100,0.42,5000,1001,9.84,100,90,3.6,100,0.42,5000,1001,9.84,100,90,3.6,100,0.42,5000,1001,9.84,100,90,3.6,100,0.42,5000,1001,9.84,100,90,3.6,100,0.42,5000,1001,9.84,100,90,3.6,100,0.42,5000,1001,9.84,100,90,3.6,100,0.42,5000
1001,9.84,100,90,3.6,100,0.42,5000,19,0,15,3,1001,9.84,100,90,3.6,100,0.42,5000,1001,9.84,100,90,3.6,100,0.42,5000,1001,9.84,100,90,3.6,100,0.42,5000,1001,9.84,100,90,3.6,100,0.42,5000,1001,9.84,100,90,3.6,100,0.42,5000,1001,9.84,100,90,3.6,100,0.42,5000,1001,9.84,100,90,3.6,100,0.42,5000,1001,9.84,100,90,3.6,100,0.42,5000,1001,9.84,100,90,3.6,100,0.42,5000,1001,9.84,100,90,3.6,100,0.42,5000,1001,9.84,100,90,3.6,100,0.42,5000,1001,9.84,100,90,3.6,100,0.42,5000
1001,9.84,100,90,3.6,100,0.42,5000,20,0,15,3,1001,9.84,100,90,3.6,100,0.42,5000,1001,9.84,100,90,3.6,100,0.42,5000,1001,9.84,100,90,3.6,100,0.42,5000,1001,9.84,100,90,3.6,100,0.42,5000,1001,9.84,100,90,3.6,100,0.42,5000,1001,9.84,100,90,3.6,100,0.42,5000,1001,9.84,100,90,3.6,100,0.42,5000,1001,9.84,100,90,3.6,100,0.42,5000,1001,9.84,100,90,3.6,100,0.42,5000,1001,9.84,100,90,3.6,100,0.42,5000,1001,9.84,100,90,3.6,100,0.42,5000,1001,9.84,100,90,3.6,100,0.42,5000
1001,9.84,100,90,3.6,100,0.42,5000,21,0,15,3,1001,9.84,100,90,3.6,100,0.42,5000,1001,9.84,100,90,3.6,100,0.42,5000,1001,9.84,100,90,3.6,100,0.42,5000,1001,9.84,100,90,3.6,100,0.42,5000,1001,9.84,100,90,3.6,100,0.42,5000,1001,9.84,100,90,3.6,100,0.42,5000,1001,9.84,100,90,3.6,100,0.42,5000,1001,9.84,100,90,3.6,100,0.42,5000,1001,9.84,100,90,3.6,100,0.42,5000,1001,9.84,100,90,3.6,100,0.42,5000,1001,9.84,100,90,3.6,100,0.42,5000,1001,9.84,100,90,3.6,100,0.42,5000
1001,9.84,100,90,3.6,100,0.42,5000,22,0,15,3,1001,9.84,100,90,3.6,100,0.42,5000,1001,9.84,100,90,3.6,100,0.42,5000,1001,9.84,100,90,3.6,100,0.42,5000,1001,9.84,100,90,3.6,100,0.42,5000,1001,9.84,100,90,3.6,100,0.42,5000,1001,9.84,100,90,3.6,100,0.42,5000,1001,9.84,100,90,3.6,100,0.42,5000,1001,9.84,100,90,3.6,100,0.42,5000,1001,9.84,100,90,3.6,100,0.42,5000,1001,9.84,100,90,3.6,100,0.42,5000,1001,9.84,100,90,3.6,100,0.42,5000,1001,9.84,100,90,3.6,100,0.42,5000
1001,9.84,100,90,3.6,100,0.42,5000,23,0,15,3,1001,9.84,100,90,3.6,100,0.42,5000,1001,9.84,100,90,3.6,100,0.42,5000,1001,9.84,100,90,3.6,100,0.42,5000,1001,9.84,100,90,3.6,100,0.42,5000,1001,9.84,100,90,3.6,100,0.42,5000,1001,9.84,100,90,3.6,100,0.42,5000,1001,9.84,100,90,3.6,100,0.42,5000,1001,9.84,100,90,3.6,100,0.42,5000,1001,9.84,100,90,3.6,100,0.42,5000,1001,9.84,100,90,3.6,100,0.42,5000,1001,9.84,100,90,3.6,100,0.42,5000,1001,9.84,100,90,3.6,100,0.42,5000
1001,9.84,100,90,3.6,100,0.42,5000,0,0,16,3,1001,9.84,100,90,3.6,100,0.42,5000,1001,9.84,100,90,3.6,100,0.42,5000,1001,9.84,100,90,3.6,100,0.42,5000,1001,9.84,100,90,3.6,100,0.42,5000,1001,9.84,100,90,3.6,100,0.42,5000,1001,9.84,100,90,3.6,100,0.42,5000,1001,9.84,100,90,3.6,100,0.42,5000,1001,9.84,100,90,3.6,100,0.42,5000,1001,9.84,100,90,3.6,100,0.42,5000,1001,9.84,100,90,3.6,100,0.42,5000,1001,9.84,100,90,3.6,100,0.42,5000,1001,9.84,100,90,3.6,100,0.42,5000
1001,9.84,100,90,3.6,100,0.42,5000,1,0,16,3,1001,9.84,100,90,3.6,100,0.42,5000,1001,9.84,100,90,3.6,100,0.42,5000,1001,9.84,100,90,3.6,100,0.42,5000,1001,9.84,100,90,3.6,100,0.42,5000,1001,9.84,100,90,3.6,100,0.42,5000,1001,9.84,100,90,3.6,100,0.42,5000,1001,9.84,100,90,3.6,100,0.42,5000,1001,9.84,100,90,3.6,100,0.42,5000,1001,9.84,100,90,3.6,100,0.42,5000,1001,9.84,100,90,3.6,100,0.42,5000,1001,9.84,100,90,3.6,100,0.42,5000,1001,9.84,100,90,3.6,100,0.42,5000
1001,9.84,100,90,3.6,100,0.42,5000,2,0,16,3,1001,9.84,100,90,3.6,100,0.42,5000,1001,9.84,100,90,3.6,100,0.42,5000,1001,9.84,100,90,3.6,100,0.42,5000,1001,9.84,100,90,3.6,100,0.42,5000,1001,9.84,100,90,3.6,100,0.42,5000,1001,9.84,100,90,3.6,100,0.42,5000,1001,9.84,100,90,3.6,100,0.42,5000,1001,9.84,100,90,3.6,100,0.42,5000,1001,9.84,100,90,3.6,100,0.42,5000,1001,9.84,100,90,3.6,100,0.42,5000,1001,9.84,100,90,3.6,100,0.42,5000,1001,9.84,100,90,3.6,100,0.42,5000
1001,9.84,100,90,3.6,100,0.42,5000,3,0,16,3,1001,9.84,100,90,3.6,100,0.42,5000,1001,9.84,100,90,3.6,100,0.42,5000,1001,9.84,100,90,3.6,100,0.42,5000,1001,9.84,100,90,3.6,100,0.42,5000,1001,9.84,100,90,3.6,100,0.42,5000,1001,9.84,100,90,3.6,100,0.42,5000,1001,9.84,100,90,3.6,100,0.42,5000,1001,9.84,100,90,3.6,100,0.42,5000,1001,9.84,100,90,3.6,100,0.42,5000,1001,9.84,100,90,3.6,100,0.42,5000,1001,9.84,100,90,3.6,100,0.42,5000,1001,9.84,100,90,3.6,100,0.42,5000
1001,9.84,100,90,3.6,100,0.42,5000,4,0,16,3,1001,9.84,100,90,3.6,100,0.42,5000,1001,9.84,100,90,3.6,100,0.42,5000,1001,9.84,100,90,3.6,100,0.42,5000,1001,9.84,100,90,3.6,100,0.42,5000,1001,9.84,100,90,3.6,100,0.42,5000,1001,9.84,100,90,3.6,100,0.42,5000,1001,9.84,100,90,3.6,100,0.42,5000,1001,9.84,100,90,3.6,100,0.42,5000,1001,9.84,100,90,3.6,100,0.42,5000,1001,9.84,100,90,3.6,100,0.42,5000,1001,9.84,100,90,3.6,100,0.42,5000,1001,9.84,100,90,3.6,100,0.42,5000
1001,9.84,100,90,3.6,100,0.42,5000,5,0,16,3,1001,9.84,100,90,3.6,100,0.42,5000,1001,9.84,100,90,3.6,100,0.42,5000,1001,9.84,100,90,3.6,100,0.42,5000,1001,9.84,100,90,3.6,100,0.42,5000,1001,9.84,100,90,3.6,100,0.42,5000,1001,9.84,100,90,3.6,100,0.42,5000,1001,9.84,100,90,3.6,100,0.42,5000,1001,9.84,100,90,3.6,100,0.42,5000,1001,9.84,100,90,3.6,100,0.42,5000,1001,9.84,100,90,3.6,100,0.42,5000,1001,9.84,100,90,3.6,100,0.42,5000,1001,9.84,100,90,3.6,100,0.42,5000
1001,9.84,100,90,3.6,100,0.42,5000,6,0,16,3,1001,9.84,100,90,3.6,100,0.42,5000,1001,9.84,100,90,3.6,100,0.42,5000,1001,9.84,100,90,3.6,100,0.42,5000,1001,9.84,100,90,3.6,100,0.42,5000,1001,9.84,100,90,3.6,100,0.42,5000,1001,9.84,100,90,3.6,100,0.42,5000,1001,9.84,100,90,3.6,100,0.42,5000,1001,9.84,100,90,3.6,100,0.42,5000,1001,9.84,100,90,3.6,100,0.42,5000,1001,9.84,100,90,3.6,100,0.42,5000,1001,9.84,100,90,3.6,100,0.42,5000,1001,9.84,100,90,3.6,100,0.42,5000
1001,9.84,100,90,3.6,100,0.42,5000,7,0,16,3,1001,9.84,100,90,3.6,100,0.42,5000,1001,9.84,100,90,3.6,100,0.42,5000,1001,9.84,100,90,3.6,100,0.42,5000,1001,9.84,100,90,3.6,100,0.42,5000,1001,9.84,100,90,3.6,100,0.42,5000,1001,9.84,100,90,3.6,100,0.42,5000,1001,9.84,100,90,3.6,100,0.42,5000,1001,9.84,100,90,3.6,100,0.42,5000,1001,9.84,100,90,3.6,100,0.42,5000,1001,9.84,100,90,3.6,100,0.42,5000,1001,9.84,100,90,3.6,100,0.42,5000,1001,9.84,100,90,3.6,100,0.42,5000
1001,9.84,100,90,3.6,100,0.42,5000,8,0,16,3,1001,9.84,100,90,3.6,100,0.42,5000,1001,9.84,100,90,3.6,100,0.42,5000,1001,9.84,100,90,3.6,100,0.42,5000,1001,9.84,100,90,3.6,100,0.42,5000,1001,9.84,100,90,3.6,100,0.42,5000,1001,9.84,100,90,3.6,100,0.42,5000,1001,9.84,100,90,3.6,100,0.42,5000,1001,9.84,100,90,3.6,100,0.42,5000,1001,9.84,100,90,3.6,100,0.42,5000,1001,9.84,100,90,3.6,100,0.42,5000,1001,9.84,100,90,3.6,100,0.42,5000,1001,9.84,100,90,3.6,100,0.42,5000
1001,9.84,100,90,3.6,100,0.42,5000,9,0,16,3,1001,9.84,100,90,3.6,100,0.42,5000,1001,9.84,100,90,3.6,100,0.42,5000,1001,9.84,100,90,3.6,100,0.42,5000,1001,9.84,100,90,3.6,100,0.42,5000,1001,9.84,100,90,3.6,100,0.42,5000,1001,9.84,100,90,3.6,100,0.42,5000,1001,9.84,100,90,3.6,100,0.42,5000,1001,9.84,100,90,3.6,100,0.42,5000,1001,9.84,100,90,3.6,100,0.42,5000,1001,9.84,100,90,3.6,100,0.42,5000,1001,9.84,100,90,3.6,100,0.42,5000,1001,9.84,100,90,3.6,100,0.42,5000
1001,9.84,100,90,3.6,100,0.42,5000,10,0,16,3,1001,9.84,100,90,3.6,100,0.42,5000,1001,9.84,100,90,3.6,100,0.42,5000,1001,9.84,100,90,3.6,100,0.42,5000,1001,9.84,100,90,3.6,100,0.42,5000,1001,9.84,100,90,3.6,100,0.42,5000,1001,9.84,100,90,3.6,100,0.42,5000,1001,9.84,100,90,3.6,100,0.42,5000,1001,9.84,100,90,3.6,100,0.42,5000,1001,9.84,100,90,3.6,100,0.42,5000,1001,9.84,100,90,3.6,100,0.42,5000,1001,9.84,100,90,3.6,100,0.42,5000,1001,9.84,100,90,3.6,100,0.42,5000
1001,9.84,100,90,3.6,100,0.42,5000,11,0,16,3,1001,9.84,100,90,3.6,100,0.42,5000,1001,9.84,100,90,3.6,100,0.42,5000,1001,9.84,100,90,3.6,100,0.42,5000,1001,9.84,100,90,3.6,100,0.42,5000,1001,9.84,100,90,3.6,100,0.42,5000,1001,9.84,100,90,3.6,100,0.42,5000,1001,9.84,100,90,3.6,100,0.42,5000,1001,9.84,100,90,3.6,100,0.42,5000,1001,9.84,100,90,3.6,100,0.42,5000,1001,9.84,100,90,3.6,100,0.42,5000,1001,9.84,100,90,3.6,100,0.42,5000,1001,9.84,100,90,3.6,100,0.42,5000
1001,9.84,100,90,3.6,100,0.42,5000,12,0,16,3,1001,9.84,100,90,3.6,100,0.42,5000,1001,9.84,100,90,3.6,100,0.42,5000,1001,9.84,100,90,3.6,100,0.42,5000,1001,9.84,100,90,3.6,100,0.42,5000,1001,9.84,100,90,3.6,100,0.42,5000,1001,9.84,100,90,3.6,100,0.42,5000,1001,9.84,100,90,3.6,100,0.42,5000,1001,9.84,100,90,3.6,100,0.42,5000,1001,9.84,100,90,3.6,100,0.42,5000,1001,9.84,100,90,3.6,100,0.42,5000,1001,9.84,100,90,3.6,100,0.42,5000,1001,9.84,100,90,3.6,100,0.42,5000
1001,9.84,100,90,3.6,100,0.42,5000,13,0,16,3,1001,9.84,100,90,3.6,100,0.42,5000,1001,9.84,100,90,3.6,100,0.42,5000,1001,9.84,100,90,3.6,100,0.42,5000,1001,9.84,100,90,3.6,100,0.42,5000,1001,9.84,100,90,3.6,100,0.42,5000,1001,9.84,100,90,3.6,100,0.42,5000,1001,9.84,100,90,3.6,100,0.42,5000,1001,9.84,100,90,3.6,100,0.42,5000,1001,9.84,100,90,3.6,100,0.42,5000,1001,9.84,100,90,3.6,100,0.42,5000,1001,9.84,100,90,3.6,100,0.42,5000,1001,9.84,100,90,3.6,100,0.42,5000
1001,9.84,100,90,3.6,100,0.42,5000,14,0,16,3,1001,9.84,100,90,3.6,100,0.42,5000,1001,9.84,100,90,3.6,100,0.42,5000,1001,9.84,100,90,3.6,100,0.42,5000,1001,9.84,100,90,3.6,100,0.42,5000,1001,9.84,100,90,3.6,100,0.42,5000,1001,9.84,100,90,3.6,100,0.42,5000,1001,9.84,100,90,3.6,100,0.42,5000,1001,9.84,100,90,3.6,100,0.42,5000,1001,9.84,100,90,3.6,100,0.42,5000,1001,9.84,100,90,3.6,100,0.42,5000,1001,9.84,100,90,3.6,100,0.42,5000,1001,9.84,100,90,3.6,100,0.42,5000
1001,9.84,100,90,3.6,100,0.42,5000,15,0,16,3,1001,9.84,100,90,3.6,100,0.42,5000,1001,9.84,100,90,3.6,100,0.42,5000,1001,9.84,100,90,3.6,100,0.42,5000,1001,9.84,100,90,3.6,100,0.42,5000,1001,9.84,100,90,3.6,100,0.42,5000,1001,9.84,100,90,3.6,100,0.42,5000,1001,9.84,100,90,3.6,100,0.42,5000,1001,9.84,100,90,3.6,100,0.42,5000,1001,9.84,100,90,3.6,100,0.42,5000,1001,9.84,100,90,3.6,100,0.42,5000,1001,9.84,100,90,3.6,100,0.42,5000,1001,9.84,100,90,3.6,100,0.42,5000
1001,9.84,100,90,3.6,100,0.42,5000,16,0,16,3,1001,9.84,100,90,3.6,100,0.42,5000,1001,9.84,100,90,3.6,100,0.42,5000,1001,9.84,100,90,3.6,100,0.42,5000,1001,9.84,100,90,3.6,100,0.42,5000,1001,9.84,100,90,3.6,100,0.42,5000,1001,9.84,100,90,3.6,100,0.42,5000,1001,9.84,100,90,3.6,100,0.42,5000,1001,9.84,100,90,3.6,100,0.42,5000,1001,9.84,100,90,3.6,100,0.42,5000,1001,9.84,100,90,3.6,100,0.42,5000,1001,9.84,100,90,3.6,100,0.42,5000,1001,9.84,100,90,3.6,100,0.42,5000
1001,9.84,100,90,3.6,100,0.42,5000,17,0,16,3,1001,9.84,100,90,3.6,100,0.42,5000,1001,9.84,100,90,3.6,100,0.42,5000,1001,9.84,100,90,3.6,100,0.42,5000,1001,9.84,100,90,3.6,100,0.42,5000,1001,9.84,100,90,3.6,100,0.42,5000,1001,9.84,100,90,3.6,100,0.42,5000,1001,9.84,100,90,3.6,100,0.42,5000,1001,9.84,100,90,3.6,100,0.42,5000,1001,9.84,100,90,3.6,100,0.42,5000,1001,9.84,100,90,3.6,100,0.42,5000,1001,9.84,100,90,3.6,100,0.42,5000,1001,9.84,100,90,3.6,100,0.42,5000
1001,9.84,100,90,3.6,100,0.42,5000,18,0,16,3,1001,9.84,100,90,3.6,100,0.42,5000,1001,9.84,100,90,3.6,100,0.42,5000,1001,9.84,100,90,3.6,100,0.42,5000,1001,9.84,100,90,3.6,100,0.42,5000,1001,9.84,100,90,3.6,100,0.42,5000,1001,9.84,100,90,3.6,100,0.42,5000,1001,9.84,100,90,3.6,100,0.42,5000,1001,9.84,100,90,3.6,100,0.42,5000,1001,9.84,100,90,3.6,100,0.42,5000,1001,9.84,100,90,3.6,100,0.42,5000,1001,9.84,100,90,3.6,100,0.42,5000,1001,9.84,100,90,3.6,100,0.42,5000
1001,9.84,100,90,3.6,100,0.42,5000,19,0,16,3,1001,9.84,100,90,3.6,100,0.42,5000,1001,9.84,100,90,3.6,100,0.42,5000,1001,9.84,100,90,3.6,100,0.42,5000,1001,9.84,100,90,3.6,100,0.42,5000,1001,9.84,100,90,3.6,100,0.42,5000,1001,9.84,100,90,3.6,100,0.42,5000,1001,9.84,100,90,3.6,100,0.42,5000,1001,9.84,100,90,3.6,100,0.42,5000,1001,9.84,100,90,3.6,100,0.42,5000,1001,9.84,100,90,3.6,100,0.42,5000,1001,9.84,100,90,3.6,100,0.42,5000,1001,9.84,100,90,3.6,100,0.42,5000
1001,9.84,100,90,3.6,100,0.42,5000,20,0,16,3,1001,9.84,100,90,3.6,100,0.42,5000,1001,9.84,100,90,3.6,100,0.42,5000,1001,9.84,100,90,3.6,100,0.42,5000,1001,9.84,100,90,3.6,100,0.42,5000,1001,9.84,100,90,3.6,100,0.42,5000,1001,9.84,100,90,3.6,100,0.42,5000,1001,9.84,100,90,3.6,100,0.42,5000,1001,9.84,100,90,3.6,100,0.42,5000,1001,9.84,100,90,3.6,100,0.42,5000,1001,9.84,100,90,3.6,100,0.42,5000,1001,9.84,100,90,3.6,100,0.42,5000,1001,9.84,100,90,3.6,100,0.42,5000
1001,9.84,100,90,3.6,100,0.42,5000,21,0,16,3,1001,9.84,100,90,3.6,100,0.42,5000,1001,9.84,100,90,3.6,100,0.42,5000,1001,9.84,100,90,3.6,100,0.42,5000,1001,9.84,100,90,3.6,100,0.42,5000,1001,9.84,100,90,3.6,100,0.42,5000,1001,9.84,100,90,3.6,100,0.42,5000,1001,9.84,100,90,3.6,100,0.42,5000,1001,9.84,100,90,3.6,100,0.42,5000,1001,9.84,100,90,3.6,100,0.42,5000,1001,9.84,100,90,3.6,100,0.42,5000,1001,9.84,100,90,3.6,100,0.42,5000,1001,9.84,100,90,3.6,100,0.42,5000
1001,9.84,100,90,3.6,100,0.42,5000,22,0,16,3,1001,9.84,100,90,3.6,100,0.42,5000,1001,9.84,100,90,3.6,100,0.42,5000,1001,9.84,100,90,3.6,100,0.42,5000,1001,9.84,100,90,3.6,100,0.42,5000,1001,9.84,100,90,3.6,100,0.42,5000,1001,9.84,100,90,3.6,100,0.42,5000,1001,9.84,100,90,3.6,100,0.42,5000,1001,9.84,100,90,3.6,100,0.42,5000,1001,9.84,100,90,3.6,100,0.42,5000,1001,9.84,100,90,3.6,100,0.42,5000,1001,9.84,100,90,3.6,100,0.42,5000,1001,9.84,100,90,3.6,100,0.42,5000
1001,9.84,100,90,3.6,100,0.42,5000,23,0,16,3,1001,9.84,100,90,3.6,100,0.42,5000,1001,9.84,100,90,3.6,100,0.42,5000,1001,9.84,100,90,3.6,100,0.42,5000,1001,9.84,100,90,3.6,100,0.42,5000,1001,9.84,100,90,3.6,100,0.42,5000,1001,9.84,100,90,3.6,100,0.42,5000,1001,9.84,100,90,3.6,100,0.42,5000,1001,9.84,100,90,3.6,100,0.42,5000,1001,9.84,100,90,3.6,100,0.42,5000,1001,9.84,100,90,3.6,100,0.42,5000,1001,9.84,100,90,3.6,100,0.42,5000,1001,9.84,100,90,3.6,100,0.42,5000
1001,9.84,100,90,3.6,100,0.42,5000,0,0,17,3,1001,9.84,100,90,3.6,100,0.42,5000,1001,9.84,100,90,3.6,100,0.42,5000,1001,9.84,100,90,3.6,100,0.42,5000,1001,9.84,100,90,3.6,100,0.42,5000,1001,9.84,100,90,3.6,100,0.42,5000,1001,9.84,100,90,3.6,100,0.42,5000,1001,9.84,100,90,3.6,100,0.42,5000,1001,9.84,100,90,3.6,100,0.42,5000,1001,9.84,100,90,3.6,100,0.42,5000,1001,9.84,100,90,3.6,100,0.42,5000,1001,9.84,100,90,3.6,100,0.42,5000,1001,9.84,100,90,3.6,100,0.42,5000
1001,9.84,100,90,3.6,100,0.42,5000,1,0,17,3,1001,9.84,100,90,3.6,100,0.42,5000,1001,9.84,100,90,3.6,100,0.42,5000,1001,9.84,100,90,3.6,100,0.42,5000,1001,9.84,100,90,3.6,100,0.42,5000,1001,9.84,100,90,3.6,100,0.42,5000,1001,9.84,100,90,3.6,100,0.42,5000,1001,9.84,100,90,3.6,100,0.42,5000,1001,9.84,100,90,3.6,100,0.42,5000,1001,9.84,100,90,3.6,100,0.42,5000,1001,9.84,100,90,3.6,100,0.42,5000,1001,9.84,100,90,3.6,100,0.42,5000,1001,9.84,100,90,3.6,100,0.42,5000
1001,9.84,100,90,3.6,100,0.42,5000,2,0,17,3,1001,9.84,100,90,3.6,100,0.42,5000,1001,9.84,100,90,3.6,100,0.42,5000,1001,9.84,100,90,3.6,100,0.42,5000,1001,9.84,100,90,3.6,100,0.42,5000,1001,9.84,100,90,3.6,100,0.42,5000,1001,9.84,100,90,3.6,100,0.42,5000,1001,9.84,100,90,3.6,100,0.42,5000,1001,9.84,100,90,3.6,100,0.42,5000,1001,9.84,100,90,3.6,100,0.42,5000,1001,9.84,100,90,3.6,100,0.42,5000,1001,9.84,100,90,3.6,100,0.42,5000,1001,9.84,100,90,3.6,100,0.42,5000
1001,9.84,100,90,3.6,100,0.42,5000,3,0,17,3,1001,9.84,100,90,3.6,100,0.42,5000,1001,9.84,100,90,3.6,100,0.42,5000,1001,9.84,100,90,3.6,100,0.42,5000,1001,9.84,100,90,3.6,100,0.42,5000,1001,9.84,100,90,3.6,100,0.42,5000,1001,9.84,100,90,3.6,100,0.42,5000,1001,9.84,100,90,3.6,100,0.42,5000,1001,9.84,100,90,3.6,100,0.42,5000,1001,9.84,100,90,3.6,100,0.42,5000,1001,9.84,100,90,3.6,100,0.42,5000,1001,9.84,100,90,3.6,100,0.42,5000,1001,9.84,100,90,3.6,100,0.42,5000
1001,9.84,100,90,3.6,100,0.42,5000,4,0,17,3,1001,9.84,100,90,3.6,100,0.42,5000,1001,9.84,100,90,3.6,100,0.42,5000,1001,9.84,100,90,3.6,100,0.42,5000,1001,9.84,100,90,3.6,100,0.42,5000,1001,9.84,100,90,3.6,100,0.42,5000,1001,9.84,100,90,3.6,100,0.42,5000,1001,9.84,100,90,3.6,100,0.42,5000,1001,9.84,100,90,3.6,100,0.42,5000,1001,9.84,100,90,3.6,100,0.42,5000,1001,9.84,100,90,3.6,100,0.42,5000,1001,9.84,100,90,3.6,100,0.42,5000,1001,9.84,100,90,3.6,100,0.42,5000
1001,9.84,100,90,3.6,100,0.42,5000,5,0,17,3,1001,9.84,100,90,3.6,100,0.42,5000,1001,9.84,100,90,3.6,100,0.42,5000,1001,9.84,100,90,3.6,100,0.42,5000,1001,9.84,100,90,3.6,100,0.42,5000,1001,9.84,100,90,3.6,100,0.42,5000,1001,9.84,100,90,3.6,100,0.42,5000,1001,9.84,100,90,3.6,100,0.42,5000,1001,9.84,100,90,3.6,100,0.42,5000,1001,9.84,100,90,3.6,100,0.42,5000,1001,9.84,100,90,3.6,100,0.42,5000,1001,9.84,100,90,3.6,100,0.42,5000,1001,9.84,100,90,3.6,100,0.42,5000
1001,9.84,100,90,3.6,100,0.42,5000,6,0,17,3,1001,9.84,100,90,3.6,100,0.42,5000,1001,9.84,100,90,3.6,100,0.42,5000,1001,9.84,100,90,3.6,100,0.42,5000,1001,9.84,100,90,3.6,100,0.42,5000,1001,9.84,100,90,3.6,100,0.42,5000,1001,9.84,100,90,3.6,100,0.42,5000,1001,9.84,100,90,3.6,100,0.42,5000,1001,9.84,100,90,3.6,100,0.42,5000,1001,9.84,100,90,3.6,100,0.42,5000,1001,9.84,100,90,3.6,100,0.42,5000,1001,9.84,100,90,3.6,100,0.42,5000,1001,9.84,100,90,3.6,100,0.42,5000
1001,9.84,100,90,3.6,100,0.42,5000,7,0,17,3,1001,9.84,100,90,3.6,100,0.42,5000,1001,9.84,100,90,3.6,100,0.42,5000,1001,9.84,100,90,3.6,100,0.42,5000,1001,9.84,100,90,3.6,100,0.42,5000,1001,9.84,100,90,3.6,100,0.42,5000,1001,9.84,100,90,3.6,100,0.42,5000,1001,9.84,100,90,3.6,100,0.42,5000,1001,9.84,100,90,3.6,100,0.42,5000,1001,9.84,100,90,3.6,100,0.42,5000,1001,9.84,100,90,3.6,100,0.42,5000,1001,9.84,100,90,3.6,100,0.42,5000,1001,9.84,100,90,3.6,100,0.42,5000
1001,9.84,100,90,3.6,100,0.42,5000,8,0,17,3,1001,9.84,100,90,3.6,100,0.42,5000,1001,9.84,100,90,3.6,100,0.42,5000,1001,9.84,100,90,3.6,100,0.42,5000,1001,9.84,100,90,3.6,100,0.42,5000,1001,9.84,100,90,3.6,100,0.42,5000,1001,9.84,100,90,3.6,100,0.42,5000,1001,9.84,100,90,3.6,100,0.42,5000,1001,9.84,100,90,3.6,100,0.42,5000,1001,9.84,100,90,3.6,100,0.42,5000,1001,9.84,100,90,3.6,100,0.42,5000,1001,9.84,100,90,3.6,100,0.42,5000,1001,9.84,100,90,3.6,100,0.42,5000
1001,9.84,100,90,3.6,100,0.42,5000,9,0,17,3,1001,9.84,100,90,3.6,100,0.42,5000,1001,9.84,100,90,3.6,100,0.42,5000,1001,9.84,100,90,3.6,100,0.42,5000,1001,9.84,100,90,3.6,100,0.42,5000,1001,9.84,100,90,3.6,100,0.42,5000,1001,9.84,100,90,3.6,100,0.42,5000,1001,9.84,100,90,3.6,100,0.42,5000,1001,9.84,100,90,3.6,100,0.42,5000,1001,9.84,100,90,3.6,100,0.42,5000,1001,9.84,100,90,3.6,100,0.42,5000,1001,9.84,100,90,3.6,100,0.42,5000,1001,9.84,100,90,3.6,100,0.42,5000
1001,9.84,100,90,3.6,100,0.42,5000,10,0,17,3,1001,9.84,100,90,3.6,100,0.42,5000,1001,9.84,100,90,3.6,100,0.42,5000,1001,9.84,100,90,3.6,100,0.42,5000,1001,9.84,100,90,3.6,100,0.42,5000,1001,9.84,100,90,3.6,100,0.42,5000,1001,9.84,100,90,3.6,100,0.42,5000,1001,9.84,100,90,3.6,100,0.42,5000,1001,9.84,100,90,3.6,100,0.42,5000,1001,9.84,100,90,3.6,100,0.42,5000,1001,9.84,100,90,3.6,100,0.42,5000,1001,9.84,100,90,3.6,100,0.42,5000,1001,9.84,100,90,3.6,100,0.42,5000
1001,9.84,100,90,3.6,100,0.42,5000,11,0,17,3,1001,9.84,100,90,3.6,100,0.42,5000,1001,9.84,100,90,3.6,100,0.42,5000,1001,9.84,100,90,3.6,100,0.42,5000,1001,9.84,100,90,3.6,100,0.42,5000,1001,9.84,100,90,3.6,100,0.42,5000,1001,9.84,100,90,3.6,100,0.42,5000,1001,9.84,100,90,3.6,100,0.42,5000,1001,9.84,100,90,3.6,100,0.42,5000,1001,9.84,100,90,3.6,100,0.42,5000,1001,9.84,100,90,3.6,100,0.42,5000,1001,9.84,100,90,3.6,100,0.42,5000,1001,9.84,100,90,3.6,100,0.42,5000
1001,9.84,100,90,3.6,100,0.42,5000,12,0,17,3,1001,9.84,100,90,3.6,100,0.42,5000,1001,9.84,100,90,3.6,100,0.42,5000,1001,9.84,100,90,3.6,100,0.42,5000,1001,9.84,100,90,3.6,100,0.42,5000,1001,9.84,100,90,3.6,100,0.42,5000,1001,9.84,100,90,3.6,100,0.42,5000,1001,9.84,100,90,3.6,100,0.42,5000,1001,9.84,100,90,3.6,100,0.42,5000,1001,9.84,100,90,3.6,100,0.42,5000,1001,9.84,100,90,3.6,100,0.42,5000,1001,9.84,100,90,3.6,100,0.42,5000,1001,9.84,100,90,3.6,100,0.42,5000
1001,9.84,100,90,3.6,100,0.42,5000,13,0,17,3,1001,9.84,100,90,3.6,100,0.42,5000,1001,9.84,100,90,3.6,100,0.42,5000,1001,9.84,100,90,3.6,100,0.42,5000,1001,9.84,100,90,3.6,100,0.42,5000,1001,9.84,100,90,3.6,100,0.42,5000,1001,9.84,100,90,3.6,100,0.42,5000,1001,9.84,100,90,3.6,100,0.42,5000,1001,9.84,100,90,3.6,100,0.42,5000,1001,9.84,100,90,3.6,100,0.42,5000,1001,9.84,100,90,3.6,100,0.42,5000,1001,9.84,100,90,3.6,100,0.42,5000,1001,9.84,100,90,3.6,100,0.42,5000
1001,9.84,100,90,3.6,100,0.42,5000,14,0,17,3,1001,9.84,100,90,3.6,100,0.42,5000,1001,9.84,100,90,3.6,100,0.42,5000,1001,9.84,100,90,3.6,100,0.42,5000,1001,9.84,100,90,3.6,100,0.42,5000,1001,9.84,100,90,3.6,100,0.42,5000,1001,9.84,100,90,3.6,100,0.42,5000,1001,9.84,100,90,3.6,100,0.42,5000,1001,9.84,100,90,3.6,100,0.42,5000,1001,9.84,100,90,3.6,100,0.42,5000,1001,9.84,100,90,3.6,100,0.42,5000,1001,9.84,100,90,3.6,100,0.42,5000,1001,9.84,100,90,3.6,100,0.42,5000
1001,9.84,100,90,3.6,100,0.42,5000,15,0,17,3,1001,9.84,100,90,3.6,100,0.42,5000,1001,9.84,100,90,3.6,100,0.42,5000,1001,9.84,100,90,3.6,100,0.42,5000,1001,9.84,100,90,3.6,100,0.42,5000,1001,9.84,100,90,3.6,100,0.42,5000,1001,9.84,100,90,3.6,100,0.42,5000,1001,9.84,100,90,3.6,100,0.42,5000,1001,9.84,100,90,3.6,100,0.42,5000,1001,9.84,100,90,3.6,100,0.42,5000,1001,9.84,100,90,3.6,100,0.42,5000,1001,9.84,100,90,3.6,100,0.42,5000,1001,9.84,100,90,3.6,100,0.42,5000
1001,9.84,100,90,3.6,100,0.42,5000,16,0,17,3,1001,9.84,100,90,3.6,100,0.42,5000,1001,9.84,100,90,3.6,100,0.42,5000,1001,9.84,100,90,3.6,100,0.42,5000,1001,9.84,100,90,3.6,100,0.42,5000,1001,9.84,100,90,3.6,100,0.42,5000,1001,9.84,100,90,3.6,100,0.42,5000,1001,9.84,100,90,3.6,100,0.42,5000,1001,9.84,100,90,3.6,100,0.42,5000,1001,9.84,100,90,3.6,100,0.42,5000,1001,9.84,100,90,3.6,100,0.42,5000,1001,9.84,100,90,3.6,100,0.42,5000,1001,9.84,100,90,3.6,100,0.42,5000
1001,9.84,100,90,3.6,100,0.42,5000,17,0,17,3,1001,9.84,100,90,3.6,100,0.42,5000,1001,9.84,100,90,3.6,100,0.42,5000,1001,9.84,100,90,3.6,100,0.42,5000,1001,9.84,100,90,3.6,100,0.42,5000,1001,9.84,100,90,3.6,100,0.42,5000,1001,9.84,100,90,3.6,100,0.42,5000,1001,9.84,100,90,3.6,100,0.42,5000,1001,9.84,100,90,3.6,100,0.42,5000,1001,9.84,100,90,3.6,100,0.42,5000,1001,9.84,100,90,3.6,100,0.42,5000,1001,9.84,100,90,3.6,100,0.42,5000,1001,9.84,100,90,3.6,100,0.42,5000
1001,9.84,100,90,3.6,100,0.42,5000,18,0,17,3,1001,9.84,100,90,3.6,100,0.42,5000,1001,9.84,100,90,3.6,100,0.42,5000,1001,9.84,100,90,3.6,100,0.42,5000,1001,9.84,100,90,3.6,100,0.42,5000,1001,9.84,100,90,3.6,100,0.42,5000,1001,9.84,100,90,3.6,100,0.42,5000,1001,9.84,100,90,3.6,100,0.42,5000,1001,9.84,100,90,3.6,100,0.42,5000,1001,9.84,100,90,3.6,100,0.42,5000,1001,9.84,100,90,3.6,100,0.42,5000,1001,9.84,100,90,3.6,100,0.42,5000,1001,9.84,100,90,3.6,100,0.42,5000
1001,9.84,100,90,3.6,100,0.42,5000,19,0,17,3,1001,9.84,100,90,3.6,100,0.42,5000,1001,9.84,100,90,3.6,100,0.42,5000,1001,9.84,100,90,3.6,100,0.42,5000,1001,9.84,100,90,3.6,100,0.42,5000,1001,9.84,100,90,3.6,100,0.42,5000,1001,9.84,100,90,3.6,100,0.42,5000,1001,9.84,100,90,3.6,100,0.42,5000,1001,9.84,100,90,3.6,100,0.42,5000,1001,9.84,100,90,3.6,100,0.42,5000,1001,9.84,100,90,3.6,100,0.42,5000,1001,9.84,100,90,3.6,100,0.42,5000,1001,9.84,100,90,3.6,100,0.42,5000
1001,9.84,100,90,3.6,100,0.42,5000,20,0,17,3,1001,9.84,100,90,3.6,100,0.42,5000,1001,9.84,100,90,3.6,100,0.42,5000,1001,9.84,100,90,3.6,100,0.42,5000,1001,9.84,100,90,3.6,100,0.42,5000,1001,9.84,100,90,3.6,100,0.42,5000,1001,9.84,100,90,3.6,100,0.42,5000,1001,9.84,100,90,3.6,100,0.42,5000,1001,9.84,100,90,3.6,100,0.42,5000,1001,9.84,100,90,3.6,100,0.42,5000,1001,9.84,100,90,3.6,100,0.42,5000,1001,9.84,100,90,3.6,100,0.42,5000,1001,9.84,100,90,3.6,100,0.42,5000
1001,9.84,100,90,3.6,100,0.42,5000,21,0,17,3,1001,9.84,100,90,3.6,100,0.42,5000,1001,9.84,100,90,3.6,100,0.42,5000,1001,9.84,100,90,3.6,100,0.42,5000,1001,9.84,100,90,3.6,100,0.42,5000,1001,9.84,100,90,3.6,100,0.42,5000,1001,9.84,100,90,3.6,100,0.42,5000,1001,9.84,100,90,3.6,100,0.42,5000,1001,9.84,100,90,3.6,100,0.42,5000,1001,9.84,100,90,3.6,100,0.42,5000,1001,9.84,100,90,3.6,100,0.42,5000,1001,9.84,100,90,3.6,100,0.42,5000,1001,9.84,100,90,3.6,100,0.42,5000
1001,9.84,100,90,3.6,100,0.42,5000,22,0,17,3,1001,9.84,100,90,3.6,100,0.42,5000,1001,9.84,100,90,3.6,100,0.42,5000,1001,9.84,100,90,3.6,100,0.42,5000,1001,9.84,100,90,3.6,100,0.42,5000,1001,9.84,100,90,3.6,100,0.42,5000,1001,9.84,100,90,3.6,100,0.42,5000,1001,9.84,100,90,3.6,100,0.42,5000,1001,9.84,100,90,3.6,100,0.42,5000,1001,9.84,100,90,3.6,100,0.42,5000,1001,9.84,100,90,3.6,100,0.42,5000,1001,9.84,100,90,3.6,100,0.42,5000,1001,9.84,100,90,3.6,100,0.42,5000
1001,9.84,100,90,3.6,100,0.42,5000,23,0,17,3,1001,9.84,100,90,3.6,100,0.42,5000,1001,9.84,100,90,3.6,100,0.42,5000,1001,9.84,100,90,3.6,100,0.42,5000,1001,9.84,100,90,3.6,100,0.42,5000,1001,9.84,100,90,3.6,100,0.42,5000,1001,9.84,100,90,3.6,100,0.42,5000,1001,9.84,100,90,3.6,100,0.42,5000,1001,9.84,100,90,3.6,100,0.42,5000,1001,9.84,100,90,3.6,100,0.42,5000,1001,9.84,100,90,3.6,100,0.42,5000,1001,9.84,100,90,3.6,100,0.42,5000,1001,9.84,100,90,3.6,100,0.42,5000
1001,9.84,100,90,3.6,100,0.42,5000,0,0,18,3,1001,9.84,100,90,3.6,100,0.42,5000,1001,9.84,100,90,3.6,100,0.42,5000,1001,9.84,100,90,3.6,100,0.42,5000,1001,9.84,100,90,3.6,100,0.42,5000,1001,9.84,100,90,3.6,100,0.42,5000,1001,9.84,100,90,3.6,100,0.42,5000,1001,9.84,100,90,3.6,100,0.42,5000,1001,9.84,100,90,3.6,100,0.42,5000,1001,9.84,100,90,3.6,100,0.42,5000,1001,9.84,100,90,3.6,100,0.42,5000,1001,9.84,100,90,3.6,100,0.42,5000,1001,9.84,100,90,3.6,100,0.42,5000
1001,9.84,100,90,3.6,100,0.42,5000,1,0,18,3,1001,9.84,100,90,3.6,100,0.42,5000,1001,9.84,100,90,3.6,100,0.42,5000,1001,9.84,100,90,3.6,100,0.42,5000,1001,9.84,100,90,3.6,100,0.42,5000,1001,9.84,100,90,3.6,100,0.42,5000,1001,9.84,100,90,3.6,100,0.42,5000,1001,9.84,100,90,3.6,100,0.42,5000,1001,9.84,100,90,3.6,100,0.42,5000,1001,9.84,100,90,3.6,100,0.42,5000,1001,9.84,100,90,3.6,100,0.42,5000,1001,9.84,100,90,3.6,100,0.42,5000,1001,9.84,100,90,3.6,100,0.42,5000
1001,9.84,100,90,3.6,100,0.42,5000,2,0,18,3,1001,9.84,100,90,3.6,100,0.42,5000,1001,9.84,100,90,3.6,100,0.42,5000,1001,9.84,100,90,3.6,100,0.42,5000,1001,9.84,100,90,3.6,100,0.42,5000,1001,9.84,100,90,3.6,100,0.42,5000,1001,9.84,100,90,3.6,100,0.42,5000,1001,9.84,100,90,3.6,100,0.42,5000,1001,9.84,100,90,3.6,100,0.42,5000,1001,9.84,100,90,3.6,100,0.42,5000,1001,9.84,100,90,3.6,100,0.42,5000,1001,9.84,100,90,3.6,100,0.42,5000,1001,9.84,100,90,3.6,100,0.42,5000
1001,9.84,100,90,3.6,100,0.42,5000,3,0,18,3,1001,9.84,100,90,3.6,100,0.42,5000,1001,9.84,100,90,3.6,100,0.42,5000,1001,9.84,100,90,3.6,100,0.42,5000,1001,9.84,100,90,3.6,100,0.42,5000,1001,9.84,100,90,3.6,100,0.42,5000,1001,9.84,100,90,3.6,100,0.42,5000,1001,9.84,100,90,3.6,100,0.42,5000,1001,9.84,100,90,3.6,100,0.42,5000,1001,9.84,100,90,3.6,100,0.42,5000,1001,9.84,100,90,3.6,100,0.42,5000,1001,9.84,100,90,3.6,100,0.42,5000,1001,9.84,100,90,3.6,100,0.42,5000
1001,9.84,100,90,3.6,100,0.42,5000,4,0,18,3,1001,9.84,100,90,3.6,100,0.42,5000,1001,9.84,100,90,3.6,100,0.42,5000,1001,9.84,100,90,3.6,100,0.42,5000,1001,9.84,100,90,3.6,100,0.42,5000,1001,9.84,100,90,3.6,100,0.42,5000,1001,9.84,100,90,3.6,100,0.42,5000,1001,9.84,100,90,3.6,100,0.42,5000,1001,9.84,100,90,3.6,100,0.42,5000,1001,9.84,100,90,3.6,100,0.42,5000,1001,9.84,100,90,3.6,100,0.42,5000,1001,9.84,100,90,3.6,100,0.42,5000,1001,9.84,100,90,3.6,100,0.42,5000
1001,9.84,100,90,3.6,100,0.42,5000,5,0,18,3,1001,9.84,100,90,3.6,100,0.42,5000,1001,9.84,100,90,3.6,100,0.42,5000,1001,9.84,100,90,3.6,100,0.42,5000,1001,9.84,100,90,3.6,100,0.42,5000,1001,9.84,100,90,3.6,100,0.42,5000,1001,9.84,100,90,3.6,100,0.42,5000,1001,9.84,100,90,3.6,100,0.42,5000,1001,9.84,100,90,3.6,100,0.42,5000,1001,9.84,100,90,3.6,100,0.42,5000,1001,9.84,100,90,3.6,100,0.42,5000,1001,9.84,100,90,3.6,100,0.42,5000,1001,9.84,100,90,3.6,100,0.42,5000
1001,9.84,100,90,3.6,100,0.42,5000,6,0,18,3,1001,9.84,100,90,3.6,100,0.42,5000,1001,9.84,100,90,3.6,100,0.42,5000,1001,9.84,100,90,3.6,100,0.42,5000,1001,9.84,100,90,3.6,100,0.42,5000,1001,9.84,100,90,3.6,100,0.42,5000,1001,9.84,100,90,3.6,100,0.42,5000,1001,9.84,100,90,3.6,100,0.42,5000,1001,9.84,100,90,3.6,100,0.42,5000,1001,9.84,100,90,3.6,100,0.42,5000,1001,9.84,100,90,3.6,100,0.42,5000,1001,9.84,100,90,3.6,100,0.42,5000,1001,9.84,100,90,3.6,100,0.42,5000
1001,9.84,100,90,3.6,100,0.42,5000,7,0,18,3,1001,9.84,100,90,3.6,100,0.42,5000,1001,9.84,100,90,3.6,100,0.42,5000,1001,9.84,100,90,3.6,100,0.42,5000,1001,9.84,100,90,3.6,100,0.42,5000,1001,9.84,100,90,3.6,100,0.42,5000,1001,9.84,100,90,3.6,100,0.42,5000,1001,9.84,100,90,3.6,100,0.42,5000,1001,9.84,100,90,3.6,100,0.42,5000,1001,9.84,100,90,3.6,100,0.42,5000,1001,9.84,100,90,3.6,100,0.42,5000,1001,9.84,100,90,3.6,100,0.42,5000,1001,9.84,100,90,3.6,100,0.42,5000
1001,9.84,100,90,3.6,100,0.42,5000,8,0,18,3,1001,9.84,100,90,3.6,100,0.42,5000,1001,9.84,100,90,3.6,100,0.42,5000,1001,9.84,100,90,3.6,100,0.42,5000,1001,9.84,100,90,3.6,100,0.42,5000,1001,9.84,100,90,3.6,100,0.42,5000,1001,9.84,100,90,3.6,100,0.42,5000,1001,9.84,100,90,3.6,100,0.42,5000,1001,9.84,100,90,3.6,100,0.42,5000,1001,9.84,100,90,3.6,100,0.42,5000,1001,9.84,100,90,3.6,100,0.42,5000,1001,9.84,100,90,3.6,100,0.42,5000,1001,9.84,100,90,3.6,100,0.42,5000
1001,9.84,100,90,3.6,100,0.42,5000,9,0,18,3,1001,9.84,100,90,3.6,100,0.42,5000,1001,9.84,100,90,3.6,100,0.42,5000,1001,9.84,100,90,3.6,100,0.42,5000,1001,9.84,100,90,3.6,100,0.42,5000,1001,9.84,100,90,3.6,100,0.42,5000,1001,9.84,100,90,3.6,100,0.42,5000,1001,9.84,100,90,3.6,100,0.42,5000,1001,9.84,100,90,3.6,100,0.42,5000,1001,9.84,100,90,3.6,100,0.42,5000,1001,9.84,100,90,3.6,100,0.42,5000,1001,9.84,100,90,3.6,100,0.42,5000,1001,9.84,100,90,3.6,100,0.42,5000
1001,9.84,100,90,3.6,100,0.42,5000,10,0,18,3,1001,9.84,100,90,3.6,100,0.42,5000,1001,9.84,100,90,3.6,100,0.42,5000,1001,9.84,100,90,3.6,100,0.42,5000,1001,9.84,100,90,3.6,100,0.42,5000,1001,9.84,100,90,3.6,100,0.42,5000,1001,9.84,100,90,3.6,100,0.42,5000,1001,9.84,100,90,3.6,100,0.42,5000,1001,9.84,100,90,3.6,100,0.42,5000,1001,9.84,100,90,3.6,100,0.42,5000,1001,9.84,100,90,3.6,100,0.42,5000,1001,9.84,100,90,3.6,100,0.42,5000,1001,9.84,100,90,3.6,100,0.42,5000
1001,9.84,100,90,3.6,100,0.42,5000,11,0,18,3,1001,9.84,100,90,3.6,100,0.42,5000,1001,9.84,100,90,3.6,100,0.42,5000,1001,9.84,100,90,3.6,100,0.42,5000,1001,9.84,100,90,3.6,100,0.42,5000,1001,9.84,100,90,3.6,100,0.42,5000,1001,9.84,100,90,3.6,100,0.42,5000,1001,9.84,100,90,3.6,100,0.42,5000,1001,9.84,100,90,3.6,100,0.42,5000,1001,9.84,100,90,3.6,100,0.42,5000,1001,9.84,100,90,3.6,100,0.42,5000,1001,9.84,100,90,3.6,100,0.42,5000,1001,9.84,100,90,3.6,100,0.42,5000
1001,9.84,100,90,3.6,100,0.42,5000,12,0,18,3,1001,9.84,100,90,3.6,100,0.42,5000,1001,9.84,100,90,3.6,100,0.42,5000,1001,9.84,100,90,3.6,100,0.42,5000,1001,9.84,100,90,3.6,100,0.42,5000,1001,9.84,100,90,3.6,100,0.42,5000,1001,9.84,100,90,3.6,100,0.42,5000,1001,9.84,100,90,3.6,100,0.42,5000,1001,9.84,100,90,3.6,100,0.42,5000,1001,9.84,100,90,3.6,100,0.42,5000,1001,9.84,100,90,3.6,100,0.42,5000,1001,9.84,100,90,3.6,100,0.42,5000,1001,9.84,100,90,3.6,100,0.42,5000
1001,9.84,100,90,3.6,100,0.42,5000,13,0,18,3,1001,9.84,100,90,3.6,100,0.42,5000,1001,9.84,100,90,3.6,100,0.42,5000,1001,9.84,100,90,3.6,100,0.42,5000,1001,9.84,100,90,3.6,100,0.42,5000,1001,9.84,100,90,3.6,100,0.42,5000,1001,9.84,100,90,3.6,100,0.42,5000,1001,9.84,100,90,3.6,100,0.42,5000,1001,9.84,100,90,3.6,100,0.42,5000,1001,9.84,100,90,3.6,100,0.42,5000,1001,9.84,100,90,3.6,100,0.42,5000,1001,9.84,100,90,3.6,100,0.42,5000,1001,9.84,100,90,3.6,100,0.42,5000
1001,9.84,100,90,3.6,100,0.42,5000,14,0,18,3,1001,9.84,100,90,3.6,100,0.42,5000,1001,9.84,100,90,3.6,100,0.42,5000,1001,9.84,100,90,3.6,100,0.42,5000,1001,9.84,100,90,3.6,100,0.42,5000,1001,9.84,100,90,3.6,100,0.42,5000,1001,9.84,100,90,3.6,100,0.42,5000,1001,9.84,100,90,3.6,100,0.42,5000,1001,9.84,100,90,3.6,100,0.42,5000,1001,9.84,100,90,3.6,100,0.42,5000,1001,9.84,100,90,3.6,100,0.42,5000,1001,9.84,100,90,3.6,100,0.42,5000,1001,9.84,100,90,3.6,100,0.42,5000
1001,9.84,100,90,3.6,100,0.42,5000,15,0,18,3,1001,9.84,100,90,3.6,100,0.42,5000,1001,9.84,100,90,3.6,100,0.42,5000,1001,9.84,100,90,3.6,100,0.42,5000,1001,9.84,100,90,3.6,100,0.42,5000,1001,9.84,100,90,3.6,100,0.42,5000,1001,9.84,100,90,3.6,100,0.42,5000,1001,9.84,100,90,3.6,100,0.42,5000,1001,9.84,100,90,3.6,100,0.42,5000,1001,9.84,100,90,3.6,100,0.42,5000,1001,9.84,100,90,3.6,100,0.42,5000,1001,9.84,100,90,3.6,100,0.42,5000,1001,9.84,100,90,3.6,100,0.42,5000
1001,9.84,100,90,3.6,100,0.42,5000,16,0,18,3,1001,9.84,100,90,3.6,100,0.42,5000,1001,9.84,100,90,3.6,100,0.42,5000,1001,9.84,100,90,3.6,100,0.42,5000,1001,9.84,100,90,3.6,100,0.42,5000,1001,9.84,100,90,3.6,100,0.42,5000,1001,9.84,100,90,3.6,100,0.42,5000,1001,9.84,100,90,3.6,100,0.42,5000,1001,9.84,100,90,3.6,100,0.42,5000,1001,9.84,100,90,3.6,100,0.42,5000,1001,9.84,100,90,3.6,100,0.42,5000,1001,9.84,100,90,3.6,100,0.42,5000,1001,9.84,100,90,3.6,100,0.42,5000
1001,9.84,100,90,3.6,100,0.42,5000,17,0,18,3,1001,9.84,100,90,3.6,100,0.42,5000,1001,9.84,100,90,3.6,100,0.42,5000,1001,9.84,100,90,3.6,100,0.42,5000,1001,9.84,100,90,3.6,100,0.42,5000,1001,9.84,100,90,3.6,100,0.42,5000,1001,9.84,100,90,3.6,100,0.42,5000,1001,9.84,100,90,3.6,100,0.42,5000,1001,9.84,100,90,3.6,100,0.42,5000,1001,9.84,100,90,3.6,100,0.42,5000,1001,9.84,100,90,3.6,100,0.42,5000,1001,9.84,100,90,3.6,100,0.42,5000,1001,9.84,100,90,3.6,100,0.42,5000
1001,9.84,100,90,3.6,100,0.42,5000,18,0,18,3,1001,9.84,100,90,3.6,100,0.42,5000,1001,9.84,100,90,3.6,100,0.42,5000,1001,9.84,100,90,3.6,100,0.42,5000,1001,9.84,100,90,3.6,100,0.42,5000,1001,9.84,100,90,3.6,100,0.42,5000,1001,9.84,100,90,3.6,100,0.42,5000,1001,9.84,100,90,3.6,100,0.42,5000,1001,9.84,100,90,3.6,100,0.42,5000,1001,9.84,100,90,3.6,100,0.42,5000,1001,9.84,100,90,3.6,100,0.42,5000,1001,9.84,100,90,3.6,100,0.42,5000,1001,9.84,100,90,3.6,100,0.42,5000
1001,9.84,100,90,3.6,100,0.42,5000,19,0,18,3,1001,9.84,100,90,3.6,100,0.42,5000,1001,9.84,100,90,3.6,100,0.42,5000,1001,9.84,100,90,3.6,100,0.42,5000,1001,9.84,100,90,3.6,100,0.42,5000,1001,9.84,100,90,3.6,100,0.42,5000,1001,9.84,100,90,3.6,100,0.42,5000,1001,9.84,100,90,3.6,100,0.42,5000,1001,9.84,100,90,3.6,100,0.42,5000,1001,9.84,100,90,3.6,100,0.42,5000,1001,9.84,100,90,3.6,100,0.42,5000,1001,9.84,100,90,3.6,100,0.42,5000,1001,9.84,100,90,3.6,100,0.42,5000
1001,9.84,100,90,3.6,100,0.42,5000,20,0,18,3,1001,9.84,100,90,3.6,100,0.42,5000,1001,9.84,100,90,3.6,100,0.42,5000,1001,9.84,100,90,3.6,100,0.42,5000,1001,9.84,100,90,3.6,100,0.42,5000,1001,9.84,100,90,3.6,100,0.42,5000,1001,9.84,100,90,3.6,100,0.42,5000,1001,9.84,100,90,3.6,100,0.42,5000,1001,9.84,100,90,3.6,100,0.42,5000,1001,9.84,100,90,3.6,100,0.42,5000,1001,9.84,100,90,3.6,100,0.42,5000,1001,9.84,100,90,3.6,100,0.42,5000,1001,9.84,100,90,3.6,100,0.42,5000
1001,9.84,100,90,3.6,100,0.42,5000,21,0,18,3,1001,9.84,100,90,3.6,100,0.42,5000,1001,9.84,100,90,3.6,100,0.42,5000,1001,9.84,100,90,3.6,100,0.42,5000,1001,9.84,100,90,3.6,100,0.42,5000,1001,9.84,100,90,3.6,100,0.42,5000,1001,9.84,100,90,3.6,100,0.42,5000,1001,9.84,100,90,3.6,100,0.42,5000,1001,9.84,100,90,3.6,100,0.42,5000,1001,9.84,100,90,3.6,100,0.42,5000,1001,9.84,100,90,3.6,100,0.42,5000,1001,9.84,100,90,3.6,100,0.42,5000,1001,9.84,100,90,3.6,100,0.42,5000
1001,9.84,100,90,3.6,100,0.42,5000,22,0,18,3,1001,9.84,100,90,3.6,100,0.42,5000,1001,9.84,100,90,3.6,100,0.42,5000,1001,9.84,100,90,3.6,100,0.42,5000,1001,9.84,100,90,3.6,100,0.42,5000,1001,9.84,100,90,3.6,100,0.42,5000,1001,9.84,100,90,3.6,100,0.42,5000,1001,9.84,100,90,3.6,100,0.42,5000,1001,9.84,100,90,3.6,100,0.42,5000,1001,9.84,100,90,3.6,100,0.42,5000,1001,9.84,100,90,3.6,100,0.42,5000,1001,9.84,100,90,3.6,100,0.42,5000,1001,9.84,100,90,3.6,100,0.42,5000
1001,9.84,100,90,3.6,100,0.42,5000,23,0,18,3,1001,9.84,100,90,3.6,100,0.42,5000,1001,9.84,100,90,3.6,100,0.42,5000,1001,9.84,100,90,3.6,100,0.42,5000,1001,9.84,100,90,3.6,100,0.42,5000,1001,9.84,100,90,3.6,100,0.42,5000,1001,9.84,100,90,3.6,100,0.42,5000,1001,9.84,100,90,3.6,100,0.42,5000,1001,9.84,100,90,3.6,100,0.42,5000,1001,9.84,100,90,3.6,100,0.42,5000,1001,9.84,100,90,3.6,100,0.42,5000,1001,9.84,100,90,3.6,100,0.42,5000,1001,9.84,100,90,3.6,100,0.42,5000
1001,9.84,100,90,3.6,100,0.42,5000,0,0,19,3,1001,9.84,100,90,3.6,100,0.42,5000,1001,9.84,100,90,3.6,100,0.42,5000,1001,9.84,100,90,3.6,100,0.42,5000,1001,9.84,100,90,3.6,100,0.42,5000,1001,9.84,100,90,3.6,100,0.42,5000,1001,9.84,100,90,3.6,100,0.42,5000,1001,9.84,100,90,3.6,100,0.42,5000,1001,9.84,100,90,3.6,100,0.42,5000,1001,9.84,100,90,3.6,100,0.42,5000,1001,9.84,100,90,3.6,100,0.42,5000,1001,9.84,100,90,3.6,100,0.42,5000,1001,9.84,100,90,3.6,100,0.42,5000
1001,9.84,100,90,3.6,100,0.42,5000,1,0,19,3,1001,9.84,100,90,3.6,100,0.42,5000,1001,9.84,100,90,3.6,100,0.42,5000,1001,9.84,100,90,3.6,100,0.42,5000,1001,9.84,100,90,3.6,100,0.42,5000,1001,9.84,100,90,3.6,100,0.42,5000,1001,9.84,100,90,3.6,100,0.42,5000,1001,9.84,100,90,3.6,100,0.42,5000,1001,9.84,100,90,3.6,100,0.42,5000,1001,9.84,100,90,3.6,100,0.42,5000,1001,9.84,100,90,3.6,100,0.42,5000,1001,9.84,100,90,3.6,100,0.42,5000,1001,9.84,100,90,3.6,100,0.42,5000
1001,9.84,100,90,3.6,100,0.42,5000,2,0,19,3,1001,9.84,100,90,3.6,100,0.42,5000,1001,9.84,100,90,3.6,100,0.42,5000,1001,9.84,100,90,3.6,100,0.42,5000,1001,9.84,100,90,3.6,100,0.42,5000,1001,9.84,100,90,3.6,100,0.42,5000,1001,9.84,100,90,3.6,100,0.42,5000,1001,9.84,100,90,3.6,100,0.42,5000,1001,9.84,100,90,3.6,100,0.42,5000,1001,9.84,100,90,3.6,100,0.42,5000,1001,9.84,100,90,3.6,100,0.42,5000,1001,9.84,100,90,3.6,100,0.42,5000,1001,9.84,100,90,3.6,100,0.42,5000
1001,9.84,100,90,3.6,100,0.42,5000,3,0,19,3,1001,9.84,100,90,3.6,100,0.42,5000,1001,9.84,100,90,3.6,100,0.42,5000,1001,9.84,100,90,3.6,100,0.42,5000,1001,9.84,100,90,3.6,100,0.42,5000,1001,9.84,100,90,3.6,100,0.42,5000,1001,9.84,100,90,3.6,100,0.42,5000,1001,9.84,100,90,3.6,100,0.42,5000,1001,9.84,100,90,3.6,100,0.42,5000,1001,9.84,100,90,3.6,100,0.42,5000,1001,9.84,100,90,3.6,100,0.42,5000,1001,9.84,100,90,3.6,100,0.42,5000,1001,9.84,100,90,3.6,100,0.42,5000
1001,9.84,100,90,3.6,100,0.42,5000,4,0,19,3,1001,9.84,100,90,3.6,100,0.42,5000,1001,9.84,100,90,3.6,100,0.42,5000,1001,9.84,100,90,3.6,100,0.42,5000,1001,9.84,100,90,3.6,100,0.42,5000,1001,9.84,100,90,3.6,100,0.42,5000,1001,9.84,100,90,3.6,100,0.42,5000,1001,9.84,100,90,3.6,100,0.42,5000,1001,9.84,100,90,3.6,100,0.42,5000,1001,9.84,100,90,3.6,100,0.42,5000,1001,9.84,100,90,3.6,100,0.42,5000,1001,9.84,100,90,3.6,100,0.42,5000,1001,9.84,100,90,3.6,100,0.42,5000
1001,9.84,100,90,3.6,100,0.42,5000,5,0,19,3,1001,9.84,100,90,3.6,100,0.42,5000,1001,9.84,100,90,3.6,100,0.42,5000,1001,9.84,100,90,3.6,100,0.42,5000,1001,9.84,100,90,3.6,100,0.42,5000,1001,9.84,100,90,3.6,100,0.42,5000,1001,9.84,100,90,3.6,100,0.42,5000,1001,9.84,100,90,3.6,100,0.42,5000,1001,9.84,100,90,3.6,100,0.42,5000,1001,9.84,100,90,3.6,100,0.42,5000,1001,9.84,100,90,3.6,100,0.42,5000,1001,9.84,100,90,3.6,100,0.42,5000,1001,9.84,100,90,3.6,100,0.42,5000
1001,9.84,100,90,3.6,100,0.42,5000,6,0,19,3,1001,9.84,100,90,3.6,100,0.42,5000,1001,9.84,100,90,3.6,100,0.42,5000,1001,9.84,100,90,3.6,100,0.42,5000,1001,9.84,100,90,3.6,100,0.42,5000,1001,9.84,100,90,3.6,100,0.42,5000,1001,9.84,100,90,3.6,100,0.42,5000,1001,9.84,100,90,3.6,100,0.42,5000,1001,9.84,100,90,3.6,100,0.42,5000,1001,9.84,100,90,3.6,100,0.42,5000,1001,9.84,100,90,3.6,100,0.42,5000,1001,9.84,100,90,3.6,100,0.42,5000,1001,9.84,100,90,3.6,100,0.42,5000
1001,9.84,100,90,3.6,100,0.42,5000,7,0,19,3,1001,9.84,100,90,3.6,100,0.42,5000,1001,9.84,100,90,3.6,100,0.42,5000,1001,9.84,100,90,3.6,100,0.42,5000,1001,9.84,100,90,3.6,100,0.42,5000,1001,9.84,100,90,3.6,100,0.42,5000,1001,9.84,100,90,3.6,100,0.42,5000,1001,9.84,100,90,3.6,100,0.42,5000,1001,9.84,100,90,3.6,100,0.42,5000,1001,9.84,100,90,3.6,100,0.42,5000,1001,9.84,100,90,3.6,100,0.42,5000,1001,9.84,100,90,3.6,100,0.42,5000,1001,9.84,100,90,3.6,100,0.42,5000
1001,9.84,100,90,3.6,100,0.42,5000,8,0,19,3,1001,9.84,100,90,3.6,100,0.42,5000,1001,9.84,100,90,3.6,100,0.42,5000,1001,9.84,100,90,3.6,100,0.42,5000,1001,9.84,100,90,3.6,100,0.42,5000,1001,9.84,100,90,3.6,100,0.42,5000,1001,9.84,100,90,3.6,100,0.42,5000,1001,9.84,100,90,3.6,100,0.42,5000,1001,9.84,100,90,3.6,100,0.42,5000,1001,9.84,100,90,3.6,100,0.42,5000,1001,9.84,100,90,3.6,100,0.42,5000,1001,9.84,100,90,3.6,100,0.42,5000,1001,9.84,100,90,3.6,100,0.42,5000
1001,9.84,100,90,3.6,100,0.42,5000,9,0,19,3,1001,9.84,100,90,3.6,100,0.42,5000,1001,9.84,100,90,3.6,100,0.42,5000,1001,9.84,100,90,3.6,100,0.42,5000,1001,9.84,100,90,3.6,100,0.42,5000,1001,9.84,100,90,3.6,100,0.42,5000,1001,9.84,100,90,3.6,100,0.42,5000,1001,9.84,100,90,3.6,100,0.42,5000,1001,9.84,100,90,3.6,100,0.42,5000,1001,9.84,100,90,3.6,100,0.42,5000,1001,9.84,100,90,3.6,100,0.42,5000,1001,9.84,100,90,3.6,100,0.42,5000,1001,9.84,100,90,3.6,100,0.42,5000
1001,9.84,100,90,3.6,100,0.42,5000,10,0,19,3,1001,9.84,100,90,3.6,100,0.42,5000,1001,9.84,100,90,3.6,100,0.42,5000,1001,9.84,100,90,3.6,100,0.42,5000,1001,9.84,100,90,3.6,100,0.42,5000,1001,9.84,100,90,3.6,100,0.42,5000,1001,9.84,100,90,3.6,100,0.42,5000,1001,9.84,100,90,3.6,100,0.42,5000,1001,9.84,100,90,3.6,100,0.42,5000,1001,9.84,100,90,3.6,100,0.42,5000,1001,9.84,100,90,3.6,100,0.42,5000,1001,9.84,100,90,3.6,100,0.42,5000,1001,9.84,100,90,3.6,100,0.42,5000
1001,9.84,100,90,3.6,100,0.42,5000,11,0,19,3,1001,9.84,100,90,3.6,100,0.42,5000,1001,9.84,100,90,3.6,100,0.42,5000,1001,9.84,100,90,3.6,100,0.42,5000,1001,9.84,100,90,3.6,100,0.42,5000,1001,9.84,100,90,3.6,100,0.42,5000,1001,9.84,100,90,3.6,100,0.42,5000,1001,9.84,100,90,3.6,100,0.42,5000,1001,9.84,100,90,3.6,100,0.42,5000,1001,9.84,100,90,3.6,100,0.42,5000,1001,9.84,100,90,3.6,100,0.42,5000,1001,9.84,100,90,3.6,100,0.42,5000,1001,9.84,100,90,3.6,100,0.42,5000
1001,9.84,100,90,3.6,100,0.42,5000,12,0,19,3,1001,9.84,100,90,3.6,100,0.42,5000,1001,9.84,100,90,3.6,100,0.42,5000,1001,9.84,100,90,3.6,100,0.42,5000,1001,9.84,100,90,3.6,100,0.42,5000,1001,9.84,100,90,3.6,100,0.42,5000,1001,9.84,100,90,3.6,100,0.42,5000,1001,9.84,100,90,3.6,100,0.42,5000,1001,9.84,100,90,3.6,100,0.42,5000,1001,9.84,100,90,3.6,100,0.42,5000,1001,9.84,100,90,3.6,100,0.42,5000,1001,9.84,100,90,3.6,100,0.42,5000,1001,9.84,100,90,3.6,100,0.42,5000
1001,9.84,100,90,3.6,100,0.42,5000,13,0,19,3,1001,9.84,100,90,3.6,100,0.42,5000,1001,9.84,100,90,3.6,100,0.42,5000,1001,9.84,100,90,3.6,100,0.42,5000,1001,9.84,100,90,3.6,100,0.42,5000,1001,9.84,100,90,3.6,100,0.42,5000,1001,9.84,100,90,3.6,100,0.42,5000,1001,9.84,100,90,3.6,100,0.42,5000,1001,9.84,100,90,3.6,100,0.42,5000,1001,9.84,100,90,3.6,100,0.42,5000,1001,9.84,100,90,3.6,100,0.42,5000,1001,9.84,100,90,3.6,100,0.42,5000,1001,9.84,100,90,3.6,100,0.42,5000
1001,9.84,100,90,3.6,100,0.42,5000,14,0,19,3,1001,9.84,100,90,3.6,100,0.42,5000,1001,9.84,100,90,3.6,100,0.42,5000,1001,9.84,100,90,3.6,100,0.42,5000,1001,9.84,100,90,3.6,100,0.42,5000,1001,9.84,100,90,3.6,100,0.42,5000,1001,9.84,100,90,3.6,100,0.42,5000,1001,9.84,100,90,3.6,100,0.42,5000,1001,9.84,100,90,3.6,100,0.42,5000,1001,9.84,100,90,3.6,100,0.42,5000,1001,9.84,100,90,3.6,100,0.42,5000,1001,9.84,100,90,3.6,100,0.42,5000,1001,9.84,100,90,3.6,100,0.42,5000
1001,9.84,100,90,3.6,100,0.42,5000,15,0,19,3,1001,9.84,100,90,3.6,100,0.42,5000,1001,9.84,100,90,3.6,100,0.42,5000,1001,9.84,100,90,3.6,100,0.42,5000,1001,9.84,100,90,3.6,100,0.42,5000,1001,9.84,100,90,3.6,100,0.42,5000,1001,9.84,100,90,3.6,100,0.42,5000,1001,9.84,100,90,3.6,100,0.42,5000,1001,9.84,100,90,3.6,100,0.42,5000,1001,9.84,100,90,3.6,100,0.42,5000,1001,9.84,100,90,3.6,100,0.42,5000,1001,9.84,100,90,3.6,100,0.42,5000,1001,9.84,100,90,3.6,100,0.42,5000
1001,9.84,100,90,3.6,100,0.42,5000,16,0,19,3,1001,9.84,100,90,3.6,100,0.42,5000,1001,9.84,100,90,3.6,100,0.42,5000,1001,9.84,100,90,3.6,100,0.42,5000,1001,9.84,100,90,3.6,100,0.42,5000,1001,9.84,100,90,3.6,100,0.42,5000,1001,9.84,100,90,3.6,100,0.42,5000,1001,9.84,100,90,3.6,100,0.42,5000,1001,9.84,100,90,3.6,100,0.42,5000,1001,9.84,100,90,3.6,100,0.42,5000,1001,9.84,100,90,3.6,100,0.42,5000,1001,9.84,100,90,3.6,100,0.42,5000,1001,9.84,100,90,3.6,100,0.42,5000
1001,9.84,100,90,3.6,100,0.42,5000,17,0,19,3,1001,9.84,100,90,3.6,100,0.42,5000,1001,9.84,100,90,3.6,100,0.42,5000,1001,9.84,100,90,3.6,100,0.42,5000,1001,9.84,100,90,3.6,100,0.42,5000,1001,9.84,100,90,3.6,100,0.42,5000,1001,9.84,100,90,3.6,100,0.42,5000,1001,9.84,100,90,3.6,100,0.42,5000,1001,9.84,100,90,3.6,100,0.42,5000,1001,9.84,100,90,3.6,100,0.42,5000,1001,9.84,100,90,3.6,100,0.42,5000,1001,9.84,100,90,3.6,100,0.42,5000,1001,9.84,100,90,3.6,100,0.42,5000
1001,9.84,100,90,3.6,100,0.42,5000,18,0,19,3,1001,9.84,100,90,3.6,100,0.42,5000,1001,9.84,100,90,3.6,100,0.42,5000,1001,9.84,100,90,3.6,100,0.42,5000,1001,9.84,100,90,3.6,100,0.42,5000,1001,9.84,100,90,3.6,100,0.42,5000,1001,9.84,100,90,3.6,100,0.42,5000,1001,9.84,100,90,3.6,100,0.42,5000,1001,9.84,100,90,3.6,100,0.42,5000,1001,9.84,100,90,3.6,100,0.42,5000,1001,9.84,100,90,3.6,100,0.42,5000,1001,9.84,100,90,3.6,100,0.42,5000,1001,9.84,100,90,3.6,100,0.42,5000
1001,9.84,100,90,3.6,100,0.42,5000,19,0,19,3,1001,9.84,100,90,3.6,100,0.42,5000,1001,9.84,100,90,3.6,100,0.42,5000,1001,9.84,100,90,3.6,100,0.42,5000,1001,9.84,100,90,3.6,100,0.42,5000,1001,9.84,100,90,3.6,100,0.42,5000,1001,9.84,100,90,3.6,100,0.42,5000,1001,9.84,100,90,3.6,100,0.42,5000,1001,9.84,100,90,3.6,100,0.42,5000,1001,9.84,100,90,3.6,100,0.42,5000,1001,9.84,100,90,3.6,100,0.42,5000,1001,9.84,100,90,3.6,100,0.42,5000,1001,9.84,100,90,3.6,100,0.42,5000
1001,9.84,100,90,3.6,100,0.42,5000,20,0,19,3,1001,9.84,100,90,3.6,100,0.42,5000,1001,9.84,100,90,3.6,100,0.42,5000,1001,9.84,100,90,3.6,100,0.42,5000,1001,9.84,100,90,3.6,100,0.42,5000,1001,9.84,100,90,3.6,100,0.42,5000,1001,9.84,100,90,3.6,100,0.42,5000,1001,9.84,100,90,3.6,100,0.42,5000,1001,9.84,100,90,3.6,100,0.42,5000,1001,9.84,100,90,3.6,100,0.42,5000,1001,9.84,100,90,3.6,100,0.42,5000,1001,9.84,100,90,3.6,100,0.42,5000,1001,9.84,100,90,3.6,100,0.42,5000
1001,9.84,100,90,3.6,100,0.42,5000,21,0,19,3,1001,9.84,100,90,3.6,100,0.42,5000,1001,9.84,100,90,3.6,100,0.42,5000,1001,9.84,100,90,3.6,100,0.42,5000,1001,9.84,100,90,3.6,100,0.42,5000,1001,9.84,100,90,3.6,100,0.42,5000,1001,9.84,100,90,3.6,100,0.42,5000,1001,9.84,100,90,3.6,100,0.42,5000,1001,9.84,100,90,3.6,100,0.42,5000,1001,9.84,100,90,3.6,100,0.42,5000,1001,9.84,100,90,3.6,100,0.42,5000,1001,9.84,100,90,3.6,100,0.42,5000,1001,9.84,100,90,3.6,100,0.42,5000
1001,9.84,100,90,3.6,100,0.42,5000,22,0,19,3,1001,9.84,100,90,3.6,100,0.42,5000,1001,9.84,100,90,3.6,100,0.42,5000,1001,9.84,100,90,3.6,100,0.42,5000,1001,9.84,100,90,3.6,100,0.42,5000,1001,9.84,100,90,3.6,100,0.42,5000,1001,9.84,100,90,3.6,100,0.42,5000,1001,9.84,100,90,3.6,100,0.42,5000,1001,9.84,100,90,3.6,100,0.42,5000,1001,9.84,100,90,3.6,100,0.42,5000,1001,9.84,100,90,3.6,100,0.42,5000,1001,9.84,100,90,3.6,100,0.42,5000,1001,9.84,100,90,3.6,100,0.42,5000
1001,9.84,100,90,3.6,100,0.42,5000,23,0,19,3,1001,9.84,100,90,3.6,100,0.42,5000,1001,9.84,100,90,3.6,100,0.42,5000,1001,9.84,100,90,3.6,100,0.42,5000,1001,9.84,100,90,3.6,100,0.42,5000,1001,9.84,100,90,3.6,100,0.42,5000,1001,9.84,100,90,3.6,100,0.42,5000,1001,9.84,100,90,3.6,100,0.42,5000,1001,9.84,100,90,3.6,100,0.42,5000,1001,9.84,100,90,3.6,100,0.42,5000,1001,9.84,100,90,3.6,100,0.42,5000,1001,9.84,100,90,3.6,100,0.42,5000,1001,9.84,100,90,3.6,100,0.42,5000
1001,9.84,100,90,3.6,100,0.42,5000,0,0,20,3,1001,9.84,100,90,3.6,100,0.42,5000,1001,9.84,100,90,3.6,100,0.42,5000,1001,9.84,100,90,3.6,100,0.42,5000,1001,9.84,100,90,3.6,100,0.42,5000,1001,9.84,100,90,3.6,100,0.42,5000,1001,9.84,100,90,3.6,100,0.42,5000,1001,9.84,100,90,3.6,100,0.42,5000,1001,9.84,100,90,3.6,100,0.42,5000,1001,9.84,100,90,3.6,100,0.42,5000,1001,9.84,100,90,3.6,100,0.42,5000,1001,9.84,100,90,3.6,100,0.42,5000,1001,9.84,100,90,3.6,100,0.42,5000
1001,9.84,100,90,3.6,100,0.42,5000,1,0,20,3,1001,9.84,100,90,3.6,100,0.42,5000,1001,9.84,100,90,3.6,100,0.42,5000,1001,9.84,100,90,3.6,100,0.42,5000,1001,9.84,100,90,3.6,100,0.42,5000,1001,9.84,100,90,3.6,100,0.42,5000,1001,9.84,100,90,3.6,100,0.42,5000,1001,9.84,100,90,3.6,100,0.42,5000,1001,9.84,100,90,3.6,100,0.42,5000,1001,9.84,100,90,3.6,100,0.42,5000,1001,9.84,100,90,3.6,100,0.42,5000,1001,9.84,100,90,3.6,100,0.42,5000,1001,9.84,100,90,3.6,100,0.42,5000
1001,9.84,100,90,3.6,100,0.42,5000,2,0,20,3,1001,9.84,100,90,3.6,100,0.42,5000,1001,9.84,100,90,3.6,100,0.42,5000,1001,9.84,100,90,3.6,100,0.42,5000,1001,9.84,100,90,3.6,100,0.42,5000,1001,9.84,100,90,3.6,100,0.42,5000,1001,9.84,100,90,3.6,100,0.42,5000,1001,9.84,100,90,3.6,100,0.42,5000,1001,9.84,100,90,3.6,100,0.42,5000,1001,9.84,100,90,3.6,100,0.42,5000,1001,9.84,100,90,3.6,100,0.42,5000,1001,9.84,100,90,3.6,100,0.42,5000,1001,9.84,100,90,3.6,100,0.42,5000
1001,9.84,100,90,3.6,100,0.42,5000,3,0,20,3,1001,9.84,100,90,3.6,100,0.42,5000,1001,9.84,100,90,3.6,100,0.42,5000,1001,9.84,100,90,3.6,100,0.42,5000,1001,9.84,100,90,3.6,100,0.42,5000,1001,9.84,100,90,3.6,100,0.42,5000,1001,9.84,100,90,3.6,100,0.42,5000,1001,9.84,100,90,3.6,100,0.42,5000,1001,9.84,100,90,3.6,100,0.42,5000,1001,9.84,100,90,3.6,100,0.42,5000,1001,9.84,100,90,3.6,100,0.42,5000,1001,9.84,100,90,3.6,100,0.42,5000,1001,9.84,100,90,3.6,100,0.42,5000
1001,9.84,100,90,3.6,100,0.42,5000,4,0,20,3,1001,9.84,100,90,3.6,100,0.42,5000,1001,9.84,100,90,3.6,100,0.42,5000,1001,9.84,100,90,3.6,100,0.42,5000,1001,9.84,100,90,3.6,100,0.42,5000,1001,9.84,100,90,3.6,100,0.42,5000,1001,9.84,100,90,3.6,100,0.42,5000,1001,9.84,100,90,3.6,100,0.42,5000,1001,9.84,100,90,3.6,100,0.42,5000,1001,9.84,100,90,3.6,100,0.42,5000,1001,9.84,100,90,3.6,100,0.42,5000,1001,9.84,100,90,3.6,100,0.42,5000,1001,9.84,100,90,3.6,100,0.42,5000
1001,9.84,100,90,3.6,100,0.42,5000,5,0,20,3,1001,9.84,100,90,3.6,100,0.42,5000,1001,9.84,100,90,3.6,100,0.42,5000,1001,9.84,100,90,3.6,100,0.42,5000,1001,9.84,100,90,3.6,100,0.42,5000,1001,9.84,100,90,3.6,100,0.42,5000,1001,9.84,100,90,3.6,100,0.42,5000,1001,9.84,100,90,3.6,100,0.42,5000,1001,9.84,100,90,3.6,100,0.42,5000,1001,9.84,100,90,3.6,100,0.42,5000,1001,9.84,100,90,3.6,100,0.42,5000,1001,9.84,100,90,3.6,100,0.42,5000,1001,9.84,100,90,3.6,100,0.42,5000
1001,9.84,100,90,3.6,100,0.42,5000,6,0,20,3,1001,9.84,100,90,3.6,100,0.42,5000,1001,9.84,100,90,3.6,100,0.42,5000,1001,9.84,100,90,3.6,100,0.42,5000,1001,9.84,100,90,3.6,100,0.42,5000,1001,9.84,100,90,3.6,100,0.42,5000,1001,9.84,100,90,3.6,100,0.42,5000,1001,9.84,100,90,3.6,100,0.42,5000,1001,9.84,100,90,3.6,100,0.42,5000,1001,9.84,100,90,3.6,100,0.42,5000,1001,9.84,100,90,3.6,100,0.42,5000,1001,9.84,100,90,3.6,100,0.42,5000,1001,9.84,100,90,3.6,100,0.42,5000
1001,9.84,100,90,3.6,100,0.42,5000,7,0,20,3,1001,9.84,100,90,3.6,100,0.42,5000,1001,9.84,100,90,3.6,100,0.42,5000,1001,9.84,100,90,3.6,100,0.42,5000,1001,9.84,100,90,3.6,100,0.42,5000,1001,9.84,100,90,3.6,100,0.42,5000,1001,9.84,100,90,3.6,100,0.42,5000,1001,9.84,100,90,3.6,100,0.42,5000,1001,9.84,100,90,3.6,100,0.42,5000,1001,9.84,100,90,3.6,100,0.42,5000,1001,9.84,100,90,3.6,100,0.42,5000,1001,9.84,100,90,3.6,100,0.42,5000,1001,9.84,100,90,3.6,100,0.42,5000
1001,9.84,100,90,3.6,100,0.42,5000,8,0,20,3,1001,9.84,100,90,3.6,100,0.42,5000,1001,9.84,100,90,3.6,100,0.42,5000,1001,9.84,100,90,3.6,100,0.42,5000,1001,9.84,100,90,3.6,100,0.42,5000,1001,9.84,100,90,3.6,100,0.42,5000,1001,9.84,100,90,3.6,100,0.42,5000,1001,9.84,100,90,3.6,100,0.42,5000,1001,9.84,100,90,3.6,100,0.42,5000,1001,9.84,100,90,3.6,100,0.42,5000,1001,9.84,100,90,3.6,100,0.42,5000,1001,9.84,100,90,3.6,100,0.42,5000,1001,9.84,100,90,3.6,100,0.42,5000
1001,9.84,100,90,3.6,100,0.42,5000,9,0,20,3,1001,9.84,100,90,3.6,100,0.42,5000,1001,9.84,100,90,3.6,100,0.42,5000,1001,9.84,100,90,3.6,100,0.42,5000,1001,9.84,100,90,3.6,100,0.42,5000,1001,9.84,100,90,3.6,100,0.42,5000,1001,9.84,100,90,3.6,100,0.42,5000,1001,9.84,100,90,3.6,100,0.42,5000,1001,9.84,100,90,3.6,100,0.42,5000,1001,9.84,100,90,3.6,100,0.42,5000,1001,9.84,100,90,3.6,100,0.42,5000,1001,9.84,100,90,3.6,100,0.42,5000,1001,9.84,100,90,3.6,100,0.42,5000
1001,9.84,100,90,3.6,100,0.42,5000,10,0,20,3,1001,9.84,100,90,3.6,100,0.42,5000,1001,9.84,100,90,3.6,100,0.42,5000,1001,9.84,100,90,3.6,100,0.42,5000,1001,9.84,100,90,3.6,100,0.42,5000,1001,9.84,100,90,3.6,100,0.42,5000,1001,9.84,100,90,3.6,100,0.42,5000,1001,9.84,100,90,3.6,100,0.42,5000,1001,9.84,100,90,3.6,100,0.42,5000,1001,9.84,100,90,3.6,100,0.42,5000,1001,9.84,100,90,3.6,100,0.42,5000,1001,9.84,100,90,3.6,100,0.42,5000,1001,9.84,100,90,3.6,100,0.42,5000
1001,9.84,100,90,3.6,100,0.42,5000,11,0,20,3,1001,9.84,100,90,3.6,100,0.42,5000,1001,9.84,100,90,3.6,100,0.42,5000,1001,9.84,100,90,3.6,100,0.42,5000,1001,9.84,100,90,3.6,100,0.42,5000,1001,9.84,100,90,3.6,100,0.42,5000,1001,9.84,100,90,3.6,100,0.42,5000,1001,9.84,100,90,3.6,100,0.42,5000,1001,9.84,100,90,3.6,100,0.42,5000,1001,9.84,100,90,3.6,100,0.42,5000,1001,9.84,100,90,3.6,100,0.42,5000,1001,9.84,100,90,3.6,100,0.42,5000,1001,9.84,100,90,3.6,100,0.42,5000
1001,9.84,100,90,3.6,100,0.42,5000,12,0,20,3,1001,9.84,100,90,3.6,100,0.42,5000,1001,9.84,100,90,3.6,100,0.42,5000,1001,9.84,100,90,3.6,100,0.42,5000,1001,9.84,100,90,3.6,100,0.42,5000,1001,9.84,100,90,3.6,100,0.42,5000,1001,9.84,100,90,3.6,100,0.42,5000,1001,9.84,100,90,3.6,100,0.42,5000,1001,9.84,100,90,3.6,100,0.42,5000,1001,9.84,100,90,3.6,100,0.42,5000,1001,9.84,100,90,3.6,100,0.42,5000,1001,9.84,100,90,3.6,100,0.42,5000,1001,9.84,100,90,3.6,100,0.42,5000
1001,9.84,100,90,3.6,100,0.42,5000,13,0,20,3,1001,9.84,100,90,3.6,100,0.42,5000,1001,9.84,100,90,3.6,100,0.42,5000,1001,9.84,100,90,3.6,100,0.42,5000,1001,9.84,100,90,3.6,100,0.42,5000,1001,9.84,100,90,3.6,100,0.42,5000,1001,9.84,100,90,3.6,100,0.42,5000,1001,9.84,100,90,3.6,100,0.42,5000,1001,9.84,100,90,3.6,100,0.42,5000,1001,9.84,100,90,3.6,100,0.42,5000,1001,9.84,100,90,3.6,100,0.42,5000,1001,9.84,100,90,3.6,100,0.42,5000,1001,9.84,100,90,3.6,100,0.42,5000
1001,9.84,100,90,3.6,100,0.42,5000,14,0,20,3,1001,9.84,100,90,3.6,100,0.42,5000,1001,9.84,100,90,3.6,100,0.42,5000,1001,9.84,100,90,3.6,100,0.42,5000,1001,9.84,100,90,3.6,100,0.42,5000,1001,9.84,100,90,3.6,100,0.42,5000,1001,9.84,100,90,3.6,100,0.42,5000,1001,9.84,100,90,3.6,100,0.42,5000,1001,9.84,100,90,3.6,100,0.42,5000,1001,9.84,100,90,3.6,100,0.42,5000,1001,9.84,100,90,3.6,100,0.42,5000,1001,9.84,100,90,3.6,100,0.42,5000,1001,9.84,100,90,3.6,100,0.42,5000
1001,9.84,100,90,3.6,100,0.42,5000,15,0,20,3,1001,9.84,100,90,3.6,100,0.42,5000,1001,9.84,100,90,3.6,100,0.42,5000,1001,9.84,100,90,3.6,100,0.42,5000,1001,9.84,100,90,3.6,100,0.42,5000,1001,9.84,100,90,3.6,100,0.42,5000,1001,9.84,100,90,3.6,100,0.42,5000,1001,9.84,100,90,3.6,100,0.42,5000,1001,9.84,100,90,3.6,100,0.42,5000,1001,9.84,100,90,3.6,100,0.42,5000,1001,9.84,100,90,3.6,100,0.42,5000,1001,9.84,100,90,3.6,100,0.42,5000,1001,9.84,100,90,3.6,100,0.42,5000
1001,9.84,100,90,3.6,100,0.42,5000,16,0,20,3,1001,9.84,100,90,3.6,100,0.42,5000,1001,9.84,100,90,3.6,100,0.42,5000,1001,9.84,100,90,3.6,100,0.42,5000,1001,9.84,100,90,3.6,100,0.42,5000,1001,9.84,100,90,3.6,100,0.42,5000,1001,9.84,100,90,3.6,100,0.42,5000,1001,9.84,100,90,3.6,100,0.42,5000,1001,9.84,100,90,3.6,100,0.42,5000,1001,9.84,100,90,3.6,100,0.42,5000,1001,9.84,100,90,3.6,100,0.42,5000,1001,9.84,100,90,3.6,100,0.42,5000,1001,9.84,100,90,3.6,100,0.42,5000
1001,9.84,100,90,3.6,100,0.42,5000,17,0,20,3,1001,9.84,100,90,3.6,100,0.42,5000,1001,9.84,100,90,3.6,100,0.42,5000,1001,9.84,100,90,3.6,100,0.42,5000,1001,9.84,100,90,3.6,100,0.42,5000,1001,9.84,100,90,3.6,100,0.42,5000,1001,9.84,100,90,3.6,100,0.42,5000,1001,9.84,100,90,3.6,100,0.42,5000,1001,9.84,100,90,3.6,100,0.42,5000,1001,9.84,100,90,3.6,100,0.42,5000,1001,9.84,100,90,3.6,100,0.42,5000,1001,9.84,100,90,3.6,100,0.42,5000,1001,9.84,100,90,3.6,100,0.42,5000
1001,9.84,100,90,3.6,100,0.42,5000,18,0,20,3,1001,9.84,100,90,3.6,100,0.42,5000,1001,9.84,100,90,3.6,100,0.42,5000,1001,9.84,100,90,3.6,100,0.42,5000,1001,9.84,100,90,3.6,100,0.42,5000,1001,9.84,100,90,3.6,100,0.42,5000,1001,9.84,100,90,3.6,100,0.42,5000,1001,9.84,100,90,3.6,100,0.42,5000,1001,9.84,100,90,3.6,100,0.42,5000,1001,9.84,100,90,3.6,100,0.42,5000,1001,9.84,100,90,3.6,100,0.42,5000,1001,9.84,100,90,3.6,100,0.42,5000,1001,9.84,100,90,3.6,100,0.42,5000
1001,9.84,100,90,3.6,100,0.42,5000,19,0,20,3,1001,9.84,100,90,3.6,100,0.42,5000,1001,9.84,100,90,3.6,100,0.42,5000,1001,9.84,100,90,3.6,100,0.42,5000,1001,9.84,100,90,3.6,100,0.42,5000,1001,9.84,100,90,3.6,100,0.42,5000,1001,9.84,100,90,3.6,100,0.42,5000,1001,9.84,100,90,3.6,100,0.42,5000,1001,9.84,100,90,3.6,100,0.42,5000,1001,9.84,100,90,3.6,100,0.42,5000,1001,9.84,100,90,3.6,100,0.42,5000,1001,9.84,100,90,3.6,100,0.42,5000,1001,9.84,100,90,3.6,100,0.42,5000
1001,9.84,100,90,3.6,100,0.42,5000,20,0,20,3,1001,9.84,100,90,3.6,100,0.42,5000,1001,9.84,100,90,3.6,100,0.42,5000,1001,9.84,100,90,3.6,100,0.42,5000,1001,9.84,100,90,3.6,100,0.42,5000,1001,9.84,100,90,3.6,100,0.42,5000,1001,9.84,100,90,3.6,100,0.42,5000,1001,9.84,100,90,3.6,100,0.42,5000,1001,9.84,100,90,3.6,100,0.42,5000,1001,9.84,100,90,3.6,100,0.42,5000,1001,9.84,100,90,3.6,100,0.42,5000,1001,9.84,100,90,3.6,100,0.42,5000,1001,9.84,100,90,3.6,100,0.42,5000
1001,9.84,100,90,3.6,100,0.42,5000,21,0,20,3,1001,9.84,100,90,3.6,100,0.42,5000,1001,9.84,100,90,3.6,100,0.42,5000,1001,9.84,100,90,3.6,100,0.42,5000,1001,9.84,100,90,3.6,100,0.42,5000,1001,9.84,100,90,3.6,100,0.42,5000,1001,9.84,100,90,3.6,100,0.42,5000,1001,9.84,100,90,3.6,100,0.42,5000,1001,9.84,100,90,3.6,100,0.42,5000,1001,9.84,100,90,3.6,100,0.42,5000,1001,9.84,100,90,3.6,100,0.42,5000,1001,9.84,100,90,3.6,100,0.42,5000,1001,9.84,100,90,3.6,100,0.42,5000
1001,9.84,100,90,3.6,100,0.42,5000,22,0,20,3,1001,9.84,100,90,3.6,100,0.42,5000,1001,9.84,100,90,3.6,100,0.42,5000,1001,9.84,100,90,3.6,100,0.42,5000,1001,9.84,100,90,3.6,100,0.42,5000,1001,9.84,100,90,3.6,100,0.42,5000,1001,9.84,100,90,3.6,100,0.42,5000,1001,9.84,100,90,3.6,100,0.42,5000,1001,9.84,100,90,3.6,100,0.42,5000,1001,9.84,100,90,3.6,100,0.42,5000,1001,9.84,100,90,3.6,100,0.42,5000,1001,9.84,100,90,3.6,100,0.42,5000,1001,9.84,100,90,3.6,100,0.42,5000
1001,9.84,100,90,3.6,100,0.42,5000,23,0,20,3,1001,9.84,100,90,3.6,100,0.42,5000,1001,9.84,100,90,3.6,100,0.42,5000,1001,9.84,100,90,3.6,100,0.42,5000,1001,9.84,100,90,3.6,100,0.42,5000,1001,9.84,100,90,3.6,100,0.42,5000,1001,9.84,100,90,3.6,100,0.42,5000,1001,9.84,100,90,3.6,100,0.42,5000,1001,9.84,100,90,3.6,100,0.42,5000,1001,9.84,100,90,3.6,100,0.42,5000,1001,9.84,100,90,3.6,100,0.42,5000,1001,9.84,100,90,3.6,100,0.42,5000,1001,9.84,100,90,3.6,100,0.42,5000
1001,9.84,100,90,3.6,100,0.42,5000,0,0,21,3,1001,9.84,100,90,3.6,100,0.42,5000,1001,9.84,100,90,3.6,100,0.42,5000,1001,9.84,100,90,3.6,100,0.42,5000,1001,9.84,100,90,3.6,100,0.42,5000,1001,9.84,100,90,3.6,100,0.42,5000,1001,9.84,100,90,3.6,100,0.42,5000,1001,9.84,100,90,3.6,100,0.42,5000,1001,9.84,100,90,3.6,100,0.42,5000,1001,9.84,100,90,3.6,100,0.42,5000,1001,9.84,100,90,3.6,100,0.42,5000,1001,9.84,100,90,3.6,100,0.42,5000,1001,9.84,100,90,3.6,100,0.42,5000
1001,9.84,100,90,3.6,100,0.42,5000,1,0,21,3,1001,9.84,100,90,3.6,100,0.42,5000,1001,9.84,100,90,3.6,100,0.42,5000,1001,9.84,100,90,3.6,100,0.42,5000,1001,9.84,100,90,3.6,100,0.42,5000,1001,9.84,100,90,3.6,100,0.42,5000,1001,9.84,100,90,3.6,100,0.42,5000,1001,9.84,100,90,3.6,100,0.42,5000,1001,9.84,100,90,3.6,100,0.42,5000,1001,9.84,100,90,3.6,100,0.42,5000,1001,9.84,100,90,3.6,100,0.42,5000,1001,9.84,100,90,3.6,100,0.42,5000,1001,9.84,100,90,3.6,100,0.42,5000
1001,9.84,100,90,3.6,100,0.42,5000,2,0,21,3,1001,9.84,100,90,3.6,100,0.42,5000,1001,9.84,100,90,3.6,100,0.42,5000,1001,9.84,100,90,3.6,100,0.42,5000,1001,9.84,100,90,3.6,100,0.42,5000,1001,9.84,100,90,3.6,100,0.42,5000,1001,9.84,100,90,3.6,100,0.42,5000,1001,9.84,100,90,3.6,100,0.42,5000,1001,9.84,100,90,3.6,100,0.42,5000,1001,9.84,100,90,3.6,100,0.42,5000,1001,9.84,100,90,3.6,100,0.42,5000,1001,9.84,100,90,3.6,100,0.42,5000,1001,9.84,100,90,3.6,100,0.42,5000
1001,9.84,100,90,3.6,100,0.42,5000,3,0,21,3,1001,9.84,100,90,3.6,100,0.42,5000,1001,9.84,100,90,3.6,100,0.42,5000,1001,9.84,100,90,3.6,100,0.42,5000,1001,9.84,100,90,3.6,100,0.42,5000,1001,9.84,100,90,3.6,100,0.42,5000,1001,9.84,100,90,3.6,100,0.42,5000,1001,9.84,100,90,3.6,100,0.42,5000,1001,9.84,100,90,3.6,100,0.42,5000,1001,9.84,100,90,3.6,100,0.42,5000,1001,9.84,100,90,3.6,100,0.42,5000,1001,9.84,100,90,3.6,100,0.42,5000,1001,9.84,100,90,3.6,100,0.42,5000
1001,9.84,100,90,3.6,100,0.42,5000,4,0,21,3,1001,9.84,100,90,3.6,100,0.42,5000,1001,9.84,100,90,3.6,100,0.42,5000,1001,9.84,100,90,3.6,100,0.42,5000,1001,9.84,100,90,3.6,100,0.42,5000,1001,9.84,100,90,3.6,100,0.42,5000,1001,9.84,100,90,3.6,100,0.42,5000,1001,9.84,100,90,3.6,100,0.42,5000,1001,9.84,100,90,3.6,100,0.42,5000,1001,9.84,100,90,3.6,100,0.42,5000,1001,9.84,100,90,3.6,100,0.42,5000,1001,9.84,100,90,3.6,100,0.42,5000,1001,9.84,100,90,3.6,100,0.42,5000
1001,9.84,100,90,3.6,100,0.42,5000,5,0,21,3,1001,9.84,100,90,3.6,100,0.42,5000,1001,9.84,100,90,3.6,100,0.42,5000,1001,9.84,100,90,3.6,100,0.42,5000,1001,9.84,100,90,3.6,100,0.42,5000,1001,9.84,100,90,3.6,100,0.42,5000,1001,9.84,100,90,3.6,100,0.42,5000,1001,9.84,100,90,3.6,100,0.42,5000,1001,9.84,100,90,3.6,100,0.42,5000,1001,9.84,100,90,3.6,100,0.42,5000,1001,9.84,100,90,3.6,100,0.42,5000,1001,9.84,100,90,3.6,100,0.42,5000,1001,9.84,100,90,3.6,100,0.42,5000
1001,9.84,100,90,3.6,100,0.42,5000,6,0,21,3,1001,9.84,100,90,3.6,100,0.42,5000,1001,9.84,100,90,3.6,100,0.42,5000,1001,9.84,100,90,3.6,100,0.42,5000,1001,9.84,100,90,3.6,100,0.42,5000,1001,9.84,100,90,3.6,100,0.42,5000,1001,9.84,100,90,3.6,100,0.42,5000,1001,9.84,100,90,3.6,100,0.42,5000,1001,9.84,100,90,3.6,100,0.42,5000,1001,9.84,100,90,3.6,100,0.42,5000,1001,9.84,100,90,3.6,100,0.42,5000,1001,9.84,100,90,3.6,100,0.42,5000,1001,9.84,100,90,3.6,100,0.42,5000
1001,9.84,100,90,3.6,100,0.42,5000,7,0,21,3,1001,9.84,100,90,3.6,100,0.42,5000,1001,9.84,100,90,3.6,100,0.42,5000,1001,9.84,100,90,3.6,100,0.42,5000,1001,9.84,100,90,3.6,100,0.42,5000,1001,9.84,100,90,3.6,100,0.42,5000,1001,9.84,100,90,3.6,100,0.42,5000,1001,9.84,100,90,3.6,100,0.42,5000,1001,9.84,100,90,3.6,100,0.42,5000,1001,9.84,100,90,3.6,100,0.42,5000,1001,9.84,100,90,3.6,100,0.42,5000,1001,9.84,100,90,3.6,100,0.42,5000,1001,9.84,100,90,3.6,100,0.42,5000
1001,9.84,100,90,3.6,100,0.42,5000,8,0,21,3,1001,9.84,100,90,3.6,100,0.42,5000,1001,9.84,100,90,3.6,100,0.42,5000,1001,9.84,100,90,3.6,100,0.42,5000,1001,9.84,100,90,3.6,100,0.42,5000,1001,9.84,100,90,3.6,100,0.42,5000,1001,9.84,100,90,3.6,100,0.42,5000,1001,9.84,100,90,3.6,100,0.42,5000,1001,9.84,100,90,3.6,100,0.42,5000,1001,9.84,100,90,3.6,100,0.42,5000,1001,9.84,100,90,3.6,100,0.42,5000,1001,9.84,100,90,3.6,100,0.42,5000,1001,9.84,100,90,3.6,100,0.42,5000
1001,9.84,100,90,3.6,100,0.42,5000,9,0,21,3,1001,9.84,100,90,3.6,100,0.42,5000,1001,9.84,100,90,3.6,100,0.42,5000,1001,9.84,100,90,3.6,100,0.42,5000,1001,9.84,100,90,3.6,100,0.42,5000,1001,9.84,100,90,3.6,100,0.42,5000,1001,9.84,100,90,3.6,100,0.42,5000,1001,9.84,100,90,3.6,100,0.42,5000,1001,9.84,100,90,3.6,100,0.42,5000,1001,9.84,100,90,3.6,100,0.42,5000,1001,9.84,100,90,3.6,100,0.42,5000,1001,9.84,100,90,3.6,100,0.42,5000,1001,9.84,100,90,3.6,100,0.42,5000
1001,9.84,100,90,3.6,100,0.42,5000,10,0,21,3,1001,9.84,100,90,3.6,100,0.42,5000,1001,9.84,100,90,3.6,100,0.42,5000,1001,9.84,100,90,3.6,100,0.42,5000,1001,9.84,100,90,3.6,100,0.42,5000,1001,9.84,100,90,3.6,100,0.42,5000,1001,9.84,100,90,3.6,100,0.42,5000,1001,9.84,100,90,3.6,100,0.42,5000,1001,9.84,100,90,3.6,100,0.42,5000,1001,9.84,100,90,3.6,100,0.42,5000,1001,9.84,100,90,3.6,100,0.42,5000,1001,9.84,100,90,3.6,100,0.42,5000,1001,9.84,100,90,3.6,100,0.42,5000
1001,9.84,100,90,3.6,100,0.42,5000,11,0,21,3,1001,9.84,100,90,3.6,100,0.42,5000,1001,9.84,100,90,3.6,100,0.42,5000,1001,9.84,100,90,3.6,100,0.42,5000,1001,9.84,100,90,3.6,100,0.42,5000,1001,9.84,100,90,3.6,100,0.42,5000,1001,9.84,100,90,3.6,100,0.42,5000,1001,9.84,100,90,3.6,100,0.42,5000,1001,9.84,100,90,3.6,100,0.42,5000,1001,9.84,100,90,3.6,100,0.42,5000,1001,9.84,100,90,3.6,100,0.42,5000,1001,9.84,100,90,3.6,100,0.42,5000,1001,9.84,100,90,3.6,100,0.42,5000
1001,9.84,100,90,3.6,100,0.42,5000,12,0,21,3,1001,9.84,100,90,3.6,100,0.42,5000,1001,9.84,100,90,3.6,100,0.42,5000,1001,9.84,100,90,3.6,100,0.42,5000,1001,9.84,100,90,3.6,100,0.42,5000,1001,9.84,100,90,3.6,100,0.42,5000,1001,9.84,100,90,3.6,100,0.42,5000,1001,9.84,100,90,3.6,100,0.42,5000,1001,9.84,100,90,3.6,100,0.42,5000,1001,9.84,100,90,3.6,100,0.42,5000,1001,9.84,100,90,3.6,100,0.42,5000,1001,9.84,100,90,3.6,100,0.42,5000,1001,9.84,100,90,3.6,100,0.42,5000
1001,9.84,100,90,3.6,100,0.42,5000,13,0,21,3,1001,9.84,100,90,3.6,100,0.42,5000,1001,9.84,100,90,3.6,100,0.42,5000,1001,9.84,100,90,3.6,100,0.42,5000,1001,9.84,100,90,3.6,100,0.42,5000,1001,9.84,100,90,3.6,100,0.42,5000,1001,9.84,100,90,3.6,100,0.42,5000,1001,9.84,100,90,3.6,100,0.42,5000,1001,9.84,100,90,3.6,100,0.42,5000,1001,9.84,100,90,3.6,100,0.42,5000,1001,9.84,100,90,3.6,100,0.42,5000,1001,9.84,100,90,3.6,100,0.42,5000,1001,9.84,100,90,3.6,100,0.42,5000
1001,9.84,100,90,3.6,100,0.42,5000,14,0,21,3,1001,9.84,100,90,3.6,100,0.42,5000,1001,9.84,100,90,3.6,100,0.42,5000,1001,9.84,100,90,3.6,100,0.42,5000,1001,9.84,100,90,3.6,100,0.42,5000,1001,9.84,100,90,3.6,100,0.42,5000,1001,9.84,100,90,3.6,100,0.42,5000,1001,9.84,100,90,3.6,100,0.42,5000,1001,9.84,100,90,3.6,100,0.42,5000,1001,9.84,100,90,3.6,100,0.42,5000,1001,9.84,100,90,3.6,100,0.42,5000,1001,9.84,100,90,3.6,100,0.42,5000,1001,9.84,100,90,3.6,100,0.42,5000
1001,9.84,100,90,3.6,100,0.42,5000,15,0,21,3,1001,9.84,100,90,3.6,100,0.42,5000,1001,9.84,100,90,3.6,100,0.42,5000,1001,9.84,100,90,3.6,100,0.42,5000,1001,9.84,100,90,3.6,100,0.42,5000,1001,9.84,100,90,3.6,100,0.42,5000,1001,9.84,100,90,3.6,100,0.42,5000,1001,9.84,100,90,3.6,100,0.42,5000,1001,9.84,100,90,3.6,100,0.42,5000,1001,9.84,100,90,3.6,100,0.42,5000,1001,9.84,100,90,3.6,100,0.42,5000,1001,9.84,100,90,3.6,100,0.42,5000,1001,9.84,100,90,3.6,100,0.42,5000
1001,9.84,100,90,3.6,100,0.42,5000,16,0,21,3,1001,9.84,100,90,3.6,100,0.42,5000,1001,9.84,100,90,3.6,100,0.42,5000,1001,9.84,100,90,3.6,100,0.42,5000,1001,9.84,100,90,3.6,100,0.42,5000,1001,9.84,100,90,3.6,100,0.42,5000,1001,9.84,100,90,3.6,100,0.42,5000,1001,9.84,100,90,3.6,100,0.42,5000,1001,9.84,100,90,3.6,100,0.42,5000,1001,9.84,100,90,3.6,100,0.42,5000,1001,9.84,100,90,3.6,100,0.42,5000,1001,9.84,100,90,3.6,100,0.42,5000,1001,9.84,100,90,3.6,100,0.42,5000
1001,9.84,100,90,3.6,100,0.42,5000,17,0,21,3,1001,9.84,100,90,3.6,100,0.42,5000,1001,9.84,100,90,3.6,100,0.42,5000,1001,9.84,100,90,3.6,100,0.42,5000,1001,9.84,100,90,3.6,100,0.42,5000,1001,9.84,100,90,3.6,100,0.42,5000,1001,9.84,100,90,3.6,100,0.42,5000,1001,9.84,100,90,3.6,100,0.42,5000,1001,9.84,100,90,3.6,100,0.42,5000,1001,9.84,100,90,3.6,100,0.42,5000,1001,9.84,100,90,3.6,100,0.42,5000,1001,9.84,100,90,3.6,100,0.42,5000,1001,9.84,100,90,3.6,100,0.42,5000
1001,9.84,100,90,3.6,100,0.42,5000,18,0,21,3,1001,9.84,100,90,3.6,100,0.42,5000,1001,9.84,100,90,3.6,100,0.42,5000,1001,9.84,100,90,3.6,100,0.42,5000,1001,9.84,100,90,3.6,100,0.42,5000,1001,9.84,100,90,3.6,100,0.42,5000,1001,9.84,100,90,3.6,100,0.42,5000,1001,9.84,100,90,3.6,100,0.42,5000,1001,9.84,100,90,3.6,100,0.42,5000,1001,9.84,100,90,3.6,100,0.42,5000,1001,9.84,100,90,3.6,100,0.42,5000,1001,9.84,100,90,3.6,100,0.42,5000,1001,9.84,100,90,3.6,100,0.42,5000
1001,9.84,100,90,3.6,100,0.42,5000,19,0,21,3,1001,9.84,100,90,3.6,100,0.42,5000,1001,9.84,100,90,3.6,100,0.42,5000,1001,9.84,100,90,3.6,100,0.42,5000,1001,9.84,100,90,3.6,100,0.42,5000,1001,9.84,100,90,3.6,100,0.42,5000,1001,9.84,100,90,3.6,100,0.42,5000,1001,9.84,100,90,3.6,100,0.42,5000,1001,9.84,100,90,3.6,100,0.42,5000,1001,9.84,100,90,3.6,100,0.42,5000,1001,9.84,100,90,3.6,100,0.42,5000,1001,9.84,100,90,3.6,100,0.42,5000,1001,9.84,100,90,3.6,100,0.42,5000
1001,9.84,100,90,3.6,100,0.42,5000,20,0,21,3,1001,9.84,100,90,3.6,100,0.42,5000,1001,9.84,100,90,3.6,100,0.42,5000,1001,9.84,100,90,3.6,100,0.42,5000,1001,9.84,100,90,3.6,100,0.42,5000,1001,9.84,100,90,3.6,100,0.42,5000,1001,9.84,100,90,3.6,100,0.42,5000,1001,9.84,100,90,3.6,100,0.42,5000,1001,9.84,100,90,3.6,100,0.42,5000,1001,9.84,100,90,3.6,100,0.42,5000,1001,9.84,100,90,3.6,100,0.42,5000,1001,9.84,100,90,3.6,100,0.42,5000,1001,9.84,100,90,3.6,100,0.42,5000
1001,9.84,100,90,3.6,100,0.42,5000,21,0,21,3,1001,9.84,100,90,3.6,100,0.42,5000,1001,9.84,100,90,3.6,100,0.42,5000,1001,9.84,100,90,3.6,100,0.42,5000,1001,9.84,100,90,3.6,100,0.42,5000,1001,9.84,100,90,3.6,100,0.42,5000,1001,9.84,100,90,3.6,100,0.42,5000,1001,9.84,100,90,3.6,100,0.42,5000,1001,9.84,100,90,3.6,100,0.42,5000,1001,9.84,100,90,3.6,100,0.42,5000,1001,9.84,100,90,3.6,100,0.42,5000,1001,9.84,100,90,3.6,100,0.42,5000,1001,9.84,100,90,3.6,100,0.42,5000
1001,9.84,100,90,3.6,100,0.42,5000,22,0,21,3,1001,9.84,100,90,3.6,100,0.42,5000,1001,9.84,100,90,3.6,100,0.42,5000,1001,9.84,100,90,3.6,100,0.42,5000,1001,9.84,100,90,3.6,100,0.42,5000,1001,9.84,100,90,3.6,100,0.42,5000,1001,9.84,100,90,3.6,100,0.42,5000,1001,9.84,100,90,3.6,100,0.42,5000,1001,9.84,100,90,3.6,100,0.42,5000,1001,9.84,100,90,3.6,100,0.42,5000,1001,9.84,100,90,3.6,100,0.42,5000,1001,9.84,100,90,3.6,100,0.42,5000,1001,9.84,100,90,3.6,100,0.42,5000
1001,9.84,100,90,3.6,100,0.42,5000,23,0,21,3,1001,9.84,100,90,3.6,100,0.42,5000,1001,9.84,100,90,3.6,100,0.42,5000,1001,9.84,100,90,3.6,100,0.42,5000,1001,9.84,100,90,3.6,100,0.42,5000,1001,9.84,100,90,3.6,100,0.42,5000,1001,9.84,100,90,3.6,100,0.42,5000,1001,9.84,100,90,3.6,100,0.42,5000,1001,9.84,100,90,3.6,100,0.42,5000,1001,9.84,100,90,3.6,100,0.42,5000,1001,9.84,100,90,3.6,100,0.42,5000,1001,9.84,100,90,3.6,100,0.42,5000,1001,9.84,100,90,3.6,100,0.42,5000
1001,9.84,100,90,3.6,100,0.42,5000,0,0,22,3,1001,9.84,100,90,3.6,100,0.42,5000,1001,9.84,100,90,3.6,100,0.42,5000,1001,9.84,100,90,3.6,100,0.42,5000,1001,9.84,100,90,3.6,100,0.42,5000,1001,9.84,100,90,3.6,100,0.42,5000,1001,9.84,100,90,3.6,100,0.42,5000,1001,9.84,100,90,3.6,100,0.42,5000,1001,9.84,100,90,3.6,100,0.42,5000,1001,9.84,100,90,3.6,100,0.42,5000,1001,9.84,100,90,3.6,100,0.42,5000,1001,9.84,100,90,3.6,100,0.42,5000,1001,9.84,100,90,3.6,100,0.42,5000
1001,9.84,100,90,3.6,100,0.42,5000,1,0,22,3,1001,9.84,100,90,3.6,100,0.42,5000,1001,9.84,100,90,3.6,100,0.42,5000,1001,9.84,100,90,3.6,100,0.42,5000,1001,9.84,100,90,3.6,100,0.42,5000,1001,9.84,100,90,3.6,100,0.42,5000,1001,9.84,100,90,3.6,100,0.42,5000,1001,9.84,100,90,3.6,100,0.42,5000,1001,9.84,100,90,3.6,100,0.42,5000,1001,9.84,100,90,3.6,100,0.42,5000,1001,9.84,100,90,3.6,100,0.42,5000,1001,9.84,100,90,3.6,100,0.42,5000,1001,9.84,100,90,3.6,100,0.42,5000
1001,9.84,100,90,3.6,100,0.42,5000,2,0,22,3,1001,9.84,100,90,3.6,100,0.42,5000,1001,9.84,100,90,3.6,100,0.42,5000,1001,9.84,100,90,3.6,100,0.42,5000,1001,9.84,100,90,3.6,100,0.42,5000,1001,9.84,100,90,3.6,100,0.42,5000,1001,9.84,100,90,3.6,100,0.42,5000,1001,9.84,100,90,3.6,100,0.42,5000,1001,9.84,100,90,3.6,100,0.42,5000,1001,9.84,100,90,3.6,100,0.42,5000,1001,9.84,100,90,3.6,100,0.42,5000,1001,9.84,100,90,3.6,100,0.42,5000,1001,9.84,100,90,3.6,100,0.42,5000
1001,9.84,100,90,3.6,100,0.42,5000,3,0,22,3,1001,9.84,100,90,3.6,100,0.42,5000,1001,9.84,100,90,3.6,100,0.42,5000,1001,9.84,100,90,3.6,100,0.42,5000,1001,9.84,100,90,3.6,100,0.42,5000,1001,9.84,100,90,3.6,100,0.42,5000,1001,9.84,100,90,3.6,100,0.42,5000,1001,9.84,100,90,3.6,100,0.42,5000,1001,9.84,100,90,3.6,100,0.42,5000,1001,9.84,100,90,3.6,100,0.42,5000,1001,9.84,100,90,3.6,100,0.42,5000,1001,9.84,100,90,3.6,100,0.42,5000,1001,9.84,100,90,3.6,100,0.42,5000
1001,9.84,100,90,3.6,100,0.42,5000,4,0,22,3,1001,9.84,100,90,3.6,100,0.42,5000,1001,9.84,100,90,3.6,100,0.42,5000,1001,9.84,100,90,3.6,100,0.42,5000,1001,9.84,100,90,3.6,100,0.42,5000,1001,9.84,100,90,3.6,100,0.42,5000,1001,9.84,100,90,3.6,100,0.42,5000,1001,9.84,100,90,3.6,100,0.42,5000,1001,9.84,100,90,3.6,100,0.42,5000,1001,9.84,100,90,3.6,100,0.42,5000,1001,9.84,100,90,3.6,100,0.42,5000,1001,9.84,100,90,3.6,100,0.42,5000,1001,9.84,100,90,3.6,100,0.42,5000
1001,9.84,100,90,3.6,100,0.42,5000,5,0,22,3,1001,9.84,100,90,3.6,100,0.42,5000,1001,9.84,100,90,3.6,100,0.42,5000,1001,9.84,100,90,3.6,100,0.42,5000,1001,9.84,100,90,3.6,100,0.42,5000,1001,9.84,100,90,3.6,100,0.42,5000,1001,9.84,100,90,3.6,100,0.42,5000,1001,9.84,100,90,3.6,100,0.42,5000,1001,9.84,100,90,3.6,100,0.42,5000,1001,9.84,100,90,3.6,100,0.42,5000,1001,9.84,100,90,3.6,100,0.42,5000,1001,9.84,100,90,3.6,100,0.42,5000,1001,9.84,100,90,3.6,100,0.42,5000
1001,9.84,100,90,3.6,100,0.42,5000,6,0,22,3,1001,9.84,100,90,3.6,100,0.42,5000,1001,9.84,100,90,3.6,100,0.42,5000,1001,9.84,100,90,3.6,100,0.42,5000,1001,9.84,100,90,3.6,100,0.42,5000,1001,9.84,100,90,3.6,100,0.42,5000,1001,9.84,100,90,3.6,100,0.42,5000,1001,9.84,100,90,3.6,100,0.42,5000,1001,9.84,100,90,3.6,100,0.42,5000,1001,9.84,100,90,3.6,100,0.42,5000,1001,9.84,100,90,3.6,100,0.42,5000,1001,9.84,100,90,3.6,100,0.42,5000,1001,9.84,100,90,3.6,100,0.42,5000
1001,9.84,100,90,3.6,100,0.42,5000,7,0,22,3,1001,9.84,100,90,3.6,100,0.42,5000,1001,9.84,100,90,3.6,100,0.42,5000,1001,9.84,100,90,3.6,100,0.42,5000,1001,9.84,100,90,3.6,100,0.42,5000,1001,9.84,100,90,3.6,100,0.42,5000,1001,9.84,100,90,3.6,100,0.42,5000,1001,9.84,100,90,3.6,100,0.42,5000,1001,9.84,100,90,3.6,100,0.42,5000,1001,9.84,100,90,3.6,100,0.42,5000,1001,9.84,100,90,3.6,100,0.42,5000,1001,9.84,100,90,3.6,100,0.42,5000,1001,9.84,100,90,3.6,100,0.42,5000
1001,9.84,100,90,3.6,100,0.42,5000,8,0,22,3,1001,9.84,100,90,3.6,100,0.42,5000,1001,9.84,100,90,3.6,100,0.42,5000,1001,9.84,100,90,3.6,100,0.42,5000,1001,9.84,100,90,3.6,100,0.42,5000,1001,9.84,100,90,3.6,100,0.42,5000,1001,9.84,100,90,3.6,100,0.42,5000,1001,9.84,100,90,3.6,100,0.42,5000,1001,9.84,100,90,3.6,100,0.42,5000,1001,9.84,100,90,3.6,100,0.42,5000,1001,9.84,100,90,3.6,100,0.42,5000,1001,9.84,100,90,3.6,100,0.42,5000,1001,9.84,100,90,3.6,100,0.42,5000
1001,9.84,100,90,3.6,100,0.42,5000,9,0,22,3,1001,9.84,100,90,3.6,100,0.42,5000,1001,9.84,100,90,3.6,100,0.42,5000,1001,9.84,100,90,3.6,100,0.42,5000,1001,9.84,100,90,3.6,100,0.42,5000,1001,9.84,100,90,3.6,100,0.42,5000,1001,9.84,100,90,3.6,100,0.42,5000,1001,9.84,100,90,3.6,100,0.42,5000,1001,9.84,100,90,3.6,100,0.42,5000,1001,9.84,100,90,3.6,100,0.42,5000,1001,9.84,100,90,3.6,100,0.42,5000,1001,9.84,100,90,3.6,100,0.42,5000,1001,9.84,100,90,3.6,100,0.42,5000
1001,9.84,100,90,3.6,100,0.42,5000,10,0,22,3,1001,9.84,100,90,3.6,100,0.42,5000,1001,9.84,100,90,3.6,100,0.42,5000,1001,9.84,100,90,3.6,100,0.42,5000,1001,9.84,100,90,3.6,100,0.42,5000,1001,9.84,100,90,3.6,100,0.42,5000,1001,9.84,100,90,3.6,100,0.42,5000,1001,9.84,100,90,3.6,100,0.42,5000,1001,9.84,100,90,3.6,100,0.42,5000,1001,9.84,100,90,3.6,100,0.42,5000,1001,9.84,100,90,3.6,100,0.42,5000,1001,9.84,100,90,3.6,100,0.42,5000,1001,9.84,100,90,3.6,100,0.42,5000
1001,9.84,100,90,3.6,100,0.42,5000,11,0,22,3,1001,9.84,100,90,3.6,100,0.42,5000,1001,9.84,100,90,3.6,100,0.42,5000,1001,9.84,100,90,3.6,100,0.42,5000,1001,9.84,100,90,3.6,100,0.42,5000,1001,9.84,100,90,3.6,100,0.42,5000,1001,9.84,100,90,3.6,100,0.42,5000,1001,9.84,100,90,3.6,100,0.42,5000,1001,9.84,100,90,3.6,100,0.42,5000,1001,9.84,100,90,3.6,100,0.42,5000,1001,9.84,100,90,3.6,100,0.42,5000,1001,9.84,100,90,3.6,100,0.42,5000,1001,9.84,100,90,3.6,100,0.42,5000
1001,9.84,100,90,3.6,100,0.42,5000,12,0,22,3,1001,9.84,100,90,3.6,100,0.42,5000,1001,9.84,100,90,3.6,100,0.42,5000,1001,9.84,100,90,3.6,100,0.42,5000,1001,9.84,100,90,3.6,100,0.42,5000,1001,9.84,100,90,3.6,100,0.42,5000,1001,9.84,100,90,3.6,100,0.42,5000,1001,9.84,100,90,3.6,100,0.42,5000,1001,9.84,100,90,3.6,100,0.42,5000,1001,9.84,100,90,3.6,100,0.42,5000,1001,9.84,100,90,3.6,100,0.42,5000,1001,9.84,100,90,3.6,100,0.42,5000,1001,9.84,100,90,3.6,100,0.42,5000
1001,9.84,100,90,3.6,100,0.42,5000,13,0,22,3,1001,9.84,100,90,3.6,100,0.42,5000,1001,9.84,100,90,3.6,100,0.42,5000,1001,9.84,100,90,3.6,100,0.42,5000,1001,9.84,100,90,3.6,100,0.42,5000,1001,9.84,100,90,3.6,100,0.42,5000,1001,9.84,100,90,3.6,100,0.42,5000,1001,9.84,100,90,3.6,100,0.42,5000,1001,9.84,100,90,3.6,100,0.42,5000,1001,9.84,100,90,3.6,100,0.42,5000,1001,9.84,100,90,3.6,100,0.42,5000,1001,9.84,100,90,3.6,100,0.42,5000,1001,9.84,100,90,3.6,100,0.42,5000
1001,9.84,100,90,3.6,100,0.42,5000,14,0,22,3,1001,9.84,100,90,3.6,100,0.42,5000,1001,9.84,100,90,3.6,100,0.42,5000,1001,9.84,100,90,3.6,100,0.42,5000,1001,9.84,100,90,3.6,100,0.42,5000,1001,9.84,100,90,3.6,100,0.42,5000,1001,9.84,100,90,3.6,100,0.42,5000,1001,9.84,100,90,3.6,100,0.42,5000,1001,9.84,100,90,3.6,100,0.42,5000,1001,9.84,100,90,3.6,100,0.42,5000,1001,9.84,100,90,3.6,100,0.42,5000,1001,9.84,100,90,3.6,100,0.42,5000,1001,9.84,100,90,3.6,100,0.42,5000
1001,9.84,100,90,3.6,100,0.42,5000,15,0,22,3,1001,9.84,100,90,3.6,100,0.42,5000,1001,9.84,100,90,3.6,100,0.42,5000,1001,9.84,100,90,3.6,100,0.42,5000,1001,9.84,100,90,3.6,100,0.42,5000,1001,9.84,100,90,3.6,100,0.42,5000,1001,9.84,100,90,3.6,100,0.42,5000,1001,9.84,100,90,3.6,100,0.42,5000,1001,9.84,100,90,3.6,100,0.42,5000,1001,9.84,100,90,3.6,100,0.42,5000,1001,9.84,100,90,3.6,100,0.42,5000,1001,9.84,100,90,3.6,100,0.42,5000,1001,9.84,100,90,3.6,100,0.42,5000
1001,9.84,100,90,3.6,100,0.42,5000,16,0,22,3,1001,9.84,100,90,3.6,100,0.42,5000,1001,9.84,100,90,3.6,100,0.42,5000,1001,9.84,100,90,3.6,100,0.42,5000,1001,9.84,100,90,3.6,100,0.42,5000,1001,9.84,100,90,3.6,100,0.42,5000,1001,9.84,100,90,3.6,100,0.42,5000,1001,9.84,100,90,3.6,100,0.42,5000,1001,9.84,100,90,3.6,100,0.42,5000,1001,9.84,100,90,3.6,100,0.42,5000,1001,9.84,100,90,3.6,100,0.42,5000,1001,9.84,100,90,3.6,100,0.42,5000,1001,9.84,100,90,3.6,100,0.42,5000
1001,9.84,100,90,3.6,100,0.42,5000,17,0,22,3,1001,9.84,100,90,3.6,100,0.42,5000,1001,9.84,100,90,3.6,100,0.42,5000,1001,9.84,100,90,3.6,100,0.42,5000,1001,9.84,100,90,3.6,100,0.42,5000,1001,9.84,100,90,3.6,100,0.42,5000,1001,9.84,100,90,3.6,100,0.42,5000,1001,9.84,100,90,3.6,100,0.42,5000,1001,9.84,100,90,3.6,100,0.42,5000,1001,9.84,100,90,3.6,100,0.42,5000,1001,9.84,100,90,3.6,100,0.42,5000,1001,9.84,100,90,3.6,100,0.42,5000,1001,9.84,100,90,3.6,100,0.42,5000
1001,9.84,100,90,3.6,100,0.42,5000,18,0,22,3,1001,9.84,100,90,3.6,100,0.42,5000,1001,9.84,100,90,3.6,100,0.42,5000,1001,9.84,100,90,3.6,100,0.42,5000,1001,9.84,100,90,3.6,100,0.42,5000,1001,9.84,100,90,3.6,100,0.42,5000,1001,9.84,100,90,3.6,100,0.42,5000,1001,9.84,100,90,3.6,100,0.42,5000,1001,9.84,100,90,3.6,100,0.42,5000,1001,9.84,100,90,3.6,100,0.42,5000,1001,9.84,100,90,3.6,100,0.42,5000,1001,9.84,100,90,3.6,100,0.42,5000,1001,9.84,100,90,3.6,100,0.42,5000
1001,9.84,100,90,3.6,100,0.42,5000,19,0,22,3,1001,9.84,100,90,3.6,100,0.42,5000,1001,9.84,100,90,3.6,100,0.42,5000,1001,9.84,100,90,3.6,100,0.42,5000,1001,9.84,100,90,3.6,100,0.42,5000,1001,9.84,100,90,3.6,100,0.42,5000,1001,9.84,100,90,3.6,100,0.42,5000,1001,9.84,100,90,3.6,100,0.42,5000,1001,9.84,100,90,3.6,100,0.42,5000,1001,9.84,100,90,3.6,100,0.42,5000,1001,9.84,100,90,3.6,100,0.42,5000,1001,9.84,100,90,3.6,100,0.42,5000,1001,9.84,100,90,3.6,100,0.42,5000
1001,9.84,100,90,3.6,100,0.42,5000,20,0,22,3,1001,9.84,100,90,3.6,100,0.42,5000,1001,9.84,100,90,3.6,100,0.42,5000,1001,9.84,100,90,3.6,100,0.42,5000,1001,9.84,100,90,3.6,100,0.42,5000,1001,9.84,100,90,3.6,100,0.42,5000,1001,9.84,100,90,3.6,100,0.42,5000,1001,9.84,100,90,3.6,100,0.42,5000,1001,9.84,100,90,3.6,100,0.42,5000,1001,9.84,100,90,3.6,100,0.42,5000,1001,9.84,100,90,3.6,100,0.42,5000,1001,9.84,100,90,3.6,100,0.42,5000,1001,9.84,100,90,3.6,100,0.42,5000
1001,9.84,100,90,3.6,100,0.42,5000,21,0,22,3,1001,9.84,100,90,3.6,100,0.42,5000,1001,9.84,100,90,3.6,100,0.42,5000,1001,9.84,100,90,3.6,100,0.42,5000,1001,9.84,100,90,3.6,100,0.42,5000,1001,9.84,100,90,3.6,100,0.42,5000,1001,9.84,100,90,3.6,100,0.42,5000,1001,9.84,100,90,3.6,100,0.42,5000,1001,9.84,100,90,3.6,100,0.42,5000,1001,9.84,100,90,3.6,100,0.42,5000,1001,9.84,100,90,3.6,100,0.42,5000,1001,9.84,100,90,3.6,100,0.42,5000,1001,9.84,100,90,3.6,100,0.42,5000
1001,9.84,100,90,3.6,100,0.42,5000,22,0,22,3,1001,9.84,100,90,3.6,100,0.42,5000,1001,9.84,100,90,3.6,100,0.42,5000,1001,9.84,100,90,3.6,100,0.42,5000,1001,9.84,100,90,3.6,100,0.42,5000,1001,9.84,100,90,3.6,100,0.42,5000,1001,9.84,100,90,3.6,100,0.42,5000,1001,9.84,100,90,3.6,100,0.42,5000,1001,9.84,100,90,3.6,100,0.42,5000,1001,9.84,100,90,3.6,100,0.42,5000,1001,9.84,100,90,3.6,100,0.42,5000,1001,9.84,100,90,3.6,100,0.42,5000,1001,9.84,100,90,3.6,100,0.42,5000
1001,9.84,100,90,3.6,100,0.42,5000,23,0,22,3,1001,9.84,100,90,3.6,100,0.42,5000,1001,9.84,100,90,3.6,100,0.42,5000,1001,9.84,100,90,3.6,100,0.42,5000,1001,9.84,100,90,3.6,100,0.42,5000,1001,9.84,100,90,3.6,100,0.42,5000,1001,9.84,100,90,3.6,100,0.42,5000,1001,9.84,100,90,3.6,100,0.42,5000,1001,9.84,100,90,3.6,100,0.42,5000,1001,9.84,100,90,3.6,100,0.42,5000,1001,9.84,100,90,3.6,100,0.42,5000,1001,9.84,100,90,3.6,100,0.42,5000,1001,9.84,100,90,3.6,100,0.42,5000
1001,9.84,100,90,3.6,100,0.42,5000,0,0,23,3,1001,9.84,100,90,3.6,100,0.42,5000,1001,9.84,100,90,3.6,100,0.42,5000,1001,9.84,100,90,3.6,100,0.42,5000,1001,9.84,100,90,3.6,100,0.42,5000,1001,9.84,100,90,3.6,100,0.42,5000,1001,9.84,100,90,3.6,100,0.42,5000,1001,9.84,100,90,3.6,100,0.42,5000,1001,9.84,100,90,3.6,100,0.42,5000,1001,9.84,100,90,3.6,100,0.42,5000,1001,9.84,100,90,3.6,100,0.42,5000,1001,9.84,100,90,3.6,100,0.42,5000,1001,9.84,100,90,3.6,100,0.42,5000
1001,9.84,100,90,3.6,100,0.42,5000,1,0,23,3,1001,9.84,100,90,3.6,100,0.42,5000,1001,9.84,100,90,3.6,100,0.42,5000,1001,9.84,100,90,3.6,100,0.42,5000,1001,9.84,100,90,3.6,100,0.42,5000,1001,9.84,100,90,3.6,100,0.42,5000,1001,9.84,100,90,3.6,100,0.42,5000,1001,9.84,100,90,3.6,100,0.42,5000,1001,9.84,100,90,3.6,100,0.42,5000,1001,9.84,100,90,3.6,100,0.42,5000,1001,9.84,100,90,3.6,100,0.42,5000,1001,9.84,100,90,3.6,100,0.42,5000,1001,9.84,100,90,3.6,100,0.42,5000
1001,9.84,100,90,3.6,100,0.42,5000,2,0,23,3,1001,9.84,100,90,3.6,100,0.42,5000,1001,9.84,100,90,3.6,100,0.42,5000,1001,9.84,100,90,3.6,100,0.42,5000,1001,9.84,100,90,3.6,100,0.42,5000,1001,9.84,100,90,3.6,100,0.42,5000,1001,9.84,100,90,3.6,100,0.42,5000,1001,9.84,100,90,3.6,100,0.42,5000,1001,9.84,100,90,3.6,100,0.42,5000,1001,9.84,100,90,3.6,100,0.42,5000,1001,9.84,100,90,3.6,100,0.42,5000,1001,9.84,100,90,3.6,100,0.42,5000,1001,9.84,100,90,3.6,100,0.42,5000
1001,9.84,100,90,3.6,100,0.42,5000,3,0,23,3,1001,9.84,100,90,3.6,100,0.42,5000,1001,9.84,100,90,3.6,100,0.42,5000,1001,9.84,100,90,3.6,100,0.42,5000,1001,9.84,100,90,3.6,100,0.42,5000,1001,9.84,100,90,3.6,100,0.42,5000,1001,9.84,100,90,3.6,100,0.42,5000,1001,9.84,100,90,3.6,100,0.42,5000,1001,9.84,100,90,3.6,100,0.42,5000,1001,9.84,100,90,3.6,100,0.42,5000,1001,9.84,100,90,3.6,100,0.42,5000,1001,9.84,100,90,3.6,100,0.42,5000,1001,9.84,100,90,3.6,100,0.42,5000
1001,9.84,100,90,3.6,100,0.42,5000,4,0,23,3,1001,9.84,100,90,3.6,100,0.42,5000,1001,9.84,100,90,3.6,100,0.42,5000,1001,9.84,100,90,3.6,100,0.42,5000,1001,9.84,100,90,3.6,100,0.42,5000,1001,9.84,100,90,3.6,100,0.42,5000,1001,9.84,100,90,3.6,100,0.42,5000,1001,9.84,100,90,3.6,100,0.42,5000,1001,9.84,100,90,3.6,100,0.42,5000,1001,9.84,100,90,3.6,100,0.42,5000,1001,9.84,100,90,3.6,100,0.42,5000,1001,9.84,100,90,3.6,100,0.42,5000,1001,9.84,100,90,3.6,100,0.42,5000
1001,9.84,100,90,3.6,100,0.42,5000,5,0,23,3,1001,9.84,100,90,3.6,100,0.42,5000,1001,9.84,100,90,3.6,100,0.42,5000,1001,9.84,100,90,3.6,100,0.42,5000,1001,9.84,100,90,3.6,100,0.42,5000,1001,9.84,100,90,3.6,100,0.42,5000,1001,9.84,100,90,3.6,100,0.42,5000,1001,9.84,100,90,3.6,100,0.42,5000,1001,9.84,100,90,3.6,100,0.42,5000,1001,9.84,100,90,3.6,100,0.42,5000,1001,9.84,100,90,3.6,100,0.42,5000,1001,9.84,100,90,3.6,100,0.42,5000,1001,9.84,100,90,3.6,100,0.42,5000
1001,9.84,100,90,3.6,100,0.42,5000,6,0,23,3,1001,9.84,100,90,3.6,100,0.42,5000,1001,9.84,100,90,3.6,100,0.42,5000,1001,9.84,100,90,3.6,100,0.42,5000,1001,9.84,100,90,3.6,100,0.42,5000,1001,9.84,100,90,3.6,100,0.42,5000,1001,9.84,100,90,3.6,100,0.42,5000,1001,9.84,100,90,3.6,100,0.42,5000,1001,9.84,100,90,3.6,100,0.42,5000,1001,9.84,100,90,3.6,100,0.42,5000,1001,9.84,100,90,3.6,100,0.42,5000,1001,9.84,100,90,3.6,100,0.42,5000,1001,9.84,100,90,3.6,100,0.42,5000
1001,9.84,100,90,3.6,100,0.42,5000,7,0,23,3,1001,9.84,100,90,3.6,100,0.42,5000,1001,9.84,100,90,3.6,100,0.42,5000,1001,9.84,100,90,3.6,100,0.42,5000,1001,9.84,100,90,3.6,100,0.42,5000,1001,9.84,100,90,3.6,100,0.42,5000,1001,9.84,100,90,3.6,100,0.42,5000,1001,9.84,100,90,3.6,100,0.42,5000,1001,9.84,100,90,3.6,100,0.42,5000,1001,9.84,100,90,3.6,100,0.42,5000,1001,9.84,100,90,3.6,100,0.42,5000,1001,9.84,100,90,3.6,100,0.42,5000,1001,9.84,100,90,3.6,100,0.42,5000
1001,9.84,100,90,3.6,100,0.42,5000,8,0,23,3,1001,9.84,100,90,3.6,100,0.42,5000,1001,9.84,100,90,3.6,100,0.42,5000,1001,9.84,100,90,3.6,100,0.42,5000,1001,9.84,100,90,3.6,100,0.42,5000,1001,9.84,100,90,3.6,100,0.42,5000,1001,9.84,100,90,3.6,100,0.42,5000,1001,9.84,100,90,3.6,100,0.42,5000,1001,9.84,100,90,3.6,100,0.42,5000,1001,9.84,100,90,3.6,100,0.42,5000,1001,9.84,100,90,3.6,100,0.42,5000,1001,9.84,100,90,3.6,100,0.42,5000,1001,9.84,100,90,3.6,100,0.42,5000
1001,9.84,100,90,3.6,100,0.42,5000,9,0,23,3,1001,9.84,100,90,3.6,100,0.42,5000,1001,9.84,100,90,3.6,100,0.42,5000,1001,9.84,100,90,3.6,100,0.42,5000,1001,9.84,100,90,3.6,100,0.42,5000,1001,9.84,100,90,3.6,100,0.42,5000,1001,9.84,100,90,3.6,100,0.42,5000,1001,9.84,100,90,3.6,100,0.42,5000,1001,9.84,100,90,3.6,100,0.42,5000,1001,9.84,100,90,3.6,100,0.42,5000,1001,9.84,100,90,3.6,100,0.42,5000,1001,9.84,100,90,3.6,100,0.42,5000,1001,9.84,100,90,3.6,100,0.42,5000
1001,9.84,100,90,3.6,100,0.42,5000,10,0,23,3,1001,9.84,100,90,3.6,100,0.42,5000,1001,9.84,100,90,3.6,100,0.42,5000,1001,9.84,100,90,3.6,100,0.42,5000,1001,9.84,100,90,3.6,100,0.42,5000,1001,9.84,100,90,3.6,100,0.42,5000,1001,9.84,100,90,3.6,100,0.42,5000,1001,9.84,100,90,3.6,100,0.42,5000,1001,9.84,100,90,3.6,100,0.42,5000,1001,9.84,100,90,3.6,100,0.42,5000,1001,9.84,100,90,3.6,100,0.42,5000,1001,9.84,100,90,3.6,100,0.42,5000,1001,9.84,100,90,3.6,100,0.42,5000
1001,9.84,100,90,3.6,100,0.42,5000,11,0,23,3,1001,9.84,100,90,3.6,100,0.42,5000,1001,9.84,100,90,3.6,100,0.42,5000,1001,9.84,100,90,3.6,100,0.42,5000,1001,9.84,100,90,3.6,100,0.42,5000,1001,9.84,100,90,3.6,100,0.42,5000,1001,9.84,100,90,3.6,100,0.42,5000,1001,9.84,100,90,3.6,100,0.42,5000,1001,9.84,100,90,3.6,100,0.42,5000,1001,9.84,100,90,3.6,100,0.42,5000,1001,9.84,100,90,3.6,100,0.42,5000,1001,9.84,100,90,3.6,100,0.42,5000,1001,9.84,100,90,3.6,100,0.42,5000
1001,9.84,100,90,3.6,100,0.42,5000,12,0,23,3,1001,9.84,100,90,3.6,100,0.42,5000,1001,9.84,100,90,3.6,100,0.42,5000,1001,9.84,100,90,3.6,100,0.42,5000,1001,9.84,100,90,3.6,100,0.42,5000,1001,9.84,100,90,3.6,100,0.42,5000,1001,9.84,100,90,3.6,100,0.42,5000,1001,9.84,100,90,3.6,100,0.42,5000,1001,9.84,100,90,3.6,100,0.42,5000,1001,9.84,100,90,3.6,100,0.42,5000,1001,9.84,100,90,3.6,100,0.42,5000,1001,9.84,100,90,3.6,100,0.42,5000,1001,9.84,100,90,3.6,100,0.42,5000
1001,9.84,100,90,3.6,100,0.42,5000,13,0,23,3,1001,9.84,100,90,3.6,100,0.42,5000,1001,9.84,100,90,3.6,100,0.42,5000,1001,9.84,100,90,3.6,100,0.42,5000,1001,9.84,100,90,3.6,100,0.42,5000,1001,9.84,100,90,3.6,100,0.42,5000,1001,9.84,100,90,3.6,100,0.42,5000,1001,9.84,100,90,3.6,100,0.42,5000,1001,9.84,100,90,3.6,100,0.42,5000,1001,9.84,100,90,3.6,100,0.42,5000,1001,9.84,100,90,3.6,100,0.42,5000,1001,9.84,100,90,3.6,100,0.42,5000,1001,9.84,100,90,3.6,100,0.42,5000
1001,9.84,100,90,3.6,100,0.42,5000,14,0,23,3,1001,9.84,100,90,3.6,100,0.42,5000,1001,9.84,100,90,3.6,100,0.42,5000,1001,9.84,100,90,3.6,100,0.42,5000,1001,9.84,100,90,3.6,100,0.42,5000,1001,9.84,100,90,3.6,100,0.42,5000,1001,9.84,100,90,3.6,100,0.42,5000,1001,9.84,100,90,3.6,100,0.42,5000,1001,9.84,100,90,3.6,100,0.42,5000,1001,9.84,100,90,3.6,100,0.42,5000,1001,9.84,100,90,3.6,100,0.42,5000,1001,9.84,100,90,3.6,100,0.42,5000,1001,9.84,100,90,3.6,100,0.42,5000
1001,9.84,100,90,3.6,100,0.42,5000,15,0,23,3,1001,9.84,100,90,3.6,100,0.42,5000,1001,9.84,100,90,3.6,100,0.42,5000,1001,9.84,100,90,3.6,100,0.42,5000,1001,9.84,100,90,3.6,100,0.42,5000,1001,9.84,100,90,3.6,100,0.42,5000,1001,9.84,100,90,3.6,100,0.42,5000,1001,9.84,100,90,3.6,100,0.42,5000,1001,9.84,100,90,3.6,100,0.42,5000,1001,9.84,100,90,3.6,100,0.42,5000,1001,9.84,100,90,3.6,100,0.42,5000,1001,9.84,100,90,3.6,100,0.42,5000,1001,9.84,100,90,3.6,100,0.42,5000
1001,9.84,100,90,3.6,100,0.42,5000,16,0,23,3,1001,9.84,100,90,3.6,100,0.42,5000,1001,9.84,100,90,3.6,100,0.42,5000,1001,9.84,100,90,3.6,100,0.42,5000,1001,9.84,100,90,3.6,100,0.42,5000,1001,9.84,100,90,3.6,100,0.42,5000,1001,9.84,100,90,3.6,100,0.42,5000,1001,9.84,100,90,3.6,100,0.42,5000,1001,9.84,100,90,3.6,100,0.42,5000,1001,9.84,100,90,3.6,100,0.42,5000,1001,9.84,100,90,3.6,100,0.42,5000,1001,9.84,100,90,3.6,100,0.42,5000,1001,9.84,100,90,3.6,100,0.42,5000
1001,9.84,100,90,3.6,100,0.42,5000,17,0,23,3,1001,9.84,100,90,3.6,100,0.42,5000,1001,9.84,100,90,3.6,100,0.42,5000,1001,9.84,100,90,3.6,100,0.42,5000,1001,9.84,100,90,3.6,100,0.42,5000,1001,9.84,100,90,3.6,100,0.42,5000,1001,9.84,100,90,3.6,100,0.42,5000,1001,9.84,100,90,3.6,100,0.42,5000,1001,9.84,100,90,3.6,100,0.42,5000,1001,9.84,100,90,3.6,100,0.42,5000,1001,9.84,100,90,3.6,100,0.42,5000,1001,9.84,100,90,3.6,100,0.42,5000,1001,9.84,100,90,3.6,100,0.42,5000
1001,9.84,100,90,3.6,100,0.42,5000,18,0,23,3,1001,9.84,100,90,3.6,100,0.42,5000,1001,9.84,100,90,3.6,100,0.42,5000,1001,9.84,100,90,3.6,100,0.42,5000,1001,9.84,100,90,3.6,100,0.42,5000,1001,9.84,100,90,3.6,100,0.42,5000,1001,9.84,100,90,3.6,100,0.42,5000,1001,9.84,100,90,3.6,100,0.42,5000,1001,9.84,100,90,3.6,100,0.42,5000,1001,9.84,100,90,3.6,100,0.42,5000,1001,9.84,100,90,3.6,100,0.42,5000,1001,9.84,100,90,3.6,100,0.42,5000,1001,9.84,100,90,3.6,100,0.42,5000
1001,9.84,100,90,3.6,100,0.42,5000,19,0,23,3,1001,9.84,100,90,3.6,100,0.42,5000,1001,9.84,100,90,3.6,100,0.42,5000,1001,9.84,100,90,3.6,100,0.42,5000,1001,9.84,100,90,3.6,100,0.42,5000,1001,9.84,100,90,3.6,100,0.42,5000,1001,9.84,100,90,3.6,100,0.42,5000,1001,9.84,100,90,3.6,100,0.42,5000,1001,9.84,100,90,3.6,100,0.42,5000,1001,9.84,100,90,3.6,100,0.42,5000,1001,9.84,100,90,3.6,100,0.42,5000,1001,9.84,100,90,3.6,100,0.42,5000,1001,9.84,100,90,3.6,100,0.42,5000
1001,9.84,100,90,3.6,100,0.42,5000,20,0,23,3,1001,9.84,100,90,3.6,100,0.42,5000,1001,9.84,100,90,3.6,100,0.42,5000,1001,9.84,100,90,3.6,100,0.42,5000,1001,9.84,100,90,3.6,100,0.42,5000,1001,9.84,100,90,3.6,100,0.42,5000,1001,9.84,100,90,3.6,100,0.42,5000,1001,9.84,100,90,3.6,100,0.42,5000,1001,9.84,100,90,3.6,100,0.42,5000,1001,9.84,100,90,3.6,100,0.42,5000,1001,9.84,100,90,3.6,100,0.42,5000,1001,9.84,100,90,3.6,100,0.42,5000,1001,9.84,100,90,3.6,100,0.42,5000
1001,9.84,100,90,3.6,100,0.42,5000,21,0,23,3,1001,9.84,100,90,3.6,100,0.42,5000,1001,9.84,100,90,3.6,100,0.42,5000,1001,9.84,100,90,3.6,100,0.42,5000,1001,9.84,100,90,3.6,100,0.42,5000,1001,9.84,100,90,3.6,100,0.42,5000,1001,9.84,100,90,3.6,100,0.42,5000,1001,9.84,100,90,3.6,100,0.42,5000,1001,9.84,100,90,3.6,100,0.42,5000,1001,9.84,100,90,3.6,100,0.42,5000,1001,9.84,100,90,3.6,100,0.42,5000,1001,9.84,100,90,3.6,100,0.42,5000,1001,9.84,100,90,3.6,100,0.42,5000
1001,9.84,100,90,3.6,100,0.42,5000,22,0,23,3,1001,9.84,100,90,3.6,100,0.42,5000,1001,9.84,100,90,3.6,100,0.42,5000,1001,9.84,100,90,3.6,100,0.42,5000,1001,9.84,100,90,3.6,100,0.42,5000,1001,9.84,100,90,3.6,100,0.42,5000,1001,9.84,100,90,3.6,100,0.42,5000,1001,9.84,100,90,3.6,100,0.42,5000,1001,9.84,100,90,3.6,100,0.42,5000,1001,9.84,100,90,3.6,100,0.42,5000,1001,9.84,100,90,3.6,100,0.42,5000,1001,9.84,100,90,3.6,100,0.42,5000,1001,9.84,100,90,3.6,100,0.42,5000
1001,9.84,100,90,3.6,100,0.42,5000,23,0,23,3,1001,9.84,100,90,3.6,100,0.42,5000,1001,9.84,100,90,3.6,100,0.42,5000,1001,9.84,100,90,3.6,100,0.42,5000,1001,9.84,100,90,3.6,100,0.42,5000,1001,9.84,100,90,3.6,100,0.42,5000,1001,9.84,100,90,3.6,100,0.42,5000,1001,9.84,100,90,3.6,100,0.42,5000,1001,9.84,100,90,3.6,100,0.42,5000,1001,9.84,100,90,3.6,100,0.42,5000,1001,9.84,100,90,3.6,100,0.42,5000,1001,9.84,100,90,3.6,100,0.42,5000,1001,9.84,100,90,3.6,100,0.42,5000
1001,9.84,100,90,3.6,100,0.42,5000,0,0,24,3,1001,9.84,100,90,3.6,100,0.42,5000,1001,9.84,100,90,3.6,100,0.42,5000,1001,9.84,100,90,3.6,100,0.42,5000,1001,9.84,100,90,3.6,100,0.42,5000,1001,9.84,100,90,3.6,100,0.42,5000,1001,9.84,100,90,3.6,100,0.42,5000,1001,9.84,100,90,3.6,100,0.42,5000,1001,9.84,100,90,3.6,100,0.42,5000,1001,9.84,100,90,3.6,100,0.42,5000,1001,9.84,100,90,3.6,100,0.42,5000,1001,9.84,100,90,3.6,100,0.42,5000,1001,9.84,100,90,3.6,100,0.42,5000
1001,9.84,100,90,3.6,100,0.42,5000,1,0,24,3,1001,9.84,100,90,3.6,100,0.42,5000,1001,9.84,100,90,3.6,100,0.42,5000,1001,9.84,100,90,3.6,100,0.42,5000,1001,9.84,100,90,3.6,100,0.42,5000,1001,9.84,100,90,3.6,100,0.42,5000,1001,9.84,100,90,3.6,100,0.42,5000,1001,9.84,100,90,3.6,100,0.42,5000,1001,9.84,100,90,3.6,100,0.42,5000,1001,9.84,100,90,3.6,100,0.42,5000,1001,9.84,100,90,3.6,100,0.42,5000,1001,9.84,100,90,3.6,100,0.42,5000,1001,9.84,100,90,3.6,100,0.42,5000
1001,9.84,100,90,3.6,100,0.42,5000,2,0,24,3,1001,9.84,100,90,3.6,100,0.42,5000,1001,9.84,100,90,3.6,100,0.42,5000,1001,9.84,100,90,3.6,100,0.42,5000,1001,9.84,100,90,3.6,100,0.42,5000,1001,9.84,100,90,3.6,100,0.42,5000,1001,9.84,100,90,3.6,100,0.42,5000,1001,9.84,100,90,3.6,100,0.42,5000,1001,9.84,100,90,3.6,100,0.42,5000,1001,9.84,100,90,3.6,100,0.42,5000,1001,9.84,100,90,3.6,100,0.42,5000,1001,9.84,100,90,3.6,100,0.42,5000,1001,9.84,100,90,3.6,100,0.42,5000
1001,9.84,100,90,3.6,100,0.42,5000,3,0,24,3,1001,9.84,100,90,3.6,100,0.42,5000,1001,9.84,100,90,3.6,100,0.42,5000,1001,9.84,100,90,3.6,100,0.42,5000,1001,9.84,100,90,3.6,100,0.42,5000,1001,9.84,100,90,3.6,100,0.42,5000,1001,9.84,100,90,3.6,100,0.42,5000,1001,9.84,100,90,3.6,100,0.42,5000,1001,9.84,100,90,3.6,100,0.42,5000,1001,9.84,100,90,3.6,100,0.42,5000,1001,9.84,100,90,3.6,100,0.42,5000,1001,9.84,100,90,3.6,100,0.42,5000,1001,9.84,100,90,3.6,100,0.42,5000
1001,9.84,100,90,3.6,100,0.42,5000,4,0,24,3,1001,9.84,100,90,3.6,100,0.42,5000,1001,9.84,100,90,3.6,100,0.42,5000,1001,9.84,100,90,3.6,100,0.42,5000,1001,9.84,100,90,3.6,100,0.42,5000,1001,9.84,100,90,3.6,100,0.42,5000,1001,9.84,100,90,3.6,100,0.42,5000,1001,9.84,100,90,3.6,100,0.42,5000,1001,9.84,100,90,3.6,100,0.42,5000,1001,9.84,100,90,3.6,100,0.42,5000,1001,9.84,100,90,3.6,100,0.42,5000,1001,9.84,100,90,3.6,100,0.42,5000,1001,9.84,100,90,3.6,100,0.42,5000
1001,9.84,100,90,3.6,100,0.42,5000,5,0,24,3,1001,9.84,100,90,3.6,100,0.42,5000,1001,9.84,100,90,3.6,100,0.42,5000,1001,9.84,100,90,3.6,100,0.42,5000,1001,9.84,100,90,3.6,100,0.42,5000,1001,9.84,100,90,3.6,100,0.42,5000,1001,9.84,100,90,3.6,100,0.42,5000,1001,9.84,100,90,3.6,100,0.42,5000,1001,9.84,100,90,3.6,100,0.42,5000,1001,9.84,100,90,3.6,100,0.42,5000,1001,9.84,100,90,3.6,100,0.42,5000,1001,9.84,100,90,3.6,100,0.42,5000,1001,9.84,100,90,3.6,100,0.42,5000
1001,9.84,100,90,3.6,100,0.42,5000,6,0,24,3,1001,9.84,100,90,3.6,100,0.42,5000,1001,9.84,100,90,3.6,100,0.42,5000,1001,9.84,100,90,3.6,100,0.42,5000,1001,9.84,100,90,3.6,100,0.42,5000,1001,9.84,100,90,3.6,100,0.42,5000,1001,9.84,100,90,3.6,100,0.42,5000,1001,9.84,100,90,3.6,100,0.42,5000,1001,9.84,100,90,3.6,100,0.42,5000,1001,9.84,100,90,3.6,100,0.42,5000,1001,9.84,100,90,3.6,100,0.42,5000,1001,9.84,100,90,3.6,100,0.42,5000,1001,9.84,100,90,3.6,100,0.42,5000
1001,9.84,100,90,3.6,100,0.42,5000,7,0,24,3,1001,9.84,100,90,3.6,100,0.42,5000,1001,9.84,100,90,3.6,100,0.42,5000,1001,9.84,100,90,3.6,100,0.42,5000,1001,9.84,100,90,3.6,100,0.42,5000,1001,9.84,100,90,3.6,100,0.42,5000,1001,9.84,100,90,3.6,100,0.42,5000,1001,9.84,100,90,3.6,100,0.42,5000,1001,9.84,100,90,3.6,100,0.42,5000,1001,9.84,100,90,3.6,100,0.42,5000,1001,9.84,100,90,3.6,100,0.42,5000,1001,9.84,100,90,3.6,100,0.42,5000,1001,9.84,100,90,3.6,100,0.42,5000
1001,9.84,100,90,3.6,100,0.42,5000,8,0,24,3,1001,9.84,100,90,3.6,100,0.42,5000,1001,9.84,100,90,3.6,100,0.42,5000,1001,9.84,100,90,3.6,100,0.42,5000,1001,9.84,100,90,3.6,100,0.42,5000,1001,9.84,100,90,3.6,100,0.42,5000,1001,9.84,100,90,3.6,100,0.42,5000,1001,9.84,100,90,3.6,100,0.42,5000,1001,9.84,100,90,3.6,100,0.42,5000,1001,9.84,100,90,3.6,100,0.42,5000,1001,9.84,100,90,3.6,100,0.42,5000,1001,9.84,100,90,3.6,100,0.42,5000,1001,9.84,100,90,3.6,100,0.42,5000
1001,9.84,100,90,3.6,100,0.42,5000,9,0,24,3,1001,9.84,100,90,3.6,100,0.42,5000,1001,9.84,100,90,3.6,100,0.42,5000,1001,9.84,100,90,3.6,100,0.42,5000,1001,9.84,100,90,3.6,100,0.42,5000,1001,9.84,100,90,3.6,100,0.42,5000,1001,9.84,100,90,3.6,100,0.42,5000,1001,9.84,100,90,3.6,100,0.42,5000,1001,9.84,100,90,3.6,100,0.42,5000,1001,9.84,100,90,3.6,100,0.42,5000,1001,9.84,100,90,3.6,100,0.42,5000,1001,9.84,100,90,3.6,100,0.42,5000,1001,9.84,100,90,3.6,100,0.42,5000
1001,9.84,100,90,3.6,100,0.42,5000,10,0,24,3,1001,9.84,100,90,3.6,100,0.42,5000,1001,9.84,100,90,3.6,100,0.42,5000,1001,9.84,100,90,3.6,100,0.42,5000,1001,9.84,100,90,3.6,100,0.42,5000,1001,9.84,100,90,3.6,100,0.42,5000,1001,9.84,100,90,3.6,100,0.42,5000,1001,9.84,100,90,3.6,100,0.42,5000,1001,9.84,100,90,3.6,100,0.42,5000,1001,9.84,100,90,3.6,100,0.42,5000,1001,9.84,100,90,3.6,100,0.42,5000,1001,9.84,100,90,3.6,100,0.42,5000,1001,9.84,100,90,3.6,100,0.42,5000
1001,9.84,100,90,3.6,100,0.42,5000,11,0,24,3,1001,9.84,100,90,3.6,100,0.42,5000,1001,9.84,100,90,3.6,100,0.42,5000,1001,9.84,100,90,3.6,100,0.42,5000,1001,9.84,100,90,3.6,100,0.42,5000,1001,9.84,100,90,3.6,100,0.42,5000,1001,9.84,100,90,3.6,100,0.42,5000,1001,9.84,100,90,3.6,100,0.42,5000,1001,9.84,100,90,3.6,100,0.42,5000,1001,9.84,100,90,3.6,100,0.42,5000,1001,9.84,100,90,3.6,100,0.42,5000,1001,9.84,100,90,3.6,100,0.42,5000,1001,9.84,100,90,3.6,100,0.42,5000
1001,9.84,100,90,3.6,100,0.42,5000,12,0,24,3,1001,9.84,100,90,3.6,100,0.42,5000,1001,9.84,100,90,3.6,100,0.42,5000,1001,9.84,100,90,3.6,100,0.42,5000,1001,9.84,100,90,3.6,100,0.42,5000,1001,9.84,100,90,3.6,100,0.42,5000,1001,9.84,100,90,3.6,100,0.42,5000,1001,9.84,100,90,3.6,100,0.42,5000,1001,9.84,100,90,3.6,100,0.42,5000,1001,9.84,100,90,3.6,100,0.42,5000,1001,9.84,100,90,3.6,100,0.42,5000,1001,9.84,100,90,3.6,100,0.42,5000,1001,9.84,100,90,3.6,100,0.42,5000
1001,9.84,100,90,3.6,100,0.42,5000,13,0,24,3,1001,9.84,100,90,3.6,100,0.42,5000,1001,9.84,100,90,3.6,100,0.42,5000,1001,9.84,100,90,3.6,100,0.42,5000,1001,9.84,100,90,3.6,100,0.42,5000,1001,9.84,100,90,3.6,100,0.42,5000,1001,9.84,100,90,3.6,100,0.42,5000,1001,9.84,100,90,3.6,100,0.42,5000,1001,9.84,100,90,3.6,100,0.42,5000,1001,9.84,100,90,3.6,100,0.42,5000,1001,9.84,100,90,3.6,100,0.42,5000,1001,9.84,100,90,3.6,100,0.42,5000,1001,9.84,100,90,3.6,100,0.42,5000
1001,9.84,100,90,3.6,100,0.42,5000,14,0,24,3,1001,9.84,100,90,3.6,100,0.42,5000,1001,9.84,100,90,3.6,100,0.42,5000,1001,9.84,100,90,3.6,100,0.42,5000,1001,9.84,100,90,3.6,100,0.42,5000,1001,9.84,100,90,3.6,100,0.42,5000,1001,9.84,100,90,3.6,100,0.42,5000,1001,9.84,100,90,3.6,100,0.42,5000,1001,9.84,100,90,3.6,100,0.42,5000,1001,9.84,100,90,3.6,100,0.42,5000,1001,9.84,100,90,3.6,100,0.42,5000,1001,9.84,100,90,3.6,100,0.42,5000,1001,9.84,100,90,3.6,100,0.42,5000
1001,9.84,100,90,3.6,100,0.42,5000,15,0,24,3,1001,9.84,100,90,3.6,100,0.42,5000,1001,9.84,100,90,3.6,100,0.42,5000,1001,9.84,100,90,3.6,100,0.42,5000,1001,9.84,100,90,3.6,100,0.42,5000,1001,9.84,100,90,3.6,100,0.42,5000,1001,9.84,100,90,3.6,100,0.42,5000,1001,9.84,100,90,3.6,100,0.42,5000,1001,9.84,100,90,3.6,100,0.42,5000,1001,9.84,100,90,3.6,100,0.42,5000,1001,9.84,100,90,3.6,100,0.42,5000,1001,9.84,100,90,3.6,100,0.42,5000,1001,9.84,100,90,3.6,100,0.42,5000
1001,9.84,100,90,3.6,100,0.42,5000,16,0,24,3,1001,9.84,100,90,3.6,100,0.42,5000,1001,9.84,100,90,3.6,100,0.42,5000,1001,9.84,100,90,3.6,100,0.42,5000,1001,9.84,100,90,3.6,100,0.42,5000,1001,9.84,100,90,3.6,100,0.42,5000,1001,9.84,100,90,3.6,100,0.42,5000,1001,9.84,100,90,3.6,100,0.42,5000,1001,9.84,100,90,3.6,100,0.42,5000,1001,9.84,100,90,3.6,100,0.42,5000,1001,9.84,100,90,3.6,100,0.42,5000,1001,9.84,100,90,3.6,100,0.42,5000,1001,9.84,100,90,3.6,100,0.42,5000
1001,9.84,100,90,3.6,100,0.42,5000,17,0,24,3,1001,9.84,100,90,3.6,100,0.42,5000,1001,9.84,100,90,3.6,100,0.42,5000,1001,9.84,100,90,3.6,100,0.42,5000,1001,9.84,100,90,3.6,100,0.42,5000,1001,9.84,100,90,3.6,100,0.42,5000,1001,9.84,100,90,3.6,100,0.42,5000,1001,9.84,100,90,3.6,100,0.42,5000,1001,9.84,100,90,3.6,100,0.42,5000,1001,9.84,100,90,3.6,100,0.42,5000,1001,9.84,100,90,3.6,100,0.42,5000,1001,9.84,100,90,3.6,100,0.42,5000,1001,9.84,100,90,3.6,100,0.42,5000
1001,9.84,100,90,3.6,100,0.42,5000,18,0,24,3,1001,9.84,100,90,3.6,100,0.42,5000,1001,9.84,100,90,3.6,100,0.42,5000,1001,9.84,100,90,3.6,100,0.42,5000,1001,9.84,100,90,3.6,100,0.42,5000,1001,9.84,100,90,3.6,100,0.42,5000,1001,9.84,100,90,3.6,100,0.42,5000,1001,9.84,100,90,3.6,100,0.42,5000,1001,9.84,100,90,3.6,100,0.42,5000,1001,9.84,100,90,3.6,100,0.42,5000,1001,9.84,100,90,3.6,100,0.42,5000,1001,9.84,100,90,3.6,100,0.42,5000,1001,9.84,100,90,3.6,100,0.42,5000
1001,9.84,100,90,3.6,100,0.42,5000,19,0,24,3,1001,9.84,100,90,3.6,100,0.42,5000,1001,9.84,100,90,3.6,100,0.42,5000,1001,9.84,100,90,3.6,100,0.42,5000,1001,9.84,100,90,3.6,100,0.42,5000,1001,9.84,100,90,3.6,100,0.42,5000,1001,9.84,100,90,3.6,100,0.42,5000,1001,9.84,100,90,3.6,100,0.42,5000,1001,9.84,100,90,3.6,100,0.42,5000,1001,9.84,100,90,3.6,100,0.42,5000,1001,9.84,100,90,3.6,100,0.42,5000,1001,9.84,100,90,3.6,100,0.42,5000,1001,9.84,100,90,3.6,100,0.42,5000
1001,9.84,100,90,3.6,100,0.42,5000,20,0,24,3,1001,9.84,100,90,3.6,100,0.42,5000,1001,9.84,100,90,3.6,100,0.42,5000,1001,9.84,100,90,3.6,100,0.42,5000,1001,9.84,100,90,3.6,100,0.42,5000,1001,9.84,100,90,3.6,100,0.42,5000,1001,9.84,100,90,3.6,100,0.42,5000,1001,9.84,100,90,3.6,100,0.42,5000,1001,9.84,100,90,3.6,100,0.42,5000,1001,9.84,100,90,3.6,100,0.42,5000,1001,9.84,100,90,3.6,100,0.42,5000,1001,9.84,100,90,3.6,100,0.42,5000,1001,9.84,100,90,3.6,100,0.42,5000
1001,9.84,100,90,3.6,100,0.42,5000,21,0,24,3,1001,9.84,100,90,3.6,100,0.42,5000,1001,9.84,100,90,3.6,100,0.42,5000,1001,9.84,100,90,3.6,100,0.42,5000,1001,9.84,100,90,3.6,100,0.42,5000,1001,9.84,100,90,3.6,100,0.42,5000,1001,9.84,100,90,3.6,100,0.42,5000,1001,9.84,100,90,3.6,100,0.42,5000,1001,9.84,100,90,3.6,100,0.42,5000,1001,9.84,100,90,3.6,100,0.42,5000,1001,9.84,100,90,3.6,100,0.42,5000,1001,9.84,100,90,3.6,100,0.42,5000,1001,9.84,100,90,3.6,100,0.42,5000
1001,9.84,100,90,3.6,100,0.42,5000,22,0,24,3,1001,9.84,100,90,3.6,100,0.42,5000,1001,9.84,100,90,3.6,100,0.42,5000,1001,9.84,100,90,3.6,100,0.42,5000,1001,9.84,100,90,3.6,100,0.42,5000,1001,9.84,100,90,3.6,100,0.42,5000,1001,9.84,100,90,3.6,100,0.42,5000,1001,9.84,100,90,3.6,100,0.42,5000,1001,9.84,100,90,3.6,100,0.42,5000,1001,9.84,100,90,3.6,100,0.42,5000,1001,9.84,100,90,3.6,100,0.42,5000,1001,9.84,100,90,3.6,100,0.42,5000,1001,9.84,100,90,3.6,100,0.42,5000
1001,9.84,100,90,3.6,100,0.42,5000,23,0,24,3,1001,9.84,100,90,3.6,100,0.42,5000,1001,9.84,100,90,3.6,100,0.42,5000,1001,9.84,100,90,3.6,100,0.42,5000,1001,9.84,100,90,3.6,100,0.42,5000,1001,9.84,100,90,3.6,100,0.42,5000,1001,9.84,100,90,3.6,100,0.42,5000,1001,9.84,100,90,3.6,100,0.42,5000,1001,9.84,100,90,3.6,100,0.42,5000,1001,9.84,100,90,3.6,100,0.42,5000,1001,9.84,100,90,3.6,100,0.42,5000,1001,9.84,100,90,3.6,100,0.42,5000,1001,9.84,100,90,3.6,100,0.42,5000
1001,9.84,100,90,3.6,100,0.42,5000,0,0,25,3,1001,9.84,100,90,3.6,100,0.42,5000,1001,9.84,100,90,3.6,100,0.42,5000,1001,9.84,100,90,3.6,100,0.42,5000,1001,9.84,100,90,3.6,100,0.42,5000,1001,9.84,100,90,3.6,100,0.42,5000,1001,9.84,100,90,3.6,100,0.42,5000,1001,9.84,100,90,3.6,100,0.42,5000,1001,9.84,100,90,3.6,100,0.42,5000,1001,9.84,100,90,3.6,100,0.42,5000,1001,9.84,100,90,3.6,100,0.42,5000,1001,9.84,100,90,3.6,100,0.42,5000,1001,9.84,100,90,3.6,100,0.42,5000
1001,9.84,100,90,3.6,100,0.42,5000,1,0,25,3,1001,9.84,100,90,3.6,100,0.42,5000,1001,9.84,100,90,3.6,100,0.42,5000,1001,9.84,100,90,3.6,100,0.42,5000,1001,9.84,100,90,3.6,100,0.42,5000,1001,9.84,100,90,3.6,100,0.42,5000,1001,9.84,100,90,3.6,100,0.42,5000,1001,9.84,100,90,3.6,100,0.42,5000,1001,9.84,100,90,3.6,100,0.42,5000,1001,9.84,100,90,3.6,100,0.42,5000,1001,9.84,100,90,3.6,100,0.42,5000,1001,9.84,100,90,3.6,100,0.42,5000,1001,9.84,100,90,3.6,100,0.42,5000
1001,9.84,100,90,3.6,100,0.42,5000,2,0,25,3,1001,9.84,100,90,3.6,100,0.42,5000,1001,9.84,100,90,3.6,100,0.42,5000,1001,9.84,100,90,3.6,100,0.42,5000,1001,9.84,100,90,3.6,100,0.42,5000,1001,9.84,100,90,3.6,100,0.42,5000,1001,9.84,100,90,3.6,100,0.42,5000,1001,9.84,100,90,3.6,100,0.42,5000,1001,9.84,100,90,3.6,100,0.42,5000,1001,9.84,100,90,3.6,100,0.42,5000,1001,9.84,100,90,3.6,100,0.42,5000,1001,9.84,100,90,3.6,100,0.42,5000,1001,9.84,100,90,3.6,100,0.42,5000
1001,9.84,100,90,3.6,100,0.42,5000,3,0,25,3,1001,9.84,100,90,3.6,100,0.42,5000,1001,9.84,100,90,3.6,100,0.42,5000,1001,9.84,100,90,3.6,100,0.42,5000,1001,9.84,100,90,3.6,100,0.42,5000,1001,9.84,100,90,3.6,100,0.42,5000,1001,9.84,100,90,3.6,100,0.42,5000,1001,9.84,100,90,3.6,100,0.42,5000,1001,9.84,100,90,3.6,100,0.42,5000,1001,9.84,100,90,3.6,100,0.42,5000,1001,9.84,100,90,3.6,100,0.42,5000,1001,9.84,100,90,3.6,100,0.42,5000,1001,9.84,100,90,3.6,100,0.42,5000
1001,9.84,100,90,3.6,100,0.42,5000,4,0,25,3,1001,9.84,100,90,3.6,100,0.42,5000,1001,9.84,100,90,3.6,100,0.42,5000,1001,9.84,100,90,3.6,100,0.42,5000,1001,9.84,100,90,3.6,100,0.42,5000,1001,9.84,100,90,3.6,100,0.42,5000,1001,9.84,100,90,3.6,100,0.42,5000,1001,9.84,100,90,3.6,100,0.42,5000,1001,9.84,100,90,3.6,100,0.42,5000,1001,9.84,100,90,3.6,100,0.42,5000,1001,9.84,100,90,3.6,100,0.42,5000,1001,9.84,100,90,3.6,100,0.42,5000,1001,9.84,100,90,3.6,100,0.42,5000
1001,9.84,100,90,3.6,100,0.42,5000,5,0,25,3,1001,9.84,100,90,3.6,100,0.42,5000,1001,9.84,100,90,3.6,100,0.42,5000,1001,9.84,100,90,3.6,100,0.42,5000,1001,9.84,100,90,3.6,100,0.42,5000,1001,9.84,100,90,3.6,100,0.42,5000,1001,9.84,100,90,3.6,100,0.42,5000,1001,9.84,100,90,3.6,100,0.42,5000,1001,9.84,100,90,3.6,100,0.42,5000,1001,9.84,100,90,3.6,100,0.42,5000,1001,9.84,100,90,3.6,100,0.42,5000,1001,9.84,100,90,3.6,100,0.42,5000,1001,9.84,100,90,3.6,100,0.42,5000
1001,9.84,100,90,3.6,100,0.42,5000,6,0,25,3,1001,9.84,100,90,3.6,100,0.42,5000,1001,9.84,100,90,3.6,100,0.42,5000,1001,9.84,100,90,3.6,100,0.42,5000,1001,9.84,100,90,3.6,100,0.42,5000,1001,9.84,100,90,3.6,100,0.42,5000,1001,9.84,100,90,3.6,100,0.42,5000,1001,9.84,100,90,3.6,100,0.42,5000,1001,9.84,100,90,3.6,100,0.42,5000,1001,9.84,100,90,3.6,100,0.42,5000,1001,9.84,100,90,3.6,100,0.42,5000,1001,9.84,100,90,3.6,100,0.42,5000,1001,9.84,100,90,3.6,100,0.42,5000
1001,9.84,100,90,3.6,100,0.42,5000,7,0,25,3,1001,9.84,100,90,3.6,100,0.42,5000,1001,9.84,100,90,3.6,100,0.42,5000,1001,9.84,100,90,3.6,100,0.42,5000,1001,9.84,100,90,3.6,100,0.42,5000,1001,9.84,100,90,3.6,100,0.42,5000,1001,9.84,100,90,3.6,100,0.42,5000,1001,9.84,100,90,3.6,100,0.42,5000,1001,9.84,100,90,3.6,100,0.42,5000,1001,9.84,100,90,3.6,100,0.42,5000,1001,9.84,100,90,3.6,100,0.42,5000,1001,9.84,100,90,3.6,100,0.42,5000,1001,9.84,100,90,3.6,100,0.42,5000
1001,9.84,100,90,3.6,100,0.42,5000,8,0,25,3,1001,9.84,100,90,3.6,100,0.42,5000,1001,9.84,100,90,3.6,100,0.42,5000,1001,9.84,100,90,3.6,100,0.42,5000,1001,9.84,100,90,3.6,100,0.42,5000,1001,9.84,100,90,3.6,100,0.42,5000,1001,9.84,100,90,3.6,100,0.42,5000,1001,9.84,100,90,3.6,100,0.42,5000,1001,9.84,100,90,3.6,100,0.42,5000,1001,9.84,100,90,3.6,100,0.42,5000,1001,9.84,100,90,3.6,100,0.42,5000,1001,9.84,100,90,3.6,100,0.42,5000,1001,9.84,100,90,3.6,100,0.42,5000
1001,9.84,100,90,3.6,100,0.42,5000,9,0,25,3,1001,9.84,100,90,3.6,100,0.42,5000,1001,9.84,100,90,3.6,100,0.42,5000,1001,9.84,100,90,3.6,100,0.42,5000,1001,9.84,100,90,3.6,100,0.42,5000,1001,9.84,100,90,3.6,100,0.42,5000,1001,9.84,100,90,3.6,100,0.42,5000,1001,9.84,100,90,3.6,100,0.42,5000,1001,9.84,100,90,3.6,100,0.42,5000,1001,9.84,100,90,3.6,100,0.42,5000,1001,9.84,100,90,3.6,100,0.42,5000,1001,9.84,100,90,3.6,100,0.42,5000,1001,9.84,100,90,3.6,100,0.42,5000
1001,9.84,100,90,3.6,100,0.42,5000,10,0,25,3,1001,9.84,100,90,3.6,100,0.42,5000,1001,9.84,100,90,3.6,100,0.42,5000,1001,9.84,100,90,3.6,100,0.42,5000,1001,9.84,100,90,3.6,100,0.42,5000,1001,9.84,100,90,3.6,100,0.42,5000,1001,9.84,100,90,3.6,100,0.42,5000,1001,9.84,100,90,3.6,100,0.42,5000,1001,9.84,100,90,3.6,100,0.42,5000,1001,9.84,100,90,3.6,100,0.42,5000,1001,9.84,100,90,3.6,100,0.42,5000,1001,9.84,100,90,3.6,100,0.42,5000,1001,9.84,100,90,3.6,100,0.42,5000
1001,9.84,100,90,3.6,100,0.42,5000,11,0,25,3,1001,9.84,100,90,3.6,100,0.42,5000,1001,9.84,100,90,3.6,100,0.42,5000,1001,9.84,100,90,3.6,100,0.42,5000,1001,9.84,100,90,3.6,100,0.42,5000,1001,9.84,100,90,3.6,100,0.42,5000,1001,9.84,100,90,3.6,100,0.42,5000,1001,9.84,100,90,3.6,100,0.42,5000,1001,9.84,100,90,3.6,100,0.42,5000,1001,9.84,100,90,3.6,100,0.42,5000,1001,9.84,100,90,3.6,100,0.42,5000,1001,9.84,100,90,3.6,100,0.42,5000,1001,9.84,100,90,3.6,100,0.42,5000
1001,9.84,100,90,3.6,100,0.42,5000,12,0,25,3,1001,9.84,100,90,3.6,100,0.42,5000,1001,9.84,100,90,3.6,100,0.42,5000,1001,9.84,100,90,3.6,100,0.42,5000,1001,9.84,100,90,3.6,100,0.42,5000,1001,9.84,100,90,3.6,100,0.42,5000,1001,9.84,100,90,3.6,100,0.42,5000,1001,9.84,100,90,3.6,100,0.42,5000,1001,9.84,100,90,3.6,100,0.42,5000,1001,9.84,100,90,3.6,100,0.42,5000,1001,9.84,100,90,3.6,100,0.42,5000,1001,9.84,100,90,3.6,100,0.42,5000,1001,9.84,100,90,3.6,100,0.42,5000
1001,9.84,100,90,3.6,100,0.42,5000,13,0,25,3,1001,9.84,100,90,3.6,100,0.42,5000,1001,9.84,100,90,3.6,100,0.42,5000,1001,9.84,100,90,3.6,100,0.42,5000,1001,9.84,100,90,3.6,100,0.42,5000,1001,9.84,100,90,3.6,100,0.42,5000,1001,9.84,100,90,3.6,100,0.42,5000,1001,9.84,100,90,3.6,100,0.42,5000,1001,9.84,100,90,3.6,100,0.42,5000,1001,9.84,100,90,3.6,100,0.42,5000,1001,9.84,100,90,3.6,100,0.42,5000,1001,9.84,100,90,3.6,100,0.42,5000,1001,9.84,100,90,3.6,100,0.42,5000
1001,9.84,100,90,3.6,100,0.42,5000,14,0,25,3,1001,9.84,100,90,3.6,100,0.42,5000,1001,9.84,100,90,3.6,100,0.42,5000,1001,9.84,100,90,3.6,100,0.42,5000,1001,9.84,100,90,3.6,100,0.42,5000,1001,9.84,100,90,3.6,100,0.42,5000,1001,9.84,100,90,3.6,100,0.42,5000,1001,9.84,100,90,3.6,100,0.42,5000,1001,9.84,100,90,3.6,100,0.42,5000,1001,9.84,100,90,3.6,100,0.42,5000,1001,9.84,100,90,3.6,100,0.42,5000,1001,9.84,100,90,3.6,100,0.42,5000,1001,9.84,100,90,3.6,100,0.42,5000
1001,9.84,100,90,3.6,100,0.42,5000,15,0,25,3,1001,9.84,100,90,3.6,100,0.42,5000,1001,9.84,100,90,3.6,100,0.42,5000,1001,9.84,100,90,3.6,100,0.42,5000,1001,9.84,100,90,3.6,100,0.42,5000,1001,9.84,100,90,3.6,100,0.42,5000,1001,9.84,100,90,3.6,100,0.42,5000,1001,9.84,100,90,3.6,100,0.42,5000,1001,9.84,100,90,3.6,100,0.42,5000,1001,9.84,100,90,3.6,100,0.42,5000,1001,9.84,100,90,3.6,100,0.42,5000,1001,9.84,100,90,3.6,100,0.42,5000,1001,9.84,100,90,3.6,100,0.42,5000
1001,9.84,100,90,3.6,100,0.42,5000,16,0,25,3,1001,9.84,100,90,3.6,100,0.42,5000,1001,9.84,100,90,3.6,100,0.42,5000,1001,9.84,100,90,3.6,100,0.42,5000,1001,9.84,100,90,3.6,100,0.42,5000,1001,9.84,100,90,3.6,100,0.42,5000,1001,9.84,100,90,3.6,100,0.42,5000,1001,9.84,100,90,3.6,100,0.42,5000,1001,9.84,100,90,3.6,100,0.42,5000,1001,9.84,100,90,3.6,100,0.42,5000,1001,9.84,100,90,3.6,100,0.42,5000,1001,9.84,100,90,3.6,100,0.42,5000,1001,9.84,100,90,3.6,100,0.42,5000
1001,9.84,100,90,3.6,100,0.42,5000,17,0,25,3,1001,9.84,100,90,3.6,100,0.42,5000,1001,9.84,100,90,3.6,100,0.42,5000,1001,9.84,100,90,3.6,100,0.42,5000,1001,9.84,100,90,3.6,100,0.42,5000,1001,9.84,100,90,3.6,100,0.42,5000,1001,9.84,100,90,3.6,100,0.42,5000,1001,9.84,100,90,3.6,100,0.42,5000,1001,9.84,100,90,3.6,100,0.42,5000,1001,9.84,100,90,3.6,100,0.42,5000,1001,9.84,100,90,3.6,100,0.42,5000,1001,9.84,100,90,3.6,100,0.42,5000,1001,9.84,100,90,3.6,100,0.42,5000
1001,9.84,100,90,3.6,100,0.42,5000,18,0,25,3,1001,9.84,100,90,3.6,100,0.42,5000,1001,9.84,100,90,3.6,100,0.42,5000,1001,9.84,100,90,3.6,100,0.42,5000,1001,9.84,100,90,3.6,100,0.42,5000,1001,9.84,100,90,3.6,100,0.42,5000,1001,9.84,100,90,3.6,100,0.42,5000,1001,9.84,100,90,3.6,100,0.42,5000,1001,9.84,100,90,3.6,100,0.42,5000,1001,9.84,100,90,3.6,100,0.42,5000,1001,9.84,100,90,3.6,100,0.42,5000,1001,9.84,100,90,3.6,100,0.42,5000,1001,9.84,100,90,3.6,100,0.42,5000
1001,9.84,100,90,3.6,100,0.42,5000,19,0,25,3,1001,9.84,100,90,3.6,100,0.42,5000,1001,9.84,100,90,3.6,100,0.42,5000,1001,9.84,100,90,3.6,100,0.42,5000,1001,9.84,100,90,3.6,100,0.42,5000,1001,9.84,100,90,3.6,100,0.42,5000,1001,9.84,100,90,3.6,100,0.42,5000,1001,9.84,100,90,3.6,100,0.42,5000,1001,9.84,100,90,3.6,100,0.42,5000,1001,9.84,100,90,3.6,100,0.42,5000,1001,9.84,100,90,3.6,100,0.42,5000,1001,9.84,100,90,3.6,100,0.42,5000,1001,9.84,100,90,3.6,100,0.42,5000
1001,9.84,100,90,3.6,100,0.42,5000,20,0,25,3,1001,9.84,100,90,3.6,100,0.42,5000,1001,9.84,100,90,3.6,100,0.42,5000,1001,9.84,100,90,3.6,100,0.42,5000,1001,9.84,100,90,3.6,100,0.42,5000,1001,9.84,100,90,3.6,100,0.42,5000,1001,9.84,100,90,3.6,100,0.42,5000,1001,9.84,100,90,3.6,100,0.42,5000,1001,9.84,100,90,3.6,100,0.42,5000,1001,9.84,100,90,3.6,100,0.42,5000,1001,9.84,100,90,3.6,100,0.42,5000,1001,9.84,100,90,3.6,100,0.42,5000,1001,9.84,100,90,3.6,100,0.42,5000
1001,9.84,100,90,3.6,100,0.42,5000,21,0,25,3,1001,9.84,100,90,3.6,100,0.42,5000,1001,9.84,100,90,3.6,100,0.42,5000,1001,9.84,100,90,3.6,100,0.42,5000,1001,9.84,100,90,3.6,100,0.42,5000,1001,9.84,100,90,3.6,100,0.42,5000,1001,9.84,100,90,3.6,100,0.42,5000,1001,9.84,100,90,3.6,100,0.42,5000,1001,9.84,100,90,3.6,100,0.42,5000,1001,9.84,100,90,3.6,100,0.42,5000,1001,9.84,100,90,3.6,100,0.42,5000,1001,9.84,100,90,3.6,100,0.42,5000,1001,9.84,100,90,3.6,100,0.42,5000
1001,9.84,100,90,3.6,100,0.42,5000,22,0,25,3,1001,9.84,100,90,3.6,100,0.42,5000,1001,9.84,100,90,3.6,100,0.42,5000,1001,9.84,100,90,3.6,100,0.42,5000,1001,9.84,100,90,3.6,100,0.42,5000,1001,9.84,100,90,3.6,100,0.42,5000,1001,9.84,100,90,3.6,100,0.42,5000,1001,9.84,100,90,3.6,100,0.42,5000,1001,9.84,100,90,3.6,100,0.42,5000,1001,9.84,100,90,3.6,100,0.42,5000,1001,9.84,100,90,3.6,100,0.42,5000,1001,9.84,100,90,3.6,100,0.42,5000,1001,9.84,100,90,3.6,100,0.42,5000
1001,9.84,100,90,3.6,100,0.42,5000,23,0,25,3,1001,9.84,100,90,3.6,100,0.42,5000,1001,9.84,100,90,3.6,100,0.42,5000,1001,9.84,100,90,3.6,100,0.42,5000,1001,9.84,100,90,3.6,100,0.42,5000,1001,9.84,100,90,3.6,100,0.42,5000,1001,9.84,100,90,3.6,100,0.42,5000,1001,9.84,100,90,3.6,100,0.42,5000,1001,9.84,100,90,3.6,100,0.42,5000,1001,9.84,100,90,3.6,100,0.42,5000,1001,9.84,100,90,3.6,100,0.42,5000,1001,9.84,100,90,3.6,100,0.42,5000,1001,9.84,100,90,3.6,100,0.42,5000
1001,9.84,100,90,3.6,100,0.42,5000,0,0,26,3,1001,9.84,100,90,3.6,100,0.42,5000,1001,9.84,100,90,3.6,100,0.42,5000,1001,9.84,100,90,3.6,100,0.42,5000,1001,9.84,100,90,3.6,100,0.42,5000,1001,9.84,100,90,3.6,100,0.42,5000,1001,9.84,100,90,3.6,100,0.42,5000,1001,9.84,100,90,3.6,100,0.42,5000,1001,9.84,100,90,3.6,100,0.42,5000,1001,9.84,100,90,3.6,100,0.42,5000,1001,9.84,100,90,3.6,100,0.42,5000,1001,9.84,100,90,3.6,100,0.42,5000,1001,9.84,100,90,3.6,100,0.42,5000
1001,9.84,100,90,3.6,100,0.42,5000,1,0,26,3,1001,9.84,100,90,3.6,100,0.42,5000,1001,9.84,100,90,3.6,100,0.42,5000,1001,9.84,100,90,3.6,100,0.42,5000,1001,9.84,100,90,3.6,100,0.42,5000,1001,9.84,100,90,3.6,100,0.42,5000,1001,9.84,100,90,3.6,100,0.42,5000,1001,9.84,100,90,3.6,100,0.42,5000,1001,9.84,100,90,3.6,100,0.42,5000,1001,9.84,100,90,3.6,100,0.42,5000,1001,9.84,100,90,3.6,100,0.42,5000,1001,9.84,100,90,3.6,100,0.42,5000,1001,9.84,100,90,3.6,100,0.42,5000
1001,9.84,100,90,3.6,100,0.42,5000,2,0,26,3,1001,9.84,100,90,3.6,100,0.42,5000,1001,9.84,100,90,3.6,100,0.42,5000,1001,9.84,100,90,3.6,100,0.42,5000,1001,9.84,100,90,3.6,100,0.42,5000,1001,9.84,100,90,3.6,100,0.42,5000,1001,9.84,100,90,3.6,100,0.42,5000,1001,9.84,100,90,3.6,100,0.42,5000,1001,9.84,100,90,3.6,100,0.42,5000,1001,9.84,100,90,3.6,100,0.42,5000,1001,9.84,100,90,3.6,100,0.42,5000,1001,9.84,100,90,3.6,100,0.42,5000,1001,9.84,100,90,3.6,100,0.42,5000
1001,9.84,100,90,3.6,100,0.42,5000,3,0,26,3,1001,9.84,100,90,3.6,100,0.42,5000,1001,9.84,100,90,3.6,100,0.42,5000,1001,9.84,100,90,3.6,100,0.42,5000,1001,9.84,100,90,3.6,100,0.42,5000,1001,9.84,100,90,3.6,100,0.42,5000,1001,9.84,100,90,3.6,100,0.42,5000,1001,9.84,100,90,3.6,100,0.42,5000,1001,9.84,100,90,3.6,100,0.42,5000,1001,9.84,100,90,3.6,100,0.42,5000,1001,9.84,100,90,3.6,100,0.42,5000,1001,9.84,100,90,3.6,100,0.42,5000,1001,9.84,100,90,3.6,100,0.42,5000
1001,9.84,100,90,3.6,100,0.42,5000,4,0,26,3,1001,9.84,100,90,3.6,100,0.42,5000,1001,9.84,100,90,3.6,100,0.42,5000,1001,9.84,100,90,3.6,100,0.42,5000,1001,9.84,100,90,3.6,100,0.42,5000,1001,9.84,100,90,3.6,100,0.42,5000,1001,9.84,100,90,3.6,100,0.42,5000,1001,9.84,100,90,3.6,100,0.42,5000,1001,9.84,100,90,3.6,100,0.42,5000,1001,9.84,100,90,3.6,100,0.42,5000,1001,9.84,100,90,3.6,100,0.42,5000,1001,9.84,100,90,3.6,100,0.42,5000,1001,9.84,100,90,3.6,100,0.42,5000
1001,9.84,100,90,3.6,100,0.42,5000,5,0,26,3,1001,9.84,100,90,3.6,100,0.42,5000,1001,9.84,100,90,3.6,100,0.42,5000,1001,9.84,100,90,3.6,100,0.42,5000,1001,9.84,100,90,3.6,100,0.42,5000,1001,9.84,100,90,3.6,100,0.42,5000,1001,9.84,100,90,3.6,100,0.42,5000,1001,9.84,100,90,3.6,100,0.42,5000,1001,9.84,100,90,3.6,100,0.42,5000,1001,9.84,100,90,3.6,100,0.42,5000,1001,9.84,100,90,3.6,100,0.42,5000,1001,9.84,100,90,3.6,100,0.42,5000,1001,9.84,100,90,3.6,100,0.42,5000
1001,9.84,100,90,3.6,100,0.42,5000,6,0,26,3,1001,9.84,100,90,3.6,100,0.42,5000,1001,9.84,100,90,3.6,100,0.42,5000,1001,9.84,100,90,3.6,100,0.42,5000,1001,9.84,100,90,3.6,100,0.42,5000,1001,9.84,100,90,3.6,100,0.42,5000,1001,9.84,100,90,3.6,100,0.42,5000,1001,9.84,100,90,3.6,100,0.42,5000,1001,9.84,100,90,3.6,100,0.42,5000,1001,9.84,100,90,3.6,100,0.42,5000,1001,9.84,100,90,3.6,100,0.42,5000,1001,9.84,100,90,3.6,100,0.42,5000,1001,9.84,100,90,3.6,100,0.42,5000
1001,9.84,100,90,3.6,100,0.42,5000,7,0,26,3,1001,9.84,100,90,3.6,100,0.42,5000,1001,9.84,100,90,3.6,100,0.42,5000,1001,9.84,100,90,3.6,100,0.42,5000,1001,9.84,100,90,3.6,100,0.42,5000,1001,9.84,100,90,3.6,100,0.42,5000,1001,9.84,100,90,3.6,100,0.42,5000,1001,9.84,100,90,3.6,100,0.42,5000,1001,9.84,100,90,3.6,100,0.42,5000,1001,9.84,100,90,3.6,100,0.42,5000,1001,9.84,100,90,3.6,100,0.42,5000,1001,9.84,100,90,3.6,100,0.42,5000,1001,9.84,100,90,3.6,100,0.42,5000
1001,9.84,100,90,3.6,100,0.42,5000,8,0,26,3,1001,9.84,100,90,3.6,100,0.42,5000,1001,9.84,100,90,3.6,100,0.42,5000,1001,9.84,100,90,3.6,100,0.42,5000,1001,9.84,100,90,3.6,100,0.42,5000,1001,9.84,100,90,3.6,100,0.42,5000,1001,9.84,100,90,3.6,100,0.42,5000,1001,9.84,100,90,3.6,100,0.42,5000,1001,9.84,100,90,3.6,100,0.42,5000,1001,9.84,100,90,3.6,100,0.42,5000,1001,9.84,100,90,3.6,100,0.42,5000,1001,9.84,100,90,3.6,100,0.42,5000,1001,9.84,100,90,3.6,100,0.42,5000
1001,9.84,100,90,3.6,100,0.42,5000,9,0,26,3,1001,9.84,100,90,3.6,100,0.42,5000,1001,9.84,100,90,3.6,100,0.42,5000,1001,9.84,100,90,3.6,100,0.42,5000,1001,9.84,100,90,3.6,100,0.42,5000,1001,9.84,100,90,3.6,100,0.42,5000,1001,9.84,100,90,3.6,100,0.42,5000,1001,9.84,100,90,3.6,100,0.42,5000,1001,9.84,100,90,3.6,100,0.42,5000,1001,9.84,100,90,3.6,100,0.42,5000,1001,9.84,100,90,3.6,100,0.42,5000,1001,9.84,100,90,3.6,100,0.42,5000,1001,9.84,100,90,3.6,100,0.42,5000
1001,9.84,100,90,3.6,100,0.42,5000,10,0,26,3,1001,9.84,100,90,3.6,100,0.42,5000,1001,9.84,100,90,3.6,100,0.42,5000,1001,9.84,100,90,3.6,100,0.42,5000,1001,9.84,100,90,3.6,100,0.42,5000,1001,9.84,100,90,3.6,100,0.42,5000,1001,9.84,100,90,3.6,100,0.42,5000,1001,9.84,100,90,3.6,100,0.42,5000,1001,9.84,100,90,3.6,100,0.42,5000,1001,9.84,100,90,3.6,100,0.42,5000,1001,9.84,100,90,3.6,100,0.42,5000,1001,9.84,100,90,3.6,100,0.42,5000,1001,9.84,100,90,3.6,100,0.42,5000
1001,9.84,100,90,3.6,100,0.42,5000,11,0,26,3,1001,9.84,100,90,3.6,100,0.42,5000,1001,9.84,100,90,3.6,100,0.42,5000,1001,9.84,100,90,3.6,100,0.42,5000,1001,9.84,100,90,3.6,100,0.42,5000,1001,9.84,100,90,3.6,100,0.42,5000,1001,9.84,100,90,3.6,100,0.42,5000,1001,9.84,100,90,3.6,100,0.42,5000,1001,9.84,100,90,3.6,100,0.42,5000,1001,9.84,100,90,3.6,100,0.42,5000,1001,9.84,100,90,3.6,100,0.42,5000,1001,9.84,100,90,3.6,100,0.42,5000,1001,9.84,100,90,3.6,100,0.42,5000
1001,9.84,100,90,3.6,100,0.42,5000,12,0,26,3,1001,9.84,100,90,3.6,100,0.42,5000,1001,9.84,100,90,3.6,100,0.42,5000,1001,9.84,100,90,3.6,100,0.42,5000,1001,9.84,100,90,3.6,100,0.42,5000,1001,9.84,100,90,3.6,100,0.42,5000,1001,9.84,100,90,3.6,100,0.42,5000,1001,9.84,100,90,3.6,100,0.42,5000,1001,9.84,100,90,3.6,100,0.42,5000,1001,9.84,100,90,3.6,100,0.42,5000,1001,9.84,100,90,3.6,100,0.42,5000,1001,9.84,100,90,3.6,100,0.42,5000,1001,9.84,100,90,3.6,100,0.42,5000
1001,9.84,100,90,3.6,100,0.42,5000,13,0,26,3,1001,9.84,100,90,3.6,100,0.42,5000,1001,9.84,100,90,3.6,100,0.42,5000,1001,9.84,100,90,3.6,100,0.42,5000,1001,9.84,100,90,3.6,100,0.42,5000,1001,9.84,100,90,3.6,100,0.42,5000,1001,9.84,100,90,3.6,100,0.42,5000,1001,9.84,100,90,3.6,100,0.42,5000,1001,9.84,100,90,3.6,100,0.42,5000,1001,9.84,100,90,3.6,100,0.42,5000,1001,9.84,100,90,3.6,100,0.42,5000,1001,9.84,100,90,3.6,100,0.42,5000,1001,9.84,100,90,3.6,100,0.42,5000
1001,9.84,100,90,3.6,100,0.42,5000,14,0,26,3,1001,9.84,100,90,3.6,100,0.42,5000,1001,9.84,100,90,3.6,100,0.42,5000,1001,9.84,100,90,3.6,100,0.42,5000,1001,9.84,100,90,3.6,100,0.42,5000,1001,9.84,100,90,3.6,100,0.42,5000,1001,9.84,100,90,3.6,100,0.42,5000,1001,9.84,100,90,3.6,100,0.42,5000,1001,9.84,100,90,3.6,100,0.42,5000,1001,9.84,100,90,3.6,100,0.42,5000,1001,9.84,100,90,3.6,100,0.42,5000,1001,9.84,100,90,3.6,100,0.42,5000,1001,9.84,100,90,3.6,100,0.42,5000
1001,9.84,100,90,3.6,100,0.42,5000,15,0,26,3,1001,9.84,100,90,3.6,100,0.42,5000,1001,9.84,100,90,3.6,100,0.42,5000,1001,9.84,100,90,3.6,100,0.42,5000,1001,9.84,100,90,3.6,100,0.42,5000,1001,9.84,100,90,3.6,100,0.42,5000,1001,9.84,100,90,3.6,100,0.42,5000,1001,9.84,100,90,3.6,100,0.42,5000,1001,9.84,100,90,3.6,100,0.42,5000,1001,9.84,100,90,3.6,100,0.42,5000,1001,9.84,100,90,3.6,100,0.42,5000,1001,9.84,100,90,3.6,100,0.42,5000,1001,9.84,100,90,3.6,100,0.42,5000
1001,9.84,100,90,3.6,100,0.42,5000,16,0,26,3,1001,9.84,100,90,3.6,100,0.42,5000,1001,9.84,100,90,3.6,100,0.42,5000,1001,9.84,100,90,3.6,100,0.42,5000,1001,9.84,100,90,3.6,100,0.42,5000,1001,9.84,100,90,3.6,100,0.42,5000,1001,9.84,100,90,3.6,100,0.42,5000,1001,9.84,100,90,3.6,100,0.42,5000,1001,9.84,100,90,3.6,100,0.42,5000,1001,9.84,100,90,3.6,100,0.42,5000,1001,9.84,100,90,3.6,100,0.42,5000,1001,9.84,100,90,3.6,100,0.42,5000,1001,9.84,100,90,3.6,100,0.42,5000
1001,9.84,100,90,3.6,100,0.42,5000,17,0,26,3,1001,9.84,100,90,3.6,100,0.42,5000,1001,9.84,100,90,3.6,100,0.42,5000,1001,9.84,100,90,3.6,100,0.42,5000,1001,9.84,100,90,3.6,100,0.42,5000,1001,9.84,100,90,3.6,100,0.42,5000,1001,9.84,100,90,3.6,100,0.42,5000,1001,9.84,100,90,3.6,100,0.42,5000,1001,9.84,100,90,3.6,100,0.42,5000,1001,9.84,100,90,3.6,100,0.42,5000,1001,9.84,100,90,3.6,100,0.42,5000,1001,9.84,100,90,3.6,100,0.42,5000,1001,9.84,100,90,3.6,100,0.42,5000
1001,9.84,100,90,3.6,100,0.42,5000,18,0,26,3,1001,9.84,100,90,3.6,100,0.42,5000,1001,9.84,100,90,3.6,100,0.42,5000,1001,9.84,100,90,3.6,100,0.42,5000,1001,9.84,100,90,3.6,100,0.42,5000,1001,9.84,100,90,3.6,100,0.42,5000,1001,9.84,100,90,3.6,100,0.42,5000,1001,9.84,100,90,3.6,100,0.42,5000,1001,9.84,100,90,3.6,100,0.42,5000,1001,9.84,100,90,3.6,100,0.42,5000,1001,9.84,100,90,3.6,100,0.42,5000,1001,9.84,100,90,3.6,100,0.42,5000,1001,9.84,100,90,3.6,100,0.42,5000
1001,9.84,100,90,3.6,100,0.42,5000,19,0,26,3,1001,9.84,100,90,3.6,100,0.42,5000,1001,9.84,100,90,3.6,100,0.42,5000,1001,9.84,100,90,3.6,100,0.42,5000,1001,9.84,100,90,3.6,100,0.42,5000,1001,9.84,100,90,3.6,100,0.42,5000,1001,9.84,100,90,3.6,100,0.42,5000,1001,9.84,100,90,3.6,100,0.42,5000,1001,9.84,100,90,3.6,100,0.42,5000,1001,9.84,100,90,3.6,100,0.42,5000,1001,9.84,100,90,3.6,100,0.42,5000,1001,9.84,100,90,3.6,100,0.42,5000,1001,9.84,100,90,3.6,100,0.42,5000
1001,9.84,100,90,3.6,100,0.42,5000,20,0,26,3,1001,9.84,100,90,3.6,100,0.42,5000,1001,9.84,100,90,3.6,100,0.42,5000,1001,9.84,100,90,3.6,100,0.42,5000,1001,9.84,100,90,3.6,100,0.42,5000,1001,9.84,100,90,3.6,100,0.42,5000,1001,9.84,100,90,3.6,100,0.42,5000,1001,9.84,100,90,3.6,100,0.42,5000,1001,9.84,100,90,3.6,100,0.42,5000,1001,9.84,100,90,3.6,100,0.42,5000,1001,9.84,100,90,3.6,100,0.42,5000,1001,9.84,100,90,3.6,100,0.42,5000,1001,9.84,100,90,3.6,100,0.42,5000
1001,9.84,100,90,3.6,100,0.42,5000,21,0,26,3,1001,9.84,100,90,3.6,100,0.42,5000,1001,9.84,100,90,3.6,100,0.42,5000,1001,9.84,100,90,3.6,100,0.42,5000,1001,9.84,100,90,3.6,100,0.42,5000,1001,9.84,100,90,3.6,100,0.42,5000,1001,9.84,100,90,3.6,100,0.42,5000,1001,9.84,100,90,3.6,100,0.42,5000,1001,9.84,100,90,3.6,100,0.42,5000,1001,9.84,100,90,3.6,100,0.42,5000,1001,9.84,100,90,3.6,100,0.42,5000,1001,9.84,100,90,3.6,100,0.42,5000,1001,9.84,100,90,3.6,100,0.42,5000
1001,9.84,100,90,3.6,100,0.42,5000,22,0,26,3,1001,9.84,100,90,3.6,100,0.42,5000,1001,9.84,100,90,3.6,100,0.42,5000,1001,9.84,100,90,3.6,100,0.42,5000,1001,9.84,100,90,3.6,100,0.42,5000,1001,9.84,100,90,3.6,100,0.42,5000,1001,9.84,100,90,3.6,100,0.42,5000,1001,9.84,100,90,3.6,100,0.42,5000,1001,9.84,100,90,3.6,100,0.42,5000,1001,9.84,100,90,3.6,100,0.42,5000,1001,9.84,100,90,3.6,100,0.42,5000,1001,9.84,100,90,3.6,100,0.42,5000,1001,9.84,100,90,3.6,100,0.42,5000
1001,9.84,100,90,3.6,100,0.42,5000,23,0,26,3,1001,9.84,100,90,3.6,100,0.42,5000,1001,9.84,100,90,3.6,100,0.42,5000,1001,9.84,100,90,3.6,100,0.42,5000,1001,9.84,100,90,3.6,100,0.42,5000,1001,9.84,100,90,3.6,100,0.42,5000,1001,9.84,100,90,3.6,100,0.42,5000,1001,9.84,100,90,3.6,100,0.42,5000,1001,9.84,100,90,3.6,100,0.42,5000,1001,9.84,100,90,3.6,100,0.42,5000,1001,9.84,100,90,3.6,100,0.42,5000,1001,9.84,100,90,3.6,100,0.42,5000,1001,9.84,100,90,3.6,100,0.42,5000
