1018,10.84,62,60,1.54,100,0,10000,0,0,11,4,1011,6.52,77,180,2.05,98,0,10000,1011,6.52,77,180,2.05,98,0,10000,1011,6.52,77,180,2.05,98,0,10000,1011,6.52,77,180,2.05,98,0,10000,1011,6.52,77,180,2.05,98,0,10000,1011,6.52,77,180,2.05,98,0,10000,1011,6.52,77,180,2.05,98,0,10000,1011,6.52,77,180,2.05,98,0,10000,1011,6.52,77,180,2.05,98,0,10000,1011,6.52,77,180,2.05,98,0,10000,1011,6.52,77,180,2.05,98,0,10000,1011,6.52,77,180,2.05,98,0,10000
1018,10.84,62,60,1.54,100,0,10000,3,0,11,4,1010,6.8,81,195,3.12,99,0,10000,1010,6.8,81,195,3.12,99,0,10000,1010,6.8,81,195,3.12,99,0,10000,1010,6.8,81,195,3.12,99,0,10000,1010,6.8,81,195,3.12,99,0,10000,1010,6.8,81,195,3.12,99,0,10000,1010,6.8,81,195,3.12,99,0,10000,1010,6.8,81,195,3.12,99,0,10000,1010,6.8,81,195,3.12,99,0,10000,1010,6.8,81,195,3.12,99,0,10000,1010,6.8,81,195,3.12,99,0,10000,1010,6.8,81,195,3.12,99,0,10000
1018,10.84,62,60,1.54,100,0,10000,6,0,11,4,1009,9.25,76,212,6.25,100,0,10000,1009,9.25,76,212,6.25,100,0,10000,1009,9.25,76,212,6.25,100,0,10000,1009,9.25,76,212,6.25,100,0,10000,1009,9.25,76,212,6.25,100,0,10000,1009,9.25,76,212,6.25,100,0,10000,1009,9.25,76,212,6.25,100,0,10000,1009,9.25,76,212,6.25,100,0,10000,1009,9.25,76,212,6.25,100,0,10000,1009,9.25,76,212,6.25,100,0,10000,1009,9.25,76,212,6.25,100,0,10000,1009,9.25,76,212,6.25,100,0,10000
1018,10.84,62,60,1.54,100,0,10000,9,0,11,4,1018,10.55,63,305,2.8,100,0,10000,1018,10.55,63,305,2.8,100,0,10000,1018,10.55,63,305,2.8,100,0,10000,1018,10.55,63,305,2.8,100,0,10000,1018,10.55,63,305,2.8,100,0,10000,1018,10.55,63,305,2.8,100,0,10000,1018,10.55,63,305,2.8,100,0,10000,1018,10.55,63,305,2.8,100,0,10000,1018,10.55,63,305,2.8,100,0,10000,1018,10.55,63,305,2.8,100,0,10000,1018,10.55,63,305,2.8,100,0,10000,1018,10.55,63,305,2.8,100,0,10000
1018,10.84,62,60,1.54,100,0,10000,12,0,11,4,1017,10.47,64,323,3.19,88,0,10000,1017,10.47,64,323,3.19,88,0,10000,1017,10.47,64,323,3.19,88,0,10000,1017,10.47,64,323,3.19,88,0,10000,1017,10.47,64,323,3.19,88,0,10000,1017,10.47,64,323,3.19,88,0,10000,1017,10.47,64,323,3.19,88,0,10000,1017,10.47,64,323,3.19,88,0,10000,1017,10.47,64,323,3.19,88,0,10000,1017,10.47,64,323,3.19,88,0,10000,1017,10.47,64,323,3.19,88,0,10000,1017,10.47,64,323,3.19,88,0,10000
1018,10.84,62,60,1.54,100,0,10000,15,0,11,4,1015,8.86,75,21,3.04,61,0,10000,1015,8.86,75,21,3.04,61,0,10000,1015,8.86,75,21,3.04,61,0,10000,1015,8.86,75,21,3.04,61,0,10000,1015,8.86,75,21,3.04,61,0,10000,1015,8.86,75,21,3.04,61,0,10000,1015,8.86,75,21,3.04,61,0,10000,1015,8.86,75,21,3.04,61,0,10000,1015,8.86,75,21,3.04,61,0,10000,1015,8.86,75,21,3.04,61,0,10000,1015,8.86,75,21,3.04,61,0,10000,1015,8.86,75,21,3.04,61,0,10000
1018,10.84,62,60,1.54,100,0,10000,18,0,11,4,1015,6.65,78,14,0.82,67,0,10000,1015,6.65,78,14,0.82,67,0,10000,1015,6.65,78,14,0.82,67,0,10000,1015,6.65,78,14,0.82,67,0,10000,1015,6.65,78,14,0.82,67,0,10000,1015,6.65,78,14,0.82,67,0,10000,1015,6.65,78,14,0.82,67,0,10000,1015,6.65,78,14,0.82,67,0,10000,1015,6.65,78,14,0.82,67,0,10000,1015,6.65,78,14,0.82,67,0,10000,1015,6.65,78,14,0.82,67,0,10000,1015,6.65,78,14,0.82,67,0,10000
1018,10.84,62,60,1.54,100,0,10000,21,0,11,4,1014,6.33,79,158,1.22,64,0,10000,1014,6.33,79,158,1.22,64,0,10000,1014,6.33,79,158,1.22,64,0,10000,1014,6.33,79,158,1.22,64,0,10000,1014,6.33,79,158,1.22,64,0,10000,1014,6.33,79,158,1.22,64,0,10000,1014,6.33,79,158,1.22,64,0,10000,1014,6.33,79,158,1.22,64,0,10000,1014,6.33,79,158,1.22,64,0,10000,1014,6.33,79,158,1.22,64,0,10000,1014,6.33,79,158,1.22,64,0,10000,1014,6.33,79,158,1.22,64,0,10000
1018,10.84,62,60,1.54,100,0,10000,0,0,12,4,1011,6.52,77,180,2.05,98,0,10000,1011,6.52,77,180,2.05,98,0,10000,1011,6.52,77,180,2.05,98,0,10000,1011,6.52,77,180,2.05,98,0,10000,1011,6.52,77,180,2.05,98,0,10000,1011,6.52,77,180,2.05,98,0,10000,1011,6.52,77,180,2.05,98,0,10000,1011,6.52,77,180,2.05,98,0,10000,1011,6.52,77,180,2.05,98,0,10000,1011,6.52,77,180,2.05,98,0,10000,1011,6.52,77,180,2.05,98,0,10000,1011,6.52,77,180,2.05,98,0,10000
1018,10.84,62,60,1.54,100,0,10000,3,0,12,4,1010,6.8,81,195,3.12,99,0,10000,1010,6.8,81,195,3.12,99,0,10000,1010,6.8,81,195,3.12,99,0,10000,1010,6.8,81,195,3.12,99,0,10000,1010,6.8,81,195,3.12,99,0,10000,1010,6.8,81,195,3.12,99,0,10000,1010,6.8,81,195,3.12,99,0,10000,1010,6.8,81,195,3.12,99,0,10000,1010,6.8,81,195,3.12,99,0,10000,1010,6.8,81,195,3.12,99,0,10000,1010,6.8,81,195,3.12,99,0,10000,1010,6.8,81,195,3.12,99,0,10000
1018,10.84,62,60,1.54,100,0,10000,6,0,12,4,1009,9.25,76,212,6.25,100,0,10000,1009,9.25,76,212,6.25,100,0,10000,1009,9.25,76,212,6.25,100,0,10000,1009,9.25,76,212,6.25,100,0,10000,1009,9.25,76,212,6.25,100,0,10000,1009,9.25,76,212,6.25,100,0,10000,1009,9.25,76,212,6.25,100,0,10000,1009,9.25,76,212,6.25,100,0,10000,1009,9.25,76,212,6.25,100,0,10000,1009,9.25,76,212,6.25,100,0,10000,1009,9.25,76,212,6.25,100,0,10000,1009,9.25,76,212,6.25,100,0,10000
1018,10.84,62,60,1.54,100,0,10000,9,0,12,4,1018,10.55,63,305,2.8,100,0,10000,1018,10.55,63,305,2.8,100,0,10000,1018,10.55,63,305,2.8,100,0,10000,1018,10.55,63,305,2.8,100,0,10000,1018,10.55,63,305,2.8,100,0,10000,1018,10.55,63,305,2.8,100,0,10000,1018,10.55,63,305,2.8,100,0,10000,1018,10.55,63,305,2.8,100,0,10000,1018,10.55,63,305,2.8,100,0,10000,1018,10.55,63,305,2.8,100,0,10000,1018,10.55,63,305,2.8,100,0,10000,1018,10.55,63,305,2.8,100,0,10000
1018,10.84,62,60,1.54,100,0,10000,12,0,12,4,1017,10.47,64,323,3.19,88,0,10000,1017,10.47,64,323,3.19,88,0,10000,1017,10.47,64,323,3.19,88,0,10000,1017,10.47,64,323,3.19,88,0,10000,1017,10.47,64,323,3.19,88,0,10000,1017,10.47,64,323,3.19,88,0,10000,1017,10.47,64,323,3.19,88,0,10000,1017,10.47,64,323,3.19,88,0,10000,1017,10.47,64,323,3.19,88,0,10000,1017,10.47,64,323,3.19,88,0,10000,1017,10.47,64,323,3.19,88,0,10000,1017,10.47,64,323,3.19,88,0,10000
1018,10.84,62,60,1.54,100,0,10000,15,0,12,4,1015,8.86,75,21,3.04,61,0,10000,1015,8.86,75,21,3.04,61,0,10000,1015,8.86,75,21,3.04,61,0,10000,1015,8.86,75,21,3.04,61,0,10000,1015,8.86,75,21,3.04,61,0,10000,1015,8.86,75,21,3.04,61,0,10000,1015,8.86,75,21,3.04,61,0,10000,1015,8.86,75,21,3.04,61,0,10000,1015,8.86,75,21,3.04,61,0,10000,1015,8.86,75,21,3.04,61,0,10000,1015,8.86,75,21,3.04,61,0,10000,1015,8.86,75,21,3.04,61,0,10000
1018,10.84,62,60,1.54,100,0,10000,18,0,12,4,1015,6.65,78,14,0.82,67,0,10000,1015,6.65,78,14,0.82,67,0,10000,1015,6.65,78,14,0.82,67,0,10000,1015,6.65,78,14,0.82,67,0,10000,1015,6.65,78,14,0.82,67,0,10000,1015,6.65,78,14,0.82,67,0,10000,1015,6.65,78,14,0.82,67,0,10000,1015,6.65,78,14,0.82,67,0,10000,1015,6.65,78,14,0.82,67,0,10000,1015,6.65,78,14,0.82,67,0,10000,1015,6.65,78,14,0.82,67,0,10000,1015,6.65,78,14,0.82,67,0,10000
1018,10.84,62,60,1.54,100,0,10000,21,0,12,4,1014,6.33,79,158,1.22,64,0,10000,1014,6.33,79,158,1.22,64,0,10000,1014,6.33,79,158,1.22,64,0,10000,1014,6.33,79,158,1.22,64,0,10000,1014,6.33,79,158,1.22,64,0,10000,1014,6.33,79,158,1.22,64,0,10000,1014,6.33,79,158,1.22,64,0,10000,1014,6.33,79,158,1.22,64,0,10000,1014,6.33,79,158,1.22,64,0,10000,1014,6.33,79,158,1.22,64,0,10000,1014,6.33,79,158,1.22,64,0,10000,1014,6.33,79,158,1.22,64,0,10000
1018,10.84,62,60,1.54,100,0,10000,0,0,13,4,1011,6.52,77,180,2.05,98,0,10000,1011,6.52,77,180,2.05,98,0,10000,1011,6.52,77,180,2.05,98,0,10000,1011,6.52,77,180,2.05,98,0,10000,1011,6.52,77,180,2.05,98,0,10000,1011,6.52,77,180,2.05,98,0,10000,1011,6.52,77,180,2.05,98,0,10000,1011,6.52,77,180,2.05,98,0,10000,1011,6.52,77,180,2.05,98,0,10000,1011,6.52,77,180,2.05,98,0,10000,1011,6.52,77,180,2.05,98,0,10000,1011,6.52,77,180,2.05,98,0,10000
1018,10.84,62,60,1.54,100,0,10000,3,0,13,4,1010,6.8,81,195,3.12,99,0,10000,1010,6.8,81,195,3.12,99,0,10000,1010,6.8,81,195,3.12,99,0,10000,1010,6.8,81,195,3.12,99,0,10000,1010,6.8,81,195,3.12,99,0,10000,1010,6.8,81,195,3.12,99,0,10000,1010,6.8,81,195,3.12,99,0,10000,1010,6.8,81,195,3.12,99,0,10000,1010,6.8,81,195,3.12,99,0,10000,1010,6.8,81,195,3.12,99,0,10000,1010,6.8,81,195,3.12,99,0,10000,1010,6.8,81,195,3.12,99,0,10000
1018,10.84,62,60,1.54,100,0,10000,6,0,13,4,1009,9.25,76,212,6.25,100,0,10000,1009,9.25,76,212,6.25,100,0,10000,1009,9.25,76,212,6.25,100,0,10000,1009,9.25,76,212,6.25,100,0,10000,1009,9.25,76,212,6.25,100,0,10000,1009,9.25,76,212,6.25,100,0,10000,1009,9.25,76,212,6.25,100,0,10000,1009,9.25,76,212,6.25,100,0,10000,1009,9.25,76,212,6.25,100,0,10000,1009,9.25,76,212,6.25,100,0,10000,1009,9.25,76,212,6.25,100,0,10000,1009,9.25,76,212,6.25,100,0,10000
1018,10.84,62,60,1.54,100,0,10000,9,0,13,4,1018,10.55,63,305,2.8,100,0,10000,1018,10.55,63,305,2.8,100,0,10000,1018,10.55,63,305,2.8,100,0,10000,1018,10.55,63,305,2.8,100,0,10000,1018,10.55,63,305,2.8,100,0,10000,1018,10.55,63,305,2.8,100,0,10000,1018,10.55,63,305,2.8,100,0,10000,1018,10.55,63,305,2.8,100,0,10000,1018,10.55,63,305,2.8,100,0,10000,1018,10.55,63,305,2.8,100,0,10000,1018,10.55,63,305,2.8,100,0,10000,1018,10.55,63,305,2.8,100,0,10000
1018,10.84,62,60,1.54,100,0,10000,12,0,13,4,1017,10.47,64,323,3.19,88,0,10000,1017,10.47,64,323,3.19,88,0,10000,1017,10.47,64,323,3.19,88,0,10000,1017,10.47,64,323,3.19,88,0,10000,1017,10.47,64,323,3.19,88,0,10000,1017,10.47,64,323,3.19,88,0,10000,1017,10.47,64,323,3.19,88,0,10000,1017,10.47,64,323,3.19,88,0,10000,1017,10.47,64,323,3.19,88,0,10000,1017,10.47,64,323,3.19,88,0,10000,1017,10.47,64,323,3.19,88,0,10000,1017,10.47,64,323,3.19,88,0,10000
1018,10.84,62,60,1.54,100,0,10000,15,0,13,4,1015,8.86,75,21,3.04,61,0,10000,1015,8.86,75,21,3.04,61,0,10000,1015,8.86,75,21,3.04,61,0,10000,1015,8.86,75,21,3.04,61,0,10000,1015,8.86,75,21,3.04,61,0,10000,1015,8.86,75,21,3.04,61,0,10000,1015,8.86,75,21,3.04,61,0,10000,1015,8.86,75,21,3.04,61,0,10000,1015,8.86,75,21,3.04,61,0,10000,1015,8.86,75,21,3.04,61,0,10000,1015,8.86,75,21,3.04,61,0,10000,1015,8.86,75,21,3.04,61,0,10000
1018,10.84,62,60,1.54,100,0,10000,18,0,13,4,1015,6.65,78,14,0.82,67,0,10000,1015,6.65,78,14,0.82,67,0,10000,1015,6.65,78,14,0.82,67,0,10000,1015,6.65,78,14,0.82,67,0,10000,1015,6.65,78,14,0.82,67,0,10000,1015,6.65,78,14,0.82,67,0,10000,1015,6.65,78,14,0.82,67,0,10000,1015,6.65,78,14,0.82,67,0,10000,1015,6.65,78,14,0.82,67,0,10000,1015,6.65,78,14,0.82,67,0,10000,1015,6.65,78,14,0.82,67,0,10000,1015,6.65,78,14,0.82,67,0,10000
1018,10.84,62,60,1.54,100,0,10000,21,0,13,4,1014,6.33,79,158,1.22,64,0,10000,1014,6.33,79,158,1.22,64,0,10000,1014,6.33,79,158,1.22,64,0,10000,1014,6.33,79,158,1.22,64,0,10000,1014,6.33,79,158,1.22,64,0,10000,1014,6.33,79,158,1.22,64,0,10000,1014,6.33,79,158,1.22,64,0,10000,1014,6.33,79,158,1.22,64,0,10000,1014,6.33,79,158,1.22,64,0,10000,1014,6.33,79,158,1.22,64,0,10000,1014,6.33,79,158,1.22,64,0,10000,1014,6.33,79,158,1.22,64,0,10000
1018,10.84,62,60,1.54,100,0,10000,0,0,14,4,1011,6.52,77,180,2.05,98,0,10000,1011,6.52,77,180,2.05,98,0,10000,1011,6.52,77,180,2.05,98,0,10000,1011,6.52,77,180,2.05,98,0,10000,1011,6.52,77,180,2.05,98,0,10000,1011,6.52,77,180,2.05,98,0,10000,1011,6.52,77,180,2.05,98,0,10000,1011,6.52,77,180,2.05,98,0,10000,1011,6.52,77,180,2.05,98,0,10000,1011,6.52,77,180,2.05,98,0,10000,1011,6.52,77,180,2.05,98,0,10000,1011,6.52,77,180,2.05,98,0,10000
1018,10.84,62,60,1.54,100,0,10000,3,0,14,4,1010,6.8,81,195,3.12,99,0,10000,1010,6.8,81,195,3.12,99,0,10000,1010,6.8,81,195,3.12,99,0,10000,1010,6.8,81,195,3.12,99,0,10000,1010,6.8,81,195,3.12,99,0,10000,1010,6.8,81,195,3.12,99,0,10000,1010,6.8,81,195,3.12,99,0,10000,1010,6.8,81,195,3.12,99,0,10000,1010,6.8,81,195,3.12,99,0,10000,1010,6.8,81,195,3.12,99,0,10000,1010,6.8,81,195,3.12,99,0,10000,1010,6.8,81,195,3.12,99,0,10000
1018,10.84,62,60,1.54,100,0,10000,6,0,14,4,1009,9.25,76,212,6.25,100,0,10000,1009,9.25,76,212,6.25,100,0,10000,1009,9.25,76,212,6.25,100,0,10000,1009,9.25,76,212,6.25,100,0,10000,1009,9.25,76,212,6.25,100,0,10000,1009,9.25,76,212,6.25,100,0,10000,1009,9.25,76,212,6.25,100,0,10000,1009,9.25,76,212,6.25,100,0,10000,1009,9.25,76,212,6.25,100,0,10000,1009,9.25,76,212,6.25,100,0,10000,1009,9.25,76,212,6.25,100,0,10000,1009,9.25,76,212,6.25,100,0,10000
1018,10.84,62,60,1.54,100,0,10000,9,0,14,4,1018,10.55,63,305,2.8,100,0,10000,1018,10.55,63,305,2.8,100,0,10000,1018,10.55,63,305,2.8,100,0,10000,1018,10.55,63,305,2.8,100,0,10000,1018,10.55,63,305,2.8,100,0,10000,1018,10.55,63,305,2.8,100,0,10000,1018,10.55,63,305,2.8,100,0,10000,1018,10.55,63,305,2.8,100,0,10000,1018,10.55,63,305,2.8,100,0,10000,1018,10.55,63,305,2.8,100,0,10000,1018,10.55,63,305,2.8,100,0,10000,1018,10.55,63,305,2.8,100,0,10000
1018,10.84,62,60,1.54,100,0,10000,12,0,14,4,1017,10.47,64,323,3.19,88,0,10000,1017,10.47,64,323,3.19,88,0,10000,1017,10.47,64,323,3.19,88,0,10000,1017,10.47,64,323,3.19,88,0,10000,1017,10.47,64,323,3.19,88,0,10000,1017,10.47,64,323,3.19,88,0,10000,1017,10.47,64,323,3.19,88,0,10000,1017,10.47,64,323,3.19,88,0,10000,1017,10.47,64,323,3.19,88,0,10000,1017,10.47,64,323,3.19,88,0,10000,1017,10.47,64,323,3.19,88,0,10000,1017,10.47,64,323,3.19,88,0,10000
1018,10.84,62,60,1.54,100,0,10000,15,0,14,4,1015,8.86,75,21,3.04,61,0,10000,1015,8.86,75,21,3.04,61,0,10000,1015,8.86,75,21,3.04,61,0,10000,1015,8.86,75,21,3.04,61,0,10000,1015,8.86,75,21,3.04,61,0,10000,1015,8.86,75,21,3.04,61,0,10000,1015,8.86,75,21,3.04,61,0,10000,1015,8.86,75,21,3.04,61,0,10000,1015,8.86,75,21,3.04,61,0,10000,1015,8.86,75,21,3.04,61,0,10000,1015,8.86,75,21,3.04,61,0,10000,1015,8.86,75,21,3.04,61,0,10000
1018,10.84,62,60,1.54,100,0,10000,18,0,14,4,1015,6.65,78,14,0.82,67,0,10000,1015,6.65,78,14,0.82,67,0,10000,1015,6.65,78,14,0.82,67,0,10000,1015,6.65,78,14,0.82,67,0,10000,1015,6.65,78,14,0.82,67,0,10000,1015,6.65,78,14,0.82,67,0,10000,1015,6.65,78,14,0.82,67,0,10000,1015,6.65,78,14,0.82,67,0,10000,1015,6.65,78,14,0.82,67,0,10000,1015,6.65,78,14,0.82,67,0,10000,1015,6.65,78,14,0.82,67,0,10000,1015,6.65,78,14,0.82,67,0,10000
1018,10.84,62,60,1.54,100,0,10000,21,0,14,4,1014,6.33,79,158,1.22,64,0,10000,1014,6.33,79,158,1.22,64,0,10000,1014,6.33,79,158,1.22,64,0,10000,1014,6.33,79,158,1.22,64,0,10000,1014,6.33,79,158,1.22,64,0,10000,1014,6.33,79,158,1.22,64,0,10000,1014,6.33,79,158,1.22,64,0,10000,1014,6.33,79,158,1.22,64,0,10000,1014,6.33,79,158,1.22,64,0,10000,1014,6.33,79,158,1.22,64,0,10000,1014,6.33,79,158,1.22,64,0,10000,1014,6.33,79,158,1.22,64,0,10000
1018,10.84,62,60,1.54,100,0,10000,0,0,15,4,1011,6.52,77,180,2.05,98,0,10000,1011,6.52,77,180,2.05,98,0,10000,1011,6.52,77,180,2.05,98,0,10000,1011,6.52,77,180,2.05,98,0,10000,1011,6.52,77,180,2.05,98,0,10000,1011,6.52,77,180,2.05,98,0,10000,1011,6.52,77,180,2.05,98,0,10000,1011,6.52,77,180,2.05,98,0,10000,1011,6.52,77,180,2.05,98,0,10000,1011,6.52,77,180,2.05,98,0,10000,1011,6.52,77,180,2.05,98,0,10000,1011,6.52,77,180,2.05,98,0,10000
1018,10.84,62,60,1.54,100,0,10000,3,0,15,4,1010,6.8,81,195,3.12,99,0,10000,1010,6.8,81,195,3.12,99,0,10000,1010,6.8,81,195,3.12,99,0,10000,1010,6.8,81,195,3.12,99,0,10000,1010,6.8,81,195,3.12,99,0,10000,1010,6.8,81,195,3.12,99,0,10000,1010,6.8,81,195,3.12,99,0,10000,1010,6.8,81,195,3.12,99,0,10000,1010,6.8,81,195,3.12,99,0,10000,1010,6.8,81,195,3.12,99,0,10000,1010,6.8,81,195,3.12,99,0,10000,1010,6.8,81,195,3.12,99,0,10000
1018,10.84,62,60,1.54,100,0,10000,6,0,15,4,1009,9.25,76,212,6.25,100,0,10000,1009,9.25,76,212,6.25,100,0,10000,1009,9.25,76,212,6.25,100,0,10000,1009,9.25,76,212,6.25,100,0,10000,1009,9.25,76,212,6.25,100,0,10000,1009,9.25,76,212,6.25,100,0,10000,1009,9.25,76,212,6.25,100,0,10000,1009,9.25,76,212,6.25,100,0,10000,1009,9.25,76,212,6.25,100,0,10000,1009,9.25,76,212,6.25,100,0,10000,1009,9.25,76,212,6.25,100,0,10000,1009,9.25,76,212,6.25,100,0,10000
1018,10.84,62,60,1.54,100,0,10000,9,0,15,4,1018,10.55,63,305,2.8,100,0,10000,1018,10.55,63,305,2.8,100,0,10000,1018,10.55,63,305,2.8,100,0,10000,1018,10.55,63,305,2.8,100,0,10000,1018,10.55,63,305,2.8,100,0,10000,1018,10.55,63,305,2.8,100,0,10000,1018,10.55,63,305,2.8,100,0,10000,1018,10.55,63,305,2.8,100,0,10000,1018,10.55,63,305,2.8,100,0,10000,1018,10.55,63,305,2.8,100,0,10000,1018,10.55,63,305,2.8,100,0,10000,1018,10.55,63,305,2.8,100,0,10000
1018,10.84,62,60,1.54,100,0,10000,12,0,15,4,1017,10.47,64,323,3.19,88,0,10000,1017,10.47,64,323,3.19,88,0,10000,1017,10.47,64,323,3.19,88,0,10000,1017,10.47,64,323,3.19,88,0,10000,1017,10.47,64,323,3.19,88,0,10000,1017,10.47,64,323,3.19,88,0,10000,1017,10.47,64,323,3.19,88,0,10000,1017,10.47,64,323,3.19,88,0,10000,1017,10.47,64,323,3.19,88,0,10000,1017,10.47,64,323,3.19,88,0,10000,1017,10.47,64,323,3.19,88,0,10000,1017,10.47,64,323,3.19,88,0,10000
1018,10.84,62,60,1.54,100,0,10000,15,0,15,4,1015,8.86,75,21,3.04,61,0,10000,1015,8.86,75,21,3.04,61,0,10000,1015,8.86,75,21,3.04,61,0,10000,1015,8.86,75,21,3.04,61,0,10000,1015,8.86,75,21,3.04,61,0,10000,1015,8.86,75,21,3.04,61,0,10000,1015,8.86,75,21,3.04,61,0,10000,1015,8.86,75,21,3.04,61,0,10000,1015,8.86,75,21,3.04,61,0,10000,1015,8.86,75,21,3.04,61,0,10000,1015,8.86,75,21,3.04,61,0,10000,1015,8.86,75,21,3.04,61,0,10000
1018,10.84,62,60,1.54,100,0,10000,18,0,15,4,1015,6.65,78,14,0.82,67,0,10000,1015,6.65,78,14,0.82,67,0,10000,1015,6.65,78,14,0.82,67,0,10000,1015,6.65,78,14,0.82,67,0,10000,1015,6.65,78,14,0.82,67,0,10000,1015,6.65,78,14,0.82,67,0,10000,1015,6.65,78,14,0.82,67,0,10000,1015,6.65,78,14,0.82,67,0,10000,1015,6.65,78,14,0.82,67,0,10000,1015,6.65,78,14,0.82,67,0,10000,1015,6.65,78,14,0.82,67,0,10000,1015,6.65,78,14,0.82,67,0,10000
1018,10.84,62,60,1.54,100,0,10000,21,0,15,4,1014,6.33,79,158,1.22,64,0,10000,1014,6.33,79,158,1.22,64,0,10000,1014,6.33,79,158,1.22,64,0,10000,1014,6.33,79,158,1.22,64,0,10000,1014,6.33,79,158,1.22,64,0,10000,1014,6.33,79,158,1.22,64,0,10000,1014,6.33,79,158,1.22,64,0,10000,1014,6.33,79,158,1.22,64,0,10000,1014,6.33,79,158,1.22,64,0,10000,1014,6.33,79,158,1.22,64,0,10000,1014,6.33,79,158,1.22,64,0,10000,1014,6.33,79,158,1.22,64,0,10000
1018,10.84,62,60,1.54,100,0,10000,0,0,16,4,1011,6.52,77,180,2.05,98,0,10000,1011,6.52,77,180,2.05,98,0,10000,1011,6.52,77,180,2.05,98,0,10000,1011,6.52,77,180,2.05,98,0,10000,1011,6.52,77,180,2.05,98,0,10000,1011,6.52,77,180,2.05,98,0,10000,1011,6.52,77,180,2.05,98,0,10000,1011,6.52,77,180,2.05,98,0,10000,1011,6.52,77,180,2.05,98,0,10000,1011,6.52,77,180,2.05,98,0,10000,1011,6.52,77,180,2.05,98,0,10000,1011,6.52,77,180,2.05,98,0,10000
1018,10.84,62,60,1.54,100,0,10000,3,0,16,4,1010,6.8,81,195,3.12,99,0,10000,1010,6.8,81,195,3.12,99,0,10000,1010,6.8,81,195,3.12,99,0,10000,1010,6.8,81,195,3.12,99,0,10000,1010,6.8,81,195,3.12,99,0,10000,1010,6.8,81,195,3.12,99,0,10000,1010,6.8,81,195,3.12,99,0,10000,1010,6.8,81,195,3.12,99,0,10000,1010,6.8,81,195,3.12,99,0,10000,1010,6.8,81,195,3.12,99,0,10000,1010,6.8,81,195,3.12,99,0,10000,1010,6.8,81,195,3.12,99,0,10000
1018,10.84,62,60,1.54,100,0,10000,6,0,16,4,1009,9.25,76,212,6.25,100,0,10000,1009,9.25,76,212,6.25,100,0,10000,1009,9.25,76,212,6.25,100,0,10000,1009,9.25,76,212,6.25,100,0,10000,1009,9.25,76,212,6.25,100,0,10000,1009,9.25,76,212,6.25,100,0,10000,1009,9.25,76,212,6.25,100,0,10000,1009,9.25,76,212,6.25,100,0,10000,1009,9.25,76,212,6.25,100,0,10000,1009,9.25,76,212,6.25,100,0,10000,1009,9.25,76,212,6.25,100,0,10000,1009,9.25,76,212,6.25,100,0,10000
1018,10.84,62,60,1.54,100,0,10000,9,0,16,4,1018,10.55,63,305,2.8,100,0,10000,1018,10.55,63,305,2.8,100,0,10000,1018,10.55,63,305,2.8,100,0,10000,1018,10.55,63,305,2.8,100,0,10000,1018,10.55,63,305,2.8,100,0,10000,1018,10.55,63,305,2.8,100,0,10000,1018,10.55,63,305,2.8,100,0,10000,1018,10.55,63,305,2.8,100,0,10000,1018,10.55,63,305,2.8,100,0,10000,1018,10.55,63,305,2.8,100,0,10000,1018,10.55,63,305,2.8,100,0,10000,1018,10.55,63,305,2.8,100,0,10000
1018,10.84,62,60,1.54,100,0,10000,12,0,16,4,1017,10.47,64,323,3.19,88,0,10000,1017,10.47,64,323,3.19,88,0,10000,1017,10.47,64,323,3.19,88,0,10000,1017,10.47,64,323,3.19,88,0,10000,1017,10.47,64,323,3.19,88,0,10000,1017,10.47,64,323,3.19,88,0,10000,1017,10.47,64,323,3.19,88,0,10000,1017,10.47,64,323,3.19,88,0,10000,1017,10.47,64,323,3.19,88,0,10000,1017,10.47,64,323,3.19,88,0,10000,1017,10.47,64,323,3.19,88,0,10000,1017,10.47,64,323,3.19,88,0,10000
1018,10.84,62,60,1.54,100,0,10000,15,0,16,4,1015,8.86,75,21,3.04,61,0,10000,1015,8.86,75,21,3.04,61,0,10000,1015,8.86,75,21,3.04,61,0,10000,1015,8.86,75,21,3.04,61,0,10000,1015,8.86,75,21,3.04,61,0,10000,1015,8.86,75,21,3.04,61,0,10000,1015,8.86,75,21,3.04,61,0,10000,1015,8.86,75,21,3.04,61,0,10000,1015,8.86,75,21,3.04,61,0,10000,1015,8.86,75,21,3.04,61,0,10000,1015,8.86,75,21,3.04,61,0,10000,1015,8.86,75,21,3.04,61,0,10000
1018,10.84,62,60,1.54,100,0,10000,18,0,16,4,1015,6.65,78,14,0.82,67,0,10000,1015,6.65,78,14,0.82,67,0,10000,1015,6.65,78,14,0.82,67,0,10000,1015,6.65,78,14,0.82,67,0,10000,1015,6.65,78,14,0.82,67,0,10000,1015,6.65,78,14,0.82,67,0,10000,1015,6.65,78,14,0.82,67,0,10000,1015,6.65,78,14,0.82,67,0,10000,1015,6.65,78,14,0.82,67,0,10000,1015,6.65,78,14,0.82,67,0,10000,1015,6.65,78,14,0.82,67,0,10000,1015,6.65,78,14,0.82,67,0,10000
1018,10.84,62,60,1.54,100,0,10000,21,0,16,4,1014,6.33,79,158,1.22,64,0,10000,1014,6.33,79,158,1.22,64,0,10000,1014,6.33,79,158,1.22,64,0,10000,1014,6.33,79,158,1.22,64,0,10000,1014,6.33,79,158,1.22,64,0,10000,1014,6.33,79,158,1.22,64,0,10000,1014,6.33,79,158,1.22,64,0,10000,1014,6.33,79,158,1.22,64,0,10000,1014,6.33,79,158,1.22,64,0,10000,1014,6.33,79,158,1.22,64,0,10000,1014,6.33,79,158,1.22,64,0,10000,1014,6.33,79,158,1.22,64,0,10000
1018,10.84,62,60,1.54,100,0,10000,0,0,17,4,1011,6.52,77,180,2.05,98,0,10000,1011,6.52,77,180,2.05,98,0,10000,1011,6.52,77,180,2.05,98,0,10000,1011,6.52,77,180,2.05,98,0,10000,1011,6.52,77,180,2.05,98,0,10000,1011,6.52,77,180,2.05,98,0,10000,1011,6.52,77,180,2.05,98,0,10000,1011,6.52,77,180,2.05,98,0,10000,1011,6.52,77,180,2.05,98,0,10000,1011,6.52,77,180,2.05,98,0,10000,1011,6.52,77,180,2.05,98,0,10000,1011,6.52,77,180,2.05,98,0,10000
1018,10.84,62,60,1.54,100,0,10000,3,0,17,4,1010,6.8,81,195,3.12,99,0,10000,1010,6.8,81,195,3.12,99,0,10000,1010,6.8,81,195,3.12,99,0,10000,1010,6.8,81,195,3.12,99,0,10000,1010,6.8,81,195,3.12,99,0,10000,1010,6.8,81,195,3.12,99,0,10000,1010,6.8,81,195,3.12,99,0,10000,1010,6.8,81,195,3.12,99,0,10000,1010,6.8,81,195,3.12,99,0,10000,1010,6.8,81,195,3.12,99,0,10000,1010,6.8,81,195,3.12,99,0,10000,1010,6.8,81,195,3.12,99,0,10000
1018,10.84,62,60,1.54,100,0,10000,6,0,17,4,1009,9.25,76,212,6.25,100,0,10000,1009,9.25,76,212,6.25,100,0,10000,1009,9.25,76,212,6.25,100,0,10000,1009,9.25,76,212,6.25,100,0,10000,1009,9.25,76,212,6.25,100,0,10000,1009,9.25,76,212,6.25,100,0,10000,1009,9.25,76,212,6.25,100,0,10000,1009,9.25,76,212,6.25,100,0,10000,1009,9.25,76,212,6.25,100,0,10000,1009,9.25,76,212,6.25,100,0,10000,1009,9.25,76,212,6.25,100,0,10000,1009,9.25,76,212,6.25,100,0,10000
1018,10.84,62,60,1.54,100,0,10000,9,0,17,4,1018,10.55,63,305,2.8,100,0,10000,1018,10.55,63,305,2.8,100,0,10000,1018,10.55,63,305,2.8,100,0,10000,1018,10.55,63,305,2.8,100,0,10000,1018,10.55,63,305,2.8,100,0,10000,1018,10.55,63,305,2.8,100,0,10000,1018,10.55,63,305,2.8,100,0,10000,1018,10.55,63,305,2.8,100,0,10000,1018,10.55,63,305,2.8,100,0,10000,1018,10.55,63,305,2.8,100,0,10000,1018,10.55,63,305,2.8,100,0,10000,1018,10.55,63,305,2.8,100,0,10000
1018,10.84,62,60,1.54,100,0,10000,12,0,17,4,1017,10.47,64,323,3.19,88,0,10000,1017,10.47,64,323,3.19,88,0,10000,1017,10.47,64,323,3.19,88,0,10000,1017,10.47,64,323,3.19,88,0,10000,1017,10.47,64,323,3.19,88,0,10000,1017,10.47,64,323,3.19,88,0,10000,1017,10.47,64,323,3.19,88,0,10000,1017,10.47,64,323,3.19,88,0,10000,1017,10.47,64,323,3.19,88,0,10000,1017,10.47,64,323,3.19,88,0,10000,1017,10.47,64,323,3.19,88,0,10000,1017,10.47,64,323,3.19,88,0,10000
1018,10.84,62,60,1.54,100,0,10000,15,0,17,4,1015,8.86,75,21,3.04,61,0,10000,1015,8.86,75,21,3.04,61,0,10000,1015,8.86,75,21,3.04,61,0,10000,1015,8.86,75,21,3.04,61,0,10000,1015,8.86,75,21,3.04,61,0,10000,1015,8.86,75,21,3.04,61,0,10000,1015,8.86,75,21,3.04,61,0,10000,1015,8.86,75,21,3.04,61,0,10000,1015,8.86,75,21,3.04,61,0,10000,1015,8.86,75,21,3.04,61,0,10000,1015,8.86,75,21,3.04,61,0,10000,1015,8.86,75,21,3.04,61,0,10000
1018,10.84,62,60,1.54,100,0,10000,18,0,17,4,1015,6.65,78,14,0.82,67,0,10000,1015,6.65,78,14,0.82,67,0,10000,1015,6.65,78,14,0.82,67,0,10000,1015,6.65,78,14,0.82,67,0,10000,1015,6.65,78,14,0.82,67,0,10000,1015,6.65,78,14,0.82,67,0,10000,1015,6.65,78,14,0.82,67,0,10000,1015,6.65,78,14,0.82,67,0,10000,1015,6.65,78,14,0.82,67,0,10000,1015,6.65,78,14,0.82,67,0,10000,1015,6.65,78,14,0.82,67,0,10000,1015,6.65,78,14,0.82,67,0,10000
1018,10.84,62,60,1.54,100,0,10000,21,0,17,4,1014,6.33,79,158,1.22,64,0,10000,1014,6.33,79,158,1.22,64,0,10000,1014,6.33,79,158,1.22,64,0,10000,1014,6.33,79,158,1.22,64,0,10000,1014,6.33,79,158,1.22,64,0,10000,1014,6.33,79,158,1.22,64,0,10000,1014,6.33,79,158,1.22,64,0,10000,1014,6.33,79,158,1.22,64,0,10000,1014,6.33,79,158,1.22,64,0,10000,1014,6.33,79,158,1.22,64,0,10000,1014,6.33,79,158,1.22,64,0,10000,1014,6.33,79,158,1.22,64,0,10000
1018,10.84,62,60,1.54,100,0,10000,0,0,18,4,1011,6.52,77,180,2.05,98,0,10000,1011,6.52,77,180,2.05,98,0,10000,1011,6.52,77,180,2.05,98,0,10000,1011,6.52,77,180,2.05,98,0,10000,1011,6.52,77,180,2.05,98,0,10000,1011,6.52,77,180,2.05,98,0,10000,1011,6.52,77,180,2.05,98,0,10000,1011,6.52,77,180,2.05,98,0,10000,1011,6.52,77,180,2.05,98,0,10000,1011,6.52,77,180,2.05,98,0,10000,1011,6.52,77,180,2.05,98,0,10000,1011,6.52,77,180,2.05,98,0,10000
1018,10.84,62,60,1.54,100,0,10000,3,0,18,4,1010,6.8,81,195,3.12,99,0,10000,1010,6.8,81,195,3.12,99,0,10000,1010,6.8,81,195,3.12,99,0,10000,1010,6.8,81,195,3.12,99,0,10000,1010,6.8,81,195,3.12,99,0,10000,1010,6.8,81,195,3.12,99,0,10000,1010,6.8,81,195,3.12,99,0,10000,1010,6.8,81,195,3.12,99,0,10000,1010,6.8,81,195,3.12,99,0,10000,1010,6.8,81,195,3.12,99,0,10000,1010,6.8,81,195,3.12,99,0,10000,1010,6.8,81,195,3.12,99,0,10000
1018,10.84,62,60,1.54,100,0,10000,6,0,18,4,1009,9.25,76,212,6.25,100,0,10000,1009,9.25,76,212,6.25,100,0,10000,1009,9.25,76,212,6.25,100,0,10000,1009,9.25,76,212,6.25,100,0,10000,1009,9.25,76,212,6.25,100,0,10000,1009,9.25,76,212,6.25,100,0,10000,1009,9.25,76,212,6.25,100,0,10000,1009,9.25,76,212,6.25,100,0,10000,1009,9.25,76,212,6.25,100,0,10000,1009,9.25,76,212,6.25,100,0,10000,1009,9.25,76,212,6.25,100,0,10000,1009,9.25,76,212,6.25,100,0,10000
1018,10.84,62,60,1.54,100,0,10000,9,0,18,4,1018,10.55,63,305,2.8,100,0,10000,1018,10.55,63,305,2.8,100,0,10000,1018,10.55,63,305,2.8,100,0,10000,1018,10.55,63,305,2.8,100,0,10000,1018,10.55,63,305,2.8,100,0,10000,1018,10.55,63,305,2.8,100,0,10000,1018,10.55,63,305,2.8,100,0,10000,1018,10.55,63,305,2.8,100,0,10000,1018,10.55,63,305,2.8,100,0,10000,1018,10.55,63,305,2.8,100,0,10000,1018,10.55,63,305,2.8,100,0,10000,1018,10.55,63,305,2.8,100,0,10000
1018,10.84,62,60,1.54,100,0,10000,12,0,18,4,1017,10.47,64,323,3.19,88,0,10000,1017,10.47,64,323,3.19,88,0,10000,1017,10.47,64,323,3.19,88,0,10000,1017,10.47,64,323,3.19,88,0,10000,1017,10.47,64,323,3.19,88,0,10000,1017,10.47,64,323,3.19,88,0,10000,1017,10.47,64,323,3.19,88,0,10000,1017,10.47,64,323,3.19,88,0,10000,1017,10.47,64,323,3.19,88,0,10000,1017,10.47,64,323,3.19,88,0,10000,1017,10.47,64,323,3.19,88,0,10000,1017,10.47,64,323,3.19,88,0,10000
1018,10.84,62,60,1.54,100,0,10000,15,0,18,4,1015,8.86,75,21,3.04,61,0,10000,1015,8.86,75,21,3.04,61,0,10000,1015,8.86,75,21,3.04,61,0,10000,1015,8.86,75,21,3.04,61,0,10000,1015,8.86,75,21,3.04,61,0,10000,1015,8.86,75,21,3.04,61,0,10000,1015,8.86,75,21,3.04,61,0,10000,1015,8.86,75,21,3.04,61,0,10000,1015,8.86,75,21,3.04,61,0,10000,1015,8.86,75,21,3.04,61,0,10000,1015,8.86,75,21,3.04,61,0,10000,1015,8.86,75,21,3.04,61,0,10000
1018,10.84,62,60,1.54,100,0,10000,18,0,18,4,1015,6.65,78,14,0.82,67,0,10000,1015,6.65,78,14,0.82,67,0,10000,1015,6.65,78,14,0.82,67,0,10000,1015,6.65,78,14,0.82,67,0,10000,1015,6.65,78,14,0.82,67,0,10000,1015,6.65,78,14,0.82,67,0,10000,1015,6.65,78,14,0.82,67,0,10000,1015,6.65,78,14,0.82,67,0,10000,1015,6.65,78,14,0.82,67,0,10000,1015,6.65,78,14,0.82,67,0,10000,1015,6.65,78,14,0.82,67,0,10000,1015,6.65,78,14,0.82,67,0,10000
1018,10.84,62,60,1.54,100,0,10000,21,0,18,4,1014,6.33,79,158,1.22,64,0,10000,1014,6.33,79,158,1.22,64,0,10000,1014,6.33,79,158,1.22,64,0,10000,1014,6.33,79,158,1.22,64,0,10000,1014,6.33,79,158,1.22,64,0,10000,1014,6.33,79,158,1.22,64,0,10000,1014,6.33,79,158,1.22,64,0,10000,1014,6.33,79,158,1.22,64,0,10000,1014,6.33,79,158,1.22,64,0,10000,1014,6.33,79,158,1.22,64,0,10000,1014,6.33,79,158,1.22,64,0,10000,1014,6.33,79,158,1.22,64,0,10000
1018,10.84,62,60,1.54,100,0,10000,0,0,19,4,1011,6.52,77,180,2.05,98,0,10000,1011,6.52,77,180,2.05,98,0,10000,1011,6.52,77,180,2.05,98,0,10000,1011,6.52,77,180,2.05,98,0,10000,1011,6.52,77,180,2.05,98,0,10000,1011,6.52,77,180,2.05,98,0,10000,1011,6.52,77,180,2.05,98,0,10000,1011,6.52,77,180,2.05,98,0,10000,1011,6.52,77,180,2.05,98,0,10000,1011,6.52,77,180,2.05,98,0,10000,1011,6.52,77,180,2.05,98,0,10000,1011,6.52,77,180,2.05,98,0,10000
1018,10.84,62,60,1.54,100,0,10000,3,0,19,4,1010,6.8,81,195,3.12,99,0,10000,1010,6.8,81,195,3.12,99,0,10000,1010,6.8,81,195,3.12,99,0,10000,1010,6.8,81,195,3.12,99,0,10000,1010,6.8,81,195,3.12,99,0,10000,1010,6.8,81,195,3.12,99,0,10000,1010,6.8,81,195,3.12,99,0,10000,1010,6.8,81,195,3.12,99,0,10000,1010,6.8,81,195,3.12,99,0,10000,1010,6.8,81,195,3.12,99,0,10000,1010,6.8,81,195,3.12,99,0,10000,1010,6.8,81,195,3.12,99,0,10000
1018,10.84,62,60,1.54,100,0,10000,6,0,19,4,1009,9.25,76,212,6.25,100,0,10000,1009,9.25,76,212,6.25,100,0,10000,1009,9.25,76,212,6.25,100,0,10000,1009,9.25,76,212,6.25,100,0,10000,1009,9.25,76,212,6.25,100,0,10000,1009,9.25,76,212,6.25,100,0,10000,1009,9.25,76,212,6.25,100,0,10000,1009,9.25,76,212,6.25,100,0,10000,1009,9.25,76,212,6.25,100,0,10000,1009,9.25,76,212,6.25,100,0,10000,1009,9.25,76,212,6.25,100,0,10000,1009,9.25,76,212,6.25,100,0,10000
1018,10.84,62,60,1.54,100,0,10000,9,0,19,4,1018,10.55,63,305,2.8,100,0,10000,1018,10.55,63,305,2.8,100,0,10000,1018,10.55,63,305,2.8,100,0,10000,1018,10.55,63,305,2.8,100,0,10000,1018,10.55,63,305,2.8,100,0,10000,1018,10.55,63,305,2.8,100,0,10000,1018,10.55,63,305,2.8,100,0,10000,1018,10.55,63,305,2.8,100,0,10000,1018,10.55,63,305,2.8,100,0,10000,1018,10.55,63,305,2.8,100,0,10000,1018,10.55,63,305,2.8,100,0,10000,1018,10.55,63,305,2.8,100,0,10000
1018,10.84,62,60,1.54,100,0,10000,12,0,19,4,1017,10.47,64,323,3.19,88,0,10000,1017,10.47,64,323,3.19,88,0,10000,1017,10.47,64,323,3.19,88,0,10000,1017,10.47,64,323,3.19,88,0,10000,1017,10.47,64,323,3.19,88,0,10000,1017,10.47,64,323,3.19,88,0,10000,1017,10.47,64,323,3.19,88,0,10000,1017,10.47,64,323,3.19,88,0,10000,1017,10.47,64,323,3.19,88,0,10000,1017,10.47,64,323,3.19,88,0,10000,1017,10.47,64,323,3.19,88,0,10000,1017,10.47,64,323,3.19,88,0,10000
1018,10.84,62,60,1.54,100,0,10000,15,0,19,4,1015,8.86,75,21,3.04,61,0,10000,1015,8.86,75,21,3.04,61,0,10000,1015,8.86,75,21,3.04,61,0,10000,1015,8.86,75,21,3.04,61,0,10000,1015,8.86,75,21,3.04,61,0,10000,1015,8.86,75,21,3.04,61,0,10000,1015,8.86,75,21,3.04,61,0,10000,1015,8.86,75,21,3.04,61,0,10000,1015,8.86,75,21,3.04,61,0,10000,1015,8.86,75,21,3.04,61,0,10000,1015,8.86,75,21,3.04,61,0,10000,1015,8.86,75,21,3.04,61,0,10000
1018,10.84,62,60,1.54,100,0,10000,18,0,19,4,1015,6.65,78,14,0.82,67,0,10000,1015,6.65,78,14,0.82,67,0,10000,1015,6.65,78,14,0.82,67,0,10000,1015,6.65,78,14,0.82,67,0,10000,1015,6.65,78,14,0.82,67,0,10000,1015,6.65,78,14,0.82,67,0,10000,1015,6.65,78,14,0.82,67,0,10000,1015,6.65,78,14,0.82,67,0,10000,1015,6.65,78,14,0.82,67,0,10000,1015,6.65,78,14,0.82,67,0,10000,1015,6.65,78,14,0.82,67,0,10000,1015,6.65,78,14,0.82,67,0,10000
1018,10.84,62,60,1.54,100,0,10000,21,0,19,4,1014,6.33,79,158,1.22,64,0,10000,1014,6.33,79,158,1.22,64,0,10000,1014,6.33,79,158,1.22,64,0,10000,1014,6.33,79,158,1.22,64,0,10000,1014,6.33,79,158,1.22,64,0,10000,1014,6.33,79,158,1.22,64,0,10000,1014,6.33,79,158,1.22,64,0,10000,1014,6.33,79,158,1.22,64,0,10000,1014,6.33,79,158,1.22,64,0,10000,1014,6.33,79,158,1.22,64,0,10000,1014,6.33,79,158,1.22,64,0,10000,1014,6.33,79,158,1.22,64,0,10000
1018,10.84,62,60,1.54,100,0,10000,0,0,20,4,1011,6.52,77,180,2.05,98,0,10000,1011,6.52,77,180,2.05,98,0,10000,1011,6.52,77,180,2.05,98,0,10000,1011,6.52,77,180,2.05,98,0,10000,1011,6.52,77,180,2.05,98,0,10000,1011,6.52,77,180,2.05,98,0,10000,1011,6.52,77,180,2.05,98,0,10000,1011,6.52,77,180,2.05,98,0,10000,1011,6.52,77,180,2.05,98,0,10000,1011,6.52,77,180,2.05,98,0,10000,1011,6.52,77,180,2.05,98,0,10000,1011,6.52,77,180,2.05,98,0,10000
1018,10.84,62,60,1.54,100,0,10000,3,0,20,4,1010,6.8,81,195,3.12,99,0,10000,1010,6.8,81,195,3.12,99,0,10000,1010,6.8,81,195,3.12,99,0,10000,1010,6.8,81,195,3.12,99,0,10000,1010,6.8,81,195,3.12,99,0,10000,1010,6.8,81,195,3.12,99,0,10000,1010,6.8,81,195,3.12,99,0,10000,1010,6.8,81,195,3.12,99,0,10000,1010,6.8,81,195,3.12,99,0,10000,1010,6.8,81,195,3.12,99,0,10000,1010,6.8,81,195,3.12,99,0,10000,1010,6.8,81,195,3.12,99,0,10000
1018,10.84,62,60,1.54,100,0,10000,6,0,20,4,1009,9.25,76,212,6.25,100,0,10000,1009,9.25,76,212,6.25,100,0,10000,1009,9.25,76,212,6.25,100,0,10000,1009,9.25,76,212,6.25,100,0,10000,1009,9.25,76,212,6.25,100,0,10000,1009,9.25,76,212,6.25,100,0,10000,1009,9.25,76,212,6.25,100,0,10000,1009,9.25,76,212,6.25,100,0,10000,1009,9.25,76,212,6.25,100,0,10000,1009,9.25,76,212,6.25,100,0,10000,1009,9.25,76,212,6.25,100,0,10000,1009,9.25,76,212,6.25,100,0,10000
1018,10.84,62,60,1.54,100,0,10000,9,0,20,4,1018,10.55,63,305,2.8,100,0,10000,1018,10.55,63,305,2.8,100,0,10000,1018,10.55,63,305,2.8,100,0,10000,1018,10.55,63,305,2.8,100,0,10000,1018,10.55,63,305,2.8,100,0,10000,1018,10.55,63,305,2.8,100,0,10000,1018,10.55,63,305,2.8,100,0,10000,1018,10.55,63,305,2.8,100,0,10000,1018,10.55,63,305,2.8,100,0,10000,1018,10.55,63,305,2.8,100,0,10000,1018,10.55,63,305,2.8,100,0,10000,1018,10.55,63,305,2.8,100,0,10000
1018,10.84,62,60,1.54,100,0,10000,12,0,20,4,1017,10.47,64,323,3.19,88,0,10000,1017,10.47,64,323,3.19,88,0,10000,1017,10.47,64,323,3.19,88,0,10000,1017,10.47,64,323,3.19,88,0,10000,1017,10.47,64,323,3.19,88,0,10000,1017,10.47,64,323,3.19,88,0,10000,1017,10.47,64,323,3.19,88,0,10000,1017,10.47,64,323,3.19,88,0,10000,1017,10.47,64,323,3.19,88,0,10000,1017,10.47,64,323,3.19,88,0,10000,1017,10.47,64,323,3.19,88,0,10000,1017,10.47,64,323,3.19,88,0,10000
1018,10.84,62,60,1.54,100,0,10000,15,0,20,4,1015,8.86,75,21,3.04,61,0,10000,1015,8.86,75,21,3.04,61,0,10000,1015,8.86,75,21,3.04,61,0,10000,1015,8.86,75,21,3.04,61,0,10000,1015,8.86,75,21,3.04,61,0,10000,1015,8.86,75,21,3.04,61,0,10000,1015,8.86,75,21,3.04,61,0,10000,1015,8.86,75,21,3.04,61,0,10000,1015,8.86,75,21,3.04,61,0,10000,1015,8.86,75,21,3.04,61,0,10000,1015,8.86,75,21,3.04,61,0,10000,1015,8.86,75,21,3.04,61,0,10000
1018,10.84,62,60,1.54,100,0,10000,18,0,20,4,1015,6.65,78,14,0.82,67,0,10000,1015,6.65,78,14,0.82,67,0,10000,1015,6.65,78,14,0.82,67,0,10000,1015,6.65,78,14,0.82,67,0,10000,1015,6.65,78,14,0.82,67,0,10000,1015,6.65,78,14,0.82,67,0,10000,1015,6.65,78,14,0.82,67,0,10000,1015,6.65,78,14,0.82,67,0,10000,1015,6.65,78,14,0.82,67,0,10000,1015,6.65,78,14,0.82,67,0,10000,1015,6.65,78,14,0.82,67,0,10000,1015,6.65,78,14,0.82,67,0,10000
1018,10.84,62,60,1.54,100,0,10000,21,0,20,4,1014,6.33,79,158,1.22,64,0,10000,1014,6.33,79,158,1.22,64,0,10000,1014,6.33,79,158,1.22,64,0,10000,1014,6.33,79,158,1.22,64,0,10000,1014,6.33,79,158,1.22,64,0,10000,1014,6.33,79,158,1.22,64,0,10000,1014,6.33,79,158,1.22,64,0,10000,1014,6.33,79,158,1.22,64,0,10000,1014,6.33,79,158,1.22,64,0,10000,1014,6.33,79,158,1.22,64,0,10000,1014,6.33,79,158,1.22,64,0,10000,1014,6.33,79,158,1.22,64,0,10000
1018,10.84,62,60,1.54,100,0,10000,0,0,21,4,1011,6.52,77,180,2.05,98,0,10000,1011,6.52,77,180,2.05,98,0,10000,1011,6.52,77,180,2.05,98,0,10000,1011,6.52,77,180,2.05,98,0,10000,1011,6.52,77,180,2.05,98,0,10000,1011,6.52,77,180,2.05,98,0,10000,1011,6.52,77,180,2.05,98,0,10000,1011,6.52,77,180,2.05,98,0,10000,1011,6.52,77,180,2.05,98,0,10000,1011,6.52,77,180,2.05,98,0,10000,1011,6.52,77,180,2.05,98,0,10000,1011,6.52,77,180,2.05,98,0,10000
1018,10.84,62,60,1.54,100,0,10000,3,0,21,4,1010,6.8,81,195,3.12,99,0,10000,1010,6.8,81,195,3.12,99,0,10000,1010,6.8,81,195,3.12,99,0,10000,1010,6.8,81,195,3.12,99,0,10000,1010,6.8,81,195,3.12,99,0,10000,1010,6.8,81,195,3.12,99,0,10000,1010,6.8,81,195,3.12,99,0,10000,1010,6.8,81,195,3.12,99,0,10000,1010,6.8,81,195,3.12,99,0,10000,1010,6.8,81,195,3.12,99,0,10000,1010,6.8,81,195,3.12,99,0,10000,1010,6.8,81,195,3.12,99,0,10000
1018,10.84,62,60,1.54,100,0,10000,6,0,21,4,1009,9.25,76,212,6.25,100,0,10000,1009,9.25,76,212,6.25,100,0,10000,1009,9.25,76,212,6.25,100,0,10000,1009,9.25,76,212,6.25,100,0,10000,1009,9.25,76,212,6.25,100,0,10000,1009,9.25,76,212,6.25,100,0,10000,1009,9.25,76,212,6.25,100,0,10000,1009,9.25,76,212,6.25,100,0,10000,1009,9.25,76,212,6.25,100,0,10000,1009,9.25,76,212,6.25,100,0,10000,1009,9.25,76,212,6.25,100,0,10000,1009,9.25,76,212,6.25,100,0,10000
1018,10.84,62,60,1.54,100,0,10000,9,0,21,4,1018,10.55,63,305,2.8,100,0,10000,1018,10.55,63,305,2.8,100,0,10000,1018,10.55,63,305,2.8,100,0,10000,1018,10.55,63,305,2.8,100,0,10000,1018,10.55,63,305,2.8,100,0,10000,1018,10.55,63,305,2.8,100,0,10000,1018,10.55,63,305,2.8,100,0,10000,1018,10.55,63,305,2.8,100,0,10000,1018,10.55,63,305,2.8,100,0,10000,1018,10.55,63,305,2.8,100,0,10000,1018,10.55,63,305,2.8,100,0,10000,1018,10.55,63,305,2.8,100,0,10000
1018,10.84,62,60,1.54,100,0,10000,12,0,21,4,1017,10.47,64,323,3.19,88,0,10000,1017,10.47,64,323,3.19,88,0,10000,1017,10.47,64,323,3.19,88,0,10000,1017,10.47,64,323,3.19,88,0,10000,1017,10.47,64,323,3.19,88,0,10000,1017,10.47,64,323,3.19,88,0,10000,1017,10.47,64,323,3.19,88,0,10000,1017,10.47,64,323,3.19,88,0,10000,1017,10.47,64,323,3.19,88,0,10000,1017,10.47,64,323,3.19,88,0,10000,1017,10.47,64,323,3.19,88,0,10000,1017,10.47,64,323,3.19,88,0,10000
1018,10.84,62,60,1.54,100,0,10000,15,0,21,4,1015,8.86,75,21,3.04,61,0,10000,1015,8.86,75,21,3.04,61,0,10000,1015,8.86,75,21,3.04,61,0,10000,1015,8.86,75,21,3.04,61,0,10000,1015,8.86,75,21,3.04,61,0,10000,1015,8.86,75,21,3.04,61,0,10000,1015,8.86,75,21,3.04,61,0,10000,1015,8.86,75,21,3.04,61,0,10000,1015,8.86,75,21,3.04,61,0,10000,1015,8.86,75,21,3.04,61,0,10000,1015,8.86,75,21,3.04,61,0,10000,1015,8.86,75,21,3.04,61,0,10000
1018,10.84,62,60,1.54,100,0,10000,18,0,21,4,1015,6.65,78,14,0.82,67,0,10000,1015,6.65,78,14,0.82,67,0,10000,1015,6.65,78,14,0.82,67,0,10000,1015,6.65,78,14,0.82,67,0,10000,1015,6.65,78,14,0.82,67,0,10000,1015,6.65,78,14,0.82,67,0,10000,1015,6.65,78,14,0.82,67,0,10000,1015,6.65,78,14,0.82,67,0,10000,1015,6.65,78,14,0.82,67,0,10000,1015,6.65,78,14,0.82,67,0,10000,1015,6.65,78,14,0.82,67,0,10000,1015,6.65,78,14,0.82,67,0,10000
1018,10.84,62,60,1.54,100,0,10000,21,0,21,4,1014,6.33,79,158,1.22,64,0,10000,1014,6.33,79,158,1.22,64,0,10000,1014,6.33,79,158,1.22,64,0,10000,1014,6.33,79,158,1.22,64,0,10000,1014,6.33,79,158,1.22,64,0,10000,1014,6.33,79,158,1.22,64,0,10000,1014,6.33,79,158,1.22,64,0,10000,1014,6.33,79,158,1.22,64,0,10000,1014,6.33,79,158,1.22,64,0,10000,1014,6.33,79,158,1.22,64,0,10000,1014,6.33,79,158,1.22,64,0,10000,1014,6.33,79,158,1.22,64,0,10000
1018,10.84,62,60,1.54,100,0,10000,0,0,22,4,1011,6.52,77,180,2.05,98,0,10000,1011,6.52,77,180,2.05,98,0,10000,1011,6.52,77,180,2.05,98,0,10000,1011,6.52,77,180,2.05,98,0,10000,1011,6.52,77,180,2.05,98,0,10000,1011,6.52,77,180,2.05,98,0,10000,1011,6.52,77,180,2.05,98,0,10000,1011,6.52,77,180,2.05,98,0,10000,1011,6.52,77,180,2.05,98,0,10000,1011,6.52,77,180,2.05,98,0,10000,1011,6.52,77,180,2.05,98,0,10000,1011,6.52,77,180,2.05,98,0,10000
1018,10.84,62,60,1.54,100,0,10000,3,0,22,4,1010,6.8,81,195,3.12,99,0,10000,1010,6.8,81,195,3.12,99,0,10000,1010,6.8,81,195,3.12,99,0,10000,1010,6.8,81,195,3.12,99,0,10000,1010,6.8,81,195,3.12,99,0,10000,1010,6.8,81,195,3.12,99,0,10000,1010,6.8,81,195,3.12,99,0,10000,1010,6.8,81,195,3.12,99,0,10000,1010,6.8,81,195,3.12,99,0,10000,1010,6.8,81,195,3.12,99,0,10000,1010,6.8,81,195,3.12,99,0,10000,1010,6.8,81,195,3.12,99,0,10000
1018,10.84,62,60,1.54,100,0,10000,6,0,22,4,1009,9.25,76,212,6.25,100,0,10000,1009,9.25,76,212,6.25,100,0,10000,1009,9.25,76,212,6.25,100,0,10000,1009,9.25,76,212,6.25,100,0,10000,1009,9.25,76,212,6.25,100,0,10000,1009,9.25,76,212,6.25,100,0,10000,1009,9.25,76,212,6.25,100,0,10000,1009,9.25,76,212,6.25,100,0,10000,1009,9.25,76,212,6.25,100,0,10000,1009,9.25,76,212,6.25,100,0,10000,1009,9.25,76,212,6.25,100,0,10000,1009,9.25,76,212,6.25,100,0,10000
1018,10.84,62,60,1.54,100,0,10000,9,0,22,4,1018,10.55,63,305,2.8,100,0,10000,1018,10.55,63,305,2.8,100,0,10000,1018,10.55,63,305,2.8,100,0,10000,1018,10.55,63,305,2.8,100,0,10000,1018,10.55,63,305,2.8,100,0,10000,1018,10.55,63,305,2.8,100,0,10000,1018,10.55,63,305,2.8,100,0,10000,1018,10.55,63,305,2.8,100,0,10000,1018,10.55,63,305,2.8,100,0,10000,1018,10.55,63,305,2.8,100,0,10000,1018,10.55,63,305,2.8,100,0,10000,1018,10.55,63,305,2.8,100,0,10000
1018,10.84,62,60,1.54,100,0,10000,12,0,22,4,1017,10.47,64,323,3.19,88,0,10000,1017,10.47,64,323,3.19,88,0,10000,1017,10.47,64,323,3.19,88,0,10000,1017,10.47,64,323,3.19,88,0,10000,1017,10.47,64,323,3.19,88,0,10000,1017,10.47,64,323,3.19,88,0,10000,1017,10.47,64,323,3.19,88,0,10000,1017,10.47,64,323,3.19,88,0,10000,1017,10.47,64,323,3.19,88,0,10000,1017,10.47,64,323,3.19,88,0,10000,1017,10.47,64,323,3.19,88,0,10000,1017,10.47,64,323,3.19,88,0,10000
1018,10.84,62,60,1.54,100,0,10000,15,0,22,4,1015,8.86,75,21,3.04,61,0,10000,1015,8.86,75,21,3.04,61,0,10000,1015,8.86,75,21,3.04,61,0,10000,1015,8.86,75,21,3.04,61,0,10000,1015,8.86,75,21,3.04,61,0,10000,1015,8.86,75,21,3.04,61,0,10000,1015,8.86,75,21,3.04,61,0,10000,1015,8.86,75,21,3.04,61,0,10000,1015,8.86,75,21,3.04,61,0,10000,1015,8.86,75,21,3.04,61,0,10000,1015,8.86,75,21,3.04,61,0,10000,1015,8.86,75,21,3.04,61,0,10000
1018,10.84,62,60,1.54,100,0,10000,18,0,22,4,1015,6.65,78,14,0.82,67,0,10000,1015,6.65,78,14,0.82,67,0,10000,1015,6.65,78,14,0.82,67,0,10000,1015,6.65,78,14,0.82,67,0,10000,1015,6.65,78,14,0.82,67,0,10000,1015,6.65,78,14,0.82,67,0,10000,1015,6.65,78,14,0.82,67,0,10000,1015,6.65,78,14,0.82,67,0,10000,1015,6.65,78,14,0.82,67,0,10000,1015,6.65,78,14,0.82,67,0,10000,1015,6.65,78,14,0.82,67,0,10000,1015,6.65,78,14,0.82,67,0,10000
1018,10.84,62,60,1.54,100,0,10000,21,0,22,4,1014,6.33,79,158,1.22,64,0,10000,1014,6.33,79,158,1.22,64,0,10000,1014,6.33,79,158,1.22,64,0,10000,1014,6.33,79,158,1.22,64,0,10000,1014,6.33,79,158,1.22,64,0,10000,1014,6.33,79,158,1.22,64,0,10000,1014,6.33,79,158,1.22,64,0,10000,1014,6.33,79,158,1.22,64,0,10000,1014,6.33,79,158,1.22,64,0,10000,1014,6.33,79,158,1.22,64,0,10000,1014,6.33,79,158,1.22,64,0,10000,1014,6.33,79,158,1.22,64,0,10000
1018,10.84,62,60,1.54,100,0,10000,0,0,23,4,1011,6.52,77,180,2.05,98,0,10000,1011,6.52,77,180,2.05,98,0,10000,1011,6.52,77,180,2.05,98,0,10000,1011,6.52,77,180,2.05,98,0,10000,1011,6.52,77,180,2.05,98,0,10000,1011,6.52,77,180,2.05,98,0,10000,1011,6.52,77,180,2.05,98,0,10000,1011,6.52,77,180,2.05,98,0,10000,1011,6.52,77,180,2.05,98,0,10000,1011,6.52,77,180,2.05,98,0,10000,1011,6.52,77,180,2.05,98,0,10000,1011,6.52,77,180,2.05,98,0,10000
1018,10.84,62,60,1.54,100,0,10000,3,0,23,4,1010,6.8,81,195,3.12,99,0,10000,1010,6.8,81,195,3.12,99,0,10000,1010,6.8,81,195,3.12,99,0,10000,1010,6.8,81,195,3.12,99,0,10000,1010,6.8,81,195,3.12,99,0,10000,1010,6.8,81,195,3.12,99,0,10000,1010,6.8,81,195,3.12,99,0,10000,1010,6.8,81,195,3.12,99,0,10000,1010,6.8,81,195,3.12,99,0,10000,1010,6.8,81,195,3.12,99,0,10000,1010,6.8,81,195,3.12,99,0,10000,1010,6.8,81,195,3.12,99,0,10000
1018,10.84,62,60,1.54,100,0,10000,6,0,23,4,1009,9.25,76,212,6.25,100,0,10000,1009,9.25,76,212,6.25,100,0,10000,1009,9.25,76,212,6.25,100,0,10000,1009,9.25,76,212,6.25,100,0,10000,1009,9.25,76,212,6.25,100,0,10000,1009,9.25,76,212,6.25,100,0,10000,1009,9.25,76,212,6.25,100,0,10000,1009,9.25,76,212,6.25,100,0,10000,1009,9.25,76,212,6.25,100,0,10000,1009,9.25,76,212,6.25,100,0,10000,1009,9.25,76,212,6.25,100,0,10000,1009,9.25,76,212,6.25,100,0,10000
1018,10.84,62,60,1.54,100,0,10000,9,0,23,4,1018,10.55,63,305,2.8,100,0,10000,1018,10.55,63,305,2.8,100,0,10000,1018,10.55,63,305,2.8,100,0,10000,1018,10.55,63,305,2.8,100,0,10000,1018,10.55,63,305,2.8,100,0,10000,1018,10.55,63,305,2.8,100,0,10000,1018,10.55,63,305,2.8,100,0,10000,1018,10.55,63,305,2.8,100,0,10000,1018,10.55,63,305,2.8,100,0,10000,1018,10.55,63,305,2.8,100,0,10000,1018,10.55,63,305,2.8,100,0,10000,1018,10.55,63,305,2.8,100,0,10000
1018,10.84,62,60,1.54,100,0,10000,12,0,23,4,1017,10.47,64,323,3.19,88,0,10000,1017,10.47,64,323,3.19,88,0,10000,1017,10.47,64,323,3.19,88,0,10000,1017,10.47,64,323,3.19,88,0,10000,1017,10.47,64,323,3.19,88,0,10000,1017,10.47,64,323,3.19,88,0,10000,1017,10.47,64,323,3.19,88,0,10000,1017,10.47,64,323,3.19,88,0,10000,1017,10.47,64,323,3.19,88,0,10000,1017,10.47,64,323,3.19,88,0,10000,1017,10.47,64,323,3.19,88,0,10000,1017,10.47,64,323,3.19,88,0,10000
1018,10.84,62,60,1.54,100,0,10000,15,0,23,4,1015,8.86,75,21,3.04,61,0,10000,1015,8.86,75,21,3.04,61,0,10000,1015,8.86,75,21,3.04,61,0,10000,1015,8.86,75,21,3.04,61,0,10000,1015,8.86,75,21,3.04,61,0,10000,1015,8.86,75,21,3.04,61,0,10000,1015,8.86,75,21,3.04,61,0,10000,1015,8.86,75,21,3.04,61,0,10000,1015,8.86,75,21,3.04,61,0,10000,1015,8.86,75,21,3.04,61,0,10000,1015,8.86,75,21,3.04,61,0,10000,1015,8.86,75,21,3.04,61,0,10000
1018,10.84,62,60,1.54,100,0,10000,18,0,23,4,1015,6.65,78,14,0.82,67,0,10000,1015,6.65,78,14,0.82,67,0,10000,1015,6.65,78,14,0.82,67,0,10000,1015,6.65,78,14,0.82,67,0,10000,1015,6.65,78,14,0.82,67,0,10000,1015,6.65,78,14,0.82,67,0,10000,1015,6.65,78,14,0.82,67,0,10000,1015,6.65,78,14,0.82,67,0,10000,1015,6.65,78,14,0.82,67,0,10000,1015,6.65,78,14,0.82,67,0,10000,1015,6.65,78,14,0.82,67,0,10000,1015,6.65,78,14,0.82,67,0,10000
1018,10.84,62,60,1.54,100,0,10000,21,0,23,4,1014,6.33,79,158,1.22,64,0,10000,1014,6.33,79,158,1.22,64,0,10000,1014,6.33,79,158,1.22,64,0,10000,1014,6.33,79,158,1.22,64,0,10000,1014,6.33,79,158,1.22,64,0,10000,1014,6.33,79,158,1.22,64,0,10000,1014,6.33,79,158,1.22,64,0,10000,1014,6.33,79,158,1.22,64,0,10000,1014,6.33,79,158,1.22,64,0,10000,1014,6.33,79,158,1.22,64,0,10000,1014,6.33,79,158,1.22,64,0,10000,1014,6.33,79,158,1.22,64,0,10000
1018,10.84,62,60,1.54,100,0,10000,0,0,24,4,1011,6.52,77,180,2.05,98,0,10000,1011,6.52,77,180,2.05,98,0,10000,1011,6.52,77,180,2.05,98,0,10000,1011,6.52,77,180,2.05,98,0,10000,1011,6.52,77,180,2.05,98,0,10000,1011,6.52,77,180,2.05,98,0,10000,1011,6.52,77,180,2.05,98,0,10000,1011,6.52,77,180,2.05,98,0,10000,1011,6.52,77,180,2.05,98,0,10000,1011,6.52,77,180,2.05,98,0,10000,1011,6.52,77,180,2.05,98,0,10000,1011,6.52,77,180,2.05,98,0,10000
1018,10.84,62,60,1.54,100,0,10000,3,0,24,4,1010,6.8,81,195,3.12,99,0,10000,1010,6.8,81,195,3.12,99,0,10000,1010,6.8,81,195,3.12,99,0,10000,1010,6.8,81,195,3.12,99,0,10000,1010,6.8,81,195,3.12,99,0,10000,1010,6.8,81,195,3.12,99,0,10000,1010,6.8,81,195,3.12,99,0,10000,1010,6.8,81,195,3.12,99,0,10000,1010,6.8,81,195,3.12,99,0,10000,1010,6.8,81,195,3.12,99,0,10000,1010,6.8,81,195,3.12,99,0,10000,1010,6.8,81,195,3.12,99,0,10000
1018,10.84,62,60,1.54,100,0,10000,6,0,24,4,1009,9.25,76,212,6.25,100,0,10000,1009,9.25,76,212,6.25,100,0,10000,1009,9.25,76,212,6.25,100,0,10000,1009,9.25,76,212,6.25,100,0,10000,1009,9.25,76,212,6.25,100,0,10000,1009,9.25,76,212,6.25,100,0,10000,1009,9.25,76,212,6.25,100,0,10000,1009,9.25,76,212,6.25,100,0,10000,1009,9.25,76,212,6.25,100,0,10000,1009,9.25,76,212,6.25,100,0,10000,1009,9.25,76,212,6.25,100,0,10000,1009,9.25,76,212,6.25,100,0,10000
1018,10.84,62,60,1.54,100,0,10000,9,0,24,4,1018,10.55,63,305,2.8,100,0,10000,1018,10.55,63,305,2.8,100,0,10000,1018,10.55,63,305,2.8,100,0,10000,1018,10.55,63,305,2.8,100,0,10000,1018,10.55,63,305,2.8,100,0,10000,1018,10.55,63,305,2.8,100,0,10000,1018,10.55,63,305,2.8,100,0,10000,1018,10.55,63,305,2.8,100,0,10000,1018,10.55,63,305,2.8,100,0,10000,1018,10.55,63,305,2.8,100,0,10000,1018,10.55,63,305,2.8,100,0,10000,1018,10.55,63,305,2.8,100,0,10000
1018,10.84,62,60,1.54,100,0,10000,12,0,24,4,1017,10.47,64,323,3.19,88,0,10000,1017,10.47,64,323,3.19,88,0,10000,1017,10.47,64,323,3.19,88,0,10000,1017,10.47,64,323,3.19,88,0,10000,1017,10.47,64,323,3.19,88,0,10000,1017,10.47,64,323,3.19,88,0,10000,1017,10.47,64,323,3.19,88,0,10000,1017,10.47,64,323,3.19,88,0,10000,1017,10.47,64,323,3.19,88,0,10000,1017,10.47,64,323,3.19,88,0,10000,1017,10.47,64,323,3.19,88,0,10000,1017,10.47,64,323,3.19,88,0,10000
1018,10.84,62,60,1.54,100,0,10000,15,0,24,4,1015,8.86,75,21,3.04,61,0,10000,1015,8.86,75,21,3.04,61,0,10000,1015,8.86,75,21,3.04,61,0,10000,1015,8.86,75,21,3.04,61,0,10000,1015,8.86,75,21,3.04,61,0,10000,1015,8.86,75,21,3.04,61,0,10000,1015,8.86,75,21,3.04,61,0,10000,1015,8.86,75,21,3.04,61,0,10000,1015,8.86,75,21,3.04,61,0,10000,1015,8.86,75,21,3.04,61,0,10000,1015,8.86,75,21,3.04,61,0,10000,1015,8.86,75,21,3.04,61,0,10000
1018,10.84,62,60,1.54,100,0,10000,18,0,24,4,1015,6.65,78,14,0.82,67,0,10000,1015,6.65,78,14,0.82,67,0,10000,1015,6.65,78,14,0.82,67,0,10000,1015,6.65,78,14,0.82,67,0,10000,1015,6.65,78,14,0.82,67,0,10000,1015,6.65,78,14,0.82,67,0,10000,1015,6.65,78,14,0.82,67,0,10000,1015,6.65,78,14,0.82,67,0,10000,1015,6.65,78,14,0.82,67,0,10000,1015,6.65,78,14,0.82,67,0,10000,1015,6.65,78,14,0.82,67,0,10000,1015,6.65,78,14,0.82,67,0,10000
1018,10.84,62,60,1.54,100,0,10000,21,0,24,4,1014,6.33,79,158,1.22,64,0,10000,1014,6.33,79,158,1.22,64,0,10000,1014,6.33,79,158,1.22,64,0,10000,1014,6.33,79,158,1.22,64,0,10000,1014,6.33,79,158,1.22,64,0,10000,1014,6.33,79,158,1.22,64,0,10000,1014,6.33,79,158,1.22,64,0,10000,1014,6.33,79,158,1.22,64,0,10000,1014,6.33,79,158,1.22,64,0,10000,1014,6.33,79,158,1.22,64,0,10000,1014,6.33,79,158,1.22,64,0,10000,1014,6.33,79,158,1.22,64,0,10000
1018,10.84,62,60,1.54,100,0,10000,0,0,25,4,1011,6.52,77,180,2.05,98,0,10000,1011,6.52,77,180,2.05,98,0,10000,1011,6.52,77,180,2.05,98,0,10000,1011,6.52,77,180,2.05,98,0,10000,1011,6.52,77,180,2.05,98,0,10000,1011,6.52,77,180,2.05,98,0,10000,1011,6.52,77,180,2.05,98,0,10000,1011,6.52,77,180,2.05,98,0,10000,1011,6.52,77,180,2.05,98,0,10000,1011,6.52,77,180,2.05,98,0,10000,1011,6.52,77,180,2.05,98,0,10000,1011,6.52,77,180,2.05,98,0,10000
1018,10.84,62,60,1.54,100,0,10000,3,0,25,4,1010,6.8,81,195,3.12,99,0,10000,1010,6.8,81,195,3.12,99,0,10000,1010,6.8,81,195,3.12,99,0,10000,1010,6.8,81,195,3.12,99,0,10000,1010,6.8,81,195,3.12,99,0,10000,1010,6.8,81,195,3.12,99,0,10000,1010,6.8,81,195,3.12,99,0,10000,1010,6.8,81,195,3.12,99,0,10000,1010,6.8,81,195,3.12,99,0,10000,1010,6.8,81,195,3.12,99,0,10000,1010,6.8,81,195,3.12,99,0,10000,1010,6.8,81,195,3.12,99,0,10000
1018,10.84,62,60,1.54,100,0,10000,6,0,25,4,1009,9.25,76,212,6.25,100,0,10000,1009,9.25,76,212,6.25,100,0,10000,1009,9.25,76,212,6.25,100,0,10000,1009,9.25,76,212,6.25,100,0,10000,1009,9.25,76,212,6.25,100,0,10000,1009,9.25,76,212,6.25,100,0,10000,1009,9.25,76,212,6.25,100,0,10000,1009,9.25,76,212,6.25,100,0,10000,1009,9.25,76,212,6.25,100,0,10000,1009,9.25,76,212,6.25,100,0,10000,1009,9.25,76,212,6.25,100,0,10000,1009,9.25,76,212,6.25,100,0,10000
1018,10.84,62,60,1.54,100,0,10000,9,0,25,4,1018,10.55,63,305,2.8,100,0,10000,1018,10.55,63,305,2.8,100,0,10000,1018,10.55,63,305,2.8,100,0,10000,1018,10.55,63,305,2.8,100,0,10000,1018,10.55,63,305,2.8,100,0,10000,1018,10.55,63,305,2.8,100,0,10000,1018,10.55,63,305,2.8,100,0,10000,1018,10.55,63,305,2.8,100,0,10000,1018,10.55,63,305,2.8,100,0,10000,1018,10.55,63,305,2.8,100,0,10000,1018,10.55,63,305,2.8,100,0,10000,1018,10.55,63,305,2.8,100,0,10000
1018,10.84,62,60,1.54,100,0,10000,12,0,25,4,1017,10.47,64,323,3.19,88,0,10000,1017,10.47,64,323,3.19,88,0,10000,1017,10.47,64,323,3.19,88,0,10000,1017,10.47,64,323,3.19,88,0,10000,1017,10.47,64,323,3.19,88,0,10000,1017,10.47,64,323,3.19,88,0,10000,1017,10.47,64,323,3.19,88,0,10000,1017,10.47,64,323,3.19,88,0,10000,1017,10.47,64,323,3.19,88,0,10000,1017,10.47,64,323,3.19,88,0,10000,1017,10.47,64,323,3.19,88,0,10000,1017,10.47,64,323,3.19,88,0,10000
1018,10.84,62,60,1.54,100,0,10000,15,0,25,4,1015,8.86,75,21,3.04,61,0,10000,1015,8.86,75,21,3.04,61,0,10000,1015,8.86,75,21,3.04,61,0,10000,1015,8.86,75,21,3.04,61,0,10000,1015,8.86,75,21,3.04,61,0,10000,1015,8.86,75,21,3.04,61,0,10000,1015,8.86,75,21,3.04,61,0,10000,1015,8.86,75,21,3.04,61,0,10000,1015,8.86,75,21,3.04,61,0,10000,1015,8.86,75,21,3.04,61,0,10000,1015,8.86,75,21,3.04,61,0,10000,1015,8.86,75,21,3.04,61,0,10000
1018,10.84,62,60,1.54,100,0,10000,18,0,25,4,1015,6.65,78,14,0.82,67,0,10000,1015,6.65,78,14,0.82,67,0,10000,1015,6.65,78,14,0.82,67,0,10000,1015,6.65,78,14,0.82,67,0,10000,1015,6.65,78,14,0.82,67,0,10000,1015,6.65,78,14,0.82,67,0,10000,1015,6.65,78,14,0.82,67,0,10000,1015,6.65,78,14,0.82,67,0,10000,1015,6.65,78,14,0.82,67,0,10000,1015,6.65,78,14,0.82,67,0,10000,1015,6.65,78,14,0.82,67,0,10000,1015,6.65,78,14,0.82,67,0,10000
1018,10.84,62,60,1.54,100,0,10000,21,0,25,4,1014,6.33,79,158,1.22,64,0,10000,1014,6.33,79,158,1.22,64,0,10000,1014,6.33,79,158,1.22,64,0,10000,1014,6.33,79,158,1.22,64,0,10000,1014,6.33,79,158,1.22,64,0,10000,1014,6.33,79,158,1.22,64,0,10000,1014,6.33,79,158,1.22,64,0,10000,1014,6.33,79,158,1.22,64,0,10000,1014,6.33,79,158,1.22,64,0,10000,1014,6.33,79,158,1.22,64,0,10000,1014,6.33,79,158,1.22,64,0,10000,1014,6.33,79,158,1.22,64,0,10000
1018,10.84,62,60,1.54,100,0,10000,0,0,26,4,1011,6.52,77,180,2.05,98,0,10000,1011,6.52,77,180,2.05,98,0,10000,1011,6.52,77,180,2.05,98,0,10000,1011,6.52,77,180,2.05,98,0,10000,1011,6.52,77,180,2.05,98,0,10000,1011,6.52,77,180,2.05,98,0,10000,1011,6.52,77,180,2.05,98,0,10000,1011,6.52,77,180,2.05,98,0,10000,1011,6.52,77,180,2.05,98,0,10000,1011,6.52,77,180,2.05,98,0,10000,1011,6.52,77,180,2.05,98,0,10000,1011,6.52,77,180,2.05,98,0,10000
1018,10.84,62,60,1.54,100,0,10000,3,0,26,4,1010,6.8,81,195,3.12,99,0,10000,1010,6.8,81,195,3.12,99,0,10000,1010,6.8,81,195,3.12,99,0,10000,1010,6.8,81,195,3.12,99,0,10000,1010,6.8,81,195,3.12,99,0,10000,1010,6.8,81,195,3.12,99,0,10000,1010,6.8,81,195,3.12,99,0,10000,1010,6.8,81,195,3.12,99,0,10000,1010,6.8,81,195,3.12,99,0,10000,1010,6.8,81,195,3.12,99,0,10000,1010,6.8,81,195,3.12,99,0,10000,1010,6.8,81,195,3.12,99,0,10000
1018,10.84,62,60,1.54,100,0,10000,6,0,26,4,1009,9.25,76,212,6.25,100,0,10000,1009,9.25,76,212,6.25,100,0,10000,1009,9.25,76,212,6.25,100,0,10000,1009,9.25,76,212,6.25,100,0,10000,1009,9.25,76,212,6.25,100,0,10000,1009,9.25,76,212,6.25,100,0,10000,1009,9.25,76,212,6.25,100,0,10000,1009,9.25,76,212,6.25,100,0,10000,1009,9.25,76,212,6.25,100,0,10000,1009,9.25,76,212,6.25,100,0,10000,1009,9.25,76,212,6.25,100,0,10000,1009,9.25,76,212,6.25,100,0,10000
1018,10.84,62,60,1.54,100,0,10000,9,0,26,4,1018,10.55,63,305,2.8,100,0,10000,1018,10.55,63,305,2.8,100,0,10000,1018,10.55,63,305,2.8,100,0,10000,1018,10.55,63,305,2.8,100,0,10000,1018,10.55,63,305,2.8,100,0,10000,1018,10.55,63,305,2.8,100,0,10000,1018,10.55,63,305,2.8,100,0,10000,1018,10.55,63,305,2.8,100,0,10000,1018,10.55,63,305,2.8,100,0,10000,1018,10.55,63,305,2.8,100,0,10000,1018,10.55,63,305,2.8,100,0,10000,1018,10.55,63,305,2.8,100,0,10000
1018,10.84,62,60,1.54,100,0,10000,12,0,26,4,1017,10.47,64,323,3.19,88,0,10000,1017,10.47,64,323,3.19,88,0,10000,1017,10.47,64,323,3.19,88,0,10000,1017,10.47,64,323,3.19,88,0,10000,1017,10.47,64,323,3.19,88,0,10000,1017,10.47,64,323,3.19,88,0,10000,1017,10.47,64,323,3.19,88,0,10000,1017,10.47,64,323,3.19,88,0,10000,1017,10.47,64,323,3.19,88,0,10000,1017,10.47,64,323,3.19,88,0,10000,1017,10.47,64,323,3.19,88,0,10000,1017,10.47,64,323,3.19,88,0,10000
1018,10.84,62,60,1.54,100,0,10000,15,0,26,4,1015,8.86,75,21,3.04,61,0,10000,1015,8.86,75,21,3.04,61,0,10000,1015,8.86,75,21,3.04,61,0,10000,1015,8.86,75,21,3.04,61,0,10000,1015,8.86,75,21,3.04,61,0,10000,1015,8.86,75,21,3.04,61,0,10000,1015,8.86,75,21,3.04,61,0,10000,1015,8.86,75,21,3.04,61,0,10000,1015,8.86,75,21,3.04,61,0,10000,1015,8.86,75,21,3.04,61,0,10000,1015,8.86,75,21,3.04,61,0,10000,1015,8.86,75,21,3.04,61,0,10000
1018,10.84,62,60,1.54,100,0,10000,18,0,26,4,1015,6.65,78,14,0.82,67,0,10000,1015,6.65,78,14,0.82,67,0,10000,1015,6.65,78,14,0.82,67,0,10000,1015,6.65,78,14,0.82,67,0,10000,1015,6.65,78,14,0.82,67,0,10000,1015,6.65,78,14,0.82,67,0,10000,1015,6.65,78,14,0.82,67,0,10000,1015,6.65,78,14,0.82,67,0,10000,1015,6.65,78,14,0.82,67,0,10000,1015,6.65,78,14,0.82,67,0,10000,1015,6.65,78,14,0.82,67,0,10000,1015,6.65,78,14,0.82,67,0,10000
1018,10.84,62,60,1.54,100,0,10000,21,0,26,4,1014,6.33,79,158,1.22,64,0,10000,1014,6.33,79,158,1.22,64,0,10000,1014,6.33,79,158,1.22,64,0,10000,1014,6.33,79,158,1.22,64,0,10000,1014,6.33,79,158,1.22,64,0,10000,1014,6.33,79,158,1.22,64,0,10000,1014,6.33,79,158,1.22,64,0,10000,1014,6.33,79,158,1.22,64,0,10000,1014,6.33,79,158,1.22,64,0,10000,1014,6.33,79,158,1.22,64,0,10000,1014,6.33,79,158,1.22,64,0,10000,1014,6.33,79,158,1.22,64,0,10000
1018,10.84,62,60,1.54,100,0,10000,0,0,27,4,1011,6.52,77,180,2.05,98,0,10000,1011,6.52,77,180,2.05,98,0,10000,1011,6.52,77,180,2.05,98,0,10000,1011,6.52,77,180,2.05,98,0,10000,1011,6.52,77,180,2.05,98,0,10000,1011,6.52,77,180,2.05,98,0,10000,1011,6.52,77,180,2.05,98,0,10000,1011,6.52,77,180,2.05,98,0,10000,1011,6.52,77,180,2.05,98,0,10000,1011,6.52,77,180,2.05,98,0,10000,1011,6.52,77,180,2.05,98,0,10000,1011,6.52,77,180,2.05,98,0,10000
1018,10.84,62,60,1.54,100,0,10000,3,0,27,4,1010,6.8,81,195,3.12,99,0,10000,1010,6.8,81,195,3.12,99,0,10000,1010,6.8,81,195,3.12,99,0,10000,1010,6.8,81,195,3.12,99,0,10000,1010,6.8,81,195,3.12,99,0,10000,1010,6.8,81,195,3.12,99,0,10000,1010,6.8,81,195,3.12,99,0,10000,1010,6.8,81,195,3.12,99,0,10000,1010,6.8,81,195,3.12,99,0,10000,1010,6.8,81,195,3.12,99,0,10000,1010,6.8,81,195,3.12,99,0,10000,1010,6.8,81,195,3.12,99,0,10000
1018,10.84,62,60,1.54,100,0,10000,6,0,27,4,1009,9.25,76,212,6.25,100,0,10000,1009,9.25,76,212,6.25,100,0,10000,1009,9.25,76,212,6.25,100,0,10000,1009,9.25,76,212,6.25,100,0,10000,1009,9.25,76,212,6.25,100,0,10000,1009,9.25,76,212,6.25,100,0,10000,1009,9.25,76,212,6.25,100,0,10000,1009,9.25,76,212,6.25,100,0,10000,1009,9.25,76,212,6.25,100,0,10000,1009,9.25,76,212,6.25,100,0,10000,1009,9.25,76,212,6.25,100,0,10000,1009,9.25,76,212,6.25,100,0,10000
1018,10.84,62,60,1.54,100,0,10000,9,0,27,4,1018,10.55,63,305,2.8,100,0,10000,1018,10.55,63,305,2.8,100,0,10000,1018,10.55,63,305,2.8,100,0,10000,1018,10.55,63,305,2.8,100,0,10000,1018,10.55,63,305,2.8,100,0,10000,1018,10.55,63,305,2.8,100,0,10000,1018,10.55,63,305,2.8,100,0,10000,1018,10.55,63,305,2.8,100,0,10000,1018,10.55,63,305,2.8,100,0,10000,1018,10.55,63,305,2.8,100,0,10000,1018,10.55,63,305,2.8,100,0,10000,1018,10.55,63,305,2.8,100,0,10000
1018,10.84,62,60,1.54,100,0,10000,12,0,27,4,1017,10.47,64,323,3.19,88,0,10000,1017,10.47,64,323,3.19,88,0,10000,1017,10.47,64,323,3.19,88,0,10000,1017,10.47,64,323,3.19,88,0,10000,1017,10.47,64,323,3.19,88,0,10000,1017,10.47,64,323,3.19,88,0,10000,1017,10.47,64,323,3.19,88,0,10000,1017,10.47,64,323,3.19,88,0,10000,1017,10.47,64,323,3.19,88,0,10000,1017,10.47,64,323,3.19,88,0,10000,1017,10.47,64,323,3.19,88,0,10000,1017,10.47,64,323,3.19,88,0,10000
1018,10.84,62,60,1.54,100,0,10000,15,0,27,4,1015,8.86,75,21,3.04,61,0,10000,1015,8.86,75,21,3.04,61,0,10000,1015,8.86,75,21,3.04,61,0,10000,1015,8.86,75,21,3.04,61,0,10000,1015,8.86,75,21,3.04,61,0,10000,1015,8.86,75,21,3.04,61,0,10000,1015,8.86,75,21,3.04,61,0,10000,1015,8.86,75,21,3.04,61,0,10000,1015,8.86,75,21,3.04,61,0,10000,1015,8.86,75,21,3.04,61,0,10000,1015,8.86,75,21,3.04,61,0,10000,1015,8.86,75,21,3.04,61,0,10000
1018,10.84,62,60,1.54,100,0,10000,18,0,27,4,1015,6.65,78,14,0.82,67,0,10000,1015,6.65,78,14,0.82,67,0,10000,1015,6.65,78,14,0.82,67,0,10000,1015,6.65,78,14,0.82,67,0,10000,1015,6.65,78,14,0.82,67,0,10000,1015,6.65,78,14,0.82,67,0,10000,1015,6.65,78,14,0.82,67,0,10000,1015,6.65,78,14,0.82,67,0,10000,1015,6.65,78,14,0.82,67,0,10000,1015,6.65,78,14,0.82,67,0,10000,1015,6.65,78,14,0.82,67,0,10000,1015,6.65,78,14,0.82,67,0,10000
1018,10.84,62,60,1.54,100,0,10000,21,0,27,4,1014,6.33,79,158,1.22,64,0,10000,1014,6.33,79,158,1.22,64,0,10000,1014,6.33,79,158,1.22,64,0,10000,1014,6.33,79,158,1.22,64,0,10000,1014,6.33,79,158,1.22,64,0,10000,1014,6.33,79,158,1.22,64,0,10000,1014,6.33,79,158,1.22,64,0,10000,1014,6.33,79,158,1.22,64,0,10000,1014,6.33,79,158,1.22,64,0,10000,1014,6.33,79,158,1.22,64,0,10000,1014,6.33,79,158,1.22,64,0,10000,1014,6.33,79,158,1.22,64,0,10000
1018,10.84,62,60,1.54,100,0,10000,0,0,28,4,1011,6.52,77,180,2.05,98,0,10000,1011,6.52,77,180,2.05,98,0,10000,1011,6.52,77,180,2.05,98,0,10000,1011,6.52,77,180,2.05,98,0,10000,1011,6.52,77,180,2.05,98,0,10000,1011,6.52,77,180,2.05,98,0,10000,1011,6.52,77,180,2.05,98,0,10000,1011,6.52,77,180,2.05,98,0,10000,1011,6.52,77,180,2.05,98,0,10000,1011,6.52,77,180,2.05,98,0,10000,1011,6.52,77,180,2.05,98,0,10000,1011,6.52,77,180,2.05,98,0,10000
1018,10.84,62,60,1.54,100,0,10000,3,0,28,4,1010,6.8,81,195,3.12,99,0,10000,1010,6.8,81,195,3.12,99,0,10000,1010,6.8,81,195,3.12,99,0,10000,1010,6.8,81,195,3.12,99,0,10000,1010,6.8,81,195,3.12,99,0,10000,1010,6.8,81,195,3.12,99,0,10000,1010,6.8,81,195,3.12,99,0,10000,1010,6.8,81,195,3.12,99,0,10000,1010,6.8,81,195,3.12,99,0,10000,1010,6.8,81,195,3.12,99,0,10000,1010,6.8,81,195,3.12,99,0,10000,1010,6.8,81,195,3.12,99,0,10000
1018,10.84,62,60,1.54,100,0,10000,6,0,28,4,1009,9.25,76,212,6.25,100,0,10000,1009,9.25,76,212,6.25,100,0,10000,1009,9.25,76,212,6.25,100,0,10000,1009,9.25,76,212,6.25,100,0,10000,1009,9.25,76,212,6.25,100,0,10000,1009,9.25,76,212,6.25,100,0,10000,1009,9.25,76,212,6.25,100,0,10000,1009,9.25,76,212,6.25,100,0,10000,1009,9.25,76,212,6.25,100,0,10000,1009,9.25,76,212,6.25,100,0,10000,1009,9.25,76,212,6.25,100,0,10000,1009,9.25,76,212,6.25,100,0,10000
1018,10.84,62,60,1.54,100,0,10000,9,0,28,4,1018,10.55,63,305,2.8,100,0,10000,1018,10.55,63,305,2.8,100,0,10000,1018,10.55,63,305,2.8,100,0,10000,1018,10.55,63,305,2.8,100,0,10000,1018,10.55,63,305,2.8,100,0,10000,1018,10.55,63,305,2.8,100,0,10000,1018,10.55,63,305,2.8,100,0,10000,1018,10.55,63,305,2.8,100,0,10000,1018,10.55,63,305,2.8,100,0,10000,1018,10.55,63,305,2.8,100,0,10000,1018,10.55,63,305,2.8,100,0,10000,1018,10.55,63,305,2.8,100,0,10000
1018,10.84,62,60,1.54,100,0,10000,12,0,28,4,1017,10.47,64,323,3.19,88,0,10000,1017,10.47,64,323,3.19,88,0,10000,1017,10.47,64,323,3.19,88,0,10000,1017,10.47,64,323,3.19,88,0,10000,1017,10.47,64,323,3.19,88,0,10000,1017,10.47,64,323,3.19,88,0,10000,1017,10.47,64,323,3.19,88,0,10000,1017,10.47,64,323,3.19,88,0,10000,1017,10.47,64,323,3.19,88,0,10000,1017,10.47,64,323,3.19,88,0,10000,1017,10.47,64,323,3.19,88,0,10000,1017,10.47,64,323,3.19,88,0,10000
1018,10.84,62,60,1.54,100,0,10000,15,0,28,4,1015,8.86,75,21,3.04,61,0,10000,1015,8.86,75,21,3.04,61,0,10000,1015,8.86,75,21,3.04,61,0,10000,1015,8.86,75,21,3.04,61,0,10000,1015,8.86,75,21,3.04,61,0,10000,1015,8.86,75,21,3.04,61,0,10000,1015,8.86,75,21,3.04,61,0,10000,1015,8.86,75,21,3.04,61,0,10000,1015,8.86,75,21,3.04,61,0,10000,1015,8.86,75,21,3.04,61,0,10000,1015,8.86,75,21,3.04,61,0,10000,1015,8.86,75,21,3.04,61,0,10000
1018,10.84,62,60,1.54,100,0,10000,18,0,28,4,1015,6.65,78,14,0.82,67,0,10000,1015,6.65,78,14,0.82,67,0,10000,1015,6.65,78,14,0.82,67,0,10000,1015,6.65,78,14,0.82,67,0,10000,1015,6.65,78,14,0.82,67,0,10000,1015,6.65,78,14,0.82,67,0,10000,1015,6.65,78,14,0.82,67,0,10000,1015,6.65,78,14,0.82,67,0,10000,1015,6.65,78,14,0.82,67,0,10000,1015,6.65,78,14,0.82,67,0,10000,1015,6.65,78,14,0.82,67,0,10000,1015,6.65,78,14,0.82,67,0,10000
1018,10.84,62,60,1.54,100,0,10000,21,0,28,4,1014,6.33,79,158,1.22,64,0,10000,1014,6.33,79,158,1.22,64,0,10000,1014,6.33,79,158,1.22,64,0,10000,1014,6.33,79,158,1.22,64,0,10000,1014,6.33,79,158,1.22,64,0,10000,1014,6.33,79,158,1.22,64,0,10000,1014,6.33,79,158,1.22,64,0,10000,1014,6.33,79,158,1.22,64,0,10000,1014,6.33,79,158,1.22,64,0,10000,1014,6.33,79,158,1.22,64,0,10000,1014,6.33,79,158,1.22,64,0,10000,1014,6.33,79,158,1.22,64,0,10000
1018,10.84,62,60,1.54,100,0,10000,0,0,29,4,1011,6.52,77,180,2.05,98,0,10000,1011,6.52,77,180,2.05,98,0,10000,1011,6.52,77,180,2.05,98,0,10000,1011,6.52,77,180,2.05,98,0,10000,1011,6.52,77,180,2.05,98,0,10000,1011,6.52,77,180,2.05,98,0,10000,1011,6.52,77,180,2.05,98,0,10000,1011,6.52,77,180,2.05,98,0,10000,1011,6.52,77,180,2.05,98,0,10000,1011,6.52,77,180,2.05,98,0,10000,1011,6.52,77,180,2.05,98,0,10000,1011,6.52,77,180,2.05,98,0,10000
1018,10.84,62,60,1.54,100,0,10000,3,0,29,4,1010,6.8,81,195,3.12,99,0,10000,1010,6.8,81,195,3.12,99,0,10000,1010,6.8,81,195,3.12,99,0,10000,1010,6.8,81,195,3.12,99,0,10000,1010,6.8,81,195,3.12,99,0,10000,1010,6.8,81,195,3.12,99,0,10000,1010,6.8,81,195,3.12,99,0,10000,1010,6.8,81,195,3.12,99,0,10000,1010,6.8,81,195,3.12,99,0,10000,1010,6.8,81,195,3.12,99,0,10000,1010,6.8,81,195,3.12,99,0,10000,1010,6.8,81,195,3.12,99,0,10000
1018,10.84,62,60,1.54,100,0,10000,6,0,29,4,1009,9.25,76,212,6.25,100,0,10000,1009,9.25,76,212,6.25,100,0,10000,1009,9.25,76,212,6.25,100,0,10000,1009,9.25,76,212,6.25,100,0,10000,1009,9.25,76,212,6.25,100,0,10000,1009,9.25,76,212,6.25,100,0,10000,1009,9.25,76,212,6.25,100,0,10000,1009,9.25,76,212,6.25,100,0,10000,1009,9.25,76,212,6.25,100,0,10000,1009,9.25,76,212,6.25,100,0,10000,1009,9.25,76,212,6.25,100,0,10000,1009,9.25,76,212,6.25,100,0,10000
1018,10.84,62,60,1.54,100,0,10000,9,0,29,4,1018,10.55,63,305,2.8,100,0,10000,1018,10.55,63,305,2.8,100,0,10000,1018,10.55,63,305,2.8,100,0,10000,1018,10.55,63,305,2.8,100,0,10000,1018,10.55,63,305,2.8,100,0,10000,1018,10.55,63,305,2.8,100,0,10000,1018,10.55,63,305,2.8,100,0,10000,1018,10.55,63,305,2.8,100,0,10000,1018,10.55,63,305,2.8,100,0,10000,1018,10.55,63,305,2.8,100,0,10000,1018,10.55,63,305,2.8,100,0,10000,1018,10.55,63,305,2.8,100,0,10000
1018,10.84,62,60,1.54,100,0,10000,12,0,29,4,1017,10.47,64,323,3.19,88,0,10000,1017,10.47,64,323,3.19,88,0,10000,1017,10.47,64,323,3.19,88,0,10000,1017,10.47,64,323,3.19,88,0,10000,1017,10.47,64,323,3.19,88,0,10000,1017,10.47,64,323,3.19,88,0,10000,1017,10.47,64,323,3.19,88,0,10000,1017,10.47,64,323,3.19,88,0,10000,1017,10.47,64,323,3.19,88,0,10000,1017,10.47,64,323,3.19,88,0,10000,1017,10.47,64,323,3.19,88,0,10000,1017,10.47,64,323,3.19,88,0,10000
1018,10.84,62,60,1.54,100,0,10000,15,0,29,4,1015,8.86,75,21,3.04,61,0,10000,1015,8.86,75,21,3.04,61,0,10000,1015,8.86,75,21,3.04,61,0,10000,1015,8.86,75,21,3.04,61,0,10000,1015,8.86,75,21,3.04,61,0,10000,1015,8.86,75,21,3.04,61,0,10000,1015,8.86,75,21,3.04,61,0,10000,1015,8.86,75,21,3.04,61,0,10000,1015,8.86,75,21,3.04,61,0,10000,1015,8.86,75,21,3.04,61,0,10000,1015,8.86,75,21,3.04,61,0,10000,1015,8.86,75,21,3.04,61,0,10000
1018,10.84,62,60,1.54,100,0,10000,18,0,29,4,1015,6.65,78,14,0.82,67,0,10000,1015,6.65,78,14,0.82,67,0,10000,1015,6.65,78,14,0.82,67,0,10000,1015,6.65,78,14,0.82,67,0,10000,1015,6.65,78,14,0.82,67,0,10000,1015,6.65,78,14,0.82,67,0,10000,1015,6.65,78,14,0.82,67,0,10000,1015,6.65,78,14,0.82,67,0,10000,1015,6.65,78,14,0.82,67,0,10000,1015,6.65,78,14,0.82,67,0,10000,1015,6.65,78,14,0.82,67,0,10000,1015,6.65,78,14,0.82,67,0,10000
1018,10.84,62,60,1.54,100,0,10000,21,0,29,4,1014,6.33,79,158,1.22,64,0,10000,1014,6.33,79,158,1.22,64,0,10000,1014,6.33,79,158,1.22,64,0,10000,1014,6.33,79,158,1.22,64,0,10000,1014,6.33,79,158,1.22,64,0,10000,1014,6.33,79,158,1.22,64,0,10000,1014,6.33,79,158,1.22,64,0,10000,1014,6.33,79,158,1.22,64,0,10000,1014,6.33,79,158,1.22,64,0,10000,1014,6.33,79,158,1.22,64,0,10000,1014,6.33,79,158,1.22,64,0,10000,1014,6.33,79,158,1.22,64,0,10000
1018,10.84,62,60,1.54,100,0,10000,0,0,30,4,1011,6.52,77,180,2.05,98,0,10000,1011,6.52,77,180,2.05,98,0,10000,1011,6.52,77,180,2.05,98,0,10000,1011,6.52,77,180,2.05,98,0,10000,1011,6.52,77,180,2.05,98,0,10000,1011,6.52,77,180,2.05,98,0,10000,1011,6.52,77,180,2.05,98,0,10000,1011,6.52,77,180,2.05,98,0,10000,1011,6.52,77,180,2.05,98,0,10000,1011,6.52,77,180,2.05,98,0,10000,1011,6.52,77,180,2.05,98,0,10000,1011,6.52,77,180,2.05,98,0,10000
1018,10.84,62,60,1.54,100,0,10000,3,0,30,4,1010,6.8,81,195,3.12,99,0,10000,1010,6.8,81,195,3.12,99,0,10000,1010,6.8,81,195,3.12,99,0,10000,1010,6.8,81,195,3.12,99,0,10000,1010,6.8,81,195,3.12,99,0,10000,1010,6.8,81,195,3.12,99,0,10000,1010,6.8,81,195,3.12,99,0,10000,1010,6.8,81,195,3.12,99,0,10000,1010,6.8,81,195,3.12,99,0,10000,1010,6.8,81,195,3.12,99,0,10000,1010,6.8,81,195,3.12,99,0,10000,1010,6.8,81,195,3.12,99,0,10000
1018,10.84,62,60,1.54,100,0,10000,6,0,30,4,1009,9.25,76,212,6.25,100,0,10000,1009,9.25,76,212,6.25,100,0,10000,1009,9.25,76,212,6.25,100,0,10000,1009,9.25,76,212,6.25,100,0,10000,1009,9.25,76,212,6.25,100,0,10000,1009,9.25,76,212,6.25,100,0,10000,1009,9.25,76,212,6.25,100,0,10000,1009,9.25,76,212,6.25,100,0,10000,1009,9.25,76,212,6.25,100,0,10000,1009,9.25,76,212,6.25,100,0,10000,1009,9.25,76,212,6.25,100,0,10000,1009,9.25,76,212,6.25,100,0,10000
1018,10.84,62,60,1.54,100,0,10000,9,0,30,4,1018,10.55,63,305,2.8,100,0,10000,1018,10.55,63,305,2.8,100,0,10000,1018,10.55,63,305,2.8,100,0,10000,1018,10.55,63,305,2.8,100,0,10000,1018,10.55,63,305,2.8,100,0,10000,1018,10.55,63,305,2.8,100,0,10000,1018,10.55,63,305,2.8,100,0,10000,1018,10.55,63,305,2.8,100,0,10000,1018,10.55,63,305,2.8,100,0,10000,1018,10.55,63,305,2.8,100,0,10000,1018,10.55,63,305,2.8,100,0,10000,1018,10.55,63,305,2.8,100,0,10000
1018,10.84,62,60,1.54,100,0,10000,12,0,30,4,1017,10.47,64,323,3.19,88,0,10000,1017,10.47,64,323,3.19,88,0,10000,1017,10.47,64,323,3.19,88,0,10000,1017,10.47,64,323,3.19,88,0,10000,1017,10.47,64,323,3.19,88,0,10000,1017,10.47,64,323,3.19,88,0,10000,1017,10.47,64,323,3.19,88,0,10000,1017,10.47,64,323,3.19,88,0,10000,1017,10.47,64,323,3.19,88,0,10000,1017,10.47,64,323,3.19,88,0,10000,1017,10.47,64,323,3.19,88,0,10000,1017,10.47,64,323,3.19,88,0,10000
1018,10.84,62,60,1.54,100,0,10000,15,0,30,4,1015,8.86,75,21,3.04,61,0,10000,1015,8.86,75,21,3.04,61,0,10000,1015,8.86,75,21,3.04,61,0,10000,1015,8.86,75,21,3.04,61,0,10000,1015,8.86,75,21,3.04,61,0,10000,1015,8.86,75,21,3.04,61,0,10000,1015,8.86,75,21,3.04,61,0,10000,1015,8.86,75,21,3.04,61,0,10000,1015,8.86,75,21,3.04,61,0,10000,1015,8.86,75,21,3.04,61,0,10000,1015,8.86,75,21,3.04,61,0,10000,1015,8.86,75,21,3.04,61,0,10000
1018,10.84,62,60,1.54,100,0,10000,18,0,30,4,1015,6.65,78,14,0.82,67,0,10000,1015,6.65,78,14,0.82,67,0,10000,1015,6.65,78,14,0.82,67,0,10000,1015,6.65,78,14,0.82,67,0,10000,1015,6.65,78,14,0.82,67,0,10000,1015,6.65,78,14,0.82,67,0,10000,1015,6.65,78,14,0.82,67,0,10000,1015,6.65,78,14,0.82,67,0,10000,1015,6.65,78,14,0.82,67,0,10000,1015,6.65,78,14,0.82,67,0,10000,1015,6.65,78,14,0.82,67,0,10000,1015,6.65,78,14,0.82,67,0,10000
1018,10.84,62,60,1.54,100,0,10000,21,0,30,4,1014,6.33,79,158,1.22,64,0,10000,1014,6.33,79,158,1.22,64,0,10000,1014,6.33,79,158,1.22,64,0,10000,1014,6.33,79,158,1.22,64,0,10000,1014,6.33,79,158,1.22,64,0,10000,1014,6.33,79,158,1.22,64,0,10000,1014,6.33,79,158,1.22,64,0,10000,1014,6.33,79,158,1.22,64,0,10000,1014,6.33,79,158,1.22,64,0,10000,1014,6.33,79,158,1.22,64,0,10000,1014,6.33,79,158,1.22,64,0,10000,1014,6.33,79,158,1.22,64,0,10000
1018,10.84,62,60,1.54,100,0,10000,0,0,1,5,1011,6.52,77,180,2.05,98,0,10000,1011,6.52,77,180,2.05,98,0,10000,1011,6.52,77,180,2.05,98,0,10000,1011,6.52,77,180,2.05,98,0,10000,1011,6.52,77,180,2.05,98,0,10000,1011,6.52,77,180,2.05,98,0,10000,1011,6.52,77,180,2.05,98,0,10000,1011,6.52,77,180,2.05,98,0,10000,1011,6.52,77,180,2.05,98,0,10000,1011,6.52,77,180,2.05,98,0,10000,1011,6.52,77,180,2.05,98,0,10000,1011,6.52,77,180,2.05,98,0,10000
1018,10.84,62,60,1.54,100,0,10000,3,0,1,5,1010,6.8,81,195,3.12,99,0,10000,1010,6.8,81,195,3.12,99,0,10000,1010,6.8,81,195,3.12,99,0,10000,1010,6.8,81,195,3.12,99,0,10000,1010,6.8,81,195,3.12,99,0,10000,1010,6.8,81,195,3.12,99,0,10000,1010,6.8,81,195,3.12,99,0,10000,1010,6.8,81,195,3.12,99,0,10000,1010,6.8,81,195,3.12,99,0,10000,1010,6.8,81,195,3.12,99,0,10000,1010,6.8,81,195,3.12,99,0,10000,1010,6.8,81,195,3.12,99,0,10000
1018,10.84,62,60,1.54,100,0,10000,6,0,1,5,1009,9.25,76,212,6.25,100,0,10000,1009,9.25,76,212,6.25,100,0,10000,1009,9.25,76,212,6.25,100,0,10000,1009,9.25,76,212,6.25,100,0,10000,1009,9.25,76,212,6.25,100,0,10000,1009,9.25,76,212,6.25,100,0,10000,1009,9.25,76,212,6.25,100,0,10000,1009,9.25,76,212,6.25,100,0,10000,1009,9.25,76,212,6.25,100,0,10000,1009,9.25,76,212,6.25,100,0,10000,1009,9.25,76,212,6.25,100,0,10000,1009,9.25,76,212,6.25,100,0,10000
1018,10.84,62,60,1.54,100,0,10000,9,0,1,5,1018,10.55,63,305,2.8,100,0,10000,1018,10.55,63,305,2.8,100,0,10000,1018,10.55,63,305,2.8,100,0,10000,1018,10.55,63,305,2.8,100,0,10000,1018,10.55,63,305,2.8,100,0,10000,1018,10.55,63,305,2.8,100,0,10000,1018,10.55,63,305,2.8,100,0,10000,1018,10.55,63,305,2.8,100,0,10000,1018,10.55,63,305,2.8,100,0,10000,1018,10.55,63,305,2.8,100,0,10000,1018,10.55,63,305,2.8,100,0,10000,1018,10.55,63,305,2.8,100,0,10000
1018,10.84,62,60,1.54,100,0,10000,12,0,1,5,1017,10.47,64,323,3.19,88,0,10000,1017,10.47,64,323,3.19,88,0,10000,1017,10.47,64,323,3.19,88,0,10000,1017,10.47,64,323,3.19,88,0,10000,1017,10.47,64,323,3.19,88,0,10000,1017,10.47,64,323,3.19,88,0,10000,1017,10.47,64,323,3.19,88,0,10000,1017,10.47,64,323,3.19,88,0,10000,1017,10.47,64,323,3.19,88,0,10000,1017,10.47,64,323,3.19,88,0,10000,1017,10.47,64,323,3.19,88,0,10000,1017,10.47,64,323,3.19,88,0,10000
1018,10.84,62,60,1.54,100,0,10000,15,0,1,5,1015,8.86,75,21,3.04,61,0,10000,1015,8.86,75,21,3.04,61,0,10000,1015,8.86,75,21,3.04,61,0,10000,1015,8.86,75,21,3.04,61,0,10000,1015,8.86,75,21,3.04,61,0,10000,1015,8.86,75,21,3.04,61,0,10000,1015,8.86,75,21,3.04,61,0,10000,1015,8.86,75,21,3.04,61,0,10000,1015,8.86,75,21,3.04,61,0,10000,1015,8.86,75,21,3.04,61,0,10000,1015,8.86,75,21,3.04,61,0,10000,1015,8.86,75,21,3.04,61,0,10000
1018,10.84,62,60,1.54,100,0,10000,18,0,1,5,1015,6.65,78,14,0.82,67,0,10000,1015,6.65,78,14,0.82,67,0,10000,1015,6.65,78,14,0.82,67,0,10000,1015,6.65,78,14,0.82,67,0,10000,1015,6.65,78,14,0.82,67,0,10000,1015,6.65,78,14,0.82,67,0,10000,1015,6.65,78,14,0.82,67,0,10000,1015,6.65,78,14,0.82,67,0,10000,1015,6.65,78,14,0.82,67,0,10000,1015,6.65,78,14,0.82,67,0,10000,1015,6.65,78,14,0.82,67,0,10000,1015,6.65,78,14,0.82,67,0,10000
1018,10.84,62,60,1.54,100,0,10000,21,0,1,5,1014,6.33,79,158,1.22,64,0,10000,1014,6.33,79,158,1.22,64,0,10000,1014,6.33,79,158,1.22,64,0,10000,1014,6.33,79,158,1.22,64,0,10000,1014,6.33,79,158,1.22,64,0,10000,1014,6.33,79,158,1.22,64,0,10000,1014,6.33,79,158,1.22,64,0,10000,1014,6.33,79,158,1.22,64,0,10000,1014,6.33,79,158,1.22,64,0,10000,1014,6.33,79,158,1.22,64,0,10000,1014,6.33,79,158,1.22,64,0,10000,1014,6.33,79,158,1.22,64,0,10000
1018,10.84,62,60,1.54,100,0,10000,0,0,2,5,1011,6.52,77,180,2.05,98,0,10000,1011,6.52,77,180,2.05,98,0,10000,1011,6.52,77,180,2.05,98,0,10000,1011,6.52,77,180,2.05,98,0,10000,1011,6.52,77,180,2.05,98,0,10000,1011,6.52,77,180,2.05,98,0,10000,1011,6.52,77,180,2.05,98,0,10000,1011,6.52,77,180,2.05,98,0,10000,1011,6.52,77,180,2.05,98,0,10000,1011,6.52,77,180,2.05,98,0,10000,1011,6.52,77,180,2.05,98,0,10000,1011,6.52,77,180,2.05,98,0,10000
1018,10.84,62,60,1.54,100,0,10000,3,0,2,5,1010,6.8,81,195,3.12,99,0,10000,1010,6.8,81,195,3.12,99,0,10000,1010,6.8,81,195,3.12,99,0,10000,1010,6.8,81,195,3.12,99,0,10000,1010,6.8,81,195,3.12,99,0,10000,1010,6.8,81,195,3.12,99,0,10000,1010,6.8,81,195,3.12,99,0,10000,1010,6.8,81,195,3.12,99,0,10000,1010,6.8,81,195,3.12,99,0,10000,1010,6.8,81,195,3.12,99,0,10000,1010,6.8,81,195,3.12,99,0,10000,1010,6.8,81,195,3.12,99,0,10000
1018,10.84,62,60,1.54,100,0,10000,6,0,2,5,1009,9.25,76,212,6.25,100,0,10000,1009,9.25,76,212,6.25,100,0,10000,1009,9.25,76,212,6.25,100,0,10000,1009,9.25,76,212,6.25,100,0,10000,1009,9.25,76,212,6.25,100,0,10000,1009,9.25,76,212,6.25,100,0,10000,1009,9.25,76,212,6.25,100,0,10000,1009,9.25,76,212,6.25,100,0,10000,1009,9.25,76,212,6.25,100,0,10000,1009,9.25,76,212,6.25,100,0,10000,1009,9.25,76,212,6.25,100,0,10000,1009,9.25,76,212,6.25,100,0,10000
1018,10.84,62,60,1.54,100,0,10000,9,0,2,5,1018,10.55,63,305,2.8,100,0,10000,1018,10.55,63,305,2.8,100,0,10000,1018,10.55,63,305,2.8,100,0,10000,1018,10.55,63,305,2.8,100,0,10000,1018,10.55,63,305,2.8,100,0,10000,1018,10.55,63,305,2.8,100,0,10000,1018,10.55,63,305,2.8,100,0,10000,1018,10.55,63,305,2.8,100,0,10000,1018,10.55,63,305,2.8,100,0,10000,1018,10.55,63,305,2.8,100,0,10000,1018,10.55,63,305,2.8,100,0,10000,1018,10.55,63,305,2.8,100,0,10000
1018,10.84,62,60,1.54,100,0,10000,12,0,2,5,1017,10.47,64,323,3.19,88,0,10000,1017,10.47,64,323,3.19,88,0,10000,1017,10.47,64,323,3.19,88,0,10000,1017,10.47,64,323,3.19,88,0,10000,1017,10.47,64,323,3.19,88,0,10000,1017,10.47,64,323,3.19,88,0,10000,1017,10.47,64,323,3.19,88,0,10000,1017,10.47,64,323,3.19,88,0,10000,1017,10.47,64,323,3.19,88,0,10000,1017,10.47,64,323,3.19,88,0,10000,1017,10.47,64,323,3.19,88,0,10000,1017,10.47,64,323,3.19,88,0,10000
1018,10.84,62,60,1.54,100,0,10000,15,0,2,5,1015,8.86,75,21,3.04,61,0,10000,1015,8.86,75,21,3.04,61,0,10000,1015,8.86,75,21,3.04,61,0,10000,1015,8.86,75,21,3.04,61,0,10000,1015,8.86,75,21,3.04,61,0,10000,1015,8.86,75,21,3.04,61,0,10000,1015,8.86,75,21,3.04,61,0,10000,1015,8.86,75,21,3.04,61,0,10000,1015,8.86,75,21,3.04,61,0,10000,1015,8.86,75,21,3.04,61,0,10000,1015,8.86,75,21,3.04,61,0,10000,1015,8.86,75,21,3.04,61,0,10000
1018,10.84,62,60,1.54,100,0,10000,18,0,2,5,1015,6.65,78,14,0.82,67,0,10000,1015,6.65,78,14,0.82,67,0,10000,1015,6.65,78,14,0.82,67,0,10000,1015,6.65,78,14,0.82,67,0,10000,1015,6.65,78,14,0.82,67,0,10000,1015,6.65,78,14,0.82,67,0,10000,1015,6.65,78,14,0.82,67,0,10000,1015,6.65,78,14,0.82,67,0,10000,1015,6.65,78,14,0.82,67,0,10000,1015,6.65,78,14,0.82,67,0,10000,1015,6.65,78,14,0.82,67,0,10000,1015,6.65,78,14,0.82,67,0,10000
1018,10.84,62,60,1.54,100,0,10000,21,0,2,5,1014,6.33,79,158,1.22,64,0,10000,1014,6.33,79,158,1.22,64,0,10000,1014,6.33,79,158,1.22,64,0,10000,1014,6.33,79,158,1.22,64,0,10000,1014,6.33,79,158,1.22,64,0,10000,1014,6.33,79,158,1.22,64,0,10000,1014,6.33,79,158,1.22,64,0,10000,1014,6.33,79,158,1.22,64,0,10000,1014,6.33,79,158,1.22,64,0,10000,1014,6.33,79,158,1.22,64,0,10000,1014,6.33,79,158,1.22,64,0,10000,1014,6.33,79,158,1.22,64,0,10000
1018,10.84,62,60,1.54,100,0,10000,0,0,3,5,1011,6.52,77,180,2.05,98,0,10000,1011,6.52,77,180,2.05,98,0,10000,1011,6.52,77,180,2.05,98,0,10000,1011,6.52,77,180,2.05,98,0,10000,1011,6.52,77,180,2.05,98,0,10000,1011,6.52,77,180,2.05,98,0,10000,1011,6.52,77,180,2.05,98,0,10000,1011,6.52,77,180,2.05,98,0,10000,1011,6.52,77,180,2.05,98,0,10000,1011,6.52,77,180,2.05,98,0,10000,1011,6.52,77,180,2.05,98,0,10000,1011,6.52,77,180,2.05,98,0,10000
1018,10.84,62,60,1.54,100,0,10000,3,0,3,5,1010,6.8,81,195,3.12,99,0,10000,1010,6.8,81,195,3.12,99,0,10000,1010,6.8,81,195,3.12,99,0,10000,1010,6.8,81,195,3.12,99,0,10000,1010,6.8,81,195,3.12,99,0,10000,1010,6.8,81,195,3.12,99,0,10000,1010,6.8,81,195,3.12,99,0,10000,1010,6.8,81,195,3.12,99,0,10000,1010,6.8,81,195,3.12,99,0,10000,1010,6.8,81,195,3.12,99,0,10000,1010,6.8,81,195,3.12,99,0,10000,1010,6.8,81,195,3.12,99,0,10000
1018,10.84,62,60,1.54,100,0,10000,6,0,3,5,1009,9.25,76,212,6.25,100,0,10000,1009,9.25,76,212,6.25,100,0,10000,1009,9.25,76,212,6.25,100,0,10000,1009,9.25,76,212,6.25,100,0,10000,1009,9.25,76,212,6.25,100,0,10000,1009,9.25,76,212,6.25,100,0,10000,1009,9.25,76,212,6.25,100,0,10000,1009,9.25,76,212,6.25,100,0,10000,1009,9.25,76,212,6.25,100,0,10000,1009,9.25,76,212,6.25,100,0,10000,1009,9.25,76,212,6.25,100,0,10000,1009,9.25,76,212,6.25,100,0,10000
1018,10.84,62,60,1.54,100,0,10000,9,0,3,5,1018,10.55,63,305,2.8,100,0,10000,1018,10.55,63,305,2.8,100,0,10000,1018,10.55,63,305,2.8,100,0,10000,1018,10.55,63,305,2.8,100,0,10000,1018,10.55,63,305,2.8,100,0,10000,1018,10.55,63,305,2.8,100,0,10000,1018,10.55,63,305,2.8,100,0,10000,1018,10.55,63,305,2.8,100,0,10000,1018,10.55,63,305,2.8,100,0,10000,1018,10.55,63,305,2.8,100,0,10000,1018,10.55,63,305,2.8,100,0,10000,1018,10.55,63,305,2.8,100,0,10000
1018,10.84,62,60,1.54,100,0,10000,12,0,3,5,1017,10.47,64,323,3.19,88,0,10000,1017,10.47,64,323,3.19,88,0,10000,1017,10.47,64,323,3.19,88,0,10000,1017,10.47,64,323,3.19,88,0,10000,1017,10.47,64,323,3.19,88,0,10000,1017,10.47,64,323,3.19,88,0,10000,1017,10.47,64,323,3.19,88,0,10000,1017,10.47,64,323,3.19,88,0,10000,1017,10.47,64,323,3.19,88,0,10000,1017,10.47,64,323,3.19,88,0,10000,1017,10.47,64,323,3.19,88,0,10000,1017,10.47,64,323,3.19,88,0,10000
1018,10.84,62,60,1.54,100,0,10000,15,0,3,5,1015,8.86,75,21,3.04,61,0,10000,1015,8.86,75,21,3.04,61,0,10000,1015,8.86,75,21,3.04,61,0,10000,1015,8.86,75,21,3.04,61,0,10000,1015,8.86,75,21,3.04,61,0,10000,1015,8.86,75,21,3.04,61,0,10000,1015,8.86,75,21,3.04,61,0,10000,1015,8.86,75,21,3.04,61,0,10000,1015,8.86,75,21,3.04,61,0,10000,1015,8.86,75,21,3.04,61,0,10000,1015,8.86,75,21,3.04,61,0,10000,1015,8.86,75,21,3.04,61,0,10000
1018,10.84,62,60,1.54,100,0,10000,18,0,3,5,1015,6.65,78,14,0.82,67,0,10000,1015,6.65,78,14,0.82,67,0,10000,1015,6.65,78,14,0.82,67,0,10000,1015,6.65,78,14,0.82,67,0,10000,1015,6.65,78,14,0.82,67,0,10000,1015,6.65,78,14,0.82,67,0,10000,1015,6.65,78,14,0.82,67,0,10000,1015,6.65,78,14,0.82,67,0,10000,1015,6.65,78,14,0.82,67,0,10000,1015,6.65,78,14,0.82,67,0,10000,1015,6.65,78,14,0.82,67,0,10000,1015,6.65,78,14,0.82,67,0,10000
1018,10.84,62,60,1.54,100,0,10000,21,0,3,5,1014,6.33,79,158,1.22,64,0,10000,1014,6.33,79,158,1.22,64,0,10000,1014,6.33,79,158,1.22,64,0,10000,1014,6.33,79,158,1.22,64,0,10000,1014,6.33,79,158,1.22,64,0,10000,1014,6.33,79,158,1.22,64,0,10000,1014,6.33,79,158,1.22,64,0,10000,1014,6.33,79,158,1.22,64,0,10000,1014,6.33,79,158,1.22,64,0,10000,1014,6.33,79,158,1.22,64,0,10000,1014,6.33,79,158,1.22,64,0,10000,1014,6.33,79,158,1.22,64,0,10000
1018,10.84,62,60,1.54,100,0,10000,0,0,4,5,1011,6.52,77,180,2.05,98,0,10000,1011,6.52,77,180,2.05,98,0,10000,1011,6.52,77,180,2.05,98,0,10000,1011,6.52,77,180,2.05,98,0,10000,1011,6.52,77,180,2.05,98,0,10000,1011,6.52,77,180,2.05,98,0,10000,1011,6.52,77,180,2.05,98,0,10000,1011,6.52,77,180,2.05,98,0,10000,1011,6.52,77,180,2.05,98,0,10000,1011,6.52,77,180,2.05,98,0,10000,1011,6.52,77,180,2.05,98,0,10000,1011,6.52,77,180,2.05,98,0,10000
1018,10.84,62,60,1.54,100,0,10000,3,0,4,5,1010,6.8,81,195,3.12,99,0,10000,1010,6.8,81,195,3.12,99,0,10000,1010,6.8,81,195,3.12,99,0,10000,1010,6.8,81,195,3.12,99,0,10000,1010,6.8,81,195,3.12,99,0,10000,1010,6.8,81,195,3.12,99,0,10000,1010,6.8,81,195,3.12,99,0,10000,1010,6.8,81,195,3.12,99,0,10000,1010,6.8,81,195,3.12,99,0,10000,1010,6.8,81,195,3.12,99,0,10000,1010,6.8,81,195,3.12,99,0,10000,1010,6.8,81,195,3.12,99,0,10000
1018,10.84,62,60,1.54,100,0,10000,6,0,4,5,1009,9.25,76,212,6.25,100,0,10000,1009,9.25,76,212,6.25,100,0,10000,1009,9.25,76,212,6.25,100,0,10000,1009,9.25,76,212,6.25,100,0,10000,1009,9.25,76,212,6.25,100,0,10000,1009,9.25,76,212,6.25,100,0,10000,1009,9.25,76,212,6.25,100,0,10000,1009,9.25,76,212,6.25,100,0,10000,1009,9.25,76,212,6.25,100,0,10000,1009,9.25,76,212,6.25,100,0,10000,1009,9.25,76,212,6.25,100,0,10000,1009,9.25,76,212,6.25,100,0,10000
1018,10.84,62,60,1.54,100,0,10000,9,0,4,5,1018,10.55,63,305,2.8,100,0,10000,1018,10.55,63,305,2.8,100,0,10000,1018,10.55,63,305,2.8,100,0,10000,1018,10.55,63,305,2.8,100,0,10000,1018,10.55,63,305,2.8,100,0,10000,1018,10.55,63,305,2.8,100,0,10000,1018,10.55,63,305,2.8,100,0,10000,1018,10.55,63,305,2.8,100,0,10000,1018,10.55,63,305,2.8,100,0,10000,1018,10.55,63,305,2.8,100,0,10000,1018,10.55,63,305,2.8,100,0,10000,1018,10.55,63,305,2.8,100,0,10000
1018,10.84,62,60,1.54,100,0,10000,12,0,4,5,1017,10.47,64,323,3.19,88,0,10000,1017,10.47,64,323,3.19,88,0,10000,1017,10.47,64,323,3.19,88,0,10000,1017,10.47,64,323,3.19,88,0,10000,1017,10.47,64,323,3.19,88,0,10000,1017,10.47,64,323,3.19,88,0,10000,1017,10.47,64,323,3.19,88,0,10000,1017,10.47,64,323,3.19,88,0,10000,1017,10.47,64,323,3.19,88,0,10000,1017,10.47,64,323,3.19,88,0,10000,1017,10.47,64,323,3.19,88,0,10000,1017,10.47,64,323,3.19,88,0,10000
1018,10.84,62,60,1.54,100,0,10000,15,0,4,5,1015,8.86,75,21,3.04,61,0,10000,1015,8.86,75,21,3.04,61,0,10000,1015,8.86,75,21,3.04,61,0,10000,1015,8.86,75,21,3.04,61,0,10000,1015,8.86,75,21,3.04,61,0,10000,1015,8.86,75,21,3.04,61,0,10000,1015,8.86,75,21,3.04,61,0,10000,1015,8.86,75,21,3.04,61,0,10000,1015,8.86,75,21,3.04,61,0,10000,1015,8.86,75,21,3.04,61,0,10000,1015,8.86,75,21,3.04,61,0,10000,1015,8.86,75,21,3.04,61,0,10000
1018,10.84,62,60,1.54,100,0,10000,18,0,4,5,1015,6.65,78,14,0.82,67,0,10000,1015,6.65,78,14,0.82,67,0,10000,1015,6.65,78,14,0.82,67,0,10000,1015,6.65,78,14,0.82,67,0,10000,1015,6.65,78,14,0.82,67,0,10000,1015,6.65,78,14,0.82,67,0,10000,1015,6.65,78,14,0.82,67,0,10000,1015,6.65,78,14,0.82,67,0,10000,1015,6.65,78,14,0.82,67,0,10000,1015,6.65,78,14,0.82,67,0,10000,1015,6.65,78,14,0.82,67,0,10000,1015,6.65,78,14,0.82,67,0,10000
1018,10.84,62,60,1.54,100,0,10000,21,0,4,5,1014,6.33,79,158,1.22,64,0,10000,1014,6.33,79,158,1.22,64,0,10000,1014,6.33,79,158,1.22,64,0,10000,1014,6.33,79,158,1.22,64,0,10000,1014,6.33,79,158,1.22,64,0,10000,1014,6.33,79,158,1.22,64,0,10000,1014,6.33,79,158,1.22,64,0,10000,1014,6.33,79,158,1.22,64,0,10000,1014,6.33,79,158,1.22,64,0,10000,1014,6.33,79,158,1.22,64,0,10000,1014,6.33,79,158,1.22,64,0,10000,1014,6.33,79,158,1.22,64,0,10000
1018,10.84,62,60,1.54,100,0,10000,0,0,5,5,1011,6.52,77,180,2.05,98,0,10000,1011,6.52,77,180,2.05,98,0,10000,1011,6.52,77,180,2.05,98,0,10000,1011,6.52,77,180,2.05,98,0,10000,1011,6.52,77,180,2.05,98,0,10000,1011,6.52,77,180,2.05,98,0,10000,1011,6.52,77,180,2.05,98,0,10000,1011,6.52,77,180,2.05,98,0,10000,1011,6.52,77,180,2.05,98,0,10000,1011,6.52,77,180,2.05,98,0,10000,1011,6.52,77,180,2.05,98,0,10000,1011,6.52,77,180,2.05,98,0,10000
1018,10.84,62,60,1.54,100,0,10000,3,0,5,5,1010,6.8,81,195,3.12,99,0,10000,1010,6.8,81,195,3.12,99,0,10000,1010,6.8,81,195,3.12,99,0,10000,1010,6.8,81,195,3.12,99,0,10000,1010,6.8,81,195,3.12,99,0,10000,1010,6.8,81,195,3.12,99,0,10000,1010,6.8,81,195,3.12,99,0,10000,1010,6.8,81,195,3.12,99,0,10000,1010,6.8,81,195,3.12,99,0,10000,1010,6.8,81,195,3.12,99,0,10000,1010,6.8,81,195,3.12,99,0,10000,1010,6.8,81,195,3.12,99,0,10000
1018,10.84,62,60,1.54,100,0,10000,6,0,5,5,1009,9.25,76,212,6.25,100,0,10000,1009,9.25,76,212,6.25,100,0,10000,1009,9.25,76,212,6.25,100,0,10000,1009,9.25,76,212,6.25,100,0,10000,1009,9.25,76,212,6.25,100,0,10000,1009,9.25,76,212,6.25,100,0,10000,1009,9.25,76,212,6.25,100,0,10000,1009,9.25,76,212,6.25,100,0,10000,1009,9.25,76,212,6.25,100,0,10000,1009,9.25,76,212,6.25,100,0,10000,1009,9.25,76,212,6.25,100,0,10000,1009,9.25,76,212,6.25,100,0,10000
1018,10.84,62,60,1.54,100,0,10000,9,0,5,5,1018,10.55,63,305,2.8,100,0,10000,1018,10.55,63,305,2.8,100,0,10000,1018,10.55,63,305,2.8,100,0,10000,1018,10.55,63,305,2.8,100,0,10000,1018,10.55,63,305,2.8,100,0,10000,1018,10.55,63,305,2.8,100,0,10000,1018,10.55,63,305,2.8,100,0,10000,1018,10.55,63,305,2.8,100,0,10000,1018,10.55,63,305,2.8,100,0,10000,1018,10.55,63,305,2.8,100,0,10000,1018,10.55,63,305,2.8,100,0,10000,1018,10.55,63,305,2.8,100,0,10000
1018,10.84,62,60,1.54,100,0,10000,12,0,5,5,1017,10.47,64,323,3.19,88,0,10000,1017,10.47,64,323,3.19,88,0,10000,1017,10.47,64,323,3.19,88,0,10000,1017,10.47,64,323,3.19,88,0,10000,1017,10.47,64,323,3.19,88,0,10000,1017,10.47,64,323,3.19,88,0,10000,1017,10.47,64,323,3.19,88,0,10000,1017,10.47,64,323,3.19,88,0,10000,1017,10.47,64,323,3.19,88,0,10000,1017,10.47,64,323,3.19,88,0,10000,1017,10.47,64,323,3.19,88,0,10000,1017,10.47,64,323,3.19,88,0,10000
1018,10.84,62,60,1.54,100,0,10000,15,0,5,5,1015,8.86,75,21,3.04,61,0,10000,1015,8.86,75,21,3.04,61,0,10000,1015,8.86,75,21,3.04,61,0,10000,1015,8.86,75,21,3.04,61,0,10000,1015,8.86,75,21,3.04,61,0,10000,1015,8.86,75,21,3.04,61,0,10000,1015,8.86,75,21,3.04,61,0,10000,1015,8.86,75,21,3.04,61,0,10000,1015,8.86,75,21,3.04,61,0,10000,1015,8.86,75,21,3.04,61,0,10000,1015,8.86,75,21,3.04,61,0,10000,1015,8.86,75,21,3.04,61,0,10000
1018,10.84,62,60,1.54,100,0,10000,18,0,5,5,1015,6.65,78,14,0.82,67,0,10000,1015,6.65,78,14,0.82,67,0,10000,1015,6.65,78,14,0.82,67,0,10000,1015,6.65,78,14,0.82,67,0,10000,1015,6.65,78,14,0.82,67,0,10000,1015,6.65,78,14,0.82,67,0,10000,1015,6.65,78,14,0.82,67,0,10000,1015,6.65,78,14,0.82,67,0,10000,1015,6.65,78,14,0.82,67,0,10000,1015,6.65,78,14,0.82,67,0,10000,1015,6.65,78,14,0.82,67,0,10000,1015,6.65,78,14,0.82,67,0,10000
1018,10.84,62,60,1.54,100,0,10000,21,0,5,5,1014,6.33,79,158,1.22,64,0,10000,1014,6.33,79,158,1.22,64,0,10000,1014,6.33,79,158,1.22,64,0,10000,1014,6.33,79,158,1.22,64,0,10000,1014,6.33,79,158,1.22,64,0,10000,1014,6.33,79,158,1.22,64,0,10000,1014,6.33,79,158,1.22,64,0,10000,1014,6.33,79,158,1.22,64,0,10000,1014,6.33,79,158,1.22,64,0,10000,1014,6.33,79,158,1.22,64,0,10000,1014,6.33,79,158,1.22,64,0,10000,1014,6.33,79,158,1.22,64,0,10000
1018,10.84,62,60,1.54,100,0,10000,0,0,6,5,1011,6.52,77,180,2.05,98,0,10000,1011,6.52,77,180,2.05,98,0,10000,1011,6.52,77,180,2.05,98,0,10000,1011,6.52,77,180,2.05,98,0,10000,1011,6.52,77,180,2.05,98,0,10000,1011,6.52,77,180,2.05,98,0,10000,1011,6.52,77,180,2.05,98,0,10000,1011,6.52,77,180,2.05,98,0,10000,1011,6.52,77,180,2.05,98,0,10000,1011,6.52,77,180,2.05,98,0,10000,1011,6.52,77,180,2.05,98,0,10000,1011,6.52,77,180,2.05,98,0,10000
1018,10.84,62,60,1.54,100,0,10000,3,0,6,5,1010,6.8,81,195,3.12,99,0,10000,1010,6.8,81,195,3.12,99,0,10000,1010,6.8,81,195,3.12,99,0,10000,1010,6.8,81,195,3.12,99,0,10000,1010,6.8,81,195,3.12,99,0,10000,1010,6.8,81,195,3.12,99,0,10000,1010,6.8,81,195,3.12,99,0,10000,1010,6.8,81,195,3.12,99,0,10000,1010,6.8,81,195,3.12,99,0,10000,1010,6.8,81,195,3.12,99,0,10000,1010,6.8,81,195,3.12,99,0,10000,1010,6.8,81,195,3.12,99,0,10000
1018,10.84,62,60,1.54,100,0,10000,6,0,6,5,1009,9.25,76,212,6.25,100,0,10000,1009,9.25,76,212,6.25,100,0,10000,1009,9.25,76,212,6.25,100,0,10000,1009,9.25,76,212,6.25,100,0,10000,1009,9.25,76,212,6.25,100,0,10000,1009,9.25,76,212,6.25,100,0,10000,1009,9.25,76,212,6.25,100,0,10000,1009,9.25,76,212,6.25,100,0,10000,1009,9.25,76,212,6.25,100,0,10000,1009,9.25,76,212,6.25,100,0,10000,1009,9.25,76,212,6.25,100,0,10000,1009,9.25,76,212,6.25,100,0,10000
1018,10.84,62,60,1.54,100,0,10000,9,0,6,5,1018,10.55,63,305,2.8,100,0,10000,1018,10.55,63,305,2.8,100,0,10000,1018,10.55,63,305,2.8,100,0,10000,1018,10.55,63,305,2.8,100,0,10000,1018,10.55,63,305,2.8,100,0,10000,1018,10.55,63,305,2.8,100,0,10000,1018,10.55,63,305,2.8,100,0,10000,1018,10.55,63,305,2.8,100,0,10000,1018,10.55,63,305,2.8,100,0,10000,1018,10.55,63,305,2.8,100,0,10000,1018,10.55,63,305,2.8,100,0,10000,1018,10.55,63,305,2.8,100,0,10000
1018,10.84,62,60,1.54,100,0,10000,12,0,6,5,1017,10.47,64,323,3.19,88,0,10000,1017,10.47,64,323,3.19,88,0,10000,1017,10.47,64,323,3.19,88,0,10000,1017,10.47,64,323,3.19,88,0,10000,1017,10.47,64,323,3.19,88,0,10000,1017,10.47,64,323,3.19,88,0,10000,1017,10.47,64,323,3.19,88,0,10000,1017,10.47,64,323,3.19,88,0,10000,1017,10.47,64,323,3.19,88,0,10000,1017,10.47,64,323,3.19,88,0,10000,1017,10.47,64,323,3.19,88,0,10000,1017,10.47,64,323,3.19,88,0,10000
1018,10.84,62,60,1.54,100,0,10000,15,0,6,5,1015,8.86,75,21,3.04,61,0,10000,1015,8.86,75,21,3.04,61,0,10000,1015,8.86,75,21,3.04,61,0,10000,1015,8.86,75,21,3.04,61,0,10000,1015,8.86,75,21,3.04,61,0,10000,1015,8.86,75,21,3.04,61,0,10000,1015,8.86,75,21,3.04,61,0,10000,1015,8.86,75,21,3.04,61,0,10000,1015,8.86,75,21,3.04,61,0,10000,1015,8.86,75,21,3.04,61,0,10000,1015,8.86,75,21,3.04,61,0,10000,1015,8.86,75,21,3.04,61,0,10000
1018,10.84,62,60,1.54,100,0,10000,18,0,6,5,1015,6.65,78,14,0.82,67,0,10000,1015,6.65,78,14,0.82,67,0,10000,1015,6.65,78,14,0.82,67,0,10000,1015,6.65,78,14,0.82,67,0,10000,1015,6.65,78,14,0.82,67,0,10000,1015,6.65,78,14,0.82,67,0,10000,1015,6.65,78,14,0.82,67,0,10000,1015,6.65,78,14,0.82,67,0,10000,1015,6.65,78,14,0.82,67,0,10000,1015,6.65,78,14,0.82,67,0,10000,1015,6.65,78,14,0.82,67,0,10000,1015,6.65,78,14,0.82,67,0,10000
1018,10.84,62,60,1.54,100,0,10000,21,0,6,5,1014,6.33,79,158,1.22,64,0,10000,1014,6.33,79,158,1.22,64,0,10000,1014,6.33,79,158,1.22,64,0,10000,1014,6.33,79,158,1.22,64,0,10000,1014,6.33,79,158,1.22,64,0,10000,1014,6.33,79,158,1.22,64,0,10000,1014,6.33,79,158,1.22,64,0,10000,1014,6.33,79,158,1.22,64,0,10000,1014,6.33,79,158,1.22,64,0,10000,1014,6.33,79,158,1.22,64,0,10000,1014,6.33,79,158,1.22,64,0,10000,1014,6.33,79,158,1.22,64,0,10000
1018,10.84,62,60,1.54,100,0,10000,0,0,7,5,1011,6.52,77,180,2.05,98,0,10000,1011,6.52,77,180,2.05,98,0,10000,1011,6.52,77,180,2.05,98,0,10000,1011,6.52,77,180,2.05,98,0,10000,1011,6.52,77,180,2.05,98,0,10000,1011,6.52,77,180,2.05,98,0,10000,1011,6.52,77,180,2.05,98,0,10000,1011,6.52,77,180,2.05,98,0,10000,1011,6.52,77,180,2.05,98,0,10000,1011,6.52,77,180,2.05,98,0,10000,1011,6.52,77,180,2.05,98,0,10000,1011,6.52,77,180,2.05,98,0,10000
1018,10.84,62,60,1.54,100,0,10000,3,0,7,5,1010,6.8,81,195,3.12,99,0,10000,1010,6.8,81,195,3.12,99,0,10000,1010,6.8,81,195,3.12,99,0,10000,1010,6.8,81,195,3.12,99,0,10000,1010,6.8,81,195,3.12,99,0,10000,1010,6.8,81,195,3.12,99,0,10000,1010,6.8,81,195,3.12,99,0,10000,1010,6.8,81,195,3.12,99,0,10000,1010,6.8,81,195,3.12,99,0,10000,1010,6.8,81,195,3.12,99,0,10000,1010,6.8,81,195,3.12,99,0,10000,1010,6.8,81,195,3.12,99,0,10000
1018,10.84,62,60,1.54,100,0,10000,6,0,7,5,1009,9.25,76,212,6.25,100,0,10000,1009,9.25,76,212,6.25,100,0,10000,1009,9.25,76,212,6.25,100,0,10000,1009,9.25,76,212,6.25,100,0,10000,1009,9.25,76,212,6.25,100,0,10000,1009,9.25,76,212,6.25,100,0,10000,1009,9.25,76,212,6.25,100,0,10000,1009,9.25,76,212,6.25,100,0,10000,1009,9.25,76,212,6.25,100,0,10000,1009,9.25,76,212,6.25,100,0,10000,1009,9.25,76,212,6.25,100,0,10000,1009,9.25,76,212,6.25,100,0,10000
1018,10.84,62,60,1.54,100,0,10000,9,0,7,5,1018,10.55,63,305,2.8,100,0,10000,1018,10.55,63,305,2.8,100,0,10000,1018,10.55,63,305,2.8,100,0,10000,1018,10.55,63,305,2.8,100,0,10000,1018,10.55,63,305,2.8,100,0,10000,1018,10.55,63,305,2.8,100,0,10000,1018,10.55,63,305,2.8,100,0,10000,1018,10.55,63,305,2.8,100,0,10000,1018,10.55,63,305,2.8,100,0,10000,1018,10.55,63,305,2.8,100,0,10000,1018,10.55,63,305,2.8,100,0,10000,1018,10.55,63,305,2.8,100,0,10000
1018,10.84,62,60,1.54,100,0,10000,12,0,7,5,1017,10.47,64,323,3.19,88,0,10000,1017,10.47,64,323,3.19,88,0,10000,1017,10.47,64,323,3.19,88,0,10000,1017,10.47,64,323,3.19,88,0,10000,1017,10.47,64,323,3.19,88,0,10000,1017,10.47,64,323,3.19,88,0,10000,1017,10.47,64,323,3.19,88,0,10000,1017,10.47,64,323,3.19,88,0,10000,1017,10.47,64,323,3.19,88,0,10000,1017,10.47,64,323,3.19,88,0,10000,1017,10.47,64,323,3.19,88,0,10000,1017,10.47,64,323,3.19,88,0,10000
1018,10.84,62,60,1.54,100,0,10000,15,0,7,5,1015,8.86,75,21,3.04,61,0,10000,1015,8.86,75,21,3.04,61,0,10000,1015,8.86,75,21,3.04,61,0,10000,1015,8.86,75,21,3.04,61,0,10000,1015,8.86,75,21,3.04,61,0,10000,1015,8.86,75,21,3.04,61,0,10000,1015,8.86,75,21,3.04,61,0,10000,1015,8.86,75,21,3.04,61,0,10000,1015,8.86,75,21,3.04,61,0,10000,1015,8.86,75,21,3.04,61,0,10000,1015,8.86,75,21,3.04,61,0,10000,1015,8.86,75,21,3.04,61,0,10000
1018,10.84,62,60,1.54,100,0,10000,18,0,7,5,1015,6.65,78,14,0.82,67,0,10000,1015,6.65,78,14,0.82,67,0,10000,1015,6.65,78,14,0.82,67,0,10000,1015,6.65,78,14,0.82,67,0,10000,1015,6.65,78,14,0.82,67,0,10000,1015,6.65,78,14,0.82,67,0,10000,1015,6.65,78,14,0.82,67,0,10000,1015,6.65,78,14,0.82,67,0,10000,1015,6.65,78,14,0.82,67,0,10000,1015,6.65,78,14,0.82,67,0,10000,1015,6.65,78,14,0.82,67,0,10000,1015,6.65,78,14,0.82,67,0,10000
1018,10.84,62,60,1.54,100,0,10000,21,0,7,5,1014,6.33,79,158,1.22,64,0,10000,1014,6.33,79,158,1.22,64,0,10000,1014,6.33,79,158,1.22,64,0,10000,1014,6.33,79,158,1.22,64,0,10000,1014,6.33,79,158,1.22,64,0,10000,1014,6.33,79,158,1.22,64,0,10000,1014,6.33,79,158,1.22,64,0,10000,1014,6.33,79,158,1.22,64,0,10000,1014,6.33,79,158,1.22,64,0,10000,1014,6.33,79,158,1.22,64,0,10000,1014,6.33,79,158,1.22,64,0,10000,1014,6.33,79,158,1.22,64,0,10000
1018,10.84,62,60,1.54,100,0,10000,0,0,8,5,1011,6.52,77,180,2.05,98,0,10000,1011,6.52,77,180,2.05,98,0,10000,1011,6.52,77,180,2.05,98,0,10000,1011,6.52,77,180,2.05,98,0,10000,1011,6.52,77,180,2.05,98,0,10000,1011,6.52,77,180,2.05,98,0,10000,1011,6.52,77,180,2.05,98,0,10000,1011,6.52,77,180,2.05,98,0,10000,1011,6.52,77,180,2.05,98,0,10000,1011,6.52,77,180,2.05,98,0,10000,1011,6.52,77,180,2.05,98,0,10000,1011,6.52,77,180,2.05,98,0,10000
1018,10.84,62,60,1.54,100,0,10000,3,0,8,5,1010,6.8,81,195,3.12,99,0,10000,1010,6.8,81,195,3.12,99,0,10000,1010,6.8,81,195,3.12,99,0,10000,1010,6.8,81,195,3.12,99,0,10000,1010,6.8,81,195,3.12,99,0,10000,1010,6.8,81,195,3.12,99,0,10000,1010,6.8,81,195,3.12,99,0,10000,1010,6.8,81,195,3.12,99,0,10000,1010,6.8,81,195,3.12,99,0,10000,1010,6.8,81,195,3.12,99,0,10000,1010,6.8,81,195,3.12,99,0,10000,1010,6.8,81,195,3.12,99,0,10000
1018,10.84,62,60,1.54,100,0,10000,6,0,8,5,1009,9.25,76,212,6.25,100,0,10000,1009,9.25,76,212,6.25,100,0,10000,1009,9.25,76,212,6.25,100,0,10000,1009,9.25,76,212,6.25,100,0,10000,1009,9.25,76,212,6.25,100,0,10000,1009,9.25,76,212,6.25,100,0,10000,1009,9.25,76,212,6.25,100,0,10000,1009,9.25,76,212,6.25,100,0,10000,1009,9.25,76,212,6.25,100,0,10000,1009,9.25,76,212,6.25,100,0,10000,1009,9.25,76,212,6.25,100,0,10000,1009,9.25,76,212,6.25,100,0,10000
1018,10.84,62,60,1.54,100,0,10000,9,0,8,5,1018,10.55,63,305,2.8,100,0,10000,1018,10.55,63,305,2.8,100,0,10000,1018,10.55,63,305,2.8,100,0,10000,1018,10.55,63,305,2.8,100,0,10000,1018,10.55,63,305,2.8,100,0,10000,1018,10.55,63,305,2.8,100,0,10000,1018,10.55,63,305,2.8,100,0,10000,1018,10.55,63,305,2.8,100,0,10000,1018,10.55,63,305,2.8,100,0,10000,1018,10.55,63,305,2.8,100,0,10000,1018,10.55,63,305,2.8,100,0,10000,1018,10.55,63,305,2.8,100,0,10000
1018,10.84,62,60,1.54,100,0,10000,12,0,8,5,1017,10.47,64,323,3.19,88,0,10000,1017,10.47,64,323,3.19,88,0,10000,1017,10.47,64,323,3.19,88,0,10000,1017,10.47,64,323,3.19,88,0,10000,1017,10.47,64,323,3.19,88,0,10000,1017,10.47,64,323,3.19,88,0,10000,1017,10.47,64,323,3.19,88,0,10000,1017,10.47,64,323,3.19,88,0,10000,1017,10.47,64,323,3.19,88,0,10000,1017,10.47,64,323,3.19,88,0,10000,1017,10.47,64,323,3.19,88,0,10000,1017,10.47,64,323,3.19,88,0,10000
1018,10.84,62,60,1.54,100,0,10000,15,0,8,5,1015,8.86,75,21,3.04,61,0,10000,1015,8.86,75,21,3.04,61,0,10000,1015,8.86,75,21,3.04,61,0,10000,1015,8.86,75,21,3.04,61,0,10000,1015,8.86,75,21,3.04,61,0,10000,1015,8.86,75,21,3.04,61,0,10000,1015,8.86,75,21,3.04,61,0,10000,1015,8.86,75,21,3.04,61,0,10000,1015,8.86,75,21,3.04,61,0,10000,1015,8.86,75,21,3.04,61,0,10000,1015,8.86,75,21,3.04,61,0,10000,1015,8.86,75,21,3.04,61,0,10000
1018,10.84,62,60,1.54,100,0,10000,18,0,8,5,1015,6.65,78,14,0.82,67,0,10000,1015,6.65,78,14,0.82,67,0,10000,1015,6.65,78,14,0.82,67,0,10000,1015,6.65,78,14,0.82,67,0,10000,1015,6.65,78,14,0.82,67,0,10000,1015,6.65,78,14,0.82,67,0,10000,1015,6.65,78,14,0.82,67,0,10000,1015,6.65,78,14,0.82,67,0,10000,1015,6.65,78,14,0.82,67,0,10000,1015,6.65,78,14,0.82,67,0,10000,1015,6.65,78,14,0.82,67,0,10000,1015,6.65,78,14,0.82,67,0,10000
1018,10.84,62,60,1.54,100,0,10000,21,0,8,5,1014,6.33,79,158,1.22,64,0,10000,1014,6.33,79,158,1.22,64,0,10000,1014,6.33,79,158,1.22,64,0,10000,1014,6.33,79,158,1.22,64,0,10000,1014,6.33,79,158,1.22,64,0,10000,1014,6.33,79,158,1.22,64,0,10000,1014,6.33,79,158,1.22,64,0,10000,1014,6.33,79,158,1.22,64,0,10000,1014,6.33,79,158,1.22,64,0,10000,1014,6.33,79,158,1.22,64,0,10000,1014,6.33,79,158,1.22,64,0,10000,1014,6.33,79,158,1.22,64,0,10000
1018,10.84,62,60,1.54,100,0,10000,0,0,9,5,1011,6.52,77,180,2.05,98,0,10000,1011,6.52,77,180,2.05,98,0,10000,1011,6.52,77,180,2.05,98,0,10000,1011,6.52,77,180,2.05,98,0,10000,1011,6.52,77,180,2.05,98,0,10000,1011,6.52,77,180,2.05,98,0,10000,1011,6.52,77,180,2.05,98,0,10000,1011,6.52,77,180,2.05,98,0,10000,1011,6.52,77,180,2.05,98,0,10000,1011,6.52,77,180,2.05,98,0,10000,1011,6.52,77,180,2.05,98,0,10000,1011,6.52,77,180,2.05,98,0,10000
1018,10.84,62,60,1.54,100,0,10000,3,0,9,5,1010,6.8,81,195,3.12,99,0,10000,1010,6.8,81,195,3.12,99,0,10000,1010,6.8,81,195,3.12,99,0,10000,1010,6.8,81,195,3.12,99,0,10000,1010,6.8,81,195,3.12,99,0,10000,1010,6.8,81,195,3.12,99,0,10000,1010,6.8,81,195,3.12,99,0,10000,1010,6.8,81,195,3.12,99,0,10000,1010,6.8,81,195,3.12,99,0,10000,1010,6.8,81,195,3.12,99,0,10000,1010,6.8,81,195,3.12,99,0,10000,1010,6.8,81,195,3.12,99,0,10000
1018,10.84,62,60,1.54,100,0,10000,6,0,9,5,1009,9.25,76,212,6.25,100,0,10000,1009,9.25,76,212,6.25,100,0,10000,1009,9.25,76,212,6.25,100,0,10000,1009,9.25,76,212,6.25,100,0,10000,1009,9.25,76,212,6.25,100,0,10000,1009,9.25,76,212,6.25,100,0,10000,1009,9.25,76,212,6.25,100,0,10000,1009,9.25,76,212,6.25,100,0,10000,1009,9.25,76,212,6.25,100,0,10000,1009,9.25,76,212,6.25,100,0,10000,1009,9.25,76,212,6.25,100,0,10000,1009,9.25,76,212,6.25,100,0,10000
1018,10.84,62,60,1.54,100,0,10000,9,0,9,5,1018,10.55,63,305,2.8,100,0,10000,1018,10.55,63,305,2.8,100,0,10000,1018,10.55,63,305,2.8,100,0,10000,1018,10.55,63,305,2.8,100,0,10000,1018,10.55,63,305,2.8,100,0,10000,1018,10.55,63,305,2.8,100,0,10000,1018,10.55,63,305,2.8,100,0,10000,1018,10.55,63,305,2.8,100,0,10000,1018,10.55,63,305,2.8,100,0,10000,1018,10.55,63,305,2.8,100,0,10000,1018,10.55,63,305,2.8,100,0,10000,1018,10.55,63,305,2.8,100,0,10000
1018,10.84,62,60,1.54,100,0,10000,12,0,9,5,1017,10.47,64,323,3.19,88,0,10000,1017,10.47,64,323,3.19,88,0,10000,1017,10.47,64,323,3.19,88,0,10000,1017,10.47,64,323,3.19,88,0,10000,1017,10.47,64,323,3.19,88,0,10000,1017,10.47,64,323,3.19,88,0,10000,1017,10.47,64,323,3.19,88,0,10000,1017,10.47,64,323,3.19,88,0,10000,1017,10.47,64,323,3.19,88,0,10000,1017,10.47,64,323,3.19,88,0,10000,1017,10.47,64,323,3.19,88,0,10000,1017,10.47,64,323,3.19,88,0,10000
1018,10.84,62,60,1.54,100,0,10000,15,0,9,5,1015,8.86,75,21,3.04,61,0,10000,1015,8.86,75,21,3.04,61,0,10000,1015,8.86,75,21,3.04,61,0,10000,1015,8.86,75,21,3.04,61,0,10000,1015,8.86,75,21,3.04,61,0,10000,1015,8.86,75,21,3.04,61,0,10000,1015,8.86,75,21,3.04,61,0,10000,1015,8.86,75,21,3.04,61,0,10000,1015,8.86,75,21,3.04,61,0,10000,1015,8.86,75,21,3.04,61,0,10000,1015,8.86,75,21,3.04,61,0,10000,1015,8.86,75,21,3.04,61,0,10000
1018,10.84,62,60,1.54,100,0,10000,18,0,9,5,1015,6.65,78,14,0.82,67,0,10000,1015,6.65,78,14,0.82,67,0,10000,1015,6.65,78,14,0.82,67,0,10000,1015,6.65,78,14,0.82,67,0,10000,1015,6.65,78,14,0.82,67,0,10000,1015,6.65,78,14,0.82,67,0,10000,1015,6.65,78,14,0.82,67,0,10000,1015,6.65,78,14,0.82,67,0,10000,1015,6.65,78,14,0.82,67,0,10000,1015,6.65,78,14,0.82,67,0,10000,1015,6.65,78,14,0.82,67,0,10000,1015,6.65,78,14,0.82,67,0,10000
1018,10.84,62,60,1.54,100,0,10000,21,0,9,5,1014,6.33,79,158,1.22,64,0,10000,1014,6.33,79,158,1.22,64,0,10000,1014,6.33,79,158,1.22,64,0,10000,1014,6.33,79,158,1.22,64,0,10000,1014,6.33,79,158,1.22,64,0,10000,1014,6.33,79,158,1.22,64,0,10000,1014,6.33,79,158,1.22,64,0,10000,1014,6.33,79,158,1.22,64,0,10000,1014,6.33,79,158,1.22,64,0,10000,1014,6.33,79,158,1.22,64,0,10000,1014,6.33,79,158,1.22,64,0,10000,1014,6.33,79,158,1.22,64,0,10000
1018,10.84,62,60,1.54,100,0,10000,0,0,10,5,1011,6.52,77,180,2.05,98,0,10000,1011,6.52,77,180,2.05,98,0,10000,1011,6.52,77,180,2.05,98,0,10000,1011,6.52,77,180,2.05,98,0,10000,1011,6.52,77,180,2.05,98,0,10000,1011,6.52,77,180,2.05,98,0,10000,1011,6.52,77,180,2.05,98,0,10000,1011,6.52,77,180,2.05,98,0,10000,1011,6.52,77,180,2.05,98,0,10000,1011,6.52,77,180,2.05,98,0,10000,1011,6.52,77,180,2.05,98,0,10000,1011,6.52,77,180,2.05,98,0,10000
1018,10.84,62,60,1.54,100,0,10000,3,0,10,5,1010,6.8,81,195,3.12,99,0,10000,1010,6.8,81,195,3.12,99,0,10000,1010,6.8,81,195,3.12,99,0,10000,1010,6.8,81,195,3.12,99,0,10000,1010,6.8,81,195,3.12,99,0,10000,1010,6.8,81,195,3.12,99,0,10000,1010,6.8,81,195,3.12,99,0,10000,1010,6.8,81,195,3.12,99,0,10000,1010,6.8,81,195,3.12,99,0,10000,1010,6.8,81,195,3.12,99,0,10000,1010,6.8,81,195,3.12,99,0,10000,1010,6.8,81,195,3.12,99,0,10000
1018,10.84,62,60,1.54,100,0,10000,6,0,10,5,1009,9.25,76,212,6.25,100,0,10000,1009,9.25,76,212,6.25,100,0,10000,1009,9.25,76,212,6.25,100,0,10000,1009,9.25,76,212,6.25,100,0,10000,1009,9.25,76,212,6.25,100,0,10000,1009,9.25,76,212,6.25,100,0,10000,1009,9.25,76,212,6.25,100,0,10000,1009,9.25,76,212,6.25,100,0,10000,1009,9.25,76,212,6.25,100,0,10000,1009,9.25,76,212,6.25,100,0,10000,1009,9.25,76,212,6.25,100,0,10000,1009,9.25,76,212,6.25,100,0,10000
1018,10.84,62,60,1.54,100,0,10000,9,0,10,5,1018,10.55,63,305,2.8,100,0,10000,1018,10.55,63,305,2.8,100,0,10000,1018,10.55,63,305,2.8,100,0,10000,1018,10.55,63,305,2.8,100,0,10000,1018,10.55,63,305,2.8,100,0,10000,1018,10.55,63,305,2.8,100,0,10000,1018,10.55,63,305,2.8,100,0,10000,1018,10.55,63,305,2.8,100,0,10000,1018,10.55,63,305,2.8,100,0,10000,1018,10.55,63,305,2.8,100,0,10000,1018,10.55,63,305,2.8,100,0,10000,1018,10.55,63,305,2.8,100,0,10000
1018,10.84,62,60,1.54,100,0,10000,12,0,10,5,1017,10.47,64,323,3.19,88,0,10000,1017,10.47,64,323,3.19,88,0,10000,1017,10.47,64,323,3.19,88,0,10000,1017,10.47,64,323,3.19,88,0,10000,1017,10.47,64,323,3.19,88,0,10000,1017,10.47,64,323,3.19,88,0,10000,1017,10.47,64,323,3.19,88,0,10000,1017,10.47,64,323,3.19,88,0,10000,1017,10.47,64,323,3.19,88,0,10000,1017,10.47,64,323,3.19,88,0,10000,1017,10.47,64,323,3.19,88,0,10000,1017,10.47,64,323,3.19,88,0,10000
1018,10.84,62,60,1.54,100,0,10000,15,0,10,5,1015,8.86,75,21,3.04,61,0,10000,1015,8.86,75,21,3.04,61,0,10000,1015,8.86,75,21,3.04,61,0,10000,1015,8.86,75,21,3.04,61,0,10000,1015,8.86,75,21,3.04,61,0,10000,1015,8.86,75,21,3.04,61,0,10000,1015,8.86,75,21,3.04,61,0,10000,1015,8.86,75,21,3.04,61,0,10000,1015,8.86,75,21,3.04,61,0,10000,1015,8.86,75,21,3.04,61,0,10000,1015,8.86,75,21,3.04,61,0,10000,1015,8.86,75,21,3.04,61,0,10000
1018,10.84,62,60,1.54,100,0,10000,18,0,10,5,1015,6.65,78,14,0.82,67,0,10000,1015,6.65,78,14,0.82,67,0,10000,1015,6.65,78,14,0.82,67,0,10000,1015,6.65,78,14,0.82,67,0,10000,1015,6.65,78,14,0.82,67,0,10000,1015,6.65,78,14,0.82,67,0,10000,1015,6.65,78,14,0.82,67,0,10000,1015,6.65,78,14,0.82,67,0,10000,1015,6.65,78,14,0.82,67,0,10000,1015,6.65,78,14,0.82,67,0,10000,1015,6.65,78,14,0.82,67,0,10000,1015,6.65,78,14,0.82,67,0,10000
1018,10.84,62,60,1.54,100,0,10000,21,0,10,5,1014,6.33,79,158,1.22,64,0,10000,1014,6.33,79,158,1.22,64,0,10000,1014,6.33,79,158,1.22,64,0,10000,1014,6.33,79,158,1.22,64,0,10000,1014,6.33,79,158,1.22,64,0,10000,1014,6.33,79,158,1.22,64,0,10000,1014,6.33,79,158,1.22,64,0,10000,1014,6.33,79,158,1.22,64,0,10000,1014,6.33,79,158,1.22,64,0,10000,1014,6.33,79,158,1.22,64,0,10000,1014,6.33,79,158,1.22,64,0,10000,1014,6.33,79,158,1.22,64,0,10000
1018,10.84,62,60,1.54,100,0,10000,0,0,11,5,1011,6.52,77,180,2.05,98,0,10000,1011,6.52,77,180,2.05,98,0,10000,1011,6.52,77,180,2.05,98,0,10000,1011,6.52,77,180,2.05,98,0,10000,1011,6.52,77,180,2.05,98,0,10000,1011,6.52,77,180,2.05,98,0,10000,1011,6.52,77,180,2.05,98,0,10000,1011,6.52,77,180,2.05,98,0,10000,1011,6.52,77,180,2.05,98,0,10000,1011,6.52,77,180,2.05,98,0,10000,1011,6.52,77,180,2.05,98,0,10000,1011,6.52,77,180,2.05,98,0,10000
1018,10.84,62,60,1.54,100,0,10000,3,0,11,5,1010,6.8,81,195,3.12,99,0,10000,1010,6.8,81,195,3.12,99,0,10000,1010,6.8,81,195,3.12,99,0,10000,1010,6.8,81,195,3.12,99,0,10000,1010,6.8,81,195,3.12,99,0,10000,1010,6.8,81,195,3.12,99,0,10000,1010,6.8,81,195,3.12,99,0,10000,1010,6.8,81,195,3.12,99,0,10000,1010,6.8,81,195,3.12,99,0,10000,1010,6.8,81,195,3.12,99,0,10000,1010,6.8,81,195,3.12,99,0,10000,1010,6.8,81,195,3.12,99,0,10000
1018,10.84,62,60,1.54,100,0,10000,6,0,11,5,1009,9.25,76,212,6.25,100,0,10000,1009,9.25,76,212,6.25,100,0,10000,1009,9.25,76,212,6.25,100,0,10000,1009,9.25,76,212,6.25,100,0,10000,1009,9.25,76,212,6.25,100,0,10000,1009,9.25,76,212,6.25,100,0,10000,1009,9.25,76,212,6.25,100,0,10000,1009,9.25,76,212,6.25,100,0,10000,1009,9.25,76,212,6.25,100,0,10000,1009,9.25,76,212,6.25,100,0,10000,1009,9.25,76,212,6.25,100,0,10000,1009,9.25,76,212,6.25,100,0,10000
1018,10.84,62,60,1.54,100,0,10000,9,0,11,5,1018,10.55,63,305,2.8,100,0,10000,1018,10.55,63,305,2.8,100,0,10000,1018,10.55,63,305,2.8,100,0,10000,1018,10.55,63,305,2.8,100,0,10000,1018,10.55,63,305,2.8,100,0,10000,1018,10.55,63,305,2.8,100,0,10000,1018,10.55,63,305,2.8,100,0,10000,1018,10.55,63,305,2.8,100,0,10000,1018,10.55,63,305,2.8,100,0,10000,1018,10.55,63,305,2.8,100,0,10000,1018,10.55,63,305,2.8,100,0,10000,1018,10.55,63,305,2.8,100,0,10000
1018,10.84,62,60,1.54,100,0,10000,12,0,11,5,1017,10.47,64,323,3.19,88,0,10000,1017,10.47,64,323,3.19,88,0,10000,1017,10.47,64,323,3.19,88,0,10000,1017,10.47,64,323,3.19,88,0,10000,1017,10.47,64,323,3.19,88,0,10000,1017,10.47,64,323,3.19,88,0,10000,1017,10.47,64,323,3.19,88,0,10000,1017,10.47,64,323,3.19,88,0,10000,1017,10.47,64,323,3.19,88,0,10000,1017,10.47,64,323,3.19,88,0,10000,1017,10.47,64,323,3.19,88,0,10000,1017,10.47,64,323,3.19,88,0,10000
1018,10.84,62,60,1.54,100,0,10000,15,0,11,5,1015,8.86,75,21,3.04,61,0,10000,1015,8.86,75,21,3.04,61,0,10000,1015,8.86,75,21,3.04,61,0,10000,1015,8.86,75,21,3.04,61,0,10000,1015,8.86,75,21,3.04,61,0,10000,1015,8.86,75,21,3.04,61,0,10000,1015,8.86,75,21,3.04,61,0,10000,1015,8.86,75,21,3.04,61,0,10000,1015,8.86,75,21,3.04,61,0,10000,1015,8.86,75,21,3.04,61,0,10000,1015,8.86,75,21,3.04,61,0,10000,1015,8.86,75,21,3.04,61,0,10000
1018,10.84,62,60,1.54,100,0,10000,18,0,11,5,1015,6.65,78,14,0.82,67,0,10000,1015,6.65,78,14,0.82,67,0,10000,1015,6.65,78,14,0.82,67,0,10000,1015,6.65,78,14,0.82,67,0,10000,1015,6.65,78,14,0.82,67,0,10000,1015,6.65,78,14,0.82,67,0,10000,1015,6.65,78,14,0.82,67,0,10000,1015,6.65,78,14,0.82,67,0,10000,1015,6.65,78,14,0.82,67,0,10000,1015,6.65,78,14,0.82,67,0,10000,1015,6.65,78,14,0.82,67,0,10000,1015,6.65,78,14,0.82,67,0,10000
1018,10.84,62,60,1.54,100,0,10000,21,0,11,5,1014,6.33,79,158,1.22,64,0,10000,1014,6.33,79,158,1.22,64,0,10000,1014,6.33,79,158,1.22,64,0,10000,1014,6.33,79,158,1.22,64,0,10000,1014,6.33,79,158,1.22,64,0,10000,1014,6.33,79,158,1.22,64,0,10000,1014,6.33,79,158,1.22,64,0,10000,1014,6.33,79,158,1.22,64,0,10000,1014,6.33,79,158,1.22,64,0,10000,1014,6.33,79,158,1.22,64,0,10000,1014,6.33,79,158,1.22,64,0,10000,1014,6.33,79,158,1.22,64,0,10000
1018,10.84,62,60,1.54,100,0,10000,0,0,12,5,1011,6.52,77,180,2.05,98,0,10000,1011,6.52,77,180,2.05,98,0,10000,1011,6.52,77,180,2.05,98,0,10000,1011,6.52,77,180,2.05,98,0,10000,1011,6.52,77,180,2.05,98,0,10000,1011,6.52,77,180,2.05,98,0,10000,1011,6.52,77,180,2.05,98,0,10000,1011,6.52,77,180,2.05,98,0,10000,1011,6.52,77,180,2.05,98,0,10000,1011,6.52,77,180,2.05,98,0,10000,1011,6.52,77,180,2.05,98,0,10000,1011,6.52,77,180,2.05,98,0,10000
1018,10.84,62,60,1.54,100,0,10000,3,0,12,5,1010,6.8,81,195,3.12,99,0,10000,1010,6.8,81,195,3.12,99,0,10000,1010,6.8,81,195,3.12,99,0,10000,1010,6.8,81,195,3.12,99,0,10000,1010,6.8,81,195,3.12,99,0,10000,1010,6.8,81,195,3.12,99,0,10000,1010,6.8,81,195,3.12,99,0,10000,1010,6.8,81,195,3.12,99,0,10000,1010,6.8,81,195,3.12,99,0,10000,1010,6.8,81,195,3.12,99,0,10000,1010,6.8,81,195,3.12,99,0,10000,1010,6.8,81,195,3.12,99,0,10000
1018,10.84,62,60,1.54,100,0,10000,6,0,12,5,1009,9.25,76,212,6.25,100,0,10000,1009,9.25,76,212,6.25,100,0,10000,1009,9.25,76,212,6.25,100,0,10000,1009,9.25,76,212,6.25,100,0,10000,1009,9.25,76,212,6.25,100,0,10000,1009,9.25,76,212,6.25,100,0,10000,1009,9.25,76,212,6.25,100,0,10000,1009,9.25,76,212,6.25,100,0,10000,1009,9.25,76,212,6.25,100,0,10000,1009,9.25,76,212,6.25,100,0,10000,1009,9.25,76,212,6.25,100,0,10000,1009,9.25,76,212,6.25,100,0,10000
1018,10.84,62,60,1.54,100,0,10000,9,0,12,5,1018,10.55,63,305,2.8,100,0,10000,1018,10.55,63,305,2.8,100,0,10000,1018,10.55,63,305,2.8,100,0,10000,1018,10.55,63,305,2.8,100,0,10000,1018,10.55,63,305,2.8,100,0,10000,1018,10.55,63,305,2.8,100,0,10000,1018,10.55,63,305,2.8,100,0,10000,1018,10.55,63,305,2.8,100,0,10000,1018,10.55,63,305,2.8,100,0,10000,1018,10.55,63,305,2.8,100,0,10000,1018,10.55,63,305,2.8,100,0,10000,1018,10.55,63,305,2.8,100,0,10000
1018,10.84,62,60,1.54,100,0,10000,12,0,12,5,1017,10.47,64,323,3.19,88,0,10000,1017,10.47,64,323,3.19,88,0,10000,1017,10.47,64,323,3.19,88,0,10000,1017,10.47,64,323,3.19,88,0,10000,1017,10.47,64,323,3.19,88,0,10000,1017,10.47,64,323,3.19,88,0,10000,1017,10.47,64,323,3.19,88,0,10000,1017,10.47,64,323,3.19,88,0,10000,1017,10.47,64,323,3.19,88,0,10000,1017,10.47,64,323,3.19,88,0,10000,1017,10.47,64,323,3.19,88,0,10000,1017,10.47,64,323,3.19,88,0,10000
1018,10.84,62,60,1.54,100,0,10000,15,0,12,5,1015,8.86,75,21,3.04,61,0,10000,1015,8.86,75,21,3.04,61,0,10000,1015,8.86,75,21,3.04,61,0,10000,1015,8.86,75,21,3.04,61,0,10000,1015,8.86,75,21,3.04,61,0,10000,1015,8.86,75,21,3.04,61,0,10000,1015,8.86,75,21,3.04,61,0,10000,1015,8.86,75,21,3.04,61,0,10000,1015,8.86,75,21,3.04,61,0,10000,1015,8.86,75,21,3.04,61,0,10000,1015,8.86,75,21,3.04,61,0,10000,1015,8.86,75,21,3.04,61,0,10000
1018,10.84,62,60,1.54,100,0,10000,18,0,12,5,1015,6.65,78,14,0.82,67,0,10000,1015,6.65,78,14,0.82,67,0,10000,1015,6.65,78,14,0.82,67,0,10000,1015,6.65,78,14,0.82,67,0,10000,1015,6.65,78,14,0.82,67,0,10000,1015,6.65,78,14,0.82,67,0,10000,1015,6.65,78,14,0.82,67,0,10000,1015,6.65,78,14,0.82,67,0,10000,1015,6.65,78,14,0.82,67,0,10000,1015,6.65,78,14,0.82,67,0,10000,1015,6.65,78,14,0.82,67,0,10000,1015,6.65,78,14,0.82,67,0,10000
1018,10.84,62,60,1.54,100,0,10000,21,0,12,5,1014,6.33,79,158,1.22,64,0,10000,1014,6.33,79,158,1.22,64,0,10000,1014,6.33,79,158,1.22,64,0,10000,1014,6.33,79,158,1.22,64,0,10000,1014,6.33,79,158,1.22,64,0,10000,1014,6.33,79,158,1.22,64,0,10000,1014,6.33,79,158,1.22,64,0,10000,1014,6.33,79,158,1.22,64,0,10000,1014,6.33,79,158,1.22,64,0,10000,1014,6.33,79,158,1.22,64,0,10000,1014,6.33,79,158,1.22,64,0,10000,1014,6.33,79,158,1.22,64,0,10000
1018,10.84,62,60,1.54,100,0,10000,0,0,13,5,1011,6.52,77,180,2.05,98,0,10000,1011,6.52,77,180,2.05,98,0,10000,1011,6.52,77,180,2.05,98,0,10000,1011,6.52,77,180,2.05,98,0,10000,1011,6.52,77,180,2.05,98,0,10000,1011,6.52,77,180,2.05,98,0,10000,1011,6.52,77,180,2.05,98,0,10000,1011,6.52,77,180,2.05,98,0,10000,1011,6.52,77,180,2.05,98,0,10000,1011,6.52,77,180,2.05,98,0,10000,1011,6.52,77,180,2.05,98,0,10000,1011,6.52,77,180,2.05,98,0,10000
1018,10.84,62,60,1.54,100,0,10000,3,0,13,5,1010,6.8,81,195,3.12,99,0,10000,1010,6.8,81,195,3.12,99,0,10000,1010,6.8,81,195,3.12,99,0,10000,1010,6.8,81,195,3.12,99,0,10000,1010,6.8,81,195,3.12,99,0,10000,1010,6.8,81,195,3.12,99,0,10000,1010,6.8,81,195,3.12,99,0,10000,1010,6.8,81,195,3.12,99,0,10000,1010,6.8,81,195,3.12,99,0,10000,1010,6.8,81,195,3.12,99,0,10000,1010,6.8,81,195,3.12,99,0,10000,1010,6.8,81,195,3.12,99,0,10000
1018,10.84,62,60,1.54,100,0,10000,6,0,13,5,1009,9.25,76,212,6.25,100,0,10000,1009,9.25,76,212,6.25,100,0,10000,1009,9.25,76,212,6.25,100,0,10000,1009,9.25,76,212,6.25,100,0,10000,1009,9.25,76,212,6.25,100,0,10000,1009,9.25,76,212,6.25,100,0,10000,1009,9.25,76,212,6.25,100,0,10000,1009,9.25,76,212,6.25,100,0,10000,1009,9.25,76,212,6.25,100,0,10000,1009,9.25,76,212,6.25,100,0,10000,1009,9.25,76,212,6.25,100,0,10000,1009,9.25,76,212,6.25,100,0,10000
1018,10.84,62,60,1.54,100,0,10000,9,0,13,5,1018,10.55,63,305,2.8,100,0,10000,1018,10.55,63,305,2.8,100,0,10000,1018,10.55,63,305,2.8,100,0,10000,1018,10.55,63,305,2.8,100,0,10000,1018,10.55,63,305,2.8,100,0,10000,1018,10.55,63,305,2.8,100,0,10000,1018,10.55,63,305,2.8,100,0,10000,1018,10.55,63,305,2.8,100,0,10000,1018,10.55,63,305,2.8,100,0,10000,1018,10.55,63,305,2.8,100,0,10000,1018,10.55,63,305,2.8,100,0,10000,1018,10.55,63,305,2.8,100,0,10000
1018,10.84,62,60,1.54,100,0,10000,12,0,13,5,1017,10.47,64,323,3.19,88,0,10000,1017,10.47,64,323,3.19,88,0,10000,1017,10.47,64,323,3.19,88,0,10000,1017,10.47,64,323,3.19,88,0,10000,1017,10.47,64,323,3.19,88,0,10000,1017,10.47,64,323,3.19,88,0,10000,1017,10.47,64,323,3.19,88,0,10000,1017,10.47,64,323,3.19,88,0,10000,1017,10.47,64,323,3.19,88,0,10000,1017,10.47,64,323,3.19,88,0,10000,1017,10.47,64,323,3.19,88,0,10000,1017,10.47,64,323,3.19,88,0,10000
1018,10.84,62,60,1.54,100,0,10000,15,0,13,5,1015,8.86,75,21,3.04,61,0,10000,1015,8.86,75,21,3.04,61,0,10000,1015,8.86,75,21,3.04,61,0,10000,1015,8.86,75,21,3.04,61,0,10000,1015,8.86,75,21,3.04,61,0,10000,1015,8.86,75,21,3.04,61,0,10000,1015,8.86,75,21,3.04,61,0,10000,1015,8.86,75,21,3.04,61,0,10000,1015,8.86,75,21,3.04,61,0,10000,1015,8.86,75,21,3.04,61,0,10000,1015,8.86,75,21,3.04,61,0,10000,1015,8.86,75,21,3.04,61,0,10000
1018,10.84,62,60,1.54,100,0,10000,18,0,13,5,1015,6.65,78,14,0.82,67,0,10000,1015,6.65,78,14,0.82,67,0,10000,1015,6.65,78,14,0.82,67,0,10000,1015,6.65,78,14,0.82,67,0,10000,1015,6.65,78,14,0.82,67,0,10000,1015,6.65,78,14,0.82,67,0,10000,1015,6.65,78,14,0.82,67,0,10000,1015,6.65,78,14,0.82,67,0,10000,1015,6.65,78,14,0.82,67,0,10000,1015,6.65,78,14,0.82,67,0,10000,1015,6.65,78,14,0.82,67,0,10000,1015,6.65,78,14,0.82,67,0,10000
1018,10.84,62,60,1.54,100,0,10000,21,0,13,5,1014,6.33,79,158,1.22,64,0,10000,1014,6.33,79,158,1.22,64,0,10000,1014,6.33,79,158,1.22,64,0,10000,1014,6.33,79,158,1.22,64,0,10000,1014,6.33,79,158,1.22,64,0,10000,1014,6.33,79,158,1.22,64,0,10000,1014,6.33,79,158,1.22,64,0,10000,1014,6.33,79,158,1.22,64,0,10000,1014,6.33,79,158,1.22,64,0,10000,1014,6.33,79,158,1.22,64,0,10000,1014,6.33,79,158,1.22,64,0,10000,1014,6.33,79,158,1.22,64,0,10000
1018,10.84,62,60,1.54,100,0,10000,0,0,14,5,1011,6.52,77,180,2.05,98,0,10000,1011,6.52,77,180,2.05,98,0,10000,1011,6.52,77,180,2.05,98,0,10000,1011,6.52,77,180,2.05,98,0,10000,1011,6.52,77,180,2.05,98,0,10000,1011,6.52,77,180,2.05,98,0,10000,1011,6.52,77,180,2.05,98,0,10000,1011,6.52,77,180,2.05,98,0,10000,1011,6.52,77,180,2.05,98,0,10000,1011,6.52,77,180,2.05,98,0,10000,1011,6.52,77,180,2.05,98,0,10000,1011,6.52,77,180,2.05,98,0,10000
1018,10.84,62,60,1.54,100,0,10000,3,0,14,5,1010,6.8,81,195,3.12,99,0,10000,1010,6.8,81,195,3.12,99,0,10000,1010,6.8,81,195,3.12,99,0,10000,1010,6.8,81,195,3.12,99,0,10000,1010,6.8,81,195,3.12,99,0,10000,1010,6.8,81,195,3.12,99,0,10000,1010,6.8,81,195,3.12,99,0,10000,1010,6.8,81,195,3.12,99,0,10000,1010,6.8,81,195,3.12,99,0,10000,1010,6.8,81,195,3.12,99,0,10000,1010,6.8,81,195,3.12,99,0,10000,1010,6.8,81,195,3.12,99,0,10000
1018,10.84,62,60,1.54,100,0,10000,6,0,14,5,1009,9.25,76,212,6.25,100,0,10000,1009,9.25,76,212,6.25,100,0,10000,1009,9.25,76,212,6.25,100,0,10000,1009,9.25,76,212,6.25,100,0,10000,1009,9.25,76,212,6.25,100,0,10000,1009,9.25,76,212,6.25,100,0,10000,1009,9.25,76,212,6.25,100,0,10000,1009,9.25,76,212,6.25,100,0,10000,1009,9.25,76,212,6.25,100,0,10000,1009,9.25,76,212,6.25,100,0,10000,1009,9.25,76,212,6.25,100,0,10000,1009,9.25,76,212,6.25,100,0,10000
1018,10.84,62,60,1.54,100,0,10000,9,0,14,5,1018,10.55,63,305,2.8,100,0,10000,1018,10.55,63,305,2.8,100,0,10000,1018,10.55,63,305,2.8,100,0,10000,1018,10.55,63,305,2.8,100,0,10000,1018,10.55,63,305,2.8,100,0,10000,1018,10.55,63,305,2.8,100,0,10000,1018,10.55,63,305,2.8,100,0,10000,1018,10.55,63,305,2.8,100,0,10000,1018,10.55,63,305,2.8,100,0,10000,1018,10.55,63,305,2.8,100,0,10000,1018,10.55,63,305,2.8,100,0,10000,1018,10.55,63,305,2.8,100,0,10000
1018,10.84,62,60,1.54,100,0,10000,12,0,14,5,1017,10.47,64,323,3.19,88,0,10000,1017,10.47,64,323,3.19,88,0,10000,1017,10.47,64,323,3.19,88,0,10000,1017,10.47,64,323,3.19,88,0,10000,1017,10.47,64,323,3.19,88,0,10000,1017,10.47,64,323,3.19,88,0,10000,1017,10.47,64,323,3.19,88,0,10000,1017,10.47,64,323,3.19,88,0,10000,1017,10.47,64,323,3.19,88,0,10000,1017,10.47,64,323,3.19,88,0,10000,1017,10.47,64,323,3.19,88,0,10000,1017,10.47,64,323,3.19,88,0,10000
1018,10.84,62,60,1.54,100,0,10000,15,0,14,5,1015,8.86,75,21,3.04,61,0,10000,1015,8.86,75,21,3.04,61,0,10000,1015,8.86,75,21,3.04,61,0,10000,1015,8.86,75,21,3.04,61,0,10000,1015,8.86,75,21,3.04,61,0,10000,1015,8.86,75,21,3.04,61,0,10000,1015,8.86,75,21,3.04,61,0,10000,1015,8.86,75,21,3.04,61,0,10000,1015,8.86,75,21,3.04,61,0,10000,1015,8.86,75,21,3.04,61,0,10000,1015,8.86,75,21,3.04,61,0,10000,1015,8.86,75,21,3.04,61,0,10000
1018,10.84,62,60,1.54,100,0,10000,18,0,14,5,1015,6.65,78,14,0.82,67,0,10000,1015,6.65,78,14,0.82,67,0,10000,1015,6.65,78,14,0.82,67,0,10000,1015,6.65,78,14,0.82,67,0,10000,1015,6.65,78,14,0.82,67,0,10000,1015,6.65,78,14,0.82,67,0,10000,1015,6.65,78,14,0.82,67,0,10000,1015,6.65,78,14,0.82,67,0,10000,1015,6.65,78,14,0.82,67,0,10000,1015,6.65,78,14,0.82,67,0,10000,1015,6.65,78,14,0.82,67,0,10000,1015,6.65,78,14,0.82,67,0,10000
1018,10.84,62,60,1.54,100,0,10000,21,0,14,5,1014,6.33,79,158,1.22,64,0,10000,1014,6.33,79,158,1.22,64,0,10000,1014,6.33,79,158,1.22,64,0,10000,1014,6.33,79,158,1.22,64,0,10000,1014,6.33,79,158,1.22,64,0,10000,1014,6.33,79,158,1.22,64,0,10000,1014,6.33,79,158,1.22,64,0,10000,1014,6.33,79,158,1.22,64,0,10000,1014,6.33,79,158,1.22,64,0,10000,1014,6.33,79,158,1.22,64,0,10000,1014,6.33,79,158,1.22,64,0,10000,1014,6.33,79,158,1.22,64,0,10000
1018,10.84,62,60,1.54,100,0,10000,0,0,15,5,1011,6.52,77,180,2.05,98,0,10000,1011,6.52,77,180,2.05,98,0,10000,1011,6.52,77,180,2.05,98,0,10000,1011,6.52,77,180,2.05,98,0,10000,1011,6.52,77,180,2.05,98,0,10000,1011,6.52,77,180,2.05,98,0,10000,1011,6.52,77,180,2.05,98,0,10000,1011,6.52,77,180,2.05,98,0,10000,1011,6.52,77,180,2.05,98,0,10000,1011,6.52,77,180,2.05,98,0,10000,1011,6.52,77,180,2.05,98,0,10000,1011,6.52,77,180,2.05,98,0,10000
1018,10.84,62,60,1.54,100,0,10000,3,0,15,5,1010,6.8,81,195,3.12,99,0,10000,1010,6.8,81,195,3.12,99,0,10000,1010,6.8,81,195,3.12,99,0,10000,1010,6.8,81,195,3.12,99,0,10000,1010,6.8,81,195,3.12,99,0,10000,1010,6.8,81,195,3.12,99,0,10000,1010,6.8,81,195,3.12,99,0,10000,1010,6.8,81,195,3.12,99,0,10000,1010,6.8,81,195,3.12,99,0,10000,1010,6.8,81,195,3.12,99,0,10000,1010,6.8,81,195,3.12,99,0,10000,1010,6.8,81,195,3.12,99,0,10000
1018,10.84,62,60,1.54,100,0,10000,6,0,15,5,1009,9.25,76,212,6.25,100,0,10000,1009,9.25,76,212,6.25,100,0,10000,1009,9.25,76,212,6.25,100,0,10000,1009,9.25,76,212,6.25,100,0,10000,1009,9.25,76,212,6.25,100,0,10000,1009,9.25,76,212,6.25,100,0,10000,1009,9.25,76,212,6.25,100,0,10000,1009,9.25,76,212,6.25,100,0,10000,1009,9.25,76,212,6.25,100,0,10000,1009,9.25,76,212,6.25,100,0,10000,1009,9.25,76,212,6.25,100,0,10000,1009,9.25,76,212,6.25,100,0,10000
1018,10.84,62,60,1.54,100,0,10000,9,0,15,5,1018,10.55,63,305,2.8,100,0,10000,1018,10.55,63,305,2.8,100,0,10000,1018,10.55,63,305,2.8,100,0,10000,1018,10.55,63,305,2.8,100,0,10000,1018,10.55,63,305,2.8,100,0,10000,1018,10.55,63,305,2.8,100,0,10000,1018,10.55,63,305,2.8,100,0,10000,1018,10.55,63,305,2.8,100,0,10000,1018,10.55,63,305,2.8,100,0,10000,1018,10.55,63,305,2.8,100,0,10000,1018,10.55,63,305,2.8,100,0,10000,1018,10.55,63,305,2.8,100,0,10000
1018,10.84,62,60,1.54,100,0,10000,12,0,15,5,1017,10.47,64,323,3.19,88,0,10000,1017,10.47,64,323,3.19,88,0,10000,1017,10.47,64,323,3.19,88,0,10000,1017,10.47,64,323,3.19,88,0,10000,1017,10.47,64,323,3.19,88,0,10000,1017,10.47,64,323,3.19,88,0,10000,1017,10.47,64,323,3.19,88,0,10000,1017,10.47,64,323,3.19,88,0,10000,1017,10.47,64,323,3.19,88,0,10000,1017,10.47,64,323,3.19,88,0,10000,1017,10.47,64,323,3.19,88,0,10000,1017,10.47,64,323,3.19,88,0,10000
1018,10.84,62,60,1.54,100,0,10000,15,0,15,5,1015,8.86,75,21,3.04,61,0,10000,1015,8.86,75,21,3.04,61,0,10000,1015,8.86,75,21,3.04,61,0,10000,1015,8.86,75,21,3.04,61,0,10000,1015,8.86,75,21,3.04,61,0,10000,1015,8.86,75,21,3.04,61,0,10000,1015,8.86,75,21,3.04,61,0,10000,1015,8.86,75,21,3.04,61,0,10000,1015,8.86,75,21,3.04,61,0,10000,1015,8.86,75,21,3.04,61,0,10000,1015,8.86,75,21,3.04,61,0,10000,1015,8.86,75,21,3.04,61,0,10000
1018,10.84,62,60,1.54,100,0,10000,18,0,15,5,1015,6.65,78,14,0.82,67,0,10000,1015,6.65,78,14,0.82,67,0,10000,1015,6.65,78,14,0.82,67,0,10000,1015,6.65,78,14,0.82,67,0,10000,1015,6.65,78,14,0.82,67,0,10000,1015,6.65,78,14,0.82,67,0,10000,1015,6.65,78,14,0.82,67,0,10000,1015,6.65,78,14,0.82,67,0,10000,1015,6.65,78,14,0.82,67,0,10000,1015,6.65,78,14,0.82,67,0,10000,1015,6.65,78,14,0.82,67,0,10000,1015,6.65,78,14,0.82,67,0,10000
1018,10.84,62,60,1.54,100,0,10000,21,0,15,5,1014,6.33,79,158,1.22,64,0,10000,1014,6.33,79,158,1.22,64,0,10000,1014,6.33,79,158,1.22,64,0,10000,1014,6.33,79,158,1.22,64,0,10000,1014,6.33,79,158,1.22,64,0,10000,1014,6.33,79,158,1.22,64,0,10000,1014,6.33,79,158,1.22,64,0,10000,1014,6.33,79,158,1.22,64,0,10000,1014,6.33,79,158,1.22,64,0,10000,1014,6.33,79,158,1.22,64,0,10000,1014,6.33,79,158,1.22,64,0,10000,1014,6.33,79,158,1.22,64,0,10000
1018,10.84,62,60,1.54,100,0,10000,0,0,16,5,1011,6.52,77,180,2.05,98,0,10000,1011,6.52,77,180,2.05,98,0,10000,1011,6.52,77,180,2.05,98,0,10000,1011,6.52,77,180,2.05,98,0,10000,1011,6.52,77,180,2.05,98,0,10000,1011,6.52,77,180,2.05,98,0,10000,1011,6.52,77,180,2.05,98,0,10000,1011,6.52,77,180,2.05,98,0,10000,1011,6.52,77,180,2.05,98,0,10000,1011,6.52,77,180,2.05,98,0,10000,1011,6.52,77,180,2.05,98,0,10000,1011,6.52,77,180,2.05,98,0,10000
1018,10.84,62,60,1.54,100,0,10000,3,0,16,5,1010,6.8,81,195,3.12,99,0,10000,1010,6.8,81,195,3.12,99,0,10000,1010,6.8,81,195,3.12,99,0,10000,1010,6.8,81,195,3.12,99,0,10000,1010,6.8,81,195,3.12,99,0,10000,1010,6.8,81,195,3.12,99,0,10000,1010,6.8,81,195,3.12,99,0,10000,1010,6.8,81,195,3.12,99,0,10000,1010,6.8,81,195,3.12,99,0,10000,1010,6.8,81,195,3.12,99,0,10000,1010,6.8,81,195,3.12,99,0,10000,1010,6.8,81,195,3.12,99,0,10000
1018,10.84,62,60,1.54,100,0,10000,6,0,16,5,1009,9.25,76,212,6.25,100,0,10000,1009,9.25,76,212,6.25,100,0,10000,1009,9.25,76,212,6.25,100,0,10000,1009,9.25,76,212,6.25,100,0,10000,1009,9.25,76,212,6.25,100,0,10000,1009,9.25,76,212,6.25,100,0,10000,1009,9.25,76,212,6.25,100,0,10000,1009,9.25,76,212,6.25,100,0,10000,1009,9.25,76,212,6.25,100,0,10000,1009,9.25,76,212,6.25,100,0,10000,1009,9.25,76,212,6.25,100,0,10000,1009,9.25,76,212,6.25,100,0,10000
1018,10.84,62,60,1.54,100,0,10000,9,0,16,5,1018,10.55,63,305,2.8,100,0,10000,1018,10.55,63,305,2.8,100,0,10000,1018,10.55,63,305,2.8,100,0,10000,1018,10.55,63,305,2.8,100,0,10000,1018,10.55,63,305,2.8,100,0,10000,1018,10.55,63,305,2.8,100,0,10000,1018,10.55,63,305,2.8,100,0,10000,1018,10.55,63,305,2.8,100,0,10000,1018,10.55,63,305,2.8,100,0,10000,1018,10.55,63,305,2.8,100,0,10000,1018,10.55,63,305,2.8,100,0,10000,1018,10.55,63,305,2.8,100,0,10000
1018,10.84,62,60,1.54,100,0,10000,12,0,16,5,1017,10.47,64,323,3.19,88,0,10000,1017,10.47,64,323,3.19,88,0,10000,1017,10.47,64,323,3.19,88,0,10000,1017,10.47,64,323,3.19,88,0,10000,1017,10.47,64,323,3.19,88,0,10000,1017,10.47,64,323,3.19,88,0,10000,1017,10.47,64,323,3.19,88,0,10000,1017,10.47,64,323,3.19,88,0,10000,1017,10.47,64,323,3.19,88,0,10000,1017,10.47,64,323,3.19,88,0,10000,1017,10.47,64,323,3.19,88,0,10000,1017,10.47,64,323,3.19,88,0,10000
1018,10.84,62,60,1.54,100,0,10000,15,0,16,5,1015,8.86,75,21,3.04,61,0,10000,1015,8.86,75,21,3.04,61,0,10000,1015,8.86,75,21,3.04,61,0,10000,1015,8.86,75,21,3.04,61,0,10000,1015,8.86,75,21,3.04,61,0,10000,1015,8.86,75,21,3.04,61,0,10000,1015,8.86,75,21,3.04,61,0,10000,1015,8.86,75,21,3.04,61,0,10000,1015,8.86,75,21,3.04,61,0,10000,1015,8.86,75,21,3.04,61,0,10000,1015,8.86,75,21,3.04,61,0,10000,1015,8.86,75,21,3.04,61,0,10000
1018,10.84,62,60,1.54,100,0,10000,18,0,16,5,1015,6.65,78,14,0.82,67,0,10000,1015,6.65,78,14,0.82,67,0,10000,1015,6.65,78,14,0.82,67,0,10000,1015,6.65,78,14,0.82,67,0,10000,1015,6.65,78,14,0.82,67,0,10000,1015,6.65,78,14,0.82,67,0,10000,1015,6.65,78,14,0.82,67,0,10000,1015,6.65,78,14,0.82,67,0,10000,1015,6.65,78,14,0.82,67,0,10000,1015,6.65,78,14,0.82,67,0,10000,1015,6.65,78,14,0.82,67,0,10000,1015,6.65,78,14,0.82,67,0,10000
1018,10.84,62,60,1.54,100,0,10000,21,0,16,5,1014,6.33,79,158,1.22,64,0,10000,1014,6.33,79,158,1.22,64,0,10000,1014,6.33,79,158,1.22,64,0,10000,1014,6.33,79,158,1.22,64,0,10000,1014,6.33,79,158,1.22,64,0,10000,1014,6.33,79,158,1.22,64,0,10000,1014,6.33,79,158,1.22,64,0,10000,1014,6.33,79,158,1.22,64,0,10000,1014,6.33,79,158,1.22,64,0,10000,1014,6.33,79,158,1.22,64,0,10000,1014,6.33,79,158,1.22,64,0,10000,1014,6.33,79,158,1.22,64,0,10000
1018,10.84,62,60,1.54,100,0,10000,0,0,17,5,1011,6.52,77,180,2.05,98,0,10000,1011,6.52,77,180,2.05,98,0,10000,1011,6.52,77,180,2.05,98,0,10000,1011,6.52,77,180,2.05,98,0,10000,1011,6.52,77,180,2.05,98,0,10000,1011,6.52,77,180,2.05,98,0,10000,1011,6.52,77,180,2.05,98,0,10000,1011,6.52,77,180,2.05,98,0,10000,1011,6.52,77,180,2.05,98,0,10000,1011,6.52,77,180,2.05,98,0,10000,1011,6.52,77,180,2.05,98,0,10000,1011,6.52,77,180,2.05,98,0,10000
1018,10.84,62,60,1.54,100,0,10000,3,0,17,5,1010,6.8,81,195,3.12,99,0,10000,1010,6.8,81,195,3.12,99,0,10000,1010,6.8,81,195,3.12,99,0,10000,1010,6.8,81,195,3.12,99,0,10000,1010,6.8,81,195,3.12,99,0,10000,1010,6.8,81,195,3.12,99,0,10000,1010,6.8,81,195,3.12,99,0,10000,1010,6.8,81,195,3.12,99,0,10000,1010,6.8,81,195,3.12,99,0,10000,1010,6.8,81,195,3.12,99,0,10000,1010,6.8,81,195,3.12,99,0,10000,1010,6.8,81,195,3.12,99,0,10000
1018,10.84,62,60,1.54,100,0,10000,6,0,17,5,1009,9.25,76,212,6.25,100,0,10000,1009,9.25,76,212,6.25,100,0,10000,1009,9.25,76,212,6.25,100,0,10000,1009,9.25,76,212,6.25,100,0,10000,1009,9.25,76,212,6.25,100,0,10000,1009,9.25,76,212,6.25,100,0,10000,1009,9.25,76,212,6.25,100,0,10000,1009,9.25,76,212,6.25,100,0,10000,1009,9.25,76,212,6.25,100,0,10000,1009,9.25,76,212,6.25,100,0,10000,1009,9.25,76,212,6.25,100,0,10000,1009,9.25,76,212,6.25,100,0,10000
1018,10.84,62,60,1.54,100,0,10000,9,0,17,5,1018,10.55,63,305,2.8,100,0,10000,1018,10.55,63,305,2.8,100,0,10000,1018,10.55,63,305,2.8,100,0,10000,1018,10.55,63,305,2.8,100,0,10000,1018,10.55,63,305,2.8,100,0,10000,1018,10.55,63,305,2.8,100,0,10000,1018,10.55,63,305,2.8,100,0,10000,1018,10.55,63,305,2.8,100,0,10000,1018,10.55,63,305,2.8,100,0,10000,1018,10.55,63,305,2.8,100,0,10000,1018,10.55,63,305,2.8,100,0,10000,1018,10.55,63,305,2.8,100,0,10000
1018,10.84,62,60,1.54,100,0,10000,12,0,17,5,1017,10.47,64,323,3.19,88,0,10000,1017,10.47,64,323,3.19,88,0,10000,1017,10.47,64,323,3.19,88,0,10000,1017,10.47,64,323,3.19,88,0,10000,1017,10.47,64,323,3.19,88,0,10000,1017,10.47,64,323,3.19,88,0,10000,1017,10.47,64,323,3.19,88,0,10000,1017,10.47,64,323,3.19,88,0,10000,1017,10.47,64,323,3.19,88,0,10000,1017,10.47,64,323,3.19,88,0,10000,1017,10.47,64,323,3.19,88,0,10000,1017,10.47,64,323,3.19,88,0,10000
1018,10.84,62,60,1.54,100,0,10000,15,0,17,5,1015,8.86,75,21,3.04,61,0,10000,1015,8.86,75,21,3.04,61,0,10000,1015,8.86,75,21,3.04,61,0,10000,1015,8.86,75,21,3.04,61,0,10000,1015,8.86,75,21,3.04,61,0,10000,1015,8.86,75,21,3.04,61,0,10000,1015,8.86,75,21,3.04,61,0,10000,1015,8.86,75,21,3.04,61,0,10000,1015,8.86,75,21,3.04,61,0,10000,1015,8.86,75,21,3.04,61,0,10000,1015,8.86,75,21,3.04,61,0,10000,1015,8.86,75,21,3.04,61,0,10000
1018,10.84,62,60,1.54,100,0,10000,18,0,17,5,1015,6.65,78,14,0.82,67,0,10000,1015,6.65,78,14,0.82,67,0,10000,1015,6.65,78,14,0.82,67,0,10000,1015,6.65,78,14,0.82,67,0,10000,1015,6.65,78,14,0.82,67,0,10000,1015,6.65,78,14,0.82,67,0,10000,1015,6.65,78,14,0.82,67,0,10000,1015,6.65,78,14,0.82,67,0,10000,1015,6.65,78,14,0.82,67,0,10000,1015,6.65,78,14,0.82,67,0,10000,1015,6.65,78,14,0.82,67,0,10000,1015,6.65,78,14,0.82,67,0,10000
1018,10.84,62,60,1.54,100,0,10000,21,0,17,5,1014,6.33,79,158,1.22,64,0,10000,1014,6.33,79,158,1.22,64,0,10000,1014,6.33,79,158,1.22,64,0,10000,1014,6.33,79,158,1.22,64,0,10000,1014,6.33,79,158,1.22,64,0,10000,1014,6.33,79,158,1.22,64,0,10000,1014,6.33,79,158,1.22,64,0,10000,1014,6.33,79,158,1.22,64,0,10000,1014,6.33,79,158,1.22,64,0,10000,1014,6.33,79,158,1.22,64,0,10000,1014,6.33,79,158,1.22,64,0,10000,1014,6.33,79,158,1.22,64,0,10000
1018,10.84,62,60,1.54,100,0,10000,0,0,18,5,1011,6.52,77,180,2.05,98,0,10000,1011,6.52,77,180,2.05,98,0,10000,1011,6.52,77,180,2.05,98,0,10000,1011,6.52,77,180,2.05,98,0,10000,1011,6.52,77,180,2.05,98,0,10000,1011,6.52,77,180,2.05,98,0,10000,1011,6.52,77,180,2.05,98,0,10000,1011,6.52,77,180,2.05,98,0,10000,1011,6.52,77,180,2.05,98,0,10000,1011,6.52,77,180,2.05,98,0,10000,1011,6.52,77,180,2.05,98,0,10000,1011,6.52,77,180,2.05,98,0,10000
1018,10.84,62,60,1.54,100,0,10000,3,0,18,5,1010,6.8,81,195,3.12,99,0,10000,1010,6.8,81,195,3.12,99,0,10000,1010,6.8,81,195,3.12,99,0,10000,1010,6.8,81,195,3.12,99,0,10000,1010,6.8,81,195,3.12,99,0,10000,1010,6.8,81,195,3.12,99,0,10000,1010,6.8,81,195,3.12,99,0,10000,1010,6.8,81,195,3.12,99,0,10000,1010,6.8,81,195,3.12,99,0,10000,1010,6.8,81,195,3.12,99,0,10000,1010,6.8,81,195,3.12,99,0,10000,1010,6.8,81,195,3.12,99,0,10000
1018,10.84,62,60,1.54,100,0,10000,6,0,18,5,1009,9.25,76,212,6.25,100,0,10000,1009,9.25,76,212,6.25,100,0,10000,1009,9.25,76,212,6.25,100,0,10000,1009,9.25,76,212,6.25,100,0,10000,1009,9.25,76,212,6.25,100,0,10000,1009,9.25,76,212,6.25,100,0,10000,1009,9.25,76,212,6.25,100,0,10000,1009,9.25,76,212,6.25,100,0,10000,1009,9.25,76,212,6.25,100,0,10000,1009,9.25,76,212,6.25,100,0,10000,1009,9.25,76,212,6.25,100,0,10000,1009,9.25,76,212,6.25,100,0,10000
1018,10.84,62,60,1.54,100,0,10000,9,0,18,5,1018,10.55,63,305,2.8,100,0,10000,1018,10.55,63,305,2.8,100,0,10000,1018,10.55,63,305,2.8,100,0,10000,1018,10.55,63,305,2.8,100,0,10000,1018,10.55,63,305,2.8,100,0,10000,1018,10.55,63,305,2.8,100,0,10000,1018,10.55,63,305,2.8,100,0,10000,1018,10.55,63,305,2.8,100,0,10000,1018,10.55,63,305,2.8,100,0,10000,1018,10.55,63,305,2.8,100,0,10000,1018,10.55,63,305,2.8,100,0,10000,1018,10.55,63,305,2.8,100,0,10000
1018,10.84,62,60,1.54,100,0,10000,12,0,18,5,1017,10.47,64,323,3.19,88,0,10000,1017,10.47,64,323,3.19,88,0,10000,1017,10.47,64,323,3.19,88,0,10000,1017,10.47,64,323,3.19,88,0,10000,1017,10.47,64,323,3.19,88,0,10000,1017,10.47,64,323,3.19,88,0,10000,1017,10.47,64,323,3.19,88,0,10000,1017,10.47,64,323,3.19,88,0,10000,1017,10.47,64,323,3.19,88,0,10000,1017,10.47,64,323,3.19,88,0,10000,1017,10.47,64,323,3.19,88,0,10000,1017,10.47,64,323,3.19,88,0,10000
1018,10.84,62,60,1.54,100,0,10000,15,0,18,5,1015,8.86,75,21,3.04,61,0,10000,1015,8.86,75,21,3.04,61,0,10000,1015,8.86,75,21,3.04,61,0,10000,1015,8.86,75,21,3.04,61,0,10000,1015,8.86,75,21,3.04,61,0,10000,1015,8.86,75,21,3.04,61,0,10000,1015,8.86,75,21,3.04,61,0,10000,1015,8.86,75,21,3.04,61,0,10000,1015,8.86,75,21,3.04,61,0,10000,1015,8.86,75,21,3.04,61,0,10000,1015,8.86,75,21,3.04,61,0,10000,1015,8.86,75,21,3.04,61,0,10000
1018,10.84,62,60,1.54,100,0,10000,18,0,18,5,1015,6.65,78,14,0.82,67,0,10000,1015,6.65,78,14,0.82,67,0,10000,1015,6.65,78,14,0.82,67,0,10000,1015,6.65,78,14,0.82,67,0,10000,1015,6.65,78,14,0.82,67,0,10000,1015,6.65,78,14,0.82,67,0,10000,1015,6.65,78,14,0.82,67,0,10000,1015,6.65,78,14,0.82,67,0,10000,1015,6.65,78,14,0.82,67,0,10000,1015,6.65,78,14,0.82,67,0,10000,1015,6.65,78,14,0.82,67,0,10000,1015,6.65,78,14,0.82,67,0,10000
1018,10.84,62,60,1.54,100,0,10000,21,0,18,5,1014,6.33,79,158,1.22,64,0,10000,1014,6.33,79,158,1.22,64,0,10000,1014,6.33,79,158,1.22,64,0,10000,1014,6.33,79,158,1.22,64,0,10000,1014,6.33,79,158,1.22,64,0,10000,1014,6.33,79,158,1.22,64,0,10000,1014,6.33,79,158,1.22,64,0,10000,1014,6.33,79,158,1.22,64,0,10000,1014,6.33,79,158,1.22,64,0,10000,1014,6.33,79,158,1.22,64,0,10000,1014,6.33,79,158,1.22,64,0,10000,1014,6.33,79,158,1.22,64,0,10000
1018,10.84,62,60,1.54,100,0,10000,0,0,19,5,1011,6.52,77,180,2.05,98,0,10000,1011,6.52,77,180,2.05,98,0,10000,1011,6.52,77,180,2.05,98,0,10000,1011,6.52,77,180,2.05,98,0,10000,1011,6.52,77,180,2.05,98,0,10000,1011,6.52,77,180,2.05,98,0,10000,1011,6.52,77,180,2.05,98,0,10000,1011,6.52,77,180,2.05,98,0,10000,1011,6.52,77,180,2.05,98,0,10000,1011,6.52,77,180,2.05,98,0,10000,1011,6.52,77,180,2.05,98,0,10000,1011,6.52,77,180,2.05,98,0,10000
1018,10.84,62,60,1.54,100,0,10000,3,0,19,5,1010,6.8,81,195,3.12,99,0,10000,1010,6.8,81,195,3.12,99,0,10000,1010,6.8,81,195,3.12,99,0,10000,1010,6.8,81,195,3.12,99,0,10000,1010,6.8,81,195,3.12,99,0,10000,1010,6.8,81,195,3.12,99,0,10000,1010,6.8,81,195,3.12,99,0,10000,1010,6.8,81,195,3.12,99,0,10000,1010,6.8,81,195,3.12,99,0,10000,1010,6.8,81,195,3.12,99,0,10000,1010,6.8,81,195,3.12,99,0,10000,1010,6.8,81,195,3.12,99,0,10000
1018,10.84,62,60,1.54,100,0,10000,6,0,19,5,1009,9.25,76,212,6.25,100,0,10000,1009,9.25,76,212,6.25,100,0,10000,1009,9.25,76,212,6.25,100,0,10000,1009,9.25,76,212,6.25,100,0,10000,1009,9.25,76,212,6.25,100,0,10000,1009,9.25,76,212,6.25,100,0,10000,1009,9.25,76,212,6.25,100,0,10000,1009,9.25,76,212,6.25,100,0,10000,1009,9.25,76,212,6.25,100,0,10000,1009,9.25,76,212,6.25,100,0,10000,1009,9.25,76,212,6.25,100,0,10000,1009,9.25,76,212,6.25,100,0,10000
1018,10.84,62,60,1.54,100,0,10000,9,0,19,5,1018,10.55,63,305,2.8,100,0,10000,1018,10.55,63,305,2.8,100,0,10000,1018,10.55,63,305,2.8,100,0,10000,1018,10.55,63,305,2.8,100,0,10000,1018,10.55,63,305,2.8,100,0,10000,1018,10.55,63,305,2.8,100,0,10000,1018,10.55,63,305,2.8,100,0,10000,1018,10.55,63,305,2.8,100,0,10000,1018,10.55,63,305,2.8,100,0,10000,1018,10.55,63,305,2.8,100,0,10000,1018,10.55,63,305,2.8,100,0,10000,1018,10.55,63,305,2.8,100,0,10000
1018,10.84,62,60,1.54,100,0,10000,12,0,19,5,1017,10.47,64,323,3.19,88,0,10000,1017,10.47,64,323,3.19,88,0,10000,1017,10.47,64,323,3.19,88,0,10000,1017,10.47,64,323,3.19,88,0,10000,1017,10.47,64,323,3.19,88,0,10000,1017,10.47,64,323,3.19,88,0,10000,1017,10.47,64,323,3.19,88,0,10000,1017,10.47,64,323,3.19,88,0,10000,1017,10.47,64,323,3.19,88,0,10000,1017,10.47,64,323,3.19,88,0,10000,1017,10.47,64,323,3.19,88,0,10000,1017,10.47,64,323,3.19,88,0,10000
1018,10.84,62,60,1.54,100,0,10000,15,0,19,5,1015,8.86,75,21,3.04,61,0,10000,1015,8.86,75,21,3.04,61,0,10000,1015,8.86,75,21,3.04,61,0,10000,1015,8.86,75,21,3.04,61,0,10000,1015,8.86,75,21,3.04,61,0,10000,1015,8.86,75,21,3.04,61,0,10000,1015,8.86,75,21,3.04,61,0,10000,1015,8.86,75,21,3.04,61,0,10000,1015,8.86,75,21,3.04,61,0,10000,1015,8.86,75,21,3.04,61,0,10000,1015,8.86,75,21,3.04,61,0,10000,1015,8.86,75,21,3.04,61,0,10000
1018,10.84,62,60,1.54,100,0,10000,18,0,19,5,1015,6.65,78,14,0.82,67,0,10000,1015,6.65,78,14,0.82,67,0,10000,1015,6.65,78,14,0.82,67,0,10000,1015,6.65,78,14,0.82,67,0,10000,1015,6.65,78,14,0.82,67,0,10000,1015,6.65,78,14,0.82,67,0,10000,1015,6.65,78,14,0.82,67,0,10000,1015,6.65,78,14,0.82,67,0,10000,1015,6.65,78,14,0.82,67,0,10000,1015,6.65,78,14,0.82,67,0,10000,1015,6.65,78,14,0.82,67,0,10000,1015,6.65,78,14,0.82,67,0,10000
1018,10.84,62,60,1.54,100,0,10000,21,0,19,5,1014,6.33,79,158,1.22,64,0,10000,1014,6.33,79,158,1.22,64,0,10000,1014,6.33,79,158,1.22,64,0,10000,1014,6.33,79,158,1.22,64,0,10000,1014,6.33,79,158,1.22,64,0,10000,1014,6.33,79,158,1.22,64,0,10000,1014,6.33,79,158,1.22,64,0,10000,1014,6.33,79,158,1.22,64,0,10000,1014,6.33,79,158,1.22,64,0,10000,1014,6.33,79,158,1.22,64,0,10000,1014,6.33,79,158,1.22,64,0,10000,1014,6.33,79,158,1.22,64,0,10000
1018,10.84,62,60,1.54,100,0,10000,0,0,20,5,1011,6.52,77,180,2.05,98,0,10000,1011,6.52,77,180,2.05,98,0,10000,1011,6.52,77,180,2.05,98,0,10000,1011,6.52,77,180,2.05,98,0,10000,1011,6.52,77,180,2.05,98,0,10000,1011,6.52,77,180,2.05,98,0,10000,1011,6.52,77,180,2.05,98,0,10000,1011,6.52,77,180,2.05,98,0,10000,1011,6.52,77,180,2.05,98,0,10000,1011,6.52,77,180,2.05,98,0,10000,1011,6.52,77,180,2.05,98,0,10000,1011,6.52,77,180,2.05,98,0,10000
1018,10.84,62,60,1.54,100,0,10000,3,0,20,5,1010,6.8,81,195,3.12,99,0,10000,1010,6.8,81,195,3.12,99,0,10000,1010,6.8,81,195,3.12,99,0,10000,1010,6.8,81,195,3.12,99,0,10000,1010,6.8,81,195,3.12,99,0,10000,1010,6.8,81,195,3.12,99,0,10000,1010,6.8,81,195,3.12,99,0,10000,1010,6.8,81,195,3.12,99,0,10000,1010,6.8,81,195,3.12,99,0,10000,1010,6.8,81,195,3.12,99,0,10000,1010,6.8,81,195,3.12,99,0,10000,1010,6.8,81,195,3.12,99,0,10000
1018,10.84,62,60,1.54,100,0,10000,6,0,20,5,1009,9.25,76,212,6.25,100,0,10000,1009,9.25,76,212,6.25,100,0,10000,1009,9.25,76,212,6.25,100,0,10000,1009,9.25,76,212,6.25,100,0,10000,1009,9.25,76,212,6.25,100,0,10000,1009,9.25,76,212,6.25,100,0,10000,1009,9.25,76,212,6.25,100,0,10000,1009,9.25,76,212,6.25,100,0,10000,1009,9.25,76,212,6.25,100,0,10000,1009,9.25,76,212,6.25,100,0,10000,1009,9.25,76,212,6.25,100,0,10000,1009,9.25,76,212,6.25,100,0,10000
1018,10.84,62,60,1.54,100,0,10000,9,0,20,5,1018,10.55,63,305,2.8,100,0,10000,1018,10.55,63,305,2.8,100,0,10000,1018,10.55,63,305,2.8,100,0,10000,1018,10.55,63,305,2.8,100,0,10000,1018,10.55,63,305,2.8,100,0,10000,1018,10.55,63,305,2.8,100,0,10000,1018,10.55,63,305,2.8,100,0,10000,1018,10.55,63,305,2.8,100,0,10000,1018,10.55,63,305,2.8,100,0,10000,1018,10.55,63,305,2.8,100,0,10000,1018,10.55,63,305,2.8,100,0,10000,1018,10.55,63,305,2.8,100,0,10000
1018,10.84,62,60,1.54,100,0,10000,12,0,20,5,1017,10.47,64,323,3.19,88,0,10000,1017,10.47,64,323,3.19,88,0,10000,1017,10.47,64,323,3.19,88,0,10000,1017,10.47,64,323,3.19,88,0,10000,1017,10.47,64,323,3.19,88,0,10000,1017,10.47,64,323,3.19,88,0,10000,1017,10.47,64,323,3.19,88,0,10000,1017,10.47,64,323,3.19,88,0,10000,1017,10.47,64,323,3.19,88,0,10000,1017,10.47,64,323,3.19,88,0,10000,1017,10.47,64,323,3.19,88,0,10000,1017,10.47,64,323,3.19,88,0,10000
1018,10.84,62,60,1.54,100,0,10000,15,0,20,5,1015,8.86,75,21,3.04,61,0,10000,1015,8.86,75,21,3.04,61,0,10000,1015,8.86,75,21,3.04,61,0,10000,1015,8.86,75,21,3.04,61,0,10000,1015,8.86,75,21,3.04,61,0,10000,1015,8.86,75,21,3.04,61,0,10000,1015,8.86,75,21,3.04,61,0,10000,1015,8.86,75,21,3.04,61,0,10000,1015,8.86,75,21,3.04,61,0,10000,1015,8.86,75,21,3.04,61,0,10000,1015,8.86,75,21,3.04,61,0,10000,1015,8.86,75,21,3.04,61,0,10000
1018,10.84,62,60,1.54,100,0,10000,18,0,20,5,1015,6.65,78,14,0.82,67,0,10000,1015,6.65,78,14,0.82,67,0,10000,1015,6.65,78,14,0.82,67,0,10000,1015,6.65,78,14,0.82,67,0,10000,1015,6.65,78,14,0.82,67,0,10000,1015,6.65,78,14,0.82,67,0,10000,1015,6.65,78,14,0.82,67,0,10000,1015,6.65,78,14,0.82,67,0,10000,1015,6.65,78,14,0.82,67,0,10000,1015,6.65,78,14,0.82,67,0,10000,1015,6.65,78,14,0.82,67,0,10000,1015,6.65,78,14,0.82,67,0,10000
1018,10.84,62,60,1.54,100,0,10000,21,0,20,5,1014,6.33,79,158,1.22,64,0,10000,1014,6.33,79,158,1.22,64,0,10000,1014,6.33,79,158,1.22,64,0,10000,1014,6.33,79,158,1.22,64,0,10000,1014,6.33,79,158,1.22,64,0,10000,1014,6.33,79,158,1.22,64,0,10000,1014,6.33,79,158,1.22,64,0,10000,1014,6.33,79,158,1.22,64,0,10000,1014,6.33,79,158,1.22,64,0,10000,1014,6.33,79,158,1.22,64,0,10000,1014,6.33,79,158,1.22,64,0,10000,1014,6.33,79,158,1.22,64,0,10000
1018,10.84,62,60,1.54,100,0,10000,0,0,21,5,1011,6.52,77,180,2.05,98,0,10000,1011,6.52,77,180,2.05,98,0,10000,1011,6.52,77,180,2.05,98,0,10000,1011,6.52,77,180,2.05,98,0,10000,1011,6.52,77,180,2.05,98,0,10000,1011,6.52,77,180,2.05,98,0,10000,1011,6.52,77,180,2.05,98,0,10000,1011,6.52,77,180,2.05,98,0,10000,1011,6.52,77,180,2.05,98,0,10000,1011,6.52,77,180,2.05,98,0,10000,1011,6.52,77,180,2.05,98,0,10000,1011,6.52,77,180,2.05,98,0,10000
1018,10.84,62,60,1.54,100,0,10000,3,0,21,5,1010,6.8,81,195,3.12,99,0,10000,1010,6.8,81,195,3.12,99,0,10000,1010,6.8,81,195,3.12,99,0,10000,1010,6.8,81,195,3.12,99,0,10000,1010,6.8,81,195,3.12,99,0,10000,1010,6.8,81,195,3.12,99,0,10000,1010,6.8,81,195,3.12,99,0,10000,1010,6.8,81,195,3.12,99,0,10000,1010,6.8,81,195,3.12,99,0,10000,1010,6.8,81,195,3.12,99,0,10000,1010,6.8,81,195,3.12,99,0,10000,1010,6.8,81,195,3.12,99,0,10000
1018,10.84,62,60,1.54,100,0,10000,6,0,21,5,1009,9.25,76,212,6.25,100,0,10000,1009,9.25,76,212,6.25,100,0,10000,1009,9.25,76,212,6.25,100,0,10000,1009,9.25,76,212,6.25,100,0,10000,1009,9.25,76,212,6.25,100,0,10000,1009,9.25,76,212,6.25,100,0,10000,1009,9.25,76,212,6.25,100,0,10000,1009,9.25,76,212,6.25,100,0,10000,1009,9.25,76,212,6.25,100,0,10000,1009,9.25,76,212,6.25,100,0,10000,1009,9.25,76,212,6.25,100,0,10000,1009,9.25,76,212,6.25,100,0,10000
1018,10.84,62,60,1.54,100,0,10000,9,0,21,5,1018,10.55,63,305,2.8,100,0,10000,1018,10.55,63,305,2.8,100,0,10000,1018,10.55,63,305,2.8,100,0,10000,1018,10.55,63,305,2.8,100,0,10000,1018,10.55,63,305,2.8,100,0,10000,1018,10.55,63,305,2.8,100,0,10000,1018,10.55,63,305,2.8,100,0,10000,1018,10.55,63,305,2.8,100,0,10000,1018,10.55,63,305,2.8,100,0,10000,1018,10.55,63,305,2.8,100,0,10000,1018,10.55,63,305,2.8,100,0,10000,1018,10.55,63,305,2.8,100,0,10000
1018,10.84,62,60,1.54,100,0,10000,12,0,21,5,1017,10.47,64,323,3.19,88,0,10000,1017,10.47,64,323,3.19,88,0,10000,1017,10.47,64,323,3.19,88,0,10000,1017,10.47,64,323,3.19,88,0,10000,1017,10.47,64,323,3.19,88,0,10000,1017,10.47,64,323,3.19,88,0,10000,1017,10.47,64,323,3.19,88,0,10000,1017,10.47,64,323,3.19,88,0,10000,1017,10.47,64,323,3.19,88,0,10000,1017,10.47,64,323,3.19,88,0,10000,1017,10.47,64,323,3.19,88,0,10000,1017,10.47,64,323,3.19,88,0,10000
1018,10.84,62,60,1.54,100,0,10000,15,0,21,5,1015,8.86,75,21,3.04,61,0,10000,1015,8.86,75,21,3.04,61,0,10000,1015,8.86,75,21,3.04,61,0,10000,1015,8.86,75,21,3.04,61,0,10000,1015,8.86,75,21,3.04,61,0,10000,1015,8.86,75,21,3.04,61,0,10000,1015,8.86,75,21,3.04,61,0,10000,1015,8.86,75,21,3.04,61,0,10000,1015,8.86,75,21,3.04,61,0,10000,1015,8.86,75,21,3.04,61,0,10000,1015,8.86,75,21,3.04,61,0,10000,1015,8.86,75,21,3.04,61,0,10000
1018,10.84,62,60,1.54,100,0,10000,18,0,21,5,1015,6.65,78,14,0.82,67,0,10000,1015,6.65,78,14,0.82,67,0,10000,1015,6.65,78,14,0.82,67,0,10000,1015,6.65,78,14,0.82,67,0,10000,1015,6.65,78,14,0.82,67,0,10000,1015,6.65,78,14,0.82,67,0,10000,1015,6.65,78,14,0.82,67,0,10000,1015,6.65,78,14,0.82,67,0,10000,1015,6.65,78,14,0.82,67,0,10000,1015,6.65,78,14,0.82,67,0,10000,1015,6.65,78,14,0.82,67,0,10000,1015,6.65,78,14,0.82,67,0,10000
1018,10.84,62,60,1.54,100,0,10000,21,0,21,5,1014,6.33,79,158,1.22,64,0,10000,1014,6.33,79,158,1.22,64,0,10000,1014,6.33,79,158,1.22,64,0,10000,1014,6.33,79,158,1.22,64,0,10000,1014,6.33,79,158,1.22,64,0,10000,1014,6.33,79,158,1.22,64,0,10000,1014,6.33,79,158,1.22,64,0,10000,1014,6.33,79,158,1.22,64,0,10000,1014,6.33,79,158,1.22,64,0,10000,1014,6.33,79,158,1.22,64,0,10000,1014,6.33,79,158,1.22,64,0,10000,1014,6.33,79,158,1.22,64,0,10000
1018,10.84,62,60,1.54,100,0,10000,0,0,22,5,1011,6.52,77,180,2.05,98,0,10000,1011,6.52,77,180,2.05,98,0,10000,1011,6.52,77,180,2.05,98,0,10000,1011,6.52,77,180,2.05,98,0,10000,1011,6.52,77,180,2.05,98,0,10000,1011,6.52,77,180,2.05,98,0,10000,1011,6.52,77,180,2.05,98,0,10000,1011,6.52,77,180,2.05,98,0,10000,1011,6.52,77,180,2.05,98,0,10000,1011,6.52,77,180,2.05,98,0,10000,1011,6.52,77,180,2.05,98,0,10000,1011,6.52,77,180,2.05,98,0,10000
1018,10.84,62,60,1.54,100,0,10000,3,0,22,5,1010,6.8,81,195,3.12,99,0,10000,1010,6.8,81,195,3.12,99,0,10000,1010,6.8,81,195,3.12,99,0,10000,1010,6.8,81,195,3.12,99,0,10000,1010,6.8,81,195,3.12,99,0,10000,1010,6.8,81,195,3.12,99,0,10000,1010,6.8,81,195,3.12,99,0,10000,1010,6.8,81,195,3.12,99,0,10000,1010,6.8,81,195,3.12,99,0,10000,1010,6.8,81,195,3.12,99,0,10000,1010,6.8,81,195,3.12,99,0,10000,1010,6.8,81,195,3.12,99,0,10000
1018,10.84,62,60,1.54,100,0,10000,6,0,22,5,1009,9.25,76,212,6.25,100,0,10000,1009,9.25,76,212,6.25,100,0,10000,1009,9.25,76,212,6.25,100,0,10000,1009,9.25,76,212,6.25,100,0,10000,1009,9.25,76,212,6.25,100,0,10000,1009,9.25,76,212,6.25,100,0,10000,1009,9.25,76,212,6.25,100,0,10000,1009,9.25,76,212,6.25,100,0,10000,1009,9.25,76,212,6.25,100,0,10000,1009,9.25,76,212,6.25,100,0,10000,1009,9.25,76,212,6.25,100,0,10000,1009,9.25,76,212,6.25,100,0,10000
1018,10.84,62,60,1.54,100,0,10000,9,0,22,5,1018,10.55,63,305,2.8,100,0,10000,1018,10.55,63,305,2.8,100,0,10000,1018,10.55,63,305,2.8,100,0,10000,1018,10.55,63,305,2.8,100,0,10000,1018,10.55,63,305,2.8,100,0,10000,1018,10.55,63,305,2.8,100,0,10000,1018,10.55,63,305,2.8,100,0,10000,1018,10.55,63,305,2.8,100,0,10000,1018,10.55,63,305,2.8,100,0,10000,1018,10.55,63,305,2.8,100,0,10000,1018,10.55,63,305,2.8,100,0,10000,1018,10.55,63,305,2.8,100,0,10000
1018,10.84,62,60,1.54,100,0,10000,12,0,22,5,1017,10.47,64,323,3.19,88,0,10000,1017,10.47,64,323,3.19,88,0,10000,1017,10.47,64,323,3.19,88,0,10000,1017,10.47,64,323,3.19,88,0,10000,1017,10.47,64,323,3.19,88,0,10000,1017,10.47,64,323,3.19,88,0,10000,1017,10.47,64,323,3.19,88,0,10000,1017,10.47,64,323,3.19,88,0,10000,1017,10.47,64,323,3.19,88,0,10000,1017,10.47,64,323,3.19,88,0,10000,1017,10.47,64,323,3.19,88,0,10000,1017,10.47,64,323,3.19,88,0,10000
1018,10.84,62,60,1.54,100,0,10000,15,0,22,5,1015,8.86,75,21,3.04,61,0,10000,1015,8.86,75,21,3.04,61,0,10000,1015,8.86,75,21,3.04,61,0,10000,1015,8.86,75,21,3.04,61,0,10000,1015,8.86,75,21,3.04,61,0,10000,1015,8.86,75,21,3.04,61,0,10000,1015,8.86,75,21,3.04,61,0,10000,1015,8.86,75,21,3.04,61,0,10000,1015,8.86,75,21,3.04,61,0,10000,1015,8.86,75,21,3.04,61,0,10000,1015,8.86,75,21,3.04,61,0,10000,1015,8.86,75,21,3.04,61,0,10000
1018,10.84,62,60,1.54,100,0,10000,18,0,22,5,1015,6.65,78,14,0.82,67,0,10000,1015,6.65,78,14,0.82,67,0,10000,1015,6.65,78,14,0.82,67,0,10000,1015,6.65,78,14,0.82,67,0,10000,1015,6.65,78,14,0.82,67,0,10000,1015,6.65,78,14,0.82,67,0,10000,1015,6.65,78,14,0.82,67,0,10000,1015,6.65,78,14,0.82,67,0,10000,1015,6.65,78,14,0.82,67,0,10000,1015,6.65,78,14,0.82,67,0,10000,1015,6.65,78,14,0.82,67,0,10000,1015,6.65,78,14,0.82,67,0,10000
1018,10.84,62,60,1.54,100,0,10000,21,0,22,5,1014,6.33,79,158,1.22,64,0,10000,1014,6.33,79,158,1.22,64,0,10000,1014,6.33,79,158,1.22,64,0,10000,1014,6.33,79,158,1.22,64,0,10000,1014,6.33,79,158,1.22,64,0,10000,1014,6.33,79,158,1.22,64,0,10000,1014,6.33,79,158,1.22,64,0,10000,1014,6.33,79,158,1.22,64,0,10000,1014,6.33,79,158,1.22,64,0,10000,1014,6.33,79,158,1.22,64,0,10000,1014,6.33,79,158,1.22,64,0,10000,1014,6.33,79,158,1.22,64,0,10000
1018,10.84,62,60,1.54,100,0,10000,0,0,23,5,1011,6.52,77,180,2.05,98,0,10000,1011,6.52,77,180,2.05,98,0,10000,1011,6.52,77,180,2.05,98,0,10000,1011,6.52,77,180,2.05,98,0,10000,1011,6.52,77,180,2.05,98,0,10000,1011,6.52,77,180,2.05,98,0,10000,1011,6.52,77,180,2.05,98,0,10000,1011,6.52,77,180,2.05,98,0,10000,1011,6.52,77,180,2.05,98,0,10000,1011,6.52,77,180,2.05,98,0,10000,1011,6.52,77,180,2.05,98,0,10000,1011,6.52,77,180,2.05,98,0,10000
1018,10.84,62,60,1.54,100,0,10000,3,0,23,5,1010,6.8,81,195,3.12,99,0,10000,1010,6.8,81,195,3.12,99,0,10000,1010,6.8,81,195,3.12,99,0,10000,1010,6.8,81,195,3.12,99,0,10000,1010,6.8,81,195,3.12,99,0,10000,1010,6.8,81,195,3.12,99,0,10000,1010,6.8,81,195,3.12,99,0,10000,1010,6.8,81,195,3.12,99,0,10000,1010,6.8,81,195,3.12,99,0,10000,1010,6.8,81,195,3.12,99,0,10000,1010,6.8,81,195,3.12,99,0,10000,1010,6.8,81,195,3.12,99,0,10000
1018,10.84,62,60,1.54,100,0,10000,6,0,23,5,1009,9.25,76,212,6.25,100,0,10000,1009,9.25,76,212,6.25,100,0,10000,1009,9.25,76,212,6.25,100,0,10000,1009,9.25,76,212,6.25,100,0,10000,1009,9.25,76,212,6.25,100,0,10000,1009,9.25,76,212,6.25,100,0,10000,1009,9.25,76,212,6.25,100,0,10000,1009,9.25,76,212,6.25,100,0,10000,1009,9.25,76,212,6.25,100,0,10000,1009,9.25,76,212,6.25,100,0,10000,1009,9.25,76,212,6.25,100,0,10000,1009,9.25,76,212,6.25,100,0,10000
1018,10.84,62,60,1.54,100,0,10000,9,0,23,5,1018,10.55,63,305,2.8,100,0,10000,1018,10.55,63,305,2.8,100,0,10000,1018,10.55,63,305,2.8,100,0,10000,1018,10.55,63,305,2.8,100,0,10000,1018,10.55,63,305,2.8,100,0,10000,1018,10.55,63,305,2.8,100,0,10000,1018,10.55,63,305,2.8,100,0,10000,1018,10.55,63,305,2.8,100,0,10000,1018,10.55,63,305,2.8,100,0,10000,1018,10.55,63,305,2.8,100,0,10000,1018,10.55,63,305,2.8,100,0,10000,1018,10.55,63,305,2.8,100,0,10000
1018,10.84,62,60,1.54,100,0,10000,12,0,23,5,1017,10.47,64,323,3.19,88,0,10000,1017,10.47,64,323,3.19,88,0,10000,1017,10.47,64,323,3.19,88,0,10000,1017,10.47,64,323,3.19,88,0,10000,1017,10.47,64,323,3.19,88,0,10000,1017,10.47,64,323,3.19,88,0,10000,1017,10.47,64,323,3.19,88,0,10000,1017,10.47,64,323,3.19,88,0,10000,1017,10.47,64,323,3.19,88,0,10000,1017,10.47,64,323,3.19,88,0,10000,1017,10.47,64,323,3.19,88,0,10000,1017,10.47,64,323,3.19,88,0,10000
1018,10.84,62,60,1.54,100,0,10000,15,0,23,5,1015,8.86,75,21,3.04,61,0,10000,1015,8.86,75,21,3.04,61,0,10000,1015,8.86,75,21,3.04,61,0,10000,1015,8.86,75,21,3.04,61,0,10000,1015,8.86,75,21,3.04,61,0,10000,1015,8.86,75,21,3.04,61,0,10000,1015,8.86,75,21,3.04,61,0,10000,1015,8.86,75,21,3.04,61,0,10000,1015,8.86,75,21,3.04,61,0,10000,1015,8.86,75,21,3.04,61,0,10000,1015,8.86,75,21,3.04,61,0,10000,1015,8.86,75,21,3.04,61,0,10000
1018,10.84,62,60,1.54,100,0,10000,18,0,23,5,1015,6.65,78,14,0.82,67,0,10000,1015,6.65,78,14,0.82,67,0,10000,1015,6.65,78,14,0.82,67,0,10000,1015,6.65,78,14,0.82,67,0,10000,1015,6.65,78,14,0.82,67,0,10000,1015,6.65,78,14,0.82,67,0,10000,1015,6.65,78,14,0.82,67,0,10000,1015,6.65,78,14,0.82,67,0,10000,1015,6.65,78,14,0.82,67,0,10000,1015,6.65,78,14,0.82,67,0,10000,1015,6.65,78,14,0.82,67,0,10000,1015,6.65,78,14,0.82,67,0,10000
1018,10.84,62,60,1.54,100,0,10000,21,0,23,5,1014,6.33,79,158,1.22,64,0,10000,1014,6.33,79,158,1.22,64,0,10000,1014,6.33,79,158,1.22,64,0,10000,1014,6.33,79,158,1.22,64,0,10000,1014,6.33,79,158,1.22,64,0,10000,1014,6.33,79,158,1.22,64,0,10000,1014,6.33,79,158,1.22,64,0,10000,1014,6.33,79,158,1.22,64,0,10000,1014,6.33,79,158,1.22,64,0,10000,1014,6.33,79,158,1.22,64,0,10000,1014,6.33,79,158,1.22,64,0,10000,1014,6.33,79,158,1.22,64,0,10000
1018,10.84,62,60,1.54,100,0,10000,0,0,24,5,1011,6.52,77,180,2.05,98,0,10000,1011,6.52,77,180,2.05,98,0,10000,1011,6.52,77,180,2.05,98,0,10000,1011,6.52,77,180,2.05,98,0,10000,1011,6.52,77,180,2.05,98,0,10000,1011,6.52,77,180,2.05,98,0,10000,1011,6.52,77,180,2.05,98,0,10000,1011,6.52,77,180,2.05,98,0,10000,1011,6.52,77,180,2.05,98,0,10000,1011,6.52,77,180,2.05,98,0,10000,1011,6.52,77,180,2.05,98,0,10000,1011,6.52,77,180,2.05,98,0,10000
1018,10.84,62,60,1.54,100,0,10000,3,0,24,5,1010,6.8,81,195,3.12,99,0,10000,1010,6.8,81,195,3.12,99,0,10000,1010,6.8,81,195,3.12,99,0,10000,1010,6.8,81,195,3.12,99,0,10000,1010,6.8,81,195,3.12,99,0,10000,1010,6.8,81,195,3.12,99,0,10000,1010,6.8,81,195,3.12,99,0,10000,1010,6.8,81,195,3.12,99,0,10000,1010,6.8,81,195,3.12,99,0,10000,1010,6.8,81,195,3.12,99,0,10000,1010,6.8,81,195,3.12,99,0,10000,1010,6.8,81,195,3.12,99,0,10000
1018,10.84,62,60,1.54,100,0,10000,6,0,24,5,1009,9.25,76,212,6.25,100,0,10000,1009,9.25,76,212,6.25,100,0,10000,1009,9.25,76,212,6.25,100,0,10000,1009,9.25,76,212,6.25,100,0,10000,1009,9.25,76,212,6.25,100,0,10000,1009,9.25,76,212,6.25,100,0,10000,1009,9.25,76,212,6.25,100,0,10000,1009,9.25,76,212,6.25,100,0,10000,1009,9.25,76,212,6.25,100,0,10000,1009,9.25,76,212,6.25,100,0,10000,1009,9.25,76,212,6.25,100,0,10000,1009,9.25,76,212,6.25,100,0,10000
1018,10.84,62,60,1.54,100,0,10000,9,0,24,5,1018,10.55,63,305,2.8,100,0,10000,1018,10.55,63,305,2.8,100,0,10000,1018,10.55,63,305,2.8,100,0,10000,1018,10.55,63,305,2.8,100,0,10000,1018,10.55,63,305,2.8,100,0,10000,1018,10.55,63,305,2.8,100,0,10000,1018,10.55,63,305,2.8,100,0,10000,1018,10.55,63,305,2.8,100,0,10000,1018,10.55,63,305,2.8,100,0,10000,1018,10.55,63,305,2.8,100,0,10000,1018,10.55,63,305,2.8,100,0,10000,1018,10.55,63,305,2.8,100,0,10000
1018,10.84,62,60,1.54,100,0,10000,12,0,24,5,1017,10.47,64,323,3.19,88,0,10000,1017,10.47,64,323,3.19,88,0,10000,1017,10.47,64,323,3.19,88,0,10000,1017,10.47,64,323,3.19,88,0,10000,1017,10.47,64,323,3.19,88,0,10000,1017,10.47,64,323,3.19,88,0,10000,1017,10.47,64,323,3.19,88,0,10000,1017,10.47,64,323,3.19,88,0,10000,1017,10.47,64,323,3.19,88,0,10000,1017,10.47,64,323,3.19,88,0,10000,1017,10.47,64,323,3.19,88,0,10000,1017,10.47,64,323,3.19,88,0,10000
1018,10.84,62,60,1.54,100,0,10000,15,0,24,5,1015,8.86,75,21,3.04,61,0,10000,1015,8.86,75,21,3.04,61,0,10000,1015,8.86,75,21,3.04,61,0,10000,1015,8.86,75,21,3.04,61,0,10000,1015,8.86,75,21,3.04,61,0,10000,1015,8.86,75,21,3.04,61,0,10000,1015,8.86,75,21,3.04,61,0,10000,1015,8.86,75,21,3.04,61,0,10000,1015,8.86,75,21,3.04,61,0,10000,1015,8.86,75,21,3.04,61,0,10000,1015,8.86,75,21,3.04,61,0,10000,1015,8.86,75,21,3.04,61,0,10000
1018,10.84,62,60,1.54,100,0,10000,18,0,24,5,1015,6.65,78,14,0.82,67,0,10000,1015,6.65,78,14,0.82,67,0,10000,1015,6.65,78,14,0.82,67,0,10000,1015,6.65,78,14,0.82,67,0,10000,1015,6.65,78,14,0.82,67,0,10000,1015,6.65,78,14,0.82,67,0,10000,1015,6.65,78,14,0.82,67,0,10000,1015,6.65,78,14,0.82,67,0,10000,1015,6.65,78,14,0.82,67,0,10000,1015,6.65,78,14,0.82,67,0,10000,1015,6.65,78,14,0.82,67,0,10000,1015,6.65,78,14,0.82,67,0,10000
1018,10.84,62,60,1.54,100,0,10000,21,0,24,5,1014,6.33,79,158,1.22,64,0,10000,1014,6.33,79,158,1.22,64,0,10000,1014,6.33,79,158,1.22,64,0,10000,1014,6.33,79,158,1.22,64,0,10000,1014,6.33,79,158,1.22,64,0,10000,1014,6.33,79,158,1.22,64,0,10000,1014,6.33,79,158,1.22,64,0,10000,1014,6.33,79,158,1.22,64,0,10000,1014,6.33,79,158,1.22,64,0,10000,1014,6.33,79,158,1.22,64,0,10000,1014,6.33,79,158,1.22,64,0,10000,1014,6.33,79,158,1.22,64,0,10000
1018,10.84,62,60,1.54,100,0,10000,0,0,25,5,1011,6.52,77,180,2.05,98,0,10000,1011,6.52,77,180,2.05,98,0,10000,1011,6.52,77,180,2.05,98,0,10000,1011,6.52,77,180,2.05,98,0,10000,1011,6.52,77,180,2.05,98,0,10000,1011,6.52,77,180,2.05,98,0,10000,1011,6.52,77,180,2.05,98,0,10000,1011,6.52,77,180,2.05,98,0,10000,1011,6.52,77,180,2.05,98,0,10000,1011,6.52,77,180,2.05,98,0,10000,1011,6.52,77,180,2.05,98,0,10000,1011,6.52,77,180,2.05,98,0,10000
1018,10.84,62,60,1.54,100,0,10000,3,0,25,5,1010,6.8,81,195,3.12,99,0,10000,1010,6.8,81,195,3.12,99,0,10000,1010,6.8,81,195,3.12,99,0,10000,1010,6.8,81,195,3.12,99,0,10000,1010,6.8,81,195,3.12,99,0,10000,1010,6.8,81,195,3.12,99,0,10000,1010,6.8,81,195,3.12,99,0,10000,1010,6.8,81,195,3.12,99,0,10000,1010,6.8,81,195,3.12,99,0,10000,1010,6.8,81,195,3.12,99,0,10000,1010,6.8,81,195,3.12,99,0,10000,1010,6.8,81,195,3.12,99,0,10000
1018,10.84,62,60,1.54,100,0,10000,6,0,25,5,1009,9.25,76,212,6.25,100,0,10000,1009,9.25,76,212,6.25,100,0,10000,1009,9.25,76,212,6.25,100,0,10000,1009,9.25,76,212,6.25,100,0,10000,1009,9.25,76,212,6.25,100,0,10000,1009,9.25,76,212,6.25,100,0,10000,1009,9.25,76,212,6.25,100,0,10000,1009,9.25,76,212,6.25,100,0,10000,1009,9.25,76,212,6.25,100,0,10000,1009,9.25,76,212,6.25,100,0,10000,1009,9.25,76,212,6.25,100,0,10000,1009,9.25,76,212,6.25,100,0,10000
1018,10.84,62,60,1.54,100,0,10000,9,0,25,5,1018,10.55,63,305,2.8,100,0,10000,1018,10.55,63,305,2.8,100,0,10000,1018,10.55,63,305,2.8,100,0,10000,1018,10.55,63,305,2.8,100,0,10000,1018,10.55,63,305,2.8,100,0,10000,1018,10.55,63,305,2.8,100,0,10000,1018,10.55,63,305,2.8,100,0,10000,1018,10.55,63,305,2.8,100,0,10000,1018,10.55,63,305,2.8,100,0,10000,1018,10.55,63,305,2.8,100,0,10000,1018,10.55,63,305,2.8,100,0,10000,1018,10.55,63,305,2.8,100,0,10000
1018,10.84,62,60,1.54,100,0,10000,12,0,25,5,1017,10.47,64,323,3.19,88,0,10000,1017,10.47,64,323,3.19,88,0,10000,1017,10.47,64,323,3.19,88,0,10000,1017,10.47,64,323,3.19,88,0,10000,1017,10.47,64,323,3.19,88,0,10000,1017,10.47,64,323,3.19,88,0,10000,1017,10.47,64,323,3.19,88,0,10000,1017,10.47,64,323,3.19,88,0,10000,1017,10.47,64,323,3.19,88,0,10000,1017,10.47,64,323,3.19,88,0,10000,1017,10.47,64,323,3.19,88,0,10000,1017,10.47,64,323,3.19,88,0,10000
1018,10.84,62,60,1.54,100,0,10000,15,0,25,5,1015,8.86,75,21,3.04,61,0,10000,1015,8.86,75,21,3.04,61,0,10000,1015,8.86,75,21,3.04,61,0,10000,1015,8.86,75,21,3.04,61,0,10000,1015,8.86,75,21,3.04,61,0,10000,1015,8.86,75,21,3.04,61,0,10000,1015,8.86,75,21,3.04,61,0,10000,1015,8.86,75,21,3.04,61,0,10000,1015,8.86,75,21,3.04,61,0,10000,1015,8.86,75,21,3.04,61,0,10000,1015,8.86,75,21,3.04,61,0,10000,1015,8.86,75,21,3.04,61,0,10000
1018,10.84,62,60,1.54,100,0,10000,18,0,25,5,1015,6.65,78,14,0.82,67,0,10000,1015,6.65,78,14,0.82,67,0,10000,1015,6.65,78,14,0.82,67,0,10000,1015,6.65,78,14,0.82,67,0,10000,1015,6.65,78,14,0.82,67,0,10000,1015,6.65,78,14,0.82,67,0,10000,1015,6.65,78,14,0.82,67,0,10000,1015,6.65,78,14,0.82,67,0,10000,1015,6.65,78,14,0.82,67,0,10000,1015,6.65,78,14,0.82,67,0,10000,1015,6.65,78,14,0.82,67,0,10000,1015,6.65,78,14,0.82,67,0,10000
1018,10.84,62,60,1.54,100,0,10000,21,0,25,5,1014,6.33,79,158,1.22,64,0,10000,1014,6.33,79,158,1.22,64,0,10000,1014,6.33,79,158,1.22,64,0,10000,1014,6.33,79,158,1.22,64,0,10000,1014,6.33,79,158,1.22,64,0,10000,1014,6.33,79,158,1.22,64,0,10000,1014,6.33,79,158,1.22,64,0,10000,1014,6.33,79,158,1.22,64,0,10000,1014,6.33,79,158,1.22,64,0,10000,1014,6.33,79,158,1.22,64,0,10000,1014,6.33,79,158,1.22,64,0,10000,1014,6.33,79,158,1.22,64,0,10000
1018,10.84,62,60,1.54,100,0,10000,0,0,26,5,1011,6.52,77,180,2.05,98,0,10000,1011,6.52,77,180,2.05,98,0,10000,1011,6.52,77,180,2.05,98,0,10000,1011,6.52,77,180,2.05,98,0,10000,1011,6.52,77,180,2.05,98,0,10000,1011,6.52,77,180,2.05,98,0,10000,1011,6.52,77,180,2.05,98,0,10000,1011,6.52,77,180,2.05,98,0,10000,1011,6.52,77,180,2.05,98,0,10000,1011,6.52,77,180,2.05,98,0,10000,1011,6.52,77,180,2.05,98,0,10000,1011,6.52,77,180,2.05,98,0,10000
1018,10.84,62,60,1.54,100,0,10000,3,0,26,5,1010,6.8,81,195,3.12,99,0,10000,1010,6.8,81,195,3.12,99,0,10000,1010,6.8,81,195,3.12,99,0,10000,1010,6.8,81,195,3.12,99,0,10000,1010,6.8,81,195,3.12,99,0,10000,1010,6.8,81,195,3.12,99,0,10000,1010,6.8,81,195,3.12,99,0,10000,1010,6.8,81,195,3.12,99,0,10000,1010,6.8,81,195,3.12,99,0,10000,1010,6.8,81,195,3.12,99,0,10000,1010,6.8,81,195,3.12,99,0,10000,1010,6.8,81,195,3.12,99,0,10000
1018,10.84,62,60,1.54,100,0,10000,6,0,26,5,1009,9.25,76,212,6.25,100,0,10000,1009,9.25,76,212,6.25,100,0,10000,1009,9.25,76,212,6.25,100,0,10000,1009,9.25,76,212,6.25,100,0,10000,1009,9.25,76,212,6.25,100,0,10000,1009,9.25,76,212,6.25,100,0,10000,1009,9.25,76,212,6.25,100,0,10000,1009,9.25,76,212,6.25,100,0,10000,1009,9.25,76,212,6.25,100,0,10000,1009,9.25,76,212,6.25,100,0,10000,1009,9.25,76,212,6.25,100,0,10000,1009,9.25,76,212,6.25,100,0,10000
1018,10.84,62,60,1.54,100,0,10000,9,0,26,5,1018,10.55,63,305,2.8,100,0,10000,1018,10.55,63,305,2.8,100,0,10000,1018,10.55,63,305,2.8,100,0,10000,1018,10.55,63,305,2.8,100,0,10000,1018,10.55,63,305,2.8,100,0,10000,1018,10.55,63,305,2.8,100,0,10000,1018,10.55,63,305,2.8,100,0,10000,1018,10.55,63,305,2.8,100,0,10000,1018,10.55,63,305,2.8,100,0,10000,1018,10.55,63,305,2.8,100,0,10000,1018,10.55,63,305,2.8,100,0,10000,1018,10.55,63,305,2.8,100,0,10000
1018,10.84,62,60,1.54,100,0,10000,12,0,26,5,1017,10.47,64,323,3.19,88,0,10000,1017,10.47,64,323,3.19,88,0,10000,1017,10.47,64,323,3.19,88,0,10000,1017,10.47,64,323,3.19,88,0,10000,1017,10.47,64,323,3.19,88,0,10000,1017,10.47,64,323,3.19,88,0,10000,1017,10.47,64,323,3.19,88,0,10000,1017,10.47,64,323,3.19,88,0,10000,1017,10.47,64,323,3.19,88,0,10000,1017,10.47,64,323,3.19,88,0,10000,1017,10.47,64,323,3.19,88,0,10000,1017,10.47,64,323,3.19,88,0,10000
1018,10.84,62,60,1.54,100,0,10000,15,0,26,5,1015,8.86,75,21,3.04,61,0,10000,1015,8.86,75,21,3.04,61,0,10000,1015,8.86,75,21,3.04,61,0,10000,1015,8.86,75,21,3.04,61,0,10000,1015,8.86,75,21,3.04,61,0,10000,1015,8.86,75,21,3.04,61,0,10000,1015,8.86,75,21,3.04,61,0,10000,1015,8.86,75,21,3.04,61,0,10000,1015,8.86,75,21,3.04,61,0,10000,1015,8.86,75,21,3.04,61,0,10000,1015,8.86,75,21,3.04,61,0,10000,1015,8.86,75,21,3.04,61,0,10000
1018,10.84,62,60,1.54,100,0,10000,18,0,26,5,1015,6.65,78,14,0.82,67,0,10000,1015,6.65,78,14,0.82,67,0,10000,1015,6.65,78,14,0.82,67,0,10000,1015,6.65,78,14,0.82,67,0,10000,1015,6.65,78,14,0.82,67,0,10000,1015,6.65,78,14,0.82,67,0,10000,1015,6.65,78,14,0.82,67,0,10000,1015,6.65,78,14,0.82,67,0,10000,1015,6.65,78,14,0.82,67,0,10000,1015,6.65,78,14,0.82,67,0,10000,1015,6.65,78,14,0.82,67,0,10000,1015,6.65,78,14,0.82,67,0,10000
1018,10.84,62,60,1.54,100,0,10000,21,0,26,5,1014,6.33,79,158,1.22,64,0,10000,1014,6.33,79,158,1.22,64,0,10000,1014,6.33,79,158,1.22,64,0,10000,1014,6.33,79,158,1.22,64,0,10000,1014,6.33,79,158,1.22,64,0,10000,1014,6.33,79,158,1.22,64,0,10000,1014,6.33,79,158,1.22,64,0,10000,1014,6.33,79,158,1.22,64,0,10000,1014,6.33,79,158,1.22,64,0,10000,1014,6.33,79,158,1.22,64,0,10000,1014,6.33,79,158,1.22,64,0,10000,1014,6.33,79,158,1.22,64,0,10000
1018,10.84,62,60,1.54,100,0,10000,0,0,27,5,1011,6.52,77,180,2.05,98,0,10000,1011,6.52,77,180,2.05,98,0,10000,1011,6.52,77,180,2.05,98,0,10000,1011,6.52,77,180,2.05,98,0,10000,1011,6.52,77,180,2.05,98,0,10000,1011,6.52,77,180,2.05,98,0,10000,1011,6.52,77,180,2.05,98,0,10000,1011,6.52,77,180,2.05,98,0,10000,1011,6.52,77,180,2.05,98,0,10000,1011,6.52,77,180,2.05,98,0,10000,1011,6.52,77,180,2.05,98,0,10000,1011,6.52,77,180,2.05,98,0,10000
1018,10.84,62,60,1.54,100,0,10000,3,0,27,5,1010,6.8,81,195,3.12,99,0,10000,1010,6.8,81,195,3.12,99,0,10000,1010,6.8,81,195,3.12,99,0,10000,1010,6.8,81,195,3.12,99,0,10000,1010,6.8,81,195,3.12,99,0,10000,1010,6.8,81,195,3.12,99,0,10000,1010,6.8,81,195,3.12,99,0,10000,1010,6.8,81,195,3.12,99,0,10000,1010,6.8,81,195,3.12,99,0,10000,1010,6.8,81,195,3.12,99,0,10000,1010,6.8,81,195,3.12,99,0,10000,1010,6.8,81,195,3.12,99,0,10000
1018,10.84,62,60,1.54,100,0,10000,6,0,27,5,1009,9.25,76,212,6.25,100,0,10000,1009,9.25,76,212,6.25,100,0,10000,1009,9.25,76,212,6.25,100,0,10000,1009,9.25,76,212,6.25,100,0,10000,1009,9.25,76,212,6.25,100,0,10000,1009,9.25,76,212,6.25,100,0,10000,1009,9.25,76,212,6.25,100,0,10000,1009,9.25,76,212,6.25,100,0,10000,1009,9.25,76,212,6.25,100,0,10000,1009,9.25,76,212,6.25,100,0,10000,1009,9.25,76,212,6.25,100,0,10000,1009,9.25,76,212,6.25,100,0,10000
1018,10.84,62,60,1.54,100,0,10000,9,0,27,5,1018,10.55,63,305,2.8,100,0,10000,1018,10.55,63,305,2.8,100,0,10000,1018,10.55,63,305,2.8,100,0,10000,1018,10.55,63,305,2.8,100,0,10000,1018,10.55,63,305,2.8,100,0,10000,1018,10.55,63,305,2.8,100,0,10000,1018,10.55,63,305,2.8,100,0,10000,1018,10.55,63,305,2.8,100,0,10000,1018,10.55,63,305,2.8,100,0,10000,1018,10.55,63,305,2.8,100,0,10000,1018,10.55,63,305,2.8,100,0,10000,1018,10.55,63,305,2.8,100,0,10000
1018,10.84,62,60,1.54,100,0,10000,12,0,27,5,1017,10.47,64,323,3.19,88,0,10000,1017,10.47,64,323,3.19,88,0,10000,1017,10.47,64,323,3.19,88,0,10000,1017,10.47,64,323,3.19,88,0,10000,1017,10.47,64,323,3.19,88,0,10000,1017,10.47,64,323,3.19,88,0,10000,1017,10.47,64,323,3.19,88,0,10000,1017,10.47,64,323,3.19,88,0,10000,1017,10.47,64,323,3.19,88,0,10000,1017,10.47,64,323,3.19,88,0,10000,1017,10.47,64,323,3.19,88,0,10000,1017,10.47,64,323,3.19,88,0,10000
1018,10.84,62,60,1.54,100,0,10000,15,0,27,5,1015,8.86,75,21,3.04,61,0,10000,1015,8.86,75,21,3.04,61,0,10000,1015,8.86,75,21,3.04,61,0,10000,1015,8.86,75,21,3.04,61,0,10000,1015,8.86,75,21,3.04,61,0,10000,1015,8.86,75,21,3.04,61,0,10000,1015,8.86,75,21,3.04,61,0,10000,1015,8.86,75,21,3.04,61,0,10000,1015,8.86,75,21,3.04,61,0,10000,1015,8.86,75,21,3.04,61,0,10000,1015,8.86,75,21,3.04,61,0,10000,1015,8.86,75,21,3.04,61,0,10000
1018,10.84,62,60,1.54,100,0,10000,18,0,27,5,1015,6.65,78,14,0.82,67,0,10000,1015,6.65,78,14,0.82,67,0,10000,1015,6.65,78,14,0.82,67,0,10000,1015,6.65,78,14,0.82,67,0,10000,1015,6.65,78,14,0.82,67,0,10000,1015,6.65,78,14,0.82,67,0,10000,1015,6.65,78,14,0.82,67,0,10000,1015,6.65,78,14,0.82,67,0,10000,1015,6.65,78,14,0.82,67,0,10000,1015,6.65,78,14,0.82,67,0,10000,1015,6.65,78,14,0.82,67,0,10000,1015,6.65,78,14,0.82,67,0,10000
1018,10.84,62,60,1.54,100,0,10000,21,0,27,5,1014,6.33,79,158,1.22,64,0,10000,1014,6.33,79,158,1.22,64,0,10000,1014,6.33,79,158,1.22,64,0,10000,1014,6.33,79,158,1.22,64,0,10000,1014,6.33,79,158,1.22,64,0,10000,1014,6.33,79,158,1.22,64,0,10000,1014,6.33,79,158,1.22,64,0,10000,1014,6.33,79,158,1.22,64,0,10000,1014,6.33,79,158,1.22,64,0,10000,1014,6.33,79,158,1.22,64,0,10000,1014,6.33,79,158,1.22,64,0,10000,1014,6.33,79,158,1.22,64,0,10000
1018,10.84,62,60,1.54,100,0,10000,0,0,28,5,1011,6.52,77,180,2.05,98,0,10000,1011,6.52,77,180,2.05,98,0,10000,1011,6.52,77,180,2.05,98,0,10000,1011,6.52,77,180,2.05,98,0,10000,1011,6.52,77,180,2.05,98,0,10000,1011,6.52,77,180,2.05,98,0,10000,1011,6.52,77,180,2.05,98,0,10000,1011,6.52,77,180,2.05,98,0,10000,1011,6.52,77,180,2.05,98,0,10000,1011,6.52,77,180,2.05,98,0,10000,1011,6.52,77,180,2.05,98,0,10000,1011,6.52,77,180,2.05,98,0,10000
1018,10.84,62,60,1.54,100,0,10000,3,0,28,5,1010,6.8,81,195,3.12,99,0,10000,1010,6.8,81,195,3.12,99,0,10000,1010,6.8,81,195,3.12,99,0,10000,1010,6.8,81,195,3.12,99,0,10000,1010,6.8,81,195,3.12,99,0,10000,1010,6.8,81,195,3.12,99,0,10000,1010,6.8,81,195,3.12,99,0,10000,1010,6.8,81,195,3.12,99,0,10000,1010,6.8,81,195,3.12,99,0,10000,1010,6.8,81,195,3.12,99,0,10000,1010,6.8,81,195,3.12,99,0,10000,1010,6.8,81,195,3.12,99,0,10000
1018,10.84,62,60,1.54,100,0,10000,6,0,28,5,1009,9.25,76,212,6.25,100,0,10000,1009,9.25,76,212,6.25,100,0,10000,1009,9.25,76,212,6.25,100,0,10000,1009,9.25,76,212,6.25,100,0,10000,1009,9.25,76,212,6.25,100,0,10000,1009,9.25,76,212,6.25,100,0,10000,1009,9.25,76,212,6.25,100,0,10000,1009,9.25,76,212,6.25,100,0,10000,1009,9.25,76,212,6.25,100,0,10000,1009,9.25,76,212,6.25,100,0,10000,1009,9.25,76,212,6.25,100,0,10000,1009,9.25,76,212,6.25,100,0,10000
1018,10.84,62,60,1.54,100,0,10000,9,0,28,5,1018,10.55,63,305,2.8,100,0,10000,1018,10.55,63,305,2.8,100,0,10000,1018,10.55,63,305,2.8,100,0,10000,1018,10.55,63,305,2.8,100,0,10000,1018,10.55,63,305,2.8,100,0,10000,1018,10.55,63,305,2.8,100,0,10000,1018,10.55,63,305,2.8,100,0,10000,1018,10.55,63,305,2.8,100,0,10000,1018,10.55,63,305,2.8,100,0,10000,1018,10.55,63,305,2.8,100,0,10000,1018,10.55,63,305,2.8,100,0,10000,1018,10.55,63,305,2.8,100,0,10000
1018,10.84,62,60,1.54,100,0,10000,12,0,28,5,1017,10.47,64,323,3.19,88,0,10000,1017,10.47,64,323,3.19,88,0,10000,1017,10.47,64,323,3.19,88,0,10000,1017,10.47,64,323,3.19,88,0,10000,1017,10.47,64,323,3.19,88,0,10000,1017,10.47,64,323,3.19,88,0,10000,1017,10.47,64,323,3.19,88,0,10000,1017,10.47,64,323,3.19,88,0,10000,1017,10.47,64,323,3.19,88,0,10000,1017,10.47,64,323,3.19,88,0,10000,1017,10.47,64,323,3.19,88,0,10000,1017,10.47,64,323,3.19,88,0,10000
1018,10.84,62,60,1.54,100,0,10000,15,0,28,5,1015,8.86,75,21,3.04,61,0,10000,1015,8.86,75,21,3.04,61,0,10000,1015,8.86,75,21,3.04,61,0,10000,1015,8.86,75,21,3.04,61,0,10000,1015,8.86,75,21,3.04,61,0,10000,1015,8.86,75,21,3.04,61,0,10000,1015,8.86,75,21,3.04,61,0,10000,1015,8.86,75,21,3.04,61,0,10000,1015,8.86,75,21,3.04,61,0,10000,1015,8.86,75,21,3.04,61,0,10000,1015,8.86,75,21,3.04,61,0,10000,1015,8.86,75,21,3.04,61,0,10000
1018,10.84,62,60,1.54,100,0,10000,18,0,28,5,1015,6.65,78,14,0.82,67,0,10000,1015,6.65,78,14,0.82,67,0,10000,1015,6.65,78,14,0.82,67,0,10000,1015,6.65,78,14,0.82,67,0,10000,1015,6.65,78,14,0.82,67,0,10000,1015,6.65,78,14,0.82,67,0,10000,1015,6.65,78,14,0.82,67,0,10000,1015,6.65,78,14,0.82,67,0,10000,1015,6.65,78,14,0.82,67,0,10000,1015,6.65,78,14,0.82,67,0,10000,1015,6.65,78,14,0.82,67,0,10000,1015,6.65,78,14,0.82,67,0,10000
1018,10.84,62,60,1.54,100,0,10000,21,0,28,5,1014,6.33,79,158,1.22,64,0,10000,1014,6.33,79,158,1.22,64,0,10000,1014,6.33,79,158,1.22,64,0,10000,1014,6.33,79,158,1.22,64,0,10000,1014,6.33,79,158,1.22,64,0,10000,1014,6.33,79,158,1.22,64,0,10000,1014,6.33,79,158,1.22,64,0,10000,1014,6.33,79,158,1.22,64,0,10000,1014,6.33,79,158,1.22,64,0,10000,1014,6.33,79,158,1.22,64,0,10000,1014,6.33,79,158,1.22,64,0,10000,1014,6.33,79,158,1.22,64,0,10000
1018,10.84,62,60,1.54,100,0,10000,0,0,29,5,1011,6.52,77,180,2.05,98,0,10000,1011,6.52,77,180,2.05,98,0,10000,1011,6.52,77,180,2.05,98,0,10000,1011,6.52,77,180,2.05,98,0,10000,1011,6.52,77,180,2.05,98,0,10000,1011,6.52,77,180,2.05,98,0,10000,1011,6.52,77,180,2.05,98,0,10000,1011,6.52,77,180,2.05,98,0,10000,1011,6.52,77,180,2.05,98,0,10000,1011,6.52,77,180,2.05,98,0,10000,1011,6.52,77,180,2.05,98,0,10000,1011,6.52,77,180,2.05,98,0,10000
1018,10.84,62,60,1.54,100,0,10000,3,0,29,5,1010,6.8,81,195,3.12,99,0,10000,1010,6.8,81,195,3.12,99,0,10000,1010,6.8,81,195,3.12,99,0,10000,1010,6.8,81,195,3.12,99,0,10000,1010,6.8,81,195,3.12,99,0,10000,1010,6.8,81,195,3.12,99,0,10000,1010,6.8,81,195,3.12,99,0,10000,1010,6.8,81,195,3.12,99,0,10000,1010,6.8,81,195,3.12,99,0,10000,1010,6.8,81,195,3.12,99,0,10000,1010,6.8,81,195,3.12,99,0,10000,1010,6.8,81,195,3.12,99,0,10000
1018,10.84,62,60,1.54,100,0,10000,6,0,29,5,1009,9.25,76,212,6.25,100,0,10000,1009,9.25,76,212,6.25,100,0,10000,1009,9.25,76,212,6.25,100,0,10000,1009,9.25,76,212,6.25,100,0,10000,1009,9.25,76,212,6.25,100,0,10000,1009,9.25,76,212,6.25,100,0,10000,1009,9.25,76,212,6.25,100,0,10000,1009,9.25,76,212,6.25,100,0,10000,1009,9.25,76,212,6.25,100,0,10000,1009,9.25,76,212,6.25,100,0,10000,1009,9.25,76,212,6.25,100,0,10000,1009,9.25,76,212,6.25,100,0,10000
1018,10.84,62,60,1.54,100,0,10000,9,0,29,5,1018,10.55,63,305,2.8,100,0,10000,1018,10.55,63,305,2.8,100,0,10000,1018,10.55,63,305,2.8,100,0,10000,1018,10.55,63,305,2.8,100,0,10000,1018,10.55,63,305,2.8,100,0,10000,1018,10.55,63,305,2.8,100,0,10000,1018,10.55,63,305,2.8,100,0,10000,1018,10.55,63,305,2.8,100,0,10000,1018,10.55,63,305,2.8,100,0,10000,1018,10.55,63,305,2.8,100,0,10000,1018,10.55,63,305,2.8,100,0,10000,1018,10.55,63,305,2.8,100,0,10000
1018,10.84,62,60,1.54,100,0,10000,12,0,29,5,1017,10.47,64,323,3.19,88,0,10000,1017,10.47,64,323,3.19,88,0,10000,1017,10.47,64,323,3.19,88,0,10000,1017,10.47,64,323,3.19,88,0,10000,1017,10.47,64,323,3.19,88,0,10000,1017,10.47,64,323,3.19,88,0,10000,1017,10.47,64,323,3.19,88,0,10000,1017,10.47,64,323,3.19,88,0,10000,1017,10.47,64,323,3.19,88,0,10000,1017,10.47,64,323,3.19,88,0,10000,1017,10.47,64,323,3.19,88,0,10000,1017,10.47,64,323,3.19,88,0,10000
1018,10.84,62,60,1.54,100,0,10000,15,0,29,5,1015,8.86,75,21,3.04,61,0,10000,1015,8.86,75,21,3.04,61,0,10000,1015,8.86,75,21,3.04,61,0,10000,1015,8.86,75,21,3.04,61,0,10000,1015,8.86,75,21,3.04,61,0,10000,1015,8.86,75,21,3.04,61,0,10000,1015,8.86,75,21,3.04,61,0,10000,1015,8.86,75,21,3.04,61,0,10000,1015,8.86,75,21,3.04,61,0,10000,1015,8.86,75,21,3.04,61,0,10000,1015,8.86,75,21,3.04,61,0,10000,1015,8.86,75,21,3.04,61,0,10000
1018,10.84,62,60,1.54,100,0,10000,18,0,29,5,1015,6.65,78,14,0.82,67,0,10000,1015,6.65,78,14,0.82,67,0,10000,1015,6.65,78,14,0.82,67,0,10000,1015,6.65,78,14,0.82,67,0,10000,1015,6.65,78,14,0.82,67,0,10000,1015,6.65,78,14,0.82,67,0,10000,1015,6.65,78,14,0.82,67,0,10000,1015,6.65,78,14,0.82,67,0,10000,1015,6.65,78,14,0.82,67,0,10000,1015,6.65,78,14,0.82,67,0,10000,1015,6.65,78,14,0.82,67,0,10000,1015,6.65,78,14,0.82,67,0,10000
1018,10.84,62,60,1.54,100,0,10000,21,0,29,5,1014,6.33,79,158,1.22,64,0,10000,1014,6.33,79,158,1.22,64,0,10000,1014,6.33,79,158,1.22,64,0,10000,1014,6.33,79,158,1.22,64,0,10000,1014,6.33,79,158,1.22,64,0,10000,1014,6.33,79,158,1.22,64,0,10000,1014,6.33,79,158,1.22,64,0,10000,1014,6.33,79,158,1.22,64,0,10000,1014,6.33,79,158,1.22,64,0,10000,1014,6.33,79,158,1.22,64,0,10000,1014,6.33,79,158,1.22,64,0,10000,1014,6.33,79,158,1.22,64,0,10000
1018,10.84,62,60,1.54,100,0,10000,0,0,30,5,1011,6.52,77,180,2.05,98,0,10000,1011,6.52,77,180,2.05,98,0,10000,1011,6.52,77,180,2.05,98,0,10000,1011,6.52,77,180,2.05,98,0,10000,1011,6.52,77,180,2.05,98,0,10000,1011,6.52,77,180,2.05,98,0,10000,1011,6.52,77,180,2.05,98,0,10000,1011,6.52,77,180,2.05,98,0,10000,1011,6.52,77,180,2.05,98,0,10000,1011,6.52,77,180,2.05,98,0,10000,1011,6.52,77,180,2.05,98,0,10000,1011,6.52,77,180,2.05,98,0,10000
1018,10.84,62,60,1.54,100,0,10000,3,0,30,5,1010,6.8,81,195,3.12,99,0,10000,1010,6.8,81,195,3.12,99,0,10000,1010,6.8,81,195,3.12,99,0,10000,1010,6.8,81,195,3.12,99,0,10000,1010,6.8,81,195,3.12,99,0,10000,1010,6.8,81,195,3.12,99,0,10000,1010,6.8,81,195,3.12,99,0,10000,1010,6.8,81,195,3.12,99,0,10000,1010,6.8,81,195,3.12,99,0,10000,1010,6.8,81,195,3.12,99,0,10000,1010,6.8,81,195,3.12,99,0,10000,1010,6.8,81,195,3.12,99,0,10000
1018,10.84,62,60,1.54,100,0,10000,6,0,30,5,1009,9.25,76,212,6.25,100,0,10000,1009,9.25,76,212,6.25,100,0,10000,1009,9.25,76,212,6.25,100,0,10000,1009,9.25,76,212,6.25,100,0,10000,1009,9.25,76,212,6.25,100,0,10000,1009,9.25,76,212,6.25,100,0,10000,1009,9.25,76,212,6.25,100,0,10000,1009,9.25,76,212,6.25,100,0,10000,1009,9.25,76,212,6.25,100,0,10000,1009,9.25,76,212,6.25,100,0,10000,1009,9.25,76,212,6.25,100,0,10000,1009,9.25,76,212,6.25,100,0,10000
1018,10.84,62,60,1.54,100,0,10000,9,0,30,5,1018,10.55,63,305,2.8,100,0,10000,1018,10.55,63,305,2.8,100,0,10000,1018,10.55,63,305,2.8,100,0,10000,1018,10.55,63,305,2.8,100,0,10000,1018,10.55,63,305,2.8,100,0,10000,1018,10.55,63,305,2.8,100,0,10000,1018,10.55,63,305,2.8,100,0,10000,1018,10.55,63,305,2.8,100,0,10000,1018,10.55,63,305,2.8,100,0,10000,1018,10.55,63,305,2.8,100,0,10000,1018,10.55,63,305,2.8,100,0,10000,1018,10.55,63,305,2.8,100,0,10000
1018,10.84,62,60,1.54,100,0,10000,12,0,30,5,1017,10.47,64,323,3.19,88,0,10000,1017,10.47,64,323,3.19,88,0,10000,1017,10.47,64,323,3.19,88,0,10000,1017,10.47,64,323,3.19,88,0,10000,1017,10.47,64,323,3.19,88,0,10000,1017,10.47,64,323,3.19,88,0,10000,1017,10.47,64,323,3.19,88,0,10000,1017,10.47,64,323,3.19,88,0,10000,1017,10.47,64,323,3.19,88,0,10000,1017,10.47,64,323,3.19,88,0,10000,1017,10.47,64,323,3.19,88,0,10000,1017,10.47,64,323,3.19,88,0,10000
1018,10.84,62,60,1.54,100,0,10000,15,0,30,5,1015,8.86,75,21,3.04,61,0,10000,1015,8.86,75,21,3.04,61,0,10000,1015,8.86,75,21,3.04,61,0,10000,1015,8.86,75,21,3.04,61,0,10000,1015,8.86,75,21,3.04,61,0,10000,1015,8.86,75,21,3.04,61,0,10000,1015,8.86,75,21,3.04,61,0,10000,1015,8.86,75,21,3.04,61,0,10000,1015,8.86,75,21,3.04,61,0,10000,1015,8.86,75,21,3.04,61,0,10000,1015,8.86,75,21,3.04,61,0,10000,1015,8.86,75,21,3.04,61,0,10000
1018,10.84,62,60,1.54,100,0,10000,18,0,30,5,1015,6.65,78,14,0.82,67,0,10000,1015,6.65,78,14,0.82,67,0,10000,1015,6.65,78,14,0.82,67,0,10000,1015,6.65,78,14,0.82,67,0,10000,1015,6.65,78,14,0.82,67,0,10000,1015,6.65,78,14,0.82,67,0,10000,1015,6.65,78,14,0.82,67,0,10000,1015,6.65,78,14,0.82,67,0,10000,1015,6.65,78,14,0.82,67,0,10000,1015,6.65,78,14,0.82,67,0,10000,1015,6.65,78,14,0.82,67,0,10000,1015,6.65,78,14,0.82,67,0,10000
1018,10.84,62,60,1.54,100,0,10000,21,0,30,5,1014,6.33,79,158,1.22,64,0,10000,1014,6.33,79,158,1.22,64,0,10000,1014,6.33,79,158,1.22,64,0,10000,1014,6.33,79,158,1.22,64,0,10000,1014,6.33,79,158,1.22,64,0,10000,1014,6.33,79,158,1.22,64,0,10000,1014,6.33,79,158,1.22,64,0,10000,1014,6.33,79,158,1.22,64,0,10000,1014,6.33,79,158,1.22,64,0,10000,1014,6.33,79,158,1.22,64,0,10000,1014,6.33,79,158,1.22,64,0,10000,1014,6.33,79,158,1.22,64,0,10000
1018,10.84,62,60,1.54,100,0,10000,0,0,31,5,1011,6.52,77,180,2.05,98,0,10000,1011,6.52,77,180,2.05,98,0,10000,1011,6.52,77,180,2.05,98,0,10000,1011,6.52,77,180,2.05,98,0,10000,1011,6.52,77,180,2.05,98,0,10000,1011,6.52,77,180,2.05,98,0,10000,1011,6.52,77,180,2.05,98,0,10000,1011,6.52,77,180,2.05,98,0,10000,1011,6.52,77,180,2.05,98,0,10000,1011,6.52,77,180,2.05,98,0,10000,1011,6.52,77,180,2.05,98,0,10000,1011,6.52,77,180,2.05,98,0,10000
