1018,9.84,66,0,1.54,100,0,10000,0,0,20,2,1011,6.52,77,180,2.05,98,0,10000,1011,6.52,77,180,2.05,98,0,10000,1011,6.52,77,180,2.05,98,0,10000,1011,6.52,77,180,2.05,98,0,10000,1011,6.52,77,180,2.05,98,0,10000,1011,6.52,77,180,2.05,98,0,10000,1011,6.52,77,180,2.05,98,0,10000,1011,6.52,77,180,2.05,98,0,10000,1011,6.52,77,180,2.05,98,0,10000,1011,6.52,77,180,2.05,98,0,10000,1011,6.52,77,180,2.05,98,0,10000,1011,6.52,77,180,2.05,98,0,10000
1018,9.84,66,0,1.54,100,0,10000,3,0,20,2,1010,6.8,81,195,3.12,99,0,10000,1010,6.8,81,195,3.12,99,0,10000,1010,6.8,81,195,3.12,99,0,10000,1010,6.8,81,195,3.12,99,0,10000,1010,6.8,81,195,3.12,99,0,10000,1010,6.8,81,195,3.12,99,0,10000,1010,6.8,81,195,3.12,99,0,10000,1010,6.8,81,195,3.12,99,0,10000,1010,6.8,81,195,3.12,99,0,10000,1010,6.8,81,195,3.12,99,0,10000,1010,6.8,81,195,3.12,99,0,10000,1010,6.8,81,195,3.12,99,0,10000
1018,9.84,66,0,1.54,100,0,10000,6,0,20,2,1009,9.25,76,212,6.25,100,0,10000,1009,9.25,76,212,6.25,100,0,10000,1009,9.25,76,212,6.25,100,0,10000,1009,9.25,76,212,6.25,100,0,10000,1009,9.25,76,212,6.25,100,0,10000,1009,9.25,76,212,6.25,100,0,10000,1009,9.25,76,212,6.25,100,0,10000,1009,9.25,76,212,6.25,100,0,10000,1009,9.25,76,212,6.25,100,0,10000,1009,9.25,76,212,6.25,100,0,10000,1009,9.25,76,212,6.25,100,0,10000,1009,9.25,76,212,6.25,100,0,10000
1018,9.84,66,0,1.54,100,0,10000,9,0,20,2,1018,9.88,65,305,2.8,100,0,10000,1018,9.88,65,305,2.8,100,0,10000,1018,9.88,65,305,2.8,100,0,10000,1018,9.88,65,305,2.8,100,0,10000,1018,9.88,65,305,2.8,100,0,10000,1018,9.88,65,305,2.8,100,0,10000,1018,9.88,65,305,2.8,100,0,10000,1018,9.88,65,305,2.8,100,0,10000,1018,9.88,65,305,2.8,100,0,10000,1018,9.88,65,305,2.8,100,0,10000,1018,9.88,65,305,2.8,100,0,10000,1018,9.88,65,305,2.8,100,0,10000
1018,9.84,66,0,1.54,100,0,10000,12,0,20,2,1017,10.13,64,323,3.19,88,0,10000,1017,10.13,64,323,3.19,88,0,10000,1017,10.13,64,323,3.19,88,0,10000,1017,10.13,64,323,3.19,88,0,10000,1017,10.13,64,323,3.19,88,0,10000,1017,10.13,64,323,3.19,88,0,10000,1017,10.13,64,323,3.19,88,0,10000,1017,10.13,64,323,3.19,88,0,10000,1017,10.13,64,323,3.19,88,0,10000,1017,10.13,64,323,3.19,88,0,10000,1017,10.13,64,323,3.19,88,0,10000,1017,10.13,64,323,3.19,88,0,10000
1018,9.84,66,0,1.54,100,0,10000,15,0,20,2,1015,8.86,75,21,3.04,61,0,10000,1015,8.86,75,21,3.04,61,0,10000,1015,8.86,75,21,3.04,61,0,10000,1015,8.86,75,21,3.04,61,0,10000,1015,8.86,75,21,3.04,61,0,10000,1015,8.86,75,21,3.04,61,0,10000,1015,8.86,75,21,3.04,61,0,10000,1015,8.86,75,21,3.04,61,0,10000,1015,8.86,75,21,3.04,61,0,10000,1015,8.86,75,21,3.04,61,0,10000,1015,8.86,75,21,3.04,61,0,10000,1015,8.86,75,21,3.04,61,0,10000
1018,9.84,66,0,1.54,100,0,10000,18,0,20,2,1015,6.65,78,14,0.82,67,0,10000,1015,6.65,78,14,0.82,67,0,10000,1015,6.65,78,14,0.82,67,0,10000,1015,6.65,78,14,0.82,67,0,10000,1015,6.65,78,14,0.82,67,0,10000,1015,6.65,78,14,0.82,67,0,10000,1015,6.65,78,14,0.82,67,0,10000,1015,6.65,78,14,0.82,67,0,10000,1015,6.65,78,14,0.82,67,0,10000,1015,6.65,78,14,0.82,67,0,10000,1015,6.65,78,14,0.82,67,0,10000,1015,6.65,78,14,0.82,67,0,10000
1018,9.84,66,0,1.54,100,0,10000,21,0,20,2,1014,6.33,79,158,1.22,64,0,10000,1014,6.33,79,158,1.22,64,0,10000,1014,6.33,79,158,1.22,64,0,10000,1014,6.33,79,158,1.22,64,0,10000,1014,6.33,79,158,1.22,64,0,10000,1014,6.33,79,158,1.22,64,0,10000,1014,6.33,79,158,1.22,64,0,10000,1014,6.33,79,158,1.22,64,0,10000,1014,6.33,79,158,1.22,64,0,10000,1014,6.33,79,158,1.22,64,0,10000,1014,6.33,79,158,1.22,64,0,10000,1014,6.33,79,158,1.22,64,0,10000
1018,9.84,66,0,1.54,100,0,10000,0,0,21,2,1011,6.52,77,180,2.05,98,0,10000,1011,6.52,77,180,2.05,98,0,10000,1011,6.52,77,180,2.05,98,0,10000,1011,6.52,77,180,2.05,98,0,10000,1011,6.52,77,180,2.05,98,0,10000,1011,6.52,77,180,2.05,98,0,10000,1011,6.52,77,180,2.05,98,0,10000,1011,6.52,77,180,2.05,98,0,10000,1011,6.52,77,180,2.05,98,0,10000,1011,6.52,77,180,2.05,98,0,10000,1011,6.52,77,180,2.05,98,0,10000,1011,6.52,77,180,2.05,98,0,10000
1018,9.84,66,0,1.54,100,0,10000,3,0,21,2,1010,6.8,81,195,3.12,99,0,10000,1010,6.8,81,195,3.12,99,0,10000,1010,6.8,81,195,3.12,99,0,10000,1010,6.8,81,195,3.12,99,0,10000,1010,6.8,81,195,3.12,99,0,10000,1010,6.8,81,195,3.12,99,0,10000,1010,6.8,81,195,3.12,99,0,10000,1010,6.8,81,195,3.12,99,0,10000,1010,6.8,81,195,3.12,99,0,10000,1010,6.8,81,195,3.12,99,0,10000,1010,6.8,81,195,3.12,99,0,10000,1010,6.8,81,195,3.12,99,0,10000
1018,9.84,66,0,1.54,100,0,10000,6,0,21,2,1009,9.25,76,212,6.25,100,0,10000,1009,9.25,76,212,6.25,100,0,10000,1009,9.25,76,212,6.25,100,0,10000,1009,9.25,76,212,6.25,100,0,10000,1009,9.25,76,212,6.25,100,0,10000,1009,9.25,76,212,6.25,100,0,10000,1009,9.25,76,212,6.25,100,0,10000,1009,9.25,76,212,6.25,100,0,10000,1009,9.25,76,212,6.25,100,0,10000,1009,9.25,76,212,6.25,100,0,10000,1009,9.25,76,212,6.25,100,0,10000,1009,9.25,76,212,6.25,100,0,10000
1018,9.84,66,0,1.54,100,0,10000,9,0,21,2,1018,9.88,65,305,2.8,100,0,10000,1018,9.88,65,305,2.8,100,0,10000,1018,9.88,65,305,2.8,100,0,10000,1018,9.88,65,305,2.8,100,0,10000,1018,9.88,65,305,2.8,100,0,10000,1018,9.88,65,305,2.8,100,0,10000,1018,9.88,65,305,2.8,100,0,10000,1018,9.88,65,305,2.8,100,0,10000,1018,9.88,65,305,2.8,100,0,10000,1018,9.88,65,305,2.8,100,0,10000,1018,9.88,65,305,2.8,100,0,10000,1018,9.88,65,305,2.8,100,0,10000
1018,9.84,66,0,1.54,100,0,10000,12,0,21,2,1017,10.13,64,323,3.19,88,0,10000,1017,10.13,64,323,3.19,88,0,10000,1017,10.13,64,323,3.19,88,0,10000,1017,10.13,64,323,3.19,88,0,10000,1017,10.13,64,323,3.19,88,0,10000,1017,10.13,64,323,3.19,88,0,10000,1017,10.13,64,323,3.19,88,0,10000,1017,10.13,64,323,3.19,88,0,10000,1017,10.13,64,323,3.19,88,0,10000,1017,10.13,64,323,3.19,88,0,10000,1017,10.13,64,323,3.19,88,0,10000,1017,10.13,64,323,3.19,88,0,10000
1018,9.84,66,0,1.54,100,0,10000,15,0,21,2,1015,8.86,75,21,3.04,61,0,10000,1015,8.86,75,21,3.04,61,0,10000,1015,8.86,75,21,3.04,61,0,10000,1015,8.86,75,21,3.04,61,0,10000,1015,8.86,75,21,3.04,61,0,10000,1015,8.86,75,21,3.04,61,0,10000,1015,8.86,75,21,3.04,61,0,10000,1015,8.86,75,21,3.04,61,0,10000,1015,8.86,75,21,3.04,61,0,10000,1015,8.86,75,21,3.04,61,0,10000,1015,8.86,75,21,3.04,61,0,10000,1015,8.86,75,21,3.04,61,0,10000
1018,9.84,66,0,1.54,100,0,10000,18,0,21,2,1015,6.65,78,14,0.82,67,0,10000,1015,6.65,78,14,0.82,67,0,10000,1015,6.65,78,14,0.82,67,0,10000,1015,6.65,78,14,0.82,67,0,10000,1015,6.65,78,14,0.82,67,0,10000,1015,6.65,78,14,0.82,67,0,10000,1015,6.65,78,14,0.82,67,0,10000,1015,6.65,78,14,0.82,67,0,10000,1015,6.65,78,14,0.82,67,0,10000,1015,6.65,78,14,0.82,67,0,10000,1015,6.65,78,14,0.82,67,0,10000,1015,6.65,78,14,0.82,67,0,10000
1018,9.84,66,0,1.54,100,0,10000,21,0,21,2,1014,6.33,79,158,1.22,64,0,10000,1014,6.33,79,158,1.22,64,0,10000,1014,6.33,79,158,1.22,64,0,10000,1014,6.33,79,158,1.22,64,0,10000,1014,6.33,79,158,1.22,64,0,10000,1014,6.33,79,158,1.22,64,0,10000,1014,6.33,79,158,1.22,64,0,10000,1014,6.33,79,158,1.22,64,0,10000,1014,6.33,79,158,1.22,64,0,10000,1014,6.33,79,158,1.22,64,0,10000,1014,6.33,79,158,1.22,64,0,10000,1014,6.33,79,158,1.22,64,0,10000
1018,9.84,66,0,1.54,100,0,10000,0,0,22,2,1011,6.52,77,180,2.05,98,0,10000,1011,6.52,77,180,2.05,98,0,10000,1011,6.52,77,180,2.05,98,0,10000,1011,6.52,77,180,2.05,98,0,10000,1011,6.52,77,180,2.05,98,0,10000,1011,6.52,77,180,2.05,98,0,10000,1011,6.52,77,180,2.05,98,0,10000,1011,6.52,77,180,2.05,98,0,10000,1011,6.52,77,180,2.05,98,0,10000,1011,6.52,77,180,2.05,98,0,10000,1011,6.52,77,180,2.05,98,0,10000,1011,6.52,77,180,2.05,98,0,10000
1018,9.84,66,0,1.54,100,0,10000,3,0,22,2,1010,6.8,81,195,3.12,99,0,10000,1010,6.8,81,195,3.12,99,0,10000,1010,6.8,81,195,3.12,99,0,10000,1010,6.8,81,195,3.12,99,0,10000,1010,6.8,81,195,3.12,99,0,10000,1010,6.8,81,195,3.12,99,0,10000,1010,6.8,81,195,3.12,99,0,10000,1010,6.8,81,195,3.12,99,0,10000,1010,6.8,81,195,3.12,99,0,10000,1010,6.8,81,195,3.12,99,0,10000,1010,6.8,81,195,3.12,99,0,10000,1010,6.8,81,195,3.12,99,0,10000
1018,9.84,66,0,1.54,100,0,10000,6,0,22,2,1009,9.25,76,212,6.25,100,0,10000,1009,9.25,76,212,6.25,100,0,10000,1009,9.25,76,212,6.25,100,0,10000,1009,9.25,76,212,6.25,100,0,10000,1009,9.25,76,212,6.25,100,0,10000,1009,9.25,76,212,6.25,100,0,10000,1009,9.25,76,212,6.25,100,0,10000,1009,9.25,76,212,6.25,100,0,10000,1009,9.25,76,212,6.25,100,0,10000,1009,9.25,76,212,6.25,100,0,10000,1009,9.25,76,212,6.25,100,0,10000,1009,9.25,76,212,6.25,100,0,10000
1018,9.84,66,0,1.54,100,0,10000,9,0,22,2,1018,9.88,65,305,2.8,100,0,10000,1018,9.88,65,305,2.8,100,0,10000,1018,9.88,65,305,2.8,100,0,10000,1018,9.88,65,305,2.8,100,0,10000,1018,9.88,65,305,2.8,100,0,10000,1018,9.88,65,305,2.8,100,0,10000,1018,9.88,65,305,2.8,100,0,10000,1018,9.88,65,305,2.8,100,0,10000,1018,9.88,65,305,2.8,100,0,10000,1018,9.88,65,305,2.8,100,0,10000,1018,9.88,65,305,2.8,100,0,10000,1018,9.88,65,305,2.8,100,0,10000
1018,9.84,66,0,1.54,100,0,10000,12,0,22,2,1017,10.13,64,323,3.19,88,0,10000,1017,10.13,64,323,3.19,88,0,10000,1017,10.13,64,323,3.19,88,0,10000,1017,10.13,64,323,3.19,88,0,10000,1017,10.13,64,323,3.19,88,0,10000,1017,10.13,64,323,3.19,88,0,10000,1017,10.13,64,323,3.19,88,0,10000,1017,10.13,64,323,3.19,88,0,10000,1017,10.13,64,323,3.19,88,0,10000,1017,10.13,64,323,3.19,88,0,10000,1017,10.13,64,323,3.19,88,0,10000,1017,10.13,64,323,3.19,88,0,10000
1018,9.84,66,0,1.54,100,0,10000,15,0,22,2,1015,8.86,75,21,3.04,61,0,10000,1015,8.86,75,21,3.04,61,0,10000,1015,8.86,75,21,3.04,61,0,10000,1015,8.86,75,21,3.04,61,0,10000,1015,8.86,75,21,3.04,61,0,10000,1015,8.86,75,21,3.04,61,0,10000,1015,8.86,75,21,3.04,61,0,10000,1015,8.86,75,21,3.04,61,0,10000,1015,8.86,75,21,3.04,61,0,10000,1015,8.86,75,21,3.04,61,0,10000,1015,8.86,75,21,3.04,61,0,10000,1015,8.86,75,21,3.04,61,0,10000
1018,9.84,66,0,1.54,100,0,10000,18,0,22,2,1015,6.65,78,14,0.82,67,0,10000,1015,6.65,78,14,0.82,67,0,10000,1015,6.65,78,14,0.82,67,0,10000,1015,6.65,78,14,0.82,67,0,10000,1015,6.65,78,14,0.82,67,0,10000,1015,6.65,78,14,0.82,67,0,10000,1015,6.65,78,14,0.82,67,0,10000,1015,6.65,78,14,0.82,67,0,10000,1015,6.65,78,14,0.82,67,0,10000,1015,6.65,78,14,0.82,67,0,10000,1015,6.65,78,14,0.82,67,0,10000,1015,6.65,78,14,0.82,67,0,10000
1018,9.84,66,0,1.54,100,0,10000,21,0,22,2,1014,6.33,79,158,1.22,64,0,10000,1014,6.33,79,158,1.22,64,0,10000,1014,6.33,79,158,1.22,64,0,10000,1014,6.33,79,158,1.22,64,0,10000,1014,6.33,79,158,1.22,64,0,10000,1014,6.33,79,158,1.22,64,0,10000,1014,6.33,79,158,1.22,64,0,10000,1014,6.33,79,158,1.22,64,0,10000,1014,6.33,79,158,1.22,64,0,10000,1014,6.33,79,158,1.22,64,0,10000,1014,6.33,79,158,1.22,64,0,10000,1014,6.33,79,158,1.22,64,0,10000
1018,9.84,66,0,1.54,100,0,10000,0,0,23,2,1011,6.52,77,180,2.05,98,0,10000,1011,6.52,77,180,2.05,98,0,10000,1011,6.52,77,180,2.05,98,0,10000,1011,6.52,77,180,2.05,98,0,10000,1011,6.52,77,180,2.05,98,0,10000,1011,6.52,77,180,2.05,98,0,10000,1011,6.52,77,180,2.05,98,0,10000,1011,6.52,77,180,2.05,98,0,10000,1011,6.52,77,180,2.05,98,0,10000,1011,6.52,77,180,2.05,98,0,10000,1011,6.52,77,180,2.05,98,0,10000,1011,6.52,77,180,2.05,98,0,10000
1018,9.84,66,0,1.54,100,0,10000,3,0,23,2,1010,6.8,81,195,3.12,99,0,10000,1010,6.8,81,195,3.12,99,0,10000,1010,6.8,81,195,3.12,99,0,10000,1010,6.8,81,195,3.12,99,0,10000,1010,6.8,81,195,3.12,99,0,10000,1010,6.8,81,195,3.12,99,0,10000,1010,6.8,81,195,3.12,99,0,10000,1010,6.8,81,195,3.12,99,0,10000,1010,6.8,81,195,3.12,99,0,10000,1010,6.8,81,195,3.12,99,0,10000,1010,6.8,81,195,3.12,99,0,10000,1010,6.8,81,195,3.12,99,0,10000
1018,9.84,66,0,1.54,100,0,10000,6,0,23,2,1009,9.25,76,212,6.25,100,0,10000,1009,9.25,76,212,6.25,100,0,10000,1009,9.25,76,212,6.25,100,0,10000,1009,9.25,76,212,6.25,100,0,10000,1009,9.25,76,212,6.25,100,0,10000,1009,9.25,76,212,6.25,100,0,10000,1009,9.25,76,212,6.25,100,0,10000,1009,9.25,76,212,6.25,100,0,10000,1009,9.25,76,212,6.25,100,0,10000,1009,9.25,76,212,6.25,100,0,10000,1009,9.25,76,212,6.25,100,0,10000,1009,9.25,76,212,6.25,100,0,10000
1018,9.84,66,0,1.54,100,0,10000,9,0,23,2,1018,9.88,65,305,2.8,100,0,10000,1018,9.88,65,305,2.8,100,0,10000,1018,9.88,65,305,2.8,100,0,10000,1018,9.88,65,305,2.8,100,0,10000,1018,9.88,65,305,2.8,100,0,10000,1018,9.88,65,305,2.8,100,0,10000,1018,9.88,65,305,2.8,100,0,10000,1018,9.88,65,305,2.8,100,0,10000,1018,9.88,65,305,2.8,100,0,10000,1018,9.88,65,305,2.8,100,0,10000,1018,9.88,65,305,2.8,100,0,10000,1018,9.88,65,305,2.8,100,0,10000
1018,9.84,66,0,1.54,100,0,10000,12,0,23,2,1017,10.13,64,323,3.19,88,0,10000,1017,10.13,64,323,3.19,88,0,10000,1017,10.13,64,323,3.19,88,0,10000,1017,10.13,64,323,3.19,88,0,10000,1017,10.13,64,323,3.19,88,0,10000,1017,10.13,64,323,3.19,88,0,10000,1017,10.13,64,323,3.19,88,0,10000,1017,10.13,64,323,3.19,88,0,10000,1017,10.13,64,323,3.19,88,0,10000,1017,10.13,64,323,3.19,88,0,10000,1017,10.13,64,323,3.19,88,0,10000,1017,10.13,64,323,3.19,88,0,10000
1018,9.84,66,0,1.54,100,0,10000,15,0,23,2,1015,8.86,75,21,3.04,61,0,10000,1015,8.86,75,21,3.04,61,0,10000,1015,8.86,75,21,3.04,61,0,10000,1015,8.86,75,21,3.04,61,0,10000,1015,8.86,75,21,3.04,61,0,10000,1015,8.86,75,21,3.04,61,0,10000,1015,8.86,75,21,3.04,61,0,10000,1015,8.86,75,21,3.04,61,0,10000,1015,8.86,75,21,3.04,61,0,10000,1015,8.86,75,21,3.04,61,0,10000,1015,8.86,75,21,3.04,61,0,10000,1015,8.86,75,21,3.04,61,0,10000
1018,9.84,66,0,1.54,100,0,10000,18,0,23,2,1015,6.65,78,14,0.82,67,0,10000,1015,6.65,78,14,0.82,67,0,10000,1015,6.65,78,14,0.82,67,0,10000,1015,6.65,78,14,0.82,67,0,10000,1015,6.65,78,14,0.82,67,0,10000,1015,6.65,78,14,0.82,67,0,10000,1015,6.65,78,14,0.82,67,0,10000,1015,6.65,78,14,0.82,67,0,10000,1015,6.65,78,14,0.82,67,0,10000,1015,6.65,78,14,0.82,67,0,10000,1015,6.65,78,14,0.82,67,0,10000,1015,6.65,78,14,0.82,67,0,10000
1018,9.84,66,0,1.54,100,0,10000,21,0,23,2,1014,6.33,79,158,1.22,64,0,10000,1014,6.33,79,158,1.22,64,0,10000,1014,6.33,79,158,1.22,64,0,10000,1014,6.33,79,158,1.22,64,0,10000,1014,6.33,79,158,1.22,64,0,10000,1014,6.33,79,158,1.22,64,0,10000,1014,6.33,79,158,1.22,64,0,10000,1014,6.33,79,158,1.22,64,0,10000,1014,6.33,79,158,1.22,64,0,10000,1014,6.33,79,158,1.22,64,0,10000,1014,6.33,79,158,1.22,64,0,10000,1014,6.33,79,158,1.22,64,0,10000
1018,9.84,66,0,1.54,100,0,10000,0,0,24,2,1011,6.52,77,180,2.05,98,0,10000,1011,6.52,77,180,2.05,98,0,10000,1011,6.52,77,180,2.05,98,0,10000,1011,6.52,77,180,2.05,98,0,10000,1011,6.52,77,180,2.05,98,0,10000,1011,6.52,77,180,2.05,98,0,10000,1011,6.52,77,180,2.05,98,0,10000,1011,6.52,77,180,2.05,98,0,10000,1011,6.52,77,180,2.05,98,0,10000,1011,6.52,77,180,2.05,98,0,10000,1011,6.52,77,180,2.05,98,0,10000,1011,6.52,77,180,2.05,98,0,10000
1018,9.84,66,0,1.54,100,0,10000,3,0,24,2,1010,6.8,81,195,3.12,99,0,10000,1010,6.8,81,195,3.12,99,0,10000,1010,6.8,81,195,3.12,99,0,10000,1010,6.8,81,195,3.12,99,0,10000,1010,6.8,81,195,3.12,99,0,10000,1010,6.8,81,195,3.12,99,0,10000,1010,6.8,81,195,3.12,99,0,10000,1010,6.8,81,195,3.12,99,0,10000,1010,6.8,81,195,3.12,99,0,10000,1010,6.8,81,195,3.12,99,0,10000,1010,6.8,81,195,3.12,99,0,10000,1010,6.8,81,195,3.12,99,0,10000
1018,9.84,66,0,1.54,100,0,10000,6,0,24,2,1009,9.25,76,212,6.25,100,0,10000,1009,9.25,76,212,6.25,100,0,10000,1009,9.25,76,212,6.25,100,0,10000,1009,9.25,76,212,6.25,100,0,10000,1009,9.25,76,212,6.25,100,0,10000,1009,9.25,76,212,6.25,100,0,10000,1009,9.25,76,212,6.25,100,0,10000,1009,9.25,76,212,6.25,100,0,10000,1009,9.25,76,212,6.25,100,0,10000,1009,9.25,76,212,6.25,100,0,10000,1009,9.25,76,212,6.25,100,0,10000,1009,9.25,76,212,6.25,100,0,10000
1018,9.84,66,0,1.54,100,0,10000,9,0,24,2,1018,9.88,65,305,2.8,100,0,10000,1018,9.88,65,305,2.8,100,0,10000,1018,9.88,65,305,2.8,100,0,10000,1018,9.88,65,305,2.8,100,0,10000,1018,9.88,65,305,2.8,100,0,10000,1018,9.88,65,305,2.8,100,0,10000,1018,9.88,65,305,2.8,100,0,10000,1018,9.88,65,305,2.8,100,0,10000,1018,9.88,65,305,2.8,100,0,10000,1018,9.88,65,305,2.8,100,0,10000,1018,9.88,65,305,2.8,100,0,10000,1018,9.88,65,305,2.8,100,0,10000
1018,9.84,66,0,1.54,100,0,10000,12,0,24,2,1017,10.13,64,323,3.19,88,0,10000,1017,10.13,64,323,3.19,88,0,10000,1017,10.13,64,323,3.19,88,0,10000,1017,10.13,64,323,3.19,88,0,10000,1017,10.13,64,323,3.19,88,0,10000,1017,10.13,64,323,3.19,88,0,10000,1017,10.13,64,323,3.19,88,0,10000,1017,10.13,64,323,3.19,88,0,10000,1017,10.13,64,323,3.19,88,0,10000,1017,10.13,64,323,3.19,88,0,10000,1017,10.13,64,323,3.19,88,0,10000,1017,10.13,64,323,3.19,88,0,10000
1018,9.84,66,0,1.54,100,0,10000,15,0,24,2,1015,8.86,75,21,3.04,61,0,10000,1015,8.86,75,21,3.04,61,0,10000,1015,8.86,75,21,3.04,61,0,10000,1015,8.86,75,21,3.04,61,0,10000,1015,8.86,75,21,3.04,61,0,10000,1015,8.86,75,21,3.04,61,0,10000,1015,8.86,75,21,3.04,61,0,10000,1015,8.86,75,21,3.04,61,0,10000,1015,8.86,75,21,3.04,61,0,10000,1015,8.86,75,21,3.04,61,0,10000,1015,8.86,75,21,3.04,61,0,10000,1015,8.86,75,21,3.04,61,0,10000
1018,9.84,66,0,1.54,100,0,10000,18,0,24,2,1015,6.65,78,14,0.82,67,0,10000,1015,6.65,78,14,0.82,67,0,10000,1015,6.65,78,14,0.82,67,0,10000,1015,6.65,78,14,0.82,67,0,10000,1015,6.65,78,14,0.82,67,0,10000,1015,6.65,78,14,0.82,67,0,10000,1015,6.65,78,14,0.82,67,0,10000,1015,6.65,78,14,0.82,67,0,10000,1015,6.65,78,14,0.82,67,0,10000,1015,6.65,78,14,0.82,67,0,10000,1015,6.65,78,14,0.82,67,0,10000,1015,6.65,78,14,0.82,67,0,10000
1018,9.84,66,0,1.54,100,0,10000,21,0,24,2,1014,6.33,79,158,1.22,64,0,10000,1014,6.33,79,158,1.22,64,0,10000,1014,6.33,79,158,1.22,64,0,10000,1014,6.33,79,158,1.22,64,0,10000,1014,6.33,79,158,1.22,64,0,10000,1014,6.33,79,158,1.22,64,0,10000,1014,6.33,79,158,1.22,64,0,10000,1014,6.33,79,158,1.22,64,0,10000,1014,6.33,79,158,1.22,64,0,10000,1014,6.33,79,158,1.22,64,0,10000,1014,6.33,79,158,1.22,64,0,10000,1014,6.33,79,158,1.22,64,0,10000
1018,9.84,66,0,1.54,100,0,10000,0,0,25,2,1011,6.52,77,180,2.05,98,0,10000,1011,6.52,77,180,2.05,98,0,10000,1011,6.52,77,180,2.05,98,0,10000,1011,6.52,77,180,2.05,98,0,10000,1011,6.52,77,180,2.05,98,0,10000,1011,6.52,77,180,2.05,98,0,10000,1011,6.52,77,180,2.05,98,0,10000,1011,6.52,77,180,2.05,98,0,10000,1011,6.52,77,180,2.05,98,0,10000,1011,6.52,77,180,2.05,98,0,10000,1011,6.52,77,180,2.05,98,0,10000,1011,6.52,77,180,2.05,98,0,10000
1018,9.84,66,0,1.54,100,0,10000,3,0,25,2,1010,6.8,81,195,3.12,99,0,10000,1010,6.8,81,195,3.12,99,0,10000,1010,6.8,81,195,3.12,99,0,10000,1010,6.8,81,195,3.12,99,0,10000,1010,6.8,81,195,3.12,99,0,10000,1010,6.8,81,195,3.12,99,0,10000,1010,6.8,81,195,3.12,99,0,10000,1010,6.8,81,195,3.12,99,0,10000,1010,6.8,81,195,3.12,99,0,10000,1010,6.8,81,195,3.12,99,0,10000,1010,6.8,81,195,3.12,99,0,10000,1010,6.8,81,195,3.12,99,0,10000
1018,9.84,66,0,1.54,100,0,10000,6,0,25,2,1009,9.25,76,212,6.25,100,0,10000,1009,9.25,76,212,6.25,100,0,10000,1009,9.25,76,212,6.25,100,0,10000,1009,9.25,76,212,6.25,100,0,10000,1009,9.25,76,212,6.25,100,0,10000,1009,9.25,76,212,6.25,100,0,10000,1009,9.25,76,212,6.25,100,0,10000,1009,9.25,76,212,6.25,100,0,10000,1009,9.25,76,212,6.25,100,0,10000,1009,9.25,76,212,6.25,100,0,10000,1009,9.25,76,212,6.25,100,0,10000,1009,9.25,76,212,6.25,100,0,10000
1018,9.84,66,0,1.54,100,0,10000,9,0,25,2,1018,9.88,65,305,2.8,100,0,10000,1018,9.88,65,305,2.8,100,0,10000,1018,9.88,65,305,2.8,100,0,10000,1018,9.88,65,305,2.8,100,0,10000,1018,9.88,65,305,2.8,100,0,10000,1018,9.88,65,305,2.8,100,0,10000,1018,9.88,65,305,2.8,100,0,10000,1018,9.88,65,305,2.8,100,0,10000,1018,9.88,65,305,2.8,100,0,10000,1018,9.88,65,305,2.8,100,0,10000,1018,9.88,65,305,2.8,100,0,10000,1018,9.88,65,305,2.8,100,0,10000
1018,9.84,66,0,1.54,100,0,10000,12,0,25,2,1017,10.13,64,323,3.19,88,0,10000,1017,10.13,64,323,3.19,88,0,10000,1017,10.13,64,323,3.19,88,0,10000,1017,10.13,64,323,3.19,88,0,10000,1017,10.13,64,323,3.19,88,0,10000,1017,10.13,64,323,3.19,88,0,10000,1017,10.13,64,323,3.19,88,0,10000,1017,10.13,64,323,3.19,88,0,10000,1017,10.13,64,323,3.19,88,0,10000,1017,10.13,64,323,3.19,88,0,10000,1017,10.13,64,323,3.19,88,0,10000,1017,10.13,64,323,3.19,88,0,10000
1018,9.84,66,0,1.54,100,0,10000,15,0,25,2,1015,8.86,75,21,3.04,61,0,10000,1015,8.86,75,21,3.04,61,0,10000,1015,8.86,75,21,3.04,61,0,10000,1015,8.86,75,21,3.04,61,0,10000,1015,8.86,75,21,3.04,61,0,10000,1015,8.86,75,21,3.04,61,0,10000,1015,8.86,75,21,3.04,61,0,10000,1015,8.86,75,21,3.04,61,0,10000,1015,8.86,75,21,3.04,61,0,10000,1015,8.86,75,21,3.04,61,0,10000,1015,8.86,75,21,3.04,61,0,10000,1015,8.86,75,21,3.04,61,0,10000
1018,9.84,66,0,1.54,100,0,10000,18,0,25,2,1015,6.65,78,14,0.82,67,0,10000,1015,6.65,78,14,0.82,67,0,10000,1015,6.65,78,14,0.82,67,0,10000,1015,6.65,78,14,0.82,67,0,10000,1015,6.65,78,14,0.82,67,0,10000,1015,6.65,78,14,0.82,67,0,10000,1015,6.65,78,14,0.82,67,0,10000,1015,6.65,78,14,0.82,67,0,10000,1015,6.65,78,14,0.82,67,0,10000,1015,6.65,78,14,0.82,67,0,10000,1015,6.65,78,14,0.82,67,0,10000,1015,6.65,78,14,0.82,67,0,10000
1018,9.84,66,0,1.54,100,0,10000,21,0,25,2,1014,6.33,79,158,1.22,64,0,10000,1014,6.33,79,158,1.22,64,0,10000,1014,6.33,79,158,1.22,64,0,10000,1014,6.33,79,158,1.22,64,0,10000,1014,6.33,79,158,1.22,64,0,10000,1014,6.33,79,158,1.22,64,0,10000,1014,6.33,79,158,1.22,64,0,10000,1014,6.33,79,158,1.22,64,0,10000,1014,6.33,79,158,1.22,64,0,10000,1014,6.33,79,158,1.22,64,0,10000,1014,6.33,79,158,1.22,64,0,10000,1014,6.33,79,158,1.22,64,0,10000
1018,9.84,66,0,1.54,100,0,10000,0,0,26,2,1011,6.52,77,180,2.05,98,0,10000,1011,6.52,77,180,2.05,98,0,10000,1011,6.52,77,180,2.05,98,0,10000,1011,6.52,77,180,2.05,98,0,10000,1011,6.52,77,180,2.05,98,0,10000,1011,6.52,77,180,2.05,98,0,10000,1011,6.52,77,180,2.05,98,0,10000,1011,6.52,77,180,2.05,98,0,10000,1011,6.52,77,180,2.05,98,0,10000,1011,6.52,77,180,2.05,98,0,10000,1011,6.52,77,180,2.05,98,0,10000,1011,6.52,77,180,2.05,98,0,10000
1018,9.84,66,0,1.54,100,0,10000,3,0,26,2,1010,6.8,81,195,3.12,99,0,10000,1010,6.8,81,195,3.12,99,0,10000,1010,6.8,81,195,3.12,99,0,10000,1010,6.8,81,195,3.12,99,0,10000,1010,6.8,81,195,3.12,99,0,10000,1010,6.8,81,195,3.12,99,0,10000,1010,6.8,81,195,3.12,99,0,10000,1010,6.8,81,195,3.12,99,0,10000,1010,6.8,81,195,3.12,99,0,10000,1010,6.8,81,195,3.12,99,0,10000,1010,6.8,81,195,3.12,99,0,10000,1010,6.8,81,195,3.12,99,0,10000
1018,9.84,66,0,1.54,100,0,10000,6,0,26,2,1009,9.25,76,212,6.25,100,0,10000,1009,9.25,76,212,6.25,100,0,10000,1009,9.25,76,212,6.25,100,0,10000,1009,9.25,76,212,6.25,100,0,10000,1009,9.25,76,212,6.25,100,0,10000,1009,9.25,76,212,6.25,100,0,10000,1009,9.25,76,212,6.25,100,0,10000,1009,9.25,76,212,6.25,100,0,10000,1009,9.25,76,212,6.25,100,0,10000,1009,9.25,76,212,6.25,100,0,10000,1009,9.25,76,212,6.25,100,0,10000,1009,9.25,76,212,6.25,100,0,10000
1018,9.84,66,0,1.54,100,0,10000,9,0,26,2,1018,9.88,65,305,2.8,100,0,10000,1018,9.88,65,305,2.8,100,0,10000,1018,9.88,65,305,2.8,100,0,10000,1018,9.88,65,305,2.8,100,0,10000,1018,9.88,65,305,2.8,100,0,10000,1018,9.88,65,305,2.8,100,0,10000,1018,9.88,65,305,2.8,100,0,10000,1018,9.88,65,305,2.8,100,0,10000,1018,9.88,65,305,2.8,100,0,10000,1018,9.88,65,305,2.8,100,0,10000,1018,9.88,65,305,2.8,100,0,10000,1018,9.88,65,305,2.8,100,0,10000
1018,9.84,66,0,1.54,100,0,10000,12,0,26,2,1017,10.13,64,323,3.19,88,0,10000,1017,10.13,64,323,3.19,88,0,10000,1017,10.13,64,323,3.19,88,0,10000,1017,10.13,64,323,3.19,88,0,10000,1017,10.13,64,323,3.19,88,0,10000,1017,10.13,64,323,3.19,88,0,10000,1017,10.13,64,323,3.19,88,0,10000,1017,10.13,64,323,3.19,88,0,10000,1017,10.13,64,323,3.19,88,0,10000,1017,10.13,64,323,3.19,88,0,10000,1017,10.13,64,323,3.19,88,0,10000,1017,10.13,64,323,3.19,88,0,10000
1018,9.84,66,0,1.54,100,0,10000,15,0,26,2,1015,8.86,75,21,3.04,61,0,10000,1015,8.86,75,21,3.04,61,0,10000,1015,8.86,75,21,3.04,61,0,10000,1015,8.86,75,21,3.04,61,0,10000,1015,8.86,75,21,3.04,61,0,10000,1015,8.86,75,21,3.04,61,0,10000,1015,8.86,75,21,3.04,61,0,10000,1015,8.86,75,21,3.04,61,0,10000,1015,8.86,75,21,3.04,61,0,10000,1015,8.86,75,21,3.04,61,0,10000,1015,8.86,75,21,3.04,61,0,10000,1015,8.86,75,21,3.04,61,0,10000
1018,9.84,66,0,1.54,100,0,10000,18,0,26,2,1015,6.65,78,14,0.82,67,0,10000,1015,6.65,78,14,0.82,67,0,10000,1015,6.65,78,14,0.82,67,0,10000,1015,6.65,78,14,0.82,67,0,10000,1015,6.65,78,14,0.82,67,0,10000,1015,6.65,78,14,0.82,67,0,10000,1015,6.65,78,14,0.82,67,0,10000,1015,6.65,78,14,0.82,67,0,10000,1015,6.65,78,14,0.82,67,0,10000,1015,6.65,78,14,0.82,67,0,10000,1015,6.65,78,14,0.82,67,0,10000,1015,6.65,78,14,0.82,67,0,10000
1018,9.84,66,0,1.54,100,0,10000,21,0,26,2,1014,6.33,79,158,1.22,64,0,10000,1014,6.33,79,158,1.22,64,0,10000,1014,6.33,79,158,1.22,64,0,10000,1014,6.33,79,158,1.22,64,0,10000,1014,6.33,79,158,1.22,64,0,10000,1014,6.33,79,158,1.22,64,0,10000,1014,6.33,79,158,1.22,64,0,10000,1014,6.33,79,158,1.22,64,0,10000,1014,6.33,79,158,1.22,64,0,10000,1014,6.33,79,158,1.22,64,0,10000,1014,6.33,79,158,1.22,64,0,10000,1014,6.33,79,158,1.22,64,0,10000
1018,9.84,66,0,1.54,100,0,10000,0,0,27,2,1011,6.52,77,180,2.05,98,0,10000,1011,6.52,77,180,2.05,98,0,10000,1011,6.52,77,180,2.05,98,0,10000,1011,6.52,77,180,2.05,98,0,10000,1011,6.52,77,180,2.05,98,0,10000,1011,6.52,77,180,2.05,98,0,10000,1011,6.52,77,180,2.05,98,0,10000,1011,6.52,77,180,2.05,98,0,10000,1011,6.52,77,180,2.05,98,0,10000,1011,6.52,77,180,2.05,98,0,10000,1011,6.52,77,180,2.05,98,0,10000,1011,6.52,77,180,2.05,98,0,10000
1018,9.84,66,0,1.54,100,0,10000,3,0,27,2,1010,6.8,81,195,3.12,99,0,10000,1010,6.8,81,195,3.12,99,0,10000,1010,6.8,81,195,3.12,99,0,10000,1010,6.8,81,195,3.12,99,0,10000,1010,6.8,81,195,3.12,99,0,10000,1010,6.8,81,195,3.12,99,0,10000,1010,6.8,81,195,3.12,99,0,10000,1010,6.8,81,195,3.12,99,0,10000,1010,6.8,81,195,3.12,99,0,10000,1010,6.8,81,195,3.12,99,0,10000,1010,6.8,81,195,3.12,99,0,10000,1010,6.8,81,195,3.12,99,0,10000
1018,9.84,66,0,1.54,100,0,10000,6,0,27,2,1009,9.25,76,212,6.25,100,0,10000,1009,9.25,76,212,6.25,100,0,10000,1009,9.25,76,212,6.25,100,0,10000,1009,9.25,76,212,6.25,100,0,10000,1009,9.25,76,212,6.25,100,0,10000,1009,9.25,76,212,6.25,100,0,10000,1009,9.25,76,212,6.25,100,0,10000,1009,9.25,76,212,6.25,100,0,10000,1009,9.25,76,212,6.25,100,0,10000,1009,9.25,76,212,6.25,100,0,10000,1009,9.25,76,212,6.25,100,0,10000,1009,9.25,76,212,6.25,100,0,10000
1018,9.84,66,0,1.54,100,0,10000,9,0,27,2,1018,9.88,65,305,2.8,100,0,10000,1018,9.88,65,305,2.8,100,0,10000,1018,9.88,65,305,2.8,100,0,10000,1018,9.88,65,305,2.8,100,0,10000,1018,9.88,65,305,2.8,100,0,10000,1018,9.88,65,305,2.8,100,0,10000,1018,9.88,65,305,2.8,100,0,10000,1018,9.88,65,305,2.8,100,0,10000,1018,9.88,65,305,2.8,100,0,10000,1018,9.88,65,305,2.8,100,0,10000,1018,9.88,65,305,2.8,100,0,10000,1018,9.88,65,305,2.8,100,0,10000
1018,9.84,66,0,1.54,100,0,10000,12,0,27,2,1017,10.13,64,323,3.19,88,0,10000,1017,10.13,64,323,3.19,88,0,10000,1017,10.13,64,323,3.19,88,0,10000,1017,10.13,64,323,3.19,88,0,10000,1017,10.13,64,323,3.19,88,0,10000,1017,10.13,64,323,3.19,88,0,10000,1017,10.13,64,323,3.19,88,0,10000,1017,10.13,64,323,3.19,88,0,10000,1017,10.13,64,323,3.19,88,0,10000,1017,10.13,64,323,3.19,88,0,10000,1017,10.13,64,323,3.19,88,0,10000,1017,10.13,64,323,3.19,88,0,10000
1018,9.84,66,0,1.54,100,0,10000,15,0,27,2,1015,8.86,75,21,3.04,61,0,10000,1015,8.86,75,21,3.04,61,0,10000,1015,8.86,75,21,3.04,61,0,10000,1015,8.86,75,21,3.04,61,0,10000,1015,8.86,75,21,3.04,61,0,10000,1015,8.86,75,21,3.04,61,0,10000,1015,8.86,75,21,3.04,61,0,10000,1015,8.86,75,21,3.04,61,0,10000,1015,8.86,75,21,3.04,61,0,10000,1015,8.86,75,21,3.04,61,0,10000,1015,8.86,75,21,3.04,61,0,10000,1015,8.86,75,21,3.04,61,0,10000
1018,9.84,66,0,1.54,100,0,10000,18,0,27,2,1015,6.65,78,14,0.82,67,0,10000,1015,6.65,78,14,0.82,67,0,10000,1015,6.65,78,14,0.82,67,0,10000,1015,6.65,78,14,0.82,67,0,10000,1015,6.65,78,14,0.82,67,0,10000,1015,6.65,78,14,0.82,67,0,10000,1015,6.65,78,14,0.82,67,0,10000,1015,6.65,78,14,0.82,67,0,10000,1015,6.65,78,14,0.82,67,0,10000,1015,6.65,78,14,0.82,67,0,10000,1015,6.65,78,14,0.82,67,0,10000,1015,6.65,78,14,0.82,67,0,10000
1018,9.84,66,0,1.54,100,0,10000,21,0,27,2,1014,6.33,79,158,1.22,64,0,10000,1014,6.33,79,158,1.22,64,0,10000,1014,6.33,79,158,1.22,64,0,10000,1014,6.33,79,158,1.22,64,0,10000,1014,6.33,79,158,1.22,64,0,10000,1014,6.33,79,158,1.22,64,0,10000,1014,6.33,79,158,1.22,64,0,10000,1014,6.33,79,158,1.22,64,0,10000,1014,6.33,79,158,1.22,64,0,10000,1014,6.33,79,158,1.22,64,0,10000,1014,6.33,79,158,1.22,64,0,10000,1014,6.33,79,158,1.22,64,0,10000
1018,9.84,66,0,1.54,100,0,10000,0,0,28,2,1011,6.52,77,180,2.05,98,0,10000,1011,6.52,77,180,2.05,98,0,10000,1011,6.52,77,180,2.05,98,0,10000,1011,6.52,77,180,2.05,98,0,10000,1011,6.52,77,180,2.05,98,0,10000,1011,6.52,77,180,2.05,98,0,10000,1011,6.52,77,180,2.05,98,0,10000,1011,6.52,77,180,2.05,98,0,10000,1011,6.52,77,180,2.05,98,0,10000,1011,6.52,77,180,2.05,98,0,10000,1011,6.52,77,180,2.05,98,0,10000,1011,6.52,77,180,2.05,98,0,10000
1018,9.84,66,0,1.54,100,0,10000,3,0,28,2,1010,6.8,81,195,3.12,99,0,10000,1010,6.8,81,195,3.12,99,0,10000,1010,6.8,81,195,3.12,99,0,10000,1010,6.8,81,195,3.12,99,0,10000,1010,6.8,81,195,3.12,99,0,10000,1010,6.8,81,195,3.12,99,0,10000,1010,6.8,81,195,3.12,99,0,10000,1010,6.8,81,195,3.12,99,0,10000,1010,6.8,81,195,3.12,99,0,10000,1010,6.8,81,195,3.12,99,0,10000,1010,6.8,81,195,3.12,99,0,10000,1010,6.8,81,195,3.12,99,0,10000
1018,9.84,66,0,1.54,100,0,10000,6,0,28,2,1009,9.25,76,212,6.25,100,0,10000,1009,9.25,76,212,6.25,100,0,10000,1009,9.25,76,212,6.25,100,0,10000,1009,9.25,76,212,6.25,100,0,10000,1009,9.25,76,212,6.25,100,0,10000,1009,9.25,76,212,6.25,100,0,10000,1009,9.25,76,212,6.25,100,0,10000,1009,9.25,76,212,6.25,100,0,10000,1009,9.25,76,212,6.25,100,0,10000,1009,9.25,76,212,6.25,100,0,10000,1009,9.25,76,212,6.25,100,0,10000,1009,9.25,76,212,6.25,100,0,10000
1018,9.84,66,0,1.54,100,0,10000,9,0,28,2,1018,9.88,65,305,2.8,100,0,10000,1018,9.88,65,305,2.8,100,0,10000,1018,9.88,65,305,2.8,100,0,10000,1018,9.88,65,305,2.8,100,0,10000,1018,9.88,65,305,2.8,100,0,10000,1018,9.88,65,305,2.8,100,0,10000,1018,9.88,65,305,2.8,100,0,10000,1018,9.88,65,305,2.8,100,0,10000,1018,9.88,65,305,2.8,100,0,10000,1018,9.88,65,305,2.8,100,0,10000,1018,9.88,65,305,2.8,100,0,10000,1018,9.88,65,305,2.8,100,0,10000
1018,9.84,66,0,1.54,100,0,10000,12,0,28,2,1017,10.13,64,323,3.19,88,0,10000,1017,10.13,64,323,3.19,88,0,10000,1017,10.13,64,323,3.19,88,0,10000,1017,10.13,64,323,3.19,88,0,10000,1017,10.13,64,323,3.19,88,0,10000,1017,10.13,64,323,3.19,88,0,10000,1017,10.13,64,323,3.19,88,0,10000,1017,10.13,64,323,3.19,88,0,10000,1017,10.13,64,323,3.19,88,0,10000,1017,10.13,64,323,3.19,88,0,10000,1017,10.13,64,323,3.19,88,0,10000,1017,10.13,64,323,3.19,88,0,10000
1018,9.84,66,0,1.54,100,0,10000,15,0,28,2,1015,8.86,75,21,3.04,61,0,10000,1015,8.86,75,21,3.04,61,0,10000,1015,8.86,75,21,3.04,61,0,10000,1015,8.86,75,21,3.04,61,0,10000,1015,8.86,75,21,3.04,61,0,10000,1015,8.86,75,21,3.04,61,0,10000,1015,8.86,75,21,3.04,61,0,10000,1015,8.86,75,21,3.04,61,0,10000,1015,8.86,75,21,3.04,61,0,10000,1015,8.86,75,21,3.04,61,0,10000,1015,8.86,75,21,3.04,61,0,10000,1015,8.86,75,21,3.04,61,0,10000
1018,9.84,66,0,1.54,100,0,10000,18,0,28,2,1015,6.65,78,14,0.82,67,0,10000,1015,6.65,78,14,0.82,67,0,10000,1015,6.65,78,14,0.82,67,0,10000,1015,6.65,78,14,0.82,67,0,10000,1015,6.65,78,14,0.82,67,0,10000,1015,6.65,78,14,0.82,67,0,10000,1015,6.65,78,14,0.82,67,0,10000,1015,6.65,78,14,0.82,67,0,10000,1015,6.65,78,14,0.82,67,0,10000,1015,6.65,78,14,0.82,67,0,10000,1015,6.65,78,14,0.82,67,0,10000,1015,6.65,78,14,0.82,67,0,10000
1018,9.84,66,0,1.54,100,0,10000,21,0,28,2,1014,6.33,79,158,1.22,64,0,10000,1014,6.33,79,158,1.22,64,0,10000,1014,6.33,79,158,1.22,64,0,10000,1014,6.33,79,158,1.22,64,0,10000,1014,6.33,79,158,1.22,64,0,10000,1014,6.33,79,158,1.22,64,0,10000,1014,6.33,79,158,1.22,64,0,10000,1014,6.33,79,158,1.22,64,0,10000,1014,6.33,79,158,1.22,64,0,10000,1014,6.33,79,158,1.22,64,0,10000,1014,6.33,79,158,1.22,64,0,10000,1014,6.33,79,158,1.22,64,0,10000
1018,9.84,66,0,1.54,100,0,10000,0,0,1,3,1011,6.52,77,180,2.05,98,0,10000,1011,6.52,77,180,2.05,98,0,10000,1011,6.52,77,180,2.05,98,0,10000,1011,6.52,77,180,2.05,98,0,10000,1011,6.52,77,180,2.05,98,0,10000,1011,6.52,77,180,2.05,98,0,10000,1011,6.52,77,180,2.05,98,0,10000,1011,6.52,77,180,2.05,98,0,10000,1011,6.52,77,180,2.05,98,0,10000,1011,6.52,77,180,2.05,98,0,10000,1011,6.52,77,180,2.05,98,0,10000,1011,6.52,77,180,2.05,98,0,10000
1018,9.84,66,0,1.54,100,0,10000,3,0,1,3,1010,6.8,81,195,3.12,99,0,10000,1010,6.8,81,195,3.12,99,0,10000,1010,6.8,81,195,3.12,99,0,10000,1010,6.8,81,195,3.12,99,0,10000,1010,6.8,81,195,3.12,99,0,10000,1010,6.8,81,195,3.12,99,0,10000,1010,6.8,81,195,3.12,99,0,10000,1010,6.8,81,195,3.12,99,0,10000,1010,6.8,81,195,3.12,99,0,10000,1010,6.8,81,195,3.12,99,0,10000,1010,6.8,81,195,3.12,99,0,10000,1010,6.8,81,195,3.12,99,0,10000
1018,9.84,66,0,1.54,100,0,10000,6,0,1,3,1009,9.25,76,212,6.25,100,0,10000,1009,9.25,76,212,6.25,100,0,10000,1009,9.25,76,212,6.25,100,0,10000,1009,9.25,76,212,6.25,100,0,10000,1009,9.25,76,212,6.25,100,0,10000,1009,9.25,76,212,6.25,100,0,10000,1009,9.25,76,212,6.25,100,0,10000,1009,9.25,76,212,6.25,100,0,10000,1009,9.25,76,212,6.25,100,0,10000,1009,9.25,76,212,6.25,100,0,10000,1009,9.25,76,212,6.25,100,0,10000,1009,9.25,76,212,6.25,100,0,10000
1018,9.84,66,0,1.54,100,0,10000,9,0,1,3,1018,9.88,65,305,2.8,100,0,10000,1018,9.88,65,305,2.8,100,0,10000,1018,9.88,65,305,2.8,100,0,10000,1018,9.88,65,305,2.8,100,0,10000,1018,9.88,65,305,2.8,100,0,10000,1018,9.88,65,305,2.8,100,0,10000,1018,9.88,65,305,2.8,100,0,10000,1018,9.88,65,305,2.8,100,0,10000,1018,9.88,65,305,2.8,100,0,10000,1018,9.88,65,305,2.8,100,0,10000,1018,9.88,65,305,2.8,100,0,10000,1018,9.88,65,305,2.8,100,0,10000
1018,9.84,66,0,1.54,100,0,10000,12,0,1,3,1017,10.13,64,323,3.19,88,0,10000,1017,10.13,64,323,3.19,88,0,10000,1017,10.13,64,323,3.19,88,0,10000,1017,10.13,64,323,3.19,88,0,10000,1017,10.13,64,323,3.19,88,0,10000,1017,10.13,64,323,3.19,88,0,10000,1017,10.13,64,323,3.19,88,0,10000,1017,10.13,64,323,3.19,88,0,10000,1017,10.13,64,323,3.19,88,0,10000,1017,10.13,64,323,3.19,88,0,10000,1017,10.13,64,323,3.19,88,0,10000,1017,10.13,64,323,3.19,88,0,10000
1018,9.84,66,0,1.54,100,0,10000,15,0,1,3,1015,8.86,75,21,3.04,61,0,10000,1015,8.86,75,21,3.04,61,0,10000,1015,8.86,75,21,3.04,61,0,10000,1015,8.86,75,21,3.04,61,0,10000,1015,8.86,75,21,3.04,61,0,10000,1015,8.86,75,21,3.04,61,0,10000,1015,8.86,75,21,3.04,61,0,10000,1015,8.86,75,21,3.04,61,0,10000,1015,8.86,75,21,3.04,61,0,10000,1015,8.86,75,21,3.04,61,0,10000,1015,8.86,75,21,3.04,61,0,10000,1015,8.86,75,21,3.04,61,0,10000
1018,9.84,66,0,1.54,100,0,10000,18,0,1,3,1015,6.65,78,14,0.82,67,0,10000,1015,6.65,78,14,0.82,67,0,10000,1015,6.65,78,14,0.82,67,0,10000,1015,6.65,78,14,0.82,67,0,10000,1015,6.65,78,14,0.82,67,0,10000,1015,6.65,78,14,0.82,67,0,10000,1015,6.65,78,14,0.82,67,0,10000,1015,6.65,78,14,0.82,67,0,10000,1015,6.65,78,14,0.82,67,0,10000,1015,6.65,78,14,0.82,67,0,10000,1015,6.65,78,14,0.82,67,0,10000,1015,6.65,78,14,0.82,67,0,10000
1018,9.84,66,0,1.54,100,0,10000,21,0,1,3,1014,6.33,79,158,1.22,64,0,10000,1014,6.33,79,158,1.22,64,0,10000,1014,6.33,79,158,1.22,64,0,10000,1014,6.33,79,158,1.22,64,0,10000,1014,6.33,79,158,1.22,64,0,10000,1014,6.33,79,158,1.22,64,0,10000,1014,6.33,79,158,1.22,64,0,10000,1014,6.33,79,158,1.22,64,0,10000,1014,6.33,79,158,1.22,64,0,10000,1014,6.33,79,158,1.22,64,0,10000,1014,6.33,79,158,1.22,64,0,10000,1014,6.33,79,158,1.22,64,0,10000
1018,9.84,66,0,1.54,100,0,10000,0,0,2,3,1011,6.52,77,180,2.05,98,0,10000,1011,6.52,77,180,2.05,98,0,10000,1011,6.52,77,180,2.05,98,0,10000,1011,6.52,77,180,2.05,98,0,10000,1011,6.52,77,180,2.05,98,0,10000,1011,6.52,77,180,2.05,98,0,10000,1011,6.52,77,180,2.05,98,0,10000,1011,6.52,77,180,2.05,98,0,10000,1011,6.52,77,180,2.05,98,0,10000,1011,6.52,77,180,2.05,98,0,10000,1011,6.52,77,180,2.05,98,0,10000,1011,6.52,77,180,2.05,98,0,10000
1018,9.84,66,0,1.54,100,0,10000,3,0,2,3,1010,6.8,81,195,3.12,99,0,10000,1010,6.8,81,195,3.12,99,0,10000,1010,6.8,81,195,3.12,99,0,10000,1010,6.8,81,195,3.12,99,0,10000,1010,6.8,81,195,3.12,99,0,10000,1010,6.8,81,195,3.12,99,0,10000,1010,6.8,81,195,3.12,99,0,10000,1010,6.8,81,195,3.12,99,0,10000,1010,6.8,81,195,3.12,99,0,10000,1010,6.8,81,195,3.12,99,0,10000,1010,6.8,81,195,3.12,99,0,10000,1010,6.8,81,195,3.12,99,0,10000
1018,9.84,66,0,1.54,100,0,10000,6,0,2,3,1009,9.25,76,212,6.25,100,0,10000,1009,9.25,76,212,6.25,100,0,10000,1009,9.25,76,212,6.25,100,0,10000,1009,9.25,76,212,6.25,100,0,10000,1009,9.25,76,212,6.25,100,0,10000,1009,9.25,76,212,6.25,100,0,10000,1009,9.25,76,212,6.25,100,0,10000,1009,9.25,76,212,6.25,100,0,10000,1009,9.25,76,212,6.25,100,0,10000,1009,9.25,76,212,6.25,100,0,10000,1009,9.25,76,212,6.25,100,0,10000,1009,9.25,76,212,6.25,100,0,10000
1018,9.84,66,0,1.54,100,0,10000,9,0,2,3,1018,9.88,65,305,2.8,100,0,10000,1018,9.88,65,305,2.8,100,0,10000,1018,9.88,65,305,2.8,100,0,10000,1018,9.88,65,305,2.8,100,0,10000,1018,9.88,65,305,2.8,100,0,10000,1018,9.88,65,305,2.8,100,0,10000,1018,9.88,65,305,2.8,100,0,10000,1018,9.88,65,305,2.8,100,0,10000,1018,9.88,65,305,2.8,100,0,10000,1018,9.88,65,305,2.8,100,0,10000,1018,9.88,65,305,2.8,100,0,10000,1018,9.88,65,305,2.8,100,0,10000
1018,9.84,66,0,1.54,100,0,10000,12,0,2,3,1017,10.13,64,323,3.19,88,0,10000,1017,10.13,64,323,3.19,88,0,10000,1017,10.13,64,323,3.19,88,0,10000,1017,10.13,64,323,3.19,88,0,10000,1017,10.13,64,323,3.19,88,0,10000,1017,10.13,64,323,3.19,88,0,10000,1017,10.13,64,323,3.19,88,0,10000,1017,10.13,64,323,3.19,88,0,10000,1017,10.13,64,323,3.19,88,0,10000,1017,10.13,64,323,3.19,88,0,10000,1017,10.13,64,323,3.19,88,0,10000,1017,10.13,64,323,3.19,88,0,10000
1018,9.84,66,0,1.54,100,0,10000,15,0,2,3,1015,8.86,75,21,3.04,61,0,10000,1015,8.86,75,21,3.04,61,0,10000,1015,8.86,75,21,3.04,61,0,10000,1015,8.86,75,21,3.04,61,0,10000,1015,8.86,75,21,3.04,61,0,10000,1015,8.86,75,21,3.04,61,0,10000,1015,8.86,75,21,3.04,61,0,10000,1015,8.86,75,21,3.04,61,0,10000,1015,8.86,75,21,3.04,61,0,10000,1015,8.86,75,21,3.04,61,0,10000,1015,8.86,75,21,3.04,61,0,10000,1015,8.86,75,21,3.04,61,0,10000
1018,9.84,66,0,1.54,100,0,10000,18,0,2,3,1015,6.65,78,14,0.82,67,0,10000,1015,6.65,78,14,0.82,67,0,10000,1015,6.65,78,14,0.82,67,0,10000,1015,6.65,78,14,0.82,67,0,10000,1015,6.65,78,14,0.82,67,0,10000,1015,6.65,78,14,0.82,67,0,10000,1015,6.65,78,14,0.82,67,0,10000,1015,6.65,78,14,0.82,67,0,10000,1015,6.65,78,14,0.82,67,0,10000,1015,6.65,78,14,0.82,67,0,10000,1015,6.65,78,14,0.82,67,0,10000,1015,6.65,78,14,0.82,67,0,10000
1018,9.84,66,0,1.54,100,0,10000,21,0,2,3,1014,6.33,79,158,1.22,64,0,10000,1014,6.33,79,158,1.22,64,0,10000,1014,6.33,79,158,1.22,64,0,10000,1014,6.33,79,158,1.22,64,0,10000,1014,6.33,79,158,1.22,64,0,10000,1014,6.33,79,158,1.22,64,0,10000,1014,6.33,79,158,1.22,64,0,10000,1014,6.33,79,158,1.22,64,0,10000,1014,6.33,79,158,1.22,64,0,10000,1014,6.33,79,158,1.22,64,0,10000,1014,6.33,79,158,1.22,64,0,10000,1014,6.33,79,158,1.22,64,0,10000
1018,9.84,66,0,1.54,100,0,10000,0,0,3,3,1011,6.52,77,180,2.05,98,0,10000,1011,6.52,77,180,2.05,98,0,10000,1011,6.52,77,180,2.05,98,0,10000,1011,6.52,77,180,2.05,98,0,10000,1011,6.52,77,180,2.05,98,0,10000,1011,6.52,77,180,2.05,98,0,10000,1011,6.52,77,180,2.05,98,0,10000,1011,6.52,77,180,2.05,98,0,10000,1011,6.52,77,180,2.05,98,0,10000,1011,6.52,77,180,2.05,98,0,10000,1011,6.52,77,180,2.05,98,0,10000,1011,6.52,77,180,2.05,98,0,10000
1018,9.84,66,0,1.54,100,0,10000,3,0,3,3,1010,6.8,81,195,3.12,99,0,10000,1010,6.8,81,195,3.12,99,0,10000,1010,6.8,81,195,3.12,99,0,10000,1010,6.8,81,195,3.12,99,0,10000,1010,6.8,81,195,3.12,99,0,10000,1010,6.8,81,195,3.12,99,0,10000,1010,6.8,81,195,3.12,99,0,10000,1010,6.8,81,195,3.12,99,0,10000,1010,6.8,81,195,3.12,99,0,10000,1010,6.8,81,195,3.12,99,0,10000,1010,6.8,81,195,3.12,99,0,10000,1010,6.8,81,195,3.12,99,0,10000
1018,9.84,66,0,1.54,100,0,10000,6,0,3,3,1009,9.25,76,212,6.25,100,0,10000,1009,9.25,76,212,6.25,100,0,10000,1009,9.25,76,212,6.25,100,0,10000,1009,9.25,76,212,6.25,100,0,10000,1009,9.25,76,212,6.25,100,0,10000,1009,9.25,76,212,6.25,100,0,10000,1009,9.25,76,212,6.25,100,0,10000,1009,9.25,76,212,6.25,100,0,10000,1009,9.25,76,212,6.25,100,0,10000,1009,9.25,76,212,6.25,100,0,10000,1009,9.25,76,212,6.25,100,0,10000,1009,9.25,76,212,6.25,100,0,10000
1018,9.84,66,0,1.54,100,0,10000,9,0,3,3,1018,9.88,65,305,2.8,100,0,10000,1018,9.88,65,305,2.8,100,0,10000,1018,9.88,65,305,2.8,100,0,10000,1018,9.88,65,305,2.8,100,0,10000,1018,9.88,65,305,2.8,100,0,10000,1018,9.88,65,305,2.8,100,0,10000,1018,9.88,65,305,2.8,100,0,10000,1018,9.88,65,305,2.8,100,0,10000,1018,9.88,65,305,2.8,100,0,10000,1018,9.88,65,305,2.8,100,0,10000,1018,9.88,65,305,2.8,100,0,10000,1018,9.88,65,305,2.8,100,0,10000
1018,9.84,66,0,1.54,100,0,10000,12,0,3,3,1017,10.13,64,323,3.19,88,0,10000,1017,10.13,64,323,3.19,88,0,10000,1017,10.13,64,323,3.19,88,0,10000,1017,10.13,64,323,3.19,88,0,10000,1017,10.13,64,323,3.19,88,0,10000,1017,10.13,64,323,3.19,88,0,10000,1017,10.13,64,323,3.19,88,0,10000,1017,10.13,64,323,3.19,88,0,10000,1017,10.13,64,323,3.19,88,0,10000,1017,10.13,64,323,3.19,88,0,10000,1017,10.13,64,323,3.19,88,0,10000,1017,10.13,64,323,3.19,88,0,10000
1018,9.84,66,0,1.54,100,0,10000,15,0,3,3,1015,8.86,75,21,3.04,61,0,10000,1015,8.86,75,21,3.04,61,0,10000,1015,8.86,75,21,3.04,61,0,10000,1015,8.86,75,21,3.04,61,0,10000,1015,8.86,75,21,3.04,61,0,10000,1015,8.86,75,21,3.04,61,0,10000,1015,8.86,75,21,3.04,61,0,10000,1015,8.86,75,21,3.04,61,0,10000,1015,8.86,75,21,3.04,61,0,10000,1015,8.86,75,21,3.04,61,0,10000,1015,8.86,75,21,3.04,61,0,10000,1015,8.86,75,21,3.04,61,0,10000
1018,9.84,66,0,1.54,100,0,10000,18,0,3,3,1015,6.65,78,14,0.82,67,0,10000,1015,6.65,78,14,0.82,67,0,10000,1015,6.65,78,14,0.82,67,0,10000,1015,6.65,78,14,0.82,67,0,10000,1015,6.65,78,14,0.82,67,0,10000,1015,6.65,78,14,0.82,67,0,10000,1015,6.65,78,14,0.82,67,0,10000,1015,6.65,78,14,0.82,67,0,10000,1015,6.65,78,14,0.82,67,0,10000,1015,6.65,78,14,0.82,67,0,10000,1015,6.65,78,14,0.82,67,0,10000,1015,6.65,78,14,0.82,67,0,10000
1018,9.84,66,0,1.54,100,0,10000,21,0,3,3,1014,6.33,79,158,1.22,64,0,10000,1014,6.33,79,158,1.22,64,0,10000,1014,6.33,79,158,1.22,64,0,10000,1014,6.33,79,158,1.22,64,0,10000,1014,6.33,79,158,1.22,64,0,10000,1014,6.33,79,158,1.22,64,0,10000,1014,6.33,79,158,1.22,64,0,10000,1014,6.33,79,158,1.22,64,0,10000,1014,6.33,79,158,1.22,64,0,10000,1014,6.33,79,158,1.22,64,0,10000,1014,6.33,79,158,1.22,64,0,10000,1014,6.33,79,158,1.22,64,0,10000
1018,9.84,66,0,1.54,100,0,10000,0,0,4,3,1011,6.52,77,180,2.05,98,0,10000,1011,6.52,77,180,2.05,98,0,10000,1011,6.52,77,180,2.05,98,0,10000,1011,6.52,77,180,2.05,98,0,10000,1011,6.52,77,180,2.05,98,0,10000,1011,6.52,77,180,2.05,98,0,10000,1011,6.52,77,180,2.05,98,0,10000,1011,6.52,77,180,2.05,98,0,10000,1011,6.52,77,180,2.05,98,0,10000,1011,6.52,77,180,2.05,98,0,10000,1011,6.52,77,180,2.05,98,0,10000,1011,6.52,77,180,2.05,98,0,10000
1018,9.84,66,0,1.54,100,0,10000,3,0,4,3,1010,6.8,81,195,3.12,99,0,10000,1010,6.8,81,195,3.12,99,0,10000,1010,6.8,81,195,3.12,99,0,10000,1010,6.8,81,195,3.12,99,0,10000,1010,6.8,81,195,3.12,99,0,10000,1010,6.8,81,195,3.12,99,0,10000,1010,6.8,81,195,3.12,99,0,10000,1010,6.8,81,195,3.12,99,0,10000,1010,6.8,81,195,3.12,99,0,10000,1010,6.8,81,195,3.12,99,0,10000,1010,6.8,81,195,3.12,99,0,10000,1010,6.8,81,195,3.12,99,0,10000
1018,9.84,66,0,1.54,100,0,10000,6,0,4,3,1009,9.25,76,212,6.25,100,0,10000,1009,9.25,76,212,6.25,100,0,10000,1009,9.25,76,212,6.25,100,0,10000,1009,9.25,76,212,6.25,100,0,10000,1009,9.25,76,212,6.25,100,0,10000,1009,9.25,76,212,6.25,100,0,10000,1009,9.25,76,212,6.25,100,0,10000,1009,9.25,76,212,6.25,100,0,10000,1009,9.25,76,212,6.25,100,0,10000,1009,9.25,76,212,6.25,100,0,10000,1009,9.25,76,212,6.25,100,0,10000,1009,9.25,76,212,6.25,100,0,10000
1018,9.84,66,0,1.54,100,0,10000,9,0,4,3,1018,9.88,65,305,2.8,100,0,10000,1018,9.88,65,305,2.8,100,0,10000,1018,9.88,65,305,2.8,100,0,10000,1018,9.88,65,305,2.8,100,0,10000,1018,9.88,65,305,2.8,100,0,10000,1018,9.88,65,305,2.8,100,0,10000,1018,9.88,65,305,2.8,100,0,10000,1018,9.88,65,305,2.8,100,0,10000,1018,9.88,65,305,2.8,100,0,10000,1018,9.88,65,305,2.8,100,0,10000,1018,9.88,65,305,2.8,100,0,10000,1018,9.88,65,305,2.8,100,0,10000
1018,9.84,66,0,1.54,100,0,10000,12,0,4,3,1017,10.13,64,323,3.19,88,0,10000,1017,10.13,64,323,3.19,88,0,10000,1017,10.13,64,323,3.19,88,0,10000,1017,10.13,64,323,3.19,88,0,10000,1017,10.13,64,323,3.19,88,0,10000,1017,10.13,64,323,3.19,88,0,10000,1017,10.13,64,323,3.19,88,0,10000,1017,10.13,64,323,3.19,88,0,10000,1017,10.13,64,323,3.19,88,0,10000,1017,10.13,64,323,3.19,88,0,10000,1017,10.13,64,323,3.19,88,0,10000,1017,10.13,64,323,3.19,88,0,10000
1018,9.84,66,0,1.54,100,0,10000,15,0,4,3,1015,8.86,75,21,3.04,61,0,10000,1015,8.86,75,21,3.04,61,0,10000,1015,8.86,75,21,3.04,61,0,10000,1015,8.86,75,21,3.04,61,0,10000,1015,8.86,75,21,3.04,61,0,10000,1015,8.86,75,21,3.04,61,0,10000,1015,8.86,75,21,3.04,61,0,10000,1015,8.86,75,21,3.04,61,0,10000,1015,8.86,75,21,3.04,61,0,10000,1015,8.86,75,21,3.04,61,0,10000,1015,8.86,75,21,3.04,61,0,10000,1015,8.86,75,21,3.04,61,0,10000
1018,9.84,66,0,1.54,100,0,10000,18,0,4,3,1015,6.65,78,14,0.82,67,0,10000,1015,6.65,78,14,0.82,67,0,10000,1015,6.65,78,14,0.82,67,0,10000,1015,6.65,78,14,0.82,67,0,10000,1015,6.65,78,14,0.82,67,0,10000,1015,6.65,78,14,0.82,67,0,10000,1015,6.65,78,14,0.82,67,0,10000,1015,6.65,78,14,0.82,67,0,10000,1015,6.65,78,14,0.82,67,0,10000,1015,6.65,78,14,0.82,67,0,10000,1015,6.65,78,14,0.82,67,0,10000,1015,6.65,78,14,0.82,67,0,10000
1018,9.84,66,0,1.54,100,0,10000,21,0,4,3,1014,6.33,79,158,1.22,64,0,10000,1014,6.33,79,158,1.22,64,0,10000,1014,6.33,79,158,1.22,64,0,10000,1014,6.33,79,158,1.22,64,0,10000,1014,6.33,79,158,1.22,64,0,10000,1014,6.33,79,158,1.22,64,0,10000,1014,6.33,79,158,1.22,64,0,10000,1014,6.33,79,158,1.22,64,0,10000,1014,6.33,79,158,1.22,64,0,10000,1014,6.33,79,158,1.22,64,0,10000,1014,6.33,79,158,1.22,64,0,10000,1014,6.33,79,158,1.22,64,0,10000
1018,9.84,66,0,1.54,100,0,10000,0,0,5,3,1011,6.52,77,180,2.05,98,0,10000,1011,6.52,77,180,2.05,98,0,10000,1011,6.52,77,180,2.05,98,0,10000,1011,6.52,77,180,2.05,98,0,10000,1011,6.52,77,180,2.05,98,0,10000,1011,6.52,77,180,2.05,98,0,10000,1011,6.52,77,180,2.05,98,0,10000,1011,6.52,77,180,2.05,98,0,10000,1011,6.52,77,180,2.05,98,0,10000,1011,6.52,77,180,2.05,98,0,10000,1011,6.52,77,180,2.05,98,0,10000,1011,6.52,77,180,2.05,98,0,10000
1018,9.84,66,0,1.54,100,0,10000,3,0,5,3,1010,6.8,81,195,3.12,99,0,10000,1010,6.8,81,195,3.12,99,0,10000,1010,6.8,81,195,3.12,99,0,10000,1010,6.8,81,195,3.12,99,0,10000,1010,6.8,81,195,3.12,99,0,10000,1010,6.8,81,195,3.12,99,0,10000,1010,6.8,81,195,3.12,99,0,10000,1010,6.8,81,195,3.12,99,0,10000,1010,6.8,81,195,3.12,99,0,10000,1010,6.8,81,195,3.12,99,0,10000,1010,6.8,81,195,3.12,99,0,10000,1010,6.8,81,195,3.12,99,0,10000
1018,9.84,66,0,1.54,100,0,10000,6,0,5,3,1009,9.25,76,212,6.25,100,0,10000,1009,9.25,76,212,6.25,100,0,10000,1009,9.25,76,212,6.25,100,0,10000,1009,9.25,76,212,6.25,100,0,10000,1009,9.25,76,212,6.25,100,0,10000,1009,9.25,76,212,6.25,100,0,10000,1009,9.25,76,212,6.25,100,0,10000,1009,9.25,76,212,6.25,100,0,10000,1009,9.25,76,212,6.25,100,0,10000,1009,9.25,76,212,6.25,100,0,10000,1009,9.25,76,212,6.25,100,0,10000,1009,9.25,76,212,6.25,100,0,10000
1018,9.84,66,0,1.54,100,0,10000,9,0,5,3,1018,9.88,65,305,2.8,100,0,10000,1018,9.88,65,305,2.8,100,0,10000,1018,9.88,65,305,2.8,100,0,10000,1018,9.88,65,305,2.8,100,0,10000,1018,9.88,65,305,2.8,100,0,10000,1018,9.88,65,305,2.8,100,0,10000,1018,9.88,65,305,2.8,100,0,10000,1018,9.88,65,305,2.8,100,0,10000,1018,9.88,65,305,2.8,100,0,10000,1018,9.88,65,305,2.8,100,0,10000,1018,9.88,65,305,2.8,100,0,10000,1018,9.88,65,305,2.8,100,0,10000
1018,9.84,66,0,1.54,100,0,10000,12,0,5,3,1017,10.13,64,323,3.19,88,0,10000,1017,10.13,64,323,3.19,88,0,10000,1017,10.13,64,323,3.19,88,0,10000,1017,10.13,64,323,3.19,88,0,10000,1017,10.13,64,323,3.19,88,0,10000,1017,10.13,64,323,3.19,88,0,10000,1017,10.13,64,323,3.19,88,0,10000,1017,10.13,64,323,3.19,88,0,10000,1017,10.13,64,323,3.19,88,0,10000,1017,10.13,64,323,3.19,88,0,10000,1017,10.13,64,323,3.19,88,0,10000,1017,10.13,64,323,3.19,88,0,10000
1018,9.84,66,0,1.54,100,0,10000,15,0,5,3,1015,8.86,75,21,3.04,61,0,10000,1015,8.86,75,21,3.04,61,0,10000,1015,8.86,75,21,3.04,61,0,10000,1015,8.86,75,21,3.04,61,0,10000,1015,8.86,75,21,3.04,61,0,10000,1015,8.86,75,21,3.04,61,0,10000,1015,8.86,75,21,3.04,61,0,10000,1015,8.86,75,21,3.04,61,0,10000,1015,8.86,75,21,3.04,61,0,10000,1015,8.86,75,21,3.04,61,0,10000,1015,8.86,75,21,3.04,61,0,10000,1015,8.86,75,21,3.04,61,0,10000
1018,9.84,66,0,1.54,100,0,10000,18,0,5,3,1015,6.65,78,14,0.82,67,0,10000,1015,6.65,78,14,0.82,67,0,10000,1015,6.65,78,14,0.82,67,0,10000,1015,6.65,78,14,0.82,67,0,10000,1015,6.65,78,14,0.82,67,0,10000,1015,6.65,78,14,0.82,67,0,10000,1015,6.65,78,14,0.82,67,0,10000,1015,6.65,78,14,0.82,67,0,10000,1015,6.65,78,14,0.82,67,0,10000,1015,6.65,78,14,0.82,67,0,10000,1015,6.65,78,14,0.82,67,0,10000,1015,6.65,78,14,0.82,67,0,10000
1018,9.84,66,0,1.54,100,0,10000,21,0,5,3,1014,6.33,79,158,1.22,64,0,10000,1014,6.33,79,158,1.22,64,0,10000,1014,6.33,79,158,1.22,64,0,10000,1014,6.33,79,158,1.22,64,0,10000,1014,6.33,79,158,1.22,64,0,10000,1014,6.33,79,158,1.22,64,0,10000,1014,6.33,79,158,1.22,64,0,10000,1014,6.33,79,158,1.22,64,0,10000,1014,6.33,79,158,1.22,64,0,10000,1014,6.33,79,158,1.22,64,0,10000,1014,6.33,79,158,1.22,64,0,10000,1014,6.33,79,158,1.22,64,0,10000
1018,9.84,66,0,1.54,100,0,10000,0,0,6,3,1011,6.52,77,180,2.05,98,0,10000,1011,6.52,77,180,2.05,98,0,10000,1011,6.52,77,180,2.05,98,0,10000,1011,6.52,77,180,2.05,98,0,10000,1011,6.52,77,180,2.05,98,0,10000,1011,6.52,77,180,2.05,98,0,10000,1011,6.52,77,180,2.05,98,0,10000,1011,6.52,77,180,2.05,98,0,10000,1011,6.52,77,180,2.05,98,0,10000,1011,6.52,77,180,2.05,98,0,10000,1011,6.52,77,180,2.05,98,0,10000,1011,6.52,77,180,2.05,98,0,10000
1018,9.84,66,0,1.54,100,0,10000,3,0,6,3,1010,6.8,81,195,3.12,99,0,10000,1010,6.8,81,195,3.12,99,0,10000,1010,6.8,81,195,3.12,99,0,10000,1010,6.8,81,195,3.12,99,0,10000,1010,6.8,81,195,3.12,99,0,10000,1010,6.8,81,195,3.12,99,0,10000,1010,6.8,81,195,3.12,99,0,10000,1010,6.8,81,195,3.12,99,0,10000,1010,6.8,81,195,3.12,99,0,10000,1010,6.8,81,195,3.12,99,0,10000,1010,6.8,81,195,3.12,99,0,10000,1010,6.8,81,195,3.12,99,0,10000
1018,9.84,66,0,1.54,100,0,10000,6,0,6,3,1009,9.25,76,212,6.25,100,0,10000,1009,9.25,76,212,6.25,100,0,10000,1009,9.25,76,212,6.25,100,0,10000,1009,9.25,76,212,6.25,100,0,10000,1009,9.25,76,212,6.25,100,0,10000,1009,9.25,76,212,6.25,100,0,10000,1009,9.25,76,212,6.25,100,0,10000,1009,9.25,76,212,6.25,100,0,10000,1009,9.25,76,212,6.25,100,0,10000,1009,9.25,76,212,6.25,100,0,10000,1009,9.25,76,212,6.25,100,0,10000,1009,9.25,76,212,6.25,100,0,10000
1018,9.84,66,0,1.54,100,0,10000,9,0,6,3,1018,9.88,65,305,2.8,100,0,10000,1018,9.88,65,305,2.8,100,0,10000,1018,9.88,65,305,2.8,100,0,10000,1018,9.88,65,305,2.8,100,0,10000,1018,9.88,65,305,2.8,100,0,10000,1018,9.88,65,305,2.8,100,0,10000,1018,9.88,65,305,2.8,100,0,10000,1018,9.88,65,305,2.8,100,0,10000,1018,9.88,65,305,2.8,100,0,10000,1018,9.88,65,305,2.8,100,0,10000,1018,9.88,65,305,2.8,100,0,10000,1018,9.88,65,305,2.8,100,0,10000
1018,9.84,66,0,1.54,100,0,10000,12,0,6,3,1017,10.13,64,323,3.19,88,0,10000,1017,10.13,64,323,3.19,88,0,10000,1017,10.13,64,323,3.19,88,0,10000,1017,10.13,64,323,3.19,88,0,10000,1017,10.13,64,323,3.19,88,0,10000,1017,10.13,64,323,3.19,88,0,10000,1017,10.13,64,323,3.19,88,0,10000,1017,10.13,64,323,3.19,88,0,10000,1017,10.13,64,323,3.19,88,0,10000,1017,10.13,64,323,3.19,88,0,10000,1017,10.13,64,323,3.19,88,0,10000,1017,10.13,64,323,3.19,88,0,10000
1018,9.84,66,0,1.54,100,0,10000,15,0,6,3,1015,8.86,75,21,3.04,61,0,10000,1015,8.86,75,21,3.04,61,0,10000,1015,8.86,75,21,3.04,61,0,10000,1015,8.86,75,21,3.04,61,0,10000,1015,8.86,75,21,3.04,61,0,10000,1015,8.86,75,21,3.04,61,0,10000,1015,8.86,75,21,3.04,61,0,10000,1015,8.86,75,21,3.04,61,0,10000,1015,8.86,75,21,3.04,61,0,10000,1015,8.86,75,21,3.04,61,0,10000,1015,8.86,75,21,3.04,61,0,10000,1015,8.86,75,21,3.04,61,0,10000
1018,9.84,66,0,1.54,100,0,10000,18,0,6,3,1015,6.65,78,14,0.82,67,0,10000,1015,6.65,78,14,0.82,67,0,10000,1015,6.65,78,14,0.82,67,0,10000,1015,6.65,78,14,0.82,67,0,10000,1015,6.65,78,14,0.82,67,0,10000,1015,6.65,78,14,0.82,67,0,10000,1015,6.65,78,14,0.82,67,0,10000,1015,6.65,78,14,0.82,67,0,10000,1015,6.65,78,14,0.82,67,0,10000,1015,6.65,78,14,0.82,67,0,10000,1015,6.65,78,14,0.82,67,0,10000,1015,6.65,78,14,0.82,67,0,10000
1018,9.84,66,0,1.54,100,0,10000,21,0,6,3,1014,6.33,79,158,1.22,64,0,10000,1014,6.33,79,158,1.22,64,0,10000,1014,6.33,79,158,1.22,64,0,10000,1014,6.33,79,158,1.22,64,0,10000,1014,6.33,79,158,1.22,64,0,10000,1014,6.33,79,158,1.22,64,0,10000,1014,6.33,79,158,1.22,64,0,10000,1014,6.33,79,158,1.22,64,0,10000,1014,6.33,79,158,1.22,64,0,10000,1014,6.33,79,158,1.22,64,0,10000,1014,6.33,79,158,1.22,64,0,10000,1014,6.33,79,158,1.22,64,0,10000
1018,9.84,66,0,1.54,100,0,10000,0,0,7,3,1011,6.52,77,180,2.05,98,0,10000,1011,6.52,77,180,2.05,98,0,10000,1011,6.52,77,180,2.05,98,0,10000,1011,6.52,77,180,2.05,98,0,10000,1011,6.52,77,180,2.05,98,0,10000,1011,6.52,77,180,2.05,98,0,10000,1011,6.52,77,180,2.05,98,0,10000,1011,6.52,77,180,2.05,98,0,10000,1011,6.52,77,180,2.05,98,0,10000,1011,6.52,77,180,2.05,98,0,10000,1011,6.52,77,180,2.05,98,0,10000,1011,6.52,77,180,2.05,98,0,10000
1018,9.84,66,0,1.54,100,0,10000,3,0,7,3,1010,6.8,81,195,3.12,99,0,10000,1010,6.8,81,195,3.12,99,0,10000,1010,6.8,81,195,3.12,99,0,10000,1010,6.8,81,195,3.12,99,0,10000,1010,6.8,81,195,3.12,99,0,10000,1010,6.8,81,195,3.12,99,0,10000,1010,6.8,81,195,3.12,99,0,10000,1010,6.8,81,195,3.12,99,0,10000,1010,6.8,81,195,3.12,99,0,10000,1010,6.8,81,195,3.12,99,0,10000,1010,6.8,81,195,3.12,99,0,10000,1010,6.8,81,195,3.12,99,0,10000
1018,9.84,66,0,1.54,100,0,10000,6,0,7,3,1009,9.25,76,212,6.25,100,0,10000,1009,9.25,76,212,6.25,100,0,10000,1009,9.25,76,212,6.25,100,0,10000,1009,9.25,76,212,6.25,100,0,10000,1009,9.25,76,212,6.25,100,0,10000,1009,9.25,76,212,6.25,100,0,10000,1009,9.25,76,212,6.25,100,0,10000,1009,9.25,76,212,6.25,100,0,10000,1009,9.25,76,212,6.25,100,0,10000,1009,9.25,76,212,6.25,100,0,10000,1009,9.25,76,212,6.25,100,0,10000,1009,9.25,76,212,6.25,100,0,10000
1018,9.84,66,0,1.54,100,0,10000,9,0,7,3,1018,9.88,65,305,2.8,100,0,10000,1018,9.88,65,305,2.8,100,0,10000,1018,9.88,65,305,2.8,100,0,10000,1018,9.88,65,305,2.8,100,0,10000,1018,9.88,65,305,2.8,100,0,10000,1018,9.88,65,305,2.8,100,0,10000,1018,9.88,65,305,2.8,100,0,10000,1018,9.88,65,305,2.8,100,0,10000,1018,9.88,65,305,2.8,100,0,10000,1018,9.88,65,305,2.8,100,0,10000,1018,9.88,65,305,2.8,100,0,10000,1018,9.88,65,305,2.8,100,0,10000
1018,9.84,66,0,1.54,100,0,10000,12,0,7,3,1017,10.13,64,323,3.19,88,0,10000,1017,10.13,64,323,3.19,88,0,10000,1017,10.13,64,323,3.19,88,0,10000,1017,10.13,64,323,3.19,88,0,10000,1017,10.13,64,323,3.19,88,0,10000,1017,10.13,64,323,3.19,88,0,10000,1017,10.13,64,323,3.19,88,0,10000,1017,10.13,64,323,3.19,88,0,10000,1017,10.13,64,323,3.19,88,0,10000,1017,10.13,64,323,3.19,88,0,10000,1017,10.13,64,323,3.19,88,0,10000,1017,10.13,64,323,3.19,88,0,10000
1018,9.84,66,0,1.54,100,0,10000,15,0,7,3,1015,8.86,75,21,3.04,61,0,10000,1015,8.86,75,21,3.04,61,0,10000,1015,8.86,75,21,3.04,61,0,10000,1015,8.86,75,21,3.04,61,0,10000,1015,8.86,75,21,3.04,61,0,10000,1015,8.86,75,21,3.04,61,0,10000,1015,8.86,75,21,3.04,61,0,10000,1015,8.86,75,21,3.04,61,0,10000,1015,8.86,75,21,3.04,61,0,10000,1015,8.86,75,21,3.04,61,0,10000,1015,8.86,75,21,3.04,61,0,10000,1015,8.86,75,21,3.04,61,0,10000
1018,9.84,66,0,1.54,100,0,10000,18,0,7,3,1015,6.65,78,14,0.82,67,0,10000,1015,6.65,78,14,0.82,67,0,10000,1015,6.65,78,14,0.82,67,0,10000,1015,6.65,78,14,0.82,67,0,10000,1015,6.65,78,14,0.82,67,0,10000,1015,6.65,78,14,0.82,67,0,10000,1015,6.65,78,14,0.82,67,0,10000,1015,6.65,78,14,0.82,67,0,10000,1015,6.65,78,14,0.82,67,0,10000,1015,6.65,78,14,0.82,67,0,10000,1015,6.65,78,14,0.82,67,0,10000,1015,6.65,78,14,0.82,67,0,10000
1018,9.84,66,0,1.54,100,0,10000,21,0,7,3,1014,6.33,79,158,1.22,64,0,10000,1014,6.33,79,158,1.22,64,0,10000,1014,6.33,79,158,1.22,64,0,10000,1014,6.33,79,158,1.22,64,0,10000,1014,6.33,79,158,1.22,64,0,10000,1014,6.33,79,158,1.22,64,0,10000,1014,6.33,79,158,1.22,64,0,10000,1014,6.33,79,158,1.22,64,0,10000,1014,6.33,79,158,1.22,64,0,10000,1014,6.33,79,158,1.22,64,0,10000,1014,6.33,79,158,1.22,64,0,10000,1014,6.33,79,158,1.22,64,0,10000
1018,9.84,66,0,1.54,100,0,10000,0,0,8,3,1011,6.52,77,180,2.05,98,0,10000,1011,6.52,77,180,2.05,98,0,10000,1011,6.52,77,180,2.05,98,0,10000,1011,6.52,77,180,2.05,98,0,10000,1011,6.52,77,180,2.05,98,0,10000,1011,6.52,77,180,2.05,98,0,10000,1011,6.52,77,180,2.05,98,0,10000,1011,6.52,77,180,2.05,98,0,10000,1011,6.52,77,180,2.05,98,0,10000,1011,6.52,77,180,2.05,98,0,10000,1011,6.52,77,180,2.05,98,0,10000,1011,6.52,77,180,2.05,98,0,10000
1018,9.84,66,0,1.54,100,0,10000,3,0,8,3,1010,6.8,81,195,3.12,99,0,10000,1010,6.8,81,195,3.12,99,0,10000,1010,6.8,81,195,3.12,99,0,10000,1010,6.8,81,195,3.12,99,0,10000,1010,6.8,81,195,3.12,99,0,10000,1010,6.8,81,195,3.12,99,0,10000,1010,6.8,81,195,3.12,99,0,10000,1010,6.8,81,195,3.12,99,0,10000,1010,6.8,81,195,3.12,99,0,10000,1010,6.8,81,195,3.12,99,0,10000,1010,6.8,81,195,3.12,99,0,10000,1010,6.8,81,195,3.12,99,0,10000
1018,9.84,66,0,1.54,100,0,10000,6,0,8,3,1009,9.25,76,212,6.25,100,0,10000,1009,9.25,76,212,6.25,100,0,10000,1009,9.25,76,212,6.25,100,0,10000,1009,9.25,76,212,6.25,100,0,10000,1009,9.25,76,212,6.25,100,0,10000,1009,9.25,76,212,6.25,100,0,10000,1009,9.25,76,212,6.25,100,0,10000,1009,9.25,76,212,6.25,100,0,10000,1009,9.25,76,212,6.25,100,0,10000,1009,9.25,76,212,6.25,100,0,10000,1009,9.25,76,212,6.25,100,0,10000,1009,9.25,76,212,6.25,100,0,10000
1018,9.84,66,0,1.54,100,0,10000,9,0,8,3,1018,9.88,65,305,2.8,100,0,10000,1018,9.88,65,305,2.8,100,0,10000,1018,9.88,65,305,2.8,100,0,10000,1018,9.88,65,305,2.8,100,0,10000,1018,9.88,65,305,2.8,100,0,10000,1018,9.88,65,305,2.8,100,0,10000,1018,9.88,65,305,2.8,100,0,10000,1018,9.88,65,305,2.8,100,0,10000,1018,9.88,65,305,2.8,100,0,10000,1018,9.88,65,305,2.8,100,0,10000,1018,9.88,65,305,2.8,100,0,10000,1018,9.88,65,305,2.8,100,0,10000
1018,9.84,66,0,1.54,100,0,10000,12,0,8,3,1017,10.13,64,323,3.19,88,0,10000,1017,10.13,64,323,3.19,88,0,10000,1017,10.13,64,323,3.19,88,0,10000,1017,10.13,64,323,3.19,88,0,10000,1017,10.13,64,323,3.19,88,0,10000,1017,10.13,64,323,3.19,88,0,10000,1017,10.13,64,323,3.19,88,0,10000,1017,10.13,64,323,3.19,88,0,10000,1017,10.13,64,323,3.19,88,0,10000,1017,10.13,64,323,3.19,88,0,10000,1017,10.13,64,323,3.19,88,0,10000,1017,10.13,64,323,3.19,88,0,10000
1018,9.84,66,0,1.54,100,0,10000,15,0,8,3,1015,8.86,75,21,3.04,61,0,10000,1015,8.86,75,21,3.04,61,0,10000,1015,8.86,75,21,3.04,61,0,10000,1015,8.86,75,21,3.04,61,0,10000,1015,8.86,75,21,3.04,61,0,10000,1015,8.86,75,21,3.04,61,0,10000,1015,8.86,75,21,3.04,61,0,10000,1015,8.86,75,21,3.04,61,0,10000,1015,8.86,75,21,3.04,61,0,10000,1015,8.86,75,21,3.04,61,0,10000,1015,8.86,75,21,3.04,61,0,10000,1015,8.86,75,21,3.04,61,0,10000
1018,9.84,66,0,1.54,100,0,10000,18,0,8,3,1015,6.65,78,14,0.82,67,0,10000,1015,6.65,78,14,0.82,67,0,10000,1015,6.65,78,14,0.82,67,0,10000,1015,6.65,78,14,0.82,67,0,10000,1015,6.65,78,14,0.82,67,0,10000,1015,6.65,78,14,0.82,67,0,10000,1015,6.65,78,14,0.82,67,0,10000,1015,6.65,78,14,0.82,67,0,10000,1015,6.65,78,14,0.82,67,0,10000,1015,6.65,78,14,0.82,67,0,10000,1015,6.65,78,14,0.82,67,0,10000,1015,6.65,78,14,0.82,67,0,10000
1018,9.84,66,0,1.54,100,0,10000,21,0,8,3,1014,6.33,79,158,1.22,64,0,10000,1014,6.33,79,158,1.22,64,0,10000,1014,6.33,79,158,1.22,64,0,10000,1014,6.33,79,158,1.22,64,0,10000,1014,6.33,79,158,1.22,64,0,10000,1014,6.33,79,158,1.22,64,0,10000,1014,6.33,79,158,1.22,64,0,10000,1014,6.33,79,158,1.22,64,0,10000,1014,6.33,79,158,1.22,64,0,10000,1014,6.33,79,158,1.22,64,0,10000,1014,6.33,79,158,1.22,64,0,10000,1014,6.33,79,158,1.22,64,0,10000
1018,9.84,66,0,1.54,100,0,10000,0,0,9,3,1011,6.52,77,180,2.05,98,0,10000,1011,6.52,77,180,2.05,98,0,10000,1011,6.52,77,180,2.05,98,0,10000,1011,6.52,77,180,2.05,98,0,10000,1011,6.52,77,180,2.05,98,0,10000,1011,6.52,77,180,2.05,98,0,10000,1011,6.52,77,180,2.05,98,0,10000,1011,6.52,77,180,2.05,98,0,10000,1011,6.52,77,180,2.05,98,0,10000,1011,6.52,77,180,2.05,98,0,10000,1011,6.52,77,180,2.05,98,0,10000,1011,6.52,77,180,2.05,98,0,10000
1018,9.84,66,0,1.54,100,0,10000,3,0,9,3,1010,6.8,81,195,3.12,99,0,10000,1010,6.8,81,195,3.12,99,0,10000,1010,6.8,81,195,3.12,99,0,10000,1010,6.8,81,195,3.12,99,0,10000,1010,6.8,81,195,3.12,99,0,10000,1010,6.8,81,195,3.12,99,0,10000,1010,6.8,81,195,3.12,99,0,10000,1010,6.8,81,195,3.12,99,0,10000,1010,6.8,81,195,3.12,99,0,10000,1010,6.8,81,195,3.12,99,0,10000,1010,6.8,81,195,3.12,99,0,10000,1010,6.8,81,195,3.12,99,0,10000
1018,9.84,66,0,1.54,100,0,10000,6,0,9,3,1009,9.25,76,212,6.25,100,0,10000,1009,9.25,76,212,6.25,100,0,10000,1009,9.25,76,212,6.25,100,0,10000,1009,9.25,76,212,6.25,100,0,10000,1009,9.25,76,212,6.25,100,0,10000,1009,9.25,76,212,6.25,100,0,10000,1009,9.25,76,212,6.25,100,0,10000,1009,9.25,76,212,6.25,100,0,10000,1009,9.25,76,212,6.25,100,0,10000,1009,9.25,76,212,6.25,100,0,10000,1009,9.25,76,212,6.25,100,0,10000,1009,9.25,76,212,6.25,100,0,10000
1018,9.84,66,0,1.54,100,0,10000,9,0,9,3,1018,9.88,65,305,2.8,100,0,10000,1018,9.88,65,305,2.8,100,0,10000,1018,9.88,65,305,2.8,100,0,10000,1018,9.88,65,305,2.8,100,0,10000,1018,9.88,65,305,2.8,100,0,10000,1018,9.88,65,305,2.8,100,0,10000,1018,9.88,65,305,2.8,100,0,10000,1018,9.88,65,305,2.8,100,0,10000,1018,9.88,65,305,2.8,100,0,10000,1018,9.88,65,305,2.8,100,0,10000,1018,9.88,65,305,2.8,100,0,10000,1018,9.88,65,305,2.8,100,0,10000
1018,9.84,66,0,1.54,100,0,10000,12,0,9,3,1017,10.13,64,323,3.19,88,0,10000,1017,10.13,64,323,3.19,88,0,10000,1017,10.13,64,323,3.19,88,0,10000,1017,10.13,64,323,3.19,88,0,10000,1017,10.13,64,323,3.19,88,0,10000,1017,10.13,64,323,3.19,88,0,10000,1017,10.13,64,323,3.19,88,0,10000,1017,10.13,64,323,3.19,88,0,10000,1017,10.13,64,323,3.19,88,0,10000,1017,10.13,64,323,3.19,88,0,10000,1017,10.13,64,323,3.19,88,0,10000,1017,10.13,64,323,3.19,88,0,10000
1018,9.84,66,0,1.54,100,0,10000,15,0,9,3,1015,8.86,75,21,3.04,61,0,10000,1015,8.86,75,21,3.04,61,0,10000,1015,8.86,75,21,3.04,61,0,10000,1015,8.86,75,21,3.04,61,0,10000,1015,8.86,75,21,3.04,61,0,10000,1015,8.86,75,21,3.04,61,0,10000,1015,8.86,75,21,3.04,61,0,10000,1015,8.86,75,21,3.04,61,0,10000,1015,8.86,75,21,3.04,61,0,10000,1015,8.86,75,21,3.04,61,0,10000,1015,8.86,75,21,3.04,61,0,10000,1015,8.86,75,21,3.04,61,0,10000
1018,9.84,66,0,1.54,100,0,10000,18,0,9,3,1015,6.65,78,14,0.82,67,0,10000,1015,6.65,78,14,0.82,67,0,10000,1015,6.65,78,14,0.82,67,0,10000,1015,6.65,78,14,0.82,67,0,10000,1015,6.65,78,14,0.82,67,0,10000,1015,6.65,78,14,0.82,67,0,10000,1015,6.65,78,14,0.82,67,0,10000,1015,6.65,78,14,0.82,67,0,10000,1015,6.65,78,14,0.82,67,0,10000,1015,6.65,78,14,0.82,67,0,10000,1015,6.65,78,14,0.82,67,0,10000,1015,6.65,78,14,0.82,67,0,10000
1018,9.84,66,0,1.54,100,0,10000,21,0,9,3,1014,6.33,79,158,1.22,64,0,10000,1014,6.33,79,158,1.22,64,0,10000,1014,6.33,79,158,1.22,64,0,10000,1014,6.33,79,158,1.22,64,0,10000,1014,6.33,79,158,1.22,64,0,10000,1014,6.33,79,158,1.22,64,0,10000,1014,6.33,79,158,1.22,64,0,10000,1014,6.33,79,158,1.22,64,0,10000,1014,6.33,79,158,1.22,64,0,10000,1014,6.33,79,158,1.22,64,0,10000,1014,6.33,79,158,1.22,64,0,10000,1014,6.33,79,158,1.22,64,0,10000
1018,9.84,66,0,1.54,100,0,10000,0,0,10,3,1011,6.52,77,180,2.05,98,0,10000,1011,6.52,77,180,2.05,98,0,10000,1011,6.52,77,180,2.05,98,0,10000,1011,6.52,77,180,2.05,98,0,10000,1011,6.52,77,180,2.05,98,0,10000,1011,6.52,77,180,2.05,98,0,10000,1011,6.52,77,180,2.05,98,0,10000,1011,6.52,77,180,2.05,98,0,10000,1011,6.52,77,180,2.05,98,0,10000,1011,6.52,77,180,2.05,98,0,10000,1011,6.52,77,180,2.05,98,0,10000,1011,6.52,77,180,2.05,98,0,10000
1018,9.84,66,0,1.54,100,0,10000,3,0,10,3,1010,6.8,81,195,3.12,99,0,10000,1010,6.8,81,195,3.12,99,0,10000,1010,6.8,81,195,3.12,99,0,10000,1010,6.8,81,195,3.12,99,0,10000,1010,6.8,81,195,3.12,99,0,10000,1010,6.8,81,195,3.12,99,0,10000,1010,6.8,81,195,3.12,99,0,10000,1010,6.8,81,195,3.12,99,0,10000,1010,6.8,81,195,3.12,99,0,10000,1010,6.8,81,195,3.12,99,0,10000,1010,6.8,81,195,3.12,99,0,10000,1010,6.8,81,195,3.12,99,0,10000
1018,9.84,66,0,1.54,100,0,10000,6,0,10,3,1009,9.25,76,212,6.25,100,0,10000,1009,9.25,76,212,6.25,100,0,10000,1009,9.25,76,212,6.25,100,0,10000,1009,9.25,76,212,6.25,100,0,10000,1009,9.25,76,212,6.25,100,0,10000,1009,9.25,76,212,6.25,100,0,10000,1009,9.25,76,212,6.25,100,0,10000,1009,9.25,76,212,6.25,100,0,10000,1009,9.25,76,212,6.25,100,0,10000,1009,9.25,76,212,6.25,100,0,10000,1009,9.25,76,212,6.25,100,0,10000,1009,9.25,76,212,6.25,100,0,10000
1018,9.84,66,0,1.54,100,0,10000,9,0,10,3,1018,9.88,65,305,2.8,100,0,10000,1018,9.88,65,305,2.8,100,0,10000,1018,9.88,65,305,2.8,100,0,10000,1018,9.88,65,305,2.8,100,0,10000,1018,9.88,65,305,2.8,100,0,10000,1018,9.88,65,305,2.8,100,0,10000,1018,9.88,65,305,2.8,100,0,10000,1018,9.88,65,305,2.8,100,0,10000,1018,9.88,65,305,2.8,100,0,10000,1018,9.88,65,305,2.8,100,0,10000,1018,9.88,65,305,2.8,100,0,10000,1018,9.88,65,305,2.8,100,0,10000
1018,9.84,66,0,1.54,100,0,10000,12,0,10,3,1017,10.13,64,323,3.19,88,0,10000,1017,10.13,64,323,3.19,88,0,10000,1017,10.13,64,323,3.19,88,0,10000,1017,10.13,64,323,3.19,88,0,10000,1017,10.13,64,323,3.19,88,0,10000,1017,10.13,64,323,3.19,88,0,10000,1017,10.13,64,323,3.19,88,0,10000,1017,10.13,64,323,3.19,88,0,10000,1017,10.13,64,323,3.19,88,0,10000,1017,10.13,64,323,3.19,88,0,10000,1017,10.13,64,323,3.19,88,0,10000,1017,10.13,64,323,3.19,88,0,10000
1018,9.84,66,0,1.54,100,0,10000,15,0,10,3,1015,8.86,75,21,3.04,61,0,10000,1015,8.86,75,21,3.04,61,0,10000,1015,8.86,75,21,3.04,61,0,10000,1015,8.86,75,21,3.04,61,0,10000,1015,8.86,75,21,3.04,61,0,10000,1015,8.86,75,21,3.04,61,0,10000,1015,8.86,75,21,3.04,61,0,10000,1015,8.86,75,21,3.04,61,0,10000,1015,8.86,75,21,3.04,61,0,10000,1015,8.86,75,21,3.04,61,0,10000,1015,8.86,75,21,3.04,61,0,10000,1015,8.86,75,21,3.04,61,0,10000
1018,9.84,66,0,1.54,100,0,10000,18,0,10,3,1015,6.65,78,14,0.82,67,0,10000,1015,6.65,78,14,0.82,67,0,10000,1015,6.65,78,14,0.82,67,0,10000,1015,6.65,78,14,0.82,67,0,10000,1015,6.65,78,14,0.82,67,0,10000,1015,6.65,78,14,0.82,67,0,10000,1015,6.65,78,14,0.82,67,0,10000,1015,6.65,78,14,0.82,67,0,10000,1015,6.65,78,14,0.82,67,0,10000,1015,6.65,78,14,0.82,67,0,10000,1015,6.65,78,14,0.82,67,0,10000,1015,6.65,78,14,0.82,67,0,10000
1018,9.84,66,0,1.54,100,0,10000,21,0,10,3,1014,6.33,79,158,1.22,64,0,10000,1014,6.33,79,158,1.22,64,0,10000,1014,6.33,79,158,1.22,64,0,10000,1014,6.33,79,158,1.22,64,0,10000,1014,6.33,79,158,1.22,64,0,10000,1014,6.33,79,158,1.22,64,0,10000,1014,6.33,79,158,1.22,64,0,10000,1014,6.33,79,158,1.22,64,0,10000,1014,6.33,79,158,1.22,64,0,10000,1014,6.33,79,158,1.22,64,0,10000,1014,6.33,79,158,1.22,64,0,10000,1014,6.33,79,158,1.22,64,0,10000
1018,9.84,66,0,1.54,100,0,10000,0,0,11,3,1011,6.52,77,180,2.05,98,0,10000,1011,6.52,77,180,2.05,98,0,10000,1011,6.52,77,180,2.05,98,0,10000,1011,6.52,77,180,2.05,98,0,10000,1011,6.52,77,180,2.05,98,0,10000,1011,6.52,77,180,2.05,98,0,10000,1011,6.52,77,180,2.05,98,0,10000,1011,6.52,77,180,2.05,98,0,10000,1011,6.52,77,180,2.05,98,0,10000,1011,6.52,77,180,2.05,98,0,10000,1011,6.52,77,180,2.05,98,0,10000,1011,6.52,77,180,2.05,98,0,10000
1018,9.84,66,0,1.54,100,0,10000,3,0,11,3,1010,6.8,81,195,3.12,99,0,10000,1010,6.8,81,195,3.12,99,0,10000,1010,6.8,81,195,3.12,99,0,10000,1010,6.8,81,195,3.12,99,0,10000,1010,6.8,81,195,3.12,99,0,10000,1010,6.8,81,195,3.12,99,0,10000,1010,6.8,81,195,3.12,99,0,10000,1010,6.8,81,195,3.12,99,0,10000,1010,6.8,81,195,3.12,99,0,10000,1010,6.8,81,195,3.12,99,0,10000,1010,6.8,81,195,3.12,99,0,10000,1010,6.8,81,195,3.12,99,0,10000
1018,9.84,66,0,1.54,100,0,10000,6,0,11,3,1009,9.25,76,212,6.25,100,0,10000,1009,9.25,76,212,6.25,100,0,10000,1009,9.25,76,212,6.25,100,0,10000,1009,9.25,76,212,6.25,100,0,10000,1009,9.25,76,212,6.25,100,0,10000,1009,9.25,76,212,6.25,100,0,10000,1009,9.25,76,212,6.25,100,0,10000,1009,9.25,76,212,6.25,100,0,10000,1009,9.25,76,212,6.25,100,0,10000,1009,9.25,76,212,6.25,100,0,10000,1009,9.25,76,212,6.25,100,0,10000,1009,9.25,76,212,6.25,100,0,10000
1018,9.84,66,0,1.54,100,0,10000,9,0,11,3,1018,9.88,65,305,2.8,100,0,10000,1018,9.88,65,305,2.8,100,0,10000,1018,9.88,65,305,2.8,100,0,10000,1018,9.88,65,305,2.8,100,0,10000,1018,9.88,65,305,2.8,100,0,10000,1018,9.88,65,305,2.8,100,0,10000,1018,9.88,65,305,2.8,100,0,10000,1018,9.88,65,305,2.8,100,0,10000,1018,9.88,65,305,2.8,100,0,10000,1018,9.88,65,305,2.8,100,0,10000,1018,9.88,65,305,2.8,100,0,10000,1018,9.88,65,305,2.8,100,0,10000
1018,9.84,66,0,1.54,100,0,10000,12,0,11,3,1017,10.13,64,323,3.19,88,0,10000,1017,10.13,64,323,3.19,88,0,10000,1017,10.13,64,323,3.19,88,0,10000,1017,10.13,64,323,3.19,88,0,10000,1017,10.13,64,323,3.19,88,0,10000,1017,10.13,64,323,3.19,88,0,10000,1017,10.13,64,323,3.19,88,0,10000,1017,10.13,64,323,3.19,88,0,10000,1017,10.13,64,323,3.19,88,0,10000,1017,10.13,64,323,3.19,88,0,10000,1017,10.13,64,323,3.19,88,0,10000,1017,10.13,64,323,3.19,88,0,10000
1018,9.84,66,0,1.54,100,0,10000,15,0,11,3,1015,8.86,75,21,3.04,61,0,10000,1015,8.86,75,21,3.04,61,0,10000,1015,8.86,75,21,3.04,61,0,10000,1015,8.86,75,21,3.04,61,0,10000,1015,8.86,75,21,3.04,61,0,10000,1015,8.86,75,21,3.04,61,0,10000,1015,8.86,75,21,3.04,61,0,10000,1015,8.86,75,21,3.04,61,0,10000,1015,8.86,75,21,3.04,61,0,10000,1015,8.86,75,21,3.04,61,0,10000,1015,8.86,75,21,3.04,61,0,10000,1015,8.86,75,21,3.04,61,0,10000
1018,9.84,66,0,1.54,100,0,10000,18,0,11,3,1015,6.65,78,14,0.82,67,0,10000,1015,6.65,78,14,0.82,67,0,10000,1015,6.65,78,14,0.82,67,0,10000,1015,6.65,78,14,0.82,67,0,10000,1015,6.65,78,14,0.82,67,0,10000,1015,6.65,78,14,0.82,67,0,10000,1015,6.65,78,14,0.82,67,0,10000,1015,6.65,78,14,0.82,67,0,10000,1015,6.65,78,14,0.82,67,0,10000,1015,6.65,78,14,0.82,67,0,10000,1015,6.65,78,14,0.82,67,0,10000,1015,6.65,78,14,0.82,67,0,10000
1018,9.84,66,0,1.54,100,0,10000,21,0,11,3,1014,6.33,79,158,1.22,64,0,10000,1014,6.33,79,158,1.22,64,0,10000,1014,6.33,79,158,1.22,64,0,10000,1014,6.33,79,158,1.22,64,0,10000,1014,6.33,79,158,1.22,64,0,10000,1014,6.33,79,158,1.22,64,0,10000,1014,6.33,79,158,1.22,64,0,10000,1014,6.33,79,158,1.22,64,0,10000,1014,6.33,79,158,1.22,64,0,10000,1014,6.33,79,158,1.22,64,0,10000,1014,6.33,79,158,1.22,64,0,10000,1014,6.33,79,158,1.22,64,0,10000
1018,9.84,66,0,1.54,100,0,10000,0,0,12,3,1011,6.52,77,180,2.05,98,0,10000,1011,6.52,77,180,2.05,98,0,10000,1011,6.52,77,180,2.05,98,0,10000,1011,6.52,77,180,2.05,98,0,10000,1011,6.52,77,180,2.05,98,0,10000,1011,6.52,77,180,2.05,98,0,10000,1011,6.52,77,180,2.05,98,0,10000,1011,6.52,77,180,2.05,98,0,10000,1011,6.52,77,180,2.05,98,0,10000,1011,6.52,77,180,2.05,98,0,10000,1011,6.52,77,180,2.05,98,0,10000,1011,6.52,77,180,2.05,98,0,10000
1018,9.84,66,0,1.54,100,0,10000,3,0,12,3,1010,6.8,81,195,3.12,99,0,10000,1010,6.8,81,195,3.12,99,0,10000,1010,6.8,81,195,3.12,99,0,10000,1010,6.8,81,195,3.12,99,0,10000,1010,6.8,81,195,3.12,99,0,10000,1010,6.8,81,195,3.12,99,0,10000,1010,6.8,81,195,3.12,99,0,10000,1010,6.8,81,195,3.12,99,0,10000,1010,6.8,81,195,3.12,99,0,10000,1010,6.8,81,195,3.12,99,0,10000,1010,6.8,81,195,3.12,99,0,10000,1010,6.8,81,195,3.12,99,0,10000
1018,9.84,66,0,1.54,100,0,10000,6,0,12,3,1009,9.25,76,212,6.25,100,0,10000,1009,9.25,76,212,6.25,100,0,10000,1009,9.25,76,212,6.25,100,0,10000,1009,9.25,76,212,6.25,100,0,10000,1009,9.25,76,212,6.25,100,0,10000,1009,9.25,76,212,6.25,100,0,10000,1009,9.25,76,212,6.25,100,0,10000,1009,9.25,76,212,6.25,100,0,10000,1009,9.25,76,212,6.25,100,0,10000,1009,9.25,76,212,6.25,100,0,10000,1009,9.25,76,212,6.25,100,0,10000,1009,9.25,76,212,6.25,100,0,10000
1018,9.84,66,0,1.54,100,0,10000,9,0,12,3,1018,9.88,65,305,2.8,100,0,10000,1018,9.88,65,305,2.8,100,0,10000,1018,9.88,65,305,2.8,100,0,10000,1018,9.88,65,305,2.8,100,0,10000,1018,9.88,65,305,2.8,100,0,10000,1018,9.88,65,305,2.8,100,0,10000,1018,9.88,65,305,2.8,100,0,10000,1018,9.88,65,305,2.8,100,0,10000,1018,9.88,65,305,2.8,100,0,10000,1018,9.88,65,305,2.8,100,0,10000,1018,9.88,65,305,2.8,100,0,10000,1018,9.88,65,305,2.8,100,0,10000
1018,9.84,66,0,1.54,100,0,10000,12,0,12,3,1017,10.13,64,323,3.19,88,0,10000,1017,10.13,64,323,3.19,88,0,10000,1017,10.13,64,323,3.19,88,0,10000,1017,10.13,64,323,3.19,88,0,10000,1017,10.13,64,323,3.19,88,0,10000,1017,10.13,64,323,3.19,88,0,10000,1017,10.13,64,323,3.19,88,0,10000,1017,10.13,64,323,3.19,88,0,10000,1017,10.13,64,323,3.19,88,0,10000,1017,10.13,64,323,3.19,88,0,10000,1017,10.13,64,323,3.19,88,0,10000,1017,10.13,64,323,3.19,88,0,10000
1018,9.84,66,0,1.54,100,0,10000,15,0,12,3,1015,8.86,75,21,3.04,61,0,10000,1015,8.86,75,21,3.04,61,0,10000,1015,8.86,75,21,3.04,61,0,10000,1015,8.86,75,21,3.04,61,0,10000,1015,8.86,75,21,3.04,61,0,10000,1015,8.86,75,21,3.04,61,0,10000,1015,8.86,75,21,3.04,61,0,10000,1015,8.86,75,21,3.04,61,0,10000,1015,8.86,75,21,3.04,61,0,10000,1015,8.86,75,21,3.04,61,0,10000,1015,8.86,75,21,3.04,61,0,10000,1015,8.86,75,21,3.04,61,0,10000
1018,9.84,66,0,1.54,100,0,10000,18,0,12,3,1015,6.65,78,14,0.82,67,0,10000,1015,6.65,78,14,0.82,67,0,10000,1015,6.65,78,14,0.82,67,0,10000,1015,6.65,78,14,0.82,67,0,10000,1015,6.65,78,14,0.82,67,0,10000,1015,6.65,78,14,0.82,67,0,10000,1015,6.65,78,14,0.82,67,0,10000,1015,6.65,78,14,0.82,67,0,10000,1015,6.65,78,14,0.82,67,0,10000,1015,6.65,78,14,0.82,67,0,10000,1015,6.65,78,14,0.82,67,0,10000,1015,6.65,78,14,0.82,67,0,10000
1018,9.84,66,0,1.54,100,0,10000,21,0,12,3,1014,6.33,79,158,1.22,64,0,10000,1014,6.33,79,158,1.22,64,0,10000,1014,6.33,79,158,1.22,64,0,10000,1014,6.33,79,158,1.22,64,0,10000,1014,6.33,79,158,1.22,64,0,10000,1014,6.33,79,158,1.22,64,0,10000,1014,6.33,79,158,1.22,64,0,10000,1014,6.33,79,158,1.22,64,0,10000,1014,6.33,79,158,1.22,64,0,10000,1014,6.33,79,158,1.22,64,0,10000,1014,6.33,79,158,1.22,64,0,10000,1014,6.33,79,158,1.22,64,0,10000
1018,9.84,66,0,1.54,100,0,10000,0,0,13,3,1011,6.52,77,180,2.05,98,0,10000,1011,6.52,77,180,2.05,98,0,10000,1011,6.52,77,180,2.05,98,0,10000,1011,6.52,77,180,2.05,98,0,10000,1011,6.52,77,180,2.05,98,0,10000,1011,6.52,77,180,2.05,98,0,10000,1011,6.52,77,180,2.05,98,0,10000,1011,6.52,77,180,2.05,98,0,10000,1011,6.52,77,180,2.05,98,0,10000,1011,6.52,77,180,2.05,98,0,10000,1011,6.52,77,180,2.05,98,0,10000,1011,6.52,77,180,2.05,98,0,10000
1018,9.84,66,0,1.54,100,0,10000,3,0,13,3,1010,6.8,81,195,3.12,99,0,10000,1010,6.8,81,195,3.12,99,0,10000,1010,6.8,81,195,3.12,99,0,10000,1010,6.8,81,195,3.12,99,0,10000,1010,6.8,81,195,3.12,99,0,10000,1010,6.8,81,195,3.12,99,0,10000,1010,6.8,81,195,3.12,99,0,10000,1010,6.8,81,195,3.12,99,0,10000,1010,6.8,81,195,3.12,99,0,10000,1010,6.8,81,195,3.12,99,0,10000,1010,6.8,81,195,3.12,99,0,10000,1010,6.8,81,195,3.12,99,0,10000
1018,9.84,66,0,1.54,100,0,10000,6,0,13,3,1009,9.25,76,212,6.25,100,0,10000,1009,9.25,76,212,6.25,100,0,10000,1009,9.25,76,212,6.25,100,0,10000,1009,9.25,76,212,6.25,100,0,10000,1009,9.25,76,212,6.25,100,0,10000,1009,9.25,76,212,6.25,100,0,10000,1009,9.25,76,212,6.25,100,0,10000,1009,9.25,76,212,6.25,100,0,10000,1009,9.25,76,212,6.25,100,0,10000,1009,9.25,76,212,6.25,100,0,10000,1009,9.25,76,212,6.25,100,0,10000,1009,9.25,76,212,6.25,100,0,10000
1018,9.84,66,0,1.54,100,0,10000,9,0,13,3,1018,9.88,65,305,2.8,100,0,10000,1018,9.88,65,305,2.8,100,0,10000,1018,9.88,65,305,2.8,100,0,10000,1018,9.88,65,305,2.8,100,0,10000,1018,9.88,65,305,2.8,100,0,10000,1018,9.88,65,305,2.8,100,0,10000,1018,9.88,65,305,2.8,100,0,10000,1018,9.88,65,305,2.8,100,0,10000,1018,9.88,65,305,2.8,100,0,10000,1018,9.88,65,305,2.8,100,0,10000,1018,9.88,65,305,2.8,100,0,10000,1018,9.88,65,305,2.8,100,0,10000
1018,9.84,66,0,1.54,100,0,10000,12,0,13,3,1017,10.13,64,323,3.19,88,0,10000,1017,10.13,64,323,3.19,88,0,10000,1017,10.13,64,323,3.19,88,0,10000,1017,10.13,64,323,3.19,88,0,10000,1017,10.13,64,323,3.19,88,0,10000,1017,10.13,64,323,3.19,88,0,10000,1017,10.13,64,323,3.19,88,0,10000,1017,10.13,64,323,3.19,88,0,10000,1017,10.13,64,323,3.19,88,0,10000,1017,10.13,64,323,3.19,88,0,10000,1017,10.13,64,323,3.19,88,0,10000,1017,10.13,64,323,3.19,88,0,10000
1018,9.84,66,0,1.54,100,0,10000,15,0,13,3,1015,8.86,75,21,3.04,61,0,10000,1015,8.86,75,21,3.04,61,0,10000,1015,8.86,75,21,3.04,61,0,10000,1015,8.86,75,21,3.04,61,0,10000,1015,8.86,75,21,3.04,61,0,10000,1015,8.86,75,21,3.04,61,0,10000,1015,8.86,75,21,3.04,61,0,10000,1015,8.86,75,21,3.04,61,0,10000,1015,8.86,75,21,3.04,61,0,10000,1015,8.86,75,21,3.04,61,0,10000,1015,8.86,75,21,3.04,61,0,10000,1015,8.86,75,21,3.04,61,0,10000
1018,9.84,66,0,1.54,100,0,10000,18,0,13,3,1015,6.65,78,14,0.82,67,0,10000,1015,6.65,78,14,0.82,67,0,10000,1015,6.65,78,14,0.82,67,0,10000,1015,6.65,78,14,0.82,67,0,10000,1015,6.65,78,14,0.82,67,0,10000,1015,6.65,78,14,0.82,67,0,10000,1015,6.65,78,14,0.82,67,0,10000,1015,6.65,78,14,0.82,67,0,10000,1015,6.65,78,14,0.82,67,0,10000,1015,6.65,78,14,0.82,67,0,10000,1015,6.65,78,14,0.82,67,0,10000,1015,6.65,78,14,0.82,67,0,10000
1018,9.84,66,0,1.54,100,0,10000,21,0,13,3,1014,6.33,79,158,1.22,64,0,10000,1014,6.33,79,158,1.22,64,0,10000,1014,6.33,79,158,1.22,64,0,10000,1014,6.33,79,158,1.22,64,0,10000,1014,6.33,79,158,1.22,64,0,10000,1014,6.33,79,158,1.22,64,0,10000,1014,6.33,79,158,1.22,64,0,10000,1014,6.33,79,158,1.22,64,0,10000,1014,6.33,79,158,1.22,64,0,10000,1014,6.33,79,158,1.22,64,0,10000,1014,6.33,79,158,1.22,64,0,10000,1014,6.33,79,158,1.22,64,0,10000
1018,9.84,66,0,1.54,100,0,10000,0,0,14,3,1011,6.52,77,180,2.05,98,0,10000,1011,6.52,77,180,2.05,98,0,10000,1011,6.52,77,180,2.05,98,0,10000,1011,6.52,77,180,2.05,98,0,10000,1011,6.52,77,180,2.05,98,0,10000,1011,6.52,77,180,2.05,98,0,10000,1011,6.52,77,180,2.05,98,0,10000,1011,6.52,77,180,2.05,98,0,10000,1011,6.52,77,180,2.05,98,0,10000,1011,6.52,77,180,2.05,98,0,10000,1011,6.52,77,180,2.05,98,0,10000,1011,6.52,77,180,2.05,98,0,10000
1018,9.84,66,0,1.54,100,0,10000,3,0,14,3,1010,6.8,81,195,3.12,99,0,10000,1010,6.8,81,195,3.12,99,0,10000,1010,6.8,81,195,3.12,99,0,10000,1010,6.8,81,195,3.12,99,0,10000,1010,6.8,81,195,3.12,99,0,10000,1010,6.8,81,195,3.12,99,0,10000,1010,6.8,81,195,3.12,99,0,10000,1010,6.8,81,195,3.12,99,0,10000,1010,6.8,81,195,3.12,99,0,10000,1010,6.8,81,195,3.12,99,0,10000,1010,6.8,81,195,3.12,99,0,10000,1010,6.8,81,195,3.12,99,0,10000
1018,9.84,66,0,1.54,100,0,10000,6,0,14,3,1009,9.25,76,212,6.25,100,0,10000,1009,9.25,76,212,6.25,100,0,10000,1009,9.25,76,212,6.25,100,0,10000,1009,9.25,76,212,6.25,100,0,10000,1009,9.25,76,212,6.25,100,0,10000,1009,9.25,76,212,6.25,100,0,10000,1009,9.25,76,212,6.25,100,0,10000,1009,9.25,76,212,6.25,100,0,10000,1009,9.25,76,212,6.25,100,0,10000,1009,9.25,76,212,6.25,100,0,10000,1009,9.25,76,212,6.25,100,0,10000,1009,9.25,76,212,6.25,100,0,10000
1018,9.84,66,0,1.54,100,0,10000,9,0,14,3,1018,9.88,65,305,2.8,100,0,10000,1018,9.88,65,305,2.8,100,0,10000,1018,9.88,65,305,2.8,100,0,10000,1018,9.88,65,305,2.8,100,0,10000,1018,9.88,65,305,2.8,100,0,10000,1018,9.88,65,305,2.8,100,0,10000,1018,9.88,65,305,2.8,100,0,10000,1018,9.88,65,305,2.8,100,0,10000,1018,9.88,65,305,2.8,100,0,10000,1018,9.88,65,305,2.8,100,0,10000,1018,9.88,65,305,2.8,100,0,10000,1018,9.88,65,305,2.8,100,0,10000
1018,9.84,66,0,1.54,100,0,10000,12,0,14,3,1017,10.13,64,323,3.19,88,0,10000,1017,10.13,64,323,3.19,88,0,10000,1017,10.13,64,323,3.19,88,0,10000,1017,10.13,64,323,3.19,88,0,10000,1017,10.13,64,323,3.19,88,0,10000,1017,10.13,64,323,3.19,88,0,10000,1017,10.13,64,323,3.19,88,0,10000,1017,10.13,64,323,3.19,88,0,10000,1017,10.13,64,323,3.19,88,0,10000,1017,10.13,64,323,3.19,88,0,10000,1017,10.13,64,323,3.19,88,0,10000,1017,10.13,64,323,3.19,88,0,10000
1018,9.84,66,0,1.54,100,0,10000,15,0,14,3,1015,8.86,75,21,3.04,61,0,10000,1015,8.86,75,21,3.04,61,0,10000,1015,8.86,75,21,3.04,61,0,10000,1015,8.86,75,21,3.04,61,0,10000,1015,8.86,75,21,3.04,61,0,10000,1015,8.86,75,21,3.04,61,0,10000,1015,8.86,75,21,3.04,61,0,10000,1015,8.86,75,21,3.04,61,0,10000,1015,8.86,75,21,3.04,61,0,10000,1015,8.86,75,21,3.04,61,0,10000,1015,8.86,75,21,3.04,61,0,10000,1015,8.86,75,21,3.04,61,0,10000
1018,9.84,66,0,1.54,100,0,10000,18,0,14,3,1015,6.65,78,14,0.82,67,0,10000,1015,6.65,78,14,0.82,67,0,10000,1015,6.65,78,14,0.82,67,0,10000,1015,6.65,78,14,0.82,67,0,10000,1015,6.65,78,14,0.82,67,0,10000,1015,6.65,78,14,0.82,67,0,10000,1015,6.65,78,14,0.82,67,0,10000,1015,6.65,78,14,0.82,67,0,10000,1015,6.65,78,14,0.82,67,0,10000,1015,6.65,78,14,0.82,67,0,10000,1015,6.65,78,14,0.82,67,0,10000,1015,6.65,78,14,0.82,67,0,10000
1018,9.84,66,0,1.54,100,0,10000,21,0,14,3,1014,6.33,79,158,1.22,64,0,10000,1014,6.33,79,158,1.22,64,0,10000,1014,6.33,79,158,1.22,64,0,10000,1014,6.33,79,158,1.22,64,0,10000,1014,6.33,79,158,1.22,64,0,10000,1014,6.33,79,158,1.22,64,0,10000,1014,6.33,79,158,1.22,64,0,10000,1014,6.33,79,158,1.22,64,0,10000,1014,6.33,79,158,1.22,64,0,10000,1014,6.33,79,158,1.22,64,0,10000,1014,6.33,79,158,1.22,64,0,10000,1014,6.33,79,158,1.22,64,0,10000
1018,9.84,66,0,1.54,100,0,10000,0,0,15,3,1011,6.52,77,180,2.05,98,0,10000,1011,6.52,77,180,2.05,98,0,10000,1011,6.52,77,180,2.05,98,0,10000,1011,6.52,77,180,2.05,98,0,10000,1011,6.52,77,180,2.05,98,0,10000,1011,6.52,77,180,2.05,98,0,10000,1011,6.52,77,180,2.05,98,0,10000,1011,6.52,77,180,2.05,98,0,10000,1011,6.52,77,180,2.05,98,0,10000,1011,6.52,77,180,2.05,98,0,10000,1011,6.52,77,180,2.05,98,0,10000,1011,6.52,77,180,2.05,98,0,10000
1018,9.84,66,0,1.54,100,0,10000,3,0,15,3,1010,6.8,81,195,3.12,99,0,10000,1010,6.8,81,195,3.12,99,0,10000,1010,6.8,81,195,3.12,99,0,10000,1010,6.8,81,195,3.12,99,0,10000,1010,6.8,81,195,3.12,99,0,10000,1010,6.8,81,195,3.12,99,0,10000,1010,6.8,81,195,3.12,99,0,10000,1010,6.8,81,195,3.12,99,0,10000,1010,6.8,81,195,3.12,99,0,10000,1010,6.8,81,195,3.12,99,0,10000,1010,6.8,81,195,3.12,99,0,10000,1010,6.8,81,195,3.12,99,0,10000
1018,9.84,66,0,1.54,100,0,10000,6,0,15,3,1009,9.25,76,212,6.25,100,0,10000,1009,9.25,76,212,6.25,100,0,10000,1009,9.25,76,212,6.25,100,0,10000,1009,9.25,76,212,6.25,100,0,10000,1009,9.25,76,212,6.25,100,0,10000,1009,9.25,76,212,6.25,100,0,10000,1009,9.25,76,212,6.25,100,0,10000,1009,9.25,76,212,6.25,100,0,10000,1009,9.25,76,212,6.25,100,0,10000,1009,9.25,76,212,6.25,100,0,10000,1009,9.25,76,212,6.25,100,0,10000,1009,9.25,76,212,6.25,100,0,10000
1018,9.84,66,0,1.54,100,0,10000,9,0,15,3,1018,9.88,65,305,2.8,100,0,10000,1018,9.88,65,305,2.8,100,0,10000,1018,9.88,65,305,2.8,100,0,10000,1018,9.88,65,305,2.8,100,0,10000,1018,9.88,65,305,2.8,100,0,10000,1018,9.88,65,305,2.8,100,0,10000,1018,9.88,65,305,2.8,100,0,10000,1018,9.88,65,305,2.8,100,0,10000,1018,9.88,65,305,2.8,100,0,10000,1018,9.88,65,305,2.8,100,0,10000,1018,9.88,65,305,2.8,100,0,10000,1018,9.88,65,305,2.8,100,0,10000
1018,9.84,66,0,1.54,100,0,10000,12,0,15,3,1017,10.13,64,323,3.19,88,0,10000,1017,10.13,64,323,3.19,88,0,10000,1017,10.13,64,323,3.19,88,0,10000,1017,10.13,64,323,3.19,88,0,10000,1017,10.13,64,323,3.19,88,0,10000,1017,10.13,64,323,3.19,88,0,10000,1017,10.13,64,323,3.19,88,0,10000,1017,10.13,64,323,3.19,88,0,10000,1017,10.13,64,323,3.19,88,0,10000,1017,10.13,64,323,3.19,88,0,10000,1017,10.13,64,323,3.19,88,0,10000,1017,10.13,64,323,3.19,88,0,10000
1018,9.84,66,0,1.54,100,0,10000,15,0,15,3,1015,8.86,75,21,3.04,61,0,10000,1015,8.86,75,21,3.04,61,0,10000,1015,8.86,75,21,3.04,61,0,10000,1015,8.86,75,21,3.04,61,0,10000,1015,8.86,75,21,3.04,61,0,10000,1015,8.86,75,21,3.04,61,0,10000,1015,8.86,75,21,3.04,61,0,10000,1015,8.86,75,21,3.04,61,0,10000,1015,8.86,75,21,3.04,61,0,10000,1015,8.86,75,21,3.04,61,0,10000,1015,8.86,75,21,3.04,61,0,10000,1015,8.86,75,21,3.04,61,0,10000
1018,9.84,66,0,1.54,100,0,10000,18,0,15,3,1015,6.65,78,14,0.82,67,0,10000,1015,6.65,78,14,0.82,67,0,10000,1015,6.65,78,14,0.82,67,0,10000,1015,6.65,78,14,0.82,67,0,10000,1015,6.65,78,14,0.82,67,0,10000,1015,6.65,78,14,0.82,67,0,10000,1015,6.65,78,14,0.82,67,0,10000,1015,6.65,78,14,0.82,67,0,10000,1015,6.65,78,14,0.82,67,0,10000,1015,6.65,78,14,0.82,67,0,10000,1015,6.65,78,14,0.82,67,0,10000,1015,6.65,78,14,0.82,67,0,10000
1018,9.84,66,0,1.54,100,0,10000,21,0,15,3,1014,6.33,79,158,1.22,64,0,10000,1014,6.33,79,158,1.22,64,0,10000,1014,6.33,79,158,1.22,64,0,10000,1014,6.33,79,158,1.22,64,0,10000,1014,6.33,79,158,1.22,64,0,10000,1014,6.33,79,158,1.22,64,0,10000,1014,6.33,79,158,1.22,64,0,10000,1014,6.33,79,158,1.22,64,0,10000,1014,6.33,79,158,1.22,64,0,10000,1014,6.33,79,158,1.22,64,0,10000,1014,6.33,79,158,1.22,64,0,10000,1014,6.33,79,158,1.22,64,0,10000
1018,9.84,66,0,1.54,100,0,10000,0,0,16,3,1011,6.52,77,180,2.05,98,0,10000,1011,6.52,77,180,2.05,98,0,10000,1011,6.52,77,180,2.05,98,0,10000,1011,6.52,77,180,2.05,98,0,10000,1011,6.52,77,180,2.05,98,0,10000,1011,6.52,77,180,2.05,98,0,10000,1011,6.52,77,180,2.05,98,0,10000,1011,6.52,77,180,2.05,98,0,10000,1011,6.52,77,180,2.05,98,0,10000,1011,6.52,77,180,2.05,98,0,10000,1011,6.52,77,180,2.05,98,0,10000,1011,6.52,77,180,2.05,98,0,10000
1018,9.84,66,0,1.54,100,0,10000,3,0,16,3,1010,6.8,81,195,3.12,99,0,10000,1010,6.8,81,195,3.12,99,0,10000,1010,6.8,81,195,3.12,99,0,10000,1010,6.8,81,195,3.12,99,0,10000,1010,6.8,81,195,3.12,99,0,10000,1010,6.8,81,195,3.12,99,0,10000,1010,6.8,81,195,3.12,99,0,10000,1010,6.8,81,195,3.12,99,0,10000,1010,6.8,81,195,3.12,99,0,10000,1010,6.8,81,195,3.12,99,0,10000,1010,6.8,81,195,3.12,99,0,10000,1010,6.8,81,195,3.12,99,0,10000
1018,9.84,66,0,1.54,100,0,10000,6,0,16,3,1009,9.25,76,212,6.25,100,0,10000,1009,9.25,76,212,6.25,100,0,10000,1009,9.25,76,212,6.25,100,0,10000,1009,9.25,76,212,6.25,100,0,10000,1009,9.25,76,212,6.25,100,0,10000,1009,9.25,76,212,6.25,100,0,10000,1009,9.25,76,212,6.25,100,0,10000,1009,9.25,76,212,6.25,100,0,10000,1009,9.25,76,212,6.25,100,0,10000,1009,9.25,76,212,6.25,100,0,10000,1009,9.25,76,212,6.25,100,0,10000,1009,9.25,76,212,6.25,100,0,10000
1018,9.84,66,0,1.54,100,0,10000,9,0,16,3,1018,9.88,65,305,2.8,100,0,10000,1018,9.88,65,305,2.8,100,0,10000,1018,9.88,65,305,2.8,100,0,10000,1018,9.88,65,305,2.8,100,0,10000,1018,9.88,65,305,2.8,100,0,10000,1018,9.88,65,305,2.8,100,0,10000,1018,9.88,65,305,2.8,100,0,10000,1018,9.88,65,305,2.8,100,0,10000,1018,9.88,65,305,2.8,100,0,10000,1018,9.88,65,305,2.8,100,0,10000,1018,9.88,65,305,2.8,100,0,10000,1018,9.88,65,305,2.8,100,0,10000
1018,9.84,66,0,1.54,100,0,10000,12,0,16,3,1017,10.13,64,323,3.19,88,0,10000,1017,10.13,64,323,3.19,88,0,10000,1017,10.13,64,323,3.19,88,0,10000,1017,10.13,64,323,3.19,88,0,10000,1017,10.13,64,323,3.19,88,0,10000,1017,10.13,64,323,3.19,88,0,10000,1017,10.13,64,323,3.19,88,0,10000,1017,10.13,64,323,3.19,88,0,10000,1017,10.13,64,323,3.19,88,0,10000,1017,10.13,64,323,3.19,88,0,10000,1017,10.13,64,323,3.19,88,0,10000,1017,10.13,64,323,3.19,88,0,10000
1018,9.84,66,0,1.54,100,0,10000,15,0,16,3,1015,8.86,75,21,3.04,61,0,10000,1015,8.86,75,21,3.04,61,0,10000,1015,8.86,75,21,3.04,61,0,10000,1015,8.86,75,21,3.04,61,0,10000,1015,8.86,75,21,3.04,61,0,10000,1015,8.86,75,21,3.04,61,0,10000,1015,8.86,75,21,3.04,61,0,10000,1015,8.86,75,21,3.04,61,0,10000,1015,8.86,75,21,3.04,61,0,10000,1015,8.86,75,21,3.04,61,0,10000,1015,8.86,75,21,3.04,61,0,10000,1015,8.86,75,21,3.04,61,0,10000
1018,9.84,66,0,1.54,100,0,10000,18,0,16,3,1015,6.65,78,14,0.82,67,0,10000,1015,6.65,78,14,0.82,67,0,10000,1015,6.65,78,14,0.82,67,0,10000,1015,6.65,78,14,0.82,67,0,10000,1015,6.65,78,14,0.82,67,0,10000,1015,6.65,78,14,0.82,67,0,10000,1015,6.65,78,14,0.82,67,0,10000,1015,6.65,78,14,0.82,67,0,10000,1015,6.65,78,14,0.82,67,0,10000,1015,6.65,78,14,0.82,67,0,10000,1015,6.65,78,14,0.82,67,0,10000,1015,6.65,78,14,0.82,67,0,10000
1018,9.84,66,0,1.54,100,0,10000,21,0,16,3,1014,6.33,79,158,1.22,64,0,10000,1014,6.33,79,158,1.22,64,0,10000,1014,6.33,79,158,1.22,64,0,10000,1014,6.33,79,158,1.22,64,0,10000,1014,6.33,79,158,1.22,64,0,10000,1014,6.33,79,158,1.22,64,0,10000,1014,6.33,79,158,1.22,64,0,10000,1014,6.33,79,158,1.22,64,0,10000,1014,6.33,79,158,1.22,64,0,10000,1014,6.33,79,158,1.22,64,0,10000,1014,6.33,79,158,1.22,64,0,10000,1014,6.33,79,158,1.22,64,0,10000
1018,9.84,66,0,1.54,100,0,10000,0,0,17,3,1011,6.52,77,180,2.05,98,0,10000,1011,6.52,77,180,2.05,98,0,10000,1011,6.52,77,180,2.05,98,0,10000,1011,6.52,77,180,2.05,98,0,10000,1011,6.52,77,180,2.05,98,0,10000,1011,6.52,77,180,2.05,98,0,10000,1011,6.52,77,180,2.05,98,0,10000,1011,6.52,77,180,2.05,98,0,10000,1011,6.52,77,180,2.05,98,0,10000,1011,6.52,77,180,2.05,98,0,10000,1011,6.52,77,180,2.05,98,0,10000,1011,6.52,77,180,2.05,98,0,10000
1018,9.84,66,0,1.54,100,0,10000,3,0,17,3,1010,6.8,81,195,3.12,99,0,10000,1010,6.8,81,195,3.12,99,0,10000,1010,6.8,81,195,3.12,99,0,10000,1010,6.8,81,195,3.12,99,0,10000,1010,6.8,81,195,3.12,99,0,10000,1010,6.8,81,195,3.12,99,0,10000,1010,6.8,81,195,3.12,99,0,10000,1010,6.8,81,195,3.12,99,0,10000,1010,6.8,81,195,3.12,99,0,10000,1010,6.8,81,195,3.12,99,0,10000,1010,6.8,81,195,3.12,99,0,10000,1010,6.8,81,195,3.12,99,0,10000
1018,9.84,66,0,1.54,100,0,10000,6,0,17,3,1009,9.25,76,212,6.25,100,0,10000,1009,9.25,76,212,6.25,100,0,10000,1009,9.25,76,212,6.25,100,0,10000,1009,9.25,76,212,6.25,100,0,10000,1009,9.25,76,212,6.25,100,0,10000,1009,9.25,76,212,6.25,100,0,10000,1009,9.25,76,212,6.25,100,0,10000,1009,9.25,76,212,6.25,100,0,10000,1009,9.25,76,212,6.25,100,0,10000,1009,9.25,76,212,6.25,100,0,10000,1009,9.25,76,212,6.25,100,0,10000,1009,9.25,76,212,6.25,100,0,10000
1018,9.84,66,0,1.54,100,0,10000,9,0,17,3,1018,9.88,65,305,2.8,100,0,10000,1018,9.88,65,305,2.8,100,0,10000,1018,9.88,65,305,2.8,100,0,10000,1018,9.88,65,305,2.8,100,0,10000,1018,9.88,65,305,2.8,100,0,10000,1018,9.88,65,305,2.8,100,0,10000,1018,9.88,65,305,2.8,100,0,10000,1018,9.88,65,305,2.8,100,0,10000,1018,9.88,65,305,2.8,100,0,10000,1018,9.88,65,305,2.8,100,0,10000,1018,9.88,65,305,2.8,100,0,10000,1018,9.88,65,305,2.8,100,0,10000
1018,9.84,66,0,1.54,100,0,10000,12,0,17,3,1017,10.13,64,323,3.19,88,0,10000,1017,10.13,64,323,3.19,88,0,10000,1017,10.13,64,323,3.19,88,0,10000,1017,10.13,64,323,3.19,88,0,10000,1017,10.13,64,323,3.19,88,0,10000,1017,10.13,64,323,3.19,88,0,10000,1017,10.13,64,323,3.19,88,0,10000,1017,10.13,64,323,3.19,88,0,10000,1017,10.13,64,323,3.19,88,0,10000,1017,10.13,64,323,3.19,88,0,10000,1017,10.13,64,323,3.19,88,0,10000,1017,10.13,64,323,3.19,88,0,10000
1018,9.84,66,0,1.54,100,0,10000,15,0,17,3,1015,8.86,75,21,3.04,61,0,10000,1015,8.86,75,21,3.04,61,0,10000,1015,8.86,75,21,3.04,61,0,10000,1015,8.86,75,21,3.04,61,0,10000,1015,8.86,75,21,3.04,61,0,10000,1015,8.86,75,21,3.04,61,0,10000,1015,8.86,75,21,3.04,61,0,10000,1015,8.86,75,21,3.04,61,0,10000,1015,8.86,75,21,3.04,61,0,10000,1015,8.86,75,21,3.04,61,0,10000,1015,8.86,75,21,3.04,61,0,10000,1015,8.86,75,21,3.04,61,0,10000
1018,9.84,66,0,1.54,100,0,10000,18,0,17,3,1015,6.65,78,14,0.82,67,0,10000,1015,6.65,78,14,0.82,67,0,10000,1015,6.65,78,14,0.82,67,0,10000,1015,6.65,78,14,0.82,67,0,10000,1015,6.65,78,14,0.82,67,0,10000,1015,6.65,78,14,0.82,67,0,10000,1015,6.65,78,14,0.82,67,0,10000,1015,6.65,78,14,0.82,67,0,10000,1015,6.65,78,14,0.82,67,0,10000,1015,6.65,78,14,0.82,67,0,10000,1015,6.65,78,14,0.82,67,0,10000,1015,6.65,78,14,0.82,67,0,10000
1018,9.84,66,0,1.54,100,0,10000,21,0,17,3,1014,6.33,79,158,1.22,64,0,10000,1014,6.33,79,158,1.22,64,0,10000,1014,6.33,79,158,1.22,64,0,10000,1014,6.33,79,158,1.22,64,0,10000,1014,6.33,79,158,1.22,64,0,10000,1014,6.33,79,158,1.22,64,0,10000,1014,6.33,79,158,1.22,64,0,10000,1014,6.33,79,158,1.22,64,0,10000,1014,6.33,79,158,1.22,64,0,10000,1014,6.33,79,158,1.22,64,0,10000,1014,6.33,79,158,1.22,64,0,10000,1014,6.33,79,158,1.22,64,0,10000
1018,9.84,66,0,1.54,100,0,10000,0,0,18,3,1011,6.52,77,180,2.05,98,0,10000,1011,6.52,77,180,2.05,98,0,10000,1011,6.52,77,180,2.05,98,0,10000,1011,6.52,77,180,2.05,98,0,10000,1011,6.52,77,180,2.05,98,0,10000,1011,6.52,77,180,2.05,98,0,10000,1011,6.52,77,180,2.05,98,0,10000,1011,6.52,77,180,2.05,98,0,10000,1011,6.52,77,180,2.05,98,0,10000,1011,6.52,77,180,2.05,98,0,10000,1011,6.52,77,180,2.05,98,0,10000,1011,6.52,77,180,2.05,98,0,10000
1018,9.84,66,0,1.54,100,0,10000,3,0,18,3,1010,6.8,81,195,3.12,99,0,10000,1010,6.8,81,195,3.12,99,0,10000,1010,6.8,81,195,3.12,99,0,10000,1010,6.8,81,195,3.12,99,0,10000,1010,6.8,81,195,3.12,99,0,10000,1010,6.8,81,195,3.12,99,0,10000,1010,6.8,81,195,3.12,99,0,10000,1010,6.8,81,195,3.12,99,0,10000,1010,6.8,81,195,3.12,99,0,10000,1010,6.8,81,195,3.12,99,0,10000,1010,6.8,81,195,3.12,99,0,10000,1010,6.8,81,195,3.12,99,0,10000
1018,9.84,66,0,1.54,100,0,10000,6,0,18,3,1009,9.25,76,212,6.25,100,0,10000,1009,9.25,76,212,6.25,100,0,10000,1009,9.25,76,212,6.25,100,0,10000,1009,9.25,76,212,6.25,100,0,10000,1009,9.25,76,212,6.25,100,0,10000,1009,9.25,76,212,6.25,100,0,10000,1009,9.25,76,212,6.25,100,0,10000,1009,9.25,76,212,6.25,100,0,10000,1009,9.25,76,212,6.25,100,0,10000,1009,9.25,76,212,6.25,100,0,10000,1009,9.25,76,212,6.25,100,0,10000,1009,9.25,76,212,6.25,100,0,10000
1018,9.84,66,0,1.54,100,0,10000,9,0,18,3,1018,9.88,65,305,2.8,100,0,10000,1018,9.88,65,305,2.8,100,0,10000,1018,9.88,65,305,2.8,100,0,10000,1018,9.88,65,305,2.8,100,0,10000,1018,9.88,65,305,2.8,100,0,10000,1018,9.88,65,305,2.8,100,0,10000,1018,9.88,65,305,2.8,100,0,10000,1018,9.88,65,305,2.8,100,0,10000,1018,9.88,65,305,2.8,100,0,10000,1018,9.88,65,305,2.8,100,0,10000,1018,9.88,65,305,2.8,100,0,10000,1018,9.88,65,305,2.8,100,0,10000
1018,9.84,66,0,1.54,100,0,10000,12,0,18,3,1017,10.13,64,323,3.19,88,0,10000,1017,10.13,64,323,3.19,88,0,10000,1017,10.13,64,323,3.19,88,0,10000,1017,10.13,64,323,3.19,88,0,10000,1017,10.13,64,323,3.19,88,0,10000,1017,10.13,64,323,3.19,88,0,10000,1017,10.13,64,323,3.19,88,0,10000,1017,10.13,64,323,3.19,88,0,10000,1017,10.13,64,323,3.19,88,0,10000,1017,10.13,64,323,3.19,88,0,10000,1017,10.13,64,323,3.19,88,0,10000,1017,10.13,64,323,3.19,88,0,10000
1018,9.84,66,0,1.54,100,0,10000,15,0,18,3,1015,8.86,75,21,3.04,61,0,10000,1015,8.86,75,21,3.04,61,0,10000,1015,8.86,75,21,3.04,61,0,10000,1015,8.86,75,21,3.04,61,0,10000,1015,8.86,75,21,3.04,61,0,10000,1015,8.86,75,21,3.04,61,0,10000,1015,8.86,75,21,3.04,61,0,10000,1015,8.86,75,21,3.04,61,0,10000,1015,8.86,75,21,3.04,61,0,10000,1015,8.86,75,21,3.04,61,0,10000,1015,8.86,75,21,3.04,61,0,10000,1015,8.86,75,21,3.04,61,0,10000
1018,9.84,66,0,1.54,100,0,10000,18,0,18,3,1015,6.65,78,14,0.82,67,0,10000,1015,6.65,78,14,0.82,67,0,10000,1015,6.65,78,14,0.82,67,0,10000,1015,6.65,78,14,0.82,67,0,10000,1015,6.65,78,14,0.82,67,0,10000,1015,6.65,78,14,0.82,67,0,10000,1015,6.65,78,14,0.82,67,0,10000,1015,6.65,78,14,0.82,67,0,10000,1015,6.65,78,14,0.82,67,0,10000,1015,6.65,78,14,0.82,67,0,10000,1015,6.65,78,14,0.82,67,0,10000,1015,6.65,78,14,0.82,67,0,10000
1018,9.84,66,0,1.54,100,0,10000,21,0,18,3,1014,6.33,79,158,1.22,64,0,10000,1014,6.33,79,158,1.22,64,0,10000,1014,6.33,79,158,1.22,64,0,10000,1014,6.33,79,158,1.22,64,0,10000,1014,6.33,79,158,1.22,64,0,10000,1014,6.33,79,158,1.22,64,0,10000,1014,6.33,79,158,1.22,64,0,10000,1014,6.33,79,158,1.22,64,0,10000,1014,6.33,79,158,1.22,64,0,10000,1014,6.33,79,158,1.22,64,0,10000,1014,6.33,79,158,1.22,64,0,10000,1014,6.33,79,158,1.22,64,0,10000
1018,9.84,66,0,1.54,100,0,10000,0,0,19,3,1011,6.52,77,180,2.05,98,0,10000,1011,6.52,77,180,2.05,98,0,10000,1011,6.52,77,180,2.05,98,0,10000,1011,6.52,77,180,2.05,98,0,10000,1011,6.52,77,180,2.05,98,0,10000,1011,6.52,77,180,2.05,98,0,10000,1011,6.52,77,180,2.05,98,0,10000,1011,6.52,77,180,2.05,98,0,10000,1011,6.52,77,180,2.05,98,0,10000,1011,6.52,77,180,2.05,98,0,10000,1011,6.52,77,180,2.05,98,0,10000,1011,6.52,77,180,2.05,98,0,10000
1018,10.84,62,60,1.54,100,0,10000,3,0,19,3,1010,6.8,81,195,3.12,99,0,10000,1010,6.8,81,195,3.12,99,0,10000,1010,6.8,81,195,3.12,99,0,10000,1010,6.8,81,195,3.12,99,0,10000,1010,6.8,81,195,3.12,99,0,10000,1010,6.8,81,195,3.12,99,0,10000,1010,6.8,81,195,3.12,99,0,10000,1010,6.8,81,195,3.12,99,0,10000,1010,6.8,81,195,3.12,99,0,10000,1010,6.8,81,195,3.12,99,0,10000,1010,6.8,81,195,3.12,99,0,10000,1010,6.8,81,195,3.12,99,0,10000
1018,10.84,62,60,1.54,100,0,10000,6,0,19,3,1009,9.25,76,212,6.25,100,0,10000,1009,9.25,76,212,6.25,100,0,10000,1009,9.25,76,212,6.25,100,0,10000,1009,9.25,76,212,6.25,100,0,10000,1009,9.25,76,212,6.25,100,0,10000,1009,9.25,76,212,6.25,100,0,10000,1009,9.25,76,212,6.25,100,0,10000,1009,9.25,76,212,6.25,100,0,10000,1009,9.25,76,212,6.25,100,0,10000,1009,9.25,76,212,6.25,100,0,10000,1009,9.25,76,212,6.25,100,0,10000,1009,9.25,76,212,6.25,100,0,10000
1018,10.84,62,60,1.54,100,0,10000,9,0,19,3,1018,10.55,63,305,2.8,100,0,10000,1018,10.55,63,305,2.8,100,0,10000,1018,10.55,63,305,2.8,100,0,10000,1018,10.55,63,305,2.8,100,0,10000,1018,10.55,63,305,2.8,100,0,10000,1018,10.55,63,305,2.8,100,0,10000,1018,10.55,63,305,2.8,100,0,10000,1018,10.55,63,305,2.8,100,0,10000,1018,10.55,63,305,2.8,100,0,10000,1018,10.55,63,305,2.8,100,0,10000,1018,10.55,63,305,2.8,100,0,10000,1018,10.55,63,305,2.8,100,0,10000
1018,10.84,62,60,1.54,100,0,10000,12,0,19,3,1017,10.47,64,323,3.19,88,0,10000,1017,10.47,64,323,3.19,88,0,10000,1017,10.47,64,323,3.19,88,0,10000,1017,10.47,64,323,3.19,88,0,10000,1017,10.47,64,323,3.19,88,0,10000,1017,10.47,64,323,3.19,88,0,10000,1017,10.47,64,323,3.19,88,0,10000,1017,10.47,64,323,3.19,88,0,10000,1017,10.47,64,323,3.19,88,0,10000,1017,10.47,64,323,3.19,88,0,10000,1017,10.47,64,323,3.19,88,0,10000,1017,10.47,64,323,3.19,88,0,10000
1018,10.84,62,60,1.54,100,0,10000,15,0,19,3,1015,8.86,75,21,3.04,61,0,10000,1015,8.86,75,21,3.04,61,0,10000,1015,8.86,75,21,3.04,61,0,10000,1015,8.86,75,21,3.04,61,0,10000,1015,8.86,75,21,3.04,61,0,10000,1015,8.86,75,21,3.04,61,0,10000,1015,8.86,75,21,3.04,61,0,10000,1015,8.86,75,21,3.04,61,0,10000,1015,8.86,75,21,3.04,61,0,10000,1015,8.86,75,21,3.04,61,0,10000,1015,8.86,75,21,3.04,61,0,10000,1015,8.86,75,21,3.04,61,0,10000
1018,10.84,62,60,1.54,100,0,10000,18,0,19,3,1015,6.65,78,14,0.82,67,0,10000,1015,6.65,78,14,0.82,67,0,10000,1015,6.65,78,14,0.82,67,0,10000,1015,6.65,78,14,0.82,67,0,10000,1015,6.65,78,14,0.82,67,0,10000,1015,6.65,78,14,0.82,67,0,10000,1015,6.65,78,14,0.82,67,0,10000,1015,6.65,78,14,0.82,67,0,10000,1015,6.65,78,14,0.82,67,0,10000,1015,6.65,78,14,0.82,67,0,10000,1015,6.65,78,14,0.82,67,0,10000,1015,6.65,78,14,0.82,67,0,10000
1018,10.84,62,60,1.54,100,0,10000,21,0,19,3,1014,6.33,79,158,1.22,64,0,10000,1014,6.33,79,158,1.22,64,0,10000,1014,6.33,79,158,1.22,64,0,10000,1014,6.33,79,158,1.22,64,0,10000,1014,6.33,79,158,1.22,64,0,10000,1014,6.33,79,158,1.22,64,0,10000,1014,6.33,79,158,1.22,64,0,10000,1014,6.33,79,158,1.22,64,0,10000,1014,6.33,79,158,1.22,64,0,10000,1014,6.33,79,158,1.22,64,0,10000,1014,6.33,79,158,1.22,64,0,10000,1014,6.33,79,158,1.22,64,0,10000
1018,10.84,62,60,1.54,100,0,10000,0,0,20,3,1011,6.52,77,180,2.05,98,0,10000,1011,6.52,77,180,2.05,98,0,10000,1011,6.52,77,180,2.05,98,0,10000,1011,6.52,77,180,2.05,98,0,10000,1011,6.52,77,180,2.05,98,0,10000,1011,6.52,77,180,2.05,98,0,10000,1011,6.52,77,180,2.05,98,0,10000,1011,6.52,77,180,2.05,98,0,10000,1011,6.52,77,180,2.05,98,0,10000,1011,6.52,77,180,2.05,98,0,10000,1011,6.52,77,180,2.05,98,0,10000,1011,6.52,77,180,2.05,98,0,10000
1018,10.84,62,60,1.54,100,0,10000,3,0,20,3,1010,6.8,81,195,3.12,99,0,10000,1010,6.8,81,195,3.12,99,0,10000,1010,6.8,81,195,3.12,99,0,10000,1010,6.8,81,195,3.12,99,0,10000,1010,6.8,81,195,3.12,99,0,10000,1010,6.8,81,195,3.12,99,0,10000,1010,6.8,81,195,3.12,99,0,10000,1010,6.8,81,195,3.12,99,0,10000,1010,6.8,81,195,3.12,99,0,10000,1010,6.8,81,195,3.12,99,0,10000,1010,6.8,81,195,3.12,99,0,10000,1010,6.8,81,195,3.12,99,0,10000
1018,10.84,62,60,1.54,100,0,10000,6,0,20,3,1009,9.25,76,212,6.25,100,0,10000,1009,9.25,76,212,6.25,100,0,10000,1009,9.25,76,212,6.25,100,0,10000,1009,9.25,76,212,6.25,100,0,10000,1009,9.25,76,212,6.25,100,0,10000,1009,9.25,76,212,6.25,100,0,10000,1009,9.25,76,212,6.25,100,0,10000,1009,9.25,76,212,6.25,100,0,10000,1009,9.25,76,212,6.25,100,0,10000,1009,9.25,76,212,6.25,100,0,10000,1009,9.25,76,212,6.25,100,0,10000,1009,9.25,76,212,6.25,100,0,10000
1018,10.84,62,60,1.54,100,0,10000,9,0,20,3,1018,10.55,63,305,2.8,100,0,10000,1018,10.55,63,305,2.8,100,0,10000,1018,10.55,63,305,2.8,100,0,10000,1018,10.55,63,305,2.8,100,0,10000,1018,10.55,63,305,2.8,100,0,10000,1018,10.55,63,305,2.8,100,0,10000,1018,10.55,63,305,2.8,100,0,10000,1018,10.55,63,305,2.8,100,0,10000,1018,10.55,63,305,2.8,100,0,10000,1018,10.55,63,305,2.8,100,0,10000,1018,10.55,63,305,2.8,100,0,10000,1018,10.55,63,305,2.8,100,0,10000
1018,10.84,62,60,1.54,100,0,10000,12,0,20,3,1017,10.47,64,323,3.19,88,0,10000,1017,10.47,64,323,3.19,88,0,10000,1017,10.47,64,323,3.19,88,0,10000,1017,10.47,64,323,3.19,88,0,10000,1017,10.47,64,323,3.19,88,0,10000,1017,10.47,64,323,3.19,88,0,10000,1017,10.47,64,323,3.19,88,0,10000,1017,10.47,64,323,3.19,88,0,10000,1017,10.47,64,323,3.19,88,0,10000,1017,10.47,64,323,3.19,88,0,10000,1017,10.47,64,323,3.19,88,0,10000,1017,10.47,64,323,3.19,88,0,10000
1018,10.84,62,60,1.54,100,0,10000,15,0,20,3,1015,8.86,75,21,3.04,61,0,10000,1015,8.86,75,21,3.04,61,0,10000,1015,8.86,75,21,3.04,61,0,10000,1015,8.86,75,21,3.04,61,0,10000,1015,8.86,75,21,3.04,61,0,10000,1015,8.86,75,21,3.04,61,0,10000,1015,8.86,75,21,3.04,61,0,10000,1015,8.86,75,21,3.04,61,0,10000,1015,8.86,75,21,3.04,61,0,10000,1015,8.86,75,21,3.04,61,0,10000,1015,8.86,75,21,3.04,61,0,10000,1015,8.86,75,21,3.04,61,0,10000
1018,10.84,62,60,1.54,100,0,10000,18,0,20,3,1015,6.65,78,14,0.82,67,0,10000,1015,6.65,78,14,0.82,67,0,10000,1015,6.65,78,14,0.82,67,0,10000,1015,6.65,78,14,0.82,67,0,10000,1015,6.65,78,14,0.82,67,0,10000,1015,6.65,78,14,0.82,67,0,10000,1015,6.65,78,14,0.82,67,0,10000,1015,6.65,78,14,0.82,67,0,10000,1015,6.65,78,14,0.82,67,0,10000,1015,6.65,78,14,0.82,67,0,10000,1015,6.65,78,14,0.82,67,0,10000,1015,6.65,78,14,0.82,67,0,10000
1018,10.84,62,60,1.54,100,0,10000,21,0,20,3,1014,6.33,79,158,1.22,64,0,10000,1014,6.33,79,158,1.22,64,0,10000,1014,6.33,79,158,1.22,64,0,10000,1014,6.33,79,158,1.22,64,0,10000,1014,6.33,79,158,1.22,64,0,10000,1014,6.33,79,158,1.22,64,0,10000,1014,6.33,79,158,1.22,64,0,10000,1014,6.33,79,158,1.22,64,0,10000,1014,6.33,79,158,1.22,64,0,10000,1014,6.33,79,158,1.22,64,0,10000,1014,6.33,79,158,1.22,64,0,10000,1014,6.33,79,158,1.22,64,0,10000
1018,10.84,62,60,1.54,100,0,10000,0,0,21,3,1011,6.52,77,180,2.05,98,0,10000,1011,6.52,77,180,2.05,98,0,10000,1011,6.52,77,180,2.05,98,0,10000,1011,6.52,77,180,2.05,98,0,10000,1011,6.52,77,180,2.05,98,0,10000,1011,6.52,77,180,2.05,98,0,10000,1011,6.52,77,180,2.05,98,0,10000,1011,6.52,77,180,2.05,98,0,10000,1011,6.52,77,180,2.05,98,0,10000,1011,6.52,77,180,2.05,98,0,10000,1011,6.52,77,180,2.05,98,0,10000,1011,6.52,77,180,2.05,98,0,10000
1018,10.84,62,60,1.54,100,0,10000,3,0,21,3,1010,6.8,81,195,3.12,99,0,10000,1010,6.8,81,195,3.12,99,0,10000,1010,6.8,81,195,3.12,99,0,10000,1010,6.8,81,195,3.12,99,0,10000,1010,6.8,81,195,3.12,99,0,10000,1010,6.8,81,195,3.12,99,0,10000,1010,6.8,81,195,3.12,99,0,10000,1010,6.8,81,195,3.12,99,0,10000,1010,6.8,81,195,3.12,99,0,10000,1010,6.8,81,195,3.12,99,0,10000,1010,6.8,81,195,3.12,99,0,10000,1010,6.8,81,195,3.12,99,0,10000
1018,10.84,62,60,1.54,100,0,10000,6,0,21,3,1009,9.25,76,212,6.25,100,0,10000,1009,9.25,76,212,6.25,100,0,10000,1009,9.25,76,212,6.25,100,0,10000,1009,9.25,76,212,6.25,100,0,10000,1009,9.25,76,212,6.25,100,0,10000,1009,9.25,76,212,6.25,100,0,10000,1009,9.25,76,212,6.25,100,0,10000,1009,9.25,76,212,6.25,100,0,10000,1009,9.25,76,212,6.25,100,0,10000,1009,9.25,76,212,6.25,100,0,10000,1009,9.25,76,212,6.25,100,0,10000,1009,9.25,76,212,6.25,100,0,10000
1018,10.84,62,60,1.54,100,0,10000,9,0,21,3,1018,10.55,63,305,2.8,100,0,10000,1018,10.55,63,305,2.8,100,0,10000,1018,10.55,63,305,2.8,100,0,10000,1018,10.55,63,305,2.8,100,0,10000,1018,10.55,63,305,2.8,100,0,10000,1018,10.55,63,305,2.8,100,0,10000,1018,10.55,63,305,2.8,100,0,10000,1018,10.55,63,305,2.8,100,0,10000,1018,10.55,63,305,2.8,100,0,10000,1018,10.55,63,305,2.8,100,0,10000,1018,10.55,63,305,2.8,100,0,10000,1018,10.55,63,305,2.8,100,0,10000
1018,10.84,62,60,1.54,100,0,10000,12,0,21,3,1017,10.47,64,323,3.19,88,0,10000,1017,10.47,64,323,3.19,88,0,10000,1017,10.47,64,323,3.19,88,0,10000,1017,10.47,64,323,3.19,88,0,10000,1017,10.47,64,323,3.19,88,0,10000,1017,10.47,64,323,3.19,88,0,10000,1017,10.47,64,323,3.19,88,0,10000,1017,10.47,64,323,3.19,88,0,10000,1017,10.47,64,323,3.19,88,0,10000,1017,10.47,64,323,3.19,88,0,10000,1017,10.47,64,323,3.19,88,0,10000,1017,10.47,64,323,3.19,88,0,10000
1018,10.84,62,60,1.54,100,0,10000,15,0,21,3,1015,8.86,75,21,3.04,61,0,10000,1015,8.86,75,21,3.04,61,0,10000,1015,8.86,75,21,3.04,61,0,10000,1015,8.86,75,21,3.04,61,0,10000,1015,8.86,75,21,3.04,61,0,10000,1015,8.86,75,21,3.04,61,0,10000,1015,8.86,75,21,3.04,61,0,10000,1015,8.86,75,21,3.04,61,0,10000,1015,8.86,75,21,3.04,61,0,10000,1015,8.86,75,21,3.04,61,0,10000,1015,8.86,75,21,3.04,61,0,10000,1015,8.86,75,21,3.04,61,0,10000
1018,10.84,62,60,1.54,100,0,10000,18,0,21,3,1015,6.65,78,14,0.82,67,0,10000,1015,6.65,78,14,0.82,67,0,10000,1015,6.65,78,14,0.82,67,0,10000,1015,6.65,78,14,0.82,67,0,10000,1015,6.65,78,14,0.82,67,0,10000,1015,6.65,78,14,0.82,67,0,10000,1015,6.65,78,14,0.82,67,0,10000,1015,6.65,78,14,0.82,67,0,10000,1015,6.65,78,14,0.82,67,0,10000,1015,6.65,78,14,0.82,67,0,10000,1015,6.65,78,14,0.82,67,0,10000,1015,6.65,78,14,0.82,67,0,10000
1018,10.84,62,60,1.54,100,0,10000,21,0,21,3,1014,6.33,79,158,1.22,64,0,10000,1014,6.33,79,158,1.22,64,0,10000,1014,6.33,79,158,1.22,64,0,10000,1014,6.33,79,158,1.22,64,0,10000,1014,6.33,79,158,1.22,64,0,10000,1014,6.33,79,158,1.22,64,0,10000,1014,6.33,79,158,1.22,64,0,10000,1014,6.33,79,158,1.22,64,0,10000,1014,6.33,79,158,1.22,64,0,10000,1014,6.33,79,158,1.22,64,0,10000,1014,6.33,79,158,1.22,64,0,10000,1014,6.33,79,158,1.22,64,0,10000
1018,10.84,62,60,1.54,100,0,10000,0,0,22,3,1011,6.52,77,180,2.05,98,0,10000,1011,6.52,77,180,2.05,98,0,10000,1011,6.52,77,180,2.05,98,0,10000,1011,6.52,77,180,2.05,98,0,10000,1011,6.52,77,180,2.05,98,0,10000,1011,6.52,77,180,2.05,98,0,10000,1011,6.52,77,180,2.05,98,0,10000,1011,6.52,77,180,2.05,98,0,10000,1011,6.52,77,180,2.05,98,0,10000,1011,6.52,77,180,2.05,98,0,10000,1011,6.52,77,180,2.05,98,0,10000,1011,6.52,77,180,2.05,98,0,10000
1018,10.84,62,60,1.54,100,0,10000,3,0,22,3,1010,6.8,81,195,3.12,99,0,10000,1010,6.8,81,195,3.12,99,0,10000,1010,6.8,81,195,3.12,99,0,10000,1010,6.8,81,195,3.12,99,0,10000,1010,6.8,81,195,3.12,99,0,10000,1010,6.8,81,195,3.12,99,0,10000,1010,6.8,81,195,3.12,99,0,10000,1010,6.8,81,195,3.12,99,0,10000,1010,6.8,81,195,3.12,99,0,10000,1010,6.8,81,195,3.12,99,0,10000,1010,6.8,81,195,3.12,99,0,10000,1010,6.8,81,195,3.12,99,0,10000
1018,10.84,62,60,1.54,100,0,10000,6,0,22,3,1009,9.25,76,212,6.25,100,0,10000,1009,9.25,76,212,6.25,100,0,10000,1009,9.25,76,212,6.25,100,0,10000,1009,9.25,76,212,6.25,100,0,10000,1009,9.25,76,212,6.25,100,0,10000,1009,9.25,76,212,6.25,100,0,10000,1009,9.25,76,212,6.25,100,0,10000,1009,9.25,76,212,6.25,100,0,10000,1009,9.25,76,212,6.25,100,0,10000,1009,9.25,76,212,6.25,100,0,10000,1009,9.25,76,212,6.25,100,0,10000,1009,9.25,76,212,6.25,100,0,10000
1018,10.84,62,60,1.54,100,0,10000,9,0,22,3,1018,10.55,63,305,2.8,100,0,10000,1018,10.55,63,305,2.8,100,0,10000,1018,10.55,63,305,2.8,100,0,10000,1018,10.55,63,305,2.8,100,0,10000,1018,10.55,63,305,2.8,100,0,10000,1018,10.55,63,305,2.8,100,0,10000,1018,10.55,63,305,2.8,100,0,10000,1018,10.55,63,305,2.8,100,0,10000,1018,10.55,63,305,2.8,100,0,10000,1018,10.55,63,305,2.8,100,0,10000,1018,10.55,63,305,2.8,100,0,10000,1018,10.55,63,305,2.8,100,0,10000
1018,10.84,62,60,1.54,100,0,10000,12,0,22,3,1017,10.47,64,323,3.19,88,0,10000,1017,10.47,64,323,3.19,88,0,10000,1017,10.47,64,323,3.19,88,0,10000,1017,10.47,64,323,3.19,88,0,10000,1017,10.47,64,323,3.19,88,0,10000,1017,10.47,64,323,3.19,88,0,10000,1017,10.47,64,323,3.19,88,0,10000,1017,10.47,64,323,3.19,88,0,10000,1017,10.47,64,323,3.19,88,0,10000,1017,10.47,64,323,3.19,88,0,10000,1017,10.47,64,323,3.19,88,0,10000,1017,10.47,64,323,3.19,88,0,10000
1018,10.84,62,60,1.54,100,0,10000,15,0,22,3,1015,8.86,75,21,3.04,61,0,10000,1015,8.86,75,21,3.04,61,0,10000,1015,8.86,75,21,3.04,61,0,10000,1015,8.86,75,21,3.04,61,0,10000,1015,8.86,75,21,3.04,61,0,10000,1015,8.86,75,21,3.04,61,0,10000,1015,8.86,75,21,3.04,61,0,10000,1015,8.86,75,21,3.04,61,0,10000,1015,8.86,75,21,3.04,61,0,10000,1015,8.86,75,21,3.04,61,0,10000,1015,8.86,75,21,3.04,61,0,10000,1015,8.86,75,21,3.04,61,0,10000
1018,10.84,62,60,1.54,100,0,10000,18,0,22,3,1015,6.65,78,14,0.82,67,0,10000,1015,6.65,78,14,0.82,67,0,10000,1015,6.65,78,14,0.82,67,0,10000,1015,6.65,78,14,0.82,67,0,10000,1015,6.65,78,14,0.82,67,0,10000,1015,6.65,78,14,0.82,67,0,10000,1015,6.65,78,14,0.82,67,0,10000,1015,6.65,78,14,0.82,67,0,10000,1015,6.65,78,14,0.82,67,0,10000,1015,6.65,78,14,0.82,67,0,10000,1015,6.65,78,14,0.82,67,0,10000,1015,6.65,78,14,0.82,67,0,10000
1018,10.84,62,60,1.54,100,0,10000,21,0,22,3,1014,6.33,79,158,1.22,64,0,10000,1014,6.33,79,158,1.22,64,0,10000,1014,6.33,79,158,1.22,64,0,10000,1014,6.33,79,158,1.22,64,0,10000,1014,6.33,79,158,1.22,64,0,10000,1014,6.33,79,158,1.22,64,0,10000,1014,6.33,79,158,1.22,64,0,10000,1014,6.33,79,158,1.22,64,0,10000,1014,6.33,79,158,1.22,64,0,10000,1014,6.33,79,158,1.22,64,0,10000,1014,6.33,79,158,1.22,64,0,10000,1014,6.33,79,158,1.22,64,0,10000
1018,10.84,62,60,1.54,100,0,10000,0,0,23,3,1011,6.52,77,180,2.05,98,0,10000,1011,6.52,77,180,2.05,98,0,10000,1011,6.52,77,180,2.05,98,0,10000,1011,6.52,77,180,2.05,98,0,10000,1011,6.52,77,180,2.05,98,0,10000,1011,6.52,77,180,2.05,98,0,10000,1011,6.52,77,180,2.05,98,0,10000,1011,6.52,77,180,2.05,98,0,10000,1011,6.52,77,180,2.05,98,0,10000,1011,6.52,77,180,2.05,98,0,10000,1011,6.52,77,180,2.05,98,0,10000,1011,6.52,77,180,2.05,98,0,10000
1018,10.84,62,60,1.54,100,0,10000,3,0,23,3,1010,6.8,81,195,3.12,99,0,10000,1010,6.8,81,195,3.12,99,0,10000,1010,6.8,81,195,3.12,99,0,10000,1010,6.8,81,195,3.12,99,0,10000,1010,6.8,81,195,3.12,99,0,10000,1010,6.8,81,195,3.12,99,0,10000,1010,6.8,81,195,3.12,99,0,10000,1010,6.8,81,195,3.12,99,0,10000,1010,6.8,81,195,3.12,99,0,10000,1010,6.8,81,195,3.12,99,0,10000,1010,6.8,81,195,3.12,99,0,10000,1010,6.8,81,195,3.12,99,0,10000
1018,10.84,62,60,1.54,100,0,10000,6,0,23,3,1009,9.25,76,212,6.25,100,0,10000,1009,9.25,76,212,6.25,100,0,10000,1009,9.25,76,212,6.25,100,0,10000,1009,9.25,76,212,6.25,100,0,10000,1009,9.25,76,212,6.25,100,0,10000,1009,9.25,76,212,6.25,100,0,10000,1009,9.25,76,212,6.25,100,0,10000,1009,9.25,76,212,6.25,100,0,10000,1009,9.25,76,212,6.25,100,0,10000,1009,9.25,76,212,6.25,100,0,10000,1009,9.25,76,212,6.25,100,0,10000,1009,9.25,76,212,6.25,100,0,10000
1018,10.84,62,60,1.54,100,0,10000,9,0,23,3,1018,10.55,63,305,2.8,100,0,10000,1018,10.55,63,305,2.8,100,0,10000,1018,10.55,63,305,2.8,100,0,10000,1018,10.55,63,305,2.8,100,0,10000,1018,10.55,63,305,2.8,100,0,10000,1018,10.55,63,305,2.8,100,0,10000,1018,10.55,63,305,2.8,100,0,10000,1018,10.55,63,305,2.8,100,0,10000,1018,10.55,63,305,2.8,100,0,10000,1018,10.55,63,305,2.8,100,0,10000,1018,10.55,63,305,2.8,100,0,10000,1018,10.55,63,305,2.8,100,0,10000
1018,10.84,62,60,1.54,100,0,10000,12,0,23,3,1017,10.47,64,323,3.19,88,0,10000,1017,10.47,64,323,3.19,88,0,10000,1017,10.47,64,323,3.19,88,0,10000,1017,10.47,64,323,3.19,88,0,10000,1017,10.47,64,323,3.19,88,0,10000,1017,10.47,64,323,3.19,88,0,10000,1017,10.47,64,323,3.19,88,0,10000,1017,10.47,64,323,3.19,88,0,10000,1017,10.47,64,323,3.19,88,0,10000,1017,10.47,64,323,3.19,88,0,10000,1017,10.47,64,323,3.19,88,0,10000,1017,10.47,64,323,3.19,88,0,10000
1018,10.84,62,60,1.54,100,0,10000,15,0,23,3,1015,8.86,75,21,3.04,61,0,10000,1015,8.86,75,21,3.04,61,0,10000,1015,8.86,75,21,3.04,61,0,10000,1015,8.86,75,21,3.04,61,0,10000,1015,8.86,75,21,3.04,61,0,10000,1015,8.86,75,21,3.04,61,0,10000,1015,8.86,75,21,3.04,61,0,10000,1015,8.86,75,21,3.04,61,0,10000,1015,8.86,75,21,3.04,61,0,10000,1015,8.86,75,21,3.04,61,0,10000,1015,8.86,75,21,3.04,61,0,10000,1015,8.86,75,21,3.04,61,0,10000
1018,10.84,62,60,1.54,100,0,10000,18,0,23,3,1015,6.65,78,14,0.82,67,0,10000,1015,6.65,78,14,0.82,67,0,10000,1015,6.65,78,14,0.82,67,0,10000,1015,6.65,78,14,0.82,67,0,10000,1015,6.65,78,14,0.82,67,0,10000,1015,6.65,78,14,0.82,67,0,10000,1015,6.65,78,14,0.82,67,0,10000,1015,6.65,78,14,0.82,67,0,10000,1015,6.65,78,14,0.82,67,0,10000,1015,6.65,78,14,0.82,67,0,10000,1015,6.65,78,14,0.82,67,0,10000,1015,6.65,78,14,0.82,67,0,10000
1018,10.84,62,60,1.54,100,0,10000,21,0,23,3,1014,6.33,79,158,1.22,64,0,10000,1014,6.33,79,158,1.22,64,0,10000,1014,6.33,79,158,1.22,64,0,10000,1014,6.33,79,158,1.22,64,0,10000,1014,6.33,79,158,1.22,64,0,10000,1014,6.33,79,158,1.22,64,0,10000,1014,6.33,79,158,1.22,64,0,10000,1014,6.33,79,158,1.22,64,0,10000,1014,6.33,79,158,1.22,64,0,10000,1014,6.33,79,158,1.22,64,0,10000,1014,6.33,79,158,1.22,64,0,10000,1014,6.33,79,158,1.22,64,0,10000
1018,10.84,62,60,1.54,100,0,10000,0,0,24,3,1011,6.52,77,180,2.05,98,0,10000,1011,6.52,77,180,2.05,98,0,10000,1011,6.52,77,180,2.05,98,0,10000,1011,6.52,77,180,2.05,98,0,10000,1011,6.52,77,180,2.05,98,0,10000,1011,6.52,77,180,2.05,98,0,10000,1011,6.52,77,180,2.05,98,0,10000,1011,6.52,77,180,2.05,98,0,10000,1011,6.52,77,180,2.05,98,0,10000,1011,6.52,77,180,2.05,98,0,10000,1011,6.52,77,180,2.05,98,0,10000,1011,6.52,77,180,2.05,98,0,10000
1018,10.84,62,60,1.54,100,0,10000,3,0,24,3,1010,6.8,81,195,3.12,99,0,10000,1010,6.8,81,195,3.12,99,0,10000,1010,6.8,81,195,3.12,99,0,10000,1010,6.8,81,195,3.12,99,0,10000,1010,6.8,81,195,3.12,99,0,10000,1010,6.8,81,195,3.12,99,0,10000,1010,6.8,81,195,3.12,99,0,10000,1010,6.8,81,195,3.12,99,0,10000,1010,6.8,81,195,3.12,99,0,10000,1010,6.8,81,195,3.12,99,0,10000,1010,6.8,81,195,3.12,99,0,10000,1010,6.8,81,195,3.12,99,0,10000
1018,10.84,62,60,1.54,100,0,10000,6,0,24,3,1009,9.25,76,212,6.25,100,0,10000,1009,9.25,76,212,6.25,100,0,10000,1009,9.25,76,212,6.25,100,0,10000,1009,9.25,76,212,6.25,100,0,10000,1009,9.25,76,212,6.25,100,0,10000,1009,9.25,76,212,6.25,100,0,10000,1009,9.25,76,212,6.25,100,0,10000,1009,9.25,76,212,6.25,100,0,10000,1009,9.25,76,212,6.25,100,0,10000,1009,9.25,76,212,6.25,100,0,10000,1009,9.25,76,212,6.25,100,0,10000,1009,9.25,76,212,6.25,100,0,10000
1018,10.84,62,60,1.54,100,0,10000,9,0,24,3,1018,10.55,63,305,2.8,100,0,10000,1018,10.55,63,305,2.8,100,0,10000,1018,10.55,63,305,2.8,100,0,10000,1018,10.55,63,305,2.8,100,0,10000,1018,10.55,63,305,2.8,100,0,10000,1018,10.55,63,305,2.8,100,0,10000,1018,10.55,63,305,2.8,100,0,10000,1018,10.55,63,305,2.8,100,0,10000,1018,10.55,63,305,2.8,100,0,10000,1018,10.55,63,305,2.8,100,0,10000,1018,10.55,63,305,2.8,100,0,10000,1018,10.55,63,305,2.8,100,0,10000
1018,10.84,62,60,1.54,100,0,10000,12,0,24,3,1017,10.47,64,323,3.19,88,0,10000,1017,10.47,64,323,3.19,88,0,10000,1017,10.47,64,323,3.19,88,0,10000,1017,10.47,64,323,3.19,88,0,10000,1017,10.47,64,323,3.19,88,0,10000,1017,10.47,64,323,3.19,88,0,10000,1017,10.47,64,323,3.19,88,0,10000,1017,10.47,64,323,3.19,88,0,10000,1017,10.47,64,323,3.19,88,0,10000,1017,10.47,64,323,3.19,88,0,10000,1017,10.47,64,323,3.19,88,0,10000,1017,10.47,64,323,3.19,88,0,10000
1018,10.84,62,60,1.54,100,0,10000,15,0,24,3,1015,8.86,75,21,3.04,61,0,10000,1015,8.86,75,21,3.04,61,0,10000,1015,8.86,75,21,3.04,61,0,10000,1015,8.86,75,21,3.04,61,0,10000,1015,8.86,75,21,3.04,61,0,10000,1015,8.86,75,21,3.04,61,0,10000,1015,8.86,75,21,3.04,61,0,10000,1015,8.86,75,21,3.04,61,0,10000,1015,8.86,75,21,3.04,61,0,10000,1015,8.86,75,21,3.04,61,0,10000,1015,8.86,75,21,3.04,61,0,10000,1015,8.86,75,21,3.04,61,0,10000
1018,10.84,62,60,1.54,100,0,10000,18,0,24,3,1015,6.65,78,14,0.82,67,0,10000,1015,6.65,78,14,0.82,67,0,10000,1015,6.65,78,14,0.82,67,0,10000,1015,6.65,78,14,0.82,67,0,10000,1015,6.65,78,14,0.82,67,0,10000,1015,6.65,78,14,0.82,67,0,10000,1015,6.65,78,14,0.82,67,0,10000,1015,6.65,78,14,0.82,67,0,10000,1015,6.65,78,14,0.82,67,0,10000,1015,6.65,78,14,0.82,67,0,10000,1015,6.65,78,14,0.82,67,0,10000,1015,6.65,78,14,0.82,67,0,10000
1018,10.84,62,60,1.54,100,0,10000,21,0,24,3,1014,6.33,79,158,1.22,64,0,10000,1014,6.33,79,158,1.22,64,0,10000,1014,6.33,79,158,1.22,64,0,10000,1014,6.33,79,158,1.22,64,0,10000,1014,6.33,79,158,1.22,64,0,10000,1014,6.33,79,158,1.22,64,0,10000,1014,6.33,79,158,1.22,64,0,10000,1014,6.33,79,158,1.22,64,0,10000,1014,6.33,79,158,1.22,64,0,10000,1014,6.33,79,158,1.22,64,0,10000,1014,6.33,79,158,1.22,64,0,10000,1014,6.33,79,158,1.22,64,0,10000
1018,10.84,62,60,1.54,100,0,10000,0,0,25,3,1011,6.52,77,180,2.05,98,0,10000,1011,6.52,77,180,2.05,98,0,10000,1011,6.52,77,180,2.05,98,0,10000,1011,6.52,77,180,2.05,98,0,10000,1011,6.52,77,180,2.05,98,0,10000,1011,6.52,77,180,2.05,98,0,10000,1011,6.52,77,180,2.05,98,0,10000,1011,6.52,77,180,2.05,98,0,10000,1011,6.52,77,180,2.05,98,0,10000,1011,6.52,77,180,2.05,98,0,10000,1011,6.52,77,180,2.05,98,0,10000,1011,6.52,77,180,2.05,98,0,10000
1018,10.84,62,60,1.54,100,0,10000,3,0,25,3,1010,6.8,81,195,3.12,99,0,10000,1010,6.8,81,195,3.12,99,0,10000,1010,6.8,81,195,3.12,99,0,10000,1010,6.8,81,195,3.12,99,0,10000,1010,6.8,81,195,3.12,99,0,10000,1010,6.8,81,195,3.12,99,0,10000,1010,6.8,81,195,3.12,99,0,10000,1010,6.8,81,195,3.12,99,0,10000,1010,6.8,81,195,3.12,99,0,10000,1010,6.8,81,195,3.12,99,0,10000,1010,6.8,81,195,3.12,99,0,10000,1010,6.8,81,195,3.12,99,0,10000
1018,10.84,62,60,1.54,100,0,10000,6,0,25,3,1009,9.25,76,212,6.25,100,0,10000,1009,9.25,76,212,6.25,100,0,10000,1009,9.25,76,212,6.25,100,0,10000,1009,9.25,76,212,6.25,100,0,10000,1009,9.25,76,212,6.25,100,0,10000,1009,9.25,76,212,6.25,100,0,10000,1009,9.25,76,212,6.25,100,0,10000,1009,9.25,76,212,6.25,100,0,10000,1009,9.25,76,212,6.25,100,0,10000,1009,9.25,76,212,6.25,100,0,10000,1009,9.25,76,212,6.25,100,0,10000,1009,9.25,76,212,6.25,100,0,10000
1018,10.84,62,60,1.54,100,0,10000,9,0,25,3,1018,10.55,63,305,2.8,100,0,10000,1018,10.55,63,305,2.8,100,0,10000,1018,10.55,63,305,2.8,100,0,10000,1018,10.55,63,305,2.8,100,0,10000,1018,10.55,63,305,2.8,100,0,10000,1018,10.55,63,305,2.8,100,0,10000,1018,10.55,63,305,2.8,100,0,10000,1018,10.55,63,305,2.8,100,0,10000,1018,10.55,63,305,2.8,100,0,10000,1018,10.55,63,305,2.8,100,0,10000,1018,10.55,63,305,2.8,100,0,10000,1018,10.55,63,305,2.8,100,0,10000
1018,10.84,62,60,1.54,100,0,10000,12,0,25,3,1017,10.47,64,323,3.19,88,0,10000,1017,10.47,64,323,3.19,88,0,10000,1017,10.47,64,323,3.19,88,0,10000,1017,10.47,64,323,3.19,88,0,10000,1017,10.47,64,323,3.19,88,0,10000,1017,10.47,64,323,3.19,88,0,10000,1017,10.47,64,323,3.19,88,0,10000,1017,10.47,64,323,3.19,88,0,10000,1017,10.47,64,323,3.19,88,0,10000,1017,10.47,64,323,3.19,88,0,10000,1017,10.47,64,323,3.19,88,0,10000,1017,10.47,64,323,3.19,88,0,10000
1018,10.84,62,60,1.54,100,0,10000,15,0,25,3,1015,8.86,75,21,3.04,61,0,10000,1015,8.86,75,21,3.04,61,0,10000,1015,8.86,75,21,3.04,61,0,10000,1015,8.86,75,21,3.04,61,0,10000,1015,8.86,75,21,3.04,61,0,10000,1015,8.86,75,21,3.04,61,0,10000,1015,8.86,75,21,3.04,61,0,10000,1015,8.86,75,21,3.04,61,0,10000,1015,8.86,75,21,3.04,61,0,10000,1015,8.86,75,21,3.04,61,0,10000,1015,8.86,75,21,3.04,61,0,10000,1015,8.86,75,21,3.04,61,0,10000
1018,10.84,62,60,1.54,100,0,10000,18,0,25,3,1015,6.65,78,14,0.82,67,0,10000,1015,6.65,78,14,0.82,67,0,10000,1015,6.65,78,14,0.82,67,0,10000,1015,6.65,78,14,0.82,67,0,10000,1015,6.65,78,14,0.82,67,0,10000,1015,6.65,78,14,0.82,67,0,10000,1015,6.65,78,14,0.82,67,0,10000,1015,6.65,78,14,0.82,67,0,10000,1015,6.65,78,14,0.82,67,0,10000,1015,6.65,78,14,0.82,67,0,10000,1015,6.65,78,14,0.82,67,0,10000,1015,6.65,78,14,0.82,67,0,10000
1018,10.84,62,60,1.54,100,0,10000,21,0,25,3,1014,6.33,79,158,1.22,64,0,10000,1014,6.33,79,158,1.22,64,0,10000,1014,6.33,79,158,1.22,64,0,10000,1014,6.33,79,158,1.22,64,0,10000,1014,6.33,79,158,1.22,64,0,10000,1014,6.33,79,158,1.22,64,0,10000,1014,6.33,79,158,1.22,64,0,10000,1014,6.33,79,158,1.22,64,0,10000,1014,6.33,79,158,1.22,64,0,10000,1014,6.33,79,158,1.22,64,0,10000,1014,6.33,79,158,1.22,64,0,10000,1014,6.33,79,158,1.22,64,0,10000
1018,10.84,62,60,1.54,100,0,10000,0,0,26,3,1011,6.52,77,180,2.05,98,0,10000,1011,6.52,77,180,2.05,98,0,10000,1011,6.52,77,180,2.05,98,0,10000,1011,6.52,77,180,2.05,98,0,10000,1011,6.52,77,180,2.05,98,0,10000,1011,6.52,77,180,2.05,98,0,10000,1011,6.52,77,180,2.05,98,0,10000,1011,6.52,77,180,2.05,98,0,10000,1011,6.52,77,180,2.05,98,0,10000,1011,6.52,77,180,2.05,98,0,10000,1011,6.52,77,180,2.05,98,0,10000,1011,6.52,77,180,2.05,98,0,10000
1018,10.84,62,60,1.54,100,0,10000,3,0,26,3,1010,6.8,81,195,3.12,99,0,10000,1010,6.8,81,195,3.12,99,0,10000,1010,6.8,81,195,3.12,99,0,10000,1010,6.8,81,195,3.12,99,0,10000,1010,6.8,81,195,3.12,99,0,10000,1010,6.8,81,195,3.12,99,0,10000,1010,6.8,81,195,3.12,99,0,10000,1010,6.8,81,195,3.12,99,0,10000,1010,6.8,81,195,3.12,99,0,10000,1010,6.8,81,195,3.12,99,0,10000,1010,6.8,81,195,3.12,99,0,10000,1010,6.8,81,195,3.12,99,0,10000
1018,10.84,62,60,1.54,100,0,10000,6,0,26,3,1009,9.25,76,212,6.25,100,0,10000,1009,9.25,76,212,6.25,100,0,10000,1009,9.25,76,212,6.25,100,0,10000,1009,9.25,76,212,6.25,100,0,10000,1009,9.25,76,212,6.25,100,0,10000,1009,9.25,76,212,6.25,100,0,10000,1009,9.25,76,212,6.25,100,0,10000,1009,9.25,76,212,6.25,100,0,10000,1009,9.25,76,212,6.25,100,0,10000,1009,9.25,76,212,6.25,100,0,10000,1009,9.25,76,212,6.25,100,0,10000,1009,9.25,76,212,6.25,100,0,10000
1018,10.84,62,60,1.54,100,0,10000,9,0,26,3,1018,10.55,63,305,2.8,100,0,10000,1018,10.55,63,305,2.8,100,0,10000,1018,10.55,63,305,2.8,100,0,10000,1018,10.55,63,305,2.8,100,0,10000,1018,10.55,63,305,2.8,100,0,10000,1018,10.55,63,305,2.8,100,0,10000,1018,10.55,63,305,2.8,100,0,10000,1018,10.55,63,305,2.8,100,0,10000,1018,10.55,63,305,2.8,100,0,10000,1018,10.55,63,305,2.8,100,0,10000,1018,10.55,63,305,2.8,100,0,10000,1018,10.55,63,305,2.8,100,0,10000
1018,10.84,62,60,1.54,100,0,10000,12,0,26,3,1017,10.47,64,323,3.19,88,0,10000,1017,10.47,64,323,3.19,88,0,10000,1017,10.47,64,323,3.19,88,0,10000,1017,10.47,64,323,3.19,88,0,10000,1017,10.47,64,323,3.19,88,0,10000,1017,10.47,64,323,3.19,88,0,10000,1017,10.47,64,323,3.19,88,0,10000,1017,10.47,64,323,3.19,88,0,10000,1017,10.47,64,323,3.19,88,0,10000,1017,10.47,64,323,3.19,88,0,10000,1017,10.47,64,323,3.19,88,0,10000,1017,10.47,64,323,3.19,88,0,10000
1018,10.84,62,60,1.54,100,0,10000,15,0,26,3,1015,8.86,75,21,3.04,61,0,10000,1015,8.86,75,21,3.04,61,0,10000,1015,8.86,75,21,3.04,61,0,10000,1015,8.86,75,21,3.04,61,0,10000,1015,8.86,75,21,3.04,61,0,10000,1015,8.86,75,21,3.04,61,0,10000,1015,8.86,75,21,3.04,61,0,10000,1015,8.86,75,21,3.04,61,0,10000,1015,8.86,75,21,3.04,61,0,10000,1015,8.86,75,21,3.04,61,0,10000,1015,8.86,75,21,3.04,61,0,10000,1015,8.86,75,21,3.04,61,0,10000
1018,10.84,62,60,1.54,100,0,10000,18,0,26,3,1015,6.65,78,14,0.82,67,0,10000,1015,6.65,78,14,0.82,67,0,10000,1015,6.65,78,14,0.82,67,0,10000,1015,6.65,78,14,0.82,67,0,10000,1015,6.65,78,14,0.82,67,0,10000,1015,6.65,78,14,0.82,67,0,10000,1015,6.65,78,14,0.82,67,0,10000,1015,6.65,78,14,0.82,67,0,10000,1015,6.65,78,14,0.82,67,0,10000,1015,6.65,78,14,0.82,67,0,10000,1015,6.65,78,14,0.82,67,0,10000,1015,6.65,78,14,0.82,67,0,10000
1018,10.84,62,60,1.54,100,0,10000,21,0,26,3,1014,6.33,79,158,1.22,64,0,10000,1014,6.33,79,158,1.22,64,0,10000,1014,6.33,79,158,1.22,64,0,10000,1014,6.33,79,158,1.22,64,0,10000,1014,6.33,79,158,1.22,64,0,10000,1014,6.33,79,158,1.22,64,0,10000,1014,6.33,79,158,1.22,64,0,10000,1014,6.33,79,158,1.22,64,0,10000,1014,6.33,79,158,1.22,64,0,10000,1014,6.33,79,158,1.22,64,0,10000,1014,6.33,79,158,1.22,64,0,10000,1014,6.33,79,158,1.22,64,0,10000
1018,10.84,62,60,1.54,100,0,10000,0,0,27,3,1011,6.52,77,180,2.05,98,0,10000,1011,6.52,77,180,2.05,98,0,10000,1011,6.52,77,180,2.05,98,0,10000,1011,6.52,77,180,2.05,98,0,10000,1011,6.52,77,180,2.05,98,0,10000,1011,6.52,77,180,2.05,98,0,10000,1011,6.52,77,180,2.05,98,0,10000,1011,6.52,77,180,2.05,98,0,10000,1011,6.52,77,180,2.05,98,0,10000,1011,6.52,77,180,2.05,98,0,10000,1011,6.52,77,180,2.05,98,0,10000,1011,6.52,77,180,2.05,98,0,10000
1018,10.84,62,60,1.54,100,0,10000,3,0,27,3,1010,6.8,81,195,3.12,99,0,10000,1010,6.8,81,195,3.12,99,0,10000,1010,6.8,81,195,3.12,99,0,10000,1010,6.8,81,195,3.12,99,0,10000,1010,6.8,81,195,3.12,99,0,10000,1010,6.8,81,195,3.12,99,0,10000,1010,6.8,81,195,3.12,99,0,10000,1010,6.8,81,195,3.12,99,0,10000,1010,6.8,81,195,3.12,99,0,10000,1010,6.8,81,195,3.12,99,0,10000,1010,6.8,81,195,3.12,99,0,10000,1010,6.8,81,195,3.12,99,0,10000
1018,10.84,62,60,1.54,100,0,10000,6,0,27,3,1009,9.25,76,212,6.25,100,0,10000,1009,9.25,76,212,6.25,100,0,10000,1009,9.25,76,212,6.25,100,0,10000,1009,9.25,76,212,6.25,100,0,10000,1009,9.25,76,212,6.25,100,0,10000,1009,9.25,76,212,6.25,100,0,10000,1009,9.25,76,212,6.25,100,0,10000,1009,9.25,76,212,6.25,100,0,10000,1009,9.25,76,212,6.25,100,0,10000,1009,9.25,76,212,6.25,100,0,10000,1009,9.25,76,212,6.25,100,0,10000,1009,9.25,76,212,6.25,100,0,10000
1018,10.84,62,60,1.54,100,0,10000,9,0,27,3,1018,10.55,63,305,2.8,100,0,10000,1018,10.55,63,305,2.8,100,0,10000,1018,10.55,63,305,2.8,100,0,10000,1018,10.55,63,305,2.8,100,0,10000,1018,10.55,63,305,2.8,100,0,10000,1018,10.55,63,305,2.8,100,0,10000,1018,10.55,63,305,2.8,100,0,10000,1018,10.55,63,305,2.8,100,0,10000,1018,10.55,63,305,2.8,100,0,10000,1018,10.55,63,305,2.8,100,0,10000,1018,10.55,63,305,2.8,100,0,10000,1018,10.55,63,305,2.8,100,0,10000
1018,10.84,62,60,1.54,100,0,10000,12,0,27,3,1017,10.47,64,323,3.19,88,0,10000,1017,10.47,64,323,3.19,88,0,10000,1017,10.47,64,323,3.19,88,0,10000,1017,10.47,64,323,3.19,88,0,10000,1017,10.47,64,323,3.19,88,0,10000,1017,10.47,64,323,3.19,88,0,10000,1017,10.47,64,323,3.19,88,0,10000,1017,10.47,64,323,3.19,88,0,10000,1017,10.47,64,323,3.19,88,0,10000,1017,10.47,64,323,3.19,88,0,10000,1017,10.47,64,323,3.19,88,0,10000,1017,10.47,64,323,3.19,88,0,10000
1018,10.84,62,60,1.54,100,0,10000,15,0,27,3,1015,8.86,75,21,3.04,61,0,10000,1015,8.86,75,21,3.04,61,0,10000,1015,8.86,75,21,3.04,61,0,10000,1015,8.86,75,21,3.04,61,0,10000,1015,8.86,75,21,3.04,61,0,10000,1015,8.86,75,21,3.04,61,0,10000,1015,8.86,75,21,3.04,61,0,10000,1015,8.86,75,21,3.04,61,0,10000,1015,8.86,75,21,3.04,61,0,10000,1015,8.86,75,21,3.04,61,0,10000,1015,8.86,75,21,3.04,61,0,10000,1015,8.86,75,21,3.04,61,0,10000
1018,10.84,62,60,1.54,100,0,10000,18,0,27,3,1015,6.65,78,14,0.82,67,0,10000,1015,6.65,78,14,0.82,67,0,10000,1015,6.65,78,14,0.82,67,0,10000,1015,6.65,78,14,0.82,67,0,10000,1015,6.65,78,14,0.82,67,0,10000,1015,6.65,78,14,0.82,67,0,10000,1015,6.65,78,14,0.82,67,0,10000,1015,6.65,78,14,0.82,67,0,10000,1015,6.65,78,14,0.82,67,0,10000,1015,6.65,78,14,0.82,67,0,10000,1015,6.65,78,14,0.82,67,0,10000,1015,6.65,78,14,0.82,67,0,10000
1018,10.84,62,60,1.54,100,0,10000,21,0,27,3,1014,6.33,79,158,1.22,64,0,10000,1014,6.33,79,158,1.22,64,0,10000,1014,6.33,79,158,1.22,64,0,10000,1014,6.33,79,158,1.22,64,0,10000,1014,6.33,79,158,1.22,64,0,10000,1014,6.33,79,158,1.22,64,0,10000,1014,6.33,79,158,1.22,64,0,10000,1014,6.33,79,158,1.22,64,0,10000,1014,6.33,79,158,1.22,64,0,10000,1014,6.33,79,158,1.22,64,0,10000,1014,6.33,79,158,1.22,64,0,10000,1014,6.33,79,158,1.22,64,0,10000
1018,10.84,62,60,1.54,100,0,10000,0,0,28,3,1011,6.52,77,180,2.05,98,0,10000,1011,6.52,77,180,2.05,98,0,10000,1011,6.52,77,180,2.05,98,0,10000,1011,6.52,77,180,2.05,98,0,10000,1011,6.52,77,180,2.05,98,0,10000,1011,6.52,77,180,2.05,98,0,10000,1011,6.52,77,180,2.05,98,0,10000,1011,6.52,77,180,2.05,98,0,10000,1011,6.52,77,180,2.05,98,0,10000,1011,6.52,77,180,2.05,98,0,10000,1011,6.52,77,180,2.05,98,0,10000,1011,6.52,77,180,2.05,98,0,10000
1018,10.84,62,60,1.54,100,0,10000,3,0,28,3,1010,6.8,81,195,3.12,99,0,10000,1010,6.8,81,195,3.12,99,0,10000,1010,6.8,81,195,3.12,99,0,10000,1010,6.8,81,195,3.12,99,0,10000,1010,6.8,81,195,3.12,99,0,10000,1010,6.8,81,195,3.12,99,0,10000,1010,6.8,81,195,3.12,99,0,10000,1010,6.8,81,195,3.12,99,0,10000,1010,6.8,81,195,3.12,99,0,10000,1010,6.8,81,195,3.12,99,0,10000,1010,6.8,81,195,3.12,99,0,10000,1010,6.8,81,195,3.12,99,0,10000
1018,10.84,62,60,1.54,100,0,10000,6,0,28,3,1009,9.25,76,212,6.25,100,0,10000,1009,9.25,76,212,6.25,100,0,10000,1009,9.25,76,212,6.25,100,0,10000,1009,9.25,76,212,6.25,100,0,10000,1009,9.25,76,212,6.25,100,0,10000,1009,9.25,76,212,6.25,100,0,10000,1009,9.25,76,212,6.25,100,0,10000,1009,9.25,76,212,6.25,100,0,10000,1009,9.25,76,212,6.25,100,0,10000,1009,9.25,76,212,6.25,100,0,10000,1009,9.25,76,212,6.25,100,0,10000,1009,9.25,76,212,6.25,100,0,10000
1018,10.84,62,60,1.54,100,0,10000,9,0,28,3,1018,10.55,63,305,2.8,100,0,10000,1018,10.55,63,305,2.8,100,0,10000,1018,10.55,63,305,2.8,100,0,10000,1018,10.55,63,305,2.8,100,0,10000,1018,10.55,63,305,2.8,100,0,10000,1018,10.55,63,305,2.8,100,0,10000,1018,10.55,63,305,2.8,100,0,10000,1018,10.55,63,305,2.8,100,0,10000,1018,10.55,63,305,2.8,100,0,10000,1018,10.55,63,305,2.8,100,0,10000,1018,10.55,63,305,2.8,100,0,10000,1018,10.55,63,305,2.8,100,0,10000
1018,10.84,62,60,1.54,100,0,10000,12,0,28,3,1017,10.47,64,323,3.19,88,0,10000,1017,10.47,64,323,3.19,88,0,10000,1017,10.47,64,323,3.19,88,0,10000,1017,10.47,64,323,3.19,88,0,10000,1017,10.47,64,323,3.19,88,0,10000,1017,10.47,64,323,3.19,88,0,10000,1017,10.47,64,323,3.19,88,0,10000,1017,10.47,64,323,3.19,88,0,10000,1017,10.47,64,323,3.19,88,0,10000,1017,10.47,64,323,3.19,88,0,10000,1017,10.47,64,323,3.19,88,0,10000,1017,10.47,64,323,3.19,88,0,10000
1018,10.84,62,60,1.54,100,0,10000,15,0,28,3,1015,8.86,75,21,3.04,61,0,10000,1015,8.86,75,21,3.04,61,0,10000,1015,8.86,75,21,3.04,61,0,10000,1015,8.86,75,21,3.04,61,0,10000,1015,8.86,75,21,3.04,61,0,10000,1015,8.86,75,21,3.04,61,0,10000,1015,8.86,75,21,3.04,61,0,10000,1015,8.86,75,21,3.04,61,0,10000,1015,8.86,75,21,3.04,61,0,10000,1015,8.86,75,21,3.04,61,0,10000,1015,8.86,75,21,3.04,61,0,10000,1015,8.86,75,21,3.04,61,0,10000
1018,10.84,62,60,1.54,100,0,10000,18,0,28,3,1015,6.65,78,14,0.82,67,0,10000,1015,6.65,78,14,0.82,67,0,10000,1015,6.65,78,14,0.82,67,0,10000,1015,6.65,78,14,0.82,67,0,10000,1015,6.65,78,14,0.82,67,0,10000,1015,6.65,78,14,0.82,67,0,10000,1015,6.65,78,14,0.82,67,0,10000,1015,6.65,78,14,0.82,67,0,10000,1015,6.65,78,14,0.82,67,0,10000,1015,6.65,78,14,0.82,67,0,10000,1015,6.65,78,14,0.82,67,0,10000,1015,6.65,78,14,0.82,67,0,10000
1018,10.84,62,60,1.54,100,0,10000,21,0,28,3,1014,6.33,79,158,1.22,64,0,10000,1014,6.33,79,158,1.22,64,0,10000,1014,6.33,79,158,1.22,64,0,10000,1014,6.33,79,158,1.22,64,0,10000,1014,6.33,79,158,1.22,64,0,10000,1014,6.33,79,158,1.22,64,0,10000,1014,6.33,79,158,1.22,64,0,10000,1014,6.33,79,158,1.22,64,0,10000,1014,6.33,79,158,1.22,64,0,10000,1014,6.33,79,158,1.22,64,0,10000,1014,6.33,79,158,1.22,64,0,10000,1014,6.33,79,158,1.22,64,0,10000
1018,10.84,62,60,1.54,100,0,10000,0,0,29,3,1011,6.52,77,180,2.05,98,0,10000,1011,6.52,77,180,2.05,98,0,10000,1011,6.52,77,180,2.05,98,0,10000,1011,6.52,77,180,2.05,98,0,10000,1011,6.52,77,180,2.05,98,0,10000,1011,6.52,77,180,2.05,98,0,10000,1011,6.52,77,180,2.05,98,0,10000,1011,6.52,77,180,2.05,98,0,10000,1011,6.52,77,180,2.05,98,0,10000,1011,6.52,77,180,2.05,98,0,10000,1011,6.52,77,180,2.05,98,0,10000,1011,6.52,77,180,2.05,98,0,10000
1018,10.84,62,60,1.54,100,0,10000,3,0,29,3,1010,6.8,81,195,3.12,99,0,10000,1010,6.8,81,195,3.12,99,0,10000,1010,6.8,81,195,3.12,99,0,10000,1010,6.8,81,195,3.12,99,0,10000,1010,6.8,81,195,3.12,99,0,10000,1010,6.8,81,195,3.12,99,0,10000,1010,6.8,81,195,3.12,99,0,10000,1010,6.8,81,195,3.12,99,0,10000,1010,6.8,81,195,3.12,99,0,10000,1010,6.8,81,195,3.12,99,0,10000,1010,6.8,81,195,3.12,99,0,10000,1010,6.8,81,195,3.12,99,0,10000
1018,10.84,62,60,1.54,100,0,10000,6,0,29,3,1009,9.25,76,212,6.25,100,0,10000,1009,9.25,76,212,6.25,100,0,10000,1009,9.25,76,212,6.25,100,0,10000,1009,9.25,76,212,6.25,100,0,10000,1009,9.25,76,212,6.25,100,0,10000,1009,9.25,76,212,6.25,100,0,10000,1009,9.25,76,212,6.25,100,0,10000,1009,9.25,76,212,6.25,100,0,10000,1009,9.25,76,212,6.25,100,0,10000,1009,9.25,76,212,6.25,100,0,10000,1009,9.25,76,212,6.25,100,0,10000,1009,9.25,76,212,6.25,100,0,10000
1018,10.84,62,60,1.54,100,0,10000,9,0,29,3,1018,10.55,63,305,2.8,100,0,10000,1018,10.55,63,305,2.8,100,0,10000,1018,10.55,63,305,2.8,100,0,10000,1018,10.55,63,305,2.8,100,0,10000,1018,10.55,63,305,2.8,100,0,10000,1018,10.55,63,305,2.8,100,0,10000,1018,10.55,63,305,2.8,100,0,10000,1018,10.55,63,305,2.8,100,0,10000,1018,10.55,63,305,2.8,100,0,10000,1018,10.55,63,305,2.8,100,0,10000,1018,10.55,63,305,2.8,100,0,10000,1018,10.55,63,305,2.8,100,0,10000
1018,10.84,62,60,1.54,100,0,10000,12,0,29,3,1017,10.47,64,323,3.19,88,0,10000,1017,10.47,64,323,3.19,88,0,10000,1017,10.47,64,323,3.19,88,0,10000,1017,10.47,64,323,3.19,88,0,10000,1017,10.47,64,323,3.19,88,0,10000,1017,10.47,64,323,3.19,88,0,10000,1017,10.47,64,323,3.19,88,0,10000,1017,10.47,64,323,3.19,88,0,10000,1017,10.47,64,323,3.19,88,0,10000,1017,10.47,64,323,3.19,88,0,10000,1017,10.47,64,323,3.19,88,0,10000,1017,10.47,64,323,3.19,88,0,10000
1018,10.84,62,60,1.54,100,0,10000,15,0,29,3,1015,8.86,75,21,3.04,61,0,10000,1015,8.86,75,21,3.04,61,0,10000,1015,8.86,75,21,3.04,61,0,10000,1015,8.86,75,21,3.04,61,0,10000,1015,8.86,75,21,3.04,61,0,10000,1015,8.86,75,21,3.04,61,0,10000,1015,8.86,75,21,3.04,61,0,10000,1015,8.86,75,21,3.04,61,0,10000,1015,8.86,75,21,3.04,61,0,10000,1015,8.86,75,21,3.04,61,0,10000,1015,8.86,75,21,3.04,61,0,10000,1015,8.86,75,21,3.04,61,0,10000
1018,10.84,62,60,1.54,100,0,10000,18,0,29,3,1015,6.65,78,14,0.82,67,0,10000,1015,6.65,78,14,0.82,67,0,10000,1015,6.65,78,14,0.82,67,0,10000,1015,6.65,78,14,0.82,67,0,10000,1015,6.65,78,14,0.82,67,0,10000,1015,6.65,78,14,0.82,67,0,10000,1015,6.65,78,14,0.82,67,0,10000,1015,6.65,78,14,0.82,67,0,10000,1015,6.65,78,14,0.82,67,0,10000,1015,6.65,78,14,0.82,67,0,10000,1015,6.65,78,14,0.82,67,0,10000,1015,6.65,78,14,0.82,67,0,10000
1018,10.84,62,60,1.54,100,0,10000,21,0,29,3,1014,6.33,79,158,1.22,64,0,10000,1014,6.33,79,158,1.22,64,0,10000,1014,6.33,79,158,1.22,64,0,10000,1014,6.33,79,158,1.22,64,0,10000,1014,6.33,79,158,1.22,64,0,10000,1014,6.33,79,158,1.22,64,0,10000,1014,6.33,79,158,1.22,64,0,10000,1014,6.33,79,158,1.22,64,0,10000,1014,6.33,79,158,1.22,64,0,10000,1014,6.33,79,158,1.22,64,0,10000,1014,6.33,79,158,1.22,64,0,10000,1014,6.33,79,158,1.22,64,0,10000
1018,10.84,62,60,1.54,100,0,10000,0,0,30,3,1011,6.52,77,180,2.05,98,0,10000,1011,6.52,77,180,2.05,98,0,10000,1011,6.52,77,180,2.05,98,0,10000,1011,6.52,77,180,2.05,98,0,10000,1011,6.52,77,180,2.05,98,0,10000,1011,6.52,77,180,2.05,98,0,10000,1011,6.52,77,180,2.05,98,0,10000,1011,6.52,77,180,2.05,98,0,10000,1011,6.52,77,180,2.05,98,0,10000,1011,6.52,77,180,2.05,98,0,10000,1011,6.52,77,180,2.05,98,0,10000,1011,6.52,77,180,2.05,98,0,10000
1018,10.84,62,60,1.54,100,0,10000,3,0,30,3,1010,6.8,81,195,3.12,99,0,10000,1010,6.8,81,195,3.12,99,0,10000,1010,6.8,81,195,3.12,99,0,10000,1010,6.8,81,195,3.12,99,0,10000,1010,6.8,81,195,3.12,99,0,10000,1010,6.8,81,195,3.12,99,0,10000,1010,6.8,81,195,3.12,99,0,10000,1010,6.8,81,195,3.12,99,0,10000,1010,6.8,81,195,3.12,99,0,10000,1010,6.8,81,195,3.12,99,0,10000,1010,6.8,81,195,3.12,99,0,10000,1010,6.8,81,195,3.12,99,0,10000
1018,10.84,62,60,1.54,100,0,10000,6,0,30,3,1009,9.25,76,212,6.25,100,0,10000,1009,9.25,76,212,6.25,100,0,10000,1009,9.25,76,212,6.25,100,0,10000,1009,9.25,76,212,6.25,100,0,10000,1009,9.25,76,212,6.25,100,0,10000,1009,9.25,76,212,6.25,100,0,10000,1009,9.25,76,212,6.25,100,0,10000,1009,9.25,76,212,6.25,100,0,10000,1009,9.25,76,212,6.25,100,0,10000,1009,9.25,76,212,6.25,100,0,10000,1009,9.25,76,212,6.25,100,0,10000,1009,9.25,76,212,6.25,100,0,10000
1018,10.84,62,60,1.54,100,0,10000,9,0,30,3,1018,10.55,63,305,2.8,100,0,10000,1018,10.55,63,305,2.8,100,0,10000,1018,10.55,63,305,2.8,100,0,10000,1018,10.55,63,305,2.8,100,0,10000,1018,10.55,63,305,2.8,100,0,10000,1018,10.55,63,305,2.8,100,0,10000,1018,10.55,63,305,2.8,100,0,10000,1018,10.55,63,305,2.8,100,0,10000,1018,10.55,63,305,2.8,100,0,10000,1018,10.55,63,305,2.8,100,0,10000,1018,10.55,63,305,2.8,100,0,10000,1018,10.55,63,305,2.8,100,0,10000
1018,10.84,62,60,1.54,100,0,10000,12,0,30,3,1017,10.47,64,323,3.19,88,0,10000,1017,10.47,64,323,3.19,88,0,10000,1017,10.47,64,323,3.19,88,0,10000,1017,10.47,64,323,3.19,88,0,10000,1017,10.47,64,323,3.19,88,0,10000,1017,10.47,64,323,3.19,88,0,10000,1017,10.47,64,323,3.19,88,0,10000,1017,10.47,64,323,3.19,88,0,10000,1017,10.47,64,323,3.19,88,0,10000,1017,10.47,64,323,3.19,88,0,10000,1017,10.47,64,323,3.19,88,0,10000,1017,10.47,64,323,3.19,88,0,10000
1018,10.84,62,60,1.54,100,0,10000,15,0,30,3,1015,8.86,75,21,3.04,61,0,10000,1015,8.86,75,21,3.04,61,0,10000,1015,8.86,75,21,3.04,61,0,10000,1015,8.86,75,21,3.04,61,0,10000,1015,8.86,75,21,3.04,61,0,10000,1015,8.86,75,21,3.04,61,0,10000,1015,8.86,75,21,3.04,61,0,10000,1015,8.86,75,21,3.04,61,0,10000,1015,8.86,75,21,3.04,61,0,10000,1015,8.86,75,21,3.04,61,0,10000,1015,8.86,75,21,3.04,61,0,10000,1015,8.86,75,21,3.04,61,0,10000
1018,10.84,62,60,1.54,100,0,10000,18,0,30,3,1015,6.65,78,14,0.82,67,0,10000,1015,6.65,78,14,0.82,67,0,10000,1015,6.65,78,14,0.82,67,0,10000,1015,6.65,78,14,0.82,67,0,10000,1015,6.65,78,14,0.82,67,0,10000,1015,6.65,78,14,0.82,67,0,10000,1015,6.65,78,14,0.82,67,0,10000,1015,6.65,78,14,0.82,67,0,10000,1015,6.65,78,14,0.82,67,0,10000,1015,6.65,78,14,0.82,67,0,10000,1015,6.65,78,14,0.82,67,0,10000,1015,6.65,78,14,0.82,67,0,10000
1018,10.84,62,60,1.54,100,0,10000,21,0,30,3,1014,6.33,79,158,1.22,64,0,10000,1014,6.33,79,158,1.22,64,0,10000,1014,6.33,79,158,1.22,64,0,10000,1014,6.33,79,158,1.22,64,0,10000,1014,6.33,79,158,1.22,64,0,10000,1014,6.33,79,158,1.22,64,0,10000,1014,6.33,79,158,1.22,64,0,10000,1014,6.33,79,158,1.22,64,0,10000,1014,6.33,79,158,1.22,64,0,10000,1014,6.33,79,158,1.22,64,0,10000,1014,6.33,79,158,1.22,64,0,10000,1014,6.33,79,158,1.22,64,0,10000
1018,9.84,66,0,1.54,100,0,10000,0,0,31,3,1011,6.52,77,180,2.05,98,0,10000,1011,6.52,77,180,2.05,98,0,10000,1011,6.52,77,180,2.05,98,0,10000,1011,6.52,77,180,2.05,98,0,10000,1011,6.52,77,180,2.05,98,0,10000,1011,6.52,77,180,2.05,98,0,10000,1011,6.52,77,180,2.05,98,0,10000,1011,6.52,77,180,2.05,98,0,10000,1011,6.52,77,180,2.05,98,0,10000,1011,6.52,77,180,2.05,98,0,10000,1011,6.52,77,180,2.05,98,0,10000,1011,6.52,77,180,2.05,98,0,10000
1018,9.84,66,0,1.54,100,0,10000,3,0,31,3,1010,6.8,81,195,3.12,99,0,10000,1010,6.8,81,195,3.12,99,0,10000,1010,6.8,81,195,3.12,99,0,10000,1010,6.8,81,195,3.12,99,0,10000,1010,6.8,81,195,3.12,99,0,10000,1010,6.8,81,195,3.12,99,0,10000,1010,6.8,81,195,3.12,99,0,10000,1010,6.8,81,195,3.12,99,0,10000,1010,6.8,81,195,3.12,99,0,10000,1010,6.8,81,195,3.12,99,0,10000,1010,6.8,81,195,3.12,99,0,10000,1010,6.8,81,195,3.12,99,0,10000
1018,9.84,66,0,1.54,100,0,10000,6,0,31,3,1009,9.25,76,212,6.25,100,0,10000,1009,9.25,76,212,6.25,100,0,10000,1009,9.25,76,212,6.25,100,0,10000,1009,9.25,76,212,6.25,100,0,10000,1009,9.25,76,212,6.25,100,0,10000,1009,9.25,76,212,6.25,100,0,10000,1009,9.25,76,212,6.25,100,0,10000,1009,9.25,76,212,6.25,100,0,10000,1009,9.25,76,212,6.25,100,0,10000,1009,9.25,76,212,6.25,100,0,10000,1009,9.25,76,212,6.25,100,0,10000,1009,9.25,76,212,6.25,100,0,10000
1018,9.84,66,0,1.54,100,0,10000,9,0,31,3,1018,9.88,65,305,2.8,100,0,10000,1018,9.88,65,305,2.8,100,0,10000,1018,9.88,65,305,2.8,100,0,10000,1018,9.88,65,305,2.8,100,0,10000,1018,9.88,65,305,2.8,100,0,10000,1018,9.88,65,305,2.8,100,0,10000,1018,9.88,65,305,2.8,100,0,10000,1018,9.88,65,305,2.8,100,0,10000,1018,9.88,65,305,2.8,100,0,10000,1018,9.88,65,305,2.8,100,0,10000,1018,9.88,65,305,2.8,100,0,10000,1018,9.88,65,305,2.8,100,0,10000
1018,9.84,66,0,1.54,100,0,10000,12,0,31,3,1017,10.13,64,323,3.19,88,0,10000,1017,10.13,64,323,3.19,88,0,10000,1017,10.13,64,323,3.19,88,0,10000,1017,10.13,64,323,3.19,88,0,10000,1017,10.13,64,323,3.19,88,0,10000,1017,10.13,64,323,3.19,88,0,10000,1017,10.13,64,323,3.19,88,0,10000,1017,10.13,64,323,3.19,88,0,10000,1017,10.13,64,323,3.19,88,0,10000,1017,10.13,64,323,3.19,88,0,10000,1017,10.13,64,323,3.19,88,0,10000,1017,10.13,64,323,3.19,88,0,10000
1018,9.84,66,0,1.54,100,0,10000,15,0,31,3,1015,8.86,75,21,3.04,61,0,10000,1015,8.86,75,21,3.04,61,0,10000,1015,8.86,75,21,3.04,61,0,10000,1015,8.86,75,21,3.04,61,0,10000,1015,8.86,75,21,3.04,61,0,10000,1015,8.86,75,21,3.04,61,0,10000,1015,8.86,75,21,3.04,61,0,10000,1015,8.86,75,21,3.04,61,0,10000,1015,8.86,75,21,3.04,61,0,10000,1015,8.86,75,21,3.04,61,0,10000,1015,8.86,75,21,3.04,61,0,10000,1015,8.86,75,21,3.04,61,0,10000
1018,9.84,66,0,1.54,100,0,10000,18,0,31,3,1015,6.65,78,14,0.82,67,0,10000,1015,6.65,78,14,0.82,67,0,10000,1015,6.65,78,14,0.82,67,0,10000,1015,6.65,78,14,0.82,67,0,10000,1015,6.65,78,14,0.82,67,0,10000,1015,6.65,78,14,0.82,67,0,10000,1015,6.65,78,14,0.82,67,0,10000,1015,6.65,78,14,0.82,67,0,10000,1015,6.65,78,14,0.82,67,0,10000,1015,6.65,78,14,0.82,67,0,10000,1015,6.65,78,14,0.82,67,0,10000,1015,6.65,78,14,0.82,67,0,10000
1018,9.84,66,0,1.54,100,0,10000,21,0,31,3,1014,6.33,79,158,1.22,64,0,10000,1014,6.33,79,158,1.22,64,0,10000,1014,6.33,79,158,1.22,64,0,10000,1014,6.33,79,158,1.22,64,0,10000,1014,6.33,79,158,1.22,64,0,10000,1014,6.33,79,158,1.22,64,0,10000,1014,6.33,79,158,1.22,64,0,10000,1014,6.33,79,158,1.22,64,0,10000,1014,6.33,79,158,1.22,64,0,10000,1014,6.33,79,158,1.22,64,0,10000,1014,6.33,79,158,1.22,64,0,10000,1014,6.33,79,158,1.22,64,0,10000
1018,9.84,66,0,1.54,100,0,10000,0,0,1,4,1011,6.52,77,180,2.05,98,0,10000,1011,6.52,77,180,2.05,98,0,10000,1011,6.52,77,180,2.05,98,0,10000,1011,6.52,77,180,2.05,98,0,10000,1011,6.52,77,180,2.05,98,0,10000,1011,6.52,77,180,2.05,98,0,10000,1011,6.52,77,180,2.05,98,0,10000,1011,6.52,77,180,2.05,98,0,10000,1011,6.52,77,180,2.05,98,0,10000,1011,6.52,77,180,2.05,98,0,10000,1011,6.52,77,180,2.05,98,0,10000,1011,6.52,77,180,2.05,98,0,10000
1018,9.84,66,0,1.54,100,0,10000,3,0,1,4,1010,6.8,81,195,3.12,99,0,10000,1010,6.8,81,195,3.12,99,0,10000,1010,6.8,81,195,3.12,99,0,10000,1010,6.8,81,195,3.12,99,0,10000,1010,6.8,81,195,3.12,99,0,10000,1010,6.8,81,195,3.12,99,0,10000,1010,6.8,81,195,3.12,99,0,10000,1010,6.8,81,195,3.12,99,0,10000,1010,6.8,81,195,3.12,99,0,10000,1010,6.8,81,195,3.12,99,0,10000,1010,6.8,81,195,3.12,99,0,10000,1010,6.8,81,195,3.12,99,0,10000
1018,9.84,66,0,1.54,100,0,10000,6,0,1,4,1009,9.25,76,212,6.25,100,0,10000,1009,9.25,76,212,6.25,100,0,10000,1009,9.25,76,212,6.25,100,0,10000,1009,9.25,76,212,6.25,100,0,10000,1009,9.25,76,212,6.25,100,0,10000,1009,9.25,76,212,6.25,100,0,10000,1009,9.25,76,212,6.25,100,0,10000,1009,9.25,76,212,6.25,100,0,10000,1009,9.25,76,212,6.25,100,0,10000,1009,9.25,76,212,6.25,100,0,10000,1009,9.25,76,212,6.25,100,0,10000,1009,9.25,76,212,6.25,100,0,10000
1018,9.84,66,0,1.54,100,0,10000,9,0,1,4,1018,9.88,65,305,2.8,100,0,10000,1018,9.88,65,305,2.8,100,0,10000,1018,9.88,65,305,2.8,100,0,10000,1018,9.88,65,305,2.8,100,0,10000,1018,9.88,65,305,2.8,100,0,10000,1018,9.88,65,305,2.8,100,0,10000,1018,9.88,65,305,2.8,100,0,10000,1018,9.88,65,305,2.8,100,0,10000,1018,9.88,65,305,2.8,100,0,10000,1018,9.88,65,305,2.8,100,0,10000,1018,9.88,65,305,2.8,100,0,10000,1018,9.88,65,305,2.8,100,0,10000
1018,9.84,66,0,1.54,100,0,10000,12,0,1,4,1017,10.13,64,323,3.19,88,0,10000,1017,10.13,64,323,3.19,88,0,10000,1017,10.13,64,323,3.19,88,0,10000,1017,10.13,64,323,3.19,88,0,10000,1017,10.13,64,323,3.19,88,0,10000,1017,10.13,64,323,3.19,88,0,10000,1017,10.13,64,323,3.19,88,0,10000,1017,10.13,64,323,3.19,88,0,10000,1017,10.13,64,323,3.19,88,0,10000,1017,10.13,64,323,3.19,88,0,10000,1017,10.13,64,323,3.19,88,0,10000,1017,10.13,64,323,3.19,88,0,10000
1018,9.84,66,0,1.54,100,0,10000,15,0,1,4,1015,8.86,75,21,3.04,61,0,10000,1015,8.86,75,21,3.04,61,0,10000,1015,8.86,75,21,3.04,61,0,10000,1015,8.86,75,21,3.04,61,0,10000,1015,8.86,75,21,3.04,61,0,10000,1015,8.86,75,21,3.04,61,0,10000,1015,8.86,75,21,3.04,61,0,10000,1015,8.86,75,21,3.04,61,0,10000,1015,8.86,75,21,3.04,61,0,10000,1015,8.86,75,21,3.04,61,0,10000,1015,8.86,75,21,3.04,61,0,10000,1015,8.86,75,21,3.04,61,0,10000
1018,9.84,66,0,1.54,100,0,10000,18,0,1,4,1015,6.65,78,14,0.82,67,0,10000,1015,6.65,78,14,0.82,67,0,10000,1015,6.65,78,14,0.82,67,0,10000,1015,6.65,78,14,0.82,67,0,10000,1015,6.65,78,14,0.82,67,0,10000,1015,6.65,78,14,0.82,67,0,10000,1015,6.65,78,14,0.82,67,0,10000,1015,6.65,78,14,0.82,67,0,10000,1015,6.65,78,14,0.82,67,0,10000,1015,6.65,78,14,0.82,67,0,10000,1015,6.65,78,14,0.82,67,0,10000,1015,6.65,78,14,0.82,67,0,10000
1018,9.84,66,0,1.54,100,0,10000,21,0,1,4,1014,6.33,79,158,1.22,64,0,10000,1014,6.33,79,158,1.22,64,0,10000,1014,6.33,79,158,1.22,64,0,10000,1014,6.33,79,158,1.22,64,0,10000,1014,6.33,79,158,1.22,64,0,10000,1014,6.33,79,158,1.22,64,0,10000,1014,6.33,79,158,1.22,64,0,10000,1014,6.33,79,158,1.22,64,0,10000,1014,6.33,79,158,1.22,64,0,10000,1014,6.33,79,158,1.22,64,0,10000,1014,6.33,79,158,1.22,64,0,10000,1014,6.33,79,158,1.22,64,0,10000
1018,9.84,66,0,1.54,100,0,10000,0,0,2,4,1011,6.52,77,180,2.05,98,0,10000,1011,6.52,77,180,2.05,98,0,10000,1011,6.52,77,180,2.05,98,0,10000,1011,6.52,77,180,2.05,98,0,10000,1011,6.52,77,180,2.05,98,0,10000,1011,6.52,77,180,2.05,98,0,10000,1011,6.52,77,180,2.05,98,0,10000,1011,6.52,77,180,2.05,98,0,10000,1011,6.52,77,180,2.05,98,0,10000,1011,6.52,77,180,2.05,98,0,10000,1011,6.52,77,180,2.05,98,0,10000,1011,6.52,77,180,2.05,98,0,10000
1018,9.84,66,0,1.54,100,0,10000,3,0,2,4,1010,6.8,81,195,3.12,99,0,10000,1010,6.8,81,195,3.12,99,0,10000,1010,6.8,81,195,3.12,99,0,10000,1010,6.8,81,195,3.12,99,0,10000,1010,6.8,81,195,3.12,99,0,10000,1010,6.8,81,195,3.12,99,0,10000,1010,6.8,81,195,3.12,99,0,10000,1010,6.8,81,195,3.12,99,0,10000,1010,6.8,81,195,3.12,99,0,10000,1010,6.8,81,195,3.12,99,0,10000,1010,6.8,81,195,3.12,99,0,10000,1010,6.8,81,195,3.12,99,0,10000
1018,9.84,66,0,1.54,100,0,10000,6,0,2,4,1009,9.25,76,212,6.25,100,0,10000,1009,9.25,76,212,6.25,100,0,10000,1009,9.25,76,212,6.25,100,0,10000,1009,9.25,76,212,6.25,100,0,10000,1009,9.25,76,212,6.25,100,0,10000,1009,9.25,76,212,6.25,100,0,10000,1009,9.25,76,212,6.25,100,0,10000,1009,9.25,76,212,6.25,100,0,10000,1009,9.25,76,212,6.25,100,0,10000,1009,9.25,76,212,6.25,100,0,10000,1009,9.25,76,212,6.25,100,0,10000,1009,9.25,76,212,6.25,100,0,10000
1018,9.84,66,0,1.54,100,0,10000,9,0,2,4,1018,9.88,65,305,2.8,100,0,10000,1018,9.88,65,305,2.8,100,0,10000,1018,9.88,65,305,2.8,100,0,10000,1018,9.88,65,305,2.8,100,0,10000,1018,9.88,65,305,2.8,100,0,10000,1018,9.88,65,305,2.8,100,0,10000,1018,9.88,65,305,2.8,100,0,10000,1018,9.88,65,305,2.8,100,0,10000,1018,9.88,65,305,2.8,100,0,10000,1018,9.88,65,305,2.8,100,0,10000,1018,9.88,65,305,2.8,100,0,10000,1018,9.88,65,305,2.8,100,0,10000
1018,9.84,66,0,1.54,100,0,10000,12,0,2,4,1017,10.13,64,323,3.19,88,0,10000,1017,10.13,64,323,3.19,88,0,10000,1017,10.13,64,323,3.19,88,0,10000,1017,10.13,64,323,3.19,88,0,10000,1017,10.13,64,323,3.19,88,0,10000,1017,10.13,64,323,3.19,88,0,10000,1017,10.13,64,323,3.19,88,0,10000,1017,10.13,64,323,3.19,88,0,10000,1017,10.13,64,323,3.19,88,0,10000,1017,10.13,64,323,3.19,88,0,10000,1017,10.13,64,323,3.19,88,0,10000,1017,10.13,64,323,3.19,88,0,10000
1018,9.84,66,0,1.54,100,0,10000,15,0,2,4,1015,8.86,75,21,3.04,61,0,10000,1015,8.86,75,21,3.04,61,0,10000,1015,8.86,75,21,3.04,61,0,10000,1015,8.86,75,21,3.04,61,0,10000,1015,8.86,75,21,3.04,61,0,10000,1015,8.86,75,21,3.04,61,0,10000,1015,8.86,75,21,3.04,61,0,10000,1015,8.86,75,21,3.04,61,0,10000,1015,8.86,75,21,3.04,61,0,10000,1015,8.86,75,21,3.04,61,0,10000,1015,8.86,75,21,3.04,61,0,10000,1015,8.86,75,21,3.04,61,0,10000
1018,9.84,66,0,1.54,100,0,10000,18,0,2,4,1015,6.65,78,14,0.82,67,0,10000,1015,6.65,78,14,0.82,67,0,10000,1015,6.65,78,14,0.82,67,0,10000,1015,6.65,78,14,0.82,67,0,10000,1015,6.65,78,14,0.82,67,0,10000,1015,6.65,78,14,0.82,67,0,10000,1015,6.65,78,14,0.82,67,0,10000,1015,6.65,78,14,0.82,67,0,10000,1015,6.65,78,14,0.82,67,0,10000,1015,6.65,78,14,0.82,67,0,10000,1015,6.65,78,14,0.82,67,0,10000,1015,6.65,78,14,0.82,67,0,10000
1018,9.84,66,0,1.54,100,0,10000,21,0,2,4,1014,6.33,79,158,1.22,64,0,10000,1014,6.33,79,158,1.22,64,0,10000,1014,6.33,79,158,1.22,64,0,10000,1014,6.33,79,158,1.22,64,0,10000,1014,6.33,79,158,1.22,64,0,10000,1014,6.33,79,158,1.22,64,0,10000,1014,6.33,79,158,1.22,64,0,10000,1014,6.33,79,158,1.22,64,0,10000,1014,6.33,79,158,1.22,64,0,10000,1014,6.33,79,158,1.22,64,0,10000,1014,6.33,79,158,1.22,64,0,10000,1014,6.33,79,158,1.22,64,0,10000
1018,9.84,66,0,1.54,100,0,10000,0,0,3,4,1011,6.52,77,180,2.05,98,0,10000,1011,6.52,77,180,2.05,98,0,10000,1011,6.52,77,180,2.05,98,0,10000,1011,6.52,77,180,2.05,98,0,10000,1011,6.52,77,180,2.05,98,0,10000,1011,6.52,77,180,2.05,98,0,10000,1011,6.52,77,180,2.05,98,0,10000,1011,6.52,77,180,2.05,98,0,10000,1011,6.52,77,180,2.05,98,0,10000,1011,6.52,77,180,2.05,98,0,10000,1011,6.52,77,180,2.05,98,0,10000,1011,6.52,77,180,2.05,98,0,10000
1018,9.84,66,0,1.54,100,0,10000,3,0,3,4,1010,6.8,81,195,3.12,99,0,10000,1010,6.8,81,195,3.12,99,0,10000,1010,6.8,81,195,3.12,99,0,10000,1010,6.8,81,195,3.12,99,0,10000,1010,6.8,81,195,3.12,99,0,10000,1010,6.8,81,195,3.12,99,0,10000,1010,6.8,81,195,3.12,99,0,10000,1010,6.8,81,195,3.12,99,0,10000,1010,6.8,81,195,3.12,99,0,10000,1010,6.8,81,195,3.12,99,0,10000,1010,6.8,81,195,3.12,99,0,10000,1010,6.8,81,195,3.12,99,0,10000
1018,9.84,66,0,1.54,100,0,10000,6,0,3,4,1009,9.25,76,212,6.25,100,0,10000,1009,9.25,76,212,6.25,100,0,10000,1009,9.25,76,212,6.25,100,0,10000,1009,9.25,76,212,6.25,100,0,10000,1009,9.25,76,212,6.25,100,0,10000,1009,9.25,76,212,6.25,100,0,10000,1009,9.25,76,212,6.25,100,0,10000,1009,9.25,76,212,6.25,100,0,10000,1009,9.25,76,212,6.25,100,0,10000,1009,9.25,76,212,6.25,100,0,10000,1009,9.25,76,212,6.25,100,0,10000,1009,9.25,76,212,6.25,100,0,10000
1018,9.84,66,0,1.54,100,0,10000,9,0,3,4,1018,9.88,65,305,2.8,100,0,10000,1018,9.88,65,305,2.8,100,0,10000,1018,9.88,65,305,2.8,100,0,10000,1018,9.88,65,305,2.8,100,0,10000,1018,9.88,65,305,2.8,100,0,10000,1018,9.88,65,305,2.8,100,0,10000,1018,9.88,65,305,2.8,100,0,10000,1018,9.88,65,305,2.8,100,0,10000,1018,9.88,65,305,2.8,100,0,10000,1018,9.88,65,305,2.8,100,0,10000,1018,9.88,65,305,2.8,100,0,10000,1018,9.88,65,305,2.8,100,0,10000
1018,9.84,66,0,1.54,100,0,10000,12,0,3,4,1017,10.13,64,323,3.19,88,0,10000,1017,10.13,64,323,3.19,88,0,10000,1017,10.13,64,323,3.19,88,0,10000,1017,10.13,64,323,3.19,88,0,10000,1017,10.13,64,323,3.19,88,0,10000,1017,10.13,64,323,3.19,88,0,10000,1017,10.13,64,323,3.19,88,0,10000,1017,10.13,64,323,3.19,88,0,10000,1017,10.13,64,323,3.19,88,0,10000,1017,10.13,64,323,3.19,88,0,10000,1017,10.13,64,323,3.19,88,0,10000,1017,10.13,64,323,3.19,88,0,10000
1018,9.84,66,0,1.54,100,0,10000,15,0,3,4,1015,8.86,75,21,3.04,61,0,10000,1015,8.86,75,21,3.04,61,0,10000,1015,8.86,75,21,3.04,61,0,10000,1015,8.86,75,21,3.04,61,0,10000,1015,8.86,75,21,3.04,61,0,10000,1015,8.86,75,21,3.04,61,0,10000,1015,8.86,75,21,3.04,61,0,10000,1015,8.86,75,21,3.04,61,0,10000,1015,8.86,75,21,3.04,61,0,10000,1015,8.86,75,21,3.04,61,0,10000,1015,8.86,75,21,3.04,61,0,10000,1015,8.86,75,21,3.04,61,0,10000
1018,9.84,66,0,1.54,100,0,10000,18,0,3,4,1015,6.65,78,14,0.82,67,0,10000,1015,6.65,78,14,0.82,67,0,10000,1015,6.65,78,14,0.82,67,0,10000,1015,6.65,78,14,0.82,67,0,10000,1015,6.65,78,14,0.82,67,0,10000,1015,6.65,78,14,0.82,67,0,10000,1015,6.65,78,14,0.82,67,0,10000,1015,6.65,78,14,0.82,67,0,10000,1015,6.65,78,14,0.82,67,0,10000,1015,6.65,78,14,0.82,67,0,10000,1015,6.65,78,14,0.82,67,0,10000,1015,6.65,78,14,0.82,67,0,10000
1018,9.84,66,0,1.54,100,0,10000,21,0,3,4,1014,6.33,79,158,1.22,64,0,10000,1014,6.33,79,158,1.22,64,0,10000,1014,6.33,79,158,1.22,64,0,10000,1014,6.33,79,158,1.22,64,0,10000,1014,6.33,79,158,1.22,64,0,10000,1014,6.33,79,158,1.22,64,0,10000,1014,6.33,79,158,1.22,64,0,10000,1014,6.33,79,158,1.22,64,0,10000,1014,6.33,79,158,1.22,64,0,10000,1014,6.33,79,158,1.22,64,0,10000,1014,6.33,79,158,1.22,64,0,10000,1014,6.33,79,158,1.22,64,0,10000
1018,9.84,66,0,1.54,100,0,10000,0,0,4,4,1011,6.52,77,180,2.05,98,0,10000,1011,6.52,77,180,2.05,98,0,10000,1011,6.52,77,180,2.05,98,0,10000,1011,6.52,77,180,2.05,98,0,10000,1011,6.52,77,180,2.05,98,0,10000,1011,6.52,77,180,2.05,98,0,10000,1011,6.52,77,180,2.05,98,0,10000,1011,6.52,77,180,2.05,98,0,10000,1011,6.52,77,180,2.05,98,0,10000,1011,6.52,77,180,2.05,98,0,10000,1011,6.52,77,180,2.05,98,0,10000,1011,6.52,77,180,2.05,98,0,10000
1018,9.84,66,0,1.54,100,0,10000,3,0,4,4,1010,6.8,81,195,3.12,99,0,10000,1010,6.8,81,195,3.12,99,0,10000,1010,6.8,81,195,3.12,99,0,10000,1010,6.8,81,195,3.12,99,0,10000,1010,6.8,81,195,3.12,99,0,10000,1010,6.8,81,195,3.12,99,0,10000,1010,6.8,81,195,3.12,99,0,10000,1010,6.8,81,195,3.12,99,0,10000,1010,6.8,81,195,3.12,99,0,10000,1010,6.8,81,195,3.12,99,0,10000,1010,6.8,81,195,3.12,99,0,10000,1010,6.8,81,195,3.12,99,0,10000
1018,9.84,66,0,1.54,100,0,10000,6,0,4,4,1009,9.25,76,212,6.25,100,0,10000,1009,9.25,76,212,6.25,100,0,10000,1009,9.25,76,212,6.25,100,0,10000,1009,9.25,76,212,6.25,100,0,10000,1009,9.25,76,212,6.25,100,0,10000,1009,9.25,76,212,6.25,100,0,10000,1009,9.25,76,212,6.25,100,0,10000,1009,9.25,76,212,6.25,100,0,10000,1009,9.25,76,212,6.25,100,0,10000,1009,9.25,76,212,6.25,100,0,10000,1009,9.25,76,212,6.25,100,0,10000,1009,9.25,76,212,6.25,100,0,10000
1018,9.84,66,0,1.54,100,0,10000,9,0,4,4,1018,9.88,65,305,2.8,100,0,10000,1018,9.88,65,305,2.8,100,0,10000,1018,9.88,65,305,2.8,100,0,10000,1018,9.88,65,305,2.8,100,0,10000,1018,9.88,65,305,2.8,100,0,10000,1018,9.88,65,305,2.8,100,0,10000,1018,9.88,65,305,2.8,100,0,10000,1018,9.88,65,305,2.8,100,0,10000,1018,9.88,65,305,2.8,100,0,10000,1018,9.88,65,305,2.8,100,0,10000,1018,9.88,65,305,2.8,100,0,10000,1018,9.88,65,305,2.8,100,0,10000
1018,9.84,66,0,1.54,100,0,10000,12,0,4,4,1017,10.13,64,323,3.19,88,0,10000,1017,10.13,64,323,3.19,88,0,10000,1017,10.13,64,323,3.19,88,0,10000,1017,10.13,64,323,3.19,88,0,10000,1017,10.13,64,323,3.19,88,0,10000,1017,10.13,64,323,3.19,88,0,10000,1017,10.13,64,323,3.19,88,0,10000,1017,10.13,64,323,3.19,88,0,10000,1017,10.13,64,323,3.19,88,0,10000,1017,10.13,64,323,3.19,88,0,10000,1017,10.13,64,323,3.19,88,0,10000,1017,10.13,64,323,3.19,88,0,10000
1018,9.84,66,0,1.54,100,0,10000,15,0,4,4,1015,8.86,75,21,3.04,61,0,10000,1015,8.86,75,21,3.04,61,0,10000,1015,8.86,75,21,3.04,61,0,10000,1015,8.86,75,21,3.04,61,0,10000,1015,8.86,75,21,3.04,61,0,10000,1015,8.86,75,21,3.04,61,0,10000,1015,8.86,75,21,3.04,61,0,10000,1015,8.86,75,21,3.04,61,0,10000,1015,8.86,75,21,3.04,61,0,10000,1015,8.86,75,21,3.04,61,0,10000,1015,8.86,75,21,3.04,61,0,10000,1015,8.86,75,21,3.04,61,0,10000
1018,9.84,66,0,1.54,100,0,10000,18,0,4,4,1015,6.65,78,14,0.82,67,0,10000,1015,6.65,78,14,0.82,67,0,10000,1015,6.65,78,14,0.82,67,0,10000,1015,6.65,78,14,0.82,67,0,10000,1015,6.65,78,14,0.82,67,0,10000,1015,6.65,78,14,0.82,67,0,10000,1015,6.65,78,14,0.82,67,0,10000,1015,6.65,78,14,0.82,67,0,10000,1015,6.65,78,14,0.82,67,0,10000,1015,6.65,78,14,0.82,67,0,10000,1015,6.65,78,14,0.82,67,0,10000,1015,6.65,78,14,0.82,67,0,10000
1018,9.84,66,0,1.54,100,0,10000,21,0,4,4,1014,6.33,79,158,1.22,64,0,10000,1014,6.33,79,158,1.22,64,0,10000,1014,6.33,79,158,1.22,64,0,10000,1014,6.33,79,158,1.22,64,0,10000,1014,6.33,79,158,1.22,64,0,10000,1014,6.33,79,158,1.22,64,0,10000,1014,6.33,79,158,1.22,64,0,10000,1014,6.33,79,158,1.22,64,0,10000,1014,6.33,79,158,1.22,64,0,10000,1014,6.33,79,158,1.22,64,0,10000,1014,6.33,79,158,1.22,64,0,10000,1014,6.33,79,158,1.22,64,0,10000
1018,9.84,66,0,1.54,100,0,10000,0,0,5,4,1011,6.52,77,180,2.05,98,0,10000,1011,6.52,77,180,2.05,98,0,10000,1011,6.52,77,180,2.05,98,0,10000,1011,6.52,77,180,2.05,98,0,10000,1011,6.52,77,180,2.05,98,0,10000,1011,6.52,77,180,2.05,98,0,10000,1011,6.52,77,180,2.05,98,0,10000,1011,6.52,77,180,2.05,98,0,10000,1011,6.52,77,180,2.05,98,0,10000,1011,6.52,77,180,2.05,98,0,10000,1011,6.52,77,180,2.05,98,0,10000,1011,6.52,77,180,2.05,98,0,10000
1018,9.84,66,0,1.54,100,0,10000,3,0,5,4,1010,6.8,81,195,3.12,99,0,10000,1010,6.8,81,195,3.12,99,0,10000,1010,6.8,81,195,3.12,99,0,10000,1010,6.8,81,195,3.12,99,0,10000,1010,6.8,81,195,3.12,99,0,10000,1010,6.8,81,195,3.12,99,0,10000,1010,6.8,81,195,3.12,99,0,10000,1010,6.8,81,195,3.12,99,0,10000,1010,6.8,81,195,3.12,99,0,10000,1010,6.8,81,195,3.12,99,0,10000,1010,6.8,81,195,3.12,99,0,10000,1010,6.8,81,195,3.12,99,0,10000
1018,9.84,66,0,1.54,100,0,10000,6,0,5,4,1009,9.25,76,212,6.25,100,0,10000,1009,9.25,76,212,6.25,100,0,10000,1009,9.25,76,212,6.25,100,0,10000,1009,9.25,76,212,6.25,100,0,10000,1009,9.25,76,212,6.25,100,0,10000,1009,9.25,76,212,6.25,100,0,10000,1009,9.25,76,212,6.25,100,0,10000,1009,9.25,76,212,6.25,100,0,10000,1009,9.25,76,212,6.25,100,0,10000,1009,9.25,76,212,6.25,100,0,10000,1009,9.25,76,212,6.25,100,0,10000,1009,9.25,76,212,6.25,100,0,10000
1018,9.84,66,0,1.54,100,0,10000,9,0,5,4,1018,9.88,65,305,2.8,100,0,10000,1018,9.88,65,305,2.8,100,0,10000,1018,9.88,65,305,2.8,100,0,10000,1018,9.88,65,305,2.8,100,0,10000,1018,9.88,65,305,2.8,100,0,10000,1018,9.88,65,305,2.8,100,0,10000,1018,9.88,65,305,2.8,100,0,10000,1018,9.88,65,305,2.8,100,0,10000,1018,9.88,65,305,2.8,100,0,10000,1018,9.88,65,305,2.8,100,0,10000,1018,9.88,65,305,2.8,100,0,10000,1018,9.88,65,305,2.8,100,0,10000
1018,9.84,66,0,1.54,100,0,10000,12,0,5,4,1017,10.13,64,323,3.19,88,0,10000,1017,10.13,64,323,3.19,88,0,10000,1017,10.13,64,323,3.19,88,0,10000,1017,10.13,64,323,3.19,88,0,10000,1017,10.13,64,323,3.19,88,0,10000,1017,10.13,64,323,3.19,88,0,10000,1017,10.13,64,323,3.19,88,0,10000,1017,10.13,64,323,3.19,88,0,10000,1017,10.13,64,323,3.19,88,0,10000,1017,10.13,64,323,3.19,88,0,10000,1017,10.13,64,323,3.19,88,0,10000,1017,10.13,64,323,3.19,88,0,10000
1018,9.84,66,0,1.54,100,0,10000,15,0,5,4,1015,8.86,75,21,3.04,61,0,10000,1015,8.86,75,21,3.04,61,0,10000,1015,8.86,75,21,3.04,61,0,10000,1015,8.86,75,21,3.04,61,0,10000,1015,8.86,75,21,3.04,61,0,10000,1015,8.86,75,21,3.04,61,0,10000,1015,8.86,75,21,3.04,61,0,10000,1015,8.86,75,21,3.04,61,0,10000,1015,8.86,75,21,3.04,61,0,10000,1015,8.86,75,21,3.04,61,0,10000,1015,8.86,75,21,3.04,61,0,10000,1015,8.86,75,21,3.04,61,0,10000
1018,9.84,66,0,1.54,100,0,10000,18,0,5,4,1015,6.65,78,14,0.82,67,0,10000,1015,6.65,78,14,0.82,67,0,10000,1015,6.65,78,14,0.82,67,0,10000,1015,6.65,78,14,0.82,67,0,10000,1015,6.65,78,14,0.82,67,0,10000,1015,6.65,78,14,0.82,67,0,10000,1015,6.65,78,14,0.82,67,0,10000,1015,6.65,78,14,0.82,67,0,10000,1015,6.65,78,14,0.82,67,0,10000,1015,6.65,78,14,0.82,67,0,10000,1015,6.65,78,14,0.82,67,0,10000,1015,6.65,78,14,0.82,67,0,10000
1018,9.84,66,0,1.54,100,0,10000,21,0,5,4,1014,6.33,79,158,1.22,64,0,10000,1014,6.33,79,158,1.22,64,0,10000,1014,6.33,79,158,1.22,64,0,10000,1014,6.33,79,158,1.22,64,0,10000,1014,6.33,79,158,1.22,64,0,10000,1014,6.33,79,158,1.22,64,0,10000,1014,6.33,79,158,1.22,64,0,10000,1014,6.33,79,158,1.22,64,0,10000,1014,6.33,79,158,1.22,64,0,10000,1014,6.33,79,158,1.22,64,0,10000,1014,6.33,79,158,1.22,64,0,10000,1014,6.33,79,158,1.22,64,0,10000
1018,9.84,66,0,1.54,100,0,10000,0,0,6,4,1011,6.52,77,180,2.05,98,0,10000,1011,6.52,77,180,2.05,98,0,10000,1011,6.52,77,180,2.05,98,0,10000,1011,6.52,77,180,2.05,98,0,10000,1011,6.52,77,180,2.05,98,0,10000,1011,6.52,77,180,2.05,98,0,10000,1011,6.52,77,180,2.05,98,0,10000,1011,6.52,77,180,2.05,98,0,10000,1011,6.52,77,180,2.05,98,0,10000,1011,6.52,77,180,2.05,98,0,10000,1011,6.52,77,180,2.05,98,0,10000,1011,6.52,77,180,2.05,98,0,10000
1018,9.84,66,0,1.54,100,0,10000,3,0,6,4,1010,6.8,81,195,3.12,99,0,10000,1010,6.8,81,195,3.12,99,0,10000,1010,6.8,81,195,3.12,99,0,10000,1010,6.8,81,195,3.12,99,0,10000,1010,6.8,81,195,3.12,99,0,10000,1010,6.8,81,195,3.12,99,0,10000,1010,6.8,81,195,3.12,99,0,10000,1010,6.8,81,195,3.12,99,0,10000,1010,6.8,81,195,3.12,99,0,10000,1010,6.8,81,195,3.12,99,0,10000,1010,6.8,81,195,3.12,99,0,10000,1010,6.8,81,195,3.12,99,0,10000
1018,9.84,66,0,1.54,100,0,10000,6,0,6,4,1009,9.25,76,212,6.25,100,0,10000,1009,9.25,76,212,6.25,100,0,10000,1009,9.25,76,212,6.25,100,0,10000,1009,9.25,76,212,6.25,100,0,10000,1009,9.25,76,212,6.25,100,0,10000,1009,9.25,76,212,6.25,100,0,10000,1009,9.25,76,212,6.25,100,0,10000,1009,9.25,76,212,6.25,100,0,10000,1009,9.25,76,212,6.25,100,0,10000,1009,9.25,76,212,6.25,100,0,10000,1009,9.25,76,212,6.25,100,0,10000,1009,9.25,76,212,6.25,100,0,10000
1018,9.84,66,0,1.54,100,0,10000,9,0,6,4,1018,9.88,65,305,2.8,100,0,10000,1018,9.88,65,305,2.8,100,0,10000,1018,9.88,65,305,2.8,100,0,10000,1018,9.88,65,305,2.8,100,0,10000,1018,9.88,65,305,2.8,100,0,10000,1018,9.88,65,305,2.8,100,0,10000,1018,9.88,65,305,2.8,100,0,10000,1018,9.88,65,305,2.8,100,0,10000,1018,9.88,65,305,2.8,100,0,10000,1018,9.88,65,305,2.8,100,0,10000,1018,9.88,65,305,2.8,100,0,10000,1018,9.88,65,305,2.8,100,0,10000
1018,9.84,66,0,1.54,100,0,10000,12,0,6,4,1017,10.13,64,323,3.19,88,0,10000,1017,10.13,64,323,3.19,88,0,10000,1017,10.13,64,323,3.19,88,0,10000,1017,10.13,64,323,3.19,88,0,10000,1017,10.13,64,323,3.19,88,0,10000,1017,10.13,64,323,3.19,88,0,10000,1017,10.13,64,323,3.19,88,0,10000,1017,10.13,64,323,3.19,88,0,10000,1017,10.13,64,323,3.19,88,0,10000,1017,10.13,64,323,3.19,88,0,10000,1017,10.13,64,323,3.19,88,0,10000,1017,10.13,64,323,3.19,88,0,10000
1018,9.84,66,0,1.54,100,0,10000,15,0,6,4,1015,8.86,75,21,3.04,61,0,10000,1015,8.86,75,21,3.04,61,0,10000,1015,8.86,75,21,3.04,61,0,10000,1015,8.86,75,21,3.04,61,0,10000,1015,8.86,75,21,3.04,61,0,10000,1015,8.86,75,21,3.04,61,0,10000,1015,8.86,75,21,3.04,61,0,10000,1015,8.86,75,21,3.04,61,0,10000,1015,8.86,75,21,3.04,61,0,10000,1015,8.86,75,21,3.04,61,0,10000,1015,8.86,75,21,3.04,61,0,10000,1015,8.86,75,21,3.04,61,0,10000
1018,9.84,66,0,1.54,100,0,10000,18,0,6,4,1015,6.65,78,14,0.82,67,0,10000,1015,6.65,78,14,0.82,67,0,10000,1015,6.65,78,14,0.82,67,0,10000,1015,6.65,78,14,0.82,67,0,10000,1015,6.65,78,14,0.82,67,0,10000,1015,6.65,78,14,0.82,67,0,10000,1015,6.65,78,14,0.82,67,0,10000,1015,6.65,78,14,0.82,67,0,10000,1015,6.65,78,14,0.82,67,0,10000,1015,6.65,78,14,0.82,67,0,10000,1015,6.65,78,14,0.82,67,0,10000,1015,6.65,78,14,0.82,67,0,10000
1018,9.84,66,0,1.54,100,0,10000,21,0,6,4,1014,6.33,79,158,1.22,64,0,10000,1014,6.33,79,158,1.22,64,0,10000,1014,6.33,79,158,1.22,64,0,10000,1014,6.33,79,158,1.22,64,0,10000,1014,6.33,79,158,1.22,64,0,10000,1014,6.33,79,158,1.22,64,0,10000,1014,6.33,79,158,1.22,64,0,10000,1014,6.33,79,158,1.22,64,0,10000,1014,6.33,79,158,1.22,64,0,10000,1014,6.33,79,158,1.22,64,0,10000,1014,6.33,79,158,1.22,64,0,10000,1014,6.33,79,158,1.22,64,0,10000
1018,9.84,66,0,1.54,100,0,10000,0,0,7,4,1011,6.52,77,180,2.05,98,0,10000,1011,6.52,77,180,2.05,98,0,10000,1011,6.52,77,180,2.05,98,0,10000,1011,6.52,77,180,2.05,98,0,10000,1011,6.52,77,180,2.05,98,0,10000,1011,6.52,77,180,2.05,98,0,10000,1011,6.52,77,180,2.05,98,0,10000,1011,6.52,77,180,2.05,98,0,10000,1011,6.52,77,180,2.05,98,0,10000,1011,6.52,77,180,2.05,98,0,10000,1011,6.52,77,180,2.05,98,0,10000,1011,6.52,77,180,2.05,98,0,10000
1018,9.84,66,0,1.54,100,0,10000,3,0,7,4,1010,6.8,81,195,3.12,99,0,10000,1010,6.8,81,195,3.12,99,0,10000,1010,6.8,81,195,3.12,99,0,10000,1010,6.8,81,195,3.12,99,0,10000,1010,6.8,81,195,3.12,99,0,10000,1010,6.8,81,195,3.12,99,0,10000,1010,6.8,81,195,3.12,99,0,10000,1010,6.8,81,195,3.12,99,0,10000,1010,6.8,81,195,3.12,99,0,10000,1010,6.8,81,195,3.12,99,0,10000,1010,6.8,81,195,3.12,99,0,10000,1010,6.8,81,195,3.12,99,0,10000
1018,9.84,66,0,1.54,100,0,10000,6,0,7,4,1009,9.25,76,212,6.25,100,0,10000,1009,9.25,76,212,6.25,100,0,10000,1009,9.25,76,212,6.25,100,0,10000,1009,9.25,76,212,6.25,100,0,10000,1009,9.25,76,212,6.25,100,0,10000,1009,9.25,76,212,6.25,100,0,10000,1009,9.25,76,212,6.25,100,0,10000,1009,9.25,76,212,6.25,100,0,10000,1009,9.25,76,212,6.25,100,0,10000,1009,9.25,76,212,6.25,100,0,10000,1009,9.25,76,212,6.25,100,0,10000,1009,9.25,76,212,6.25,100,0,10000
1018,9.84,66,0,1.54,100,0,10000,9,0,7,4,1018,9.88,65,305,2.8,100,0,10000,1018,9.88,65,305,2.8,100,0,10000,1018,9.88,65,305,2.8,100,0,10000,1018,9.88,65,305,2.8,100,0,10000,1018,9.88,65,305,2.8,100,0,10000,1018,9.88,65,305,2.8,100,0,10000,1018,9.88,65,305,2.8,100,0,10000,1018,9.88,65,305,2.8,100,0,10000,1018,9.88,65,305,2.8,100,0,10000,1018,9.88,65,305,2.8,100,0,10000,1018,9.88,65,305,2.8,100,0,10000,1018,9.88,65,305,2.8,100,0,10000
1018,9.84,66,0,1.54,100,0,10000,12,0,7,4,1017,10.13,64,323,3.19,88,0,10000,1017,10.13,64,323,3.19,88,0,10000,1017,10.13,64,323,3.19,88,0,10000,1017,10.13,64,323,3.19,88,0,10000,1017,10.13,64,323,3.19,88,0,10000,1017,10.13,64,323,3.19,88,0,10000,1017,10.13,64,323,3.19,88,0,10000,1017,10.13,64,323,3.19,88,0,10000,1017,10.13,64,323,3.19,88,0,10000,1017,10.13,64,323,3.19,88,0,10000,1017,10.13,64,323,3.19,88,0,10000,1017,10.13,64,323,3.19,88,0,10000
1018,9.84,66,0,1.54,100,0,10000,15,0,7,4,1015,8.86,75,21,3.04,61,0,10000,1015,8.86,75,21,3.04,61,0,10000,1015,8.86,75,21,3.04,61,0,10000,1015,8.86,75,21,3.04,61,0,10000,1015,8.86,75,21,3.04,61,0,10000,1015,8.86,75,21,3.04,61,0,10000,1015,8.86,75,21,3.04,61,0,10000,1015,8.86,75,21,3.04,61,0,10000,1015,8.86,75,21,3.04,61,0,10000,1015,8.86,75,21,3.04,61,0,10000,1015,8.86,75,21,3.04,61,0,10000,1015,8.86,75,21,3.04,61,0,10000
1018,9.84,66,0,1.54,100,0,10000,18,0,7,4,1015,6.65,78,14,0.82,67,0,10000,1015,6.65,78,14,0.82,67,0,10000,1015,6.65,78,14,0.82,67,0,10000,1015,6.65,78,14,0.82,67,0,10000,1015,6.65,78,14,0.82,67,0,10000,1015,6.65,78,14,0.82,67,0,10000,1015,6.65,78,14,0.82,67,0,10000,1015,6.65,78,14,0.82,67,0,10000,1015,6.65,78,14,0.82,67,0,10000,1015,6.65,78,14,0.82,67,0,10000,1015,6.65,78,14,0.82,67,0,10000,1015,6.65,78,14,0.82,67,0,10000
1018,9.84,66,0,1.54,100,0,10000,21,0,7,4,1014,6.33,79,158,1.22,64,0,10000,1014,6.33,79,158,1.22,64,0,10000,1014,6.33,79,158,1.22,64,0,10000,1014,6.33,79,158,1.22,64,0,10000,1014,6.33,79,158,1.22,64,0,10000,1014,6.33,79,158,1.22,64,0,10000,1014,6.33,79,158,1.22,64,0,10000,1014,6.33,79,158,1.22,64,0,10000,1014,6.33,79,158,1.22,64,0,10000,1014,6.33,79,158,1.22,64,0,10000,1014,6.33,79,158,1.22,64,0,10000,1014,6.33,79,158,1.22,64,0,10000
1018,9.84,66,0,1.54,100,0,10000,0,0,8,4,1011,6.52,77,180,2.05,98,0,10000,1011,6.52,77,180,2.05,98,0,10000,1011,6.52,77,180,2.05,98,0,10000,1011,6.52,77,180,2.05,98,0,10000,1011,6.52,77,180,2.05,98,0,10000,1011,6.52,77,180,2.05,98,0,10000,1011,6.52,77,180,2.05,98,0,10000,1011,6.52,77,180,2.05,98,0,10000,1011,6.52,77,180,2.05,98,0,10000,1011,6.52,77,180,2.05,98,0,10000,1011,6.52,77,180,2.05,98,0,10000,1011,6.52,77,180,2.05,98,0,10000
1018,9.84,66,0,1.54,100,0,10000,3,0,8,4,1010,6.8,81,195,3.12,99,0,10000,1010,6.8,81,195,3.12,99,0,10000,1010,6.8,81,195,3.12,99,0,10000,1010,6.8,81,195,3.12,99,0,10000,1010,6.8,81,195,3.12,99,0,10000,1010,6.8,81,195,3.12,99,0,10000,1010,6.8,81,195,3.12,99,0,10000,1010,6.8,81,195,3.12,99,0,10000,1010,6.8,81,195,3.12,99,0,10000,1010,6.8,81,195,3.12,99,0,10000,1010,6.8,81,195,3.12,99,0,10000,1010,6.8,81,195,3.12,99,0,10000
1018,9.84,66,0,1.54,100,0,10000,6,0,8,4,1009,9.25,76,212,6.25,100,0,10000,1009,9.25,76,212,6.25,100,0,10000,1009,9.25,76,212,6.25,100,0,10000,1009,9.25,76,212,6.25,100,0,10000,1009,9.25,76,212,6.25,100,0,10000,1009,9.25,76,212,6.25,100,0,10000,1009,9.25,76,212,6.25,100,0,10000,1009,9.25,76,212,6.25,100,0,10000,1009,9.25,76,212,6.25,100,0,10000,1009,9.25,76,212,6.25,100,0,10000,1009,9.25,76,212,6.25,100,0,10000,1009,9.25,76,212,6.25,100,0,10000
1018,9.84,66,0,1.54,100,0,10000,9,0,8,4,1018,9.88,65,305,2.8,100,0,10000,1018,9.88,65,305,2.8,100,0,10000,1018,9.88,65,305,2.8,100,0,10000,1018,9.88,65,305,2.8,100,0,10000,1018,9.88,65,305,2.8,100,0,10000,1018,9.88,65,305,2.8,100,0,10000,1018,9.88,65,305,2.8,100,0,10000,1018,9.88,65,305,2.8,100,0,10000,1018,9.88,65,305,2.8,100,0,10000,1018,9.88,65,305,2.8,100,0,10000,1018,9.88,65,305,2.8,100,0,10000,1018,9.88,65,305,2.8,100,0,10000
1018,9.84,66,0,1.54,100,0,10000,12,0,8,4,1017,10.13,64,323,3.19,88,0,10000,1017,10.13,64,323,3.19,88,0,10000,1017,10.13,64,323,3.19,88,0,10000,1017,10.13,64,323,3.19,88,0,10000,1017,10.13,64,323,3.19,88,0,10000,1017,10.13,64,323,3.19,88,0,10000,1017,10.13,64,323,3.19,88,0,10000,1017,10.13,64,323,3.19,88,0,10000,1017,10.13,64,323,3.19,88,0,10000,1017,10.13,64,323,3.19,88,0,10000,1017,10.13,64,323,3.19,88,0,10000,1017,10.13,64,323,3.19,88,0,10000
1018,9.84,66,0,1.54,100,0,10000,15,0,8,4,1015,8.86,75,21,3.04,61,0,10000,1015,8.86,75,21,3.04,61,0,10000,1015,8.86,75,21,3.04,61,0,10000,1015,8.86,75,21,3.04,61,0,10000,1015,8.86,75,21,3.04,61,0,10000,1015,8.86,75,21,3.04,61,0,10000,1015,8.86,75,21,3.04,61,0,10000,1015,8.86,75,21,3.04,61,0,10000,1015,8.86,75,21,3.04,61,0,10000,1015,8.86,75,21,3.04,61,0,10000,1015,8.86,75,21,3.04,61,0,10000,1015,8.86,75,21,3.04,61,0,10000
1018,9.84,66,0,1.54,100,0,10000,18,0,8,4,1015,6.65,78,14,0.82,67,0,10000,1015,6.65,78,14,0.82,67,0,10000,1015,6.65,78,14,0.82,67,0,10000,1015,6.65,78,14,0.82,67,0,10000,1015,6.65,78,14,0.82,67,0,10000,1015,6.65,78,14,0.82,67,0,10000,1015,6.65,78,14,0.82,67,0,10000,1015,6.65,78,14,0.82,67,0,10000,1015,6.65,78,14,0.82,67,0,10000,1015,6.65,78,14,0.82,67,0,10000,1015,6.65,78,14,0.82,67,0,10000,1015,6.65,78,14,0.82,67,0,10000
1018,9.84,66,0,1.54,100,0,10000,21,0,8,4,1014,6.33,79,158,1.22,64,0,10000,1014,6.33,79,158,1.22,64,0,10000,1014,6.33,79,158,1.22,64,0,10000,1014,6.33,79,158,1.22,64,0,10000,1014,6.33,79,158,1.22,64,0,10000,1014,6.33,79,158,1.22,64,0,10000,1014,6.33,79,158,1.22,64,0,10000,1014,6.33,79,158,1.22,64,0,10000,1014,6.33,79,158,1.22,64,0,10000,1014,6.33,79,158,1.22,64,0,10000,1014,6.33,79,158,1.22,64,0,10000,1014,6.33,79,158,1.22,64,0,10000
1018,9.84,66,0,1.54,100,0,10000,0,0,9,4,1011,6.52,77,180,2.05,98,0,10000,1011,6.52,77,180,2.05,98,0,10000,1011,6.52,77,180,2.05,98,0,10000,1011,6.52,77,180,2.05,98,0,10000,1011,6.52,77,180,2.05,98,0,10000,1011,6.52,77,180,2.05,98,0,10000,1011,6.52,77,180,2.05,98,0,10000,1011,6.52,77,180,2.05,98,0,10000,1011,6.52,77,180,2.05,98,0,10000,1011,6.52,77,180,2.05,98,0,10000,1011,6.52,77,180,2.05,98,0,10000,1011,6.52,77,180,2.05,98,0,10000
1018,9.84,66,0,1.54,100,0,10000,3,0,9,4,1010,6.8,81,195,3.12,99,0,10000,1010,6.8,81,195,3.12,99,0,10000,1010,6.8,81,195,3.12,99,0,10000,1010,6.8,81,195,3.12,99,0,10000,1010,6.8,81,195,3.12,99,0,10000,1010,6.8,81,195,3.12,99,0,10000,1010,6.8,81,195,3.12,99,0,10000,1010,6.8,81,195,3.12,99,0,10000,1010,6.8,81,195,3.12,99,0,10000,1010,6.8,81,195,3.12,99,0,10000,1010,6.8,81,195,3.12,99,0,10000,1010,6.8,81,195,3.12,99,0,10000
1018,9.84,66,0,1.54,100,0,10000,6,0,9,4,1009,9.25,76,212,6.25,100,0,10000,1009,9.25,76,212,6.25,100,0,10000,1009,9.25,76,212,6.25,100,0,10000,1009,9.25,76,212,6.25,100,0,10000,1009,9.25,76,212,6.25,100,0,10000,1009,9.25,76,212,6.25,100,0,10000,1009,9.25,76,212,6.25,100,0,10000,1009,9.25,76,212,6.25,100,0,10000,1009,9.25,76,212,6.25,100,0,10000,1009,9.25,76,212,6.25,100,0,10000,1009,9.25,76,212,6.25,100,0,10000,1009,9.25,76,212,6.25,100,0,10000
1018,9.84,66,0,1.54,100,0,10000,9,0,9,4,1018,9.88,65,305,2.8,100,0,10000,1018,9.88,65,305,2.8,100,0,10000,1018,9.88,65,305,2.8,100,0,10000,1018,9.88,65,305,2.8,100,0,10000,1018,9.88,65,305,2.8,100,0,10000,1018,9.88,65,305,2.8,100,0,10000,1018,9.88,65,305,2.8,100,0,10000,1018,9.88,65,305,2.8,100,0,10000,1018,9.88,65,305,2.8,100,0,10000,1018,9.88,65,305,2.8,100,0,10000,1018,9.88,65,305,2.8,100,0,10000,1018,9.88,65,305,2.8,100,0,10000
1018,9.84,66,0,1.54,100,0,10000,12,0,9,4,1017,10.13,64,323,3.19,88,0,10000,1017,10.13,64,323,3.19,88,0,10000,1017,10.13,64,323,3.19,88,0,10000,1017,10.13,64,323,3.19,88,0,10000,1017,10.13,64,323,3.19,88,0,10000,1017,10.13,64,323,3.19,88,0,10000,1017,10.13,64,323,3.19,88,0,10000,1017,10.13,64,323,3.19,88,0,10000,1017,10.13,64,323,3.19,88,0,10000,1017,10.13,64,323,3.19,88,0,10000,1017,10.13,64,323,3.19,88,0,10000,1017,10.13,64,323,3.19,88,0,10000
1018,9.84,66,0,1.54,100,0,10000,15,0,9,4,1015,8.86,75,21,3.04,61,0,10000,1015,8.86,75,21,3.04,61,0,10000,1015,8.86,75,21,3.04,61,0,10000,1015,8.86,75,21,3.04,61,0,10000,1015,8.86,75,21,3.04,61,0,10000,1015,8.86,75,21,3.04,61,0,10000,1015,8.86,75,21,3.04,61,0,10000,1015,8.86,75,21,3.04,61,0,10000,1015,8.86,75,21,3.04,61,0,10000,1015,8.86,75,21,3.04,61,0,10000,1015,8.86,75,21,3.04,61,0,10000,1015,8.86,75,21,3.04,61,0,10000
1018,9.84,66,0,1.54,100,0,10000,18,0,9,4,1015,6.65,78,14,0.82,67,0,10000,1015,6.65,78,14,0.82,67,0,10000,1015,6.65,78,14,0.82,67,0,10000,1015,6.65,78,14,0.82,67,0,10000,1015,6.65,78,14,0.82,67,0,10000,1015,6.65,78,14,0.82,67,0,10000,1015,6.65,78,14,0.82,67,0,10000,1015,6.65,78,14,0.82,67,0,10000,1015,6.65,78,14,0.82,67,0,10000,1015,6.65,78,14,0.82,67,0,10000,1015,6.65,78,14,0.82,67,0,10000,1015,6.65,78,14,0.82,67,0,10000
1018,9.84,66,0,1.54,100,0,10000,21,0,9,4,1014,6.33,79,158,1.22,64,0,10000,1014,6.33,79,158,1.22,64,0,10000,1014,6.33,79,158,1.22,64,0,10000,1014,6.33,79,158,1.22,64,0,10000,1014,6.33,79,158,1.22,64,0,10000,1014,6.33,79,158,1.22,64,0,10000,1014,6.33,79,158,1.22,64,0,10000,1014,6.33,79,158,1.22,64,0,10000,1014,6.33,79,158,1.22,64,0,10000,1014,6.33,79,158,1.22,64,0,10000,1014,6.33,79,158,1.22,64,0,10000,1014,6.33,79,158,1.22,64,0,10000
1018,9.84,66,0,1.54,100,0,10000,0,0,10,4,1011,6.52,77,180,2.05,98,0,10000,1011,6.52,77,180,2.05,98,0,10000,1011,6.52,77,180,2.05,98,0,10000,1011,6.52,77,180,2.05,98,0,10000,1011,6.52,77,180,2.05,98,0,10000,1011,6.52,77,180,2.05,98,0,10000,1011,6.52,77,180,2.05,98,0,10000,1011,6.52,77,180,2.05,98,0,10000,1011,6.52,77,180,2.05,98,0,10000,1011,6.52,77,180,2.05,98,0,10000,1011,6.52,77,180,2.05,98,0,10000,1011,6.52,77,180,2.05,98,0,10000
1018,9.84,66,0,1.54,100,0,10000,3,0,10,4,1010,6.8,81,195,3.12,99,0,10000,1010,6.8,81,195,3.12,99,0,10000,1010,6.8,81,195,3.12,99,0,10000,1010,6.8,81,195,3.12,99,0,10000,1010,6.8,81,195,3.12,99,0,10000,1010,6.8,81,195,3.12,99,0,10000,1010,6.8,81,195,3.12,99,0,10000,1010,6.8,81,195,3.12,99,0,10000,1010,6.8,81,195,3.12,99,0,10000,1010,6.8,81,195,3.12,99,0,10000,1010,6.8,81,195,3.12,99,0,10000,1010,6.8,81,195,3.12,99,0,10000
1018,9.84,66,0,1.54,100,0,10000,6,0,10,4,1009,9.25,76,212,6.25,100,0,10000,1009,9.25,76,212,6.25,100,0,10000,1009,9.25,76,212,6.25,100,0,10000,1009,9.25,76,212,6.25,100,0,10000,1009,9.25,76,212,6.25,100,0,10000,1009,9.25,76,212,6.25,100,0,10000,1009,9.25,76,212,6.25,100,0,10000,1009,9.25,76,212,6.25,100,0,10000,1009,9.25,76,212,6.25,100,0,10000,1009,9.25,76,212,6.25,100,0,10000,1009,9.25,76,212,6.25,100,0,10000,1009,9.25,76,212,6.25,100,0,10000
1018,9.84,66,0,1.54,100,0,10000,9,0,10,4,1018,9.88,65,305,2.8,100,0,10000,1018,9.88,65,305,2.8,100,0,10000,1018,9.88,65,305,2.8,100,0,10000,1018,9.88,65,305,2.8,100,0,10000,1018,9.88,65,305,2.8,100,0,10000,1018,9.88,65,305,2.8,100,0,10000,1018,9.88,65,305,2.8,100,0,10000,1018,9.88,65,305,2.8,100,0,10000,1018,9.88,65,305,2.8,100,0,10000,1018,9.88,65,305,2.8,100,0,10000,1018,9.88,65,305,2.8,100,0,10000,1018,9.88,65,305,2.8,100,0,10000
1018,9.84,66,0,1.54,100,0,10000,12,0,10,4,1017,10.13,64,323,3.19,88,0,10000,1017,10.13,64,323,3.19,88,0,10000,1017,10.13,64,323,3.19,88,0,10000,1017,10.13,64,323,3.19,88,0,10000,1017,10.13,64,323,3.19,88,0,10000,1017,10.13,64,323,3.19,88,0,10000,1017,10.13,64,323,3.19,88,0,10000,1017,10.13,64,323,3.19,88,0,10000,1017,10.13,64,323,3.19,88,0,10000,1017,10.13,64,323,3.19,88,0,10000,1017,10.13,64,323,3.19,88,0,10000,1017,10.13,64,323,3.19,88,0,10000
1018,9.84,66,0,1.54,100,0,10000,15,0,10,4,1015,8.86,75,21,3.04,61,0,10000,1015,8.86,75,21,3.04,61,0,10000,1015,8.86,75,21,3.04,61,0,10000,1015,8.86,75,21,3.04,61,0,10000,1015,8.86,75,21,3.04,61,0,10000,1015,8.86,75,21,3.04,61,0,10000,1015,8.86,75,21,3.04,61,0,10000,1015,8.86,75,21,3.04,61,0,10000,1015,8.86,75,21,3.04,61,0,10000,1015,8.86,75,21,3.04,61,0,10000,1015,8.86,75,21,3.04,61,0,10000,1015,8.86,75,21,3.04,61,0,10000
1018,9.84,66,0,1.54,100,0,10000,18,0,10,4,1015,6.65,78,14,0.82,67,0,10000,1015,6.65,78,14,0.82,67,0,10000,1015,6.65,78,14,0.82,67,0,10000,1015,6.65,78,14,0.82,67,0,10000,1015,6.65,78,14,0.82,67,0,10000,1015,6.65,78,14,0.82,67,0,10000,1015,6.65,78,14,0.82,67,0,10000,1015,6.65,78,14,0.82,67,0,10000,1015,6.65,78,14,0.82,67,0,10000,1015,6.65,78,14,0.82,67,0,10000,1015,6.65,78,14,0.82,67,0,10000,1015,6.65,78,14,0.82,67,0,10000
1018,9.84,66,0,1.54,100,0,10000,21,0,10,4,1014,6.33,79,158,1.22,64,0,10000,1014,6.33,79,158,1.22,64,0,10000,1014,6.33,79,158,1.22,64,0,10000,1014,6.33,79,158,1.22,64,0,10000,1014,6.33,79,158,1.22,64,0,10000,1014,6.33,79,158,1.22,64,0,10000,1014,6.33,79,158,1.22,64,0,10000,1014,6.33,79,158,1.22,64,0,10000,1014,6.33,79,158,1.22,64,0,10000,1014,6.33,79,158,1.22,64,0,10000,1014,6.33,79,158,1.22,64,0,10000,1014,6.33,79,158,1.22,64,0,10000
1018,9.84,66,0,1.54,100,0,10000,0,0,11,4,1011,6.52,77,180,2.05,98,0,10000,1011,6.52,77,180,2.05,98,0,10000,1011,6.52,77,180,2.05,98,0,10000,1011,6.52,77,180,2.05,98,0,10000,1011,6.52,77,180,2.05,98,0,10000,1011,6.52,77,180,2.05,98,0,10000,1011,6.52,77,180,2.05,98,0,10000,1011,6.52,77,180,2.05,98,0,10000,1011,6.52,77,180,2.05,98,0,10000,1011,6.52,77,180,2.05,98,0,10000,1011,6.52,77,180,2.05,98,0,10000,1011,6.52,77,180,2.05,98,0,10000
