1021,9.84,93,310,5.66,100,0,10000,0,0,12,11,1021,6.21,71,15,1.71,48,0,10000,1021,6.21,71,15,1.71,48,0,10000,1021,6.21,71,15,1.71,48,0,10000,1021,6.21,71,15,1.71,48,0,10000,1021,6.21,71,15,1.71,48,0,10000,1021,6.21,71,15,1.71,48,0,10000,1021,6.21,71,15,1.71,48,0,10000,1021,6.21,71,15,1.71,48,0,10000,1021,6.21,71,15,1.71,48,0,10000,1021,6.21,71,15,1.71,48,0,10000,1021,6.21,71,15,1.71,48,0,10000,1021,6.21,71,15,1.71,48,0,10000
1021,9.84,93,310,5.66,100,0,10000,3,0,12,11,1020,7.75,69,337,1.14,75,0,10000,1020,7.75,69,337,1.14,75,0,10000,1020,7.75,69,337,1.14,75,0,10000,1020,7.75,69,337,1.14,75,0,10000,1020,7.75,69,337,1.14,75,0,10000,1020,7.75,69,337,1.14,75,0,10000,1020,7.75,69,337,1.14,75,0,10000,1020,7.75,69,337,1.14,75,0,10000,1020,7.75,69,337,1.14,75,0,10000,1020,7.75,69,337,1.14,75,0,10000,1020,7.75,69,337,1.14,75,0,10000,1020,7.75,69,337,1.14,75,0,10000
1021,9.84,93,310,5.66,100,0,10000,6,0,12,11,1019,9.2,64,241,0.85,100,0,10000,1019,9.2,64,241,0.85,100,0,10000,1019,9.2,64,241,0.85,100,0,10000,1019,9.2,64,241,0.85,100,0,10000,1019,9.2,64,241,0.85,100,0,10000,1019,9.2,64,241,0.85,100,0,10000,1019,9.2,64,241,0.85,100,0,10000,1019,9.2,64,241,0.85,100,0,10000,1019,9.2,64,241,0.85,100,0,10000,1019,9.2,64,241,0.85,100,0,10000,1019,9.2,64,241,0.85,100,0,10000,1019,9.2,64,241,0.85,100,0,10000
1021,9.84,93,310,5.66,100,0,10000,9,0,12,11,1018,10.04,67,220,2.4,100,0,10000,1018,10.04,67,220,2.4,100,0,10000,1018,10.04,67,220,2.4,100,0,10000,1018,10.04,67,220,2.4,100,0,10000,1018,10.04,67,220,2.4,100,0,10000,1018,10.04,67,220,2.4,100,0,10000,1018,10.04,67,220,2.4,100,0,10000,1018,10.04,67,220,2.4,100,0,10000,1018,10.04,67,220,2.4,100,0,10000,1018,10.04,67,220,2.4,100,0,10000,1018,10.04,67,220,2.4,100,0,10000,1018,10.04,67,220,2.4,100,0,10000
1021,9.84,93,310,5.66,100,0,10000,12,0,12,11,1016,10.18,74,46,0.75,93,0,10000,1016,10.18,74,46,0.75,93,0,10000,1016,10.18,74,46,0.75,93,0,10000,1016,10.18,74,46,0.75,93,0,10000,1016,10.18,74,46,0.75,93,0,10000,1016,10.18,74,46,0.75,93,0,10000,1016,10.18,74,46,0.75,93,0,10000,1016,10.18,74,46,0.75,93,0,10000,1016,10.18,74,46,0.75,93,0,10000,1016,10.18,74,46,0.75,93,0,10000,1016,10.18,74,46,0.75,93,0,10000,1016,10.18,74,46,0.75,93,0,10000
1021,9.84,93,310,5.66,100,0,10000,15,0,12,11,1021,9.84,93,346,4.67,100,0,10000,1021,9.84,93,346,4.67,100,0,10000,1021,9.84,93,346,4.67,100,0,10000,1021,9.84,93,346,4.67,100,0,10000,1021,9.84,93,346,4.67,100,0,10000,1021,9.84,93,346,4.67,100,0,10000,1021,9.84,93,346,4.67,100,0,10000,1021,9.84,93,346,4.67,100,0,10000,1021,9.84,93,346,4.67,100,0,10000,1021,9.84,93,346,4.67,100,0,10000,1021,9.84,93,346,4.67,100,0,10000,1021,9.84,93,346,4.67,100,0,10000
1021,9.84,93,310,5.66,100,0,10000,18,0,12,11,1021,9.28,88,5,4.15,97,0,10000,1021,9.28,88,5,4.15,97,0,10000,1021,9.28,88,5,4.15,97,0,10000,1021,9.28,88,5,4.15,97,0,10000,1021,9.28,88,5,4.15,97,0,10000,1021,9.28,88,5,4.15,97,0,10000,1021,9.28,88,5,4.15,97,0,10000,1021,9.28,88,5,4.15,97,0,10000,1021,9.28,88,5,4.15,97,0,10000,1021,9.28,88,5,4.15,97,0,10000,1021,9.28,88,5,4.15,97,0,10000,1021,9.28,88,5,4.15,97,0,10000
1021,9.84,93,310,5.66,100,0,10000,21,0,12,11,1022,8.46,85,32,3.52,95,0,10000,1022,8.46,85,32,3.52,95,0,10000,1022,8.46,85,32,3.52,95,0,10000,1022,8.46,85,32,3.52,95,0,10000,1022,8.46,85,32,3.52,95,0,10000,1022,8.46,85,32,3.52,95,0,10000,1022,8.46,85,32,3.52,95,0,10000,1022,8.46,85,32,3.52,95,0,10000,1022,8.46,85,32,3.52,95,0,10000,1022,8.46,85,32,3.52,95,0,10000,1022,8.46,85,32,3.52,95,0,10000,1022,8.46,85,32,3.52,95,0,10000
1021,9.84,93,310,5.66,100,0,10000,0,0,13,11,1021,6.21,71,15,1.71,48,0,10000,1021,6.21,71,15,1.71,48,0,10000,1021,6.21,71,15,1.71,48,0,10000,1021,6.21,71,15,1.71,48,0,10000,1021,6.21,71,15,1.71,48,0,10000,1021,6.21,71,15,1.71,48,0,10000,1021,6.21,71,15,1.71,48,0,10000,1021,6.21,71,15,1.71,48,0,10000,1021,6.21,71,15,1.71,48,0,10000,1021,6.21,71,15,1.71,48,0,10000,1021,6.21,71,15,1.71,48,0,10000,1021,6.21,71,15,1.71,48,0,10000
1021,9.84,93,310,5.66,100,0,10000,3,0,13,11,1020,7.75,69,337,1.14,75,0,10000,1020,7.75,69,337,1.14,75,0,10000,1020,7.75,69,337,1.14,75,0,10000,1020,7.75,69,337,1.14,75,0,10000,1020,7.75,69,337,1.14,75,0,10000,1020,7.75,69,337,1.14,75,0,10000,1020,7.75,69,337,1.14,75,0,10000,1020,7.75,69,337,1.14,75,0,10000,1020,7.75,69,337,1.14,75,0,10000,1020,7.75,69,337,1.14,75,0,10000,1020,7.75,69,337,1.14,75,0,10000,1020,7.75,69,337,1.14,75,0,10000
1021,9.84,93,310,5.66,100,0,10000,6,0,13,11,1019,9.2,64,241,0.85,100,0,10000,1019,9.2,64,241,0.85,100,0,10000,1019,9.2,64,241,0.85,100,0,10000,1019,9.2,64,241,0.85,100,0,10000,1019,9.2,64,241,0.85,100,0,10000,1019,9.2,64,241,0.85,100,0,10000,1019,9.2,64,241,0.85,100,0,10000,1019,9.2,64,241,0.85,100,0,10000,1019,9.2,64,241,0.85,100,0,10000,1019,9.2,64,241,0.85,100,0,10000,1019,9.2,64,241,0.85,100,0,10000,1019,9.2,64,241,0.85,100,0,10000
1021,9.84,93,310,5.66,100,0,10000,9,0,13,11,1018,10.04,67,220,2.4,100,0,10000,1018,10.04,67,220,2.4,100,0,10000,1018,10.04,67,220,2.4,100,0,10000,1018,10.04,67,220,2.4,100,0,10000,1018,10.04,67,220,2.4,100,0,10000,1018,10.04,67,220,2.4,100,0,10000,1018,10.04,67,220,2.4,100,0,10000,1018,10.04,67,220,2.4,100,0,10000,1018,10.04,67,220,2.4,100,0,10000,1018,10.04,67,220,2.4,100,0,10000,1018,10.04,67,220,2.4,100,0,10000,1018,10.04,67,220,2.4,100,0,10000
1021,9.84,93,310,5.66,100,0,10000,12,0,13,11,1016,10.18,74,46,0.75,93,0,10000,1016,10.18,74,46,0.75,93,0,10000,1016,10.18,74,46,0.75,93,0,10000,1016,10.18,74,46,0.75,93,0,10000,1016,10.18,74,46,0.75,93,0,10000,1016,10.18,74,46,0.75,93,0,10000,1016,10.18,74,46,0.75,93,0,10000,1016,10.18,74,46,0.75,93,0,10000,1016,10.18,74,46,0.75,93,0,10000,1016,10.18,74,46,0.75,93,0,10000,1016,10.18,74,46,0.75,93,0,10000,1016,10.18,74,46,0.75,93,0,10000
1021,9.84,93,310,5.66,100,0,10000,15,0,13,11,1021,9.84,93,346,4.67,100,0,10000,1021,9.84,93,346,4.67,100,0,10000,1021,9.84,93,346,4.67,100,0,10000,1021,9.84,93,346,4.67,100,0,10000,1021,9.84,93,346,4.67,100,0,10000,1021,9.84,93,346,4.67,100,0,10000,1021,9.84,93,346,4.67,100,0,10000,1021,9.84,93,346,4.67,100,0,10000,1021,9.84,93,346,4.67,100,0,10000,1021,9.84,93,346,4.67,100,0,10000,1021,9.84,93,346,4.67,100,0,10000,1021,9.84,93,346,4.67,100,0,10000
1021,9.84,93,310,5.66,100,0,10000,18,0,13,11,1021,9.28,88,5,4.15,97,0,10000,1021,9.28,88,5,4.15,97,0,10000,1021,9.28,88,5,4.15,97,0,10000,1021,9.28,88,5,4.15,97,0,10000,1021,9.28,88,5,4.15,97,0,10000,1021,9.28,88,5,4.15,97,0,10000,1021,9.28,88,5,4.15,97,0,10000,1021,9.28,88,5,4.15,97,0,10000,1021,9.28,88,5,4.15,97,0,10000,1021,9.28,88,5,4.15,97,0,10000,1021,9.28,88,5,4.15,97,0,10000,1021,9.28,88,5,4.15,97,0,10000
1021,9.84,93,310,5.66,100,0,10000,21,0,13,11,1022,8.46,85,32,3.52,95,0,10000,1022,8.46,85,32,3.52,95,0,10000,1022,8.46,85,32,3.52,95,0,10000,1022,8.46,85,32,3.52,95,0,10000,1022,8.46,85,32,3.52,95,0,10000,1022,8.46,85,32,3.52,95,0,10000,1022,8.46,85,32,3.52,95,0,10000,1022,8.46,85,32,3.52,95,0,10000,1022,8.46,85,32,3.52,95,0,10000,1022,8.46,85,32,3.52,95,0,10000,1022,8.46,85,32,3.52,95,0,10000,1022,8.46,85,32,3.52,95,0,10000
1021,9.84,93,310,5.66,100,0,10000,0,0,14,11,1021,6.21,71,15,1.71,48,0,10000,1021,6.21,71,15,1.71,48,0,10000,1021,6.21,71,15,1.71,48,0,10000,1021,6.21,71,15,1.71,48,0,10000,1021,6.21,71,15,1.71,48,0,10000,1021,6.21,71,15,1.71,48,0,10000,1021,6.21,71,15,1.71,48,0,10000,1021,6.21,71,15,1.71,48,0,10000,1021,6.21,71,15,1.71,48,0,10000,1021,6.21,71,15,1.71,48,0,10000,1021,6.21,71,15,1.71,48,0,10000,1021,6.21,71,15,1.71,48,0,10000
1021,9.84,93,310,5.66,100,0,10000,3,0,14,11,1020,7.75,69,337,1.14,75,0,10000,1020,7.75,69,337,1.14,75,0,10000,1020,7.75,69,337,1.14,75,0,10000,1020,7.75,69,337,1.14,75,0,10000,1020,7.75,69,337,1.14,75,0,10000,1020,7.75,69,337,1.14,75,0,10000,1020,7.75,69,337,1.14,75,0,10000,1020,7.75,69,337,1.14,75,0,10000,1020,7.75,69,337,1.14,75,0,10000,1020,7.75,69,337,1.14,75,0,10000,1020,7.75,69,337,1.14,75,0,10000,1020,7.75,69,337,1.14,75,0,10000
1021,9.84,93,310,5.66,100,0,10000,6,0,14,11,1019,9.2,64,241,0.85,100,0,10000,1019,9.2,64,241,0.85,100,0,10000,1019,9.2,64,241,0.85,100,0,10000,1019,9.2,64,241,0.85,100,0,10000,1019,9.2,64,241,0.85,100,0,10000,1019,9.2,64,241,0.85,100,0,10000,1019,9.2,64,241,0.85,100,0,10000,1019,9.2,64,241,0.85,100,0,10000,1019,9.2,64,241,0.85,100,0,10000,1019,9.2,64,241,0.85,100,0,10000,1019,9.2,64,241,0.85,100,0,10000,1019,9.2,64,241,0.85,100,0,10000
1021,9.84,93,310,5.66,100,0,10000,9,0,14,11,1018,10.04,67,220,2.4,100,0,10000,1018,10.04,67,220,2.4,100,0,10000,1018,10.04,67,220,2.4,100,0,10000,1018,10.04,67,220,2.4,100,0,10000,1018,10.04,67,220,2.4,100,0,10000,1018,10.04,67,220,2.4,100,0,10000,1018,10.04,67,220,2.4,100,0,10000,1018,10.04,67,220,2.4,100,0,10000,1018,10.04,67,220,2.4,100,0,10000,1018,10.04,67,220,2.4,100,0,10000,1018,10.04,67,220,2.4,100,0,10000,1018,10.04,67,220,2.4,100,0,10000
1021,9.84,93,310,5.66,100,0,10000,12,0,14,11,1016,10.18,74,46,0.75,93,0,10000,1016,10.18,74,46,0.75,93,0,10000,1016,10.18,74,46,0.75,93,0,10000,1016,10.18,74,46,0.75,93,0,10000,1016,10.18,74,46,0.75,93,0,10000,1016,10.18,74,46,0.75,93,0,10000,1016,10.18,74,46,0.75,93,0,10000,1016,10.18,74,46,0.75,93,0,10000,1016,10.18,74,46,0.75,93,0,10000,1016,10.18,74,46,0.75,93,0,10000,1016,10.18,74,46,0.75,93,0,10000,1016,10.18,74,46,0.75,93,0,10000
1021,9.84,93,310,5.66,100,0,10000,15,0,14,11,1021,9.84,93,346,4.67,100,0,10000,1021,9.84,93,346,4.67,100,0,10000,1021,9.84,93,346,4.67,100,0,10000,1021,9.84,93,346,4.67,100,0,10000,1021,9.84,93,346,4.67,100,0,10000,1021,9.84,93,346,4.67,100,0,10000,1021,9.84,93,346,4.67,100,0,10000,1021,9.84,93,346,4.67,100,0,10000,1021,9.84,93,346,4.67,100,0,10000,1021,9.84,93,346,4.67,100,0,10000,1021,9.84,93,346,4.67,100,0,10000,1021,9.84,93,346,4.67,100,0,10000
1021,9.84,93,310,5.66,100,0,10000,18,0,14,11,1021,9.28,88,5,4.15,97,0,10000,1021,9.28,88,5,4.15,97,0,10000,1021,9.28,88,5,4.15,97,0,10000,1021,9.28,88,5,4.15,97,0,10000,1021,9.28,88,5,4.15,97,0,10000,1021,9.28,88,5,4.15,97,0,10000,1021,9.28,88,5,4.15,97,0,10000,1021,9.28,88,5,4.15,97,0,10000,1021,9.28,88,5,4.15,97,0,10000,1021,9.28,88,5,4.15,97,0,10000,1021,9.28,88,5,4.15,97,0,10000,1021,9.28,88,5,4.15,97,0,10000
1021,9.84,93,310,5.66,100,0,10000,21,0,14,11,1022,8.46,85,32,3.52,95,0,10000,1022,8.46,85,32,3.52,95,0,10000,1022,8.46,85,32,3.52,95,0,10000,1022,8.46,85,32,3.52,95,0,10000,1022,8.46,85,32,3.52,95,0,10000,1022,8.46,85,32,3.52,95,0,10000,1022,8.46,85,32,3.52,95,0,10000,1022,8.46,85,32,3.52,95,0,10000,1022,8.46,85,32,3.52,95,0,10000,1022,8.46,85,32,3.52,95,0,10000,1022,8.46,85,32,3.52,95,0,10000,1022,8.46,85,32,3.52,95,0,10000
1021,9.84,93,310,5.66,100,0,10000,0,0,15,11,1021,6.21,71,15,1.71,48,0,10000,1021,6.21,71,15,1.71,48,0,10000,1021,6.21,71,15,1.71,48,0,10000,1021,6.21,71,15,1.71,48,0,10000,1021,6.21,71,15,1.71,48,0,10000,1021,6.21,71,15,1.71,48,0,10000,1021,6.21,71,15,1.71,48,0,10000,1021,6.21,71,15,1.71,48,0,10000,1021,6.21,71,15,1.71,48,0,10000,1021,6.21,71,15,1.71,48,0,10000,1021,6.21,71,15,1.71,48,0,10000,1021,6.21,71,15,1.71,48,0,10000
1021,9.84,93,310,5.66,100,0,10000,3,0,15,11,1020,7.75,69,337,1.14,75,0,10000,1020,7.75,69,337,1.14,75,0,10000,1020,7.75,69,337,1.14,75,0,10000,1020,7.75,69,337,1.14,75,0,10000,1020,7.75,69,337,1.14,75,0,10000,1020,7.75,69,337,1.14,75,0,10000,1020,7.75,69,337,1.14,75,0,10000,1020,7.75,69,337,1.14,75,0,10000,1020,7.75,69,337,1.14,75,0,10000,1020,7.75,69,337,1.14,75,0,10000,1020,7.75,69,337,1.14,75,0,10000,1020,7.75,69,337,1.14,75,0,10000
1021,9.84,93,310,5.66,100,0,10000,6,0,15,11,1019,9.2,64,241,0.85,100,0,10000,1019,9.2,64,241,0.85,100,0,10000,1019,9.2,64,241,0.85,100,0,10000,1019,9.2,64,241,0.85,100,0,10000,1019,9.2,64,241,0.85,100,0,10000,1019,9.2,64,241,0.85,100,0,10000,1019,9.2,64,241,0.85,100,0,10000,1019,9.2,64,241,0.85,100,0,10000,1019,9.2,64,241,0.85,100,0,10000,1019,9.2,64,241,0.85,100,0,10000,1019,9.2,64,241,0.85,100,0,10000,1019,9.2,64,241,0.85,100,0,10000
1021,9.84,93,310,5.66,100,0,10000,9,0,15,11,1018,10.04,67,220,2.4,100,0,10000,1018,10.04,67,220,2.4,100,0,10000,1018,10.04,67,220,2.4,100,0,10000,1018,10.04,67,220,2.4,100,0,10000,1018,10.04,67,220,2.4,100,0,10000,1018,10.04,67,220,2.4,100,0,10000,1018,10.04,67,220,2.4,100,0,10000,1018,10.04,67,220,2.4,100,0,10000,1018,10.04,67,220,2.4,100,0,10000,1018,10.04,67,220,2.4,100,0,10000,1018,10.04,67,220,2.4,100,0,10000,1018,10.04,67,220,2.4,100,0,10000
1021,9.84,93,310,5.66,100,0,10000,12,0,15,11,1016,10.18,74,46,0.75,93,0,10000,1016,10.18,74,46,0.75,93,0,10000,1016,10.18,74,46,0.75,93,0,10000,1016,10.18,74,46,0.75,93,0,10000,1016,10.18,74,46,0.75,93,0,10000,1016,10.18,74,46,0.75,93,0,10000,1016,10.18,74,46,0.75,93,0,10000,1016,10.18,74,46,0.75,93,0,10000,1016,10.18,74,46,0.75,93,0,10000,1016,10.18,74,46,0.75,93,0,10000,1016,10.18,74,46,0.75,93,0,10000,1016,10.18,74,46,0.75,93,0,10000
1021,9.84,93,310,5.66,100,0,10000,15,0,15,11,1021,9.84,93,346,4.67,100,0,10000,1021,9.84,93,346,4.67,100,0,10000,1021,9.84,93,346,4.67,100,0,10000,1021,9.84,93,346,4.67,100,0,10000,1021,9.84,93,346,4.67,100,0,10000,1021,9.84,93,346,4.67,100,0,10000,1021,9.84,93,346,4.67,100,0,10000,1021,9.84,93,346,4.67,100,0,10000,1021,9.84,93,346,4.67,100,0,10000,1021,9.84,93,346,4.67,100,0,10000,1021,9.84,93,346,4.67,100,0,10000,1021,9.84,93,346,4.67,100,0,10000
1021,9.84,93,310,5.66,100,0,10000,18,0,15,11,1021,9.28,88,5,4.15,97,0,10000,1021,9.28,88,5,4.15,97,0,10000,1021,9.28,88,5,4.15,97,0,10000,1021,9.28,88,5,4.15,97,0,10000,1021,9.28,88,5,4.15,97,0,10000,1021,9.28,88,5,4.15,97,0,10000,1021,9.28,88,5,4.15,97,0,10000,1021,9.28,88,5,4.15,97,0,10000,1021,9.28,88,5,4.15,97,0,10000,1021,9.28,88,5,4.15,97,0,10000,1021,9.28,88,5,4.15,97,0,10000,1021,9.28,88,5,4.15,97,0,10000
1021,9.84,93,310,5.66,100,0,10000,21,0,15,11,1022,8.46,85,32,3.52,95,0,10000,1022,8.46,85,32,3.52,95,0,10000,1022,8.46,85,32,3.52,95,0,10000,1022,8.46,85,32,3.52,95,0,10000,1022,8.46,85,32,3.52,95,0,10000,1022,8.46,85,32,3.52,95,0,10000,1022,8.46,85,32,3.52,95,0,10000,1022,8.46,85,32,3.52,95,0,10000,1022,8.46,85,32,3.52,95,0,10000,1022,8.46,85,32,3.52,95,0,10000,1022,8.46,85,32,3.52,95,0,10000,1022,8.46,85,32,3.52,95,0,10000
1021,9.84,93,310,5.66,100,0,10000,0,0,16,11,1021,6.21,71,15,1.71,48,0,10000,1021,6.21,71,15,1.71,48,0,10000,1021,6.21,71,15,1.71,48,0,10000,1021,6.21,71,15,1.71,48,0,10000,1021,6.21,71,15,1.71,48,0,10000,1021,6.21,71,15,1.71,48,0,10000,1021,6.21,71,15,1.71,48,0,10000,1021,6.21,71,15,1.71,48,0,10000,1021,6.21,71,15,1.71,48,0,10000,1021,6.21,71,15,1.71,48,0,10000,1021,6.21,71,15,1.71,48,0,10000,1021,6.21,71,15,1.71,48,0,10000
1021,9.84,93,310,5.66,100,0,10000,3,0,16,11,1020,7.75,69,337,1.14,75,0,10000,1020,7.75,69,337,1.14,75,0,10000,1020,7.75,69,337,1.14,75,0,10000,1020,7.75,69,337,1.14,75,0,10000,1020,7.75,69,337,1.14,75,0,10000,1020,7.75,69,337,1.14,75,0,10000,1020,7.75,69,337,1.14,75,0,10000,1020,7.75,69,337,1.14,75,0,10000,1020,7.75,69,337,1.14,75,0,10000,1020,7.75,69,337,1.14,75,0,10000,1020,7.75,69,337,1.14,75,0,10000,1020,7.75,69,337,1.14,75,0,10000
1021,9.84,93,310,5.66,100,0,10000,6,0,16,11,1019,9.2,64,241,0.85,100,0,10000,1019,9.2,64,241,0.85,100,0,10000,1019,9.2,64,241,0.85,100,0,10000,1019,9.2,64,241,0.85,100,0,10000,1019,9.2,64,241,0.85,100,0,10000,1019,9.2,64,241,0.85,100,0,10000,1019,9.2,64,241,0.85,100,0,10000,1019,9.2,64,241,0.85,100,0,10000,1019,9.2,64,241,0.85,100,0,10000,1019,9.2,64,241,0.85,100,0,10000,1019,9.2,64,241,0.85,100,0,10000,1019,9.2,64,241,0.85,100,0,10000
1021,9.84,93,310,5.66,100,0,10000,9,0,16,11,1018,10.04,67,220,2.4,100,0,10000,1018,10.04,67,220,2.4,100,0,10000,1018,10.04,67,220,2.4,100,0,10000,1018,10.04,67,220,2.4,100,0,10000,1018,10.04,67,220,2.4,100,0,10000,1018,10.04,67,220,2.4,100,0,10000,1018,10.04,67,220,2.4,100,0,10000,1018,10.04,67,220,2.4,100,0,10000,1018,10.04,67,220,2.4,100,0,10000,1018,10.04,67,220,2.4,100,0,10000,1018,10.04,67,220,2.4,100,0,10000,1018,10.04,67,220,2.4,100,0,10000
1021,9.84,93,310,5.66,100,0,10000,12,0,16,11,1016,10.18,74,46,0.75,93,0,10000,1016,10.18,74,46,0.75,93,0,10000,1016,10.18,74,46,0.75,93,0,10000,1016,10.18,74,46,0.75,93,0,10000,1016,10.18,74,46,0.75,93,0,10000,1016,10.18,74,46,0.75,93,0,10000,1016,10.18,74,46,0.75,93,0,10000,1016,10.18,74,46,0.75,93,0,10000,1016,10.18,74,46,0.75,93,0,10000,1016,10.18,74,46,0.75,93,0,10000,1016,10.18,74,46,0.75,93,0,10000,1016,10.18,74,46,0.75,93,0,10000
1021,9.84,93,310,5.66,100,0,10000,15,0,16,11,1021,9.84,93,346,4.67,100,0,10000,1021,9.84,93,346,4.67,100,0,10000,1021,9.84,93,346,4.67,100,0,10000,1021,9.84,93,346,4.67,100,0,10000,1021,9.84,93,346,4.67,100,0,10000,1021,9.84,93,346,4.67,100,0,10000,1021,9.84,93,346,4.67,100,0,10000,1021,9.84,93,346,4.67,100,0,10000,1021,9.84,93,346,4.67,100,0,10000,1021,9.84,93,346,4.67,100,0,10000,1021,9.84,93,346,4.67,100,0,10000,1021,9.84,93,346,4.67,100,0,10000
1021,9.84,93,310,5.66,100,0,10000,18,0,16,11,1021,9.28,88,5,4.15,97,0,10000,1021,9.28,88,5,4.15,97,0,10000,1021,9.28,88,5,4.15,97,0,10000,1021,9.28,88,5,4.15,97,0,10000,1021,9.28,88,5,4.15,97,0,10000,1021,9.28,88,5,4.15,97,0,10000,1021,9.28,88,5,4.15,97,0,10000,1021,9.28,88,5,4.15,97,0,10000,1021,9.28,88,5,4.15,97,0,10000,1021,9.28,88,5,4.15,97,0,10000,1021,9.28,88,5,4.15,97,0,10000,1021,9.28,88,5,4.15,97,0,10000
1021,9.84,93,310,5.66,100,0,10000,21,0,16,11,1022,8.46,85,32,3.52,95,0,10000,1022,8.46,85,32,3.52,95,0,10000,1022,8.46,85,32,3.52,95,0,10000,1022,8.46,85,32,3.52,95,0,10000,1022,8.46,85,32,3.52,95,0,10000,1022,8.46,85,32,3.52,95,0,10000,1022,8.46,85,32,3.52,95,0,10000,1022,8.46,85,32,3.52,95,0,10000,1022,8.46,85,32,3.52,95,0,10000,1022,8.46,85,32,3.52,95,0,10000,1022,8.46,85,32,3.52,95,0,10000,1022,8.46,85,32,3.52,95,0,10000
1021,9.84,93,310,5.66,100,0,10000,0,0,17,11,1021,6.21,71,15,1.71,48,0,10000,1021,6.21,71,15,1.71,48,0,10000,1021,6.21,71,15,1.71,48,0,10000,1021,6.21,71,15,1.71,48,0,10000,1021,6.21,71,15,1.71,48,0,10000,1021,6.21,71,15,1.71,48,0,10000,1021,6.21,71,15,1.71,48,0,10000,1021,6.21,71,15,1.71,48,0,10000,1021,6.21,71,15,1.71,48,0,10000,1021,6.21,71,15,1.71,48,0,10000,1021,6.21,71,15,1.71,48,0,10000,1021,6.21,71,15,1.71,48,0,10000
1021,9.84,93,310,5.66,100,0,10000,3,0,17,11,1020,7.75,69,337,1.14,75,0,10000,1020,7.75,69,337,1.14,75,0,10000,1020,7.75,69,337,1.14,75,0,10000,1020,7.75,69,337,1.14,75,0,10000,1020,7.75,69,337,1.14,75,0,10000,1020,7.75,69,337,1.14,75,0,10000,1020,7.75,69,337,1.14,75,0,10000,1020,7.75,69,337,1.14,75,0,10000,1020,7.75,69,337,1.14,75,0,10000,1020,7.75,69,337,1.14,75,0,10000,1020,7.75,69,337,1.14,75,0,10000,1020,7.75,69,337,1.14,75,0,10000
1021,9.84,93,310,5.66,100,0,10000,6,0,17,11,1019,9.2,64,241,0.85,100,0,10000,1019,9.2,64,241,0.85,100,0,10000,1019,9.2,64,241,0.85,100,0,10000,1019,9.2,64,241,0.85,100,0,10000,1019,9.2,64,241,0.85,100,0,10000,1019,9.2,64,241,0.85,100,0,10000,1019,9.2,64,241,0.85,100,0,10000,1019,9.2,64,241,0.85,100,0,10000,1019,9.2,64,241,0.85,100,0,10000,1019,9.2,64,241,0.85,100,0,10000,1019,9.2,64,241,0.85,100,0,10000,1019,9.2,64,241,0.85,100,0,10000
1021,9.84,93,310,5.66,100,0,10000,9,0,17,11,1018,10.04,67,220,2.4,100,0,10000,1018,10.04,67,220,2.4,100,0,10000,1018,10.04,67,220,2.4,100,0,10000,1018,10.04,67,220,2.4,100,0,10000,1018,10.04,67,220,2.4,100,0,10000,1018,10.04,67,220,2.4,100,0,10000,1018,10.04,67,220,2.4,100,0,10000,1018,10.04,67,220,2.4,100,0,10000,1018,10.04,67,220,2.4,100,0,10000,1018,10.04,67,220,2.4,100,0,10000,1018,10.04,67,220,2.4,100,0,10000,1018,10.04,67,220,2.4,100,0,10000
1021,9.84,93,310,5.66,100,0,10000,12,0,17,11,1016,10.18,74,46,0.75,93,0,10000,1016,10.18,74,46,0.75,93,0,10000,1016,10.18,74,46,0.75,93,0,10000,1016,10.18,74,46,0.75,93,0,10000,1016,10.18,74,46,0.75,93,0,10000,1016,10.18,74,46,0.75,93,0,10000,1016,10.18,74,46,0.75,93,0,10000,1016,10.18,74,46,0.75,93,0,10000,1016,10.18,74,46,0.75,93,0,10000,1016,10.18,74,46,0.75,93,0,10000,1016,10.18,74,46,0.75,93,0,10000,1016,10.18,74,46,0.75,93,0,10000
1021,9.84,93,310,5.66,100,0,10000,15,0,17,11,1021,9.84,93,346,4.67,100,0,10000,1021,9.84,93,346,4.67,100,0,10000,1021,9.84,93,346,4.67,100,0,10000,1021,9.84,93,346,4.67,100,0,10000,1021,9.84,93,346,4.67,100,0,10000,1021,9.84,93,346,4.67,100,0,10000,1021,9.84,93,346,4.67,100,0,10000,1021,9.84,93,346,4.67,100,0,10000,1021,9.84,93,346,4.67,100,0,10000,1021,9.84,93,346,4.67,100,0,10000,1021,9.84,93,346,4.67,100,0,10000,1021,9.84,93,346,4.67,100,0,10000
1021,9.84,93,310,5.66,100,0,10000,18,0,17,11,1021,9.28,88,5,4.15,97,0,10000,1021,9.28,88,5,4.15,97,0,10000,1021,9.28,88,5,4.15,97,0,10000,1021,9.28,88,5,4.15,97,0,10000,1021,9.28,88,5,4.15,97,0,10000,1021,9.28,88,5,4.15,97,0,10000,1021,9.28,88,5,4.15,97,0,10000,1021,9.28,88,5,4.15,97,0,10000,1021,9.28,88,5,4.15,97,0,10000,1021,9.28,88,5,4.15,97,0,10000,1021,9.28,88,5,4.15,97,0,10000,1021,9.28,88,5,4.15,97,0,10000
1021,9.84,93,310,5.66,100,0,10000,21,0,17,11,1022,8.46,85,32,3.52,95,0,10000,1022,8.46,85,32,3.52,95,0,10000,1022,8.46,85,32,3.52,95,0,10000,1022,8.46,85,32,3.52,95,0,10000,1022,8.46,85,32,3.52,95,0,10000,1022,8.46,85,32,3.52,95,0,10000,1022,8.46,85,32,3.52,95,0,10000,1022,8.46,85,32,3.52,95,0,10000,1022,8.46,85,32,3.52,95,0,10000,1022,8.46,85,32,3.52,95,0,10000,1022,8.46,85,32,3.52,95,0,10000,1022,8.46,85,32,3.52,95,0,10000
1021,9.84,93,310,5.66,100,0,10000,0,0,18,11,1021,6.21,71,15,1.71,48,0,10000,1021,6.21,71,15,1.71,48,0,10000,1021,6.21,71,15,1.71,48,0,10000,1021,6.21,71,15,1.71,48,0,10000,1021,6.21,71,15,1.71,48,0,10000,1021,6.21,71,15,1.71,48,0,10000,1021,6.21,71,15,1.71,48,0,10000,1021,6.21,71,15,1.71,48,0,10000,1021,6.21,71,15,1.71,48,0,10000,1021,6.21,71,15,1.71,48,0,10000,1021,6.21,71,15,1.71,48,0,10000,1021,6.21,71,15,1.71,48,0,10000
1021,9.84,93,310,5.66,100,0,10000,3,0,18,11,1020,7.75,69,337,1.14,75,0,10000,1020,7.75,69,337,1.14,75,0,10000,1020,7.75,69,337,1.14,75,0,10000,1020,7.75,69,337,1.14,75,0,10000,1020,7.75,69,337,1.14,75,0,10000,1020,7.75,69,337,1.14,75,0,10000,1020,7.75,69,337,1.14,75,0,10000,1020,7.75,69,337,1.14,75,0,10000,1020,7.75,69,337,1.14,75,0,10000,1020,7.75,69,337,1.14,75,0,10000,1020,7.75,69,337,1.14,75,0,10000,1020,7.75,69,337,1.14,75,0,10000
1021,9.84,93,310,5.66,100,0,10000,6,0,18,11,1019,9.2,64,241,0.85,100,0,10000,1019,9.2,64,241,0.85,100,0,10000,1019,9.2,64,241,0.85,100,0,10000,1019,9.2,64,241,0.85,100,0,10000,1019,9.2,64,241,0.85,100,0,10000,1019,9.2,64,241,0.85,100,0,10000,1019,9.2,64,241,0.85,100,0,10000,1019,9.2,64,241,0.85,100,0,10000,1019,9.2,64,241,0.85,100,0,10000,1019,9.2,64,241,0.85,100,0,10000,1019,9.2,64,241,0.85,100,0,10000,1019,9.2,64,241,0.85,100,0,10000
1021,9.84,93,310,5.66,100,0,10000,9,0,18,11,1018,10.04,67,220,2.4,100,0,10000,1018,10.04,67,220,2.4,100,0,10000,1018,10.04,67,220,2.4,100,0,10000,1018,10.04,67,220,2.4,100,0,10000,1018,10.04,67,220,2.4,100,0,10000,1018,10.04,67,220,2.4,100,0,10000,1018,10.04,67,220,2.4,100,0,10000,1018,10.04,67,220,2.4,100,0,10000,1018,10.04,67,220,2.4,100,0,10000,1018,10.04,67,220,2.4,100,0,10000,1018,10.04,67,220,2.4,100,0,10000,1018,10.04,67,220,2.4,100,0,10000
1021,9.84,93,310,5.66,100,0,10000,12,0,18,11,1016,10.18,74,46,0.75,93,0,10000,1016,10.18,74,46,0.75,93,0,10000,1016,10.18,74,46,0.75,93,0,10000,1016,10.18,74,46,0.75,93,0,10000,1016,10.18,74,46,0.75,93,0,10000,1016,10.18,74,46,0.75,93,0,10000,1016,10.18,74,46,0.75,93,0,10000,1016,10.18,74,46,0.75,93,0,10000,1016,10.18,74,46,0.75,93,0,10000,1016,10.18,74,46,0.75,93,0,10000,1016,10.18,74,46,0.75,93,0,10000,1016,10.18,74,46,0.75,93,0,10000
1021,9.84,93,310,5.66,100,0,10000,15,0,18,11,1021,9.84,93,346,4.67,100,0,10000,1021,9.84,93,346,4.67,100,0,10000,1021,9.84,93,346,4.67,100,0,10000,1021,9.84,93,346,4.67,100,0,10000,1021,9.84,93,346,4.67,100,0,10000,1021,9.84,93,346,4.67,100,0,10000,1021,9.84,93,346,4.67,100,0,10000,1021,9.84,93,346,4.67,100,0,10000,1021,9.84,93,346,4.67,100,0,10000,1021,9.84,93,346,4.67,100,0,10000,1021,9.84,93,346,4.67,100,0,10000,1021,9.84,93,346,4.67,100,0,10000
1021,9.84,93,310,5.66,100,0,10000,18,0,18,11,1021,9.28,88,5,4.15,97,0,10000,1021,9.28,88,5,4.15,97,0,10000,1021,9.28,88,5,4.15,97,0,10000,1021,9.28,88,5,4.15,97,0,10000,1021,9.28,88,5,4.15,97,0,10000,1021,9.28,88,5,4.15,97,0,10000,1021,9.28,88,5,4.15,97,0,10000,1021,9.28,88,5,4.15,97,0,10000,1021,9.28,88,5,4.15,97,0,10000,1021,9.28,88,5,4.15,97,0,10000,1021,9.28,88,5,4.15,97,0,10000,1021,9.28,88,5,4.15,97,0,10000
1021,9.84,93,310,5.66,100,0,10000,21,0,18,11,1022,8.46,85,32,3.52,95,0,10000,1022,8.46,85,32,3.52,95,0,10000,1022,8.46,85,32,3.52,95,0,10000,1022,8.46,85,32,3.52,95,0,10000,1022,8.46,85,32,3.52,95,0,10000,1022,8.46,85,32,3.52,95,0,10000,1022,8.46,85,32,3.52,95,0,10000,1022,8.46,85,32,3.52,95,0,10000,1022,8.46,85,32,3.52,95,0,10000,1022,8.46,85,32,3.52,95,0,10000,1022,8.46,85,32,3.52,95,0,10000,1022,8.46,85,32,3.52,95,0,10000
1021,9.84,93,310,5.66,100,0,10000,0,0,19,11,1021,6.21,71,15,1.71,48,0,10000,1021,6.21,71,15,1.71,48,0,10000,1021,6.21,71,15,1.71,48,0,10000,1021,6.21,71,15,1.71,48,0,10000,1021,6.21,71,15,1.71,48,0,10000,1021,6.21,71,15,1.71,48,0,10000,1021,6.21,71,15,1.71,48,0,10000,1021,6.21,71,15,1.71,48,0,10000,1021,6.21,71,15,1.71,48,0,10000,1021,6.21,71,15,1.71,48,0,10000,1021,6.21,71,15,1.71,48,0,10000,1021,6.21,71,15,1.71,48,0,10000
1021,9.84,93,310,5.66,100,0,10000,3,0,19,11,1020,7.75,69,337,1.14,75,0,10000,1020,7.75,69,337,1.14,75,0,10000,1020,7.75,69,337,1.14,75,0,10000,1020,7.75,69,337,1.14,75,0,10000,1020,7.75,69,337,1.14,75,0,10000,1020,7.75,69,337,1.14,75,0,10000,1020,7.75,69,337,1.14,75,0,10000,1020,7.75,69,337,1.14,75,0,10000,1020,7.75,69,337,1.14,75,0,10000,1020,7.75,69,337,1.14,75,0,10000,1020,7.75,69,337,1.14,75,0,10000,1020,7.75,69,337,1.14,75,0,10000
1021,9.84,93,310,5.66,100,0,10000,6,0,19,11,1019,9.2,64,241,0.85,100,0,10000,1019,9.2,64,241,0.85,100,0,10000,1019,9.2,64,241,0.85,100,0,10000,1019,9.2,64,241,0.85,100,0,10000,1019,9.2,64,241,0.85,100,0,10000,1019,9.2,64,241,0.85,100,0,10000,1019,9.2,64,241,0.85,100,0,10000,1019,9.2,64,241,0.85,100,0,10000,1019,9.2,64,241,0.85,100,0,10000,1019,9.2,64,241,0.85,100,0,10000,1019,9.2,64,241,0.85,100,0,10000,1019,9.2,64,241,0.85,100,0,10000
1021,9.84,93,310,5.66,100,0,10000,9,0,19,11,1018,10.04,67,220,2.4,100,0,10000,1018,10.04,67,220,2.4,100,0,10000,1018,10.04,67,220,2.4,100,0,10000,1018,10.04,67,220,2.4,100,0,10000,1018,10.04,67,220,2.4,100,0,10000,1018,10.04,67,220,2.4,100,0,10000,1018,10.04,67,220,2.4,100,0,10000,1018,10.04,67,220,2.4,100,0,10000,1018,10.04,67,220,2.4,100,0,10000,1018,10.04,67,220,2.4,100,0,10000,1018,10.04,67,220,2.4,100,0,10000,1018,10.04,67,220,2.4,100,0,10000
1021,9.84,93,310,5.66,100,0,10000,12,0,19,11,1016,10.18,74,46,0.75,93,0,10000,1016,10.18,74,46,0.75,93,0,10000,1016,10.18,74,46,0.75,93,0,10000,1016,10.18,74,46,0.75,93,0,10000,1016,10.18,74,46,0.75,93,0,10000,1016,10.18,74,46,0.75,93,0,10000,1016,10.18,74,46,0.75,93,0,10000,1016,10.18,74,46,0.75,93,0,10000,1016,10.18,74,46,0.75,93,0,10000,1016,10.18,74,46,0.75,93,0,10000,1016,10.18,74,46,0.75,93,0,10000,1016,10.18,74,46,0.75,93,0,10000
1021,9.84,93,310,5.66,100,0,10000,15,0,19,11,1021,9.84,93,346,4.67,100,0,10000,1021,9.84,93,346,4.67,100,0,10000,1021,9.84,93,346,4.67,100,0,10000,1021,9.84,93,346,4.67,100,0,10000,1021,9.84,93,346,4.67,100,0,10000,1021,9.84,93,346,4.67,100,0,10000,1021,9.84,93,346,4.67,100,0,10000,1021,9.84,93,346,4.67,100,0,10000,1021,9.84,93,346,4.67,100,0,10000,1021,9.84,93,346,4.67,100,0,10000,1021,9.84,93,346,4.67,100,0,10000,1021,9.84,93,346,4.67,100,0,10000
1021,9.84,93,310,5.66,100,0,10000,18,0,19,11,1021,9.28,88,5,4.15,97,0,10000,1021,9.28,88,5,4.15,97,0,10000,1021,9.28,88,5,4.15,97,0,10000,1021,9.28,88,5,4.15,97,0,10000,1021,9.28,88,5,4.15,97,0,10000,1021,9.28,88,5,4.15,97,0,10000,1021,9.28,88,5,4.15,97,0,10000,1021,9.28,88,5,4.15,97,0,10000,1021,9.28,88,5,4.15,97,0,10000,1021,9.28,88,5,4.15,97,0,10000,1021,9.28,88,5,4.15,97,0,10000,1021,9.28,88,5,4.15,97,0,10000
1021,9.84,93,310,5.66,100,0,10000,21,0,19,11,1022,8.46,85,32,3.52,95,0,10000,1022,8.46,85,32,3.52,95,0,10000,1022,8.46,85,32,3.52,95,0,10000,1022,8.46,85,32,3.52,95,0,10000,1022,8.46,85,32,3.52,95,0,10000,1022,8.46,85,32,3.52,95,0,10000,1022,8.46,85,32,3.52,95,0,10000,1022,8.46,85,32,3.52,95,0,10000,1022,8.46,85,32,3.52,95,0,10000,1022,8.46,85,32,3.52,95,0,10000,1022,8.46,85,32,3.52,95,0,10000,1022,8.46,85,32,3.52,95,0,10000
1021,9.84,93,310,5.66,100,0,10000,0,0,20,11,1021,6.21,71,15,1.71,48,0,10000,1021,6.21,71,15,1.71,48,0,10000,1021,6.21,71,15,1.71,48,0,10000,1021,6.21,71,15,1.71,48,0,10000,1021,6.21,71,15,1.71,48,0,10000,1021,6.21,71,15,1.71,48,0,10000,1021,6.21,71,15,1.71,48,0,10000,1021,6.21,71,15,1.71,48,0,10000,1021,6.21,71,15,1.71,48,0,10000,1021,6.21,71,15,1.71,48,0,10000,1021,6.21,71,15,1.71,48,0,10000,1021,6.21,71,15,1.71,48,0,10000
1021,9.84,93,310,5.66,100,0,10000,3,0,20,11,1020,7.75,69,337,1.14,75,0,10000,1020,7.75,69,337,1.14,75,0,10000,1020,7.75,69,337,1.14,75,0,10000,1020,7.75,69,337,1.14,75,0,10000,1020,7.75,69,337,1.14,75,0,10000,1020,7.75,69,337,1.14,75,0,10000,1020,7.75,69,337,1.14,75,0,10000,1020,7.75,69,337,1.14,75,0,10000,1020,7.75,69,337,1.14,75,0,10000,1020,7.75,69,337,1.14,75,0,10000,1020,7.75,69,337,1.14,75,0,10000,1020,7.75,69,337,1.14,75,0,10000
1021,9.84,93,310,5.66,100,0,10000,6,0,20,11,1019,9.2,64,241,0.85,100,0,10000,1019,9.2,64,241,0.85,100,0,10000,1019,9.2,64,241,0.85,100,0,10000,1019,9.2,64,241,0.85,100,0,10000,1019,9.2,64,241,0.85,100,0,10000,1019,9.2,64,241,0.85,100,0,10000,1019,9.2,64,241,0.85,100,0,10000,1019,9.2,64,241,0.85,100,0,10000,1019,9.2,64,241,0.85,100,0,10000,1019,9.2,64,241,0.85,100,0,10000,1019,9.2,64,241,0.85,100,0,10000,1019,9.2,64,241,0.85,100,0,10000
1021,9.84,93,310,5.66,100,0,10000,9,0,20,11,1018,10.04,67,220,2.4,100,0,10000,1018,10.04,67,220,2.4,100,0,10000,1018,10.04,67,220,2.4,100,0,10000,1018,10.04,67,220,2.4,100,0,10000,1018,10.04,67,220,2.4,100,0,10000,1018,10.04,67,220,2.4,100,0,10000,1018,10.04,67,220,2.4,100,0,10000,1018,10.04,67,220,2.4,100,0,10000,1018,10.04,67,220,2.4,100,0,10000,1018,10.04,67,220,2.4,100,0,10000,1018,10.04,67,220,2.4,100,0,10000,1018,10.04,67,220,2.4,100,0,10000
1021,9.84,93,310,5.66,100,0,10000,12,0,20,11,1016,10.18,74,46,0.75,93,0,10000,1016,10.18,74,46,0.75,93,0,10000,1016,10.18,74,46,0.75,93,0,10000,1016,10.18,74,46,0.75,93,0,10000,1016,10.18,74,46,0.75,93,0,10000,1016,10.18,74,46,0.75,93,0,10000,1016,10.18,74,46,0.75,93,0,10000,1016,10.18,74,46,0.75,93,0,10000,1016,10.18,74,46,0.75,93,0,10000,1016,10.18,74,46,0.75,93,0,10000,1016,10.18,74,46,0.75,93,0,10000,1016,10.18,74,46,0.75,93,0,10000
1021,9.84,93,310,5.66,100,0,10000,15,0,20,11,1021,9.84,93,346,4.67,100,0,10000,1021,9.84,93,346,4.67,100,0,10000,1021,9.84,93,346,4.67,100,0,10000,1021,9.84,93,346,4.67,100,0,10000,1021,9.84,93,346,4.67,100,0,10000,1021,9.84,93,346,4.67,100,0,10000,1021,9.84,93,346,4.67,100,0,10000,1021,9.84,93,346,4.67,100,0,10000,1021,9.84,93,346,4.67,100,0,10000,1021,9.84,93,346,4.67,100,0,10000,1021,9.84,93,346,4.67,100,0,10000,1021,9.84,93,346,4.67,100,0,10000
1021,9.84,93,310,5.66,100,0,10000,18,0,20,11,1021,9.28,88,5,4.15,97,0,10000,1021,9.28,88,5,4.15,97,0,10000,1021,9.28,88,5,4.15,97,0,10000,1021,9.28,88,5,4.15,97,0,10000,1021,9.28,88,5,4.15,97,0,10000,1021,9.28,88,5,4.15,97,0,10000,1021,9.28,88,5,4.15,97,0,10000,1021,9.28,88,5,4.15,97,0,10000,1021,9.28,88,5,4.15,97,0,10000,1021,9.28,88,5,4.15,97,0,10000,1021,9.28,88,5,4.15,97,0,10000,1021,9.28,88,5,4.15,97,0,10000
1021,9.84,93,310,5.66,100,0,10000,21,0,20,11,1022,8.46,85,32,3.52,95,0,10000,1022,8.46,85,32,3.52,95,0,10000,1022,8.46,85,32,3.52,95,0,10000,1022,8.46,85,32,3.52,95,0,10000,1022,8.46,85,32,3.52,95,0,10000,1022,8.46,85,32,3.52,95,0,10000,1022,8.46,85,32,3.52,95,0,10000,1022,8.46,85,32,3.52,95,0,10000,1022,8.46,85,32,3.52,95,0,10000,1022,8.46,85,32,3.52,95,0,10000,1022,8.46,85,32,3.52,95,0,10000,1022,8.46,85,32,3.52,95,0,10000
1021,9.84,93,310,5.66,100,0,10000,0,0,21,11,1021,6.21,71,15,1.71,48,0,10000,1021,6.21,71,15,1.71,48,0,10000,1021,6.21,71,15,1.71,48,0,10000,1021,6.21,71,15,1.71,48,0,10000,1021,6.21,71,15,1.71,48,0,10000,1021,6.21,71,15,1.71,48,0,10000,1021,6.21,71,15,1.71,48,0,10000,1021,6.21,71,15,1.71,48,0,10000,1021,6.21,71,15,1.71,48,0,10000,1021,6.21,71,15,1.71,48,0,10000,1021,6.21,71,15,1.71,48,0,10000,1021,6.21,71,15,1.71,48,0,10000
1021,9.84,93,310,5.66,100,0,10000,3,0,21,11,1020,7.75,69,337,1.14,75,0,10000,1020,7.75,69,337,1.14,75,0,10000,1020,7.75,69,337,1.14,75,0,10000,1020,7.75,69,337,1.14,75,0,10000,1020,7.75,69,337,1.14,75,0,10000,1020,7.75,69,337,1.14,75,0,10000,1020,7.75,69,337,1.14,75,0,10000,1020,7.75,69,337,1.14,75,0,10000,1020,7.75,69,337,1.14,75,0,10000,1020,7.75,69,337,1.14,75,0,10000,1020,7.75,69,337,1.14,75,0,10000,1020,7.75,69,337,1.14,75,0,10000
1021,9.84,93,310,5.66,100,0,10000,6,0,21,11,1019,9.2,64,241,0.85,100,0,10000,1019,9.2,64,241,0.85,100,0,10000,1019,9.2,64,241,0.85,100,0,10000,1019,9.2,64,241,0.85,100,0,10000,1019,9.2,64,241,0.85,100,0,10000,1019,9.2,64,241,0.85,100,0,10000,1019,9.2,64,241,0.85,100,0,10000,1019,9.2,64,241,0.85,100,0,10000,1019,9.2,64,241,0.85,100,0,10000,1019,9.2,64,241,0.85,100,0,10000,1019,9.2,64,241,0.85,100,0,10000,1019,9.2,64,241,0.85,100,0,10000
1021,9.84,93,310,5.66,100,0,10000,9,0,21,11,1018,10.04,67,220,2.4,100,0,10000,1018,10.04,67,220,2.4,100,0,10000,1018,10.04,67,220,2.4,100,0,10000,1018,10.04,67,220,2.4,100,0,10000,1018,10.04,67,220,2.4,100,0,10000,1018,10.04,67,220,2.4,100,0,10000,1018,10.04,67,220,2.4,100,0,10000,1018,10.04,67,220,2.4,100,0,10000,1018,10.04,67,220,2.4,100,0,10000,1018,10.04,67,220,2.4,100,0,10000,1018,10.04,67,220,2.4,100,0,10000,1018,10.04,67,220,2.4,100,0,10000
1021,9.84,93,310,5.66,100,0,10000,12,0,21,11,1016,10.18,74,46,0.75,93,0,10000,1016,10.18,74,46,0.75,93,0,10000,1016,10.18,74,46,0.75,93,0,10000,1016,10.18,74,46,0.75,93,0,10000,1016,10.18,74,46,0.75,93,0,10000,1016,10.18,74,46,0.75,93,0,10000,1016,10.18,74,46,0.75,93,0,10000,1016,10.18,74,46,0.75,93,0,10000,1016,10.18,74,46,0.75,93,0,10000,1016,10.18,74,46,0.75,93,0,10000,1016,10.18,74,46,0.75,93,0,10000,1016,10.18,74,46,0.75,93,0,10000
1021,9.84,93,310,5.66,100,0,10000,15,0,21,11,1021,9.84,93,346,4.67,100,0,10000,1021,9.84,93,346,4.67,100,0,10000,1021,9.84,93,346,4.67,100,0,10000,1021,9.84,93,346,4.67,100,0,10000,1021,9.84,93,346,4.67,100,0,10000,1021,9.84,93,346,4.67,100,0,10000,1021,9.84,93,346,4.67,100,0,10000,1021,9.84,93,346,4.67,100,0,10000,1021,9.84,93,346,4.67,100,0,10000,1021,9.84,93,346,4.67,100,0,10000,1021,9.84,93,346,4.67,100,0,10000,1021,9.84,93,346,4.67,100,0,10000
1021,9.84,93,310,5.66,100,0,10000,18,0,21,11,1021,9.28,88,5,4.15,97,0,10000,1021,9.28,88,5,4.15,97,0,10000,1021,9.28,88,5,4.15,97,0,10000,1021,9.28,88,5,4.15,97,0,10000,1021,9.28,88,5,4.15,97,0,10000,1021,9.28,88,5,4.15,97,0,10000,1021,9.28,88,5,4.15,97,0,10000,1021,9.28,88,5,4.15,97,0,10000,1021,9.28,88,5,4.15,97,0,10000,1021,9.28,88,5,4.15,97,0,10000,1021,9.28,88,5,4.15,97,0,10000,1021,9.28,88,5,4.15,97,0,10000
1021,9.84,93,310,5.66,100,0,10000,21,0,21,11,1022,8.46,85,32,3.52,95,0,10000,1022,8.46,85,32,3.52,95,0,10000,1022,8.46,85,32,3.52,95,0,10000,1022,8.46,85,32,3.52,95,0,10000,1022,8.46,85,32,3.52,95,0,10000,1022,8.46,85,32,3.52,95,0,10000,1022,8.46,85,32,3.52,95,0,10000,1022,8.46,85,32,3.52,95,0,10000,1022,8.46,85,32,3.52,95,0,10000,1022,8.46,85,32,3.52,95,0,10000,1022,8.46,85,32,3.52,95,0,10000,1022,8.46,85,32,3.52,95,0,10000
1021,9.84,93,310,5.66,100,0,10000,0,0,22,11,1021,6.21,71,15,1.71,48,0,10000,1021,6.21,71,15,1.71,48,0,10000,1021,6.21,71,15,1.71,48,0,10000,1021,6.21,71,15,1.71,48,0,10000,1021,6.21,71,15,1.71,48,0,10000,1021,6.21,71,15,1.71,48,0,10000,1021,6.21,71,15,1.71,48,0,10000,1021,6.21,71,15,1.71,48,0,10000,1021,6.21,71,15,1.71,48,0,10000,1021,6.21,71,15,1.71,48,0,10000,1021,6.21,71,15,1.71,48,0,10000,1021,6.21,71,15,1.71,48,0,10000
1021,9.84,93,310,5.66,100,0,10000,3,0,22,11,1020,7.75,69,337,1.14,75,0,10000,1020,7.75,69,337,1.14,75,0,10000,1020,7.75,69,337,1.14,75,0,10000,1020,7.75,69,337,1.14,75,0,10000,1020,7.75,69,337,1.14,75,0,10000,1020,7.75,69,337,1.14,75,0,10000,1020,7.75,69,337,1.14,75,0,10000,1020,7.75,69,337,1.14,75,0,10000,1020,7.75,69,337,1.14,75,0,10000,1020,7.75,69,337,1.14,75,0,10000,1020,7.75,69,337,1.14,75,0,10000,1020,7.75,69,337,1.14,75,0,10000
1021,9.84,93,310,5.66,100,0,10000,6,0,22,11,1019,9.2,64,241,0.85,100,0,10000,1019,9.2,64,241,0.85,100,0,10000,1019,9.2,64,241,0.85,100,0,10000,1019,9.2,64,241,0.85,100,0,10000,1019,9.2,64,241,0.85,100,0,10000,1019,9.2,64,241,0.85,100,0,10000,1019,9.2,64,241,0.85,100,0,10000,1019,9.2,64,241,0.85,100,0,10000,1019,9.2,64,241,0.85,100,0,10000,1019,9.2,64,241,0.85,100,0,10000,1019,9.2,64,241,0.85,100,0,10000,1019,9.2,64,241,0.85,100,0,10000
1021,9.84,93,310,5.66,100,0,10000,9,0,22,11,1018,10.04,67,220,2.4,100,0,10000,1018,10.04,67,220,2.4,100,0,10000,1018,10.04,67,220,2.4,100,0,10000,1018,10.04,67,220,2.4,100,0,10000,1018,10.04,67,220,2.4,100,0,10000,1018,10.04,67,220,2.4,100,0,10000,1018,10.04,67,220,2.4,100,0,10000,1018,10.04,67,220,2.4,100,0,10000,1018,10.04,67,220,2.4,100,0,10000,1018,10.04,67,220,2.4,100,0,10000,1018,10.04,67,220,2.4,100,0,10000,1018,10.04,67,220,2.4,100,0,10000
1021,9.84,93,310,5.66,100,0,10000,12,0,22,11,1016,10.18,74,46,0.75,93,0,10000,1016,10.18,74,46,0.75,93,0,10000,1016,10.18,74,46,0.75,93,0,10000,1016,10.18,74,46,0.75,93,0,10000,1016,10.18,74,46,0.75,93,0,10000,1016,10.18,74,46,0.75,93,0,10000,1016,10.18,74,46,0.75,93,0,10000,1016,10.18,74,46,0.75,93,0,10000,1016,10.18,74,46,0.75,93,0,10000,1016,10.18,74,46,0.75,93,0,10000,1016,10.18,74,46,0.75,93,0,10000,1016,10.18,74,46,0.75,93,0,10000
1021,9.84,93,310,5.66,100,0,10000,15,0,22,11,1021,9.84,93,346,4.67,100,0,10000,1021,9.84,93,346,4.67,100,0,10000,1021,9.84,93,346,4.67,100,0,10000,1021,9.84,93,346,4.67,100,0,10000,1021,9.84,93,346,4.67,100,0,10000,1021,9.84,93,346,4.67,100,0,10000,1021,9.84,93,346,4.67,100,0,10000,1021,9.84,93,346,4.67,100,0,10000,1021,9.84,93,346,4.67,100,0,10000,1021,9.84,93,346,4.67,100,0,10000,1021,9.84,93,346,4.67,100,0,10000,1021,9.84,93,346,4.67,100,0,10000
1021,9.84,93,310,5.66,100,0,10000,18,0,22,11,1021,9.28,88,5,4.15,97,0,10000,1021,9.28,88,5,4.15,97,0,10000,1021,9.28,88,5,4.15,97,0,10000,1021,9.28,88,5,4.15,97,0,10000,1021,9.28,88,5,4.15,97,0,10000,1021,9.28,88,5,4.15,97,0,10000,1021,9.28,88,5,4.15,97,0,10000,1021,9.28,88,5,4.15,97,0,10000,1021,9.28,88,5,4.15,97,0,10000,1021,9.28,88,5,4.15,97,0,10000,1021,9.28,88,5,4.15,97,0,10000,1021,9.28,88,5,4.15,97,0,10000
1021,9.84,93,310,5.66,100,0,10000,21,0,22,11,1022,8.46,85,32,3.52,95,0,10000,1022,8.46,85,32,3.52,95,0,10000,1022,8.46,85,32,3.52,95,0,10000,1022,8.46,85,32,3.52,95,0,10000,1022,8.46,85,32,3.52,95,0,10000,1022,8.46,85,32,3.52,95,0,10000,1022,8.46,85,32,3.52,95,0,10000,1022,8.46,85,32,3.52,95,0,10000,1022,8.46,85,32,3.52,95,0,10000,1022,8.46,85,32,3.52,95,0,10000,1022,8.46,85,32,3.52,95,0,10000,1022,8.46,85,32,3.52,95,0,10000
1021,9.84,93,310,5.66,100,0,10000,0,0,23,11,1021,6.21,71,15,1.71,48,0,10000,1021,6.21,71,15,1.71,48,0,10000,1021,6.21,71,15,1.71,48,0,10000,1021,6.21,71,15,1.71,48,0,10000,1021,6.21,71,15,1.71,48,0,10000,1021,6.21,71,15,1.71,48,0,10000,1021,6.21,71,15,1.71,48,0,10000,1021,6.21,71,15,1.71,48,0,10000,1021,6.21,71,15,1.71,48,0,10000,1021,6.21,71,15,1.71,48,0,10000,1021,6.21,71,15,1.71,48,0,10000,1021,6.21,71,15,1.71,48,0,10000
1021,9.84,93,310,5.66,100,0,10000,3,0,23,11,1020,7.75,69,337,1.14,75,0,10000,1020,7.75,69,337,1.14,75,0,10000,1020,7.75,69,337,1.14,75,0,10000,1020,7.75,69,337,1.14,75,0,10000,1020,7.75,69,337,1.14,75,0,10000,1020,7.75,69,337,1.14,75,0,10000,1020,7.75,69,337,1.14,75,0,10000,1020,7.75,69,337,1.14,75,0,10000,1020,7.75,69,337,1.14,75,0,10000,1020,7.75,69,337,1.14,75,0,10000,1020,7.75,69,337,1.14,75,0,10000,1020,7.75,69,337,1.14,75,0,10000
1021,9.84,93,310,5.66,100,0,10000,6,0,23,11,1019,9.2,64,241,0.85,100,0,10000,1019,9.2,64,241,0.85,100,0,10000,1019,9.2,64,241,0.85,100,0,10000,1019,9.2,64,241,0.85,100,0,10000,1019,9.2,64,241,0.85,100,0,10000,1019,9.2,64,241,0.85,100,0,10000,1019,9.2,64,241,0.85,100,0,10000,1019,9.2,64,241,0.85,100,0,10000,1019,9.2,64,241,0.85,100,0,10000,1019,9.2,64,241,0.85,100,0,10000,1019,9.2,64,241,0.85,100,0,10000,1019,9.2,64,241,0.85,100,0,10000
1021,9.84,93,310,5.66,100,0,10000,9,0,23,11,1018,10.04,67,220,2.4,100,0,10000,1018,10.04,67,220,2.4,100,0,10000,1018,10.04,67,220,2.4,100,0,10000,1018,10.04,67,220,2.4,100,0,10000,1018,10.04,67,220,2.4,100,0,10000,1018,10.04,67,220,2.4,100,0,10000,1018,10.04,67,220,2.4,100,0,10000,1018,10.04,67,220,2.4,100,0,10000,1018,10.04,67,220,2.4,100,0,10000,1018,10.04,67,220,2.4,100,0,10000,1018,10.04,67,220,2.4,100,0,10000,1018,10.04,67,220,2.4,100,0,10000
1021,9.84,93,310,5.66,100,0,10000,12,0,23,11,1016,10.18,74,46,0.75,93,0,10000,1016,10.18,74,46,0.75,93,0,10000,1016,10.18,74,46,0.75,93,0,10000,1016,10.18,74,46,0.75,93,0,10000,1016,10.18,74,46,0.75,93,0,10000,1016,10.18,74,46,0.75,93,0,10000,1016,10.18,74,46,0.75,93,0,10000,1016,10.18,74,46,0.75,93,0,10000,1016,10.18,74,46,0.75,93,0,10000,1016,10.18,74,46,0.75,93,0,10000,1016,10.18,74,46,0.75,93,0,10000,1016,10.18,74,46,0.75,93,0,10000
1021,9.84,93,310,5.66,100,0,10000,15,0,23,11,1021,9.84,93,346,4.67,100,0,10000,1021,9.84,93,346,4.67,100,0,10000,1021,9.84,93,346,4.67,100,0,10000,1021,9.84,93,346,4.67,100,0,10000,1021,9.84,93,346,4.67,100,0,10000,1021,9.84,93,346,4.67,100,0,10000,1021,9.84,93,346,4.67,100,0,10000,1021,9.84,93,346,4.67,100,0,10000,1021,9.84,93,346,4.67,100,0,10000,1021,9.84,93,346,4.67,100,0,10000,1021,9.84,93,346,4.67,100,0,10000,1021,9.84,93,346,4.67,100,0,10000
1021,9.84,93,310,5.66,100,0,10000,18,0,23,11,1021,9.28,88,5,4.15,97,0,10000,1021,9.28,88,5,4.15,97,0,10000,1021,9.28,88,5,4.15,97,0,10000,1021,9.28,88,5,4.15,97,0,10000,1021,9.28,88,5,4.15,97,0,10000,1021,9.28,88,5,4.15,97,0,10000,1021,9.28,88,5,4.15,97,0,10000,1021,9.28,88,5,4.15,97,0,10000,1021,9.28,88,5,4.15,97,0,10000,1021,9.28,88,5,4.15,97,0,10000,1021,9.28,88,5,4.15,97,0,10000,1021,9.28,88,5,4.15,97,0,10000
1021,9.84,93,310,5.66,100,0,10000,21,0,23,11,1022,8.46,85,32,3.52,95,0,10000,1022,8.46,85,32,3.52,95,0,10000,1022,8.46,85,32,3.52,95,0,10000,1022,8.46,85,32,3.52,95,0,10000,1022,8.46,85,32,3.52,95,0,10000,1022,8.46,85,32,3.52,95,0,10000,1022,8.46,85,32,3.52,95,0,10000,1022,8.46,85,32,3.52,95,0,10000,1022,8.46,85,32,3.52,95,0,10000,1022,8.46,85,32,3.52,95,0,10000,1022,8.46,85,32,3.52,95,0,10000,1022,8.46,85,32,3.52,95,0,10000
1021,9.84,93,310,5.66,100,0,10000,0,0,24,11,1021,6.21,71,15,1.71,48,0,10000,1021,6.21,71,15,1.71,48,0,10000,1021,6.21,71,15,1.71,48,0,10000,1021,6.21,71,15,1.71,48,0,10000,1021,6.21,71,15,1.71,48,0,10000,1021,6.21,71,15,1.71,48,0,10000,1021,6.21,71,15,1.71,48,0,10000,1021,6.21,71,15,1.71,48,0,10000,1021,6.21,71,15,1.71,48,0,10000,1021,6.21,71,15,1.71,48,0,10000,1021,6.21,71,15,1.71,48,0,10000,1021,6.21,71,15,1.71,48,0,10000
1021,9.84,93,310,5.66,100,0,10000,3,0,24,11,1020,7.75,69,337,1.14,75,0,10000,1020,7.75,69,337,1.14,75,0,10000,1020,7.75,69,337,1.14,75,0,10000,1020,7.75,69,337,1.14,75,0,10000,1020,7.75,69,337,1.14,75,0,10000,1020,7.75,69,337,1.14,75,0,10000,1020,7.75,69,337,1.14,75,0,10000,1020,7.75,69,337,1.14,75,0,10000,1020,7.75,69,337,1.14,75,0,10000,1020,7.75,69,337,1.14,75,0,10000,1020,7.75,69,337,1.14,75,0,10000,1020,7.75,69,337,1.14,75,0,10000
1021,9.84,93,310,5.66,100,0,10000,6,0,24,11,1019,9.2,64,241,0.85,100,0,10000,1019,9.2,64,241,0.85,100,0,10000,1019,9.2,64,241,0.85,100,0,10000,1019,9.2,64,241,0.85,100,0,10000,1019,9.2,64,241,0.85,100,0,10000,1019,9.2,64,241,0.85,100,0,10000,1019,9.2,64,241,0.85,100,0,10000,1019,9.2,64,241,0.85,100,0,10000,1019,9.2,64,241,0.85,100,0,10000,1019,9.2,64,241,0.85,100,0,10000,1019,9.2,64,241,0.85,100,0,10000,1019,9.2,64,241,0.85,100,0,10000
1021,9.84,93,310,5.66,100,0,10000,9,0,24,11,1018,10.04,67,220,2.4,100,0,10000,1018,10.04,67,220,2.4,100,0,10000,1018,10.04,67,220,2.4,100,0,10000,1018,10.04,67,220,2.4,100,0,10000,1018,10.04,67,220,2.4,100,0,10000,1018,10.04,67,220,2.4,100,0,10000,1018,10.04,67,220,2.4,100,0,10000,1018,10.04,67,220,2.4,100,0,10000,1018,10.04,67,220,2.4,100,0,10000,1018,10.04,67,220,2.4,100,0,10000,1018,10.04,67,220,2.4,100,0,10000,1018,10.04,67,220,2.4,100,0,10000
1021,9.84,93,310,5.66,100,0,10000,12,0,24,11,1016,10.18,74,46,0.75,93,0,10000,1016,10.18,74,46,0.75,93,0,10000,1016,10.18,74,46,0.75,93,0,10000,1016,10.18,74,46,0.75,93,0,10000,1016,10.18,74,46,0.75,93,0,10000,1016,10.18,74,46,0.75,93,0,10000,1016,10.18,74,46,0.75,93,0,10000,1016,10.18,74,46,0.75,93,0,10000,1016,10.18,74,46,0.75,93,0,10000,1016,10.18,74,46,0.75,93,0,10000,1016,10.18,74,46,0.75,93,0,10000,1016,10.18,74,46,0.75,93,0,10000
1021,9.84,93,310,5.66,100,0,10000,15,0,24,11,1021,9.84,93,346,4.67,100,0,10000,1021,9.84,93,346,4.67,100,0,10000,1021,9.84,93,346,4.67,100,0,10000,1021,9.84,93,346,4.67,100,0,10000,1021,9.84,93,346,4.67,100,0,10000,1021,9.84,93,346,4.67,100,0,10000,1021,9.84,93,346,4.67,100,0,10000,1021,9.84,93,346,4.67,100,0,10000,1021,9.84,93,346,4.67,100,0,10000,1021,9.84,93,346,4.67,100,0,10000,1021,9.84,93,346,4.67,100,0,10000,1021,9.84,93,346,4.67,100,0,10000
1021,9.84,93,310,5.66,100,0,10000,18,0,24,11,1021,9.28,88,5,4.15,97,0,10000,1021,9.28,88,5,4.15,97,0,10000,1021,9.28,88,5,4.15,97,0,10000,1021,9.28,88,5,4.15,97,0,10000,1021,9.28,88,5,4.15,97,0,10000,1021,9.28,88,5,4.15,97,0,10000,1021,9.28,88,5,4.15,97,0,10000,1021,9.28,88,5,4.15,97,0,10000,1021,9.28,88,5,4.15,97,0,10000,1021,9.28,88,5,4.15,97,0,10000,1021,9.28,88,5,4.15,97,0,10000,1021,9.28,88,5,4.15,97,0,10000
1021,9.84,93,310,5.66,100,0,10000,21,0,24,11,1022,8.46,85,32,3.52,95,0,10000,1022,8.46,85,32,3.52,95,0,10000,1022,8.46,85,32,3.52,95,0,10000,1022,8.46,85,32,3.52,95,0,10000,1022,8.46,85,32,3.52,95,0,10000,1022,8.46,85,32,3.52,95,0,10000,1022,8.46,85,32,3.52,95,0,10000,1022,8.46,85,32,3.52,95,0,10000,1022,8.46,85,32,3.52,95,0,10000,1022,8.46,85,32,3.52,95,0,10000,1022,8.46,85,32,3.52,95,0,10000,1022,8.46,85,32,3.52,95,0,10000
1021,9.84,93,310,5.66,100,0,10000,0,0,25,11,1021,6.21,71,15,1.71,48,0,10000,1021,6.21,71,15,1.71,48,0,10000,1021,6.21,71,15,1.71,48,0,10000,1021,6.21,71,15,1.71,48,0,10000,1021,6.21,71,15,1.71,48,0,10000,1021,6.21,71,15,1.71,48,0,10000,1021,6.21,71,15,1.71,48,0,10000,1021,6.21,71,15,1.71,48,0,10000,1021,6.21,71,15,1.71,48,0,10000,1021,6.21,71,15,1.71,48,0,10000,1021,6.21,71,15,1.71,48,0,10000,1021,6.21,71,15,1.71,48,0,10000
1021,9.84,93,310,5.66,100,0,10000,3,0,25,11,1020,7.75,69,337,1.14,75,0,10000,1020,7.75,69,337,1.14,75,0,10000,1020,7.75,69,337,1.14,75,0,10000,1020,7.75,69,337,1.14,75,0,10000,1020,7.75,69,337,1.14,75,0,10000,1020,7.75,69,337,1.14,75,0,10000,1020,7.75,69,337,1.14,75,0,10000,1020,7.75,69,337,1.14,75,0,10000,1020,7.75,69,337,1.14,75,0,10000,1020,7.75,69,337,1.14,75,0,10000,1020,7.75,69,337,1.14,75,0,10000,1020,7.75,69,337,1.14,75,0,10000
1021,9.84,93,310,5.66,100,0,10000,6,0,25,11,1019,9.2,64,241,0.85,100,0,10000,1019,9.2,64,241,0.85,100,0,10000,1019,9.2,64,241,0.85,100,0,10000,1019,9.2,64,241,0.85,100,0,10000,1019,9.2,64,241,0.85,100,0,10000,1019,9.2,64,241,0.85,100,0,10000,1019,9.2,64,241,0.85,100,0,10000,1019,9.2,64,241,0.85,100,0,10000,1019,9.2,64,241,0.85,100,0,10000,1019,9.2,64,241,0.85,100,0,10000,1019,9.2,64,241,0.85,100,0,10000,1019,9.2,64,241,0.85,100,0,10000
1021,9.84,93,310,5.66,100,0,10000,9,0,25,11,1018,10.04,67,220,2.4,100,0,10000,1018,10.04,67,220,2.4,100,0,10000,1018,10.04,67,220,2.4,100,0,10000,1018,10.04,67,220,2.4,100,0,10000,1018,10.04,67,220,2.4,100,0,10000,1018,10.04,67,220,2.4,100,0,10000,1018,10.04,67,220,2.4,100,0,10000,1018,10.04,67,220,2.4,100,0,10000,1018,10.04,67,220,2.4,100,0,10000,1018,10.04,67,220,2.4,100,0,10000,1018,10.04,67,220,2.4,100,0,10000,1018,10.04,67,220,2.4,100,0,10000
1021,9.84,93,310,5.66,100,0,10000,12,0,25,11,1016,10.18,74,46,0.75,93,0,10000,1016,10.18,74,46,0.75,93,0,10000,1016,10.18,74,46,0.75,93,0,10000,1016,10.18,74,46,0.75,93,0,10000,1016,10.18,74,46,0.75,93,0,10000,1016,10.18,74,46,0.75,93,0,10000,1016,10.18,74,46,0.75,93,0,10000,1016,10.18,74,46,0.75,93,0,10000,1016,10.18,74,46,0.75,93,0,10000,1016,10.18,74,46,0.75,93,0,10000,1016,10.18,74,46,0.75,93,0,10000,1016,10.18,74,46,0.75,93,0,10000
1021,9.84,93,310,5.66,100,0,10000,15,0,25,11,1021,9.84,93,346,4.67,100,0,10000,1021,9.84,93,346,4.67,100,0,10000,1021,9.84,93,346,4.67,100,0,10000,1021,9.84,93,346,4.67,100,0,10000,1021,9.84,93,346,4.67,100,0,10000,1021,9.84,93,346,4.67,100,0,10000,1021,9.84,93,346,4.67,100,0,10000,1021,9.84,93,346,4.67,100,0,10000,1021,9.84,93,346,4.67,100,0,10000,1021,9.84,93,346,4.67,100,0,10000,1021,9.84,93,346,4.67,100,0,10000,1021,9.84,93,346,4.67,100,0,10000
1021,9.84,93,310,5.66,100,0,10000,18,0,25,11,1021,9.28,88,5,4.15,97,0,10000,1021,9.28,88,5,4.15,97,0,10000,1021,9.28,88,5,4.15,97,0,10000,1021,9.28,88,5,4.15,97,0,10000,1021,9.28,88,5,4.15,97,0,10000,1021,9.28,88,5,4.15,97,0,10000,1021,9.28,88,5,4.15,97,0,10000,1021,9.28,88,5,4.15,97,0,10000,1021,9.28,88,5,4.15,97,0,10000,1021,9.28,88,5,4.15,97,0,10000,1021,9.28,88,5,4.15,97,0,10000,1021,9.28,88,5,4.15,97,0,10000
1021,9.84,93,310,5.66,100,0,10000,21,0,25,11,1022,8.46,85,32,3.52,95,0,10000,1022,8.46,85,32,3.52,95,0,10000,1022,8.46,85,32,3.52,95,0,10000,1022,8.46,85,32,3.52,95,0,10000,1022,8.46,85,32,3.52,95,0,10000,1022,8.46,85,32,3.52,95,0,10000,1022,8.46,85,32,3.52,95,0,10000,1022,8.46,85,32,3.52,95,0,10000,1022,8.46,85,32,3.52,95,0,10000,1022,8.46,85,32,3.52,95,0,10000,1022,8.46,85,32,3.52,95,0,10000,1022,8.46,85,32,3.52,95,0,10000
1021,9.84,93,310,5.66,100,0,10000,0,0,26,11,1021,6.21,71,15,1.71,48,0,10000,1021,6.21,71,15,1.71,48,0,10000,1021,6.21,71,15,1.71,48,0,10000,1021,6.21,71,15,1.71,48,0,10000,1021,6.21,71,15,1.71,48,0,10000,1021,6.21,71,15,1.71,48,0,10000,1021,6.21,71,15,1.71,48,0,10000,1021,6.21,71,15,1.71,48,0,10000,1021,6.21,71,15,1.71,48,0,10000,1021,6.21,71,15,1.71,48,0,10000,1021,6.21,71,15,1.71,48,0,10000,1021,6.21,71,15,1.71,48,0,10000
1021,9.84,93,310,5.66,100,0,10000,3,0,26,11,1020,7.75,69,337,1.14,75,0,10000,1020,7.75,69,337,1.14,75,0,10000,1020,7.75,69,337,1.14,75,0,10000,1020,7.75,69,337,1.14,75,0,10000,1020,7.75,69,337,1.14,75,0,10000,1020,7.75,69,337,1.14,75,0,10000,1020,7.75,69,337,1.14,75,0,10000,1020,7.75,69,337,1.14,75,0,10000,1020,7.75,69,337,1.14,75,0,10000,1020,7.75,69,337,1.14,75,0,10000,1020,7.75,69,337,1.14,75,0,10000,1020,7.75,69,337,1.14,75,0,10000
1021,9.84,93,310,5.66,100,0,10000,6,0,26,11,1019,9.2,64,241,0.85,100,0,10000,1019,9.2,64,241,0.85,100,0,10000,1019,9.2,64,241,0.85,100,0,10000,1019,9.2,64,241,0.85,100,0,10000,1019,9.2,64,241,0.85,100,0,10000,1019,9.2,64,241,0.85,100,0,10000,1019,9.2,64,241,0.85,100,0,10000,1019,9.2,64,241,0.85,100,0,10000,1019,9.2,64,241,0.85,100,0,10000,1019,9.2,64,241,0.85,100,0,10000,1019,9.2,64,241,0.85,100,0,10000,1019,9.2,64,241,0.85,100,0,10000
1021,9.84,93,310,5.66,100,0,10000,9,0,26,11,1018,10.04,67,220,2.4,100,0,10000,1018,10.04,67,220,2.4,100,0,10000,1018,10.04,67,220,2.4,100,0,10000,1018,10.04,67,220,2.4,100,0,10000,1018,10.04,67,220,2.4,100,0,10000,1018,10.04,67,220,2.4,100,0,10000,1018,10.04,67,220,2.4,100,0,10000,1018,10.04,67,220,2.4,100,0,10000,1018,10.04,67,220,2.4,100,0,10000,1018,10.04,67,220,2.4,100,0,10000,1018,10.04,67,220,2.4,100,0,10000,1018,10.04,67,220,2.4,100,0,10000
1021,9.84,93,310,5.66,100,0,10000,12,0,26,11,1016,10.18,74,46,0.75,93,0,10000,1016,10.18,74,46,0.75,93,0,10000,1016,10.18,74,46,0.75,93,0,10000,1016,10.18,74,46,0.75,93,0,10000,1016,10.18,74,46,0.75,93,0,10000,1016,10.18,74,46,0.75,93,0,10000,1016,10.18,74,46,0.75,93,0,10000,1016,10.18,74,46,0.75,93,0,10000,1016,10.18,74,46,0.75,93,0,10000,1016,10.18,74,46,0.75,93,0,10000,1016,10.18,74,46,0.75,93,0,10000,1016,10.18,74,46,0.75,93,0,10000
1021,9.84,93,310,5.66,100,0,10000,15,0,26,11,1021,9.84,93,346,4.67,100,0,10000,1021,9.84,93,346,4.67,100,0,10000,1021,9.84,93,346,4.67,100,0,10000,1021,9.84,93,346,4.67,100,0,10000,1021,9.84,93,346,4.67,100,0,10000,1021,9.84,93,346,4.67,100,0,10000,1021,9.84,93,346,4.67,100,0,10000,1021,9.84,93,346,4.67,100,0,10000,1021,9.84,93,346,4.67,100,0,10000,1021,9.84,93,346,4.67,100,0,10000,1021,9.84,93,346,4.67,100,0,10000,1021,9.84,93,346,4.67,100,0,10000
1021,9.84,93,310,5.66,100,0,10000,18,0,26,11,1021,9.28,88,5,4.15,97,0,10000,1021,9.28,88,5,4.15,97,0,10000,1021,9.28,88,5,4.15,97,0,10000,1021,9.28,88,5,4.15,97,0,10000,1021,9.28,88,5,4.15,97,0,10000,1021,9.28,88,5,4.15,97,0,10000,1021,9.28,88,5,4.15,97,0,10000,1021,9.28,88,5,4.15,97,0,10000,1021,9.28,88,5,4.15,97,0,10000,1021,9.28,88,5,4.15,97,0,10000,1021,9.28,88,5,4.15,97,0,10000,1021,9.28,88,5,4.15,97,0,10000
1021,9.84,93,310,5.66,100,0,10000,21,0,26,11,1022,8.46,85,32,3.52,95,0,10000,1022,8.46,85,32,3.52,95,0,10000,1022,8.46,85,32,3.52,95,0,10000,1022,8.46,85,32,3.52,95,0,10000,1022,8.46,85,32,3.52,95,0,10000,1022,8.46,85,32,3.52,95,0,10000,1022,8.46,85,32,3.52,95,0,10000,1022,8.46,85,32,3.52,95,0,10000,1022,8.46,85,32,3.52,95,0,10000,1022,8.46,85,32,3.52,95,0,10000,1022,8.46,85,32,3.52,95,0,10000,1022,8.46,85,32,3.52,95,0,10000
1021,9.84,93,310,5.66,100,0,10000,0,0,27,11,1021,6.21,71,15,1.71,48,0,10000,1021,6.21,71,15,1.71,48,0,10000,1021,6.21,71,15,1.71,48,0,10000,1021,6.21,71,15,1.71,48,0,10000,1021,6.21,71,15,1.71,48,0,10000,1021,6.21,71,15,1.71,48,0,10000,1021,6.21,71,15,1.71,48,0,10000,1021,6.21,71,15,1.71,48,0,10000,1021,6.21,71,15,1.71,48,0,10000,1021,6.21,71,15,1.71,48,0,10000,1021,6.21,71,15,1.71,48,0,10000,1021,6.21,71,15,1.71,48,0,10000
1021,9.84,93,310,5.66,100,0,10000,3,0,27,11,1020,7.75,69,337,1.14,75,0,10000,1020,7.75,69,337,1.14,75,0,10000,1020,7.75,69,337,1.14,75,0,10000,1020,7.75,69,337,1.14,75,0,10000,1020,7.75,69,337,1.14,75,0,10000,1020,7.75,69,337,1.14,75,0,10000,1020,7.75,69,337,1.14,75,0,10000,1020,7.75,69,337,1.14,75,0,10000,1020,7.75,69,337,1.14,75,0,10000,1020,7.75,69,337,1.14,75,0,10000,1020,7.75,69,337,1.14,75,0,10000,1020,7.75,69,337,1.14,75,0,10000
1021,9.84,93,310,5.66,100,0,10000,6,0,27,11,1019,9.2,64,241,0.85,100,0,10000,1019,9.2,64,241,0.85,100,0,10000,1019,9.2,64,241,0.85,100,0,10000,1019,9.2,64,241,0.85,100,0,10000,1019,9.2,64,241,0.85,100,0,10000,1019,9.2,64,241,0.85,100,0,10000,1019,9.2,64,241,0.85,100,0,10000,1019,9.2,64,241,0.85,100,0,10000,1019,9.2,64,241,0.85,100,0,10000,1019,9.2,64,241,0.85,100,0,10000,1019,9.2,64,241,0.85,100,0,10000,1019,9.2,64,241,0.85,100,0,10000
1021,9.84,93,310,5.66,100,0,10000,9,0,27,11,1018,10.04,67,220,2.4,100,0,10000,1018,10.04,67,220,2.4,100,0,10000,1018,10.04,67,220,2.4,100,0,10000,1018,10.04,67,220,2.4,100,0,10000,1018,10.04,67,220,2.4,100,0,10000,1018,10.04,67,220,2.4,100,0,10000,1018,10.04,67,220,2.4,100,0,10000,1018,10.04,67,220,2.4,100,0,10000,1018,10.04,67,220,2.4,100,0,10000,1018,10.04,67,220,2.4,100,0,10000,1018,10.04,67,220,2.4,100,0,10000,1018,10.04,67,220,2.4,100,0,10000
1021,9.84,93,310,5.66,100,0,10000,12,0,27,11,1016,10.18,74,46,0.75,93,0,10000,1016,10.18,74,46,0.75,93,0,10000,1016,10.18,74,46,0.75,93,0,10000,1016,10.18,74,46,0.75,93,0,10000,1016,10.18,74,46,0.75,93,0,10000,1016,10.18,74,46,0.75,93,0,10000,1016,10.18,74,46,0.75,93,0,10000,1016,10.18,74,46,0.75,93,0,10000,1016,10.18,74,46,0.75,93,0,10000,1016,10.18,74,46,0.75,93,0,10000,1016,10.18,74,46,0.75,93,0,10000,1016,10.18,74,46,0.75,93,0,10000
1021,9.84,93,310,5.66,100,0,10000,15,0,27,11,1021,9.84,93,346,4.67,100,0,10000,1021,9.84,93,346,4.67,100,0,10000,1021,9.84,93,346,4.67,100,0,10000,1021,9.84,93,346,4.67,100,0,10000,1021,9.84,93,346,4.67,100,0,10000,1021,9.84,93,346,4.67,100,0,10000,1021,9.84,93,346,4.67,100,0,10000,1021,9.84,93,346,4.67,100,0,10000,1021,9.84,93,346,4.67,100,0,10000,1021,9.84,93,346,4.67,100,0,10000,1021,9.84,93,346,4.67,100,0,10000,1021,9.84,93,346,4.67,100,0,10000
1021,9.84,93,310,5.66,100,0,10000,18,0,27,11,1021,9.28,88,5,4.15,97,0,10000,1021,9.28,88,5,4.15,97,0,10000,1021,9.28,88,5,4.15,97,0,10000,1021,9.28,88,5,4.15,97,0,10000,1021,9.28,88,5,4.15,97,0,10000,1021,9.28,88,5,4.15,97,0,10000,1021,9.28,88,5,4.15,97,0,10000,1021,9.28,88,5,4.15,97,0,10000,1021,9.28,88,5,4.15,97,0,10000,1021,9.28,88,5,4.15,97,0,10000,1021,9.28,88,5,4.15,97,0,10000,1021,9.28,88,5,4.15,97,0,10000
1021,9.84,93,310,5.66,100,0,10000,21,0,27,11,1022,8.46,85,32,3.52,95,0,10000,1022,8.46,85,32,3.52,95,0,10000,1022,8.46,85,32,3.52,95,0,10000,1022,8.46,85,32,3.52,95,0,10000,1022,8.46,85,32,3.52,95,0,10000,1022,8.46,85,32,3.52,95,0,10000,1022,8.46,85,32,3.52,95,0,10000,1022,8.46,85,32,3.52,95,0,10000,1022,8.46,85,32,3.52,95,0,10000,1022,8.46,85,32,3.52,95,0,10000,1022,8.46,85,32,3.52,95,0,10000,1022,8.46,85,32,3.52,95,0,10000
1021,9.84,93,310,5.66,100,0,10000,0,0,28,11,1021,6.21,71,15,1.71,48,0,10000,1021,6.21,71,15,1.71,48,0,10000,1021,6.21,71,15,1.71,48,0,10000,1021,6.21,71,15,1.71,48,0,10000,1021,6.21,71,15,1.71,48,0,10000,1021,6.21,71,15,1.71,48,0,10000,1021,6.21,71,15,1.71,48,0,10000,1021,6.21,71,15,1.71,48,0,10000,1021,6.21,71,15,1.71,48,0,10000,1021,6.21,71,15,1.71,48,0,10000,1021,6.21,71,15,1.71,48,0,10000,1021,6.21,71,15,1.71,48,0,10000
1021,9.84,93,310,5.66,100,0,10000,3,0,28,11,1020,7.75,69,337,1.14,75,0,10000,1020,7.75,69,337,1.14,75,0,10000,1020,7.75,69,337,1.14,75,0,10000,1020,7.75,69,337,1.14,75,0,10000,1020,7.75,69,337,1.14,75,0,10000,1020,7.75,69,337,1.14,75,0,10000,1020,7.75,69,337,1.14,75,0,10000,1020,7.75,69,337,1.14,75,0,10000,1020,7.75,69,337,1.14,75,0,10000,1020,7.75,69,337,1.14,75,0,10000,1020,7.75,69,337,1.14,75,0,10000,1020,7.75,69,337,1.14,75,0,10000
1021,9.84,93,310,5.66,100,0,10000,6,0,28,11,1019,9.2,64,241,0.85,100,0,10000,1019,9.2,64,241,0.85,100,0,10000,1019,9.2,64,241,0.85,100,0,10000,1019,9.2,64,241,0.85,100,0,10000,1019,9.2,64,241,0.85,100,0,10000,1019,9.2,64,241,0.85,100,0,10000,1019,9.2,64,241,0.85,100,0,10000,1019,9.2,64,241,0.85,100,0,10000,1019,9.2,64,241,0.85,100,0,10000,1019,9.2,64,241,0.85,100,0,10000,1019,9.2,64,241,0.85,100,0,10000,1019,9.2,64,241,0.85,100,0,10000
1021,9.84,93,310,5.66,100,0,10000,9,0,28,11,1018,10.04,67,220,2.4,100,0,10000,1018,10.04,67,220,2.4,100,0,10000,1018,10.04,67,220,2.4,100,0,10000,1018,10.04,67,220,2.4,100,0,10000,1018,10.04,67,220,2.4,100,0,10000,1018,10.04,67,220,2.4,100,0,10000,1018,10.04,67,220,2.4,100,0,10000,1018,10.04,67,220,2.4,100,0,10000,1018,10.04,67,220,2.4,100,0,10000,1018,10.04,67,220,2.4,100,0,10000,1018,10.04,67,220,2.4,100,0,10000,1018,10.04,67,220,2.4,100,0,10000
1021,9.84,93,310,5.66,100,0,10000,12,0,28,11,1016,10.18,74,46,0.75,93,0,10000,1016,10.18,74,46,0.75,93,0,10000,1016,10.18,74,46,0.75,93,0,10000,1016,10.18,74,46,0.75,93,0,10000,1016,10.18,74,46,0.75,93,0,10000,1016,10.18,74,46,0.75,93,0,10000,1016,10.18,74,46,0.75,93,0,10000,1016,10.18,74,46,0.75,93,0,10000,1016,10.18,74,46,0.75,93,0,10000,1016,10.18,74,46,0.75,93,0,10000,1016,10.18,74,46,0.75,93,0,10000,1016,10.18,74,46,0.75,93,0,10000
1021,9.84,93,310,5.66,100,0,10000,15,0,28,11,1021,9.84,93,346,4.67,100,0,10000,1021,9.84,93,346,4.67,100,0,10000,1021,9.84,93,346,4.67,100,0,10000,1021,9.84,93,346,4.67,100,0,10000,1021,9.84,93,346,4.67,100,0,10000,1021,9.84,93,346,4.67,100,0,10000,1021,9.84,93,346,4.67,100,0,10000,1021,9.84,93,346,4.67,100,0,10000,1021,9.84,93,346,4.67,100,0,10000,1021,9.84,93,346,4.67,100,0,10000,1021,9.84,93,346,4.67,100,0,10000,1021,9.84,93,346,4.67,100,0,10000
1021,9.84,93,310,5.66,100,0,10000,18,0,28,11,1021,9.28,88,5,4.15,97,0,10000,1021,9.28,88,5,4.15,97,0,10000,1021,9.28,88,5,4.15,97,0,10000,1021,9.28,88,5,4.15,97,0,10000,1021,9.28,88,5,4.15,97,0,10000,1021,9.28,88,5,4.15,97,0,10000,1021,9.28,88,5,4.15,97,0,10000,1021,9.28,88,5,4.15,97,0,10000,1021,9.28,88,5,4.15,97,0,10000,1021,9.28,88,5,4.15,97,0,10000,1021,9.28,88,5,4.15,97,0,10000,1021,9.28,88,5,4.15,97,0,10000
1021,9.84,93,310,5.66,100,0,10000,21,0,28,11,1022,8.46,85,32,3.52,95,0,10000,1022,8.46,85,32,3.52,95,0,10000,1022,8.46,85,32,3.52,95,0,10000,1022,8.46,85,32,3.52,95,0,10000,1022,8.46,85,32,3.52,95,0,10000,1022,8.46,85,32,3.52,95,0,10000,1022,8.46,85,32,3.52,95,0,10000,1022,8.46,85,32,3.52,95,0,10000,1022,8.46,85,32,3.52,95,0,10000,1022,8.46,85,32,3.52,95,0,10000,1022,8.46,85,32,3.52,95,0,10000,1022,8.46,85,32,3.52,95,0,10000
1021,9.84,93,310,5.66,100,0,10000,0,0,29,11,1021,6.21,71,15,1.71,48,0,10000,1021,6.21,71,15,1.71,48,0,10000,1021,6.21,71,15,1.71,48,0,10000,1021,6.21,71,15,1.71,48,0,10000,1021,6.21,71,15,1.71,48,0,10000,1021,6.21,71,15,1.71,48,0,10000,1021,6.21,71,15,1.71,48,0,10000,1021,6.21,71,15,1.71,48,0,10000,1021,6.21,71,15,1.71,48,0,10000,1021,6.21,71,15,1.71,48,0,10000,1021,6.21,71,15,1.71,48,0,10000,1021,6.21,71,15,1.71,48,0,10000
1021,9.84,93,310,5.66,100,0,10000,3,0,29,11,1020,7.75,69,337,1.14,75,0,10000,1020,7.75,69,337,1.14,75,0,10000,1020,7.75,69,337,1.14,75,0,10000,1020,7.75,69,337,1.14,75,0,10000,1020,7.75,69,337,1.14,75,0,10000,1020,7.75,69,337,1.14,75,0,10000,1020,7.75,69,337,1.14,75,0,10000,1020,7.75,69,337,1.14,75,0,10000,1020,7.75,69,337,1.14,75,0,10000,1020,7.75,69,337,1.14,75,0,10000,1020,7.75,69,337,1.14,75,0,10000,1020,7.75,69,337,1.14,75,0,10000
1021,9.84,93,310,5.66,100,0,10000,6,0,29,11,1019,9.2,64,241,0.85,100,0,10000,1019,9.2,64,241,0.85,100,0,10000,1019,9.2,64,241,0.85,100,0,10000,1019,9.2,64,241,0.85,100,0,10000,1019,9.2,64,241,0.85,100,0,10000,1019,9.2,64,241,0.85,100,0,10000,1019,9.2,64,241,0.85,100,0,10000,1019,9.2,64,241,0.85,100,0,10000,1019,9.2,64,241,0.85,100,0,10000,1019,9.2,64,241,0.85,100,0,10000,1019,9.2,64,241,0.85,100,0,10000,1019,9.2,64,241,0.85,100,0,10000
1021,9.84,93,310,5.66,100,0,10000,9,0,29,11,1018,10.04,67,220,2.4,100,0,10000,1018,10.04,67,220,2.4,100,0,10000,1018,10.04,67,220,2.4,100,0,10000,1018,10.04,67,220,2.4,100,0,10000,1018,10.04,67,220,2.4,100,0,10000,1018,10.04,67,220,2.4,100,0,10000,1018,10.04,67,220,2.4,100,0,10000,1018,10.04,67,220,2.4,100,0,10000,1018,10.04,67,220,2.4,100,0,10000,1018,10.04,67,220,2.4,100,0,10000,1018,10.04,67,220,2.4,100,0,10000,1018,10.04,67,220,2.4,100,0,10000
1021,9.84,93,310,5.66,100,0,10000,12,0,29,11,1016,10.18,74,46,0.75,93,0,10000,1016,10.18,74,46,0.75,93,0,10000,1016,10.18,74,46,0.75,93,0,10000,1016,10.18,74,46,0.75,93,0,10000,1016,10.18,74,46,0.75,93,0,10000,1016,10.18,74,46,0.75,93,0,10000,1016,10.18,74,46,0.75,93,0,10000,1016,10.18,74,46,0.75,93,0,10000,1016,10.18,74,46,0.75,93,0,10000,1016,10.18,74,46,0.75,93,0,10000,1016,10.18,74,46,0.75,93,0,10000,1016,10.18,74,46,0.75,93,0,10000
1021,9.84,93,310,5.66,100,0,10000,15,0,29,11,1021,9.84,93,346,4.67,100,0,10000,1021,9.84,93,346,4.67,100,0,10000,1021,9.84,93,346,4.67,100,0,10000,1021,9.84,93,346,4.67,100,0,10000,1021,9.84,93,346,4.67,100,0,10000,1021,9.84,93,346,4.67,100,0,10000,1021,9.84,93,346,4.67,100,0,10000,1021,9.84,93,346,4.67,100,0,10000,1021,9.84,93,346,4.67,100,0,10000,1021,9.84,93,346,4.67,100,0,10000,1021,9.84,93,346,4.67,100,0,10000,1021,9.84,93,346,4.67,100,0,10000
1021,9.84,93,310,5.66,100,0,10000,18,0,29,11,1021,9.28,88,5,4.15,97,0,10000,1021,9.28,88,5,4.15,97,0,10000,1021,9.28,88,5,4.15,97,0,10000,1021,9.28,88,5,4.15,97,0,10000,1021,9.28,88,5,4.15,97,0,10000,1021,9.28,88,5,4.15,97,0,10000,1021,9.28,88,5,4.15,97,0,10000,1021,9.28,88,5,4.15,97,0,10000,1021,9.28,88,5,4.15,97,0,10000,1021,9.28,88,5,4.15,97,0,10000,1021,9.28,88,5,4.15,97,0,10000,1021,9.28,88,5,4.15,97,0,10000
1021,9.84,93,310,5.66,100,0,10000,21,0,29,11,1022,8.46,85,32,3.52,95,0,10000,1022,8.46,85,32,3.52,95,0,10000,1022,8.46,85,32,3.52,95,0,10000,1022,8.46,85,32,3.52,95,0,10000,1022,8.46,85,32,3.52,95,0,10000,1022,8.46,85,32,3.52,95,0,10000,1022,8.46,85,32,3.52,95,0,10000,1022,8.46,85,32,3.52,95,0,10000,1022,8.46,85,32,3.52,95,0,10000,1022,8.46,85,32,3.52,95,0,10000,1022,8.46,85,32,3.52,95,0,10000,1022,8.46,85,32,3.52,95,0,10000
1021,9.84,93,310,5.66,100,0,10000,0,0,30,11,1021,6.21,71,15,1.71,48,0,10000,1021,6.21,71,15,1.71,48,0,10000,1021,6.21,71,15,1.71,48,0,10000,1021,6.21,71,15,1.71,48,0,10000,1021,6.21,71,15,1.71,48,0,10000,1021,6.21,71,15,1.71,48,0,10000,1021,6.21,71,15,1.71,48,0,10000,1021,6.21,71,15,1.71,48,0,10000,1021,6.21,71,15,1.71,48,0,10000,1021,6.21,71,15,1.71,48,0,10000,1021,6.21,71,15,1.71,48,0,10000,1021,6.21,71,15,1.71,48,0,10000
1021,9.84,93,310,5.66,100,0,10000,3,0,30,11,1020,7.75,69,337,1.14,75,0,10000,1020,7.75,69,337,1.14,75,0,10000,1020,7.75,69,337,1.14,75,0,10000,1020,7.75,69,337,1.14,75,0,10000,1020,7.75,69,337,1.14,75,0,10000,1020,7.75,69,337,1.14,75,0,10000,1020,7.75,69,337,1.14,75,0,10000,1020,7.75,69,337,1.14,75,0,10000,1020,7.75,69,337,1.14,75,0,10000,1020,7.75,69,337,1.14,75,0,10000,1020,7.75,69,337,1.14,75,0,10000,1020,7.75,69,337,1.14,75,0,10000
1021,9.84,93,310,5.66,100,0,10000,6,0,30,11,1019,9.2,64,241,0.85,100,0,10000,1019,9.2,64,241,0.85,100,0,10000,1019,9.2,64,241,0.85,100,0,10000,1019,9.2,64,241,0.85,100,0,10000,1019,9.2,64,241,0.85,100,0,10000,1019,9.2,64,241,0.85,100,0,10000,1019,9.2,64,241,0.85,100,0,10000,1019,9.2,64,241,0.85,100,0,10000,1019,9.2,64,241,0.85,100,0,10000,1019,9.2,64,241,0.85,100,0,10000,1019,9.2,64,241,0.85,100,0,10000,1019,9.2,64,241,0.85,100,0,10000
1021,9.84,93,310,5.66,100,0,10000,9,0,30,11,1018,10.04,67,220,2.4,100,0,10000,1018,10.04,67,220,2.4,100,0,10000,1018,10.04,67,220,2.4,100,0,10000,1018,10.04,67,220,2.4,100,0,10000,1018,10.04,67,220,2.4,100,0,10000,1018,10.04,67,220,2.4,100,0,10000,1018,10.04,67,220,2.4,100,0,10000,1018,10.04,67,220,2.4,100,0,10000,1018,10.04,67,220,2.4,100,0,10000,1018,10.04,67,220,2.4,100,0,10000,1018,10.04,67,220,2.4,100,0,10000,1018,10.04,67,220,2.4,100,0,10000
1021,9.84,93,310,5.66,100,0,10000,12,0,30,11,1016,10.18,74,46,0.75,93,0,10000,1016,10.18,74,46,0.75,93,0,10000,1016,10.18,74,46,0.75,93,0,10000,1016,10.18,74,46,0.75,93,0,10000,1016,10.18,74,46,0.75,93,0,10000,1016,10.18,74,46,0.75,93,0,10000,1016,10.18,74,46,0.75,93,0,10000,1016,10.18,74,46,0.75,93,0,10000,1016,10.18,74,46,0.75,93,0,10000,1016,10.18,74,46,0.75,93,0,10000,1016,10.18,74,46,0.75,93,0,10000,1016,10.18,74,46,0.75,93,0,10000
1021,9.84,93,310,5.66,100,0,10000,15,0,30,11,1021,9.84,93,346,4.67,100,0,10000,1021,9.84,93,346,4.67,100,0,10000,1021,9.84,93,346,4.67,100,0,10000,1021,9.84,93,346,4.67,100,0,10000,1021,9.84,93,346,4.67,100,0,10000,1021,9.84,93,346,4.67,100,0,10000,1021,9.84,93,346,4.67,100,0,10000,1021,9.84,93,346,4.67,100,0,10000,1021,9.84,93,346,4.67,100,0,10000,1021,9.84,93,346,4.67,100,0,10000,1021,9.84,93,346,4.67,100,0,10000,1021,9.84,93,346,4.67,100,0,10000
1021,9.84,93,310,5.66,100,0,10000,18,0,30,11,1021,9.28,88,5,4.15,97,0,10000,1021,9.28,88,5,4.15,97,0,10000,1021,9.28,88,5,4.15,97,0,10000,1021,9.28,88,5,4.15,97,0,10000,1021,9.28,88,5,4.15,97,0,10000,1021,9.28,88,5,4.15,97,0,10000,1021,9.28,88,5,4.15,97,0,10000,1021,9.28,88,5,4.15,97,0,10000,1021,9.28,88,5,4.15,97,0,10000,1021,9.28,88,5,4.15,97,0,10000,1021,9.28,88,5,4.15,97,0,10000,1021,9.28,88,5,4.15,97,0,10000
1021,9.84,93,310,5.66,100,0,10000,21,0,30,11,1022,8.46,85,32,3.52,95,0,10000,1022,8.46,85,32,3.52,95,0,10000,1022,8.46,85,32,3.52,95,0,10000,1022,8.46,85,32,3.52,95,0,10000,1022,8.46,85,32,3.52,95,0,10000,1022,8.46,85,32,3.52,95,0,10000,1022,8.46,85,32,3.52,95,0,10000,1022,8.46,85,32,3.52,95,0,10000,1022,8.46,85,32,3.52,95,0,10000,1022,8.46,85,32,3.52,95,0,10000,1022,8.46,85,32,3.52,95,0,10000,1022,8.46,85,32,3.52,95,0,10000
1021,9.84,93,310,5.66,100,0,10000,0,0,1,12,1021,6.21,71,15,1.71,48,0,10000,1021,6.21,71,15,1.71,48,0,10000,1021,6.21,71,15,1.71,48,0,10000,1021,6.21,71,15,1.71,48,0,10000,1021,6.21,71,15,1.71,48,0,10000,1021,6.21,71,15,1.71,48,0,10000,1021,6.21,71,15,1.71,48,0,10000,1021,6.21,71,15,1.71,48,0,10000,1021,6.21,71,15,1.71,48,0,10000,1021,6.21,71,15,1.71,48,0,10000,1021,6.21,71,15,1.71,48,0,10000,1021,6.21,71,15,1.71,48,0,10000
1021,9.84,93,310,5.66,100,0,10000,3,0,1,12,1020,7.75,69,337,1.14,75,0,10000,1020,7.75,69,337,1.14,75,0,10000,1020,7.75,69,337,1.14,75,0,10000,1020,7.75,69,337,1.14,75,0,10000,1020,7.75,69,337,1.14,75,0,10000,1020,7.75,69,337,1.14,75,0,10000,1020,7.75,69,337,1.14,75,0,10000,1020,7.75,69,337,1.14,75,0,10000,1020,7.75,69,337,1.14,75,0,10000,1020,7.75,69,337,1.14,75,0,10000,1020,7.75,69,337,1.14,75,0,10000,1020,7.75,69,337,1.14,75,0,10000
1021,9.84,93,310,5.66,100,0,10000,6,0,1,12,1019,9.2,64,241,0.85,100,0,10000,1019,9.2,64,241,0.85,100,0,10000,1019,9.2,64,241,0.85,100,0,10000,1019,9.2,64,241,0.85,100,0,10000,1019,9.2,64,241,0.85,100,0,10000,1019,9.2,64,241,0.85,100,0,10000,1019,9.2,64,241,0.85,100,0,10000,1019,9.2,64,241,0.85,100,0,10000,1019,9.2,64,241,0.85,100,0,10000,1019,9.2,64,241,0.85,100,0,10000,1019,9.2,64,241,0.85,100,0,10000,1019,9.2,64,241,0.85,100,0,10000
1021,9.84,93,310,5.66,100,0,10000,9,0,1,12,1018,10.04,67,220,2.4,100,0,10000,1018,10.04,67,220,2.4,100,0,10000,1018,10.04,67,220,2.4,100,0,10000,1018,10.04,67,220,2.4,100,0,10000,1018,10.04,67,220,2.4,100,0,10000,1018,10.04,67,220,2.4,100,0,10000,1018,10.04,67,220,2.4,100,0,10000,1018,10.04,67,220,2.4,100,0,10000,1018,10.04,67,220,2.4,100,0,10000,1018,10.04,67,220,2.4,100,0,10000,1018,10.04,67,220,2.4,100,0,10000,1018,10.04,67,220,2.4,100,0,10000
1021,9.84,93,310,5.66,100,0,10000,12,0,1,12,1016,10.18,74,46,0.75,93,0,10000,1016,10.18,74,46,0.75,93,0,10000,1016,10.18,74,46,0.75,93,0,10000,1016,10.18,74,46,0.75,93,0,10000,1016,10.18,74,46,0.75,93,0,10000,1016,10.18,74,46,0.75,93,0,10000,1016,10.18,74,46,0.75,93,0,10000,1016,10.18,74,46,0.75,93,0,10000,1016,10.18,74,46,0.75,93,0,10000,1016,10.18,74,46,0.75,93,0,10000,1016,10.18,74,46,0.75,93,0,10000,1016,10.18,74,46,0.75,93,0,10000
1021,9.84,93,310,5.66,100,0,10000,15,0,1,12,1021,9.84,93,346,4.67,100,0,10000,1021,9.84,93,346,4.67,100,0,10000,1021,9.84,93,346,4.67,100,0,10000,1021,9.84,93,346,4.67,100,0,10000,1021,9.84,93,346,4.67,100,0,10000,1021,9.84,93,346,4.67,100,0,10000,1021,9.84,93,346,4.67,100,0,10000,1021,9.84,93,346,4.67,100,0,10000,1021,9.84,93,346,4.67,100,0,10000,1021,9.84,93,346,4.67,100,0,10000,1021,9.84,93,346,4.67,100,0,10000,1021,9.84,93,346,4.67,100,0,10000
1021,9.84,93,310,5.66,100,0,10000,18,0,1,12,1021,9.28,88,5,4.15,97,0,10000,1021,9.28,88,5,4.15,97,0,10000,1021,9.28,88,5,4.15,97,0,10000,1021,9.28,88,5,4.15,97,0,10000,1021,9.28,88,5,4.15,97,0,10000,1021,9.28,88,5,4.15,97,0,10000,1021,9.28,88,5,4.15,97,0,10000,1021,9.28,88,5,4.15,97,0,10000,1021,9.28,88,5,4.15,97,0,10000,1021,9.28,88,5,4.15,97,0,10000,1021,9.28,88,5,4.15,97,0,10000,1021,9.28,88,5,4.15,97,0,10000
1021,9.84,93,310,5.66,100,0,10000,21,0,1,12,1022,8.46,85,32,3.52,95,0,10000,1022,8.46,85,32,3.52,95,0,10000,1022,8.46,85,32,3.52,95,0,10000,1022,8.46,85,32,3.52,95,0,10000,1022,8.46,85,32,3.52,95,0,10000,1022,8.46,85,32,3.52,95,0,10000,1022,8.46,85,32,3.52,95,0,10000,1022,8.46,85,32,3.52,95,0,10000,1022,8.46,85,32,3.52,95,0,10000,1022,8.46,85,32,3.52,95,0,10000,1022,8.46,85,32,3.52,95,0,10000,1022,8.46,85,32,3.52,95,0,10000
1021,9.84,93,310,5.66,100,0,10000,0,0,2,12,1021,6.21,71,15,1.71,48,0,10000,1021,6.21,71,15,1.71,48,0,10000,1021,6.21,71,15,1.71,48,0,10000,1021,6.21,71,15,1.71,48,0,10000,1021,6.21,71,15,1.71,48,0,10000,1021,6.21,71,15,1.71,48,0,10000,1021,6.21,71,15,1.71,48,0,10000,1021,6.21,71,15,1.71,48,0,10000,1021,6.21,71,15,1.71,48,0,10000,1021,6.21,71,15,1.71,48,0,10000,1021,6.21,71,15,1.71,48,0,10000,1021,6.21,71,15,1.71,48,0,10000
1021,9.84,93,310,5.66,100,0,10000,3,0,2,12,1020,7.75,69,337,1.14,75,0,10000,1020,7.75,69,337,1.14,75,0,10000,1020,7.75,69,337,1.14,75,0,10000,1020,7.75,69,337,1.14,75,0,10000,1020,7.75,69,337,1.14,75,0,10000,1020,7.75,69,337,1.14,75,0,10000,1020,7.75,69,337,1.14,75,0,10000,1020,7.75,69,337,1.14,75,0,10000,1020,7.75,69,337,1.14,75,0,10000,1020,7.75,69,337,1.14,75,0,10000,1020,7.75,69,337,1.14,75,0,10000,1020,7.75,69,337,1.14,75,0,10000
1021,9.84,93,310,5.66,100,0,10000,6,0,2,12,1019,9.2,64,241,0.85,100,0,10000,1019,9.2,64,241,0.85,100,0,10000,1019,9.2,64,241,0.85,100,0,10000,1019,9.2,64,241,0.85,100,0,10000,1019,9.2,64,241,0.85,100,0,10000,1019,9.2,64,241,0.85,100,0,10000,1019,9.2,64,241,0.85,100,0,10000,1019,9.2,64,241,0.85,100,0,10000,1019,9.2,64,241,0.85,100,0,10000,1019,9.2,64,241,0.85,100,0,10000,1019,9.2,64,241,0.85,100,0,10000,1019,9.2,64,241,0.85,100,0,10000
1021,9.84,93,310,5.66,100,0,10000,9,0,2,12,1018,10.04,67,220,2.4,100,0,10000,1018,10.04,67,220,2.4,100,0,10000,1018,10.04,67,220,2.4,100,0,10000,1018,10.04,67,220,2.4,100,0,10000,1018,10.04,67,220,2.4,100,0,10000,1018,10.04,67,220,2.4,100,0,10000,1018,10.04,67,220,2.4,100,0,10000,1018,10.04,67,220,2.4,100,0,10000,1018,10.04,67,220,2.4,100,0,10000,1018,10.04,67,220,2.4,100,0,10000,1018,10.04,67,220,2.4,100,0,10000,1018,10.04,67,220,2.4,100,0,10000
1021,9.84,93,310,5.66,100,0,10000,12,0,2,12,1016,10.18,74,46,0.75,93,0,10000,1016,10.18,74,46,0.75,93,0,10000,1016,10.18,74,46,0.75,93,0,10000,1016,10.18,74,46,0.75,93,0,10000,1016,10.18,74,46,0.75,93,0,10000,1016,10.18,74,46,0.75,93,0,10000,1016,10.18,74,46,0.75,93,0,10000,1016,10.18,74,46,0.75,93,0,10000,1016,10.18,74,46,0.75,93,0,10000,1016,10.18,74,46,0.75,93,0,10000,1016,10.18,74,46,0.75,93,0,10000,1016,10.18,74,46,0.75,93,0,10000
1021,9.84,93,310,5.66,100,0,10000,15,0,2,12,1021,9.84,93,346,4.67,100,0,10000,1021,9.84,93,346,4.67,100,0,10000,1021,9.84,93,346,4.67,100,0,10000,1021,9.84,93,346,4.67,100,0,10000,1021,9.84,93,346,4.67,100,0,10000,1021,9.84,93,346,4.67,100,0,10000,1021,9.84,93,346,4.67,100,0,10000,1021,9.84,93,346,4.67,100,0,10000,1021,9.84,93,346,4.67,100,0,10000,1021,9.84,93,346,4.67,100,0,10000,1021,9.84,93,346,4.67,100,0,10000,1021,9.84,93,346,4.67,100,0,10000
1021,9.84,93,310,5.66,100,0,10000,18,0,2,12,1021,9.28,88,5,4.15,97,0,10000,1021,9.28,88,5,4.15,97,0,10000,1021,9.28,88,5,4.15,97,0,10000,1021,9.28,88,5,4.15,97,0,10000,1021,9.28,88,5,4.15,97,0,10000,1021,9.28,88,5,4.15,97,0,10000,1021,9.28,88,5,4.15,97,0,10000,1021,9.28,88,5,4.15,97,0,10000,1021,9.28,88,5,4.15,97,0,10000,1021,9.28,88,5,4.15,97,0,10000,1021,9.28,88,5,4.15,97,0,10000,1021,9.28,88,5,4.15,97,0,10000
1021,9.84,93,310,5.66,100,0,10000,21,0,2,12,1022,8.46,85,32,3.52,95,0,10000,1022,8.46,85,32,3.52,95,0,10000,1022,8.46,85,32,3.52,95,0,10000,1022,8.46,85,32,3.52,95,0,10000,1022,8.46,85,32,3.52,95,0,10000,1022,8.46,85,32,3.52,95,0,10000,1022,8.46,85,32,3.52,95,0,10000,1022,8.46,85,32,3.52,95,0,10000,1022,8.46,85,32,3.52,95,0,10000,1022,8.46,85,32,3.52,95,0,10000,1022,8.46,85,32,3.52,95,0,10000,1022,8.46,85,32,3.52,95,0,10000
1021,9.84,93,310,5.66,100,0,10000,0,0,3,12,1021,6.21,71,15,1.71,48,0,10000,1021,6.21,71,15,1.71,48,0,10000,1021,6.21,71,15,1.71,48,0,10000,1021,6.21,71,15,1.71,48,0,10000,1021,6.21,71,15,1.71,48,0,10000,1021,6.21,71,15,1.71,48,0,10000,1021,6.21,71,15,1.71,48,0,10000,1021,6.21,71,15,1.71,48,0,10000,1021,6.21,71,15,1.71,48,0,10000,1021,6.21,71,15,1.71,48,0,10000,1021,6.21,71,15,1.71,48,0,10000,1021,6.21,71,15,1.71,48,0,10000
1021,9.84,93,310,5.66,100,0,10000,3,0,3,12,1020,7.75,69,337,1.14,75,0,10000,1020,7.75,69,337,1.14,75,0,10000,1020,7.75,69,337,1.14,75,0,10000,1020,7.75,69,337,1.14,75,0,10000,1020,7.75,69,337,1.14,75,0,10000,1020,7.75,69,337,1.14,75,0,10000,1020,7.75,69,337,1.14,75,0,10000,1020,7.75,69,337,1.14,75,0,10000,1020,7.75,69,337,1.14,75,0,10000,1020,7.75,69,337,1.14,75,0,10000,1020,7.75,69,337,1.14,75,0,10000,1020,7.75,69,337,1.14,75,0,10000
1021,9.84,93,310,5.66,100,0,10000,6,0,3,12,1019,9.2,64,241,0.85,100,0,10000,1019,9.2,64,241,0.85,100,0,10000,1019,9.2,64,241,0.85,100,0,10000,1019,9.2,64,241,0.85,100,0,10000,1019,9.2,64,241,0.85,100,0,10000,1019,9.2,64,241,0.85,100,0,10000,1019,9.2,64,241,0.85,100,0,10000,1019,9.2,64,241,0.85,100,0,10000,1019,9.2,64,241,0.85,100,0,10000,1019,9.2,64,241,0.85,100,0,10000,1019,9.2,64,241,0.85,100,0,10000,1019,9.2,64,241,0.85,100,0,10000
1021,9.84,93,310,5.66,100,0,10000,9,0,3,12,1018,10.04,67,220,2.4,100,0,10000,1018,10.04,67,220,2.4,100,0,10000,1018,10.04,67,220,2.4,100,0,10000,1018,10.04,67,220,2.4,100,0,10000,1018,10.04,67,220,2.4,100,0,10000,1018,10.04,67,220,2.4,100,0,10000,1018,10.04,67,220,2.4,100,0,10000,1018,10.04,67,220,2.4,100,0,10000,1018,10.04,67,220,2.4,100,0,10000,1018,10.04,67,220,2.4,100,0,10000,1018,10.04,67,220,2.4,100,0,10000,1018,10.04,67,220,2.4,100,0,10000
1021,9.84,93,310,5.66,100,0,10000,12,0,3,12,1016,10.18,74,46,0.75,93,0,10000,1016,10.18,74,46,0.75,93,0,10000,1016,10.18,74,46,0.75,93,0,10000,1016,10.18,74,46,0.75,93,0,10000,1016,10.18,74,46,0.75,93,0,10000,1016,10.18,74,46,0.75,93,0,10000,1016,10.18,74,46,0.75,93,0,10000,1016,10.18,74,46,0.75,93,0,10000,1016,10.18,74,46,0.75,93,0,10000,1016,10.18,74,46,0.75,93,0,10000,1016,10.18,74,46,0.75,93,0,10000,1016,10.18,74,46,0.75,93,0,10000
1021,9.84,93,310,5.66,100,0,10000,15,0,3,12,1021,9.84,93,346,4.67,100,0,10000,1021,9.84,93,346,4.67,100,0,10000,1021,9.84,93,346,4.67,100,0,10000,1021,9.84,93,346,4.67,100,0,10000,1021,9.84,93,346,4.67,100,0,10000,1021,9.84,93,346,4.67,100,0,10000,1021,9.84,93,346,4.67,100,0,10000,1021,9.84,93,346,4.67,100,0,10000,1021,9.84,93,346,4.67,100,0,10000,1021,9.84,93,346,4.67,100,0,10000,1021,9.84,93,346,4.67,100,0,10000,1021,9.84,93,346,4.67,100,0,10000
1021,9.84,93,310,5.66,100,0,10000,18,0,3,12,1021,9.28,88,5,4.15,97,0,10000,1021,9.28,88,5,4.15,97,0,10000,1021,9.28,88,5,4.15,97,0,10000,1021,9.28,88,5,4.15,97,0,10000,1021,9.28,88,5,4.15,97,0,10000,1021,9.28,88,5,4.15,97,0,10000,1021,9.28,88,5,4.15,97,0,10000,1021,9.28,88,5,4.15,97,0,10000,1021,9.28,88,5,4.15,97,0,10000,1021,9.28,88,5,4.15,97,0,10000,1021,9.28,88,5,4.15,97,0,10000,1021,9.28,88,5,4.15,97,0,10000
1021,9.84,93,310,5.66,100,0,10000,21,0,3,12,1022,8.46,85,32,3.52,95,0,10000,1022,8.46,85,32,3.52,95,0,10000,1022,8.46,85,32,3.52,95,0,10000,1022,8.46,85,32,3.52,95,0,10000,1022,8.46,85,32,3.52,95,0,10000,1022,8.46,85,32,3.52,95,0,10000,1022,8.46,85,32,3.52,95,0,10000,1022,8.46,85,32,3.52,95,0,10000,1022,8.46,85,32,3.52,95,0,10000,1022,8.46,85,32,3.52,95,0,10000,1022,8.46,85,32,3.52,95,0,10000,1022,8.46,85,32,3.52,95,0,10000
1021,9.84,93,310,5.66,100,0,10000,0,0,4,12,1021,6.21,71,15,1.71,48,0,10000,1021,6.21,71,15,1.71,48,0,10000,1021,6.21,71,15,1.71,48,0,10000,1021,6.21,71,15,1.71,48,0,10000,1021,6.21,71,15,1.71,48,0,10000,1021,6.21,71,15,1.71,48,0,10000,1021,6.21,71,15,1.71,48,0,10000,1021,6.21,71,15,1.71,48,0,10000,1021,6.21,71,15,1.71,48,0,10000,1021,6.21,71,15,1.71,48,0,10000,1021,6.21,71,15,1.71,48,0,10000,1021,6.21,71,15,1.71,48,0,10000
1021,9.84,93,310,5.66,100,0,10000,3,0,4,12,1020,7.75,69,337,1.14,75,0,10000,1020,7.75,69,337,1.14,75,0,10000,1020,7.75,69,337,1.14,75,0,10000,1020,7.75,69,337,1.14,75,0,10000,1020,7.75,69,337,1.14,75,0,10000,1020,7.75,69,337,1.14,75,0,10000,1020,7.75,69,337,1.14,75,0,10000,1020,7.75,69,337,1.14,75,0,10000,1020,7.75,69,337,1.14,75,0,10000,1020,7.75,69,337,1.14,75,0,10000,1020,7.75,69,337,1.14,75,0,10000,1020,7.75,69,337,1.14,75,0,10000
1021,9.84,93,310,5.66,100,0,10000,6,0,4,12,1019,9.2,64,241,0.85,100,0,10000,1019,9.2,64,241,0.85,100,0,10000,1019,9.2,64,241,0.85,100,0,10000,1019,9.2,64,241,0.85,100,0,10000,1019,9.2,64,241,0.85,100,0,10000,1019,9.2,64,241,0.85,100,0,10000,1019,9.2,64,241,0.85,100,0,10000,1019,9.2,64,241,0.85,100,0,10000,1019,9.2,64,241,0.85,100,0,10000,1019,9.2,64,241,0.85,100,0,10000,1019,9.2,64,241,0.85,100,0,10000,1019,9.2,64,241,0.85,100,0,10000
1021,9.84,93,310,5.66,100,0,10000,9,0,4,12,1018,10.04,67,220,2.4,100,0,10000,1018,10.04,67,220,2.4,100,0,10000,1018,10.04,67,220,2.4,100,0,10000,1018,10.04,67,220,2.4,100,0,10000,1018,10.04,67,220,2.4,100,0,10000,1018,10.04,67,220,2.4,100,0,10000,1018,10.04,67,220,2.4,100,0,10000,1018,10.04,67,220,2.4,100,0,10000,1018,10.04,67,220,2.4,100,0,10000,1018,10.04,67,220,2.4,100,0,10000,1018,10.04,67,220,2.4,100,0,10000,1018,10.04,67,220,2.4,100,0,10000
1021,9.84,93,310,5.66,100,0,10000,12,0,4,12,1016,10.18,74,46,0.75,93,0,10000,1016,10.18,74,46,0.75,93,0,10000,1016,10.18,74,46,0.75,93,0,10000,1016,10.18,74,46,0.75,93,0,10000,1016,10.18,74,46,0.75,93,0,10000,1016,10.18,74,46,0.75,93,0,10000,1016,10.18,74,46,0.75,93,0,10000,1016,10.18,74,46,0.75,93,0,10000,1016,10.18,74,46,0.75,93,0,10000,1016,10.18,74,46,0.75,93,0,10000,1016,10.18,74,46,0.75,93,0,10000,1016,10.18,74,46,0.75,93,0,10000
1021,9.84,93,310,5.66,100,0,10000,15,0,4,12,1021,9.84,93,346,4.67,100,0,10000,1021,9.84,93,346,4.67,100,0,10000,1021,9.84,93,346,4.67,100,0,10000,1021,9.84,93,346,4.67,100,0,10000,1021,9.84,93,346,4.67,100,0,10000,1021,9.84,93,346,4.67,100,0,10000,1021,9.84,93,346,4.67,100,0,10000,1021,9.84,93,346,4.67,100,0,10000,1021,9.84,93,346,4.67,100,0,10000,1021,9.84,93,346,4.67,100,0,10000,1021,9.84,93,346,4.67,100,0,10000,1021,9.84,93,346,4.67,100,0,10000
1021,9.84,93,310,5.66,100,0,10000,18,0,4,12,1021,9.28,88,5,4.15,97,0,10000,1021,9.28,88,5,4.15,97,0,10000,1021,9.28,88,5,4.15,97,0,10000,1021,9.28,88,5,4.15,97,0,10000,1021,9.28,88,5,4.15,97,0,10000,1021,9.28,88,5,4.15,97,0,10000,1021,9.28,88,5,4.15,97,0,10000,1021,9.28,88,5,4.15,97,0,10000,1021,9.28,88,5,4.15,97,0,10000,1021,9.28,88,5,4.15,97,0,10000,1021,9.28,88,5,4.15,97,0,10000,1021,9.28,88,5,4.15,97,0,10000
1021,9.84,93,310,5.66,100,0,10000,21,0,4,12,1022,8.46,85,32,3.52,95,0,10000,1022,8.46,85,32,3.52,95,0,10000,1022,8.46,85,32,3.52,95,0,10000,1022,8.46,85,32,3.52,95,0,10000,1022,8.46,85,32,3.52,95,0,10000,1022,8.46,85,32,3.52,95,0,10000,1022,8.46,85,32,3.52,95,0,10000,1022,8.46,85,32,3.52,95,0,10000,1022,8.46,85,32,3.52,95,0,10000,1022,8.46,85,32,3.52,95,0,10000,1022,8.46,85,32,3.52,95,0,10000,1022,8.46,85,32,3.52,95,0,10000
1021,9.84,93,310,5.66,100,0,10000,0,0,5,12,1021,6.21,71,15,1.71,48,0,10000,1021,6.21,71,15,1.71,48,0,10000,1021,6.21,71,15,1.71,48,0,10000,1021,6.21,71,15,1.71,48,0,10000,1021,6.21,71,15,1.71,48,0,10000,1021,6.21,71,15,1.71,48,0,10000,1021,6.21,71,15,1.71,48,0,10000,1021,6.21,71,15,1.71,48,0,10000,1021,6.21,71,15,1.71,48,0,10000,1021,6.21,71,15,1.71,48,0,10000,1021,6.21,71,15,1.71,48,0,10000,1021,6.21,71,15,1.71,48,0,10000
1021,9.84,93,310,5.66,100,0,10000,3,0,5,12,1020,7.75,69,337,1.14,75,0,10000,1020,7.75,69,337,1.14,75,0,10000,1020,7.75,69,337,1.14,75,0,10000,1020,7.75,69,337,1.14,75,0,10000,1020,7.75,69,337,1.14,75,0,10000,1020,7.75,69,337,1.14,75,0,10000,1020,7.75,69,337,1.14,75,0,10000,1020,7.75,69,337,1.14,75,0,10000,1020,7.75,69,337,1.14,75,0,10000,1020,7.75,69,337,1.14,75,0,10000,1020,7.75,69,337,1.14,75,0,10000,1020,7.75,69,337,1.14,75,0,10000
1021,9.84,93,310,5.66,100,0,10000,6,0,5,12,1019,9.2,64,241,0.85,100,0,10000,1019,9.2,64,241,0.85,100,0,10000,1019,9.2,64,241,0.85,100,0,10000,1019,9.2,64,241,0.85,100,0,10000,1019,9.2,64,241,0.85,100,0,10000,1019,9.2,64,241,0.85,100,0,10000,1019,9.2,64,241,0.85,100,0,10000,1019,9.2,64,241,0.85,100,0,10000,1019,9.2,64,241,0.85,100,0,10000,1019,9.2,64,241,0.85,100,0,10000,1019,9.2,64,241,0.85,100,0,10000,1019,9.2,64,241,0.85,100,0,10000
1021,9.84,93,310,5.66,100,0,10000,9,0,5,12,1018,10.04,67,220,2.4,100,0,10000,1018,10.04,67,220,2.4,100,0,10000,1018,10.04,67,220,2.4,100,0,10000,1018,10.04,67,220,2.4,100,0,10000,1018,10.04,67,220,2.4,100,0,10000,1018,10.04,67,220,2.4,100,0,10000,1018,10.04,67,220,2.4,100,0,10000,1018,10.04,67,220,2.4,100,0,10000,1018,10.04,67,220,2.4,100,0,10000,1018,10.04,67,220,2.4,100,0,10000,1018,10.04,67,220,2.4,100,0,10000,1018,10.04,67,220,2.4,100,0,10000
1021,9.84,93,310,5.66,100,0,10000,12,0,5,12,1016,10.18,74,46,0.75,93,0,10000,1016,10.18,74,46,0.75,93,0,10000,1016,10.18,74,46,0.75,93,0,10000,1016,10.18,74,46,0.75,93,0,10000,1016,10.18,74,46,0.75,93,0,10000,1016,10.18,74,46,0.75,93,0,10000,1016,10.18,74,46,0.75,93,0,10000,1016,10.18,74,46,0.75,93,0,10000,1016,10.18,74,46,0.75,93,0,10000,1016,10.18,74,46,0.75,93,0,10000,1016,10.18,74,46,0.75,93,0,10000,1016,10.18,74,46,0.75,93,0,10000
1021,9.84,93,310,5.66,100,0,10000,15,0,5,12,1021,9.84,93,346,4.67,100,0,10000,1021,9.84,93,346,4.67,100,0,10000,1021,9.84,93,346,4.67,100,0,10000,1021,9.84,93,346,4.67,100,0,10000,1021,9.84,93,346,4.67,100,0,10000,1021,9.84,93,346,4.67,100,0,10000,1021,9.84,93,346,4.67,100,0,10000,1021,9.84,93,346,4.67,100,0,10000,1021,9.84,93,346,4.67,100,0,10000,1021,9.84,93,346,4.67,100,0,10000,1021,9.84,93,346,4.67,100,0,10000,1021,9.84,93,346,4.67,100,0,10000
1021,9.84,93,310,5.66,100,0,10000,18,0,5,12,1021,9.28,88,5,4.15,97,0,10000,1021,9.28,88,5,4.15,97,0,10000,1021,9.28,88,5,4.15,97,0,10000,1021,9.28,88,5,4.15,97,0,10000,1021,9.28,88,5,4.15,97,0,10000,1021,9.28,88,5,4.15,97,0,10000,1021,9.28,88,5,4.15,97,0,10000,1021,9.28,88,5,4.15,97,0,10000,1021,9.28,88,5,4.15,97,0,10000,1021,9.28,88,5,4.15,97,0,10000,1021,9.28,88,5,4.15,97,0,10000,1021,9.28,88,5,4.15,97,0,10000
1021,9.84,93,310,5.66,100,0,10000,21,0,5,12,1022,8.46,85,32,3.52,95,0,10000,1022,8.46,85,32,3.52,95,0,10000,1022,8.46,85,32,3.52,95,0,10000,1022,8.46,85,32,3.52,95,0,10000,1022,8.46,85,32,3.52,95,0,10000,1022,8.46,85,32,3.52,95,0,10000,1022,8.46,85,32,3.52,95,0,10000,1022,8.46,85,32,3.52,95,0,10000,1022,8.46,85,32,3.52,95,0,10000,1022,8.46,85,32,3.52,95,0,10000,1022,8.46,85,32,3.52,95,0,10000,1022,8.46,85,32,3.52,95,0,10000
1021,9.84,93,310,5.66,100,0,10000,0,0,6,12,1021,6.21,71,15,1.71,48,0,10000,1021,6.21,71,15,1.71,48,0,10000,1021,6.21,71,15,1.71,48,0,10000,1021,6.21,71,15,1.71,48,0,10000,1021,6.21,71,15,1.71,48,0,10000,1021,6.21,71,15,1.71,48,0,10000,1021,6.21,71,15,1.71,48,0,10000,1021,6.21,71,15,1.71,48,0,10000,1021,6.21,71,15,1.71,48,0,10000,1021,6.21,71,15,1.71,48,0,10000,1021,6.21,71,15,1.71,48,0,10000,1021,6.21,71,15,1.71,48,0,10000
1021,9.84,93,310,5.66,100,0,10000,3,0,6,12,1020,7.75,69,337,1.14,75,0,10000,1020,7.75,69,337,1.14,75,0,10000,1020,7.75,69,337,1.14,75,0,10000,1020,7.75,69,337,1.14,75,0,10000,1020,7.75,69,337,1.14,75,0,10000,1020,7.75,69,337,1.14,75,0,10000,1020,7.75,69,337,1.14,75,0,10000,1020,7.75,69,337,1.14,75,0,10000,1020,7.75,69,337,1.14,75,0,10000,1020,7.75,69,337,1.14,75,0,10000,1020,7.75,69,337,1.14,75,0,10000,1020,7.75,69,337,1.14,75,0,10000
1021,9.84,93,310,5.66,100,0,10000,6,0,6,12,1019,9.2,64,241,0.85,100,0,10000,1019,9.2,64,241,0.85,100,0,10000,1019,9.2,64,241,0.85,100,0,10000,1019,9.2,64,241,0.85,100,0,10000,1019,9.2,64,241,0.85,100,0,10000,1019,9.2,64,241,0.85,100,0,10000,1019,9.2,64,241,0.85,100,0,10000,1019,9.2,64,241,0.85,100,0,10000,1019,9.2,64,241,0.85,100,0,10000,1019,9.2,64,241,0.85,100,0,10000,1019,9.2,64,241,0.85,100,0,10000,1019,9.2,64,241,0.85,100,0,10000
1021,9.84,93,310,5.66,100,0,10000,9,0,6,12,1018,10.04,67,220,2.4,100,0,10000,1018,10.04,67,220,2.4,100,0,10000,1018,10.04,67,220,2.4,100,0,10000,1018,10.04,67,220,2.4,100,0,10000,1018,10.04,67,220,2.4,100,0,10000,1018,10.04,67,220,2.4,100,0,10000,1018,10.04,67,220,2.4,100,0,10000,1018,10.04,67,220,2.4,100,0,10000,1018,10.04,67,220,2.4,100,0,10000,1018,10.04,67,220,2.4,100,0,10000,1018,10.04,67,220,2.4,100,0,10000,1018,10.04,67,220,2.4,100,0,10000
1021,9.84,93,310,5.66,100,0,10000,12,0,6,12,1016,10.18,74,46,0.75,93,0,10000,1016,10.18,74,46,0.75,93,0,10000,1016,10.18,74,46,0.75,93,0,10000,1016,10.18,74,46,0.75,93,0,10000,1016,10.18,74,46,0.75,93,0,10000,1016,10.18,74,46,0.75,93,0,10000,1016,10.18,74,46,0.75,93,0,10000,1016,10.18,74,46,0.75,93,0,10000,1016,10.18,74,46,0.75,93,0,10000,1016,10.18,74,46,0.75,93,0,10000,1016,10.18,74,46,0.75,93,0,10000,1016,10.18,74,46,0.75,93,0,10000
1021,9.84,93,310,5.66,100,0,10000,15,0,6,12,1021,9.84,93,346,4.67,100,0,10000,1021,9.84,93,346,4.67,100,0,10000,1021,9.84,93,346,4.67,100,0,10000,1021,9.84,93,346,4.67,100,0,10000,1021,9.84,93,346,4.67,100,0,10000,1021,9.84,93,346,4.67,100,0,10000,1021,9.84,93,346,4.67,100,0,10000,1021,9.84,93,346,4.67,100,0,10000,1021,9.84,93,346,4.67,100,0,10000,1021,9.84,93,346,4.67,100,0,10000,1021,9.84,93,346,4.67,100,0,10000,1021,9.84,93,346,4.67,100,0,10000
1021,9.84,93,310,5.66,100,0,10000,18,0,6,12,1021,9.28,88,5,4.15,97,0,10000,1021,9.28,88,5,4.15,97,0,10000,1021,9.28,88,5,4.15,97,0,10000,1021,9.28,88,5,4.15,97,0,10000,1021,9.28,88,5,4.15,97,0,10000,1021,9.28,88,5,4.15,97,0,10000,1021,9.28,88,5,4.15,97,0,10000,1021,9.28,88,5,4.15,97,0,10000,1021,9.28,88,5,4.15,97,0,10000,1021,9.28,88,5,4.15,97,0,10000,1021,9.28,88,5,4.15,97,0,10000,1021,9.28,88,5,4.15,97,0,10000
1021,9.84,93,310,5.66,100,0,10000,21,0,6,12,1022,8.46,85,32,3.52,95,0,10000,1022,8.46,85,32,3.52,95,0,10000,1022,8.46,85,32,3.52,95,0,10000,1022,8.46,85,32,3.52,95,0,10000,1022,8.46,85,32,3.52,95,0,10000,1022,8.46,85,32,3.52,95,0,10000,1022,8.46,85,32,3.52,95,0,10000,1022,8.46,85,32,3.52,95,0,10000,1022,8.46,85,32,3.52,95,0,10000,1022,8.46,85,32,3.52,95,0,10000,1022,8.46,85,32,3.52,95,0,10000,1022,8.46,85,32,3.52,95,0,10000
1021,9.84,93,310,5.66,100,0,10000,0,0,7,12,1021,6.21,71,15,1.71,48,0,10000,1021,6.21,71,15,1.71,48,0,10000,1021,6.21,71,15,1.71,48,0,10000,1021,6.21,71,15,1.71,48,0,10000,1021,6.21,71,15,1.71,48,0,10000,1021,6.21,71,15,1.71,48,0,10000,1021,6.21,71,15,1.71,48,0,10000,1021,6.21,71,15,1.71,48,0,10000,1021,6.21,71,15,1.71,48,0,10000,1021,6.21,71,15,1.71,48,0,10000,1021,6.21,71,15,1.71,48,0,10000,1021,6.21,71,15,1.71,48,0,10000
1021,9.84,93,310,5.66,100,0,10000,3,0,7,12,1020,7.75,69,337,1.14,75,0,10000,1020,7.75,69,337,1.14,75,0,10000,1020,7.75,69,337,1.14,75,0,10000,1020,7.75,69,337,1.14,75,0,10000,1020,7.75,69,337,1.14,75,0,10000,1020,7.75,69,337,1.14,75,0,10000,1020,7.75,69,337,1.14,75,0,10000,1020,7.75,69,337,1.14,75,0,10000,1020,7.75,69,337,1.14,75,0,10000,1020,7.75,69,337,1.14,75,0,10000,1020,7.75,69,337,1.14,75,0,10000,1020,7.75,69,337,1.14,75,0,10000
1021,9.84,93,310,5.66,100,0,10000,6,0,7,12,1019,9.2,64,241,0.85,100,0,10000,1019,9.2,64,241,0.85,100,0,10000,1019,9.2,64,241,0.85,100,0,10000,1019,9.2,64,241,0.85,100,0,10000,1019,9.2,64,241,0.85,100,0,10000,1019,9.2,64,241,0.85,100,0,10000,1019,9.2,64,241,0.85,100,0,10000,1019,9.2,64,241,0.85,100,0,10000,1019,9.2,64,241,0.85,100,0,10000,1019,9.2,64,241,0.85,100,0,10000,1019,9.2,64,241,0.85,100,0,10000,1019,9.2,64,241,0.85,100,0,10000
1021,9.84,93,310,5.66,100,0,10000,9,0,7,12,1018,10.04,67,220,2.4,100,0,10000,1018,10.04,67,220,2.4,100,0,10000,1018,10.04,67,220,2.4,100,0,10000,1018,10.04,67,220,2.4,100,0,10000,1018,10.04,67,220,2.4,100,0,10000,1018,10.04,67,220,2.4,100,0,10000,1018,10.04,67,220,2.4,100,0,10000,1018,10.04,67,220,2.4,100,0,10000,1018,10.04,67,220,2.4,100,0,10000,1018,10.04,67,220,2.4,100,0,10000,1018,10.04,67,220,2.4,100,0,10000,1018,10.04,67,220,2.4,100,0,10000
1021,9.84,93,310,5.66,100,0,10000,12,0,7,12,1016,10.18,74,46,0.75,93,0,10000,1016,10.18,74,46,0.75,93,0,10000,1016,10.18,74,46,0.75,93,0,10000,1016,10.18,74,46,0.75,93,0,10000,1016,10.18,74,46,0.75,93,0,10000,1016,10.18,74,46,0.75,93,0,10000,1016,10.18,74,46,0.75,93,0,10000,1016,10.18,74,46,0.75,93,0,10000,1016,10.18,74,46,0.75,93,0,10000,1016,10.18,74,46,0.75,93,0,10000,1016,10.18,74,46,0.75,93,0,10000,1016,10.18,74,46,0.75,93,0,10000
1021,9.84,93,310,5.66,100,0,10000,15,0,7,12,1021,9.84,93,346,4.67,100,0,10000,1021,9.84,93,346,4.67,100,0,10000,1021,9.84,93,346,4.67,100,0,10000,1021,9.84,93,346,4.67,100,0,10000,1021,9.84,93,346,4.67,100,0,10000,1021,9.84,93,346,4.67,100,0,10000,1021,9.84,93,346,4.67,100,0,10000,1021,9.84,93,346,4.67,100,0,10000,1021,9.84,93,346,4.67,100,0,10000,1021,9.84,93,346,4.67,100,0,10000,1021,9.84,93,346,4.67,100,0,10000,1021,9.84,93,346,4.67,100,0,10000
1021,9.84,93,310,5.66,100,0,10000,18,0,7,12,1021,9.28,88,5,4.15,97,0,10000,1021,9.28,88,5,4.15,97,0,10000,1021,9.28,88,5,4.15,97,0,10000,1021,9.28,88,5,4.15,97,0,10000,1021,9.28,88,5,4.15,97,0,10000,1021,9.28,88,5,4.15,97,0,10000,1021,9.28,88,5,4.15,97,0,10000,1021,9.28,88,5,4.15,97,0,10000,1021,9.28,88,5,4.15,97,0,10000,1021,9.28,88,5,4.15,97,0,10000,1021,9.28,88,5,4.15,97,0,10000,1021,9.28,88,5,4.15,97,0,10000
1021,9.84,93,310,5.66,100,0,10000,21,0,7,12,1022,8.46,85,32,3.52,95,0,10000,1022,8.46,85,32,3.52,95,0,10000,1022,8.46,85,32,3.52,95,0,10000,1022,8.46,85,32,3.52,95,0,10000,1022,8.46,85,32,3.52,95,0,10000,1022,8.46,85,32,3.52,95,0,10000,1022,8.46,85,32,3.52,95,0,10000,1022,8.46,85,32,3.52,95,0,10000,1022,8.46,85,32,3.52,95,0,10000,1022,8.46,85,32,3.52,95,0,10000,1022,8.46,85,32,3.52,95,0,10000,1022,8.46,85,32,3.52,95,0,10000
1021,9.84,93,310,5.66,100,0,10000,0,0,8,12,1021,6.21,71,15,1.71,48,0,10000,1021,6.21,71,15,1.71,48,0,10000,1021,6.21,71,15,1.71,48,0,10000,1021,6.21,71,15,1.71,48,0,10000,1021,6.21,71,15,1.71,48,0,10000,1021,6.21,71,15,1.71,48,0,10000,1021,6.21,71,15,1.71,48,0,10000,1021,6.21,71,15,1.71,48,0,10000,1021,6.21,71,15,1.71,48,0,10000,1021,6.21,71,15,1.71,48,0,10000,1021,6.21,71,15,1.71,48,0,10000,1021,6.21,71,15,1.71,48,0,10000
1021,9.84,93,310,5.66,100,0,10000,3,0,8,12,1020,7.75,69,337,1.14,75,0,10000,1020,7.75,69,337,1.14,75,0,10000,1020,7.75,69,337,1.14,75,0,10000,1020,7.75,69,337,1.14,75,0,10000,1020,7.75,69,337,1.14,75,0,10000,1020,7.75,69,337,1.14,75,0,10000,1020,7.75,69,337,1.14,75,0,10000,1020,7.75,69,337,1.14,75,0,10000,1020,7.75,69,337,1.14,75,0,10000,1020,7.75,69,337,1.14,75,0,10000,1020,7.75,69,337,1.14,75,0,10000,1020,7.75,69,337,1.14,75,0,10000
1021,9.84,93,310,5.66,100,0,10000,6,0,8,12,1019,9.2,64,241,0.85,100,0,10000,1019,9.2,64,241,0.85,100,0,10000,1019,9.2,64,241,0.85,100,0,10000,1019,9.2,64,241,0.85,100,0,10000,1019,9.2,64,241,0.85,100,0,10000,1019,9.2,64,241,0.85,100,0,10000,1019,9.2,64,241,0.85,100,0,10000,1019,9.2,64,241,0.85,100,0,10000,1019,9.2,64,241,0.85,100,0,10000,1019,9.2,64,241,0.85,100,0,10000,1019,9.2,64,241,0.85,100,0,10000,1019,9.2,64,241,0.85,100,0,10000
1021,9.84,93,310,5.66,100,0,10000,9,0,8,12,1018,10.04,67,220,2.4,100,0,10000,1018,10.04,67,220,2.4,100,0,10000,1018,10.04,67,220,2.4,100,0,10000,1018,10.04,67,220,2.4,100,0,10000,1018,10.04,67,220,2.4,100,0,10000,1018,10.04,67,220,2.4,100,0,10000,1018,10.04,67,220,2.4,100,0,10000,1018,10.04,67,220,2.4,100,0,10000,1018,10.04,67,220,2.4,100,0,10000,1018,10.04,67,220,2.4,100,0,10000,1018,10.04,67,220,2.4,100,0,10000,1018,10.04,67,220,2.4,100,0,10000
1021,9.84,93,310,5.66,100,0,10000,12,0,8,12,1016,10.18,74,46,0.75,93,0,10000,1016,10.18,74,46,0.75,93,0,10000,1016,10.18,74,46,0.75,93,0,10000,1016,10.18,74,46,0.75,93,0,10000,1016,10.18,74,46,0.75,93,0,10000,1016,10.18,74,46,0.75,93,0,10000,1016,10.18,74,46,0.75,93,0,10000,1016,10.18,74,46,0.75,93,0,10000,1016,10.18,74,46,0.75,93,0,10000,1016,10.18,74,46,0.75,93,0,10000,1016,10.18,74,46,0.75,93,0,10000,1016,10.18,74,46,0.75,93,0,10000
1021,9.84,93,310,5.66,100,0,10000,15,0,8,12,1021,9.84,93,346,4.67,100,0,10000,1021,9.84,93,346,4.67,100,0,10000,1021,9.84,93,346,4.67,100,0,10000,1021,9.84,93,346,4.67,100,0,10000,1021,9.84,93,346,4.67,100,0,10000,1021,9.84,93,346,4.67,100,0,10000,1021,9.84,93,346,4.67,100,0,10000,1021,9.84,93,346,4.67,100,0,10000,1021,9.84,93,346,4.67,100,0,10000,1021,9.84,93,346,4.67,100,0,10000,1021,9.84,93,346,4.67,100,0,10000,1021,9.84,93,346,4.67,100,0,10000
1021,9.84,93,310,5.66,100,0,10000,18,0,8,12,1021,9.28,88,5,4.15,97,0,10000,1021,9.28,88,5,4.15,97,0,10000,1021,9.28,88,5,4.15,97,0,10000,1021,9.28,88,5,4.15,97,0,10000,1021,9.28,88,5,4.15,97,0,10000,1021,9.28,88,5,4.15,97,0,10000,1021,9.28,88,5,4.15,97,0,10000,1021,9.28,88,5,4.15,97,0,10000,1021,9.28,88,5,4.15,97,0,10000,1021,9.28,88,5,4.15,97,0,10000,1021,9.28,88,5,4.15,97,0,10000,1021,9.28,88,5,4.15,97,0,10000
1021,9.84,93,310,5.66,100,0,10000,21,0,8,12,1022,8.46,85,32,3.52,95,0,10000,1022,8.46,85,32,3.52,95,0,10000,1022,8.46,85,32,3.52,95,0,10000,1022,8.46,85,32,3.52,95,0,10000,1022,8.46,85,32,3.52,95,0,10000,1022,8.46,85,32,3.52,95,0,10000,1022,8.46,85,32,3.52,95,0,10000,1022,8.46,85,32,3.52,95,0,10000,1022,8.46,85,32,3.52,95,0,10000,1022,8.46,85,32,3.52,95,0,10000,1022,8.46,85,32,3.52,95,0,10000,1022,8.46,85,32,3.52,95,0,10000
1021,9.84,93,310,5.66,100,0,10000,0,0,9,12,1021,6.21,71,15,1.71,48,0,10000,1021,6.21,71,15,1.71,48,0,10000,1021,6.21,71,15,1.71,48,0,10000,1021,6.21,71,15,1.71,48,0,10000,1021,6.21,71,15,1.71,48,0,10000,1021,6.21,71,15,1.71,48,0,10000,1021,6.21,71,15,1.71,48,0,10000,1021,6.21,71,15,1.71,48,0,10000,1021,6.21,71,15,1.71,48,0,10000,1021,6.21,71,15,1.71,48,0,10000,1021,6.21,71,15,1.71,48,0,10000,1021,6.21,71,15,1.71,48,0,10000
1021,9.84,93,310,5.66,100,0,10000,3,0,9,12,1020,7.75,69,337,1.14,75,0,10000,1020,7.75,69,337,1.14,75,0,10000,1020,7.75,69,337,1.14,75,0,10000,1020,7.75,69,337,1.14,75,0,10000,1020,7.75,69,337,1.14,75,0,10000,1020,7.75,69,337,1.14,75,0,10000,1020,7.75,69,337,1.14,75,0,10000,1020,7.75,69,337,1.14,75,0,10000,1020,7.75,69,337,1.14,75,0,10000,1020,7.75,69,337,1.14,75,0,10000,1020,7.75,69,337,1.14,75,0,10000,1020,7.75,69,337,1.14,75,0,10000
1021,9.84,93,310,5.66,100,0,10000,6,0,9,12,1019,9.2,64,241,0.85,100,0,10000,1019,9.2,64,241,0.85,100,0,10000,1019,9.2,64,241,0.85,100,0,10000,1019,9.2,64,241,0.85,100,0,10000,1019,9.2,64,241,0.85,100,0,10000,1019,9.2,64,241,0.85,100,0,10000,1019,9.2,64,241,0.85,100,0,10000,1019,9.2,64,241,0.85,100,0,10000,1019,9.2,64,241,0.85,100,0,10000,1019,9.2,64,241,0.85,100,0,10000,1019,9.2,64,241,0.85,100,0,10000,1019,9.2,64,241,0.85,100,0,10000
1021,9.84,93,310,5.66,100,0,10000,9,0,9,12,1018,10.04,67,220,2.4,100,0,10000,1018,10.04,67,220,2.4,100,0,10000,1018,10.04,67,220,2.4,100,0,10000,1018,10.04,67,220,2.4,100,0,10000,1018,10.04,67,220,2.4,100,0,10000,1018,10.04,67,220,2.4,100,0,10000,1018,10.04,67,220,2.4,100,0,10000,1018,10.04,67,220,2.4,100,0,10000,1018,10.04,67,220,2.4,100,0,10000,1018,10.04,67,220,2.4,100,0,10000,1018,10.04,67,220,2.4,100,0,10000,1018,10.04,67,220,2.4,100,0,10000
1021,9.84,93,310,5.66,100,0,10000,12,0,9,12,1016,10.18,74,46,0.75,93,0,10000,1016,10.18,74,46,0.75,93,0,10000,1016,10.18,74,46,0.75,93,0,10000,1016,10.18,74,46,0.75,93,0,10000,1016,10.18,74,46,0.75,93,0,10000,1016,10.18,74,46,0.75,93,0,10000,1016,10.18,74,46,0.75,93,0,10000,1016,10.18,74,46,0.75,93,0,10000,1016,10.18,74,46,0.75,93,0,10000,1016,10.18,74,46,0.75,93,0,10000,1016,10.18,74,46,0.75,93,0,10000,1016,10.18,74,46,0.75,93,0,10000
1021,9.84,93,310,5.66,100,0,10000,15,0,9,12,1021,9.84,93,346,4.67,100,0,10000,1021,9.84,93,346,4.67,100,0,10000,1021,9.84,93,346,4.67,100,0,10000,1021,9.84,93,346,4.67,100,0,10000,1021,9.84,93,346,4.67,100,0,10000,1021,9.84,93,346,4.67,100,0,10000,1021,9.84,93,346,4.67,100,0,10000,1021,9.84,93,346,4.67,100,0,10000,1021,9.84,93,346,4.67,100,0,10000,1021,9.84,93,346,4.67,100,0,10000,1021,9.84,93,346,4.67,100,0,10000,1021,9.84,93,346,4.67,100,0,10000
1021,9.84,93,310,5.66,100,0,10000,18,0,9,12,1021,9.28,88,5,4.15,97,0,10000,1021,9.28,88,5,4.15,97,0,10000,1021,9.28,88,5,4.15,97,0,10000,1021,9.28,88,5,4.15,97,0,10000,1021,9.28,88,5,4.15,97,0,10000,1021,9.28,88,5,4.15,97,0,10000,1021,9.28,88,5,4.15,97,0,10000,1021,9.28,88,5,4.15,97,0,10000,1021,9.28,88,5,4.15,97,0,10000,1021,9.28,88,5,4.15,97,0,10000,1021,9.28,88,5,4.15,97,0,10000,1021,9.28,88,5,4.15,97,0,10000
1021,9.84,93,310,5.66,100,0,10000,21,0,9,12,1022,8.46,85,32,3.52,95,0,10000,1022,8.46,85,32,3.52,95,0,10000,1022,8.46,85,32,3.52,95,0,10000,1022,8.46,85,32,3.52,95,0,10000,1022,8.46,85,32,3.52,95,0,10000,1022,8.46,85,32,3.52,95,0,10000,1022,8.46,85,32,3.52,95,0,10000,1022,8.46,85,32,3.52,95,0,10000,1022,8.46,85,32,3.52,95,0,10000,1022,8.46,85,32,3.52,95,0,10000,1022,8.46,85,32,3.52,95,0,10000,1022,8.46,85,32,3.52,95,0,10000
1021,9.84,93,310,5.66,100,0,10000,0,0,10,12,1021,6.21,71,15,1.71,48,0,10000,1021,6.21,71,15,1.71,48,0,10000,1021,6.21,71,15,1.71,48,0,10000,1021,6.21,71,15,1.71,48,0,10000,1021,6.21,71,15,1.71,48,0,10000,1021,6.21,71,15,1.71,48,0,10000,1021,6.21,71,15,1.71,48,0,10000,1021,6.21,71,15,1.71,48,0,10000,1021,6.21,71,15,1.71,48,0,10000,1021,6.21,71,15,1.71,48,0,10000,1021,6.21,71,15,1.71,48,0,10000,1021,6.21,71,15,1.71,48,0,10000
1021,9.84,93,310,5.66,100,0,10000,3,0,10,12,1020,7.75,69,337,1.14,75,0,10000,1020,7.75,69,337,1.14,75,0,10000,1020,7.75,69,337,1.14,75,0,10000,1020,7.75,69,337,1.14,75,0,10000,1020,7.75,69,337,1.14,75,0,10000,1020,7.75,69,337,1.14,75,0,10000,1020,7.75,69,337,1.14,75,0,10000,1020,7.75,69,337,1.14,75,0,10000,1020,7.75,69,337,1.14,75,0,10000,1020,7.75,69,337,1.14,75,0,10000,1020,7.75,69,337,1.14,75,0,10000,1020,7.75,69,337,1.14,75,0,10000
1021,9.84,93,310,5.66,100,0,10000,6,0,10,12,1019,9.2,64,241,0.85,100,0,10000,1019,9.2,64,241,0.85,100,0,10000,1019,9.2,64,241,0.85,100,0,10000,1019,9.2,64,241,0.85,100,0,10000,1019,9.2,64,241,0.85,100,0,10000,1019,9.2,64,241,0.85,100,0,10000,1019,9.2,64,241,0.85,100,0,10000,1019,9.2,64,241,0.85,100,0,10000,1019,9.2,64,241,0.85,100,0,10000,1019,9.2,64,241,0.85,100,0,10000,1019,9.2,64,241,0.85,100,0,10000,1019,9.2,64,241,0.85,100,0,10000
1021,9.84,93,310,5.66,100,0,10000,9,0,10,12,1018,10.04,67,220,2.4,100,0,10000,1018,10.04,67,220,2.4,100,0,10000,1018,10.04,67,220,2.4,100,0,10000,1018,10.04,67,220,2.4,100,0,10000,1018,10.04,67,220,2.4,100,0,10000,1018,10.04,67,220,2.4,100,0,10000,1018,10.04,67,220,2.4,100,0,10000,1018,10.04,67,220,2.4,100,0,10000,1018,10.04,67,220,2.4,100,0,10000,1018,10.04,67,220,2.4,100,0,10000,1018,10.04,67,220,2.4,100,0,10000,1018,10.04,67,220,2.4,100,0,10000
1021,9.84,93,310,5.66,100,0,10000,12,0,10,12,1016,10.18,74,46,0.75,93,0,10000,1016,10.18,74,46,0.75,93,0,10000,1016,10.18,74,46,0.75,93,0,10000,1016,10.18,74,46,0.75,93,0,10000,1016,10.18,74,46,0.75,93,0,10000,1016,10.18,74,46,0.75,93,0,10000,1016,10.18,74,46,0.75,93,0,10000,1016,10.18,74,46,0.75,93,0,10000,1016,10.18,74,46,0.75,93,0,10000,1016,10.18,74,46,0.75,93,0,10000,1016,10.18,74,46,0.75,93,0,10000,1016,10.18,74,46,0.75,93,0,10000
1021,9.84,93,310,5.66,100,0,10000,15,0,10,12,1021,9.84,93,346,4.67,100,0,10000,1021,9.84,93,346,4.67,100,0,10000,1021,9.84,93,346,4.67,100,0,10000,1021,9.84,93,346,4.67,100,0,10000,1021,9.84,93,346,4.67,100,0,10000,1021,9.84,93,346,4.67,100,0,10000,1021,9.84,93,346,4.67,100,0,10000,1021,9.84,93,346,4.67,100,0,10000,1021,9.84,93,346,4.67,100,0,10000,1021,9.84,93,346,4.67,100,0,10000,1021,9.84,93,346,4.67,100,0,10000,1021,9.84,93,346,4.67,100,0,10000
1021,9.84,93,310,5.66,100,0,10000,18,0,10,12,1021,9.28,88,5,4.15,97,0,10000,1021,9.28,88,5,4.15,97,0,10000,1021,9.28,88,5,4.15,97,0,10000,1021,9.28,88,5,4.15,97,0,10000,1021,9.28,88,5,4.15,97,0,10000,1021,9.28,88,5,4.15,97,0,10000,1021,9.28,88,5,4.15,97,0,10000,1021,9.28,88,5,4.15,97,0,10000,1021,9.28,88,5,4.15,97,0,10000,1021,9.28,88,5,4.15,97,0,10000,1021,9.28,88,5,4.15,97,0,10000,1021,9.28,88,5,4.15,97,0,10000
1021,9.84,93,310,5.66,100,0,10000,21,0,10,12,1022,8.46,85,32,3.52,95,0,10000,1022,8.46,85,32,3.52,95,0,10000,1022,8.46,85,32,3.52,95,0,10000,1022,8.46,85,32,3.52,95,0,10000,1022,8.46,85,32,3.52,95,0,10000,1022,8.46,85,32,3.52,95,0,10000,1022,8.46,85,32,3.52,95,0,10000,1022,8.46,85,32,3.52,95,0,10000,1022,8.46,85,32,3.52,95,0,10000,1022,8.46,85,32,3.52,95,0,10000,1022,8.46,85,32,3.52,95,0,10000,1022,8.46,85,32,3.52,95,0,10000
1021,9.84,93,310,5.66,100,0,10000,0,0,11,12,1021,6.21,71,15,1.71,48,0,10000,1021,6.21,71,15,1.71,48,0,10000,1021,6.21,71,15,1.71,48,0,10000,1021,6.21,71,15,1.71,48,0,10000,1021,6.21,71,15,1.71,48,0,10000,1021,6.21,71,15,1.71,48,0,10000,1021,6.21,71,15,1.71,48,0,10000,1021,6.21,71,15,1.71,48,0,10000,1021,6.21,71,15,1.71,48,0,10000,1021,6.21,71,15,1.71,48,0,10000,1021,6.21,71,15,1.71,48,0,10000,1021,6.21,71,15,1.71,48,0,10000
1021,9.84,93,310,5.66,100,0,10000,3,0,11,12,1020,7.75,69,337,1.14,75,0,10000,1020,7.75,69,337,1.14,75,0,10000,1020,7.75,69,337,1.14,75,0,10000,1020,7.75,69,337,1.14,75,0,10000,1020,7.75,69,337,1.14,75,0,10000,1020,7.75,69,337,1.14,75,0,10000,1020,7.75,69,337,1.14,75,0,10000,1020,7.75,69,337,1.14,75,0,10000,1020,7.75,69,337,1.14,75,0,10000,1020,7.75,69,337,1.14,75,0,10000,1020,7.75,69,337,1.14,75,0,10000,1020,7.75,69,337,1.14,75,0,10000
1021,9.84,93,310,5.66,100,0,10000,6,0,11,12,1019,9.2,64,241,0.85,100,0,10000,1019,9.2,64,241,0.85,100,0,10000,1019,9.2,64,241,0.85,100,0,10000,1019,9.2,64,241,0.85,100,0,10000,1019,9.2,64,241,0.85,100,0,10000,1019,9.2,64,241,0.85,100,0,10000,1019,9.2,64,241,0.85,100,0,10000,1019,9.2,64,241,0.85,100,0,10000,1019,9.2,64,241,0.85,100,0,10000,1019,9.2,64,241,0.85,100,0,10000,1019,9.2,64,241,0.85,100,0,10000,1019,9.2,64,241,0.85,100,0,10000
1021,9.84,93,310,5.66,100,0,10000,9,0,11,12,1018,10.04,67,220,2.4,100,0,10000,1018,10.04,67,220,2.4,100,0,10000,1018,10.04,67,220,2.4,100,0,10000,1018,10.04,67,220,2.4,100,0,10000,1018,10.04,67,220,2.4,100,0,10000,1018,10.04,67,220,2.4,100,0,10000,1018,10.04,67,220,2.4,100,0,10000,1018,10.04,67,220,2.4,100,0,10000,1018,10.04,67,220,2.4,100,0,10000,1018,10.04,67,220,2.4,100,0,10000,1018,10.04,67,220,2.4,100,0,10000,1018,10.04,67,220,2.4,100,0,10000
1021,9.84,93,310,5.66,100,0,10000,12,0,11,12,1016,10.18,74,46,0.75,93,0,10000,1016,10.18,74,46,0.75,93,0,10000,1016,10.18,74,46,0.75,93,0,10000,1016,10.18,74,46,0.75,93,0,10000,1016,10.18,74,46,0.75,93,0,10000,1016,10.18,74,46,0.75,93,0,10000,1016,10.18,74,46,0.75,93,0,10000,1016,10.18,74,46,0.75,93,0,10000,1016,10.18,74,46,0.75,93,0,10000,1016,10.18,74,46,0.75,93,0,10000,1016,10.18,74,46,0.75,93,0,10000,1016,10.18,74,46,0.75,93,0,10000
1021,9.84,93,310,5.66,100,0,10000,15,0,11,12,1021,9.84,93,346,4.67,100,0,10000,1021,9.84,93,346,4.67,100,0,10000,1021,9.84,93,346,4.67,100,0,10000,1021,9.84,93,346,4.67,100,0,10000,1021,9.84,93,346,4.67,100,0,10000,1021,9.84,93,346,4.67,100,0,10000,1021,9.84,93,346,4.67,100,0,10000,1021,9.84,93,346,4.67,100,0,10000,1021,9.84,93,346,4.67,100,0,10000,1021,9.84,93,346,4.67,100,0,10000,1021,9.84,93,346,4.67,100,0,10000,1021,9.84,93,346,4.67,100,0,10000
1021,9.84,93,310,5.66,100,0,10000,18,0,11,12,1021,9.28,88,5,4.15,97,0,10000,1021,9.28,88,5,4.15,97,0,10000,1021,9.28,88,5,4.15,97,0,10000,1021,9.28,88,5,4.15,97,0,10000,1021,9.28,88,5,4.15,97,0,10000,1021,9.28,88,5,4.15,97,0,10000,1021,9.28,88,5,4.15,97,0,10000,1021,9.28,88,5,4.15,97,0,10000,1021,9.28,88,5,4.15,97,0,10000,1021,9.28,88,5,4.15,97,0,10000,1021,9.28,88,5,4.15,97,0,10000,1021,9.28,88,5,4.15,97,0,10000
1021,9.84,93,310,5.66,100,0,10000,21,0,11,12,1022,8.46,85,32,3.52,95,0,10000,1022,8.46,85,32,3.52,95,0,10000,1022,8.46,85,32,3.52,95,0,10000,1022,8.46,85,32,3.52,95,0,10000,1022,8.46,85,32,3.52,95,0,10000,1022,8.46,85,32,3.52,95,0,10000,1022,8.46,85,32,3.52,95,0,10000,1022,8.46,85,32,3.52,95,0,10000,1022,8.46,85,32,3.52,95,0,10000,1022,8.46,85,32,3.52,95,0,10000,1022,8.46,85,32,3.52,95,0,10000,1022,8.46,85,32,3.52,95,0,10000
1021,9.84,93,310,5.66,100,0,10000,0,0,12,12,1021,6.21,71,15,1.71,48,0,10000,1021,6.21,71,15,1.71,48,0,10000,1021,6.21,71,15,1.71,48,0,10000,1021,6.21,71,15,1.71,48,0,10000,1021,6.21,71,15,1.71,48,0,10000,1021,6.21,71,15,1.71,48,0,10000,1021,6.21,71,15,1.71,48,0,10000,1021,6.21,71,15,1.71,48,0,10000,1021,6.21,71,15,1.71,48,0,10000,1021,6.21,71,15,1.71,48,0,10000,1021,6.21,71,15,1.71,48,0,10000,1021,6.21,71,15,1.71,48,0,10000
1021,9.84,93,310,5.66,100,0,10000,3,0,12,12,1020,7.75,69,337,1.14,75,0,10000,1020,7.75,69,337,1.14,75,0,10000,1020,7.75,69,337,1.14,75,0,10000,1020,7.75,69,337,1.14,75,0,10000,1020,7.75,69,337,1.14,75,0,10000,1020,7.75,69,337,1.14,75,0,10000,1020,7.75,69,337,1.14,75,0,10000,1020,7.75,69,337,1.14,75,0,10000,1020,7.75,69,337,1.14,75,0,10000,1020,7.75,69,337,1.14,75,0,10000,1020,7.75,69,337,1.14,75,0,10000,1020,7.75,69,337,1.14,75,0,10000
1021,9.84,93,310,5.66,100,0,10000,6,0,12,12,1019,9.2,64,241,0.85,100,0,10000,1019,9.2,64,241,0.85,100,0,10000,1019,9.2,64,241,0.85,100,0,10000,1019,9.2,64,241,0.85,100,0,10000,1019,9.2,64,241,0.85,100,0,10000,1019,9.2,64,241,0.85,100,0,10000,1019,9.2,64,241,0.85,100,0,10000,1019,9.2,64,241,0.85,100,0,10000,1019,9.2,64,241,0.85,100,0,10000,1019,9.2,64,241,0.85,100,0,10000,1019,9.2,64,241,0.85,100,0,10000,1019,9.2,64,241,0.85,100,0,10000
1021,9.84,93,310,5.66,100,0,10000,9,0,12,12,1018,10.04,67,220,2.4,100,0,10000,1018,10.04,67,220,2.4,100,0,10000,1018,10.04,67,220,2.4,100,0,10000,1018,10.04,67,220,2.4,100,0,10000,1018,10.04,67,220,2.4,100,0,10000,1018,10.04,67,220,2.4,100,0,10000,1018,10.04,67,220,2.4,100,0,10000,1018,10.04,67,220,2.4,100,0,10000,1018,10.04,67,220,2.4,100,0,10000,1018,10.04,67,220,2.4,100,0,10000,1018,10.04,67,220,2.4,100,0,10000,1018,10.04,67,220,2.4,100,0,10000
1021,9.84,93,310,5.66,100,0,10000,12,0,12,12,1016,10.18,74,46,0.75,93,0,10000,1016,10.18,74,46,0.75,93,0,10000,1016,10.18,74,46,0.75,93,0,10000,1016,10.18,74,46,0.75,93,0,10000,1016,10.18,74,46,0.75,93,0,10000,1016,10.18,74,46,0.75,93,0,10000,1016,10.18,74,46,0.75,93,0,10000,1016,10.18,74,46,0.75,93,0,10000,1016,10.18,74,46,0.75,93,0,10000,1016,10.18,74,46,0.75,93,0,10000,1016,10.18,74,46,0.75,93,0,10000,1016,10.18,74,46,0.75,93,0,10000
1021,9.84,93,310,5.66,100,0,10000,15,0,12,12,1021,9.84,93,346,4.67,100,0,10000,1021,9.84,93,346,4.67,100,0,10000,1021,9.84,93,346,4.67,100,0,10000,1021,9.84,93,346,4.67,100,0,10000,1021,9.84,93,346,4.67,100,0,10000,1021,9.84,93,346,4.67,100,0,10000,1021,9.84,93,346,4.67,100,0,10000,1021,9.84,93,346,4.67,100,0,10000,1021,9.84,93,346,4.67,100,0,10000,1021,9.84,93,346,4.67,100,0,10000,1021,9.84,93,346,4.67,100,0,10000,1021,9.84,93,346,4.67,100,0,10000
1021,9.84,93,310,5.66,100,0,10000,18,0,12,12,1021,9.28,88,5,4.15,97,0,10000,1021,9.28,88,5,4.15,97,0,10000,1021,9.28,88,5,4.15,97,0,10000,1021,9.28,88,5,4.15,97,0,10000,1021,9.28,88,5,4.15,97,0,10000,1021,9.28,88,5,4.15,97,0,10000,1021,9.28,88,5,4.15,97,0,10000,1021,9.28,88,5,4.15,97,0,10000,1021,9.28,88,5,4.15,97,0,10000,1021,9.28,88,5,4.15,97,0,10000,1021,9.28,88,5,4.15,97,0,10000,1021,9.28,88,5,4.15,97,0,10000
1021,9.84,93,310,5.66,100,0,10000,21,0,12,12,1022,8.46,85,32,3.52,95,0,10000,1022,8.46,85,32,3.52,95,0,10000,1022,8.46,85,32,3.52,95,0,10000,1022,8.46,85,32,3.52,95,0,10000,1022,8.46,85,32,3.52,95,0,10000,1022,8.46,85,32,3.52,95,0,10000,1022,8.46,85,32,3.52,95,0,10000,1022,8.46,85,32,3.52,95,0,10000,1022,8.46,85,32,3.52,95,0,10000,1022,8.46,85,32,3.52,95,0,10000,1022,8.46,85,32,3.52,95,0,10000,1022,8.46,85,32,3.52,95,0,10000
1021,9.84,93,310,5.66,100,0,10000,0,0,13,12,1021,6.21,71,15,1.71,48,0,10000,1021,6.21,71,15,1.71,48,0,10000,1021,6.21,71,15,1.71,48,0,10000,1021,6.21,71,15,1.71,48,0,10000,1021,6.21,71,15,1.71,48,0,10000,1021,6.21,71,15,1.71,48,0,10000,1021,6.21,71,15,1.71,48,0,10000,1021,6.21,71,15,1.71,48,0,10000,1021,6.21,71,15,1.71,48,0,10000,1021,6.21,71,15,1.71,48,0,10000,1021,6.21,71,15,1.71,48,0,10000,1021,6.21,71,15,1.71,48,0,10000
1021,9.84,93,310,5.66,100,0,10000,3,0,13,12,1020,7.75,69,337,1.14,75,0,10000,1020,7.75,69,337,1.14,75,0,10000,1020,7.75,69,337,1.14,75,0,10000,1020,7.75,69,337,1.14,75,0,10000,1020,7.75,69,337,1.14,75,0,10000,1020,7.75,69,337,1.14,75,0,10000,1020,7.75,69,337,1.14,75,0,10000,1020,7.75,69,337,1.14,75,0,10000,1020,7.75,69,337,1.14,75,0,10000,1020,7.75,69,337,1.14,75,0,10000,1020,7.75,69,337,1.14,75,0,10000,1020,7.75,69,337,1.14,75,0,10000
1021,9.84,93,310,5.66,100,0,10000,6,0,13,12,1019,9.2,64,241,0.85,100,0,10000,1019,9.2,64,241,0.85,100,0,10000,1019,9.2,64,241,0.85,100,0,10000,1019,9.2,64,241,0.85,100,0,10000,1019,9.2,64,241,0.85,100,0,10000,1019,9.2,64,241,0.85,100,0,10000,1019,9.2,64,241,0.85,100,0,10000,1019,9.2,64,241,0.85,100,0,10000,1019,9.2,64,241,0.85,100,0,10000,1019,9.2,64,241,0.85,100,0,10000,1019,9.2,64,241,0.85,100,0,10000,1019,9.2,64,241,0.85,100,0,10000
1021,9.84,93,310,5.66,100,0,10000,9,0,13,12,1018,10.04,67,220,2.4,100,0,10000,1018,10.04,67,220,2.4,100,0,10000,1018,10.04,67,220,2.4,100,0,10000,1018,10.04,67,220,2.4,100,0,10000,1018,10.04,67,220,2.4,100,0,10000,1018,10.04,67,220,2.4,100,0,10000,1018,10.04,67,220,2.4,100,0,10000,1018,10.04,67,220,2.4,100,0,10000,1018,10.04,67,220,2.4,100,0,10000,1018,10.04,67,220,2.4,100,0,10000,1018,10.04,67,220,2.4,100,0,10000,1018,10.04,67,220,2.4,100,0,10000
1021,9.84,93,310,5.66,100,0,10000,12,0,13,12,1016,10.18,74,46,0.75,93,0,10000,1016,10.18,74,46,0.75,93,0,10000,1016,10.18,74,46,0.75,93,0,10000,1016,10.18,74,46,0.75,93,0,10000,1016,10.18,74,46,0.75,93,0,10000,1016,10.18,74,46,0.75,93,0,10000,1016,10.18,74,46,0.75,93,0,10000,1016,10.18,74,46,0.75,93,0,10000,1016,10.18,74,46,0.75,93,0,10000,1016,10.18,74,46,0.75,93,0,10000,1016,10.18,74,46,0.75,93,0,10000,1016,10.18,74,46,0.75,93,0,10000
1021,9.84,93,310,5.66,100,0,10000,15,0,13,12,1021,9.84,93,346,4.67,100,0,10000,1021,9.84,93,346,4.67,100,0,10000,1021,9.84,93,346,4.67,100,0,10000,1021,9.84,93,346,4.67,100,0,10000,1021,9.84,93,346,4.67,100,0,10000,1021,9.84,93,346,4.67,100,0,10000,1021,9.84,93,346,4.67,100,0,10000,1021,9.84,93,346,4.67,100,0,10000,1021,9.84,93,346,4.67,100,0,10000,1021,9.84,93,346,4.67,100,0,10000,1021,9.84,93,346,4.67,100,0,10000,1021,9.84,93,346,4.67,100,0,10000
1021,9.84,93,310,5.66,100,0,10000,18,0,13,12,1021,9.28,88,5,4.15,97,0,10000,1021,9.28,88,5,4.15,97,0,10000,1021,9.28,88,5,4.15,97,0,10000,1021,9.28,88,5,4.15,97,0,10000,1021,9.28,88,5,4.15,97,0,10000,1021,9.28,88,5,4.15,97,0,10000,1021,9.28,88,5,4.15,97,0,10000,1021,9.28,88,5,4.15,97,0,10000,1021,9.28,88,5,4.15,97,0,10000,1021,9.28,88,5,4.15,97,0,10000,1021,9.28,88,5,4.15,97,0,10000,1021,9.28,88,5,4.15,97,0,10000
1021,9.84,93,310,5.66,100,0,10000,21,0,13,12,1022,8.46,85,32,3.52,95,0,10000,1022,8.46,85,32,3.52,95,0,10000,1022,8.46,85,32,3.52,95,0,10000,1022,8.46,85,32,3.52,95,0,10000,1022,8.46,85,32,3.52,95,0,10000,1022,8.46,85,32,3.52,95,0,10000,1022,8.46,85,32,3.52,95,0,10000,1022,8.46,85,32,3.52,95,0,10000,1022,8.46,85,32,3.52,95,0,10000,1022,8.46,85,32,3.52,95,0,10000,1022,8.46,85,32,3.52,95,0,10000,1022,8.46,85,32,3.52,95,0,10000
1021,9.84,93,310,5.66,100,0,10000,0,0,14,12,1021,6.21,71,15,1.71,48,0,10000,1021,6.21,71,15,1.71,48,0,10000,1021,6.21,71,15,1.71,48,0,10000,1021,6.21,71,15,1.71,48,0,10000,1021,6.21,71,15,1.71,48,0,10000,1021,6.21,71,15,1.71,48,0,10000,1021,6.21,71,15,1.71,48,0,10000,1021,6.21,71,15,1.71,48,0,10000,1021,6.21,71,15,1.71,48,0,10000,1021,6.21,71,15,1.71,48,0,10000,1021,6.21,71,15,1.71,48,0,10000,1021,6.21,71,15,1.71,48,0,10000
1021,9.84,93,310,5.66,100,0,10000,3,0,14,12,1020,7.75,69,337,1.14,75,0,10000,1020,7.75,69,337,1.14,75,0,10000,1020,7.75,69,337,1.14,75,0,10000,1020,7.75,69,337,1.14,75,0,10000,1020,7.75,69,337,1.14,75,0,10000,1020,7.75,69,337,1.14,75,0,10000,1020,7.75,69,337,1.14,75,0,10000,1020,7.75,69,337,1.14,75,0,10000,1020,7.75,69,337,1.14,75,0,10000,1020,7.75,69,337,1.14,75,0,10000,1020,7.75,69,337,1.14,75,0,10000,1020,7.75,69,337,1.14,75,0,10000
1021,9.84,93,310,5.66,100,0,10000,6,0,14,12,1019,9.2,64,241,0.85,100,0,10000,1019,9.2,64,241,0.85,100,0,10000,1019,9.2,64,241,0.85,100,0,10000,1019,9.2,64,241,0.85,100,0,10000,1019,9.2,64,241,0.85,100,0,10000,1019,9.2,64,241,0.85,100,0,10000,1019,9.2,64,241,0.85,100,0,10000,1019,9.2,64,241,0.85,100,0,10000,1019,9.2,64,241,0.85,100,0,10000,1019,9.2,64,241,0.85,100,0,10000,1019,9.2,64,241,0.85,100,0,10000,1019,9.2,64,241,0.85,100,0,10000
1021,9.84,93,310,5.66,100,0,10000,9,0,14,12,1018,10.04,67,220,2.4,100,0,10000,1018,10.04,67,220,2.4,100,0,10000,1018,10.04,67,220,2.4,100,0,10000,1018,10.04,67,220,2.4,100,0,10000,1018,10.04,67,220,2.4,100,0,10000,1018,10.04,67,220,2.4,100,0,10000,1018,10.04,67,220,2.4,100,0,10000,1018,10.04,67,220,2.4,100,0,10000,1018,10.04,67,220,2.4,100,0,10000,1018,10.04,67,220,2.4,100,0,10000,1018,10.04,67,220,2.4,100,0,10000,1018,10.04,67,220,2.4,100,0,10000
1021,9.84,93,310,5.66,100,0,10000,12,0,14,12,1016,10.18,74,46,0.75,93,0,10000,1016,10.18,74,46,0.75,93,0,10000,1016,10.18,74,46,0.75,93,0,10000,1016,10.18,74,46,0.75,93,0,10000,1016,10.18,74,46,0.75,93,0,10000,1016,10.18,74,46,0.75,93,0,10000,1016,10.18,74,46,0.75,93,0,10000,1016,10.18,74,46,0.75,93,0,10000,1016,10.18,74,46,0.75,93,0,10000,1016,10.18,74,46,0.75,93,0,10000,1016,10.18,74,46,0.75,93,0,10000,1016,10.18,74,46,0.75,93,0,10000
1021,9.84,93,310,5.66,100,0,10000,15,0,14,12,1021,9.84,93,346,4.67,100,0,10000,1021,9.84,93,346,4.67,100,0,10000,1021,9.84,93,346,4.67,100,0,10000,1021,9.84,93,346,4.67,100,0,10000,1021,9.84,93,346,4.67,100,0,10000,1021,9.84,93,346,4.67,100,0,10000,1021,9.84,93,346,4.67,100,0,10000,1021,9.84,93,346,4.67,100,0,10000,1021,9.84,93,346,4.67,100,0,10000,1021,9.84,93,346,4.67,100,0,10000,1021,9.84,93,346,4.67,100,0,10000,1021,9.84,93,346,4.67,100,0,10000
1021,9.84,93,310,5.66,100,0,10000,18,0,14,12,1021,9.28,88,5,4.15,97,0,10000,1021,9.28,88,5,4.15,97,0,10000,1021,9.28,88,5,4.15,97,0,10000,1021,9.28,88,5,4.15,97,0,10000,1021,9.28,88,5,4.15,97,0,10000,1021,9.28,88,5,4.15,97,0,10000,1021,9.28,88,5,4.15,97,0,10000,1021,9.28,88,5,4.15,97,0,10000,1021,9.28,88,5,4.15,97,0,10000,1021,9.28,88,5,4.15,97,0,10000,1021,9.28,88,5,4.15,97,0,10000,1021,9.28,88,5,4.15,97,0,10000
1021,9.84,93,310,5.66,100,0,10000,21,0,14,12,1022,8.46,85,32,3.52,95,0,10000,1022,8.46,85,32,3.52,95,0,10000,1022,8.46,85,32,3.52,95,0,10000,1022,8.46,85,32,3.52,95,0,10000,1022,8.46,85,32,3.52,95,0,10000,1022,8.46,85,32,3.52,95,0,10000,1022,8.46,85,32,3.52,95,0,10000,1022,8.46,85,32,3.52,95,0,10000,1022,8.46,85,32,3.52,95,0,10000,1022,8.46,85,32,3.52,95,0,10000,1022,8.46,85,32,3.52,95,0,10000,1022,8.46,85,32,3.52,95,0,10000
1021,9.84,93,310,5.66,100,0,10000,0,0,15,12,1021,6.21,71,15,1.71,48,0,10000,1021,6.21,71,15,1.71,48,0,10000,1021,6.21,71,15,1.71,48,0,10000,1021,6.21,71,15,1.71,48,0,10000,1021,6.21,71,15,1.71,48,0,10000,1021,6.21,71,15,1.71,48,0,10000,1021,6.21,71,15,1.71,48,0,10000,1021,6.21,71,15,1.71,48,0,10000,1021,6.21,71,15,1.71,48,0,10000,1021,6.21,71,15,1.71,48,0,10000,1021,6.21,71,15,1.71,48,0,10000,1021,6.21,71,15,1.71,48,0,10000
1021,9.84,93,310,5.66,100,0,10000,3,0,15,12,1020,7.75,69,337,1.14,75,0,10000,1020,7.75,69,337,1.14,75,0,10000,1020,7.75,69,337,1.14,75,0,10000,1020,7.75,69,337,1.14,75,0,10000,1020,7.75,69,337,1.14,75,0,10000,1020,7.75,69,337,1.14,75,0,10000,1020,7.75,69,337,1.14,75,0,10000,1020,7.75,69,337,1.14,75,0,10000,1020,7.75,69,337,1.14,75,0,10000,1020,7.75,69,337,1.14,75,0,10000,1020,7.75,69,337,1.14,75,0,10000,1020,7.75,69,337,1.14,75,0,10000
1021,9.84,93,310,5.66,100,0,10000,6,0,15,12,1019,9.2,64,241,0.85,100,0,10000,1019,9.2,64,241,0.85,100,0,10000,1019,9.2,64,241,0.85,100,0,10000,1019,9.2,64,241,0.85,100,0,10000,1019,9.2,64,241,0.85,100,0,10000,1019,9.2,64,241,0.85,100,0,10000,1019,9.2,64,241,0.85,100,0,10000,1019,9.2,64,241,0.85,100,0,10000,1019,9.2,64,241,0.85,100,0,10000,1019,9.2,64,241,0.85,100,0,10000,1019,9.2,64,241,0.85,100,0,10000,1019,9.2,64,241,0.85,100,0,10000
1021,9.84,93,310,5.66,100,0,10000,9,0,15,12,1018,10.04,67,220,2.4,100,0,10000,1018,10.04,67,220,2.4,100,0,10000,1018,10.04,67,220,2.4,100,0,10000,1018,10.04,67,220,2.4,100,0,10000,1018,10.04,67,220,2.4,100,0,10000,1018,10.04,67,220,2.4,100,0,10000,1018,10.04,67,220,2.4,100,0,10000,1018,10.04,67,220,2.4,100,0,10000,1018,10.04,67,220,2.4,100,0,10000,1018,10.04,67,220,2.4,100,0,10000,1018,10.04,67,220,2.4,100,0,10000,1018,10.04,67,220,2.4,100,0,10000
1021,9.84,93,310,5.66,100,0,10000,12,0,15,12,1016,10.18,74,46,0.75,93,0,10000,1016,10.18,74,46,0.75,93,0,10000,1016,10.18,74,46,0.75,93,0,10000,1016,10.18,74,46,0.75,93,0,10000,1016,10.18,74,46,0.75,93,0,10000,1016,10.18,74,46,0.75,93,0,10000,1016,10.18,74,46,0.75,93,0,10000,1016,10.18,74,46,0.75,93,0,10000,1016,10.18,74,46,0.75,93,0,10000,1016,10.18,74,46,0.75,93,0,10000,1016,10.18,74,46,0.75,93,0,10000,1016,10.18,74,46,0.75,93,0,10000
1021,9.84,93,310,5.66,100,0,10000,15,0,15,12,1021,9.84,93,346,4.67,100,0,10000,1021,9.84,93,346,4.67,100,0,10000,1021,9.84,93,346,4.67,100,0,10000,1021,9.84,93,346,4.67,100,0,10000,1021,9.84,93,346,4.67,100,0,10000,1021,9.84,93,346,4.67,100,0,10000,1021,9.84,93,346,4.67,100,0,10000,1021,9.84,93,346,4.67,100,0,10000,1021,9.84,93,346,4.67,100,0,10000,1021,9.84,93,346,4.67,100,0,10000,1021,9.84,93,346,4.67,100,0,10000,1021,9.84,93,346,4.67,100,0,10000
1021,9.84,93,310,5.66,100,0,10000,18,0,15,12,1021,9.28,88,5,4.15,97,0,10000,1021,9.28,88,5,4.15,97,0,10000,1021,9.28,88,5,4.15,97,0,10000,1021,9.28,88,5,4.15,97,0,10000,1021,9.28,88,5,4.15,97,0,10000,1021,9.28,88,5,4.15,97,0,10000,1021,9.28,88,5,4.15,97,0,10000,1021,9.28,88,5,4.15,97,0,10000,1021,9.28,88,5,4.15,97,0,10000,1021,9.28,88,5,4.15,97,0,10000,1021,9.28,88,5,4.15,97,0,10000,1021,9.28,88,5,4.15,97,0,10000
1021,9.84,93,310,5.66,100,0,10000,21,0,15,12,1022,8.46,85,32,3.52,95,0,10000,1022,8.46,85,32,3.52,95,0,10000,1022,8.46,85,32,3.52,95,0,10000,1022,8.46,85,32,3.52,95,0,10000,1022,8.46,85,32,3.52,95,0,10000,1022,8.46,85,32,3.52,95,0,10000,1022,8.46,85,32,3.52,95,0,10000,1022,8.46,85,32,3.52,95,0,10000,1022,8.46,85,32,3.52,95,0,10000,1022,8.46,85,32,3.52,95,0,10000,1022,8.46,85,32,3.52,95,0,10000,1022,8.46,85,32,3.52,95,0,10000
1021,9.84,93,310,5.66,100,0,10000,0,0,16,12,1021,6.21,71,15,1.71,48,0,10000,1021,6.21,71,15,1.71,48,0,10000,1021,6.21,71,15,1.71,48,0,10000,1021,6.21,71,15,1.71,48,0,10000,1021,6.21,71,15,1.71,48,0,10000,1021,6.21,71,15,1.71,48,0,10000,1021,6.21,71,15,1.71,48,0,10000,1021,6.21,71,15,1.71,48,0,10000,1021,6.21,71,15,1.71,48,0,10000,1021,6.21,71,15,1.71,48,0,10000,1021,6.21,71,15,1.71,48,0,10000,1021,6.21,71,15,1.71,48,0,10000
1021,9.84,93,310,5.66,100,0,10000,3,0,16,12,1020,7.75,69,337,1.14,75,0,10000,1020,7.75,69,337,1.14,75,0,10000,1020,7.75,69,337,1.14,75,0,10000,1020,7.75,69,337,1.14,75,0,10000,1020,7.75,69,337,1.14,75,0,10000,1020,7.75,69,337,1.14,75,0,10000,1020,7.75,69,337,1.14,75,0,10000,1020,7.75,69,337,1.14,75,0,10000,1020,7.75,69,337,1.14,75,0,10000,1020,7.75,69,337,1.14,75,0,10000,1020,7.75,69,337,1.14,75,0,10000,1020,7.75,69,337,1.14,75,0,10000
1021,9.84,93,310,5.66,100,0,10000,6,0,16,12,1019,9.2,64,241,0.85,100,0,10000,1019,9.2,64,241,0.85,100,0,10000,1019,9.2,64,241,0.85,100,0,10000,1019,9.2,64,241,0.85,100,0,10000,1019,9.2,64,241,0.85,100,0,10000,1019,9.2,64,241,0.85,100,0,10000,1019,9.2,64,241,0.85,100,0,10000,1019,9.2,64,241,0.85,100,0,10000,1019,9.2,64,241,0.85,100,0,10000,1019,9.2,64,241,0.85,100,0,10000,1019,9.2,64,241,0.85,100,0,10000,1019,9.2,64,241,0.85,100,0,10000
1021,9.84,93,310,5.66,100,0,10000,9,0,16,12,1018,10.04,67,220,2.4,100,0,10000,1018,10.04,67,220,2.4,100,0,10000,1018,10.04,67,220,2.4,100,0,10000,1018,10.04,67,220,2.4,100,0,10000,1018,10.04,67,220,2.4,100,0,10000,1018,10.04,67,220,2.4,100,0,10000,1018,10.04,67,220,2.4,100,0,10000,1018,10.04,67,220,2.4,100,0,10000,1018,10.04,67,220,2.4,100,0,10000,1018,10.04,67,220,2.4,100,0,10000,1018,10.04,67,220,2.4,100,0,10000,1018,10.04,67,220,2.4,100,0,10000
1021,9.84,93,310,5.66,100,0,10000,12,0,16,12,1016,10.18,74,46,0.75,93,0,10000,1016,10.18,74,46,0.75,93,0,10000,1016,10.18,74,46,0.75,93,0,10000,1016,10.18,74,46,0.75,93,0,10000,1016,10.18,74,46,0.75,93,0,10000,1016,10.18,74,46,0.75,93,0,10000,1016,10.18,74,46,0.75,93,0,10000,1016,10.18,74,46,0.75,93,0,10000,1016,10.18,74,46,0.75,93,0,10000,1016,10.18,74,46,0.75,93,0,10000,1016,10.18,74,46,0.75,93,0,10000,1016,10.18,74,46,0.75,93,0,10000
1021,9.84,93,310,5.66,100,0,10000,15,0,16,12,1021,9.84,93,346,4.67,100,0,10000,1021,9.84,93,346,4.67,100,0,10000,1021,9.84,93,346,4.67,100,0,10000,1021,9.84,93,346,4.67,100,0,10000,1021,9.84,93,346,4.67,100,0,10000,1021,9.84,93,346,4.67,100,0,10000,1021,9.84,93,346,4.67,100,0,10000,1021,9.84,93,346,4.67,100,0,10000,1021,9.84,93,346,4.67,100,0,10000,1021,9.84,93,346,4.67,100,0,10000,1021,9.84,93,346,4.67,100,0,10000,1021,9.84,93,346,4.67,100,0,10000
1021,9.84,93,310,5.66,100,0,10000,18,0,16,12,1021,9.28,88,5,4.15,97,0,10000,1021,9.28,88,5,4.15,97,0,10000,1021,9.28,88,5,4.15,97,0,10000,1021,9.28,88,5,4.15,97,0,10000,1021,9.28,88,5,4.15,97,0,10000,1021,9.28,88,5,4.15,97,0,10000,1021,9.28,88,5,4.15,97,0,10000,1021,9.28,88,5,4.15,97,0,10000,1021,9.28,88,5,4.15,97,0,10000,1021,9.28,88,5,4.15,97,0,10000,1021,9.28,88,5,4.15,97,0,10000,1021,9.28,88,5,4.15,97,0,10000
1021,9.84,93,310,5.66,100,0,10000,21,0,16,12,1022,8.46,85,32,3.52,95,0,10000,1022,8.46,85,32,3.52,95,0,10000,1022,8.46,85,32,3.52,95,0,10000,1022,8.46,85,32,3.52,95,0,10000,1022,8.46,85,32,3.52,95,0,10000,1022,8.46,85,32,3.52,95,0,10000,1022,8.46,85,32,3.52,95,0,10000,1022,8.46,85,32,3.52,95,0,10000,1022,8.46,85,32,3.52,95,0,10000,1022,8.46,85,32,3.52,95,0,10000,1022,8.46,85,32,3.52,95,0,10000,1022,8.46,85,32,3.52,95,0,10000
1021,9.84,93,310,5.66,100,0,10000,0,0,17,12,1021,6.21,71,15,1.71,48,0,10000,1021,6.21,71,15,1.71,48,0,10000,1021,6.21,71,15,1.71,48,0,10000,1021,6.21,71,15,1.71,48,0,10000,1021,6.21,71,15,1.71,48,0,10000,1021,6.21,71,15,1.71,48,0,10000,1021,6.21,71,15,1.71,48,0,10000,1021,6.21,71,15,1.71,48,0,10000,1021,6.21,71,15,1.71,48,0,10000,1021,6.21,71,15,1.71,48,0,10000,1021,6.21,71,15,1.71,48,0,10000,1021,6.21,71,15,1.71,48,0,10000
1021,9.84,93,310,5.66,100,0,10000,3,0,17,12,1020,7.75,69,337,1.14,75,0,10000,1020,7.75,69,337,1.14,75,0,10000,1020,7.75,69,337,1.14,75,0,10000,1020,7.75,69,337,1.14,75,0,10000,1020,7.75,69,337,1.14,75,0,10000,1020,7.75,69,337,1.14,75,0,10000,1020,7.75,69,337,1.14,75,0,10000,1020,7.75,69,337,1.14,75,0,10000,1020,7.75,69,337,1.14,75,0,10000,1020,7.75,69,337,1.14,75,0,10000,1020,7.75,69,337,1.14,75,0,10000,1020,7.75,69,337,1.14,75,0,10000
1021,9.84,93,310,5.66,100,0,10000,6,0,17,12,1019,9.2,64,241,0.85,100,0,10000,1019,9.2,64,241,0.85,100,0,10000,1019,9.2,64,241,0.85,100,0,10000,1019,9.2,64,241,0.85,100,0,10000,1019,9.2,64,241,0.85,100,0,10000,1019,9.2,64,241,0.85,100,0,10000,1019,9.2,64,241,0.85,100,0,10000,1019,9.2,64,241,0.85,100,0,10000,1019,9.2,64,241,0.85,100,0,10000,1019,9.2,64,241,0.85,100,0,10000,1019,9.2,64,241,0.85,100,0,10000,1019,9.2,64,241,0.85,100,0,10000
1021,9.84,93,310,5.66,100,0,10000,9,0,17,12,1018,10.04,67,220,2.4,100,0,10000,1018,10.04,67,220,2.4,100,0,10000,1018,10.04,67,220,2.4,100,0,10000,1018,10.04,67,220,2.4,100,0,10000,1018,10.04,67,220,2.4,100,0,10000,1018,10.04,67,220,2.4,100,0,10000,1018,10.04,67,220,2.4,100,0,10000,1018,10.04,67,220,2.4,100,0,10000,1018,10.04,67,220,2.4,100,0,10000,1018,10.04,67,220,2.4,100,0,10000,1018,10.04,67,220,2.4,100,0,10000,1018,10.04,67,220,2.4,100,0,10000
1021,9.84,93,310,5.66,100,0,10000,12,0,17,12,1016,10.18,74,46,0.75,93,0,10000,1016,10.18,74,46,0.75,93,0,10000,1016,10.18,74,46,0.75,93,0,10000,1016,10.18,74,46,0.75,93,0,10000,1016,10.18,74,46,0.75,93,0,10000,1016,10.18,74,46,0.75,93,0,10000,1016,10.18,74,46,0.75,93,0,10000,1016,10.18,74,46,0.75,93,0,10000,1016,10.18,74,46,0.75,93,0,10000,1016,10.18,74,46,0.75,93,0,10000,1016,10.18,74,46,0.75,93,0,10000,1016,10.18,74,46,0.75,93,0,10000
1021,9.84,93,310,5.66,100,0,10000,15,0,17,12,1021,9.84,93,346,4.67,100,0,10000,1021,9.84,93,346,4.67,100,0,10000,1021,9.84,93,346,4.67,100,0,10000,1021,9.84,93,346,4.67,100,0,10000,1021,9.84,93,346,4.67,100,0,10000,1021,9.84,93,346,4.67,100,0,10000,1021,9.84,93,346,4.67,100,0,10000,1021,9.84,93,346,4.67,100,0,10000,1021,9.84,93,346,4.67,100,0,10000,1021,9.84,93,346,4.67,100,0,10000,1021,9.84,93,346,4.67,100,0,10000,1021,9.84,93,346,4.67,100,0,10000
1021,9.84,93,310,5.66,100,0,10000,18,0,17,12,1021,9.28,88,5,4.15,97,0,10000,1021,9.28,88,5,4.15,97,0,10000,1021,9.28,88,5,4.15,97,0,10000,1021,9.28,88,5,4.15,97,0,10000,1021,9.28,88,5,4.15,97,0,10000,1021,9.28,88,5,4.15,97,0,10000,1021,9.28,88,5,4.15,97,0,10000,1021,9.28,88,5,4.15,97,0,10000,1021,9.28,88,5,4.15,97,0,10000,1021,9.28,88,5,4.15,97,0,10000,1021,9.28,88,5,4.15,97,0,10000,1021,9.28,88,5,4.15,97,0,10000
1021,9.84,93,310,5.66,100,0,10000,21,0,17,12,1022,8.46,85,32,3.52,95,0,10000,1022,8.46,85,32,3.52,95,0,10000,1022,8.46,85,32,3.52,95,0,10000,1022,8.46,85,32,3.52,95,0,10000,1022,8.46,85,32,3.52,95,0,10000,1022,8.46,85,32,3.52,95,0,10000,1022,8.46,85,32,3.52,95,0,10000,1022,8.46,85,32,3.52,95,0,10000,1022,8.46,85,32,3.52,95,0,10000,1022,8.46,85,32,3.52,95,0,10000,1022,8.46,85,32,3.52,95,0,10000,1022,8.46,85,32,3.52,95,0,10000
1021,9.84,93,310,5.66,100,0,10000,0,0,18,12,1021,6.21,71,15,1.71,48,0,10000,1021,6.21,71,15,1.71,48,0,10000,1021,6.21,71,15,1.71,48,0,10000,1021,6.21,71,15,1.71,48,0,10000,1021,6.21,71,15,1.71,48,0,10000,1021,6.21,71,15,1.71,48,0,10000,1021,6.21,71,15,1.71,48,0,10000,1021,6.21,71,15,1.71,48,0,10000,1021,6.21,71,15,1.71,48,0,10000,1021,6.21,71,15,1.71,48,0,10000,1021,6.21,71,15,1.71,48,0,10000,1021,6.21,71,15,1.71,48,0,10000
1021,9.84,93,310,5.66,100,0,10000,3,0,18,12,1020,7.75,69,337,1.14,75,0,10000,1020,7.75,69,337,1.14,75,0,10000,1020,7.75,69,337,1.14,75,0,10000,1020,7.75,69,337,1.14,75,0,10000,1020,7.75,69,337,1.14,75,0,10000,1020,7.75,69,337,1.14,75,0,10000,1020,7.75,69,337,1.14,75,0,10000,1020,7.75,69,337,1.14,75,0,10000,1020,7.75,69,337,1.14,75,0,10000,1020,7.75,69,337,1.14,75,0,10000,1020,7.75,69,337,1.14,75,0,10000,1020,7.75,69,337,1.14,75,0,10000
1021,9.84,93,310,5.66,100,0,10000,6,0,18,12,1019,9.2,64,241,0.85,100,0,10000,1019,9.2,64,241,0.85,100,0,10000,1019,9.2,64,241,0.85,100,0,10000,1019,9.2,64,241,0.85,100,0,10000,1019,9.2,64,241,0.85,100,0,10000,1019,9.2,64,241,0.85,100,0,10000,1019,9.2,64,241,0.85,100,0,10000,1019,9.2,64,241,0.85,100,0,10000,1019,9.2,64,241,0.85,100,0,10000,1019,9.2,64,241,0.85,100,0,10000,1019,9.2,64,241,0.85,100,0,10000,1019,9.2,64,241,0.85,100,0,10000
1021,9.84,93,310,5.66,100,0,10000,9,0,18,12,1018,10.04,67,220,2.4,100,0,10000,1018,10.04,67,220,2.4,100,0,10000,1018,10.04,67,220,2.4,100,0,10000,1018,10.04,67,220,2.4,100,0,10000,1018,10.04,67,220,2.4,100,0,10000,1018,10.04,67,220,2.4,100,0,10000,1018,10.04,67,220,2.4,100,0,10000,1018,10.04,67,220,2.4,100,0,10000,1018,10.04,67,220,2.4,100,0,10000,1018,10.04,67,220,2.4,100,0,10000,1018,10.04,67,220,2.4,100,0,10000,1018,10.04,67,220,2.4,100,0,10000
1021,9.84,93,310,5.66,100,0,10000,12,0,18,12,1016,10.18,74,46,0.75,93,0,10000,1016,10.18,74,46,0.75,93,0,10000,1016,10.18,74,46,0.75,93,0,10000,1016,10.18,74,46,0.75,93,0,10000,1016,10.18,74,46,0.75,93,0,10000,1016,10.18,74,46,0.75,93,0,10000,1016,10.18,74,46,0.75,93,0,10000,1016,10.18,74,46,0.75,93,0,10000,1016,10.18,74,46,0.75,93,0,10000,1016,10.18,74,46,0.75,93,0,10000,1016,10.18,74,46,0.75,93,0,10000,1016,10.18,74,46,0.75,93,0,10000
1021,9.84,93,310,5.66,100,0,10000,15,0,18,12,1021,9.84,93,346,4.67,100,0,10000,1021,9.84,93,346,4.67,100,0,10000,1021,9.84,93,346,4.67,100,0,10000,1021,9.84,93,346,4.67,100,0,10000,1021,9.84,93,346,4.67,100,0,10000,1021,9.84,93,346,4.67,100,0,10000,1021,9.84,93,346,4.67,100,0,10000,1021,9.84,93,346,4.67,100,0,10000,1021,9.84,93,346,4.67,100,0,10000,1021,9.84,93,346,4.67,100,0,10000,1021,9.84,93,346,4.67,100,0,10000,1021,9.84,93,346,4.67,100,0,10000
1021,9.84,93,310,5.66,100,0,10000,18,0,18,12,1021,9.28,88,5,4.15,97,0,10000,1021,9.28,88,5,4.15,97,0,10000,1021,9.28,88,5,4.15,97,0,10000,1021,9.28,88,5,4.15,97,0,10000,1021,9.28,88,5,4.15,97,0,10000,1021,9.28,88,5,4.15,97,0,10000,1021,9.28,88,5,4.15,97,0,10000,1021,9.28,88,5,4.15,97,0,10000,1021,9.28,88,5,4.15,97,0,10000,1021,9.28,88,5,4.15,97,0,10000,1021,9.28,88,5,4.15,97,0,10000,1021,9.28,88,5,4.15,97,0,10000
1021,9.84,93,310,5.66,100,0,10000,21,0,18,12,1022,8.46,85,32,3.52,95,0,10000,1022,8.46,85,32,3.52,95,0,10000,1022,8.46,85,32,3.52,95,0,10000,1022,8.46,85,32,3.52,95,0,10000,1022,8.46,85,32,3.52,95,0,10000,1022,8.46,85,32,3.52,95,0,10000,1022,8.46,85,32,3.52,95,0,10000,1022,8.46,85,32,3.52,95,0,10000,1022,8.46,85,32,3.52,95,0,10000,1022,8.46,85,32,3.52,95,0,10000,1022,8.46,85,32,3.52,95,0,10000,1022,8.46,85,32,3.52,95,0,10000
1021,9.84,93,310,5.66,100,0,10000,0,0,19,12,1021,6.21,71,15,1.71,48,0,10000,1021,6.21,71,15,1.71,48,0,10000,1021,6.21,71,15,1.71,48,0,10000,1021,6.21,71,15,1.71,48,0,10000,1021,6.21,71,15,1.71,48,0,10000,1021,6.21,71,15,1.71,48,0,10000,1021,6.21,71,15,1.71,48,0,10000,1021,6.21,71,15,1.71,48,0,10000,1021,6.21,71,15,1.71,48,0,10000,1021,6.21,71,15,1.71,48,0,10000,1021,6.21,71,15,1.71,48,0,10000,1021,6.21,71,15,1.71,48,0,10000
1021,9.84,93,310,5.66,100,0,10000,3,0,19,12,1020,7.75,69,337,1.14,75,0,10000,1020,7.75,69,337,1.14,75,0,10000,1020,7.75,69,337,1.14,75,0,10000,1020,7.75,69,337,1.14,75,0,10000,1020,7.75,69,337,1.14,75,0,10000,1020,7.75,69,337,1.14,75,0,10000,1020,7.75,69,337,1.14,75,0,10000,1020,7.75,69,337,1.14,75,0,10000,1020,7.75,69,337,1.14,75,0,10000,1020,7.75,69,337,1.14,75,0,10000,1020,7.75,69,337,1.14,75,0,10000,1020,7.75,69,337,1.14,75,0,10000
1021,9.84,93,310,5.66,100,0,10000,6,0,19,12,1019,9.2,64,241,0.85,100,0,10000,1019,9.2,64,241,0.85,100,0,10000,1019,9.2,64,241,0.85,100,0,10000,1019,9.2,64,241,0.85,100,0,10000,1019,9.2,64,241,0.85,100,0,10000,1019,9.2,64,241,0.85,100,0,10000,1019,9.2,64,241,0.85,100,0,10000,1019,9.2,64,241,0.85,100,0,10000,1019,9.2,64,241,0.85,100,0,10000,1019,9.2,64,241,0.85,100,0,10000,1019,9.2,64,241,0.85,100,0,10000,1019,9.2,64,241,0.85,100,0,10000
1021,9.84,93,310,5.66,100,0,10000,9,0,19,12,1018,10.04,67,220,2.4,100,0,10000,1018,10.04,67,220,2.4,100,0,10000,1018,10.04,67,220,2.4,100,0,10000,1018,10.04,67,220,2.4,100,0,10000,1018,10.04,67,220,2.4,100,0,10000,1018,10.04,67,220,2.4,100,0,10000,1018,10.04,67,220,2.4,100,0,10000,1018,10.04,67,220,2.4,100,0,10000,1018,10.04,67,220,2.4,100,0,10000,1018,10.04,67,220,2.4,100,0,10000,1018,10.04,67,220,2.4,100,0,10000,1018,10.04,67,220,2.4,100,0,10000
1021,9.84,93,310,5.66,100,0,10000,12,0,19,12,1016,10.18,74,46,0.75,93,0,10000,1016,10.18,74,46,0.75,93,0,10000,1016,10.18,74,46,0.75,93,0,10000,1016,10.18,74,46,0.75,93,0,10000,1016,10.18,74,46,0.75,93,0,10000,1016,10.18,74,46,0.75,93,0,10000,1016,10.18,74,46,0.75,93,0,10000,1016,10.18,74,46,0.75,93,0,10000,1016,10.18,74,46,0.75,93,0,10000,1016,10.18,74,46,0.75,93,0,10000,1016,10.18,74,46,0.75,93,0,10000,1016,10.18,74,46,0.75,93,0,10000
1021,9.84,93,310,5.66,100,0,10000,15,0,19,12,1021,9.84,93,346,4.67,100,0,10000,1021,9.84,93,346,4.67,100,0,10000,1021,9.84,93,346,4.67,100,0,10000,1021,9.84,93,346,4.67,100,0,10000,1021,9.84,93,346,4.67,100,0,10000,1021,9.84,93,346,4.67,100,0,10000,1021,9.84,93,346,4.67,100,0,10000,1021,9.84,93,346,4.67,100,0,10000,1021,9.84,93,346,4.67,100,0,10000,1021,9.84,93,346,4.67,100,0,10000,1021,9.84,93,346,4.67,100,0,10000,1021,9.84,93,346,4.67,100,0,10000
1021,9.84,93,310,5.66,100,0,10000,18,0,19,12,1021,9.28,88,5,4.15,97,0,10000,1021,9.28,88,5,4.15,97,0,10000,1021,9.28,88,5,4.15,97,0,10000,1021,9.28,88,5,4.15,97,0,10000,1021,9.28,88,5,4.15,97,0,10000,1021,9.28,88,5,4.15,97,0,10000,1021,9.28,88,5,4.15,97,0,10000,1021,9.28,88,5,4.15,97,0,10000,1021,9.28,88,5,4.15,97,0,10000,1021,9.28,88,5,4.15,97,0,10000,1021,9.28,88,5,4.15,97,0,10000,1021,9.28,88,5,4.15,97,0,10000
1021,9.84,93,310,5.66,100,0,10000,21,0,19,12,1022,8.46,85,32,3.52,95,0,10000,1022,8.46,85,32,3.52,95,0,10000,1022,8.46,85,32,3.52,95,0,10000,1022,8.46,85,32,3.52,95,0,10000,1022,8.46,85,32,3.52,95,0,10000,1022,8.46,85,32,3.52,95,0,10000,1022,8.46,85,32,3.52,95,0,10000,1022,8.46,85,32,3.52,95,0,10000,1022,8.46,85,32,3.52,95,0,10000,1022,8.46,85,32,3.52,95,0,10000,1022,8.46,85,32,3.52,95,0,10000,1022,8.46,85,32,3.52,95,0,10000
1021,9.84,93,310,5.66,100,0,10000,0,0,20,12,1021,6.21,71,15,1.71,48,0,10000,1021,6.21,71,15,1.71,48,0,10000,1021,6.21,71,15,1.71,48,0,10000,1021,6.21,71,15,1.71,48,0,10000,1021,6.21,71,15,1.71,48,0,10000,1021,6.21,71,15,1.71,48,0,10000,1021,6.21,71,15,1.71,48,0,10000,1021,6.21,71,15,1.71,48,0,10000,1021,6.21,71,15,1.71,48,0,10000,1021,6.21,71,15,1.71,48,0,10000,1021,6.21,71,15,1.71,48,0,10000,1021,6.21,71,15,1.71,48,0,10000
1021,9.84,93,310,5.66,100,0,10000,3,0,20,12,1020,7.75,69,337,1.14,75,0,10000,1020,7.75,69,337,1.14,75,0,10000,1020,7.75,69,337,1.14,75,0,10000,1020,7.75,69,337,1.14,75,0,10000,1020,7.75,69,337,1.14,75,0,10000,1020,7.75,69,337,1.14,75,0,10000,1020,7.75,69,337,1.14,75,0,10000,1020,7.75,69,337,1.14,75,0,10000,1020,7.75,69,337,1.14,75,0,10000,1020,7.75,69,337,1.14,75,0,10000,1020,7.75,69,337,1.14,75,0,10000,1020,7.75,69,337,1.14,75,0,10000
1021,9.84,93,310,5.66,100,0,10000,6,0,20,12,1019,9.2,64,241,0.85,100,0,10000,1019,9.2,64,241,0.85,100,0,10000,1019,9.2,64,241,0.85,100,0,10000,1019,9.2,64,241,0.85,100,0,10000,1019,9.2,64,241,0.85,100,0,10000,1019,9.2,64,241,0.85,100,0,10000,1019,9.2,64,241,0.85,100,0,10000,1019,9.2,64,241,0.85,100,0,10000,1019,9.2,64,241,0.85,100,0,10000,1019,9.2,64,241,0.85,100,0,10000,1019,9.2,64,241,0.85,100,0,10000,1019,9.2,64,241,0.85,100,0,10000
1021,9.84,93,310,5.66,100,0,10000,9,0,20,12,1018,10.04,67,220,2.4,100,0,10000,1018,10.04,67,220,2.4,100,0,10000,1018,10.04,67,220,2.4,100,0,10000,1018,10.04,67,220,2.4,100,0,10000,1018,10.04,67,220,2.4,100,0,10000,1018,10.04,67,220,2.4,100,0,10000,1018,10.04,67,220,2.4,100,0,10000,1018,10.04,67,220,2.4,100,0,10000,1018,10.04,67,220,2.4,100,0,10000,1018,10.04,67,220,2.4,100,0,10000,1018,10.04,67,220,2.4,100,0,10000,1018,10.04,67,220,2.4,100,0,10000
1021,9.84,93,310,5.66,100,0,10000,12,0,20,12,1016,10.18,74,46,0.75,93,0,10000,1016,10.18,74,46,0.75,93,0,10000,1016,10.18,74,46,0.75,93,0,10000,1016,10.18,74,46,0.75,93,0,10000,1016,10.18,74,46,0.75,93,0,10000,1016,10.18,74,46,0.75,93,0,10000,1016,10.18,74,46,0.75,93,0,10000,1016,10.18,74,46,0.75,93,0,10000,1016,10.18,74,46,0.75,93,0,10000,1016,10.18,74,46,0.75,93,0,10000,1016,10.18,74,46,0.75,93,0,10000,1016,10.18,74,46,0.75,93,0,10000
1021,9.84,93,310,5.66,100,0,10000,15,0,20,12,1021,9.84,93,346,4.67,100,0,10000,1021,9.84,93,346,4.67,100,0,10000,1021,9.84,93,346,4.67,100,0,10000,1021,9.84,93,346,4.67,100,0,10000,1021,9.84,93,346,4.67,100,0,10000,1021,9.84,93,346,4.67,100,0,10000,1021,9.84,93,346,4.67,100,0,10000,1021,9.84,93,346,4.67,100,0,10000,1021,9.84,93,346,4.67,100,0,10000,1021,9.84,93,346,4.67,100,0,10000,1021,9.84,93,346,4.67,100,0,10000,1021,9.84,93,346,4.67,100,0,10000
1021,9.84,93,310,5.66,100,0,10000,18,0,20,12,1021,9.28,88,5,4.15,97,0,10000,1021,9.28,88,5,4.15,97,0,10000,1021,9.28,88,5,4.15,97,0,10000,1021,9.28,88,5,4.15,97,0,10000,1021,9.28,88,5,4.15,97,0,10000,1021,9.28,88,5,4.15,97,0,10000,1021,9.28,88,5,4.15,97,0,10000,1021,9.28,88,5,4.15,97,0,10000,1021,9.28,88,5,4.15,97,0,10000,1021,9.28,88,5,4.15,97,0,10000,1021,9.28,88,5,4.15,97,0,10000,1021,9.28,88,5,4.15,97,0,10000
1021,9.84,93,310,5.66,100,0,10000,21,0,20,12,1022,8.46,85,32,3.52,95,0,10000,1022,8.46,85,32,3.52,95,0,10000,1022,8.46,85,32,3.52,95,0,10000,1022,8.46,85,32,3.52,95,0,10000,1022,8.46,85,32,3.52,95,0,10000,1022,8.46,85,32,3.52,95,0,10000,1022,8.46,85,32,3.52,95,0,10000,1022,8.46,85,32,3.52,95,0,10000,1022,8.46,85,32,3.52,95,0,10000,1022,8.46,85,32,3.52,95,0,10000,1022,8.46,85,32,3.52,95,0,10000,1022,8.46,85,32,3.52,95,0,10000
1021,9.84,93,310,5.66,100,0,10000,0,0,21,12,1021,6.21,71,15,1.71,48,0,10000,1021,6.21,71,15,1.71,48,0,10000,1021,6.21,71,15,1.71,48,0,10000,1021,6.21,71,15,1.71,48,0,10000,1021,6.21,71,15,1.71,48,0,10000,1021,6.21,71,15,1.71,48,0,10000,1021,6.21,71,15,1.71,48,0,10000,1021,6.21,71,15,1.71,48,0,10000,1021,6.21,71,15,1.71,48,0,10000,1021,6.21,71,15,1.71,48,0,10000,1021,6.21,71,15,1.71,48,0,10000,1021,6.21,71,15,1.71,48,0,10000
1021,9.84,93,310,5.66,100,0,10000,3,0,21,12,1020,7.75,69,337,1.14,75,0,10000,1020,7.75,69,337,1.14,75,0,10000,1020,7.75,69,337,1.14,75,0,10000,1020,7.75,69,337,1.14,75,0,10000,1020,7.75,69,337,1.14,75,0,10000,1020,7.75,69,337,1.14,75,0,10000,1020,7.75,69,337,1.14,75,0,10000,1020,7.75,69,337,1.14,75,0,10000,1020,7.75,69,337,1.14,75,0,10000,1020,7.75,69,337,1.14,75,0,10000,1020,7.75,69,337,1.14,75,0,10000,1020,7.75,69,337,1.14,75,0,10000
1021,9.84,93,310,5.66,100,0,10000,6,0,21,12,1019,9.2,64,241,0.85,100,0,10000,1019,9.2,64,241,0.85,100,0,10000,1019,9.2,64,241,0.85,100,0,10000,1019,9.2,64,241,0.85,100,0,10000,1019,9.2,64,241,0.85,100,0,10000,1019,9.2,64,241,0.85,100,0,10000,1019,9.2,64,241,0.85,100,0,10000,1019,9.2,64,241,0.85,100,0,10000,1019,9.2,64,241,0.85,100,0,10000,1019,9.2,64,241,0.85,100,0,10000,1019,9.2,64,241,0.85,100,0,10000,1019,9.2,64,241,0.85,100,0,10000
1021,9.84,93,310,5.66,100,0,10000,9,0,21,12,1018,10.04,67,220,2.4,100,0,10000,1018,10.04,67,220,2.4,100,0,10000,1018,10.04,67,220,2.4,100,0,10000,1018,10.04,67,220,2.4,100,0,10000,1018,10.04,67,220,2.4,100,0,10000,1018,10.04,67,220,2.4,100,0,10000,1018,10.04,67,220,2.4,100,0,10000,1018,10.04,67,220,2.4,100,0,10000,1018,10.04,67,220,2.4,100,0,10000,1018,10.04,67,220,2.4,100,0,10000,1018,10.04,67,220,2.4,100,0,10000,1018,10.04,67,220,2.4,100,0,10000
1021,9.84,93,310,5.66,100,0,10000,12,0,21,12,1016,10.18,74,46,0.75,93,0,10000,1016,10.18,74,46,0.75,93,0,10000,1016,10.18,74,46,0.75,93,0,10000,1016,10.18,74,46,0.75,93,0,10000,1016,10.18,74,46,0.75,93,0,10000,1016,10.18,74,46,0.75,93,0,10000,1016,10.18,74,46,0.75,93,0,10000,1016,10.18,74,46,0.75,93,0,10000,1016,10.18,74,46,0.75,93,0,10000,1016,10.18,74,46,0.75,93,0,10000,1016,10.18,74,46,0.75,93,0,10000,1016,10.18,74,46,0.75,93,0,10000
1021,9.84,93,310,5.66,100,0,10000,15,0,21,12,1021,9.84,93,346,4.67,100,0,10000,1021,9.84,93,346,4.67,100,0,10000,1021,9.84,93,346,4.67,100,0,10000,1021,9.84,93,346,4.67,100,0,10000,1021,9.84,93,346,4.67,100,0,10000,1021,9.84,93,346,4.67,100,0,10000,1021,9.84,93,346,4.67,100,0,10000,1021,9.84,93,346,4.67,100,0,10000,1021,9.84,93,346,4.67,100,0,10000,1021,9.84,93,346,4.67,100,0,10000,1021,9.84,93,346,4.67,100,0,10000,1021,9.84,93,346,4.67,100,0,10000
1021,9.84,93,310,5.66,100,0,10000,18,0,21,12,1021,9.28,88,5,4.15,97,0,10000,1021,9.28,88,5,4.15,97,0,10000,1021,9.28,88,5,4.15,97,0,10000,1021,9.28,88,5,4.15,97,0,10000,1021,9.28,88,5,4.15,97,0,10000,1021,9.28,88,5,4.15,97,0,10000,1021,9.28,88,5,4.15,97,0,10000,1021,9.28,88,5,4.15,97,0,10000,1021,9.28,88,5,4.15,97,0,10000,1021,9.28,88,5,4.15,97,0,10000,1021,9.28,88,5,4.15,97,0,10000,1021,9.28,88,5,4.15,97,0,10000
1021,9.84,93,310,5.66,100,0,10000,21,0,21,12,1022,8.46,85,32,3.52,95,0,10000,1022,8.46,85,32,3.52,95,0,10000,1022,8.46,85,32,3.52,95,0,10000,1022,8.46,85,32,3.52,95,0,10000,1022,8.46,85,32,3.52,95,0,10000,1022,8.46,85,32,3.52,95,0,10000,1022,8.46,85,32,3.52,95,0,10000,1022,8.46,85,32,3.52,95,0,10000,1022,8.46,85,32,3.52,95,0,10000,1022,8.46,85,32,3.52,95,0,10000,1022,8.46,85,32,3.52,95,0,10000,1022,8.46,85,32,3.52,95,0,10000
1021,9.84,93,310,5.66,100,0,10000,0,0,22,12,1021,6.21,71,15,1.71,48,0,10000,1021,6.21,71,15,1.71,48,0,10000,1021,6.21,71,15,1.71,48,0,10000,1021,6.21,71,15,1.71,48,0,10000,1021,6.21,71,15,1.71,48,0,10000,1021,6.21,71,15,1.71,48,0,10000,1021,6.21,71,15,1.71,48,0,10000,1021,6.21,71,15,1.71,48,0,10000,1021,6.21,71,15,1.71,48,0,10000,1021,6.21,71,15,1.71,48,0,10000,1021,6.21,71,15,1.71,48,0,10000,1021,6.21,71,15,1.71,48,0,10000
1021,9.84,93,310,5.66,100,0,10000,3,0,22,12,1020,7.75,69,337,1.14,75,0,10000,1020,7.75,69,337,1.14,75,0,10000,1020,7.75,69,337,1.14,75,0,10000,1020,7.75,69,337,1.14,75,0,10000,1020,7.75,69,337,1.14,75,0,10000,1020,7.75,69,337,1.14,75,0,10000,1020,7.75,69,337,1.14,75,0,10000,1020,7.75,69,337,1.14,75,0,10000,1020,7.75,69,337,1.14,75,0,10000,1020,7.75,69,337,1.14,75,0,10000,1020,7.75,69,337,1.14,75,0,10000,1020,7.75,69,337,1.14,75,0,10000
1021,9.84,93,310,5.66,100,0,10000,6,0,22,12,1019,9.2,64,241,0.85,100,0,10000,1019,9.2,64,241,0.85,100,0,10000,1019,9.2,64,241,0.85,100,0,10000,1019,9.2,64,241,0.85,100,0,10000,1019,9.2,64,241,0.85,100,0,10000,1019,9.2,64,241,0.85,100,0,10000,1019,9.2,64,241,0.85,100,0,10000,1019,9.2,64,241,0.85,100,0,10000,1019,9.2,64,241,0.85,100,0,10000,1019,9.2,64,241,0.85,100,0,10000,1019,9.2,64,241,0.85,100,0,10000,1019,9.2,64,241,0.85,100,0,10000
1021,9.84,93,310,5.66,100,0,10000,9,0,22,12,1018,10.04,67,220,2.4,100,0,10000,1018,10.04,67,220,2.4,100,0,10000,1018,10.04,67,220,2.4,100,0,10000,1018,10.04,67,220,2.4,100,0,10000,1018,10.04,67,220,2.4,100,0,10000,1018,10.04,67,220,2.4,100,0,10000,1018,10.04,67,220,2.4,100,0,10000,1018,10.04,67,220,2.4,100,0,10000,1018,10.04,67,220,2.4,100,0,10000,1018,10.04,67,220,2.4,100,0,10000,1018,10.04,67,220,2.4,100,0,10000,1018,10.04,67,220,2.4,100,0,10000
1021,9.84,93,310,5.66,100,0,10000,12,0,22,12,1016,10.18,74,46,0.75,93,0,10000,1016,10.18,74,46,0.75,93,0,10000,1016,10.18,74,46,0.75,93,0,10000,1016,10.18,74,46,0.75,93,0,10000,1016,10.18,74,46,0.75,93,0,10000,1016,10.18,74,46,0.75,93,0,10000,1016,10.18,74,46,0.75,93,0,10000,1016,10.18,74,46,0.75,93,0,10000,1016,10.18,74,46,0.75,93,0,10000,1016,10.18,74,46,0.75,93,0,10000,1016,10.18,74,46,0.75,93,0,10000,1016,10.18,74,46,0.75,93,0,10000
1021,9.84,93,310,5.66,100,0,10000,15,0,22,12,1021,9.84,93,346,4.67,100,0,10000,1021,9.84,93,346,4.67,100,0,10000,1021,9.84,93,346,4.67,100,0,10000,1021,9.84,93,346,4.67,100,0,10000,1021,9.84,93,346,4.67,100,0,10000,1021,9.84,93,346,4.67,100,0,10000,1021,9.84,93,346,4.67,100,0,10000,1021,9.84,93,346,4.67,100,0,10000,1021,9.84,93,346,4.67,100,0,10000,1021,9.84,93,346,4.67,100,0,10000,1021,9.84,93,346,4.67,100,0,10000,1021,9.84,93,346,4.67,100,0,10000
1021,9.84,93,310,5.66,100,0,10000,18,0,22,12,1021,9.28,88,5,4.15,97,0,10000,1021,9.28,88,5,4.15,97,0,10000,1021,9.28,88,5,4.15,97,0,10000,1021,9.28,88,5,4.15,97,0,10000,1021,9.28,88,5,4.15,97,0,10000,1021,9.28,88,5,4.15,97,0,10000,1021,9.28,88,5,4.15,97,0,10000,1021,9.28,88,5,4.15,97,0,10000,1021,9.28,88,5,4.15,97,0,10000,1021,9.28,88,5,4.15,97,0,10000,1021,9.28,88,5,4.15,97,0,10000,1021,9.28,88,5,4.15,97,0,10000
1021,9.84,93,310,5.66,100,0,10000,21,0,22,12,1022,8.46,85,32,3.52,95,0,10000,1022,8.46,85,32,3.52,95,0,10000,1022,8.46,85,32,3.52,95,0,10000,1022,8.46,85,32,3.52,95,0,10000,1022,8.46,85,32,3.52,95,0,10000,1022,8.46,85,32,3.52,95,0,10000,1022,8.46,85,32,3.52,95,0,10000,1022,8.46,85,32,3.52,95,0,10000,1022,8.46,85,32,3.52,95,0,10000,1022,8.46,85,32,3.52,95,0,10000,1022,8.46,85,32,3.52,95,0,10000,1022,8.46,85,32,3.52,95,0,10000
1021,9.84,93,310,5.66,100,0,10000,0,0,23,12,1021,6.21,71,15,1.71,48,0,10000,1021,6.21,71,15,1.71,48,0,10000,1021,6.21,71,15,1.71,48,0,10000,1021,6.21,71,15,1.71,48,0,10000,1021,6.21,71,15,1.71,48,0,10000,1021,6.21,71,15,1.71,48,0,10000,1021,6.21,71,15,1.71,48,0,10000,1021,6.21,71,15,1.71,48,0,10000,1021,6.21,71,15,1.71,48,0,10000,1021,6.21,71,15,1.71,48,0,10000,1021,6.21,71,15,1.71,48,0,10000,1021,6.21,71,15,1.71,48,0,10000
1021,9.84,93,310,5.66,100,0,10000,3,0,23,12,1020,7.75,69,337,1.14,75,0,10000,1020,7.75,69,337,1.14,75,0,10000,1020,7.75,69,337,1.14,75,0,10000,1020,7.75,69,337,1.14,75,0,10000,1020,7.75,69,337,1.14,75,0,10000,1020,7.75,69,337,1.14,75,0,10000,1020,7.75,69,337,1.14,75,0,10000,1020,7.75,69,337,1.14,75,0,10000,1020,7.75,69,337,1.14,75,0,10000,1020,7.75,69,337,1.14,75,0,10000,1020,7.75,69,337,1.14,75,0,10000,1020,7.75,69,337,1.14,75,0,10000
1021,9.84,93,310,5.66,100,0,10000,6,0,23,12,1019,9.2,64,241,0.85,100,0,10000,1019,9.2,64,241,0.85,100,0,10000,1019,9.2,64,241,0.85,100,0,10000,1019,9.2,64,241,0.85,100,0,10000,1019,9.2,64,241,0.85,100,0,10000,1019,9.2,64,241,0.85,100,0,10000,1019,9.2,64,241,0.85,100,0,10000,1019,9.2,64,241,0.85,100,0,10000,1019,9.2,64,241,0.85,100,0,10000,1019,9.2,64,241,0.85,100,0,10000,1019,9.2,64,241,0.85,100,0,10000,1019,9.2,64,241,0.85,100,0,10000
1021,9.84,93,310,5.66,100,0,10000,9,0,23,12,1018,10.04,67,220,2.4,100,0,10000,1018,10.04,67,220,2.4,100,0,10000,1018,10.04,67,220,2.4,100,0,10000,1018,10.04,67,220,2.4,100,0,10000,1018,10.04,67,220,2.4,100,0,10000,1018,10.04,67,220,2.4,100,0,10000,1018,10.04,67,220,2.4,100,0,10000,1018,10.04,67,220,2.4,100,0,10000,1018,10.04,67,220,2.4,100,0,10000,1018,10.04,67,220,2.4,100,0,10000,1018,10.04,67,220,2.4,100,0,10000,1018,10.04,67,220,2.4,100,0,10000
1021,9.84,93,310,5.66,100,0,10000,12,0,23,12,1016,10.18,74,46,0.75,93,0,10000,1016,10.18,74,46,0.75,93,0,10000,1016,10.18,74,46,0.75,93,0,10000,1016,10.18,74,46,0.75,93,0,10000,1016,10.18,74,46,0.75,93,0,10000,1016,10.18,74,46,0.75,93,0,10000,1016,10.18,74,46,0.75,93,0,10000,1016,10.18,74,46,0.75,93,0,10000,1016,10.18,74,46,0.75,93,0,10000,1016,10.18,74,46,0.75,93,0,10000,1016,10.18,74,46,0.75,93,0,10000,1016,10.18,74,46,0.75,93,0,10000
1021,9.84,93,310,5.66,100,0,10000,15,0,23,12,1021,9.84,93,346,4.67,100,0,10000,1021,9.84,93,346,4.67,100,0,10000,1021,9.84,93,346,4.67,100,0,10000,1021,9.84,93,346,4.67,100,0,10000,1021,9.84,93,346,4.67,100,0,10000,1021,9.84,93,346,4.67,100,0,10000,1021,9.84,93,346,4.67,100,0,10000,1021,9.84,93,346,4.67,100,0,10000,1021,9.84,93,346,4.67,100,0,10000,1021,9.84,93,346,4.67,100,0,10000,1021,9.84,93,346,4.67,100,0,10000,1021,9.84,93,346,4.67,100,0,10000
1021,9.84,93,310,5.66,100,0,10000,18,0,23,12,1021,9.28,88,5,4.15,97,0,10000,1021,9.28,88,5,4.15,97,0,10000,1021,9.28,88,5,4.15,97,0,10000,1021,9.28,88,5,4.15,97,0,10000,1021,9.28,88,5,4.15,97,0,10000,1021,9.28,88,5,4.15,97,0,10000,1021,9.28,88,5,4.15,97,0,10000,1021,9.28,88,5,4.15,97,0,10000,1021,9.28,88,5,4.15,97,0,10000,1021,9.28,88,5,4.15,97,0,10000,1021,9.28,88,5,4.15,97,0,10000,1021,9.28,88,5,4.15,97,0,10000
1021,9.84,93,310,5.66,100,0,10000,21,0,23,12,1022,8.46,85,32,3.52,95,0,10000,1022,8.46,85,32,3.52,95,0,10000,1022,8.46,85,32,3.52,95,0,10000,1022,8.46,85,32,3.52,95,0,10000,1022,8.46,85,32,3.52,95,0,10000,1022,8.46,85,32,3.52,95,0,10000,1022,8.46,85,32,3.52,95,0,10000,1022,8.46,85,32,3.52,95,0,10000,1022,8.46,85,32,3.52,95,0,10000,1022,8.46,85,32,3.52,95,0,10000,1022,8.46,85,32,3.52,95,0,10000,1022,8.46,85,32,3.52,95,0,10000
1021,9.84,93,310,5.66,100,0,10000,0,0,24,12,1021,6.21,71,15,1.71,48,0,10000,1021,6.21,71,15,1.71,48,0,10000,1021,6.21,71,15,1.71,48,0,10000,1021,6.21,71,15,1.71,48,0,10000,1021,6.21,71,15,1.71,48,0,10000,1021,6.21,71,15,1.71,48,0,10000,1021,6.21,71,15,1.71,48,0,10000,1021,6.21,71,15,1.71,48,0,10000,1021,6.21,71,15,1.71,48,0,10000,1021,6.21,71,15,1.71,48,0,10000,1021,6.21,71,15,1.71,48,0,10000,1021,6.21,71,15,1.71,48,0,10000
1021,9.84,93,310,5.66,100,0,10000,3,0,24,12,1020,7.75,69,337,1.14,75,0,10000,1020,7.75,69,337,1.14,75,0,10000,1020,7.75,69,337,1.14,75,0,10000,1020,7.75,69,337,1.14,75,0,10000,1020,7.75,69,337,1.14,75,0,10000,1020,7.75,69,337,1.14,75,0,10000,1020,7.75,69,337,1.14,75,0,10000,1020,7.75,69,337,1.14,75,0,10000,1020,7.75,69,337,1.14,75,0,10000,1020,7.75,69,337,1.14,75,0,10000,1020,7.75,69,337,1.14,75,0,10000,1020,7.75,69,337,1.14,75,0,10000
1021,9.84,93,310,5.66,100,0,10000,6,0,24,12,1019,9.2,64,241,0.85,100,0,10000,1019,9.2,64,241,0.85,100,0,10000,1019,9.2,64,241,0.85,100,0,10000,1019,9.2,64,241,0.85,100,0,10000,1019,9.2,64,241,0.85,100,0,10000,1019,9.2,64,241,0.85,100,0,10000,1019,9.2,64,241,0.85,100,0,10000,1019,9.2,64,241,0.85,100,0,10000,1019,9.2,64,241,0.85,100,0,10000,1019,9.2,64,241,0.85,100,0,10000,1019,9.2,64,241,0.85,100,0,10000,1019,9.2,64,241,0.85,100,0,10000
1021,9.84,93,310,5.66,100,0,10000,9,0,24,12,1018,10.04,67,220,2.4,100,0,10000,1018,10.04,67,220,2.4,100,0,10000,1018,10.04,67,220,2.4,100,0,10000,1018,10.04,67,220,2.4,100,0,10000,1018,10.04,67,220,2.4,100,0,10000,1018,10.04,67,220,2.4,100,0,10000,1018,10.04,67,220,2.4,100,0,10000,1018,10.04,67,220,2.4,100,0,10000,1018,10.04,67,220,2.4,100,0,10000,1018,10.04,67,220,2.4,100,0,10000,1018,10.04,67,220,2.4,100,0,10000,1018,10.04,67,220,2.4,100,0,10000
1021,9.84,93,310,5.66,100,0,10000,12,0,24,12,1016,10.18,74,46,0.75,93,0,10000,1016,10.18,74,46,0.75,93,0,10000,1016,10.18,74,46,0.75,93,0,10000,1016,10.18,74,46,0.75,93,0,10000,1016,10.18,74,46,0.75,93,0,10000,1016,10.18,74,46,0.75,93,0,10000,1016,10.18,74,46,0.75,93,0,10000,1016,10.18,74,46,0.75,93,0,10000,1016,10.18,74,46,0.75,93,0,10000,1016,10.18,74,46,0.75,93,0,10000,1016,10.18,74,46,0.75,93,0,10000,1016,10.18,74,46,0.75,93,0,10000
1021,9.84,93,310,5.66,100,0,10000,15,0,24,12,1021,9.84,93,346,4.67,100,0,10000,1021,9.84,93,346,4.67,100,0,10000,1021,9.84,93,346,4.67,100,0,10000,1021,9.84,93,346,4.67,100,0,10000,1021,9.84,93,346,4.67,100,0,10000,1021,9.84,93,346,4.67,100,0,10000,1021,9.84,93,346,4.67,100,0,10000,1021,9.84,93,346,4.67,100,0,10000,1021,9.84,93,346,4.67,100,0,10000,1021,9.84,93,346,4.67,100,0,10000,1021,9.84,93,346,4.67,100,0,10000,1021,9.84,93,346,4.67,100,0,10000
1021,9.84,93,310,5.66,100,0,10000,18,0,24,12,1021,9.28,88,5,4.15,97,0,10000,1021,9.28,88,5,4.15,97,0,10000,1021,9.28,88,5,4.15,97,0,10000,1021,9.28,88,5,4.15,97,0,10000,1021,9.28,88,5,4.15,97,0,10000,1021,9.28,88,5,4.15,97,0,10000,1021,9.28,88,5,4.15,97,0,10000,1021,9.28,88,5,4.15,97,0,10000,1021,9.28,88,5,4.15,97,0,10000,1021,9.28,88,5,4.15,97,0,10000,1021,9.28,88,5,4.15,97,0,10000,1021,9.28,88,5,4.15,97,0,10000
1021,9.84,93,310,5.66,100,0,10000,21,0,24,12,1022,8.46,85,32,3.52,95,0,10000,1022,8.46,85,32,3.52,95,0,10000,1022,8.46,85,32,3.52,95,0,10000,1022,8.46,85,32,3.52,95,0,10000,1022,8.46,85,32,3.52,95,0,10000,1022,8.46,85,32,3.52,95,0,10000,1022,8.46,85,32,3.52,95,0,10000,1022,8.46,85,32,3.52,95,0,10000,1022,8.46,85,32,3.52,95,0,10000,1022,8.46,85,32,3.52,95,0,10000,1022,8.46,85,32,3.52,95,0,10000,1022,8.46,85,32,3.52,95,0,10000
1021,9.84,93,310,5.66,100,0,10000,0,0,25,12,1021,6.21,71,15,1.71,48,0,10000,1021,6.21,71,15,1.71,48,0,10000,1021,6.21,71,15,1.71,48,0,10000,1021,6.21,71,15,1.71,48,0,10000,1021,6.21,71,15,1.71,48,0,10000,1021,6.21,71,15,1.71,48,0,10000,1021,6.21,71,15,1.71,48,0,10000,1021,6.21,71,15,1.71,48,0,10000,1021,6.21,71,15,1.71,48,0,10000,1021,6.21,71,15,1.71,48,0,10000,1021,6.21,71,15,1.71,48,0,10000,1021,6.21,71,15,1.71,48,0,10000
1021,9.84,93,310,5.66,100,0,10000,3,0,25,12,1020,7.75,69,337,1.14,75,0,10000,1020,7.75,69,337,1.14,75,0,10000,1020,7.75,69,337,1.14,75,0,10000,1020,7.75,69,337,1.14,75,0,10000,1020,7.75,69,337,1.14,75,0,10000,1020,7.75,69,337,1.14,75,0,10000,1020,7.75,69,337,1.14,75,0,10000,1020,7.75,69,337,1.14,75,0,10000,1020,7.75,69,337,1.14,75,0,10000,1020,7.75,69,337,1.14,75,0,10000,1020,7.75,69,337,1.14,75,0,10000,1020,7.75,69,337,1.14,75,0,10000
1021,9.84,93,310,5.66,100,0,10000,6,0,25,12,1019,9.2,64,241,0.85,100,0,10000,1019,9.2,64,241,0.85,100,0,10000,1019,9.2,64,241,0.85,100,0,10000,1019,9.2,64,241,0.85,100,0,10000,1019,9.2,64,241,0.85,100,0,10000,1019,9.2,64,241,0.85,100,0,10000,1019,9.2,64,241,0.85,100,0,10000,1019,9.2,64,241,0.85,100,0,10000,1019,9.2,64,241,0.85,100,0,10000,1019,9.2,64,241,0.85,100,0,10000,1019,9.2,64,241,0.85,100,0,10000,1019,9.2,64,241,0.85,100,0,10000
1021,9.84,93,310,5.66,100,0,10000,9,0,25,12,1018,10.04,67,220,2.4,100,0,10000,1018,10.04,67,220,2.4,100,0,10000,1018,10.04,67,220,2.4,100,0,10000,1018,10.04,67,220,2.4,100,0,10000,1018,10.04,67,220,2.4,100,0,10000,1018,10.04,67,220,2.4,100,0,10000,1018,10.04,67,220,2.4,100,0,10000,1018,10.04,67,220,2.4,100,0,10000,1018,10.04,67,220,2.4,100,0,10000,1018,10.04,67,220,2.4,100,0,10000,1018,10.04,67,220,2.4,100,0,10000,1018,10.04,67,220,2.4,100,0,10000
1021,9.84,93,310,5.66,100,0,10000,12,0,25,12,1016,10.18,74,46,0.75,93,0,10000,1016,10.18,74,46,0.75,93,0,10000,1016,10.18,74,46,0.75,93,0,10000,1016,10.18,74,46,0.75,93,0,10000,1016,10.18,74,46,0.75,93,0,10000,1016,10.18,74,46,0.75,93,0,10000,1016,10.18,74,46,0.75,93,0,10000,1016,10.18,74,46,0.75,93,0,10000,1016,10.18,74,46,0.75,93,0,10000,1016,10.18,74,46,0.75,93,0,10000,1016,10.18,74,46,0.75,93,0,10000,1016,10.18,74,46,0.75,93,0,10000
1021,9.84,93,310,5.66,100,0,10000,15,0,25,12,1021,9.84,93,346,4.67,100,0,10000,1021,9.84,93,346,4.67,100,0,10000,1021,9.84,93,346,4.67,100,0,10000,1021,9.84,93,346,4.67,100,0,10000,1021,9.84,93,346,4.67,100,0,10000,1021,9.84,93,346,4.67,100,0,10000,1021,9.84,93,346,4.67,100,0,10000,1021,9.84,93,346,4.67,100,0,10000,1021,9.84,93,346,4.67,100,0,10000,1021,9.84,93,346,4.67,100,0,10000,1021,9.84,93,346,4.67,100,0,10000,1021,9.84,93,346,4.67,100,0,10000
1021,9.84,93,310,5.66,100,0,10000,18,0,25,12,1021,9.28,88,5,4.15,97,0,10000,1021,9.28,88,5,4.15,97,0,10000,1021,9.28,88,5,4.15,97,0,10000,1021,9.28,88,5,4.15,97,0,10000,1021,9.28,88,5,4.15,97,0,10000,1021,9.28,88,5,4.15,97,0,10000,1021,9.28,88,5,4.15,97,0,10000,1021,9.28,88,5,4.15,97,0,10000,1021,9.28,88,5,4.15,97,0,10000,1021,9.28,88,5,4.15,97,0,10000,1021,9.28,88,5,4.15,97,0,10000,1021,9.28,88,5,4.15,97,0,10000
1021,9.84,93,310,5.66,100,0,10000,21,0,25,12,1022,8.46,85,32,3.52,95,0,10000,1022,8.46,85,32,3.52,95,0,10000,1022,8.46,85,32,3.52,95,0,10000,1022,8.46,85,32,3.52,95,0,10000,1022,8.46,85,32,3.52,95,0,10000,1022,8.46,85,32,3.52,95,0,10000,1022,8.46,85,32,3.52,95,0,10000,1022,8.46,85,32,3.52,95,0,10000,1022,8.46,85,32,3.52,95,0,10000,1022,8.46,85,32,3.52,95,0,10000,1022,8.46,85,32,3.52,95,0,10000,1022,8.46,85,32,3.52,95,0,10000
1021,9.84,93,310,5.66,100,0,10000,0,0,26,12,1021,6.21,71,15,1.71,48,0,10000,1021,6.21,71,15,1.71,48,0,10000,1021,6.21,71,15,1.71,48,0,10000,1021,6.21,71,15,1.71,48,0,10000,1021,6.21,71,15,1.71,48,0,10000,1021,6.21,71,15,1.71,48,0,10000,1021,6.21,71,15,1.71,48,0,10000,1021,6.21,71,15,1.71,48,0,10000,1021,6.21,71,15,1.71,48,0,10000,1021,6.21,71,15,1.71,48,0,10000,1021,6.21,71,15,1.71,48,0,10000,1021,6.21,71,15,1.71,48,0,10000
1021,9.84,93,310,5.66,100,0,10000,3,0,26,12,1020,7.75,69,337,1.14,75,0,10000,1020,7.75,69,337,1.14,75,0,10000,1020,7.75,69,337,1.14,75,0,10000,1020,7.75,69,337,1.14,75,0,10000,1020,7.75,69,337,1.14,75,0,10000,1020,7.75,69,337,1.14,75,0,10000,1020,7.75,69,337,1.14,75,0,10000,1020,7.75,69,337,1.14,75,0,10000,1020,7.75,69,337,1.14,75,0,10000,1020,7.75,69,337,1.14,75,0,10000,1020,7.75,69,337,1.14,75,0,10000,1020,7.75,69,337,1.14,75,0,10000
1021,9.84,93,310,5.66,100,0,10000,6,0,26,12,1019,9.2,64,241,0.85,100,0,10000,1019,9.2,64,241,0.85,100,0,10000,1019,9.2,64,241,0.85,100,0,10000,1019,9.2,64,241,0.85,100,0,10000,1019,9.2,64,241,0.85,100,0,10000,1019,9.2,64,241,0.85,100,0,10000,1019,9.2,64,241,0.85,100,0,10000,1019,9.2,64,241,0.85,100,0,10000,1019,9.2,64,241,0.85,100,0,10000,1019,9.2,64,241,0.85,100,0,10000,1019,9.2,64,241,0.85,100,0,10000,1019,9.2,64,241,0.85,100,0,10000
1021,9.84,93,310,5.66,100,0,10000,9,0,26,12,1018,10.04,67,220,2.4,100,0,10000,1018,10.04,67,220,2.4,100,0,10000,1018,10.04,67,220,2.4,100,0,10000,1018,10.04,67,220,2.4,100,0,10000,1018,10.04,67,220,2.4,100,0,10000,1018,10.04,67,220,2.4,100,0,10000,1018,10.04,67,220,2.4,100,0,10000,1018,10.04,67,220,2.4,100,0,10000,1018,10.04,67,220,2.4,100,0,10000,1018,10.04,67,220,2.4,100,0,10000,1018,10.04,67,220,2.4,100,0,10000,1018,10.04,67,220,2.4,100,0,10000
1021,9.84,93,310,5.66,100,0,10000,12,0,26,12,1016,10.18,74,46,0.75,93,0,10000,1016,10.18,74,46,0.75,93,0,10000,1016,10.18,74,46,0.75,93,0,10000,1016,10.18,74,46,0.75,93,0,10000,1016,10.18,74,46,0.75,93,0,10000,1016,10.18,74,46,0.75,93,0,10000,1016,10.18,74,46,0.75,93,0,10000,1016,10.18,74,46,0.75,93,0,10000,1016,10.18,74,46,0.75,93,0,10000,1016,10.18,74,46,0.75,93,0,10000,1016,10.18,74,46,0.75,93,0,10000,1016,10.18,74,46,0.75,93,0,10000
1021,9.84,93,310,5.66,100,0,10000,15,0,26,12,1021,9.84,93,346,4.67,100,0,10000,1021,9.84,93,346,4.67,100,0,10000,1021,9.84,93,346,4.67,100,0,10000,1021,9.84,93,346,4.67,100,0,10000,1021,9.84,93,346,4.67,100,0,10000,1021,9.84,93,346,4.67,100,0,10000,1021,9.84,93,346,4.67,100,0,10000,1021,9.84,93,346,4.67,100,0,10000,1021,9.84,93,346,4.67,100,0,10000,1021,9.84,93,346,4.67,100,0,10000,1021,9.84,93,346,4.67,100,0,10000,1021,9.84,93,346,4.67,100,0,10000
1021,9.84,93,310,5.66,100,0,10000,18,0,26,12,1021,9.28,88,5,4.15,97,0,10000,1021,9.28,88,5,4.15,97,0,10000,1021,9.28,88,5,4.15,97,0,10000,1021,9.28,88,5,4.15,97,0,10000,1021,9.28,88,5,4.15,97,0,10000,1021,9.28,88,5,4.15,97,0,10000,1021,9.28,88,5,4.15,97,0,10000,1021,9.28,88,5,4.15,97,0,10000,1021,9.28,88,5,4.15,97,0,10000,1021,9.28,88,5,4.15,97,0,10000,1021,9.28,88,5,4.15,97,0,10000,1021,9.28,88,5,4.15,97,0,10000
1021,9.84,93,310,5.66,100,0,10000,21,0,26,12,1022,8.46,85,32,3.52,95,0,10000,1022,8.46,85,32,3.52,95,0,10000,1022,8.46,85,32,3.52,95,0,10000,1022,8.46,85,32,3.52,95,0,10000,1022,8.46,85,32,3.52,95,0,10000,1022,8.46,85,32,3.52,95,0,10000,1022,8.46,85,32,3.52,95,0,10000,1022,8.46,85,32,3.52,95,0,10000,1022,8.46,85,32,3.52,95,0,10000,1022,8.46,85,32,3.52,95,0,10000,1022,8.46,85,32,3.52,95,0,10000,1022,8.46,85,32,3.52,95,0,10000
1021,9.84,93,310,5.66,100,0,10000,0,0,27,12,1021,6.21,71,15,1.71,48,0,10000,1021,6.21,71,15,1.71,48,0,10000,1021,6.21,71,15,1.71,48,0,10000,1021,6.21,71,15,1.71,48,0,10000,1021,6.21,71,15,1.71,48,0,10000,1021,6.21,71,15,1.71,48,0,10000,1021,6.21,71,15,1.71,48,0,10000,1021,6.21,71,15,1.71,48,0,10000,1021,6.21,71,15,1.71,48,0,10000,1021,6.21,71,15,1.71,48,0,10000,1021,6.21,71,15,1.71,48,0,10000,1021,6.21,71,15,1.71,48,0,10000
1021,9.84,93,310,5.66,100,0,10000,3,0,27,12,1020,7.75,69,337,1.14,75,0,10000,1020,7.75,69,337,1.14,75,0,10000,1020,7.75,69,337,1.14,75,0,10000,1020,7.75,69,337,1.14,75,0,10000,1020,7.75,69,337,1.14,75,0,10000,1020,7.75,69,337,1.14,75,0,10000,1020,7.75,69,337,1.14,75,0,10000,1020,7.75,69,337,1.14,75,0,10000,1020,7.75,69,337,1.14,75,0,10000,1020,7.75,69,337,1.14,75,0,10000,1020,7.75,69,337,1.14,75,0,10000,1020,7.75,69,337,1.14,75,0,10000
1021,9.84,93,310,5.66,100,0,10000,6,0,27,12,1019,9.2,64,241,0.85,100,0,10000,1019,9.2,64,241,0.85,100,0,10000,1019,9.2,64,241,0.85,100,0,10000,1019,9.2,64,241,0.85,100,0,10000,1019,9.2,64,241,0.85,100,0,10000,1019,9.2,64,241,0.85,100,0,10000,1019,9.2,64,241,0.85,100,0,10000,1019,9.2,64,241,0.85,100,0,10000,1019,9.2,64,241,0.85,100,0,10000,1019,9.2,64,241,0.85,100,0,10000,1019,9.2,64,241,0.85,100,0,10000,1019,9.2,64,241,0.85,100,0,10000
1021,9.84,93,310,5.66,100,0,10000,9,0,27,12,1018,10.04,67,220,2.4,100,0,10000,1018,10.04,67,220,2.4,100,0,10000,1018,10.04,67,220,2.4,100,0,10000,1018,10.04,67,220,2.4,100,0,10000,1018,10.04,67,220,2.4,100,0,10000,1018,10.04,67,220,2.4,100,0,10000,1018,10.04,67,220,2.4,100,0,10000,1018,10.04,67,220,2.4,100,0,10000,1018,10.04,67,220,2.4,100,0,10000,1018,10.04,67,220,2.4,100,0,10000,1018,10.04,67,220,2.4,100,0,10000,1018,10.04,67,220,2.4,100,0,10000
1021,9.84,93,310,5.66,100,0,10000,12,0,27,12,1016,10.18,74,46,0.75,93,0,10000,1016,10.18,74,46,0.75,93,0,10000,1016,10.18,74,46,0.75,93,0,10000,1016,10.18,74,46,0.75,93,0,10000,1016,10.18,74,46,0.75,93,0,10000,1016,10.18,74,46,0.75,93,0,10000,1016,10.18,74,46,0.75,93,0,10000,1016,10.18,74,46,0.75,93,0,10000,1016,10.18,74,46,0.75,93,0,10000,1016,10.18,74,46,0.75,93,0,10000,1016,10.18,74,46,0.75,93,0,10000,1016,10.18,74,46,0.75,93,0,10000
1021,9.84,93,310,5.66,100,0,10000,15,0,27,12,1021,9.84,93,346,4.67,100,0,10000,1021,9.84,93,346,4.67,100,0,10000,1021,9.84,93,346,4.67,100,0,10000,1021,9.84,93,346,4.67,100,0,10000,1021,9.84,93,346,4.67,100,0,10000,1021,9.84,93,346,4.67,100,0,10000,1021,9.84,93,346,4.67,100,0,10000,1021,9.84,93,346,4.67,100,0,10000,1021,9.84,93,346,4.67,100,0,10000,1021,9.84,93,346,4.67,100,0,10000,1021,9.84,93,346,4.67,100,0,10000,1021,9.84,93,346,4.67,100,0,10000
1021,9.84,93,310,5.66,100,0,10000,18,0,27,12,1021,9.28,88,5,4.15,97,0,10000,1021,9.28,88,5,4.15,97,0,10000,1021,9.28,88,5,4.15,97,0,10000,1021,9.28,88,5,4.15,97,0,10000,1021,9.28,88,5,4.15,97,0,10000,1021,9.28,88,5,4.15,97,0,10000,1021,9.28,88,5,4.15,97,0,10000,1021,9.28,88,5,4.15,97,0,10000,1021,9.28,88,5,4.15,97,0,10000,1021,9.28,88,5,4.15,97,0,10000,1021,9.28,88,5,4.15,97,0,10000,1021,9.28,88,5,4.15,97,0,10000
1021,9.84,93,310,5.66,100,0,10000,21,0,27,12,1022,8.46,85,32,3.52,95,0,10000,1022,8.46,85,32,3.52,95,0,10000,1022,8.46,85,32,3.52,95,0,10000,1022,8.46,85,32,3.52,95,0,10000,1022,8.46,85,32,3.52,95,0,10000,1022,8.46,85,32,3.52,95,0,10000,1022,8.46,85,32,3.52,95,0,10000,1022,8.46,85,32,3.52,95,0,10000,1022,8.46,85,32,3.52,95,0,10000,1022,8.46,85,32,3.52,95,0,10000,1022,8.46,85,32,3.52,95,0,10000,1022,8.46,85,32,3.52,95,0,10000
1021,9.84,93,310,5.66,100,0,10000,0,0,28,12,1021,6.21,71,15,1.71,48,0,10000,1021,6.21,71,15,1.71,48,0,10000,1021,6.21,71,15,1.71,48,0,10000,1021,6.21,71,15,1.71,48,0,10000,1021,6.21,71,15,1.71,48,0,10000,1021,6.21,71,15,1.71,48,0,10000,1021,6.21,71,15,1.71,48,0,10000,1021,6.21,71,15,1.71,48,0,10000,1021,6.21,71,15,1.71,48,0,10000,1021,6.21,71,15,1.71,48,0,10000,1021,6.21,71,15,1.71,48,0,10000,1021,6.21,71,15,1.71,48,0,10000
1021,9.84,93,310,5.66,100,0,10000,3,0,28,12,1020,7.75,69,337,1.14,75,0,10000,1020,7.75,69,337,1.14,75,0,10000,1020,7.75,69,337,1.14,75,0,10000,1020,7.75,69,337,1.14,75,0,10000,1020,7.75,69,337,1.14,75,0,10000,1020,7.75,69,337,1.14,75,0,10000,1020,7.75,69,337,1.14,75,0,10000,1020,7.75,69,337,1.14,75,0,10000,1020,7.75,69,337,1.14,75,0,10000,1020,7.75,69,337,1.14,75,0,10000,1020,7.75,69,337,1.14,75,0,10000,1020,7.75,69,337,1.14,75,0,10000
1021,9.84,93,310,5.66,100,0,10000,6,0,28,12,1019,9.2,64,241,0.85,100,0,10000,1019,9.2,64,241,0.85,100,0,10000,1019,9.2,64,241,0.85,100,0,10000,1019,9.2,64,241,0.85,100,0,10000,1019,9.2,64,241,0.85,100,0,10000,1019,9.2,64,241,0.85,100,0,10000,1019,9.2,64,241,0.85,100,0,10000,1019,9.2,64,241,0.85,100,0,10000,1019,9.2,64,241,0.85,100,0,10000,1019,9.2,64,241,0.85,100,0,10000,1019,9.2,64,241,0.85,100,0,10000,1019,9.2,64,241,0.85,100,0,10000
1021,9.84,93,310,5.66,100,0,10000,9,0,28,12,1018,10.04,67,220,2.4,100,0,10000,1018,10.04,67,220,2.4,100,0,10000,1018,10.04,67,220,2.4,100,0,10000,1018,10.04,67,220,2.4,100,0,10000,1018,10.04,67,220,2.4,100,0,10000,1018,10.04,67,220,2.4,100,0,10000,1018,10.04,67,220,2.4,100,0,10000,1018,10.04,67,220,2.4,100,0,10000,1018,10.04,67,220,2.4,100,0,10000,1018,10.04,67,220,2.4,100,0,10000,1018,10.04,67,220,2.4,100,0,10000,1018,10.04,67,220,2.4,100,0,10000
1021,9.84,93,310,5.66,100,0,10000,12,0,28,12,1016,10.18,74,46,0.75,93,0,10000,1016,10.18,74,46,0.75,93,0,10000,1016,10.18,74,46,0.75,93,0,10000,1016,10.18,74,46,0.75,93,0,10000,1016,10.18,74,46,0.75,93,0,10000,1016,10.18,74,46,0.75,93,0,10000,1016,10.18,74,46,0.75,93,0,10000,1016,10.18,74,46,0.75,93,0,10000,1016,10.18,74,46,0.75,93,0,10000,1016,10.18,74,46,0.75,93,0,10000,1016,10.18,74,46,0.75,93,0,10000,1016,10.18,74,46,0.75,93,0,10000
1021,9.84,93,310,5.66,100,0,10000,15,0,28,12,1021,9.84,93,346,4.67,100,0,10000,1021,9.84,93,346,4.67,100,0,10000,1021,9.84,93,346,4.67,100,0,10000,1021,9.84,93,346,4.67,100,0,10000,1021,9.84,93,346,4.67,100,0,10000,1021,9.84,93,346,4.67,100,0,10000,1021,9.84,93,346,4.67,100,0,10000,1021,9.84,93,346,4.67,100,0,10000,1021,9.84,93,346,4.67,100,0,10000,1021,9.84,93,346,4.67,100,0,10000,1021,9.84,93,346,4.67,100,0,10000,1021,9.84,93,346,4.67,100,0,10000
1021,9.84,93,310,5.66,100,0,10000,18,0,28,12,1021,9.28,88,5,4.15,97,0,10000,1021,9.28,88,5,4.15,97,0,10000,1021,9.28,88,5,4.15,97,0,10000,1021,9.28,88,5,4.15,97,0,10000,1021,9.28,88,5,4.15,97,0,10000,1021,9.28,88,5,4.15,97,0,10000,1021,9.28,88,5,4.15,97,0,10000,1021,9.28,88,5,4.15,97,0,10000,1021,9.28,88,5,4.15,97,0,10000,1021,9.28,88,5,4.15,97,0,10000,1021,9.28,88,5,4.15,97,0,10000,1021,9.28,88,5,4.15,97,0,10000
1021,9.84,93,310,5.66,100,0,10000,21,0,28,12,1022,8.46,85,32,3.52,95,0,10000,1022,8.46,85,32,3.52,95,0,10000,1022,8.46,85,32,3.52,95,0,10000,1022,8.46,85,32,3.52,95,0,10000,1022,8.46,85,32,3.52,95,0,10000,1022,8.46,85,32,3.52,95,0,10000,1022,8.46,85,32,3.52,95,0,10000,1022,8.46,85,32,3.52,95,0,10000,1022,8.46,85,32,3.52,95,0,10000,1022,8.46,85,32,3.52,95,0,10000,1022,8.46,85,32,3.52,95,0,10000,1022,8.46,85,32,3.52,95,0,10000
1021,9.84,93,310,5.66,100,0,10000,0,0,29,12,1021,6.21,71,15,1.71,48,0,10000,1021,6.21,71,15,1.71,48,0,10000,1021,6.21,71,15,1.71,48,0,10000,1021,6.21,71,15,1.71,48,0,10000,1021,6.21,71,15,1.71,48,0,10000,1021,6.21,71,15,1.71,48,0,10000,1021,6.21,71,15,1.71,48,0,10000,1021,6.21,71,15,1.71,48,0,10000,1021,6.21,71,15,1.71,48,0,10000,1021,6.21,71,15,1.71,48,0,10000,1021,6.21,71,15,1.71,48,0,10000,1021,6.21,71,15,1.71,48,0,10000
1021,9.84,93,310,5.66,100,0,10000,3,0,29,12,1020,7.75,69,337,1.14,75,0,10000,1020,7.75,69,337,1.14,75,0,10000,1020,7.75,69,337,1.14,75,0,10000,1020,7.75,69,337,1.14,75,0,10000,1020,7.75,69,337,1.14,75,0,10000,1020,7.75,69,337,1.14,75,0,10000,1020,7.75,69,337,1.14,75,0,10000,1020,7.75,69,337,1.14,75,0,10000,1020,7.75,69,337,1.14,75,0,10000,1020,7.75,69,337,1.14,75,0,10000,1020,7.75,69,337,1.14,75,0,10000,1020,7.75,69,337,1.14,75,0,10000
1021,9.84,93,310,5.66,100,0,10000,6,0,29,12,1019,9.2,64,241,0.85,100,0,10000,1019,9.2,64,241,0.85,100,0,10000,1019,9.2,64,241,0.85,100,0,10000,1019,9.2,64,241,0.85,100,0,10000,1019,9.2,64,241,0.85,100,0,10000,1019,9.2,64,241,0.85,100,0,10000,1019,9.2,64,241,0.85,100,0,10000,1019,9.2,64,241,0.85,100,0,10000,1019,9.2,64,241,0.85,100,0,10000,1019,9.2,64,241,0.85,100,0,10000,1019,9.2,64,241,0.85,100,0,10000,1019,9.2,64,241,0.85,100,0,10000
1021,9.84,93,310,5.66,100,0,10000,9,0,29,12,1018,10.04,67,220,2.4,100,0,10000,1018,10.04,67,220,2.4,100,0,10000,1018,10.04,67,220,2.4,100,0,10000,1018,10.04,67,220,2.4,100,0,10000,1018,10.04,67,220,2.4,100,0,10000,1018,10.04,67,220,2.4,100,0,10000,1018,10.04,67,220,2.4,100,0,10000,1018,10.04,67,220,2.4,100,0,10000,1018,10.04,67,220,2.4,100,0,10000,1018,10.04,67,220,2.4,100,0,10000,1018,10.04,67,220,2.4,100,0,10000,1018,10.04,67,220,2.4,100,0,10000
1021,9.84,93,310,5.66,100,0,10000,12,0,29,12,1016,10.18,74,46,0.75,93,0,10000,1016,10.18,74,46,0.75,93,0,10000,1016,10.18,74,46,0.75,93,0,10000,1016,10.18,74,46,0.75,93,0,10000,1016,10.18,74,46,0.75,93,0,10000,1016,10.18,74,46,0.75,93,0,10000,1016,10.18,74,46,0.75,93,0,10000,1016,10.18,74,46,0.75,93,0,10000,1016,10.18,74,46,0.75,93,0,10000,1016,10.18,74,46,0.75,93,0,10000,1016,10.18,74,46,0.75,93,0,10000,1016,10.18,74,46,0.75,93,0,10000
1021,9.84,93,310,5.66,100,0,10000,15,0,29,12,1021,9.84,93,346,4.67,100,0,10000,1021,9.84,93,346,4.67,100,0,10000,1021,9.84,93,346,4.67,100,0,10000,1021,9.84,93,346,4.67,100,0,10000,1021,9.84,93,346,4.67,100,0,10000,1021,9.84,93,346,4.67,100,0,10000,1021,9.84,93,346,4.67,100,0,10000,1021,9.84,93,346,4.67,100,0,10000,1021,9.84,93,346,4.67,100,0,10000,1021,9.84,93,346,4.67,100,0,10000,1021,9.84,93,346,4.67,100,0,10000,1021,9.84,93,346,4.67,100,0,10000
1021,9.84,93,310,5.66,100,0,10000,18,0,29,12,1021,9.28,88,5,4.15,97,0,10000,1021,9.28,88,5,4.15,97,0,10000,1021,9.28,88,5,4.15,97,0,10000,1021,9.28,88,5,4.15,97,0,10000,1021,9.28,88,5,4.15,97,0,10000,1021,9.28,88,5,4.15,97,0,10000,1021,9.28,88,5,4.15,97,0,10000,1021,9.28,88,5,4.15,97,0,10000,1021,9.28,88,5,4.15,97,0,10000,1021,9.28,88,5,4.15,97,0,10000,1021,9.28,88,5,4.15,97,0,10000,1021,9.28,88,5,4.15,97,0,10000
1021,9.84,93,310,5.66,100,0,10000,21,0,29,12,1022,8.46,85,32,3.52,95,0,10000,1022,8.46,85,32,3.52,95,0,10000,1022,8.46,85,32,3.52,95,0,10000,1022,8.46,85,32,3.52,95,0,10000,1022,8.46,85,32,3.52,95,0,10000,1022,8.46,85,32,3.52,95,0,10000,1022,8.46,85,32,3.52,95,0,10000,1022,8.46,85,32,3.52,95,0,10000,1022,8.46,85,32,3.52,95,0,10000,1022,8.46,85,32,3.52,95,0,10000,1022,8.46,85,32,3.52,95,0,10000,1022,8.46,85,32,3.52,95,0,10000
1021,9.84,93,310,5.66,100,0,10000,0,0,30,12,1021,6.21,71,15,1.71,48,0,10000,1021,6.21,71,15,1.71,48,0,10000,1021,6.21,71,15,1.71,48,0,10000,1021,6.21,71,15,1.71,48,0,10000,1021,6.21,71,15,1.71,48,0,10000,1021,6.21,71,15,1.71,48,0,10000,1021,6.21,71,15,1.71,48,0,10000,1021,6.21,71,15,1.71,48,0,10000,1021,6.21,71,15,1.71,48,0,10000,1021,6.21,71,15,1.71,48,0,10000,1021,6.21,71,15,1.71,48,0,10000,1021,6.21,71,15,1.71,48,0,10000
1021,9.84,93,310,5.66,100,0,10000,3,0,30,12,1020,7.75,69,337,1.14,75,0,10000,1020,7.75,69,337,1.14,75,0,10000,1020,7.75,69,337,1.14,75,0,10000,1020,7.75,69,337,1.14,75,0,10000,1020,7.75,69,337,1.14,75,0,10000,1020,7.75,69,337,1.14,75,0,10000,1020,7.75,69,337,1.14,75,0,10000,1020,7.75,69,337,1.14,75,0,10000,1020,7.75,69,337,1.14,75,0,10000,1020,7.75,69,337,1.14,75,0,10000,1020,7.75,69,337,1.14,75,0,10000,1020,7.75,69,337,1.14,75,0,10000
1021,9.84,93,310,5.66,100,0,10000,6,0,30,12,1019,9.2,64,241,0.85,100,0,10000,1019,9.2,64,241,0.85,100,0,10000,1019,9.2,64,241,0.85,100,0,10000,1019,9.2,64,241,0.85,100,0,10000,1019,9.2,64,241,0.85,100,0,10000,1019,9.2,64,241,0.85,100,0,10000,1019,9.2,64,241,0.85,100,0,10000,1019,9.2,64,241,0.85,100,0,10000,1019,9.2,64,241,0.85,100,0,10000,1019,9.2,64,241,0.85,100,0,10000,1019,9.2,64,241,0.85,100,0,10000,1019,9.2,64,241,0.85,100,0,10000
1021,9.84,93,310,5.66,100,0,10000,9,0,30,12,1018,10.04,67,220,2.4,100,0,10000,1018,10.04,67,220,2.4,100,0,10000,1018,10.04,67,220,2.4,100,0,10000,1018,10.04,67,220,2.4,100,0,10000,1018,10.04,67,220,2.4,100,0,10000,1018,10.04,67,220,2.4,100,0,10000,1018,10.04,67,220,2.4,100,0,10000,1018,10.04,67,220,2.4,100,0,10000,1018,10.04,67,220,2.4,100,0,10000,1018,10.04,67,220,2.4,100,0,10000,1018,10.04,67,220,2.4,100,0,10000,1018,10.04,67,220,2.4,100,0,10000
1021,9.84,93,310,5.66,100,0,10000,12,0,30,12,1016,10.18,74,46,0.75,93,0,10000,1016,10.18,74,46,0.75,93,0,10000,1016,10.18,74,46,0.75,93,0,10000,1016,10.18,74,46,0.75,93,0,10000,1016,10.18,74,46,0.75,93,0,10000,1016,10.18,74,46,0.75,93,0,10000,1016,10.18,74,46,0.75,93,0,10000,1016,10.18,74,46,0.75,93,0,10000,1016,10.18,74,46,0.75,93,0,10000,1016,10.18,74,46,0.75,93,0,10000,1016,10.18,74,46,0.75,93,0,10000,1016,10.18,74,46,0.75,93,0,10000
1021,9.84,93,310,5.66,100,0,10000,15,0,30,12,1021,9.84,93,346,4.67,100,0,10000,1021,9.84,93,346,4.67,100,0,10000,1021,9.84,93,346,4.67,100,0,10000,1021,9.84,93,346,4.67,100,0,10000,1021,9.84,93,346,4.67,100,0,10000,1021,9.84,93,346,4.67,100,0,10000,1021,9.84,93,346,4.67,100,0,10000,1021,9.84,93,346,4.67,100,0,10000,1021,9.84,93,346,4.67,100,0,10000,1021,9.84,93,346,4.67,100,0,10000,1021,9.84,93,346,4.67,100,0,10000,1021,9.84,93,346,4.67,100,0,10000
1021,9.84,93,310,5.66,100,0,10000,18,0,30,12,1021,9.28,88,5,4.15,97,0,10000,1021,9.28,88,5,4.15,97,0,10000,1021,9.28,88,5,4.15,97,0,10000,1021,9.28,88,5,4.15,97,0,10000,1021,9.28,88,5,4.15,97,0,10000,1021,9.28,88,5,4.15,97,0,10000,1021,9.28,88,5,4.15,97,0,10000,1021,9.28,88,5,4.15,97,0,10000,1021,9.28,88,5,4.15,97,0,10000,1021,9.28,88,5,4.15,97,0,10000,1021,9.28,88,5,4.15,97,0,10000,1021,9.28,88,5,4.15,97,0,10000
1021,9.84,93,310,5.66,100,0,10000,21,0,30,12,1022,8.46,85,32,3.52,95,0,10000,1022,8.46,85,32,3.52,95,0,10000,1022,8.46,85,32,3.52,95,0,10000,1022,8.46,85,32,3.52,95,0,10000,1022,8.46,85,32,3.52,95,0,10000,1022,8.46,85,32,3.52,95,0,10000,1022,8.46,85,32,3.52,95,0,10000,1022,8.46,85,32,3.52,95,0,10000,1022,8.46,85,32,3.52,95,0,10000,1022,8.46,85,32,3.52,95,0,10000,1022,8.46,85,32,3.52,95,0,10000,1022,8.46,85,32,3.52,95,0,10000
1021,9.84,93,310,5.66,100,0,10000,0,0,31,12,1021,6.21,71,15,1.71,48,0,10000,1021,6.21,71,15,1.71,48,0,10000,1021,6.21,71,15,1.71,48,0,10000,1021,6.21,71,15,1.71,48,0,10000,1021,6.21,71,15,1.71,48,0,10000,1021,6.21,71,15,1.71,48,0,10000,1021,6.21,71,15,1.71,48,0,10000,1021,6.21,71,15,1.71,48,0,10000,1021,6.21,71,15,1.71,48,0,10000,1021,6.21,71,15,1.71,48,0,10000,1021,6.21,71,15,1.71,48,0,10000,1021,6.21,71,15,1.71,48,0,10000
1021,9.84,93,310,5.66,100,0,10000,3,0,31,12,1020,7.75,69,337,1.14,75,0,10000,1020,7.75,69,337,1.14,75,0,10000,1020,7.75,69,337,1.14,75,0,10000,1020,7.75,69,337,1.14,75,0,10000,1020,7.75,69,337,1.14,75,0,10000,1020,7.75,69,337,1.14,75,0,10000,1020,7.75,69,337,1.14,75,0,10000,1020,7.75,69,337,1.14,75,0,10000,1020,7.75,69,337,1.14,75,0,10000,1020,7.75,69,337,1.14,75,0,10000,1020,7.75,69,337,1.14,75,0,10000,1020,7.75,69,337,1.14,75,0,10000
1021,9.84,93,310,5.66,100,0,10000,6,0,31,12,1019,9.2,64,241,0.85,100,0,10000,1019,9.2,64,241,0.85,100,0,10000,1019,9.2,64,241,0.85,100,0,10000,1019,9.2,64,241,0.85,100,0,10000,1019,9.2,64,241,0.85,100,0,10000,1019,9.2,64,241,0.85,100,0,10000,1019,9.2,64,241,0.85,100,0,10000,1019,9.2,64,241,0.85,100,0,10000,1019,9.2,64,241,0.85,100,0,10000,1019,9.2,64,241,0.85,100,0,10000,1019,9.2,64,241,0.85,100,0,10000,1019,9.2,64,241,0.85,100,0,10000
1021,9.84,93,310,5.66,100,0,10000,9,0,31,12,1018,10.04,67,220,2.4,100,0,10000,1018,10.04,67,220,2.4,100,0,10000,1018,10.04,67,220,2.4,100,0,10000,1018,10.04,67,220,2.4,100,0,10000,1018,10.04,67,220,2.4,100,0,10000,1018,10.04,67,220,2.4,100,0,10000,1018,10.04,67,220,2.4,100,0,10000,1018,10.04,67,220,2.4,100,0,10000,1018,10.04,67,220,2.4,100,0,10000,1018,10.04,67,220,2.4,100,0,10000,1018,10.04,67,220,2.4,100,0,10000,1018,10.04,67,220,2.4,100,0,10000
1021,9.84,93,310,5.66,100,0,10000,12,0,31,12,1016,10.18,74,46,0.75,93,0,10000,1016,10.18,74,46,0.75,93,0,10000,1016,10.18,74,46,0.75,93,0,10000,1016,10.18,74,46,0.75,93,0,10000,1016,10.18,74,46,0.75,93,0,10000,1016,10.18,74,46,0.75,93,0,10000,1016,10.18,74,46,0.75,93,0,10000,1016,10.18,74,46,0.75,93,0,10000,1016,10.18,74,46,0.75,93,0,10000,1016,10.18,74,46,0.75,93,0,10000,1016,10.18,74,46,0.75,93,0,10000,1016,10.18,74,46,0.75,93,0,10000
1021,9.84,93,310,5.66,100,0,10000,15,0,31,12,1021,9.84,93,346,4.67,100,0,10000,1021,9.84,93,346,4.67,100,0,10000,1021,9.84,93,346,4.67,100,0,10000,1021,9.84,93,346,4.67,100,0,10000,1021,9.84,93,346,4.67,100,0,10000,1021,9.84,93,346,4.67,100,0,10000,1021,9.84,93,346,4.67,100,0,10000,1021,9.84,93,346,4.67,100,0,10000,1021,9.84,93,346,4.67,100,0,10000,1021,9.84,93,346,4.67,100,0,10000,1021,9.84,93,346,4.67,100,0,10000,1021,9.84,93,346,4.67,100,0,10000
1021,9.84,93,310,5.66,100,0,10000,18,0,31,12,1021,9.28,88,5,4.15,97,0,10000,1021,9.28,88,5,4.15,97,0,10000,1021,9.28,88,5,4.15,97,0,10000,1021,9.28,88,5,4.15,97,0,10000,1021,9.28,88,5,4.15,97,0,10000,1021,9.28,88,5,4.15,97,0,10000,1021,9.28,88,5,4.15,97,0,10000,1021,9.28,88,5,4.15,97,0,10000,1021,9.28,88,5,4.15,97,0,10000,1021,9.28,88,5,4.15,97,0,10000,1021,9.28,88,5,4.15,97,0,10000,1021,9.28,88,5,4.15,97,0,10000
1021,9.84,93,310,5.66,100,0,10000,21,0,31,12,1022,8.46,85,32,3.52,95,0,10000,1022,8.46,85,32,3.52,95,0,10000,1022,8.46,85,32,3.52,95,0,10000,1022,8.46,85,32,3.52,95,0,10000,1022,8.46,85,32,3.52,95,0,10000,1022,8.46,85,32,3.52,95,0,10000,1022,8.46,85,32,3.52,95,0,10000,1022,8.46,85,32,3.52,95,0,10000,1022,8.46,85,32,3.52,95,0,10000,1022,8.46,85,32,3.52,95,0,10000,1022,8.46,85,32,3.52,95,0,10000,1022,8.46,85,32,3.52,95,0,10000
1021,9.84,93,310,5.66,100,0,10000,0,0,1,1,1021,6.21,71,15,1.71,48,0,10000,1021,6.21,71,15,1.71,48,0,10000,1021,6.21,71,15,1.71,48,0,10000,1021,6.21,71,15,1.71,48,0,10000,1021,6.21,71,15,1.71,48,0,10000,1021,6.21,71,15,1.71,48,0,10000,1021,6.21,71,15,1.71,48,0,10000,1021,6.21,71,15,1.71,48,0,10000,1021,6.21,71,15,1.71,48,0,10000,1021,6.21,71,15,1.71,48,0,10000,1021,6.21,71,15,1.71,48,0,10000,1021,6.21,71,15,1.71,48,0,10000
