1018,9.84,66,60,2.06,0,0,10000,2,0,4,8,1011,6.52,77,180,2.05,98,0,10000,1011,6.52,77,180,2.05,98,0,10000,1011,6.52,77,180,2.05,98,0,10000,1011,6.52,77,180,2.05,98,0,10000,1011,6.52,77,180,2.05,98,0,10000,1011,6.52,77,180,2.05,98,0,10000,1011,6.52,77,180,2.05,98,0,10000,1011,6.52,77,180,2.05,98,0,10000,1011,6.52,77,180,2.05,98,0,10000,1011,6.52,77,180,2.05,98,0,10000,1011,6.52,77,180,2.05,98,0,10000,1011,6.52,77,180,2.05,98,0,10000
1018,9.84,66,60,2.06,0,0,10000,5,0,4,8,1010,6.8,81,195,3.12,99,0,10000,1010,6.8,81,195,3.12,99,0,10000,1010,6.8,81,195,3.12,99,0,10000,1010,6.8,81,195,3.12,99,0,10000,1010,6.8,81,195,3.12,99,0,10000,1010,6.8,81,195,3.12,99,0,10000,1010,6.8,81,195,3.12,99,0,10000,1010,6.8,81,195,3.12,99,0,10000,1010,6.8,81,195,3.12,99,0,10000,1010,6.8,81,195,3.12,99,0,10000,1010,6.8,81,195,3.12,99,0,10000,1010,6.8,81,195,3.12,99,0,10000
1018,9.84,66,60,2.06,0,0,10000,8,0,4,8,1018,9.84,66,304,1.71,0,0,10000,1018,9.84,66,304,1.71,0,0,10000,1018,9.84,66,304,1.71,0,0,10000,1018,9.84,66,304,1.71,0,0,10000,1018,9.84,66,304,1.71,0,0,10000,1018,9.84,66,304,1.71,0,0,10000,1018,9.84,66,304,1.71,0,0,10000,1018,9.84,66,304,1.71,0,0,10000,1018,9.84,66,304,1.71,0,0,10000,1018,9.84,66,304,1.71,0,0,10000,1018,9.84,66,304,1.71,0,0,10000,1018,9.84,66,304,1.71,0,0,10000
1018,9.84,66,60,2.06,0,0,10000,11,0,4,8,1018,9.88,65,305,2.8,33,0,10000,1018,9.88,65,305,2.8,33,0,10000,1018,9.88,65,305,2.8,33,0,10000,1018,9.88,65,305,2.8,33,0,10000,1018,9.88,65,305,2.8,33,0,10000,1018,9.88,65,305,2.8,33,0,10000,1018,9.88,65,305,2.8,33,0,10000,1018,9.88,65,305,2.8,33,0,10000,1018,9.88,65,305,2.8,33,0,10000,1018,9.88,65,305,2.8,33,0,10000,1018,9.88,65,305,2.8,33,0,10000,1018,9.88,65,305,2.8,33,0,10000
1018,9.84,66,60,2.06,0,0,10000,14,0,4,8,1017,10.13,64,323,3.19,55,0,10000,1017,10.13,64,323,3.19,55,0,10000,1017,10.13,64,323,3.19,55,0,10000,1017,10.13,64,323,3.19,55,0,10000,1017,10.13,64,323,3.19,55,0,10000,1017,10.13,64,323,3.19,55,0,10000,1017,10.13,64,323,3.19,55,0,10000,1017,10.13,64,323,3.19,55,0,10000,1017,10.13,64,323,3.19,55,0,10000,1017,10.13,64,323,3.19,55,0,10000,1017,10.13,64,323,3.19,55,0,10000,1017,10.13,64,323,3.19,55,0,10000
1018,9.84,66,60,2.06,0,0,10000,17,0,4,8,1015,8.86,75,21,3.04,61,0,10000,1015,8.86,75,21,3.04,61,0,10000,1015,8.86,75,21,3.04,61,0,10000,1015,8.86,75,21,3.04,61,0,10000,1015,8.86,75,21,3.04,61,0,10000,1015,8.86,75,21,3.04,61,0,10000,1015,8.86,75,21,3.04,61,0,10000,1015,8.86,75,21,3.04,61,0,10000,1015,8.86,75,21,3.04,61,0,10000,1015,8.86,75,21,3.04,61,0,10000,1015,8.86,75,21,3.04,61,0,10000,1015,8.86,75,21,3.04,61,0,10000
1018,9.84,66,60,2.06,0,0,10000,20,0,4,8,1015,6.65,78,14,0.82,67,0,10000,1015,6.65,78,14,0.82,67,0,10000,1015,6.65,78,14,0.82,67,0,10000,1015,6.65,78,14,0.82,67,0,10000,1015,6.65,78,14,0.82,67,0,10000,1015,6.65,78,14,0.82,67,0,10000,1015,6.65,78,14,0.82,67,0,10000,1015,6.65,78,14,0.82,67,0,10000,1015,6.65,78,14,0.82,67,0,10000,1015,6.65,78,14,0.82,67,0,10000,1015,6.65,78,14,0.82,67,0,10000,1015,6.65,78,14,0.82,67,0,10000
1018,9.84,66,60,2.06,0,0,10000,23,0,4,8,1014,6.33,79,158,1.22,64,0,10000,1014,6.33,79,158,1.22,64,0,10000,1014,6.33,79,158,1.22,64,0,10000,1014,6.33,79,158,1.22,64,0,10000,1014,6.33,79,158,1.22,64,0,10000,1014,6.33,79,158,1.22,64,0,10000,1014,6.33,79,158,1.22,64,0,10000,1014,6.33,79,158,1.22,64,0,10000,1014,6.33,79,158,1.22,64,0,10000,1014,6.33,79,158,1.22,64,0,10000,1014,6.33,79,158,1.22,64,0,10000,1014,6.33,79,158,1.22,64,0,10000
1018,9.84,66,60,2.06,0,0,10000,2,0,5,8,1011,6.52,77,180,2.05,98,0,10000,1011,6.52,77,180,2.05,98,0,10000,1011,6.52,77,180,2.05,98,0,10000,1011,6.52,77,180,2.05,98,0,10000,1011,6.52,77,180,2.05,98,0,10000,1011,6.52,77,180,2.05,98,0,10000,1011,6.52,77,180,2.05,98,0,10000,1011,6.52,77,180,2.05,98,0,10000,1011,6.52,77,180,2.05,98,0,10000,1011,6.52,77,180,2.05,98,0,10000,1011,6.52,77,180,2.05,98,0,10000,1011,6.52,77,180,2.05,98,0,10000
1018,9.84,66,60,2.06,0,0,10000,5,0,5,8,1010,6.8,81,195,3.12,99,0,10000,1010,6.8,81,195,3.12,99,0,10000,1010,6.8,81,195,3.12,99,0,10000,1010,6.8,81,195,3.12,99,0,10000,1010,6.8,81,195,3.12,99,0,10000,1010,6.8,81,195,3.12,99,0,10000,1010,6.8,81,195,3.12,99,0,10000,1010,6.8,81,195,3.12,99,0,10000,1010,6.8,81,195,3.12,99,0,10000,1010,6.8,81,195,3.12,99,0,10000,1010,6.8,81,195,3.12,99,0,10000,1010,6.8,81,195,3.12,99,0,10000
1018,9.84,66,60,2.06,0,0,10000,8,0,5,8,1018,9.84,66,304,1.71,0,0,10000,1018,9.84,66,304,1.71,0,0,10000,1018,9.84,66,304,1.71,0,0,10000,1018,9.84,66,304,1.71,0,0,10000,1018,9.84,66,304,1.71,0,0,10000,1018,9.84,66,304,1.71,0,0,10000,1018,9.84,66,304,1.71,0,0,10000,1018,9.84,66,304,1.71,0,0,10000,1018,9.84,66,304,1.71,0,0,10000,1018,9.84,66,304,1.71,0,0,10000,1018,9.84,66,304,1.71,0,0,10000,1018,9.84,66,304,1.71,0,0,10000
1018,9.84,66,60,2.06,0,0,10000,11,0,5,8,1018,9.88,65,305,2.8,33,0,10000,1018,9.88,65,305,2.8,33,0,10000,1018,9.88,65,305,2.8,33,0,10000,1018,9.88,65,305,2.8,33,0,10000,1018,9.88,65,305,2.8,33,0,10000,1018,9.88,65,305,2.8,33,0,10000,1018,9.88,65,305,2.8,33,0,10000,1018,9.88,65,305,2.8,33,0,10000,1018,9.88,65,305,2.8,33,0,10000,1018,9.88,65,305,2.8,33,0,10000,1018,9.88,65,305,2.8,33,0,10000,1018,9.88,65,305,2.8,33,0,10000
1018,9.84,66,60,2.06,0,0,10000,14,0,5,8,1017,10.13,64,323,3.19,55,0,10000,1017,10.13,64,323,3.19,55,0,10000,1017,10.13,64,323,3.19,55,0,10000,1017,10.13,64,323,3.19,55,0,10000,1017,10.13,64,323,3.19,55,0,10000,1017,10.13,64,323,3.19,55,0,10000,1017,10.13,64,323,3.19,55,0,10000,1017,10.13,64,323,3.19,55,0,10000,1017,10.13,64,323,3.19,55,0,10000,1017,10.13,64,323,3.19,55,0,10000,1017,10.13,64,323,3.19,55,0,10000,1017,10.13,64,323,3.19,55,0,10000
1018,9.84,66,60,2.06,0,0,10000,17,0,5,8,1015,8.86,75,21,3.04,61,0,10000,1015,8.86,75,21,3.04,61,0,10000,1015,8.86,75,21,3.04,61,0,10000,1015,8.86,75,21,3.04,61,0,10000,1015,8.86,75,21,3.04,61,0,10000,1015,8.86,75,21,3.04,61,0,10000,1015,8.86,75,21,3.04,61,0,10000,1015,8.86,75,21,3.04,61,0,10000,1015,8.86,75,21,3.04,61,0,10000,1015,8.86,75,21,3.04,61,0,10000,1015,8.86,75,21,3.04,61,0,10000,1015,8.86,75,21,3.04,61,0,10000
1018,9.84,66,60,2.06,0,0,10000,20,0,5,8,1015,6.65,78,14,0.82,67,0,10000,1015,6.65,78,14,0.82,67,0,10000,1015,6.65,78,14,0.82,67,0,10000,1015,6.65,78,14,0.82,67,0,10000,1015,6.65,78,14,0.82,67,0,10000,1015,6.65,78,14,0.82,67,0,10000,1015,6.65,78,14,0.82,67,0,10000,1015,6.65,78,14,0.82,67,0,10000,1015,6.65,78,14,0.82,67,0,10000,1015,6.65,78,14,0.82,67,0,10000,1015,6.65,78,14,0.82,67,0,10000,1015,6.65,78,14,0.82,67,0,10000
1018,9.84,66,60,2.06,0,0,10000,23,0,5,8,1014,6.33,79,158,1.22,64,0,10000,1014,6.33,79,158,1.22,64,0,10000,1014,6.33,79,158,1.22,64,0,10000,1014,6.33,79,158,1.22,64,0,10000,1014,6.33,79,158,1.22,64,0,10000,1014,6.33,79,158,1.22,64,0,10000,1014,6.33,79,158,1.22,64,0,10000,1014,6.33,79,158,1.22,64,0,10000,1014,6.33,79,158,1.22,64,0,10000,1014,6.33,79,158,1.22,64,0,10000,1014,6.33,79,158,1.22,64,0,10000,1014,6.33,79,158,1.22,64,0,10000
1018,9.84,66,60,2.06,0,0,10000,2,0,6,8,1011,6.52,77,180,2.05,98,0,10000,1011,6.52,77,180,2.05,98,0,10000,1011,6.52,77,180,2.05,98,0,10000,1011,6.52,77,180,2.05,98,0,10000,1011,6.52,77,180,2.05,98,0,10000,1011,6.52,77,180,2.05,98,0,10000,1011,6.52,77,180,2.05,98,0,10000,1011,6.52,77,180,2.05,98,0,10000,1011,6.52,77,180,2.05,98,0,10000,1011,6.52,77,180,2.05,98,0,10000,1011,6.52,77,180,2.05,98,0,10000,1011,6.52,77,180,2.05,98,0,10000
1018,9.84,66,60,2.06,0,0,10000,5,0,6,8,1010,6.8,81,195,3.12,99,0,10000,1010,6.8,81,195,3.12,99,0,10000,1010,6.8,81,195,3.12,99,0,10000,1010,6.8,81,195,3.12,99,0,10000,1010,6.8,81,195,3.12,99,0,10000,1010,6.8,81,195,3.12,99,0,10000,1010,6.8,81,195,3.12,99,0,10000,1010,6.8,81,195,3.12,99,0,10000,1010,6.8,81,195,3.12,99,0,10000,1010,6.8,81,195,3.12,99,0,10000,1010,6.8,81,195,3.12,99,0,10000,1010,6.8,81,195,3.12,99,0,10000
1018,9.84,66,60,2.06,0,0,10000,8,0,6,8,1018,9.84,66,304,1.71,0,0,10000,1018,9.84,66,304,1.71,0,0,10000,1018,9.84,66,304,1.71,0,0,10000,1018,9.84,66,304,1.71,0,0,10000,1018,9.84,66,304,1.71,0,0,10000,1018,9.84,66,304,1.71,0,0,10000,1018,9.84,66,304,1.71,0,0,10000,1018,9.84,66,304,1.71,0,0,10000,1018,9.84,66,304,1.71,0,0,10000,1018,9.84,66,304,1.71,0,0,10000,1018,9.84,66,304,1.71,0,0,10000,1018,9.84,66,304,1.71,0,0,10000
1018,9.84,66,60,2.06,0,0,10000,11,0,6,8,1018,9.88,65,305,2.8,33,0,10000,1018,9.88,65,305,2.8,33,0,10000,1018,9.88,65,305,2.8,33,0,10000,1018,9.88,65,305,2.8,33,0,10000,1018,9.88,65,305,2.8,33,0,10000,1018,9.88,65,305,2.8,33,0,10000,1018,9.88,65,305,2.8,33,0,10000,1018,9.88,65,305,2.8,33,0,10000,1018,9.88,65,305,2.8,33,0,10000,1018,9.88,65,305,2.8,33,0,10000,1018,9.88,65,305,2.8,33,0,10000,1018,9.88,65,305,2.8,33,0,10000
1018,9.84,66,60,2.06,0,0,10000,14,0,6,8,1017,10.13,64,323,3.19,55,0,10000,1017,10.13,64,323,3.19,55,0,10000,1017,10.13,64,323,3.19,55,0,10000,1017,10.13,64,323,3.19,55,0,10000,1017,10.13,64,323,3.19,55,0,10000,1017,10.13,64,323,3.19,55,0,10000,1017,10.13,64,323,3.19,55,0,10000,1017,10.13,64,323,3.19,55,0,10000,1017,10.13,64,323,3.19,55,0,10000,1017,10.13,64,323,3.19,55,0,10000,1017,10.13,64,323,3.19,55,0,10000,1017,10.13,64,323,3.19,55,0,10000
1018,9.84,66,60,2.06,0,0,10000,17,0,6,8,1015,8.86,75,21,3.04,61,0,10000,1015,8.86,75,21,3.04,61,0,10000,1015,8.86,75,21,3.04,61,0,10000,1015,8.86,75,21,3.04,61,0,10000,1015,8.86,75,21,3.04,61,0,10000,1015,8.86,75,21,3.04,61,0,10000,1015,8.86,75,21,3.04,61,0,10000,1015,8.86,75,21,3.04,61,0,10000,1015,8.86,75,21,3.04,61,0,10000,1015,8.86,75,21,3.04,61,0,10000,1015,8.86,75,21,3.04,61,0,10000,1015,8.86,75,21,3.04,61,0,10000
1018,9.84,66,60,2.06,0,0,10000,20,0,6,8,1015,6.65,78,14,0.82,67,0,10000,1015,6.65,78,14,0.82,67,0,10000,1015,6.65,78,14,0.82,67,0,10000,1015,6.65,78,14,0.82,67,0,10000,1015,6.65,78,14,0.82,67,0,10000,1015,6.65,78,14,0.82,67,0,10000,1015,6.65,78,14,0.82,67,0,10000,1015,6.65,78,14,0.82,67,0,10000,1015,6.65,78,14,0.82,67,0,10000,1015,6.65,78,14,0.82,67,0,10000,1015,6.65,78,14,0.82,67,0,10000,1015,6.65,78,14,0.82,67,0,10000
1018,9.84,66,60,2.06,0,0,10000,23,0,6,8,1014,6.33,79,158,1.22,64,0,10000,1014,6.33,79,158,1.22,64,0,10000,1014,6.33,79,158,1.22,64,0,10000,1014,6.33,79,158,1.22,64,0,10000,1014,6.33,79,158,1.22,64,0,10000,1014,6.33,79,158,1.22,64,0,10000,1014,6.33,79,158,1.22,64,0,10000,1014,6.33,79,158,1.22,64,0,10000,1014,6.33,79,158,1.22,64,0,10000,1014,6.33,79,158,1.22,64,0,10000,1014,6.33,79,158,1.22,64,0,10000,1014,6.33,79,158,1.22,64,0,10000
1018,9.84,66,60,2.06,0,0,10000,2,0,7,8,1011,6.52,77,180,2.05,98,0,10000,1011,6.52,77,180,2.05,98,0,10000,1011,6.52,77,180,2.05,98,0,10000,1011,6.52,77,180,2.05,98,0,10000,1011,6.52,77,180,2.05,98,0,10000,1011,6.52,77,180,2.05,98,0,10000,1011,6.52,77,180,2.05,98,0,10000,1011,6.52,77,180,2.05,98,0,10000,1011,6.52,77,180,2.05,98,0,10000,1011,6.52,77,180,2.05,98,0,10000,1011,6.52,77,180,2.05,98,0,10000,1011,6.52,77,180,2.05,98,0,10000
1018,9.84,66,60,2.06,0,0,10000,5,0,7,8,1010,6.8,81,195,3.12,99,0,10000,1010,6.8,81,195,3.12,99,0,10000,1010,6.8,81,195,3.12,99,0,10000,1010,6.8,81,195,3.12,99,0,10000,1010,6.8,81,195,3.12,99,0,10000,1010,6.8,81,195,3.12,99,0,10000,1010,6.8,81,195,3.12,99,0,10000,1010,6.8,81,195,3.12,99,0,10000,1010,6.8,81,195,3.12,99,0,10000,1010,6.8,81,195,3.12,99,0,10000,1010,6.8,81,195,3.12,99,0,10000,1010,6.8,81,195,3.12,99,0,10000
1018,9.84,66,60,2.06,0,0,10000,8,0,7,8,1018,9.84,66,304,1.71,0,0,10000,1018,9.84,66,304,1.71,0,0,10000,1018,9.84,66,304,1.71,0,0,10000,1018,9.84,66,304,1.71,0,0,10000,1018,9.84,66,304,1.71,0,0,10000,1018,9.84,66,304,1.71,0,0,10000,1018,9.84,66,304,1.71,0,0,10000,1018,9.84,66,304,1.71,0,0,10000,1018,9.84,66,304,1.71,0,0,10000,1018,9.84,66,304,1.71,0,0,10000,1018,9.84,66,304,1.71,0,0,10000,1018,9.84,66,304,1.71,0,0,10000
1018,9.84,66,60,2.06,0,0,10000,11,0,7,8,1018,9.88,65,305,2.8,33,0,10000,1018,9.88,65,305,2.8,33,0,10000,1018,9.88,65,305,2.8,33,0,10000,1018,9.88,65,305,2.8,33,0,10000,1018,9.88,65,305,2.8,33,0,10000,1018,9.88,65,305,2.8,33,0,10000,1018,9.88,65,305,2.8,33,0,10000,1018,9.88,65,305,2.8,33,0,10000,1018,9.88,65,305,2.8,33,0,10000,1018,9.88,65,305,2.8,33,0,10000,1018,9.88,65,305,2.8,33,0,10000,1018,9.88,65,305,2.8,33,0,10000
1018,9.84,66,60,2.06,0,0,10000,14,0,7,8,1017,10.13,64,323,3.19,55,0,10000,1017,10.13,64,323,3.19,55,0,10000,1017,10.13,64,323,3.19,55,0,10000,1017,10.13,64,323,3.19,55,0,10000,1017,10.13,64,323,3.19,55,0,10000,1017,10.13,64,323,3.19,55,0,10000,1017,10.13,64,323,3.19,55,0,10000,1017,10.13,64,323,3.19,55,0,10000,1017,10.13,64,323,3.19,55,0,10000,1017,10.13,64,323,3.19,55,0,10000,1017,10.13,64,323,3.19,55,0,10000,1017,10.13,64,323,3.19,55,0,10000
1018,9.84,66,60,2.06,0,0,10000,17,0,7,8,1015,8.86,75,21,3.04,61,0,10000,1015,8.86,75,21,3.04,61,0,10000,1015,8.86,75,21,3.04,61,0,10000,1015,8.86,75,21,3.04,61,0,10000,1015,8.86,75,21,3.04,61,0,10000,1015,8.86,75,21,3.04,61,0,10000,1015,8.86,75,21,3.04,61,0,10000,1015,8.86,75,21,3.04,61,0,10000,1015,8.86,75,21,3.04,61,0,10000,1015,8.86,75,21,3.04,61,0,10000,1015,8.86,75,21,3.04,61,0,10000,1015,8.86,75,21,3.04,61,0,10000
1018,9.84,66,60,2.06,0,0,10000,20,0,7,8,1015,6.65,78,14,0.82,67,0,10000,1015,6.65,78,14,0.82,67,0,10000,1015,6.65,78,14,0.82,67,0,10000,1015,6.65,78,14,0.82,67,0,10000,1015,6.65,78,14,0.82,67,0,10000,1015,6.65,78,14,0.82,67,0,10000,1015,6.65,78,14,0.82,67,0,10000,1015,6.65,78,14,0.82,67,0,10000,1015,6.65,78,14,0.82,67,0,10000,1015,6.65,78,14,0.82,67,0,10000,1015,6.65,78,14,0.82,67,0,10000,1015,6.65,78,14,0.82,67,0,10000
1018,9.84,66,60,2.06,0,0,10000,23,0,7,8,1014,6.33,79,158,1.22,64,0,10000,1014,6.33,79,158,1.22,64,0,10000,1014,6.33,79,158,1.22,64,0,10000,1014,6.33,79,158,1.22,64,0,10000,1014,6.33,79,158,1.22,64,0,10000,1014,6.33,79,158,1.22,64,0,10000,1014,6.33,79,158,1.22,64,0,10000,1014,6.33,79,158,1.22,64,0,10000,1014,6.33,79,158,1.22,64,0,10000,1014,6.33,79,158,1.22,64,0,10000,1014,6.33,79,158,1.22,64,0,10000,1014,6.33,79,158,1.22,64,0,10000
1018,9.84,66,60,2.06,0,0,10000,2,0,8,8,1011,6.52,77,180,2.05,98,0,10000,1011,6.52,77,180,2.05,98,0,10000,1011,6.52,77,180,2.05,98,0,10000,1011,6.52,77,180,2.05,98,0,10000,1011,6.52,77,180,2.05,98,0,10000,1011,6.52,77,180,2.05,98,0,10000,1011,6.52,77,180,2.05,98,0,10000,1011,6.52,77,180,2.05,98,0,10000,1011,6.52,77,180,2.05,98,0,10000,1011,6.52,77,180,2.05,98,0,10000,1011,6.52,77,180,2.05,98,0,10000,1011,6.52,77,180,2.05,98,0,10000
1018,9.84,66,60,2.06,0,0,10000,5,0,8,8,1010,6.8,81,195,3.12,99,0,10000,1010,6.8,81,195,3.12,99,0,10000,1010,6.8,81,195,3.12,99,0,10000,1010,6.8,81,195,3.12,99,0,10000,1010,6.8,81,195,3.12,99,0,10000,1010,6.8,81,195,3.12,99,0,10000,1010,6.8,81,195,3.12,99,0,10000,1010,6.8,81,195,3.12,99,0,10000,1010,6.8,81,195,3.12,99,0,10000,1010,6.8,81,195,3.12,99,0,10000,1010,6.8,81,195,3.12,99,0,10000,1010,6.8,81,195,3.12,99,0,10000
1018,9.84,66,60,2.06,0,0,10000,8,0,8,8,1018,9.84,66,304,1.71,0,0,10000,1018,9.84,66,304,1.71,0,0,10000,1018,9.84,66,304,1.71,0,0,10000,1018,9.84,66,304,1.71,0,0,10000,1018,9.84,66,304,1.71,0,0,10000,1018,9.84,66,304,1.71,0,0,10000,1018,9.84,66,304,1.71,0,0,10000,1018,9.84,66,304,1.71,0,0,10000,1018,9.84,66,304,1.71,0,0,10000,1018,9.84,66,304,1.71,0,0,10000,1018,9.84,66,304,1.71,0,0,10000,1018,9.84,66,304,1.71,0,0,10000
1018,9.84,66,60,2.06,0,0,10000,11,0,8,8,1018,9.88,65,305,2.8,33,0,10000,1018,9.88,65,305,2.8,33,0,10000,1018,9.88,65,305,2.8,33,0,10000,1018,9.88,65,305,2.8,33,0,10000,1018,9.88,65,305,2.8,33,0,10000,1018,9.88,65,305,2.8,33,0,10000,1018,9.88,65,305,2.8,33,0,10000,1018,9.88,65,305,2.8,33,0,10000,1018,9.88,65,305,2.8,33,0,10000,1018,9.88,65,305,2.8,33,0,10000,1018,9.88,65,305,2.8,33,0,10000,1018,9.88,65,305,2.8,33,0,10000
1018,9.84,66,60,2.06,0,0,10000,14,0,8,8,1017,10.13,64,323,3.19,55,0,10000,1017,10.13,64,323,3.19,55,0,10000,1017,10.13,64,323,3.19,55,0,10000,1017,10.13,64,323,3.19,55,0,10000,1017,10.13,64,323,3.19,55,0,10000,1017,10.13,64,323,3.19,55,0,10000,1017,10.13,64,323,3.19,55,0,10000,1017,10.13,64,323,3.19,55,0,10000,1017,10.13,64,323,3.19,55,0,10000,1017,10.13,64,323,3.19,55,0,10000,1017,10.13,64,323,3.19,55,0,10000,1017,10.13,64,323,3.19,55,0,10000
1018,9.84,66,60,2.06,0,0,10000,17,0,8,8,1015,8.86,75,21,3.04,61,0,10000,1015,8.86,75,21,3.04,61,0,10000,1015,8.86,75,21,3.04,61,0,10000,1015,8.86,75,21,3.04,61,0,10000,1015,8.86,75,21,3.04,61,0,10000,1015,8.86,75,21,3.04,61,0,10000,1015,8.86,75,21,3.04,61,0,10000,1015,8.86,75,21,3.04,61,0,10000,1015,8.86,75,21,3.04,61,0,10000,1015,8.86,75,21,3.04,61,0,10000,1015,8.86,75,21,3.04,61,0,10000,1015,8.86,75,21,3.04,61,0,10000
1018,9.84,66,60,2.06,0,0,10000,20,0,8,8,1015,6.65,78,14,0.82,67,0,10000,1015,6.65,78,14,0.82,67,0,10000,1015,6.65,78,14,0.82,67,0,10000,1015,6.65,78,14,0.82,67,0,10000,1015,6.65,78,14,0.82,67,0,10000,1015,6.65,78,14,0.82,67,0,10000,1015,6.65,78,14,0.82,67,0,10000,1015,6.65,78,14,0.82,67,0,10000,1015,6.65,78,14,0.82,67,0,10000,1015,6.65,78,14,0.82,67,0,10000,1015,6.65,78,14,0.82,67,0,10000,1015,6.65,78,14,0.82,67,0,10000
1018,9.84,66,60,2.06,0,0,10000,23,0,8,8,1014,6.33,79,158,1.22,64,0,10000,1014,6.33,79,158,1.22,64,0,10000,1014,6.33,79,158,1.22,64,0,10000,1014,6.33,79,158,1.22,64,0,10000,1014,6.33,79,158,1.22,64,0,10000,1014,6.33,79,158,1.22,64,0,10000,1014,6.33,79,158,1.22,64,0,10000,1014,6.33,79,158,1.22,64,0,10000,1014,6.33,79,158,1.22,64,0,10000,1014,6.33,79,158,1.22,64,0,10000,1014,6.33,79,158,1.22,64,0,10000,1014,6.33,79,158,1.22,64,0,10000
1018,9.84,66,60,2.06,0,0,10000,2,0,9,8,1011,6.52,77,180,2.05,98,0,10000,1011,6.52,77,180,2.05,98,0,10000,1011,6.52,77,180,2.05,98,0,10000,1011,6.52,77,180,2.05,98,0,10000,1011,6.52,77,180,2.05,98,0,10000,1011,6.52,77,180,2.05,98,0,10000,1011,6.52,77,180,2.05,98,0,10000,1011,6.52,77,180,2.05,98,0,10000,1011,6.52,77,180,2.05,98,0,10000,1011,6.52,77,180,2.05,98,0,10000,1011,6.52,77,180,2.05,98,0,10000,1011,6.52,77,180,2.05,98,0,10000
1018,9.84,66,60,2.06,0,0,10000,5,0,9,8,1010,6.8,81,195,3.12,99,0,10000,1010,6.8,81,195,3.12,99,0,10000,1010,6.8,81,195,3.12,99,0,10000,1010,6.8,81,195,3.12,99,0,10000,1010,6.8,81,195,3.12,99,0,10000,1010,6.8,81,195,3.12,99,0,10000,1010,6.8,81,195,3.12,99,0,10000,1010,6.8,81,195,3.12,99,0,10000,1010,6.8,81,195,3.12,99,0,10000,1010,6.8,81,195,3.12,99,0,10000,1010,6.8,81,195,3.12,99,0,10000,1010,6.8,81,195,3.12,99,0,10000
1018,9.84,66,60,2.06,0,0,10000,8,0,9,8,1018,9.84,66,304,1.71,0,0,10000,1018,9.84,66,304,1.71,0,0,10000,1018,9.84,66,304,1.71,0,0,10000,1018,9.84,66,304,1.71,0,0,10000,1018,9.84,66,304,1.71,0,0,10000,1018,9.84,66,304,1.71,0,0,10000,1018,9.84,66,304,1.71,0,0,10000,1018,9.84,66,304,1.71,0,0,10000,1018,9.84,66,304,1.71,0,0,10000,1018,9.84,66,304,1.71,0,0,10000,1018,9.84,66,304,1.71,0,0,10000,1018,9.84,66,304,1.71,0,0,10000
1018,9.84,66,60,2.06,0,0,10000,11,0,9,8,1018,9.88,65,305,2.8,33,0,10000,1018,9.88,65,305,2.8,33,0,10000,1018,9.88,65,305,2.8,33,0,10000,1018,9.88,65,305,2.8,33,0,10000,1018,9.88,65,305,2.8,33,0,10000,1018,9.88,65,305,2.8,33,0,10000,1018,9.88,65,305,2.8,33,0,10000,1018,9.88,65,305,2.8,33,0,10000,1018,9.88,65,305,2.8,33,0,10000,1018,9.88,65,305,2.8,33,0,10000,1018,9.88,65,305,2.8,33,0,10000,1018,9.88,65,305,2.8,33,0,10000
1018,9.84,66,60,2.06,0,0,10000,14,0,9,8,1017,10.13,64,323,3.19,55,0,10000,1017,10.13,64,323,3.19,55,0,10000,1017,10.13,64,323,3.19,55,0,10000,1017,10.13,64,323,3.19,55,0,10000,1017,10.13,64,323,3.19,55,0,10000,1017,10.13,64,323,3.19,55,0,10000,1017,10.13,64,323,3.19,55,0,10000,1017,10.13,64,323,3.19,55,0,10000,1017,10.13,64,323,3.19,55,0,10000,1017,10.13,64,323,3.19,55,0,10000,1017,10.13,64,323,3.19,55,0,10000,1017,10.13,64,323,3.19,55,0,10000
1018,9.84,66,60,2.06,0,0,10000,17,0,9,8,1015,8.86,75,21,3.04,61,0,10000,1015,8.86,75,21,3.04,61,0,10000,1015,8.86,75,21,3.04,61,0,10000,1015,8.86,75,21,3.04,61,0,10000,1015,8.86,75,21,3.04,61,0,10000,1015,8.86,75,21,3.04,61,0,10000,1015,8.86,75,21,3.04,61,0,10000,1015,8.86,75,21,3.04,61,0,10000,1015,8.86,75,21,3.04,61,0,10000,1015,8.86,75,21,3.04,61,0,10000,1015,8.86,75,21,3.04,61,0,10000,1015,8.86,75,21,3.04,61,0,10000
1018,9.84,66,60,2.06,0,0,10000,20,0,9,8,1015,6.65,78,14,0.82,67,0,10000,1015,6.65,78,14,0.82,67,0,10000,1015,6.65,78,14,0.82,67,0,10000,1015,6.65,78,14,0.82,67,0,10000,1015,6.65,78,14,0.82,67,0,10000,1015,6.65,78,14,0.82,67,0,10000,1015,6.65,78,14,0.82,67,0,10000,1015,6.65,78,14,0.82,67,0,10000,1015,6.65,78,14,0.82,67,0,10000,1015,6.65,78,14,0.82,67,0,10000,1015,6.65,78,14,0.82,67,0,10000,1015,6.65,78,14,0.82,67,0,10000
1018,9.84,66,60,2.06,0,0,10000,23,0,9,8,1014,6.33,79,158,1.22,64,0,10000,1014,6.33,79,158,1.22,64,0,10000,1014,6.33,79,158,1.22,64,0,10000,1014,6.33,79,158,1.22,64,0,10000,1014,6.33,79,158,1.22,64,0,10000,1014,6.33,79,158,1.22,64,0,10000,1014,6.33,79,158,1.22,64,0,10000,1014,6.33,79,158,1.22,64,0,10000,1014,6.33,79,158,1.22,64,0,10000,1014,6.33,79,158,1.22,64,0,10000,1014,6.33,79,158,1.22,64,0,10000,1014,6.33,79,158,1.22,64,0,10000
1018,9.84,66,60,2.06,0,0,10000,2,0,10,8,1011,6.52,77,180,2.05,98,0,10000,1011,6.52,77,180,2.05,98,0,10000,1011,6.52,77,180,2.05,98,0,10000,1011,6.52,77,180,2.05,98,0,10000,1011,6.52,77,180,2.05,98,0,10000,1011,6.52,77,180,2.05,98,0,10000,1011,6.52,77,180,2.05,98,0,10000,1011,6.52,77,180,2.05,98,0,10000,1011,6.52,77,180,2.05,98,0,10000,1011,6.52,77,180,2.05,98,0,10000,1011,6.52,77,180,2.05,98,0,10000,1011,6.52,77,180,2.05,98,0,10000
1018,9.84,66,60,2.06,0,0,10000,5,0,10,8,1010,6.8,81,195,3.12,99,0,10000,1010,6.8,81,195,3.12,99,0,10000,1010,6.8,81,195,3.12,99,0,10000,1010,6.8,81,195,3.12,99,0,10000,1010,6.8,81,195,3.12,99,0,10000,1010,6.8,81,195,3.12,99,0,10000,1010,6.8,81,195,3.12,99,0,10000,1010,6.8,81,195,3.12,99,0,10000,1010,6.8,81,195,3.12,99,0,10000,1010,6.8,81,195,3.12,99,0,10000,1010,6.8,81,195,3.12,99,0,10000,1010,6.8,81,195,3.12,99,0,10000
1018,9.84,66,60,2.06,0,0,10000,8,0,10,8,1018,9.84,66,304,1.71,0,0,10000,1018,9.84,66,304,1.71,0,0,10000,1018,9.84,66,304,1.71,0,0,10000,1018,9.84,66,304,1.71,0,0,10000,1018,9.84,66,304,1.71,0,0,10000,1018,9.84,66,304,1.71,0,0,10000,1018,9.84,66,304,1.71,0,0,10000,1018,9.84,66,304,1.71,0,0,10000,1018,9.84,66,304,1.71,0,0,10000,1018,9.84,66,304,1.71,0,0,10000,1018,9.84,66,304,1.71,0,0,10000,1018,9.84,66,304,1.71,0,0,10000
1018,9.84,66,60,2.06,0,0,10000,11,0,10,8,1018,9.88,65,305,2.8,33,0,10000,1018,9.88,65,305,2.8,33,0,10000,1018,9.88,65,305,2.8,33,0,10000,1018,9.88,65,305,2.8,33,0,10000,1018,9.88,65,305,2.8,33,0,10000,1018,9.88,65,305,2.8,33,0,10000,1018,9.88,65,305,2.8,33,0,10000,1018,9.88,65,305,2.8,33,0,10000,1018,9.88,65,305,2.8,33,0,10000,1018,9.88,65,305,2.8,33,0,10000,1018,9.88,65,305,2.8,33,0,10000,1018,9.88,65,305,2.8,33,0,10000
1018,9.84,66,60,2.06,0,0,10000,14,0,10,8,1017,10.13,64,323,3.19,55,0,10000,1017,10.13,64,323,3.19,55,0,10000,1017,10.13,64,323,3.19,55,0,10000,1017,10.13,64,323,3.19,55,0,10000,1017,10.13,64,323,3.19,55,0,10000,1017,10.13,64,323,3.19,55,0,10000,1017,10.13,64,323,3.19,55,0,10000,1017,10.13,64,323,3.19,55,0,10000,1017,10.13,64,323,3.19,55,0,10000,1017,10.13,64,323,3.19,55,0,10000,1017,10.13,64,323,3.19,55,0,10000,1017,10.13,64,323,3.19,55,0,10000
1018,9.84,66,60,2.06,0,0,10000,17,0,10,8,1015,8.86,75,21,3.04,61,0,10000,1015,8.86,75,21,3.04,61,0,10000,1015,8.86,75,21,3.04,61,0,10000,1015,8.86,75,21,3.04,61,0,10000,1015,8.86,75,21,3.04,61,0,10000,1015,8.86,75,21,3.04,61,0,10000,1015,8.86,75,21,3.04,61,0,10000,1015,8.86,75,21,3.04,61,0,10000,1015,8.86,75,21,3.04,61,0,10000,1015,8.86,75,21,3.04,61,0,10000,1015,8.86,75,21,3.04,61,0,10000,1015,8.86,75,21,3.04,61,0,10000
1018,9.84,66,60,2.06,0,0,10000,20,0,10,8,1015,6.65,78,14,0.82,67,0,10000,1015,6.65,78,14,0.82,67,0,10000,1015,6.65,78,14,0.82,67,0,10000,1015,6.65,78,14,0.82,67,0,10000,1015,6.65,78,14,0.82,67,0,10000,1015,6.65,78,14,0.82,67,0,10000,1015,6.65,78,14,0.82,67,0,10000,1015,6.65,78,14,0.82,67,0,10000,1015,6.65,78,14,0.82,67,0,10000,1015,6.65,78,14,0.82,67,0,10000,1015,6.65,78,14,0.82,67,0,10000,1015,6.65,78,14,0.82,67,0,10000
1018,9.84,66,60,2.06,0,0,10000,23,0,10,8,1014,6.33,79,158,1.22,64,0,10000,1014,6.33,79,158,1.22,64,0,10000,1014,6.33,79,158,1.22,64,0,10000,1014,6.33,79,158,1.22,64,0,10000,1014,6.33,79,158,1.22,64,0,10000,1014,6.33,79,158,1.22,64,0,10000,1014,6.33,79,158,1.22,64,0,10000,1014,6.33,79,158,1.22,64,0,10000,1014,6.33,79,158,1.22,64,0,10000,1014,6.33,79,158,1.22,64,0,10000,1014,6.33,79,158,1.22,64,0,10000,1014,6.33,79,158,1.22,64,0,10000
1018,9.84,66,60,2.06,0,0,10000,2,0,11,8,1011,6.52,77,180,2.05,98,0,10000,1011,6.52,77,180,2.05,98,0,10000,1011,6.52,77,180,2.05,98,0,10000,1011,6.52,77,180,2.05,98,0,10000,1011,6.52,77,180,2.05,98,0,10000,1011,6.52,77,180,2.05,98,0,10000,1011,6.52,77,180,2.05,98,0,10000,1011,6.52,77,180,2.05,98,0,10000,1011,6.52,77,180,2.05,98,0,10000,1011,6.52,77,180,2.05,98,0,10000,1011,6.52,77,180,2.05,98,0,10000,1011,6.52,77,180,2.05,98,0,10000
1018,9.84,66,60,2.06,0,0,10000,5,0,11,8,1010,6.8,81,195,3.12,99,0,10000,1010,6.8,81,195,3.12,99,0,10000,1010,6.8,81,195,3.12,99,0,10000,1010,6.8,81,195,3.12,99,0,10000,1010,6.8,81,195,3.12,99,0,10000,1010,6.8,81,195,3.12,99,0,10000,1010,6.8,81,195,3.12,99,0,10000,1010,6.8,81,195,3.12,99,0,10000,1010,6.8,81,195,3.12,99,0,10000,1010,6.8,81,195,3.12,99,0,10000,1010,6.8,81,195,3.12,99,0,10000,1010,6.8,81,195,3.12,99,0,10000
1018,9.84,66,60,2.06,0,0,10000,8,0,11,8,1018,9.84,66,304,1.71,0,0,10000,1018,9.84,66,304,1.71,0,0,10000,1018,9.84,66,304,1.71,0,0,10000,1018,9.84,66,304,1.71,0,0,10000,1018,9.84,66,304,1.71,0,0,10000,1018,9.84,66,304,1.71,0,0,10000,1018,9.84,66,304,1.71,0,0,10000,1018,9.84,66,304,1.71,0,0,10000,1018,9.84,66,304,1.71,0,0,10000,1018,9.84,66,304,1.71,0,0,10000,1018,9.84,66,304,1.71,0,0,10000,1018,9.84,66,304,1.71,0,0,10000
1018,9.84,66,60,2.06,0,0,10000,11,0,11,8,1018,9.88,65,305,2.8,33,0,10000,1018,9.88,65,305,2.8,33,0,10000,1018,9.88,65,305,2.8,33,0,10000,1018,9.88,65,305,2.8,33,0,10000,1018,9.88,65,305,2.8,33,0,10000,1018,9.88,65,305,2.8,33,0,10000,1018,9.88,65,305,2.8,33,0,10000,1018,9.88,65,305,2.8,33,0,10000,1018,9.88,65,305,2.8,33,0,10000,1018,9.88,65,305,2.8,33,0,10000,1018,9.88,65,305,2.8,33,0,10000,1018,9.88,65,305,2.8,33,0,10000
1018,9.84,66,60,2.06,0,0,10000,14,0,11,8,1017,10.13,64,323,3.19,55,0,10000,1017,10.13,64,323,3.19,55,0,10000,1017,10.13,64,323,3.19,55,0,10000,1017,10.13,64,323,3.19,55,0,10000,1017,10.13,64,323,3.19,55,0,10000,1017,10.13,64,323,3.19,55,0,10000,1017,10.13,64,323,3.19,55,0,10000,1017,10.13,64,323,3.19,55,0,10000,1017,10.13,64,323,3.19,55,0,10000,1017,10.13,64,323,3.19,55,0,10000,1017,10.13,64,323,3.19,55,0,10000,1017,10.13,64,323,3.19,55,0,10000
1018,9.84,66,60,2.06,0,0,10000,17,0,11,8,1015,8.86,75,21,3.04,61,0,10000,1015,8.86,75,21,3.04,61,0,10000,1015,8.86,75,21,3.04,61,0,10000,1015,8.86,75,21,3.04,61,0,10000,1015,8.86,75,21,3.04,61,0,10000,1015,8.86,75,21,3.04,61,0,10000,1015,8.86,75,21,3.04,61,0,10000,1015,8.86,75,21,3.04,61,0,10000,1015,8.86,75,21,3.04,61,0,10000,1015,8.86,75,21,3.04,61,0,10000,1015,8.86,75,21,3.04,61,0,10000,1015,8.86,75,21,3.04,61,0,10000
1018,9.84,66,60,2.06,0,0,10000,20,0,11,8,1015,6.65,78,14,0.82,67,0,10000,1015,6.65,78,14,0.82,67,0,10000,1015,6.65,78,14,0.82,67,0,10000,1015,6.65,78,14,0.82,67,0,10000,1015,6.65,78,14,0.82,67,0,10000,1015,6.65,78,14,0.82,67,0,10000,1015,6.65,78,14,0.82,67,0,10000,1015,6.65,78,14,0.82,67,0,10000,1015,6.65,78,14,0.82,67,0,10000,1015,6.65,78,14,0.82,67,0,10000,1015,6.65,78,14,0.82,67,0,10000,1015,6.65,78,14,0.82,67,0,10000
1018,9.84,66,60,2.06,0,0,10000,23,0,11,8,1014,6.33,79,158,1.22,64,0,10000,1014,6.33,79,158,1.22,64,0,10000,1014,6.33,79,158,1.22,64,0,10000,1014,6.33,79,158,1.22,64,0,10000,1014,6.33,79,158,1.22,64,0,10000,1014,6.33,79,158,1.22,64,0,10000,1014,6.33,79,158,1.22,64,0,10000,1014,6.33,79,158,1.22,64,0,10000,1014,6.33,79,158,1.22,64,0,10000,1014,6.33,79,158,1.22,64,0,10000,1014,6.33,79,158,1.22,64,0,10000,1014,6.33,79,158,1.22,64,0,10000
1018,9.84,66,60,2.06,0,0,10000,2,0,12,8,1011,6.52,77,180,2.05,98,0,10000,1011,6.52,77,180,2.05,98,0,10000,1011,6.52,77,180,2.05,98,0,10000,1011,6.52,77,180,2.05,98,0,10000,1011,6.52,77,180,2.05,98,0,10000,1011,6.52,77,180,2.05,98,0,10000,1011,6.52,77,180,2.05,98,0,10000,1011,6.52,77,180,2.05,98,0,10000,1011,6.52,77,180,2.05,98,0,10000,1011,6.52,77,180,2.05,98,0,10000,1011,6.52,77,180,2.05,98,0,10000,1011,6.52,77,180,2.05,98,0,10000
1018,9.84,66,60,2.06,0,0,10000,5,0,12,8,1010,6.8,81,195,3.12,99,0,10000,1010,6.8,81,195,3.12,99,0,10000,1010,6.8,81,195,3.12,99,0,10000,1010,6.8,81,195,3.12,99,0,10000,1010,6.8,81,195,3.12,99,0,10000,1010,6.8,81,195,3.12,99,0,10000,1010,6.8,81,195,3.12,99,0,10000,1010,6.8,81,195,3.12,99,0,10000,1010,6.8,81,195,3.12,99,0,10000,1010,6.8,81,195,3.12,99,0,10000,1010,6.8,81,195,3.12,99,0,10000,1010,6.8,81,195,3.12,99,0,10000
1018,9.84,66,60,2.06,0,0,10000,8,0,12,8,1018,9.84,66,304,1.71,0,0,10000,1018,9.84,66,304,1.71,0,0,10000,1018,9.84,66,304,1.71,0,0,10000,1018,9.84,66,304,1.71,0,0,10000,1018,9.84,66,304,1.71,0,0,10000,1018,9.84,66,304,1.71,0,0,10000,1018,9.84,66,304,1.71,0,0,10000,1018,9.84,66,304,1.71,0,0,10000,1018,9.84,66,304,1.71,0,0,10000,1018,9.84,66,304,1.71,0,0,10000,1018,9.84,66,304,1.71,0,0,10000,1018,9.84,66,304,1.71,0,0,10000
1018,9.84,66,60,2.06,0,0,10000,11,0,12,8,1018,9.88,65,305,2.8,33,0,10000,1018,9.88,65,305,2.8,33,0,10000,1018,9.88,65,305,2.8,33,0,10000,1018,9.88,65,305,2.8,33,0,10000,1018,9.88,65,305,2.8,33,0,10000,1018,9.88,65,305,2.8,33,0,10000,1018,9.88,65,305,2.8,33,0,10000,1018,9.88,65,305,2.8,33,0,10000,1018,9.88,65,305,2.8,33,0,10000,1018,9.88,65,305,2.8,33,0,10000,1018,9.88,65,305,2.8,33,0,10000,1018,9.88,65,305,2.8,33,0,10000
1018,9.84,66,60,2.06,0,0,10000,14,0,12,8,1017,10.13,64,323,3.19,55,0,10000,1017,10.13,64,323,3.19,55,0,10000,1017,10.13,64,323,3.19,55,0,10000,1017,10.13,64,323,3.19,55,0,10000,1017,10.13,64,323,3.19,55,0,10000,1017,10.13,64,323,3.19,55,0,10000,1017,10.13,64,323,3.19,55,0,10000,1017,10.13,64,323,3.19,55,0,10000,1017,10.13,64,323,3.19,55,0,10000,1017,10.13,64,323,3.19,55,0,10000,1017,10.13,64,323,3.19,55,0,10000,1017,10.13,64,323,3.19,55,0,10000
1018,9.84,66,60,2.06,0,0,10000,17,0,12,8,1015,8.86,75,21,3.04,61,0,10000,1015,8.86,75,21,3.04,61,0,10000,1015,8.86,75,21,3.04,61,0,10000,1015,8.86,75,21,3.04,61,0,10000,1015,8.86,75,21,3.04,61,0,10000,1015,8.86,75,21,3.04,61,0,10000,1015,8.86,75,21,3.04,61,0,10000,1015,8.86,75,21,3.04,61,0,10000,1015,8.86,75,21,3.04,61,0,10000,1015,8.86,75,21,3.04,61,0,10000,1015,8.86,75,21,3.04,61,0,10000,1015,8.86,75,21,3.04,61,0,10000
1018,9.84,66,60,2.06,0,0,10000,20,0,12,8,1015,6.65,78,14,0.82,67,0,10000,1015,6.65,78,14,0.82,67,0,10000,1015,6.65,78,14,0.82,67,0,10000,1015,6.65,78,14,0.82,67,0,10000,1015,6.65,78,14,0.82,67,0,10000,1015,6.65,78,14,0.82,67,0,10000,1015,6.65,78,14,0.82,67,0,10000,1015,6.65,78,14,0.82,67,0,10000,1015,6.65,78,14,0.82,67,0,10000,1015,6.65,78,14,0.82,67,0,10000,1015,6.65,78,14,0.82,67,0,10000,1015,6.65,78,14,0.82,67,0,10000
1018,9.84,66,60,2.06,0,0,10000,23,0,12,8,1014,6.33,79,158,1.22,64,0,10000,1014,6.33,79,158,1.22,64,0,10000,1014,6.33,79,158,1.22,64,0,10000,1014,6.33,79,158,1.22,64,0,10000,1014,6.33,79,158,1.22,64,0,10000,1014,6.33,79,158,1.22,64,0,10000,1014,6.33,79,158,1.22,64,0,10000,1014,6.33,79,158,1.22,64,0,10000,1014,6.33,79,158,1.22,64,0,10000,1014,6.33,79,158,1.22,64,0,10000,1014,6.33,79,158,1.22,64,0,10000,1014,6.33,79,158,1.22,64,0,10000
1018,9.84,66,60,2.06,0,0,10000,2,0,13,8,1011,6.52,77,180,2.05,98,0,10000,1011,6.52,77,180,2.05,98,0,10000,1011,6.52,77,180,2.05,98,0,10000,1011,6.52,77,180,2.05,98,0,10000,1011,6.52,77,180,2.05,98,0,10000,1011,6.52,77,180,2.05,98,0,10000,1011,6.52,77,180,2.05,98,0,10000,1011,6.52,77,180,2.05,98,0,10000,1011,6.52,77,180,2.05,98,0,10000,1011,6.52,77,180,2.05,98,0,10000,1011,6.52,77,180,2.05,98,0,10000,1011,6.52,77,180,2.05,98,0,10000
1018,9.84,66,60,2.06,0,0,10000,5,0,13,8,1010,6.8,81,195,3.12,99,0,10000,1010,6.8,81,195,3.12,99,0,10000,1010,6.8,81,195,3.12,99,0,10000,1010,6.8,81,195,3.12,99,0,10000,1010,6.8,81,195,3.12,99,0,10000,1010,6.8,81,195,3.12,99,0,10000,1010,6.8,81,195,3.12,99,0,10000,1010,6.8,81,195,3.12,99,0,10000,1010,6.8,81,195,3.12,99,0,10000,1010,6.8,81,195,3.12,99,0,10000,1010,6.8,81,195,3.12,99,0,10000,1010,6.8,81,195,3.12,99,0,10000
1018,9.84,66,60,2.06,0,0,10000,8,0,13,8,1018,9.84,66,304,1.71,0,0,10000,1018,9.84,66,304,1.71,0,0,10000,1018,9.84,66,304,1.71,0,0,10000,1018,9.84,66,304,1.71,0,0,10000,1018,9.84,66,304,1.71,0,0,10000,1018,9.84,66,304,1.71,0,0,10000,1018,9.84,66,304,1.71,0,0,10000,1018,9.84,66,304,1.71,0,0,10000,1018,9.84,66,304,1.71,0,0,10000,1018,9.84,66,304,1.71,0,0,10000,1018,9.84,66,304,1.71,0,0,10000,1018,9.84,66,304,1.71,0,0,10000
1018,9.84,66,60,2.06,0,0,10000,11,0,13,8,1018,9.88,65,305,2.8,33,0,10000,1018,9.88,65,305,2.8,33,0,10000,1018,9.88,65,305,2.8,33,0,10000,1018,9.88,65,305,2.8,33,0,10000,1018,9.88,65,305,2.8,33,0,10000,1018,9.88,65,305,2.8,33,0,10000,1018,9.88,65,305,2.8,33,0,10000,1018,9.88,65,305,2.8,33,0,10000,1018,9.88,65,305,2.8,33,0,10000,1018,9.88,65,305,2.8,33,0,10000,1018,9.88,65,305,2.8,33,0,10000,1018,9.88,65,305,2.8,33,0,10000
1018,9.84,66,60,2.06,0,0,10000,14,0,13,8,1017,10.13,64,323,3.19,55,0,10000,1017,10.13,64,323,3.19,55,0,10000,1017,10.13,64,323,3.19,55,0,10000,1017,10.13,64,323,3.19,55,0,10000,1017,10.13,64,323,3.19,55,0,10000,1017,10.13,64,323,3.19,55,0,10000,1017,10.13,64,323,3.19,55,0,10000,1017,10.13,64,323,3.19,55,0,10000,1017,10.13,64,323,3.19,55,0,10000,1017,10.13,64,323,3.19,55,0,10000,1017,10.13,64,323,3.19,55,0,10000,1017,10.13,64,323,3.19,55,0,10000
1018,9.84,66,60,2.06,0,0,10000,17,0,13,8,1015,8.86,75,21,3.04,61,0,10000,1015,8.86,75,21,3.04,61,0,10000,1015,8.86,75,21,3.04,61,0,10000,1015,8.86,75,21,3.04,61,0,10000,1015,8.86,75,21,3.04,61,0,10000,1015,8.86,75,21,3.04,61,0,10000,1015,8.86,75,21,3.04,61,0,10000,1015,8.86,75,21,3.04,61,0,10000,1015,8.86,75,21,3.04,61,0,10000,1015,8.86,75,21,3.04,61,0,10000,1015,8.86,75,21,3.04,61,0,10000,1015,8.86,75,21,3.04,61,0,10000
1018,9.84,66,60,2.06,0,0,10000,20,0,13,8,1015,6.65,78,14,0.82,67,0,10000,1015,6.65,78,14,0.82,67,0,10000,1015,6.65,78,14,0.82,67,0,10000,1015,6.65,78,14,0.82,67,0,10000,1015,6.65,78,14,0.82,67,0,10000,1015,6.65,78,14,0.82,67,0,10000,1015,6.65,78,14,0.82,67,0,10000,1015,6.65,78,14,0.82,67,0,10000,1015,6.65,78,14,0.82,67,0,10000,1015,6.65,78,14,0.82,67,0,10000,1015,6.65,78,14,0.82,67,0,10000,1015,6.65,78,14,0.82,67,0,10000
1018,9.84,66,60,2.06,0,0,10000,23,0,13,8,1014,6.33,79,158,1.22,64,0,10000,1014,6.33,79,158,1.22,64,0,10000,1014,6.33,79,158,1.22,64,0,10000,1014,6.33,79,158,1.22,64,0,10000,1014,6.33,79,158,1.22,64,0,10000,1014,6.33,79,158,1.22,64,0,10000,1014,6.33,79,158,1.22,64,0,10000,1014,6.33,79,158,1.22,64,0,10000,1014,6.33,79,158,1.22,64,0,10000,1014,6.33,79,158,1.22,64,0,10000,1014,6.33,79,158,1.22,64,0,10000,1014,6.33,79,158,1.22,64,0,10000
1018,9.84,66,60,2.06,0,0,10000,2,0,14,8,1011,6.52,77,180,2.05,98,0,10000,1011,6.52,77,180,2.05,98,0,10000,1011,6.52,77,180,2.05,98,0,10000,1011,6.52,77,180,2.05,98,0,10000,1011,6.52,77,180,2.05,98,0,10000,1011,6.52,77,180,2.05,98,0,10000,1011,6.52,77,180,2.05,98,0,10000,1011,6.52,77,180,2.05,98,0,10000,1011,6.52,77,180,2.05,98,0,10000,1011,6.52,77,180,2.05,98,0,10000,1011,6.52,77,180,2.05,98,0,10000,1011,6.52,77,180,2.05,98,0,10000
1018,9.84,66,60,2.06,0,0,10000,5,0,14,8,1010,6.8,81,195,3.12,99,0,10000,1010,6.8,81,195,3.12,99,0,10000,1010,6.8,81,195,3.12,99,0,10000,1010,6.8,81,195,3.12,99,0,10000,1010,6.8,81,195,3.12,99,0,10000,1010,6.8,81,195,3.12,99,0,10000,1010,6.8,81,195,3.12,99,0,10000,1010,6.8,81,195,3.12,99,0,10000,1010,6.8,81,195,3.12,99,0,10000,1010,6.8,81,195,3.12,99,0,10000,1010,6.8,81,195,3.12,99,0,10000,1010,6.8,81,195,3.12,99,0,10000
1018,9.84,66,60,2.06,0,0,10000,8,0,14,8,1018,9.84,66,304,1.71,0,0,10000,1018,9.84,66,304,1.71,0,0,10000,1018,9.84,66,304,1.71,0,0,10000,1018,9.84,66,304,1.71,0,0,10000,1018,9.84,66,304,1.71,0,0,10000,1018,9.84,66,304,1.71,0,0,10000,1018,9.84,66,304,1.71,0,0,10000,1018,9.84,66,304,1.71,0,0,10000,1018,9.84,66,304,1.71,0,0,10000,1018,9.84,66,304,1.71,0,0,10000,1018,9.84,66,304,1.71,0,0,10000,1018,9.84,66,304,1.71,0,0,10000
1018,9.84,66,60,2.06,0,0,10000,11,0,14,8,1018,9.88,65,305,2.8,33,0,10000,1018,9.88,65,305,2.8,33,0,10000,1018,9.88,65,305,2.8,33,0,10000,1018,9.88,65,305,2.8,33,0,10000,1018,9.88,65,305,2.8,33,0,10000,1018,9.88,65,305,2.8,33,0,10000,1018,9.88,65,305,2.8,33,0,10000,1018,9.88,65,305,2.8,33,0,10000,1018,9.88,65,305,2.8,33,0,10000,1018,9.88,65,305,2.8,33,0,10000,1018,9.88,65,305,2.8,33,0,10000,1018,9.88,65,305,2.8,33,0,10000
1018,9.84,66,60,2.06,0,0,10000,14,0,14,8,1017,10.13,64,323,3.19,55,0,10000,1017,10.13,64,323,3.19,55,0,10000,1017,10.13,64,323,3.19,55,0,10000,1017,10.13,64,323,3.19,55,0,10000,1017,10.13,64,323,3.19,55,0,10000,1017,10.13,64,323,3.19,55,0,10000,1017,10.13,64,323,3.19,55,0,10000,1017,10.13,64,323,3.19,55,0,10000,1017,10.13,64,323,3.19,55,0,10000,1017,10.13,64,323,3.19,55,0,10000,1017,10.13,64,323,3.19,55,0,10000,1017,10.13,64,323,3.19,55,0,10000
1018,9.84,66,60,2.06,0,0,10000,17,0,14,8,1015,8.86,75,21,3.04,61,0,10000,1015,8.86,75,21,3.04,61,0,10000,1015,8.86,75,21,3.04,61,0,10000,1015,8.86,75,21,3.04,61,0,10000,1015,8.86,75,21,3.04,61,0,10000,1015,8.86,75,21,3.04,61,0,10000,1015,8.86,75,21,3.04,61,0,10000,1015,8.86,75,21,3.04,61,0,10000,1015,8.86,75,21,3.04,61,0,10000,1015,8.86,75,21,3.04,61,0,10000,1015,8.86,75,21,3.04,61,0,10000,1015,8.86,75,21,3.04,61,0,10000
1018,9.84,66,60,2.06,0,0,10000,20,0,14,8,1015,6.65,78,14,0.82,67,0,10000,1015,6.65,78,14,0.82,67,0,10000,1015,6.65,78,14,0.82,67,0,10000,1015,6.65,78,14,0.82,67,0,10000,1015,6.65,78,14,0.82,67,0,10000,1015,6.65,78,14,0.82,67,0,10000,1015,6.65,78,14,0.82,67,0,10000,1015,6.65,78,14,0.82,67,0,10000,1015,6.65,78,14,0.82,67,0,10000,1015,6.65,78,14,0.82,67,0,10000,1015,6.65,78,14,0.82,67,0,10000,1015,6.65,78,14,0.82,67,0,10000
1018,9.84,66,60,2.06,0,0,10000,23,0,14,8,1014,6.33,79,158,1.22,64,0,10000,1014,6.33,79,158,1.22,64,0,10000,1014,6.33,79,158,1.22,64,0,10000,1014,6.33,79,158,1.22,64,0,10000,1014,6.33,79,158,1.22,64,0,10000,1014,6.33,79,158,1.22,64,0,10000,1014,6.33,79,158,1.22,64,0,10000,1014,6.33,79,158,1.22,64,0,10000,1014,6.33,79,158,1.22,64,0,10000,1014,6.33,79,158,1.22,64,0,10000,1014,6.33,79,158,1.22,64,0,10000,1014,6.33,79,158,1.22,64,0,10000
1018,9.84,66,60,2.06,0,0,10000,2,0,15,8,1011,6.52,77,180,2.05,98,0,10000,1011,6.52,77,180,2.05,98,0,10000,1011,6.52,77,180,2.05,98,0,10000,1011,6.52,77,180,2.05,98,0,10000,1011,6.52,77,180,2.05,98,0,10000,1011,6.52,77,180,2.05,98,0,10000,1011,6.52,77,180,2.05,98,0,10000,1011,6.52,77,180,2.05,98,0,10000,1011,6.52,77,180,2.05,98,0,10000,1011,6.52,77,180,2.05,98,0,10000,1011,6.52,77,180,2.05,98,0,10000,1011,6.52,77,180,2.05,98,0,10000
1018,9.84,66,60,2.06,0,0,10000,5,0,15,8,1010,6.8,81,195,3.12,99,0,10000,1010,6.8,81,195,3.12,99,0,10000,1010,6.8,81,195,3.12,99,0,10000,1010,6.8,81,195,3.12,99,0,10000,1010,6.8,81,195,3.12,99,0,10000,1010,6.8,81,195,3.12,99,0,10000,1010,6.8,81,195,3.12,99,0,10000,1010,6.8,81,195,3.12,99,0,10000,1010,6.8,81,195,3.12,99,0,10000,1010,6.8,81,195,3.12,99,0,10000,1010,6.8,81,195,3.12,99,0,10000,1010,6.8,81,195,3.12,99,0,10000
1018,9.84,66,60,2.06,0,0,10000,8,0,15,8,1018,9.84,66,304,1.71,0,0,10000,1018,9.84,66,304,1.71,0,0,10000,1018,9.84,66,304,1.71,0,0,10000,1018,9.84,66,304,1.71,0,0,10000,1018,9.84,66,304,1.71,0,0,10000,1018,9.84,66,304,1.71,0,0,10000,1018,9.84,66,304,1.71,0,0,10000,1018,9.84,66,304,1.71,0,0,10000,1018,9.84,66,304,1.71,0,0,10000,1018,9.84,66,304,1.71,0,0,10000,1018,9.84,66,304,1.71,0,0,10000,1018,9.84,66,304,1.71,0,0,10000
1018,9.84,66,60,2.06,0,0,10000,11,0,15,8,1018,9.88,65,305,2.8,33,0,10000,1018,9.88,65,305,2.8,33,0,10000,1018,9.88,65,305,2.8,33,0,10000,1018,9.88,65,305,2.8,33,0,10000,1018,9.88,65,305,2.8,33,0,10000,1018,9.88,65,305,2.8,33,0,10000,1018,9.88,65,305,2.8,33,0,10000,1018,9.88,65,305,2.8,33,0,10000,1018,9.88,65,305,2.8,33,0,10000,1018,9.88,65,305,2.8,33,0,10000,1018,9.88,65,305,2.8,33,0,10000,1018,9.88,65,305,2.8,33,0,10000
1018,9.84,66,60,2.06,0,0,10000,14,0,15,8,1017,10.13,64,323,3.19,55,0,10000,1017,10.13,64,323,3.19,55,0,10000,1017,10.13,64,323,3.19,55,0,10000,1017,10.13,64,323,3.19,55,0,10000,1017,10.13,64,323,3.19,55,0,10000,1017,10.13,64,323,3.19,55,0,10000,1017,10.13,64,323,3.19,55,0,10000,1017,10.13,64,323,3.19,55,0,10000,1017,10.13,64,323,3.19,55,0,10000,1017,10.13,64,323,3.19,55,0,10000,1017,10.13,64,323,3.19,55,0,10000,1017,10.13,64,323,3.19,55,0,10000
1018,9.84,66,60,2.06,0,0,10000,17,0,15,8,1015,8.86,75,21,3.04,61,0,10000,1015,8.86,75,21,3.04,61,0,10000,1015,8.86,75,21,3.04,61,0,10000,1015,8.86,75,21,3.04,61,0,10000,1015,8.86,75,21,3.04,61,0,10000,1015,8.86,75,21,3.04,61,0,10000,1015,8.86,75,21,3.04,61,0,10000,1015,8.86,75,21,3.04,61,0,10000,1015,8.86,75,21,3.04,61,0,10000,1015,8.86,75,21,3.04,61,0,10000,1015,8.86,75,21,3.04,61,0,10000,1015,8.86,75,21,3.04,61,0,10000
1018,9.84,66,60,2.06,0,0,10000,20,0,15,8,1015,6.65,78,14,0.82,67,0,10000,1015,6.65,78,14,0.82,67,0,10000,1015,6.65,78,14,0.82,67,0,10000,1015,6.65,78,14,0.82,67,0,10000,1015,6.65,78,14,0.82,67,0,10000,1015,6.65,78,14,0.82,67,0,10000,1015,6.65,78,14,0.82,67,0,10000,1015,6.65,78,14,0.82,67,0,10000,1015,6.65,78,14,0.82,67,0,10000,1015,6.65,78,14,0.82,67,0,10000,1015,6.65,78,14,0.82,67,0,10000,1015,6.65,78,14,0.82,67,0,10000
1018,9.84,66,60,2.06,0,0,10000,23,0,15,8,1014,6.33,79,158,1.22,64,0,10000,1014,6.33,79,158,1.22,64,0,10000,1014,6.33,79,158,1.22,64,0,10000,1014,6.33,79,158,1.22,64,0,10000,1014,6.33,79,158,1.22,64,0,10000,1014,6.33,79,158,1.22,64,0,10000,1014,6.33,79,158,1.22,64,0,10000,1014,6.33,79,158,1.22,64,0,10000,1014,6.33,79,158,1.22,64,0,10000,1014,6.33,79,158,1.22,64,0,10000,1014,6.33,79,158,1.22,64,0,10000,1014,6.33,79,158,1.22,64,0,10000
1018,9.84,66,60,2.06,0,0,10000,2,0,16,8,1011,6.52,77,180,2.05,98,0,10000,1011,6.52,77,180,2.05,98,0,10000,1011,6.52,77,180,2.05,98,0,10000,1011,6.52,77,180,2.05,98,0,10000,1011,6.52,77,180,2.05,98,0,10000,1011,6.52,77,180,2.05,98,0,10000,1011,6.52,77,180,2.05,98,0,10000,1011,6.52,77,180,2.05,98,0,10000,1011,6.52,77,180,2.05,98,0,10000,1011,6.52,77,180,2.05,98,0,10000,1011,6.52,77,180,2.05,98,0,10000,1011,6.52,77,180,2.05,98,0,10000
1018,9.84,66,60,2.06,0,0,10000,5,0,16,8,1010,6.8,81,195,3.12,99,0,10000,1010,6.8,81,195,3.12,99,0,10000,1010,6.8,81,195,3.12,99,0,10000,1010,6.8,81,195,3.12,99,0,10000,1010,6.8,81,195,3.12,99,0,10000,1010,6.8,81,195,3.12,99,0,10000,1010,6.8,81,195,3.12,99,0,10000,1010,6.8,81,195,3.12,99,0,10000,1010,6.8,81,195,3.12,99,0,10000,1010,6.8,81,195,3.12,99,0,10000,1010,6.8,81,195,3.12,99,0,10000,1010,6.8,81,195,3.12,99,0,10000
1018,9.84,66,60,2.06,0,0,10000,8,0,16,8,1018,9.84,66,304,1.71,0,0,10000,1018,9.84,66,304,1.71,0,0,10000,1018,9.84,66,304,1.71,0,0,10000,1018,9.84,66,304,1.71,0,0,10000,1018,9.84,66,304,1.71,0,0,10000,1018,9.84,66,304,1.71,0,0,10000,1018,9.84,66,304,1.71,0,0,10000,1018,9.84,66,304,1.71,0,0,10000,1018,9.84,66,304,1.71,0,0,10000,1018,9.84,66,304,1.71,0,0,10000,1018,9.84,66,304,1.71,0,0,10000,1018,9.84,66,304,1.71,0,0,10000
1018,9.84,66,60,2.06,0,0,10000,11,0,16,8,1018,9.88,65,305,2.8,33,0,10000,1018,9.88,65,305,2.8,33,0,10000,1018,9.88,65,305,2.8,33,0,10000,1018,9.88,65,305,2.8,33,0,10000,1018,9.88,65,305,2.8,33,0,10000,1018,9.88,65,305,2.8,33,0,10000,1018,9.88,65,305,2.8,33,0,10000,1018,9.88,65,305,2.8,33,0,10000,1018,9.88,65,305,2.8,33,0,10000,1018,9.88,65,305,2.8,33,0,10000,1018,9.88,65,305,2.8,33,0,10000,1018,9.88,65,305,2.8,33,0,10000
1018,9.84,66,60,2.06,0,0,10000,14,0,16,8,1017,10.13,64,323,3.19,55,0,10000,1017,10.13,64,323,3.19,55,0,10000,1017,10.13,64,323,3.19,55,0,10000,1017,10.13,64,323,3.19,55,0,10000,1017,10.13,64,323,3.19,55,0,10000,1017,10.13,64,323,3.19,55,0,10000,1017,10.13,64,323,3.19,55,0,10000,1017,10.13,64,323,3.19,55,0,10000,1017,10.13,64,323,3.19,55,0,10000,1017,10.13,64,323,3.19,55,0,10000,1017,10.13,64,323,3.19,55,0,10000,1017,10.13,64,323,3.19,55,0,10000
1018,9.84,66,60,2.06,0,0,10000,17,0,16,8,1015,8.86,75,21,3.04,61,0,10000,1015,8.86,75,21,3.04,61,0,10000,1015,8.86,75,21,3.04,61,0,10000,1015,8.86,75,21,3.04,61,0,10000,1015,8.86,75,21,3.04,61,0,10000,1015,8.86,75,21,3.04,61,0,10000,1015,8.86,75,21,3.04,61,0,10000,1015,8.86,75,21,3.04,61,0,10000,1015,8.86,75,21,3.04,61,0,10000,1015,8.86,75,21,3.04,61,0,10000,1015,8.86,75,21,3.04,61,0,10000,1015,8.86,75,21,3.04,61,0,10000
1018,9.84,66,60,2.06,0,0,10000,20,0,16,8,1015,6.65,78,14,0.82,67,0,10000,1015,6.65,78,14,0.82,67,0,10000,1015,6.65,78,14,0.82,67,0,10000,1015,6.65,78,14,0.82,67,0,10000,1015,6.65,78,14,0.82,67,0,10000,1015,6.65,78,14,0.82,67,0,10000,1015,6.65,78,14,0.82,67,0,10000,1015,6.65,78,14,0.82,67,0,10000,1015,6.65,78,14,0.82,67,0,10000,1015,6.65,78,14,0.82,67,0,10000,1015,6.65,78,14,0.82,67,0,10000,1015,6.65,78,14,0.82,67,0,10000
1018,9.84,66,60,2.06,0,0,10000,23,0,16,8,1014,6.33,79,158,1.22,64,0,10000,1014,6.33,79,158,1.22,64,0,10000,1014,6.33,79,158,1.22,64,0,10000,1014,6.33,79,158,1.22,64,0,10000,1014,6.33,79,158,1.22,64,0,10000,1014,6.33,79,158,1.22,64,0,10000,1014,6.33,79,158,1.22,64,0,10000,1014,6.33,79,158,1.22,64,0,10000,1014,6.33,79,158,1.22,64,0,10000,1014,6.33,79,158,1.22,64,0,10000,1014,6.33,79,158,1.22,64,0,10000,1014,6.33,79,158,1.22,64,0,10000
1018,9.84,66,60,2.06,0,0,10000,2,0,17,8,1011,6.52,77,180,2.05,98,0,10000,1011,6.52,77,180,2.05,98,0,10000,1011,6.52,77,180,2.05,98,0,10000,1011,6.52,77,180,2.05,98,0,10000,1011,6.52,77,180,2.05,98,0,10000,1011,6.52,77,180,2.05,98,0,10000,1011,6.52,77,180,2.05,98,0,10000,1011,6.52,77,180,2.05,98,0,10000,1011,6.52,77,180,2.05,98,0,10000,1011,6.52,77,180,2.05,98,0,10000,1011,6.52,77,180,2.05,98,0,10000,1011,6.52,77,180,2.05,98,0,10000
1018,9.84,66,60,2.06,0,0,10000,5,0,17,8,1010,6.8,81,195,3.12,99,0,10000,1010,6.8,81,195,3.12,99,0,10000,1010,6.8,81,195,3.12,99,0,10000,1010,6.8,81,195,3.12,99,0,10000,1010,6.8,81,195,3.12,99,0,10000,1010,6.8,81,195,3.12,99,0,10000,1010,6.8,81,195,3.12,99,0,10000,1010,6.8,81,195,3.12,99,0,10000,1010,6.8,81,195,3.12,99,0,10000,1010,6.8,81,195,3.12,99,0,10000,1010,6.8,81,195,3.12,99,0,10000,1010,6.8,81,195,3.12,99,0,10000
1018,9.84,66,60,2.06,0,0,10000,8,0,17,8,1018,9.84,66,304,1.71,0,0,10000,1018,9.84,66,304,1.71,0,0,10000,1018,9.84,66,304,1.71,0,0,10000,1018,9.84,66,304,1.71,0,0,10000,1018,9.84,66,304,1.71,0,0,10000,1018,9.84,66,304,1.71,0,0,10000,1018,9.84,66,304,1.71,0,0,10000,1018,9.84,66,304,1.71,0,0,10000,1018,9.84,66,304,1.71,0,0,10000,1018,9.84,66,304,1.71,0,0,10000,1018,9.84,66,304,1.71,0,0,10000,1018,9.84,66,304,1.71,0,0,10000
1018,9.84,66,60,2.06,0,0,10000,11,0,17,8,1018,9.88,65,305,2.8,33,0,10000,1018,9.88,65,305,2.8,33,0,10000,1018,9.88,65,305,2.8,33,0,10000,1018,9.88,65,305,2.8,33,0,10000,1018,9.88,65,305,2.8,33,0,10000,1018,9.88,65,305,2.8,33,0,10000,1018,9.88,65,305,2.8,33,0,10000,1018,9.88,65,305,2.8,33,0,10000,1018,9.88,65,305,2.8,33,0,10000,1018,9.88,65,305,2.8,33,0,10000,1018,9.88,65,305,2.8,33,0,10000,1018,9.88,65,305,2.8,33,0,10000
1018,9.84,66,60,2.06,0,0,10000,14,0,17,8,1017,10.13,64,323,3.19,55,0,10000,1017,10.13,64,323,3.19,55,0,10000,1017,10.13,64,323,3.19,55,0,10000,1017,10.13,64,323,3.19,55,0,10000,1017,10.13,64,323,3.19,55,0,10000,1017,10.13,64,323,3.19,55,0,10000,1017,10.13,64,323,3.19,55,0,10000,1017,10.13,64,323,3.19,55,0,10000,1017,10.13,64,323,3.19,55,0,10000,1017,10.13,64,323,3.19,55,0,10000,1017,10.13,64,323,3.19,55,0,10000,1017,10.13,64,323,3.19,55,0,10000
1018,9.84,66,60,2.06,0,0,10000,17,0,17,8,1015,8.86,75,21,3.04,61,0,10000,1015,8.86,75,21,3.04,61,0,10000,1015,8.86,75,21,3.04,61,0,10000,1015,8.86,75,21,3.04,61,0,10000,1015,8.86,75,21,3.04,61,0,10000,1015,8.86,75,21,3.04,61,0,10000,1015,8.86,75,21,3.04,61,0,10000,1015,8.86,75,21,3.04,61,0,10000,1015,8.86,75,21,3.04,61,0,10000,1015,8.86,75,21,3.04,61,0,10000,1015,8.86,75,21,3.04,61,0,10000,1015,8.86,75,21,3.04,61,0,10000
1018,9.84,66,60,2.06,0,0,10000,20,0,17,8,1015,6.65,78,14,0.82,67,0,10000,1015,6.65,78,14,0.82,67,0,10000,1015,6.65,78,14,0.82,67,0,10000,1015,6.65,78,14,0.82,67,0,10000,1015,6.65,78,14,0.82,67,0,10000,1015,6.65,78,14,0.82,67,0,10000,1015,6.65,78,14,0.82,67,0,10000,1015,6.65,78,14,0.82,67,0,10000,1015,6.65,78,14,0.82,67,0,10000,1015,6.65,78,14,0.82,67,0,10000,1015,6.65,78,14,0.82,67,0,10000,1015,6.65,78,14,0.82,67,0,10000
1018,9.84,66,60,2.06,0,0,10000,23,0,17,8,1014,6.33,79,158,1.22,64,0,10000,1014,6.33,79,158,1.22,64,0,10000,1014,6.33,79,158,1.22,64,0,10000,1014,6.33,79,158,1.22,64,0,10000,1014,6.33,79,158,1.22,64,0,10000,1014,6.33,79,158,1.22,64,0,10000,1014,6.33,79,158,1.22,64,0,10000,1014,6.33,79,158,1.22,64,0,10000,1014,6.33,79,158,1.22,64,0,10000,1014,6.33,79,158,1.22,64,0,10000,1014,6.33,79,158,1.22,64,0,10000,1014,6.33,79,158,1.22,64,0,10000
1018,9.84,66,60,2.06,0,0,10000,2,0,18,8,1011,6.52,77,180,2.05,98,0,10000,1011,6.52,77,180,2.05,98,0,10000,1011,6.52,77,180,2.05,98,0,10000,1011,6.52,77,180,2.05,98,0,10000,1011,6.52,77,180,2.05,98,0,10000,1011,6.52,77,180,2.05,98,0,10000,1011,6.52,77,180,2.05,98,0,10000,1011,6.52,77,180,2.05,98,0,10000,1011,6.52,77,180,2.05,98,0,10000,1011,6.52,77,180,2.05,98,0,10000,1011,6.52,77,180,2.05,98,0,10000,1011,6.52,77,180,2.05,98,0,10000
1018,9.84,66,60,2.06,0,0,10000,5,0,18,8,1010,6.8,81,195,3.12,99,0,10000,1010,6.8,81,195,3.12,99,0,10000,1010,6.8,81,195,3.12,99,0,10000,1010,6.8,81,195,3.12,99,0,10000,1010,6.8,81,195,3.12,99,0,10000,1010,6.8,81,195,3.12,99,0,10000,1010,6.8,81,195,3.12,99,0,10000,1010,6.8,81,195,3.12,99,0,10000,1010,6.8,81,195,3.12,99,0,10000,1010,6.8,81,195,3.12,99,0,10000,1010,6.8,81,195,3.12,99,0,10000,1010,6.8,81,195,3.12,99,0,10000
1018,9.84,66,60,2.06,0,0,10000,8,0,18,8,1018,9.84,66,304,1.71,0,0,10000,1018,9.84,66,304,1.71,0,0,10000,1018,9.84,66,304,1.71,0,0,10000,1018,9.84,66,304,1.71,0,0,10000,1018,9.84,66,304,1.71,0,0,10000,1018,9.84,66,304,1.71,0,0,10000,1018,9.84,66,304,1.71,0,0,10000,1018,9.84,66,304,1.71,0,0,10000,1018,9.84,66,304,1.71,0,0,10000,1018,9.84,66,304,1.71,0,0,10000,1018,9.84,66,304,1.71,0,0,10000,1018,9.84,66,304,1.71,0,0,10000
1018,9.84,66,60,2.06,0,0,10000,11,0,18,8,1018,9.88,65,305,2.8,33,0,10000,1018,9.88,65,305,2.8,33,0,10000,1018,9.88,65,305,2.8,33,0,10000,1018,9.88,65,305,2.8,33,0,10000,1018,9.88,65,305,2.8,33,0,10000,1018,9.88,65,305,2.8,33,0,10000,1018,9.88,65,305,2.8,33,0,10000,1018,9.88,65,305,2.8,33,0,10000,1018,9.88,65,305,2.8,33,0,10000,1018,9.88,65,305,2.8,33,0,10000,1018,9.88,65,305,2.8,33,0,10000,1018,9.88,65,305,2.8,33,0,10000
1018,9.84,66,60,2.06,0,0,10000,14,0,18,8,1017,10.13,64,323,3.19,55,0,10000,1017,10.13,64,323,3.19,55,0,10000,1017,10.13,64,323,3.19,55,0,10000,1017,10.13,64,323,3.19,55,0,10000,1017,10.13,64,323,3.19,55,0,10000,1017,10.13,64,323,3.19,55,0,10000,1017,10.13,64,323,3.19,55,0,10000,1017,10.13,64,323,3.19,55,0,10000,1017,10.13,64,323,3.19,55,0,10000,1017,10.13,64,323,3.19,55,0,10000,1017,10.13,64,323,3.19,55,0,10000,1017,10.13,64,323,3.19,55,0,10000
1018,9.84,66,60,2.06,0,0,10000,17,0,18,8,1015,8.86,75,21,3.04,61,0,10000,1015,8.86,75,21,3.04,61,0,10000,1015,8.86,75,21,3.04,61,0,10000,1015,8.86,75,21,3.04,61,0,10000,1015,8.86,75,21,3.04,61,0,10000,1015,8.86,75,21,3.04,61,0,10000,1015,8.86,75,21,3.04,61,0,10000,1015,8.86,75,21,3.04,61,0,10000,1015,8.86,75,21,3.04,61,0,10000,1015,8.86,75,21,3.04,61,0,10000,1015,8.86,75,21,3.04,61,0,10000,1015,8.86,75,21,3.04,61,0,10000
1018,9.84,66,60,2.06,0,0,10000,20,0,18,8,1015,6.65,78,14,0.82,67,0,10000,1015,6.65,78,14,0.82,67,0,10000,1015,6.65,78,14,0.82,67,0,10000,1015,6.65,78,14,0.82,67,0,10000,1015,6.65,78,14,0.82,67,0,10000,1015,6.65,78,14,0.82,67,0,10000,1015,6.65,78,14,0.82,67,0,10000,1015,6.65,78,14,0.82,67,0,10000,1015,6.65,78,14,0.82,67,0,10000,1015,6.65,78,14,0.82,67,0,10000,1015,6.65,78,14,0.82,67,0,10000,1015,6.65,78,14,0.82,67,0,10000
1018,9.84,66,60,2.06,0,0,10000,23,0,18,8,1014,6.33,79,158,1.22,64,0,10000,1014,6.33,79,158,1.22,64,0,10000,1014,6.33,79,158,1.22,64,0,10000,1014,6.33,79,158,1.22,64,0,10000,1014,6.33,79,158,1.22,64,0,10000,1014,6.33,79,158,1.22,64,0,10000,1014,6.33,79,158,1.22,64,0,10000,1014,6.33,79,158,1.22,64,0,10000,1014,6.33,79,158,1.22,64,0,10000,1014,6.33,79,158,1.22,64,0,10000,1014,6.33,79,158,1.22,64,0,10000,1014,6.33,79,158,1.22,64,0,10000
1018,9.84,66,60,2.06,0,0,10000,2,0,19,8,1011,6.52,77,180,2.05,98,0,10000,1011,6.52,77,180,2.05,98,0,10000,1011,6.52,77,180,2.05,98,0,10000,1011,6.52,77,180,2.05,98,0,10000,1011,6.52,77,180,2.05,98,0,10000,1011,6.52,77,180,2.05,98,0,10000,1011,6.52,77,180,2.05,98,0,10000,1011,6.52,77,180,2.05,98,0,10000,1011,6.52,77,180,2.05,98,0,10000,1011,6.52,77,180,2.05,98,0,10000,1011,6.52,77,180,2.05,98,0,10000,1011,6.52,77,180,2.05,98,0,10000
1018,9.84,66,60,2.06,0,0,10000,5,0,19,8,1010,6.8,81,195,3.12,99,0,10000,1010,6.8,81,195,3.12,99,0,10000,1010,6.8,81,195,3.12,99,0,10000,1010,6.8,81,195,3.12,99,0,10000,1010,6.8,81,195,3.12,99,0,10000,1010,6.8,81,195,3.12,99,0,10000,1010,6.8,81,195,3.12,99,0,10000,1010,6.8,81,195,3.12,99,0,10000,1010,6.8,81,195,3.12,99,0,10000,1010,6.8,81,195,3.12,99,0,10000,1010,6.8,81,195,3.12,99,0,10000,1010,6.8,81,195,3.12,99,0,10000
1018,9.84,66,60,2.06,0,0,10000,8,0,19,8,1018,9.84,66,304,1.71,0,0,10000,1018,9.84,66,304,1.71,0,0,10000,1018,9.84,66,304,1.71,0,0,10000,1018,9.84,66,304,1.71,0,0,10000,1018,9.84,66,304,1.71,0,0,10000,1018,9.84,66,304,1.71,0,0,10000,1018,9.84,66,304,1.71,0,0,10000,1018,9.84,66,304,1.71,0,0,10000,1018,9.84,66,304,1.71,0,0,10000,1018,9.84,66,304,1.71,0,0,10000,1018,9.84,66,304,1.71,0,0,10000,1018,9.84,66,304,1.71,0,0,10000
1018,9.84,66,60,2.06,0,0,10000,11,0,19,8,1018,9.88,65,305,2.8,33,0,10000,1018,9.88,65,305,2.8,33,0,10000,1018,9.88,65,305,2.8,33,0,10000,1018,9.88,65,305,2.8,33,0,10000,1018,9.88,65,305,2.8,33,0,10000,1018,9.88,65,305,2.8,33,0,10000,1018,9.88,65,305,2.8,33,0,10000,1018,9.88,65,305,2.8,33,0,10000,1018,9.88,65,305,2.8,33,0,10000,1018,9.88,65,305,2.8,33,0,10000,1018,9.88,65,305,2.8,33,0,10000,1018,9.88,65,305,2.8,33,0,10000
1018,9.84,66,60,2.06,0,0,10000,14,0,19,8,1017,10.13,64,323,3.19,55,0,10000,1017,10.13,64,323,3.19,55,0,10000,1017,10.13,64,323,3.19,55,0,10000,1017,10.13,64,323,3.19,55,0,10000,1017,10.13,64,323,3.19,55,0,10000,1017,10.13,64,323,3.19,55,0,10000,1017,10.13,64,323,3.19,55,0,10000,1017,10.13,64,323,3.19,55,0,10000,1017,10.13,64,323,3.19,55,0,10000,1017,10.13,64,323,3.19,55,0,10000,1017,10.13,64,323,3.19,55,0,10000,1017,10.13,64,323,3.19,55,0,10000
1018,9.84,66,60,2.06,0,0,10000,17,0,19,8,1015,8.86,75,21,3.04,61,0,10000,1015,8.86,75,21,3.04,61,0,10000,1015,8.86,75,21,3.04,61,0,10000,1015,8.86,75,21,3.04,61,0,10000,1015,8.86,75,21,3.04,61,0,10000,1015,8.86,75,21,3.04,61,0,10000,1015,8.86,75,21,3.04,61,0,10000,1015,8.86,75,21,3.04,61,0,10000,1015,8.86,75,21,3.04,61,0,10000,1015,8.86,75,21,3.04,61,0,10000,1015,8.86,75,21,3.04,61,0,10000,1015,8.86,75,21,3.04,61,0,10000
1018,9.84,66,60,2.06,0,0,10000,20,0,19,8,1015,6.65,78,14,0.82,67,0,10000,1015,6.65,78,14,0.82,67,0,10000,1015,6.65,78,14,0.82,67,0,10000,1015,6.65,78,14,0.82,67,0,10000,1015,6.65,78,14,0.82,67,0,10000,1015,6.65,78,14,0.82,67,0,10000,1015,6.65,78,14,0.82,67,0,10000,1015,6.65,78,14,0.82,67,0,10000,1015,6.65,78,14,0.82,67,0,10000,1015,6.65,78,14,0.82,67,0,10000,1015,6.65,78,14,0.82,67,0,10000,1015,6.65,78,14,0.82,67,0,10000
1018,9.84,66,60,2.06,0,0,10000,23,0,19,8,1014,6.33,79,158,1.22,64,0,10000,1014,6.33,79,158,1.22,64,0,10000,1014,6.33,79,158,1.22,64,0,10000,1014,6.33,79,158,1.22,64,0,10000,1014,6.33,79,158,1.22,64,0,10000,1014,6.33,79,158,1.22,64,0,10000,1014,6.33,79,158,1.22,64,0,10000,1014,6.33,79,158,1.22,64,0,10000,1014,6.33,79,158,1.22,64,0,10000,1014,6.33,79,158,1.22,64,0,10000,1014,6.33,79,158,1.22,64,0,10000,1014,6.33,79,158,1.22,64,0,10000
1018,9.84,66,60,2.06,0,0,10000,2,0,20,8,1011,6.52,77,180,2.05,98,0,10000,1011,6.52,77,180,2.05,98,0,10000,1011,6.52,77,180,2.05,98,0,10000,1011,6.52,77,180,2.05,98,0,10000,1011,6.52,77,180,2.05,98,0,10000,1011,6.52,77,180,2.05,98,0,10000,1011,6.52,77,180,2.05,98,0,10000,1011,6.52,77,180,2.05,98,0,10000,1011,6.52,77,180,2.05,98,0,10000,1011,6.52,77,180,2.05,98,0,10000,1011,6.52,77,180,2.05,98,0,10000,1011,6.52,77,180,2.05,98,0,10000
1018,9.84,66,60,2.06,0,0,10000,5,0,20,8,1010,6.8,81,195,3.12,99,0,10000,1010,6.8,81,195,3.12,99,0,10000,1010,6.8,81,195,3.12,99,0,10000,1010,6.8,81,195,3.12,99,0,10000,1010,6.8,81,195,3.12,99,0,10000,1010,6.8,81,195,3.12,99,0,10000,1010,6.8,81,195,3.12,99,0,10000,1010,6.8,81,195,3.12,99,0,10000,1010,6.8,81,195,3.12,99,0,10000,1010,6.8,81,195,3.12,99,0,10000,1010,6.8,81,195,3.12,99,0,10000,1010,6.8,81,195,3.12,99,0,10000
1018,9.84,66,60,2.06,0,0,10000,8,0,20,8,1018,9.84,66,304,1.71,0,0,10000,1018,9.84,66,304,1.71,0,0,10000,1018,9.84,66,304,1.71,0,0,10000,1018,9.84,66,304,1.71,0,0,10000,1018,9.84,66,304,1.71,0,0,10000,1018,9.84,66,304,1.71,0,0,10000,1018,9.84,66,304,1.71,0,0,10000,1018,9.84,66,304,1.71,0,0,10000,1018,9.84,66,304,1.71,0,0,10000,1018,9.84,66,304,1.71,0,0,10000,1018,9.84,66,304,1.71,0,0,10000,1018,9.84,66,304,1.71,0,0,10000
1018,9.84,66,60,2.06,0,0,10000,11,0,20,8,1018,9.88,65,305,2.8,33,0,10000,1018,9.88,65,305,2.8,33,0,10000,1018,9.88,65,305,2.8,33,0,10000,1018,9.88,65,305,2.8,33,0,10000,1018,9.88,65,305,2.8,33,0,10000,1018,9.88,65,305,2.8,33,0,10000,1018,9.88,65,305,2.8,33,0,10000,1018,9.88,65,305,2.8,33,0,10000,1018,9.88,65,305,2.8,33,0,10000,1018,9.88,65,305,2.8,33,0,10000,1018,9.88,65,305,2.8,33,0,10000,1018,9.88,65,305,2.8,33,0,10000
1018,9.84,66,60,2.06,0,0,10000,14,0,20,8,1017,10.13,64,323,3.19,55,0,10000,1017,10.13,64,323,3.19,55,0,10000,1017,10.13,64,323,3.19,55,0,10000,1017,10.13,64,323,3.19,55,0,10000,1017,10.13,64,323,3.19,55,0,10000,1017,10.13,64,323,3.19,55,0,10000,1017,10.13,64,323,3.19,55,0,10000,1017,10.13,64,323,3.19,55,0,10000,1017,10.13,64,323,3.19,55,0,10000,1017,10.13,64,323,3.19,55,0,10000,1017,10.13,64,323,3.19,55,0,10000,1017,10.13,64,323,3.19,55,0,10000
1018,9.84,66,60,2.06,0,0,10000,17,0,20,8,1015,8.86,75,21,3.04,61,0,10000,1015,8.86,75,21,3.04,61,0,10000,1015,8.86,75,21,3.04,61,0,10000,1015,8.86,75,21,3.04,61,0,10000,1015,8.86,75,21,3.04,61,0,10000,1015,8.86,75,21,3.04,61,0,10000,1015,8.86,75,21,3.04,61,0,10000,1015,8.86,75,21,3.04,61,0,10000,1015,8.86,75,21,3.04,61,0,10000,1015,8.86,75,21,3.04,61,0,10000,1015,8.86,75,21,3.04,61,0,10000,1015,8.86,75,21,3.04,61,0,10000
1018,9.84,66,60,2.06,0,0,10000,20,0,20,8,1015,6.65,78,14,0.82,67,0,10000,1015,6.65,78,14,0.82,67,0,10000,1015,6.65,78,14,0.82,67,0,10000,1015,6.65,78,14,0.82,67,0,10000,1015,6.65,78,14,0.82,67,0,10000,1015,6.65,78,14,0.82,67,0,10000,1015,6.65,78,14,0.82,67,0,10000,1015,6.65,78,14,0.82,67,0,10000,1015,6.65,78,14,0.82,67,0,10000,1015,6.65,78,14,0.82,67,0,10000,1015,6.65,78,14,0.82,67,0,10000,1015,6.65,78,14,0.82,67,0,10000
1018,9.84,66,60,2.06,0,0,10000,23,0,20,8,1014,6.33,79,158,1.22,64,0,10000,1014,6.33,79,158,1.22,64,0,10000,1014,6.33,79,158,1.22,64,0,10000,1014,6.33,79,158,1.22,64,0,10000,1014,6.33,79,158,1.22,64,0,10000,1014,6.33,79,158,1.22,64,0,10000,1014,6.33,79,158,1.22,64,0,10000,1014,6.33,79,158,1.22,64,0,10000,1014,6.33,79,158,1.22,64,0,10000,1014,6.33,79,158,1.22,64,0,10000,1014,6.33,79,158,1.22,64,0,10000,1014,6.33,79,158,1.22,64,0,10000
1018,9.84,66,60,2.06,0,0,10000,2,0,21,8,1011,6.52,77,180,2.05,98,0,10000,1011,6.52,77,180,2.05,98,0,10000,1011,6.52,77,180,2.05,98,0,10000,1011,6.52,77,180,2.05,98,0,10000,1011,6.52,77,180,2.05,98,0,10000,1011,6.52,77,180,2.05,98,0,10000,1011,6.52,77,180,2.05,98,0,10000,1011,6.52,77,180,2.05,98,0,10000,1011,6.52,77,180,2.05,98,0,10000,1011,6.52,77,180,2.05,98,0,10000,1011,6.52,77,180,2.05,98,0,10000,1011,6.52,77,180,2.05,98,0,10000
1018,9.84,66,60,2.06,0,0,10000,5,0,21,8,1010,6.8,81,195,3.12,99,0,10000,1010,6.8,81,195,3.12,99,0,10000,1010,6.8,81,195,3.12,99,0,10000,1010,6.8,81,195,3.12,99,0,10000,1010,6.8,81,195,3.12,99,0,10000,1010,6.8,81,195,3.12,99,0,10000,1010,6.8,81,195,3.12,99,0,10000,1010,6.8,81,195,3.12,99,0,10000,1010,6.8,81,195,3.12,99,0,10000,1010,6.8,81,195,3.12,99,0,10000,1010,6.8,81,195,3.12,99,0,10000,1010,6.8,81,195,3.12,99,0,10000
1018,9.84,66,60,2.06,0,0,10000,8,0,21,8,1018,9.84,66,304,1.71,0,0,10000,1018,9.84,66,304,1.71,0,0,10000,1018,9.84,66,304,1.71,0,0,10000,1018,9.84,66,304,1.71,0,0,10000,1018,9.84,66,304,1.71,0,0,10000,1018,9.84,66,304,1.71,0,0,10000,1018,9.84,66,304,1.71,0,0,10000,1018,9.84,66,304,1.71,0,0,10000,1018,9.84,66,304,1.71,0,0,10000,1018,9.84,66,304,1.71,0,0,10000,1018,9.84,66,304,1.71,0,0,10000,1018,9.84,66,304,1.71,0,0,10000
1018,9.84,66,60,2.06,0,0,10000,11,0,21,8,1018,9.88,65,305,2.8,33,0,10000,1018,9.88,65,305,2.8,33,0,10000,1018,9.88,65,305,2.8,33,0,10000,1018,9.88,65,305,2.8,33,0,10000,1018,9.88,65,305,2.8,33,0,10000,1018,9.88,65,305,2.8,33,0,10000,1018,9.88,65,305,2.8,33,0,10000,1018,9.88,65,305,2.8,33,0,10000,1018,9.88,65,305,2.8,33,0,10000,1018,9.88,65,305,2.8,33,0,10000,1018,9.88,65,305,2.8,33,0,10000,1018,9.88,65,305,2.8,33,0,10000
1018,9.84,66,60,2.06,0,0,10000,14,0,21,8,1017,10.13,64,323,3.19,55,0,10000,1017,10.13,64,323,3.19,55,0,10000,1017,10.13,64,323,3.19,55,0,10000,1017,10.13,64,323,3.19,55,0,10000,1017,10.13,64,323,3.19,55,0,10000,1017,10.13,64,323,3.19,55,0,10000,1017,10.13,64,323,3.19,55,0,10000,1017,10.13,64,323,3.19,55,0,10000,1017,10.13,64,323,3.19,55,0,10000,1017,10.13,64,323,3.19,55,0,10000,1017,10.13,64,323,3.19,55,0,10000,1017,10.13,64,323,3.19,55,0,10000
1018,9.84,66,60,2.06,0,0,10000,17,0,21,8,1015,8.86,75,21,3.04,61,0,10000,1015,8.86,75,21,3.04,61,0,10000,1015,8.86,75,21,3.04,61,0,10000,1015,8.86,75,21,3.04,61,0,10000,1015,8.86,75,21,3.04,61,0,10000,1015,8.86,75,21,3.04,61,0,10000,1015,8.86,75,21,3.04,61,0,10000,1015,8.86,75,21,3.04,61,0,10000,1015,8.86,75,21,3.04,61,0,10000,1015,8.86,75,21,3.04,61,0,10000,1015,8.86,75,21,3.04,61,0,10000,1015,8.86,75,21,3.04,61,0,10000
1018,9.84,66,60,2.06,0,0,10000,20,0,21,8,1015,6.65,78,14,0.82,67,0,10000,1015,6.65,78,14,0.82,67,0,10000,1015,6.65,78,14,0.82,67,0,10000,1015,6.65,78,14,0.82,67,0,10000,1015,6.65,78,14,0.82,67,0,10000,1015,6.65,78,14,0.82,67,0,10000,1015,6.65,78,14,0.82,67,0,10000,1015,6.65,78,14,0.82,67,0,10000,1015,6.65,78,14,0.82,67,0,10000,1015,6.65,78,14,0.82,67,0,10000,1015,6.65,78,14,0.82,67,0,10000,1015,6.65,78,14,0.82,67,0,10000
1018,9.84,66,60,2.06,0,0,10000,23,0,21,8,1014,6.33,79,158,1.22,64,0,10000,1014,6.33,79,158,1.22,64,0,10000,1014,6.33,79,158,1.22,64,0,10000,1014,6.33,79,158,1.22,64,0,10000,1014,6.33,79,158,1.22,64,0,10000,1014,6.33,79,158,1.22,64,0,10000,1014,6.33,79,158,1.22,64,0,10000,1014,6.33,79,158,1.22,64,0,10000,1014,6.33,79,158,1.22,64,0,10000,1014,6.33,79,158,1.22,64,0,10000,1014,6.33,79,158,1.22,64,0,10000,1014,6.33,79,158,1.22,64,0,10000
1018,9.84,66,60,2.06,0,0,10000,2,0,22,8,1011,6.52,77,180,2.05,98,0,10000,1011,6.52,77,180,2.05,98,0,10000,1011,6.52,77,180,2.05,98,0,10000,1011,6.52,77,180,2.05,98,0,10000,1011,6.52,77,180,2.05,98,0,10000,1011,6.52,77,180,2.05,98,0,10000,1011,6.52,77,180,2.05,98,0,10000,1011,6.52,77,180,2.05,98,0,10000,1011,6.52,77,180,2.05,98,0,10000,1011,6.52,77,180,2.05,98,0,10000,1011,6.52,77,180,2.05,98,0,10000,1011,6.52,77,180,2.05,98,0,10000
1018,9.84,66,60,2.06,0,0,10000,5,0,22,8,1010,6.8,81,195,3.12,99,0,10000,1010,6.8,81,195,3.12,99,0,10000,1010,6.8,81,195,3.12,99,0,10000,1010,6.8,81,195,3.12,99,0,10000,1010,6.8,81,195,3.12,99,0,10000,1010,6.8,81,195,3.12,99,0,10000,1010,6.8,81,195,3.12,99,0,10000,1010,6.8,81,195,3.12,99,0,10000,1010,6.8,81,195,3.12,99,0,10000,1010,6.8,81,195,3.12,99,0,10000,1010,6.8,81,195,3.12,99,0,10000,1010,6.8,81,195,3.12,99,0,10000
1018,9.84,66,60,2.06,0,0,10000,8,0,22,8,1018,9.84,66,304,1.71,0,0,10000,1018,9.84,66,304,1.71,0,0,10000,1018,9.84,66,304,1.71,0,0,10000,1018,9.84,66,304,1.71,0,0,10000,1018,9.84,66,304,1.71,0,0,10000,1018,9.84,66,304,1.71,0,0,10000,1018,9.84,66,304,1.71,0,0,10000,1018,9.84,66,304,1.71,0,0,10000,1018,9.84,66,304,1.71,0,0,10000,1018,9.84,66,304,1.71,0,0,10000,1018,9.84,66,304,1.71,0,0,10000,1018,9.84,66,304,1.71,0,0,10000
1018,9.84,66,60,2.06,0,0,10000,11,0,22,8,1018,9.88,65,305,2.8,33,0,10000,1018,9.88,65,305,2.8,33,0,10000,1018,9.88,65,305,2.8,33,0,10000,1018,9.88,65,305,2.8,33,0,10000,1018,9.88,65,305,2.8,33,0,10000,1018,9.88,65,305,2.8,33,0,10000,1018,9.88,65,305,2.8,33,0,10000,1018,9.88,65,305,2.8,33,0,10000,1018,9.88,65,305,2.8,33,0,10000,1018,9.88,65,305,2.8,33,0,10000,1018,9.88,65,305,2.8,33,0,10000,1018,9.88,65,305,2.8,33,0,10000
1018,9.84,66,60,2.06,0,0,10000,14,0,22,8,1017,10.13,64,323,3.19,55,0,10000,1017,10.13,64,323,3.19,55,0,10000,1017,10.13,64,323,3.19,55,0,10000,1017,10.13,64,323,3.19,55,0,10000,1017,10.13,64,323,3.19,55,0,10000,1017,10.13,64,323,3.19,55,0,10000,1017,10.13,64,323,3.19,55,0,10000,1017,10.13,64,323,3.19,55,0,10000,1017,10.13,64,323,3.19,55,0,10000,1017,10.13,64,323,3.19,55,0,10000,1017,10.13,64,323,3.19,55,0,10000,1017,10.13,64,323,3.19,55,0,10000
1018,9.84,66,60,2.06,0,0,10000,17,0,22,8,1015,8.86,75,21,3.04,61,0,10000,1015,8.86,75,21,3.04,61,0,10000,1015,8.86,75,21,3.04,61,0,10000,1015,8.86,75,21,3.04,61,0,10000,1015,8.86,75,21,3.04,61,0,10000,1015,8.86,75,21,3.04,61,0,10000,1015,8.86,75,21,3.04,61,0,10000,1015,8.86,75,21,3.04,61,0,10000,1015,8.86,75,21,3.04,61,0,10000,1015,8.86,75,21,3.04,61,0,10000,1015,8.86,75,21,3.04,61,0,10000,1015,8.86,75,21,3.04,61,0,10000
1018,9.84,66,60,2.06,0,0,10000,20,0,22,8,1015,6.65,78,14,0.82,67,0,10000,1015,6.65,78,14,0.82,67,0,10000,1015,6.65,78,14,0.82,67,0,10000,1015,6.65,78,14,0.82,67,0,10000,1015,6.65,78,14,0.82,67,0,10000,1015,6.65,78,14,0.82,67,0,10000,1015,6.65,78,14,0.82,67,0,10000,1015,6.65,78,14,0.82,67,0,10000,1015,6.65,78,14,0.82,67,0,10000,1015,6.65,78,14,0.82,67,0,10000,1015,6.65,78,14,0.82,67,0,10000,1015,6.65,78,14,0.82,67,0,10000
1018,9.84,66,60,2.06,0,0,10000,23,0,22,8,1014,6.33,79,158,1.22,64,0,10000,1014,6.33,79,158,1.22,64,0,10000,1014,6.33,79,158,1.22,64,0,10000,1014,6.33,79,158,1.22,64,0,10000,1014,6.33,79,158,1.22,64,0,10000,1014,6.33,79,158,1.22,64,0,10000,1014,6.33,79,158,1.22,64,0,10000,1014,6.33,79,158,1.22,64,0,10000,1014,6.33,79,158,1.22,64,0,10000,1014,6.33,79,158,1.22,64,0,10000,1014,6.33,79,158,1.22,64,0,10000,1014,6.33,79,158,1.22,64,0,10000
1018,9.84,66,60,2.06,0,0,10000,2,0,23,8,1011,6.52,77,180,2.05,98,0,10000,1011,6.52,77,180,2.05,98,0,10000,1011,6.52,77,180,2.05,98,0,10000,1011,6.52,77,180,2.05,98,0,10000,1011,6.52,77,180,2.05,98,0,10000,1011,6.52,77,180,2.05,98,0,10000,1011,6.52,77,180,2.05,98,0,10000,1011,6.52,77,180,2.05,98,0,10000,1011,6.52,77,180,2.05,98,0,10000,1011,6.52,77,180,2.05,98,0,10000,1011,6.52,77,180,2.05,98,0,10000,1011,6.52,77,180,2.05,98,0,10000
1018,9.84,66,60,2.06,0,0,10000,5,0,23,8,1010,6.8,81,195,3.12,99,0,10000,1010,6.8,81,195,3.12,99,0,10000,1010,6.8,81,195,3.12,99,0,10000,1010,6.8,81,195,3.12,99,0,10000,1010,6.8,81,195,3.12,99,0,10000,1010,6.8,81,195,3.12,99,0,10000,1010,6.8,81,195,3.12,99,0,10000,1010,6.8,81,195,3.12,99,0,10000,1010,6.8,81,195,3.12,99,0,10000,1010,6.8,81,195,3.12,99,0,10000,1010,6.8,81,195,3.12,99,0,10000,1010,6.8,81,195,3.12,99,0,10000
1018,9.84,66,60,2.06,0,0,10000,8,0,23,8,1018,9.84,66,304,1.71,0,0,10000,1018,9.84,66,304,1.71,0,0,10000,1018,9.84,66,304,1.71,0,0,10000,1018,9.84,66,304,1.71,0,0,10000,1018,9.84,66,304,1.71,0,0,10000,1018,9.84,66,304,1.71,0,0,10000,1018,9.84,66,304,1.71,0,0,10000,1018,9.84,66,304,1.71,0,0,10000,1018,9.84,66,304,1.71,0,0,10000,1018,9.84,66,304,1.71,0,0,10000,1018,9.84,66,304,1.71,0,0,10000,1018,9.84,66,304,1.71,0,0,10000
1018,9.84,66,60,2.06,0,0,10000,11,0,23,8,1018,9.88,65,305,2.8,33,0,10000,1018,9.88,65,305,2.8,33,0,10000,1018,9.88,65,305,2.8,33,0,10000,1018,9.88,65,305,2.8,33,0,10000,1018,9.88,65,305,2.8,33,0,10000,1018,9.88,65,305,2.8,33,0,10000,1018,9.88,65,305,2.8,33,0,10000,1018,9.88,65,305,2.8,33,0,10000,1018,9.88,65,305,2.8,33,0,10000,1018,9.88,65,305,2.8,33,0,10000,1018,9.88,65,305,2.8,33,0,10000,1018,9.88,65,305,2.8,33,0,10000
1018,9.84,66,60,2.06,0,0,10000,14,0,23,8,1017,10.13,64,323,3.19,55,0,10000,1017,10.13,64,323,3.19,55,0,10000,1017,10.13,64,323,3.19,55,0,10000,1017,10.13,64,323,3.19,55,0,10000,1017,10.13,64,323,3.19,55,0,10000,1017,10.13,64,323,3.19,55,0,10000,1017,10.13,64,323,3.19,55,0,10000,1017,10.13,64,323,3.19,55,0,10000,1017,10.13,64,323,3.19,55,0,10000,1017,10.13,64,323,3.19,55,0,10000,1017,10.13,64,323,3.19,55,0,10000,1017,10.13,64,323,3.19,55,0,10000
1018,9.84,66,60,2.06,0,0,10000,17,0,23,8,1015,8.86,75,21,3.04,61,0,10000,1015,8.86,75,21,3.04,61,0,10000,1015,8.86,75,21,3.04,61,0,10000,1015,8.86,75,21,3.04,61,0,10000,1015,8.86,75,21,3.04,61,0,10000,1015,8.86,75,21,3.04,61,0,10000,1015,8.86,75,21,3.04,61,0,10000,1015,8.86,75,21,3.04,61,0,10000,1015,8.86,75,21,3.04,61,0,10000,1015,8.86,75,21,3.04,61,0,10000,1015,8.86,75,21,3.04,61,0,10000,1015,8.86,75,21,3.04,61,0,10000
1018,9.84,66,60,2.06,0,0,10000,20,0,23,8,1015,6.65,78,14,0.82,67,0,10000,1015,6.65,78,14,0.82,67,0,10000,1015,6.65,78,14,0.82,67,0,10000,1015,6.65,78,14,0.82,67,0,10000,1015,6.65,78,14,0.82,67,0,10000,1015,6.65,78,14,0.82,67,0,10000,1015,6.65,78,14,0.82,67,0,10000,1015,6.65,78,14,0.82,67,0,10000,1015,6.65,78,14,0.82,67,0,10000,1015,6.65,78,14,0.82,67,0,10000,1015,6.65,78,14,0.82,67,0,10000,1015,6.65,78,14,0.82,67,0,10000
1018,9.84,66,60,2.06,0,0,10000,23,0,23,8,1014,6.33,79,158,1.22,64,0,10000,1014,6.33,79,158,1.22,64,0,10000,1014,6.33,79,158,1.22,64,0,10000,1014,6.33,79,158,1.22,64,0,10000,1014,6.33,79,158,1.22,64,0,10000,1014,6.33,79,158,1.22,64,0,10000,1014,6.33,79,158,1.22,64,0,10000,1014,6.33,79,158,1.22,64,0,10000,1014,6.33,79,158,1.22,64,0,10000,1014,6.33,79,158,1.22,64,0,10000,1014,6.33,79,158,1.22,64,0,10000,1014,6.33,79,158,1.22,64,0,10000
1018,9.84,66,60,2.06,0,0,10000,2,0,24,8,1011,6.52,77,180,2.05,98,0,10000,1011,6.52,77,180,2.05,98,0,10000,1011,6.52,77,180,2.05,98,0,10000,1011,6.52,77,180,2.05,98,0,10000,1011,6.52,77,180,2.05,98,0,10000,1011,6.52,77,180,2.05,98,0,10000,1011,6.52,77,180,2.05,98,0,10000,1011,6.52,77,180,2.05,98,0,10000,1011,6.52,77,180,2.05,98,0,10000,1011,6.52,77,180,2.05,98,0,10000,1011,6.52,77,180,2.05,98,0,10000,1011,6.52,77,180,2.05,98,0,10000
1018,9.84,66,60,2.06,0,0,10000,5,0,24,8,1010,6.8,81,195,3.12,99,0,10000,1010,6.8,81,195,3.12,99,0,10000,1010,6.8,81,195,3.12,99,0,10000,1010,6.8,81,195,3.12,99,0,10000,1010,6.8,81,195,3.12,99,0,10000,1010,6.8,81,195,3.12,99,0,10000,1010,6.8,81,195,3.12,99,0,10000,1010,6.8,81,195,3.12,99,0,10000,1010,6.8,81,195,3.12,99,0,10000,1010,6.8,81,195,3.12,99,0,10000,1010,6.8,81,195,3.12,99,0,10000,1010,6.8,81,195,3.12,99,0,10000
1018,9.84,66,60,2.06,0,0,10000,8,0,24,8,1018,9.84,66,304,1.71,0,0,10000,1018,9.84,66,304,1.71,0,0,10000,1018,9.84,66,304,1.71,0,0,10000,1018,9.84,66,304,1.71,0,0,10000,1018,9.84,66,304,1.71,0,0,10000,1018,9.84,66,304,1.71,0,0,10000,1018,9.84,66,304,1.71,0,0,10000,1018,9.84,66,304,1.71,0,0,10000,1018,9.84,66,304,1.71,0,0,10000,1018,9.84,66,304,1.71,0,0,10000,1018,9.84,66,304,1.71,0,0,10000,1018,9.84,66,304,1.71,0,0,10000
1018,9.84,66,60,2.06,0,0,10000,11,0,24,8,1018,9.88,65,305,2.8,33,0,10000,1018,9.88,65,305,2.8,33,0,10000,1018,9.88,65,305,2.8,33,0,10000,1018,9.88,65,305,2.8,33,0,10000,1018,9.88,65,305,2.8,33,0,10000,1018,9.88,65,305,2.8,33,0,10000,1018,9.88,65,305,2.8,33,0,10000,1018,9.88,65,305,2.8,33,0,10000,1018,9.88,65,305,2.8,33,0,10000,1018,9.88,65,305,2.8,33,0,10000,1018,9.88,65,305,2.8,33,0,10000,1018,9.88,65,305,2.8,33,0,10000
1018,9.84,66,60,2.06,0,0,10000,14,0,24,8,1017,10.13,64,323,3.19,55,0,10000,1017,10.13,64,323,3.19,55,0,10000,1017,10.13,64,323,3.19,55,0,10000,1017,10.13,64,323,3.19,55,0,10000,1017,10.13,64,323,3.19,55,0,10000,1017,10.13,64,323,3.19,55,0,10000,1017,10.13,64,323,3.19,55,0,10000,1017,10.13,64,323,3.19,55,0,10000,1017,10.13,64,323,3.19,55,0,10000,1017,10.13,64,323,3.19,55,0,10000,1017,10.13,64,323,3.19,55,0,10000,1017,10.13,64,323,3.19,55,0,10000
1018,9.84,66,60,2.06,0,0,10000,17,0,24,8,1015,8.86,75,21,3.04,61,0,10000,1015,8.86,75,21,3.04,61,0,10000,1015,8.86,75,21,3.04,61,0,10000,1015,8.86,75,21,3.04,61,0,10000,1015,8.86,75,21,3.04,61,0,10000,1015,8.86,75,21,3.04,61,0,10000,1015,8.86,75,21,3.04,61,0,10000,1015,8.86,75,21,3.04,61,0,10000,1015,8.86,75,21,3.04,61,0,10000,1015,8.86,75,21,3.04,61,0,10000,1015,8.86,75,21,3.04,61,0,10000,1015,8.86,75,21,3.04,61,0,10000
1018,9.84,66,60,2.06,0,0,10000,20,0,24,8,1015,6.65,78,14,0.82,67,0,10000,1015,6.65,78,14,0.82,67,0,10000,1015,6.65,78,14,0.82,67,0,10000,1015,6.65,78,14,0.82,67,0,10000,1015,6.65,78,14,0.82,67,0,10000,1015,6.65,78,14,0.82,67,0,10000,1015,6.65,78,14,0.82,67,0,10000,1015,6.65,78,14,0.82,67,0,10000,1015,6.65,78,14,0.82,67,0,10000,1015,6.65,78,14,0.82,67,0,10000,1015,6.65,78,14,0.82,67,0,10000,1015,6.65,78,14,0.82,67,0,10000
1018,9.84,66,60,2.06,0,0,10000,23,0,24,8,1014,6.33,79,158,1.22,64,0,10000,1014,6.33,79,158,1.22,64,0,10000,1014,6.33,79,158,1.22,64,0,10000,1014,6.33,79,158,1.22,64,0,10000,1014,6.33,79,158,1.22,64,0,10000,1014,6.33,79,158,1.22,64,0,10000,1014,6.33,79,158,1.22,64,0,10000,1014,6.33,79,158,1.22,64,0,10000,1014,6.33,79,158,1.22,64,0,10000,1014,6.33,79,158,1.22,64,0,10000,1014,6.33,79,158,1.22,64,0,10000,1014,6.33,79,158,1.22,64,0,10000
1018,9.84,66,60,2.06,0,0,10000,2,0,25,8,1011,6.52,77,180,2.05,98,0,10000,1011,6.52,77,180,2.05,98,0,10000,1011,6.52,77,180,2.05,98,0,10000,1011,6.52,77,180,2.05,98,0,10000,1011,6.52,77,180,2.05,98,0,10000,1011,6.52,77,180,2.05,98,0,10000,1011,6.52,77,180,2.05,98,0,10000,1011,6.52,77,180,2.05,98,0,10000,1011,6.52,77,180,2.05,98,0,10000,1011,6.52,77,180,2.05,98,0,10000,1011,6.52,77,180,2.05,98,0,10000,1011,6.52,77,180,2.05,98,0,10000
1018,9.84,66,60,2.06,0,0,10000,5,0,25,8,1010,6.8,81,195,3.12,99,0,10000,1010,6.8,81,195,3.12,99,0,10000,1010,6.8,81,195,3.12,99,0,10000,1010,6.8,81,195,3.12,99,0,10000,1010,6.8,81,195,3.12,99,0,10000,1010,6.8,81,195,3.12,99,0,10000,1010,6.8,81,195,3.12,99,0,10000,1010,6.8,81,195,3.12,99,0,10000,1010,6.8,81,195,3.12,99,0,10000,1010,6.8,81,195,3.12,99,0,10000,1010,6.8,81,195,3.12,99,0,10000,1010,6.8,81,195,3.12,99,0,10000
1018,9.84,66,60,2.06,0,0,10000,8,0,25,8,1018,9.84,66,304,1.71,0,0,10000,1018,9.84,66,304,1.71,0,0,10000,1018,9.84,66,304,1.71,0,0,10000,1018,9.84,66,304,1.71,0,0,10000,1018,9.84,66,304,1.71,0,0,10000,1018,9.84,66,304,1.71,0,0,10000,1018,9.84,66,304,1.71,0,0,10000,1018,9.84,66,304,1.71,0,0,10000,1018,9.84,66,304,1.71,0,0,10000,1018,9.84,66,304,1.71,0,0,10000,1018,9.84,66,304,1.71,0,0,10000,1018,9.84,66,304,1.71,0,0,10000
1018,9.84,66,60,2.06,0,0,10000,11,0,25,8,1018,9.88,65,305,2.8,33,0,10000,1018,9.88,65,305,2.8,33,0,10000,1018,9.88,65,305,2.8,33,0,10000,1018,9.88,65,305,2.8,33,0,10000,1018,9.88,65,305,2.8,33,0,10000,1018,9.88,65,305,2.8,33,0,10000,1018,9.88,65,305,2.8,33,0,10000,1018,9.88,65,305,2.8,33,0,10000,1018,9.88,65,305,2.8,33,0,10000,1018,9.88,65,305,2.8,33,0,10000,1018,9.88,65,305,2.8,33,0,10000,1018,9.88,65,305,2.8,33,0,10000
1018,9.84,66,60,2.06,0,0,10000,14,0,25,8,1017,10.13,64,323,3.19,55,0,10000,1017,10.13,64,323,3.19,55,0,10000,1017,10.13,64,323,3.19,55,0,10000,1017,10.13,64,323,3.19,55,0,10000,1017,10.13,64,323,3.19,55,0,10000,1017,10.13,64,323,3.19,55,0,10000,1017,10.13,64,323,3.19,55,0,10000,1017,10.13,64,323,3.19,55,0,10000,1017,10.13,64,323,3.19,55,0,10000,1017,10.13,64,323,3.19,55,0,10000,1017,10.13,64,323,3.19,55,0,10000,1017,10.13,64,323,3.19,55,0,10000
1018,9.84,66,60,2.06,0,0,10000,17,0,25,8,1015,8.86,75,21,3.04,61,0,10000,1015,8.86,75,21,3.04,61,0,10000,1015,8.86,75,21,3.04,61,0,10000,1015,8.86,75,21,3.04,61,0,10000,1015,8.86,75,21,3.04,61,0,10000,1015,8.86,75,21,3.04,61,0,10000,1015,8.86,75,21,3.04,61,0,10000,1015,8.86,75,21,3.04,61,0,10000,1015,8.86,75,21,3.04,61,0,10000,1015,8.86,75,21,3.04,61,0,10000,1015,8.86,75,21,3.04,61,0,10000,1015,8.86,75,21,3.04,61,0,10000
1018,9.84,66,60,2.06,0,0,10000,20,0,25,8,1015,6.65,78,14,0.82,67,0,10000,1015,6.65,78,14,0.82,67,0,10000,1015,6.65,78,14,0.82,67,0,10000,1015,6.65,78,14,0.82,67,0,10000,1015,6.65,78,14,0.82,67,0,10000,1015,6.65,78,14,0.82,67,0,10000,1015,6.65,78,14,0.82,67,0,10000,1015,6.65,78,14,0.82,67,0,10000,1015,6.65,78,14,0.82,67,0,10000,1015,6.65,78,14,0.82,67,0,10000,1015,6.65,78,14,0.82,67,0,10000,1015,6.65,78,14,0.82,67,0,10000
1018,9.84,66,60,2.06,0,0,10000,23,0,25,8,1014,6.33,79,158,1.22,64,0,10000,1014,6.33,79,158,1.22,64,0,10000,1014,6.33,79,158,1.22,64,0,10000,1014,6.33,79,158,1.22,64,0,10000,1014,6.33,79,158,1.22,64,0,10000,1014,6.33,79,158,1.22,64,0,10000,1014,6.33,79,158,1.22,64,0,10000,1014,6.33,79,158,1.22,64,0,10000,1014,6.33,79,158,1.22,64,0,10000,1014,6.33,79,158,1.22,64,0,10000,1014,6.33,79,158,1.22,64,0,10000,1014,6.33,79,158,1.22,64,0,10000
1018,9.84,66,60,2.06,0,0,10000,2,0,26,8,1011,6.52,77,180,2.05,98,0,10000,1011,6.52,77,180,2.05,98,0,10000,1011,6.52,77,180,2.05,98,0,10000,1011,6.52,77,180,2.05,98,0,10000,1011,6.52,77,180,2.05,98,0,10000,1011,6.52,77,180,2.05,98,0,10000,1011,6.52,77,180,2.05,98,0,10000,1011,6.52,77,180,2.05,98,0,10000,1011,6.52,77,180,2.05,98,0,10000,1011,6.52,77,180,2.05,98,0,10000,1011,6.52,77,180,2.05,98,0,10000,1011,6.52,77,180,2.05,98,0,10000
1018,9.84,66,60,2.06,0,0,10000,5,0,26,8,1010,6.8,81,195,3.12,99,0,10000,1010,6.8,81,195,3.12,99,0,10000,1010,6.8,81,195,3.12,99,0,10000,1010,6.8,81,195,3.12,99,0,10000,1010,6.8,81,195,3.12,99,0,10000,1010,6.8,81,195,3.12,99,0,10000,1010,6.8,81,195,3.12,99,0,10000,1010,6.8,81,195,3.12,99,0,10000,1010,6.8,81,195,3.12,99,0,10000,1010,6.8,81,195,3.12,99,0,10000,1010,6.8,81,195,3.12,99,0,10000,1010,6.8,81,195,3.12,99,0,10000
1018,9.84,66,60,2.06,0,0,10000,8,0,26,8,1018,9.84,66,304,1.71,0,0,10000,1018,9.84,66,304,1.71,0,0,10000,1018,9.84,66,304,1.71,0,0,10000,1018,9.84,66,304,1.71,0,0,10000,1018,9.84,66,304,1.71,0,0,10000,1018,9.84,66,304,1.71,0,0,10000,1018,9.84,66,304,1.71,0,0,10000,1018,9.84,66,304,1.71,0,0,10000,1018,9.84,66,304,1.71,0,0,10000,1018,9.84,66,304,1.71,0,0,10000,1018,9.84,66,304,1.71,0,0,10000,1018,9.84,66,304,1.71,0,0,10000
1018,9.84,66,60,2.06,0,0,10000,11,0,26,8,1018,9.88,65,305,2.8,33,0,10000,1018,9.88,65,305,2.8,33,0,10000,1018,9.88,65,305,2.8,33,0,10000,1018,9.88,65,305,2.8,33,0,10000,1018,9.88,65,305,2.8,33,0,10000,1018,9.88,65,305,2.8,33,0,10000,1018,9.88,65,305,2.8,33,0,10000,1018,9.88,65,305,2.8,33,0,10000,1018,9.88,65,305,2.8,33,0,10000,1018,9.88,65,305,2.8,33,0,10000,1018,9.88,65,305,2.8,33,0,10000,1018,9.88,65,305,2.8,33,0,10000
1018,9.84,66,60,2.06,0,0,10000,14,0,26,8,1017,10.13,64,323,3.19,55,0,10000,1017,10.13,64,323,3.19,55,0,10000,1017,10.13,64,323,3.19,55,0,10000,1017,10.13,64,323,3.19,55,0,10000,1017,10.13,64,323,3.19,55,0,10000,1017,10.13,64,323,3.19,55,0,10000,1017,10.13,64,323,3.19,55,0,10000,1017,10.13,64,323,3.19,55,0,10000,1017,10.13,64,323,3.19,55,0,10000,1017,10.13,64,323,3.19,55,0,10000,1017,10.13,64,323,3.19,55,0,10000,1017,10.13,64,323,3.19,55,0,10000
1018,9.84,66,60,2.06,0,0,10000,17,0,26,8,1015,8.86,75,21,3.04,61,0,10000,1015,8.86,75,21,3.04,61,0,10000,1015,8.86,75,21,3.04,61,0,10000,1015,8.86,75,21,3.04,61,0,10000,1015,8.86,75,21,3.04,61,0,10000,1015,8.86,75,21,3.04,61,0,10000,1015,8.86,75,21,3.04,61,0,10000,1015,8.86,75,21,3.04,61,0,10000,1015,8.86,75,21,3.04,61,0,10000,1015,8.86,75,21,3.04,61,0,10000,1015,8.86,75,21,3.04,61,0,10000,1015,8.86,75,21,3.04,61,0,10000
1018,9.84,66,60,2.06,0,0,10000,20,0,26,8,1015,6.65,78,14,0.82,67,0,10000,1015,6.65,78,14,0.82,67,0,10000,1015,6.65,78,14,0.82,67,0,10000,1015,6.65,78,14,0.82,67,0,10000,1015,6.65,78,14,0.82,67,0,10000,1015,6.65,78,14,0.82,67,0,10000,1015,6.65,78,14,0.82,67,0,10000,1015,6.65,78,14,0.82,67,0,10000,1015,6.65,78,14,0.82,67,0,10000,1015,6.65,78,14,0.82,67,0,10000,1015,6.65,78,14,0.82,67,0,10000,1015,6.65,78,14,0.82,67,0,10000
1018,9.84,66,60,2.06,0,0,10000,23,0,26,8,1014,6.33,79,158,1.22,64,0,10000,1014,6.33,79,158,1.22,64,0,10000,1014,6.33,79,158,1.22,64,0,10000,1014,6.33,79,158,1.22,64,0,10000,1014,6.33,79,158,1.22,64,0,10000,1014,6.33,79,158,1.22,64,0,10000,1014,6.33,79,158,1.22,64,0,10000,1014,6.33,79,158,1.22,64,0,10000,1014,6.33,79,158,1.22,64,0,10000,1014,6.33,79,158,1.22,64,0,10000,1014,6.33,79,158,1.22,64,0,10000,1014,6.33,79,158,1.22,64,0,10000
1018,9.84,66,60,2.06,0,0,10000,2,0,27,8,1011,6.52,77,180,2.05,98,0,10000,1011,6.52,77,180,2.05,98,0,10000,1011,6.52,77,180,2.05,98,0,10000,1011,6.52,77,180,2.05,98,0,10000,1011,6.52,77,180,2.05,98,0,10000,1011,6.52,77,180,2.05,98,0,10000,1011,6.52,77,180,2.05,98,0,10000,1011,6.52,77,180,2.05,98,0,10000,1011,6.52,77,180,2.05,98,0,10000,1011,6.52,77,180,2.05,98,0,10000,1011,6.52,77,180,2.05,98,0,10000,1011,6.52,77,180,2.05,98,0,10000
1018,9.84,66,60,2.06,0,0,10000,5,0,27,8,1010,6.8,81,195,3.12,99,0,10000,1010,6.8,81,195,3.12,99,0,10000,1010,6.8,81,195,3.12,99,0,10000,1010,6.8,81,195,3.12,99,0,10000,1010,6.8,81,195,3.12,99,0,10000,1010,6.8,81,195,3.12,99,0,10000,1010,6.8,81,195,3.12,99,0,10000,1010,6.8,81,195,3.12,99,0,10000,1010,6.8,81,195,3.12,99,0,10000,1010,6.8,81,195,3.12,99,0,10000,1010,6.8,81,195,3.12,99,0,10000,1010,6.8,81,195,3.12,99,0,10000
1018,9.84,66,60,2.06,0,0,10000,8,0,27,8,1018,9.84,66,304,1.71,0,0,10000,1018,9.84,66,304,1.71,0,0,10000,1018,9.84,66,304,1.71,0,0,10000,1018,9.84,66,304,1.71,0,0,10000,1018,9.84,66,304,1.71,0,0,10000,1018,9.84,66,304,1.71,0,0,10000,1018,9.84,66,304,1.71,0,0,10000,1018,9.84,66,304,1.71,0,0,10000,1018,9.84,66,304,1.71,0,0,10000,1018,9.84,66,304,1.71,0,0,10000,1018,9.84,66,304,1.71,0,0,10000,1018,9.84,66,304,1.71,0,0,10000
1018,9.84,66,60,2.06,0,0,10000,11,0,27,8,1018,9.88,65,305,2.8,33,0,10000,1018,9.88,65,305,2.8,33,0,10000,1018,9.88,65,305,2.8,33,0,10000,1018,9.88,65,305,2.8,33,0,10000,1018,9.88,65,305,2.8,33,0,10000,1018,9.88,65,305,2.8,33,0,10000,1018,9.88,65,305,2.8,33,0,10000,1018,9.88,65,305,2.8,33,0,10000,1018,9.88,65,305,2.8,33,0,10000,1018,9.88,65,305,2.8,33,0,10000,1018,9.88,65,305,2.8,33,0,10000,1018,9.88,65,305,2.8,33,0,10000
1018,9.84,66,60,2.06,0,0,10000,14,0,27,8,1017,10.13,64,323,3.19,55,0,10000,1017,10.13,64,323,3.19,55,0,10000,1017,10.13,64,323,3.19,55,0,10000,1017,10.13,64,323,3.19,55,0,10000,1017,10.13,64,323,3.19,55,0,10000,1017,10.13,64,323,3.19,55,0,10000,1017,10.13,64,323,3.19,55,0,10000,1017,10.13,64,323,3.19,55,0,10000,1017,10.13,64,323,3.19,55,0,10000,1017,10.13,64,323,3.19,55,0,10000,1017,10.13,64,323,3.19,55,0,10000,1017,10.13,64,323,3.19,55,0,10000
1018,9.84,66,60,2.06,0,0,10000,17,0,27,8,1015,8.86,75,21,3.04,61,0,10000,1015,8.86,75,21,3.04,61,0,10000,1015,8.86,75,21,3.04,61,0,10000,1015,8.86,75,21,3.04,61,0,10000,1015,8.86,75,21,3.04,61,0,10000,1015,8.86,75,21,3.04,61,0,10000,1015,8.86,75,21,3.04,61,0,10000,1015,8.86,75,21,3.04,61,0,10000,1015,8.86,75,21,3.04,61,0,10000,1015,8.86,75,21,3.04,61,0,10000,1015,8.86,75,21,3.04,61,0,10000,1015,8.86,75,21,3.04,61,0,10000
1018,9.84,66,60,2.06,0,0,10000,20,0,27,8,1015,6.65,78,14,0.82,67,0,10000,1015,6.65,78,14,0.82,67,0,10000,1015,6.65,78,14,0.82,67,0,10000,1015,6.65,78,14,0.82,67,0,10000,1015,6.65,78,14,0.82,67,0,10000,1015,6.65,78,14,0.82,67,0,10000,1015,6.65,78,14,0.82,67,0,10000,1015,6.65,78,14,0.82,67,0,10000,1015,6.65,78,14,0.82,67,0,10000,1015,6.65,78,14,0.82,67,0,10000,1015,6.65,78,14,0.82,67,0,10000,1015,6.65,78,14,0.82,67,0,10000
1018,9.84,66,60,2.06,0,0,10000,23,0,27,8,1014,6.33,79,158,1.22,64,0,10000,1014,6.33,79,158,1.22,64,0,10000,1014,6.33,79,158,1.22,64,0,10000,1014,6.33,79,158,1.22,64,0,10000,1014,6.33,79,158,1.22,64,0,10000,1014,6.33,79,158,1.22,64,0,10000,1014,6.33,79,158,1.22,64,0,10000,1014,6.33,79,158,1.22,64,0,10000,1014,6.33,79,158,1.22,64,0,10000,1014,6.33,79,158,1.22,64,0,10000,1014,6.33,79,158,1.22,64,0,10000,1014,6.33,79,158,1.22,64,0,10000
1018,9.84,66,60,2.06,0,0,10000,2,0,28,8,1011,6.52,77,180,2.05,98,0,10000,1011,6.52,77,180,2.05,98,0,10000,1011,6.52,77,180,2.05,98,0,10000,1011,6.52,77,180,2.05,98,0,10000,1011,6.52,77,180,2.05,98,0,10000,1011,6.52,77,180,2.05,98,0,10000,1011,6.52,77,180,2.05,98,0,10000,1011,6.52,77,180,2.05,98,0,10000,1011,6.52,77,180,2.05,98,0,10000,1011,6.52,77,180,2.05,98,0,10000,1011,6.52,77,180,2.05,98,0,10000,1011,6.52,77,180,2.05,98,0,10000
1018,9.84,66,60,2.06,0,0,10000,5,0,28,8,1010,6.8,81,195,3.12,99,0,10000,1010,6.8,81,195,3.12,99,0,10000,1010,6.8,81,195,3.12,99,0,10000,1010,6.8,81,195,3.12,99,0,10000,1010,6.8,81,195,3.12,99,0,10000,1010,6.8,81,195,3.12,99,0,10000,1010,6.8,81,195,3.12,99,0,10000,1010,6.8,81,195,3.12,99,0,10000,1010,6.8,81,195,3.12,99,0,10000,1010,6.8,81,195,3.12,99,0,10000,1010,6.8,81,195,3.12,99,0,10000,1010,6.8,81,195,3.12,99,0,10000
1018,9.84,66,60,2.06,0,0,10000,8,0,28,8,1018,9.84,66,304,1.71,0,0,10000,1018,9.84,66,304,1.71,0,0,10000,1018,9.84,66,304,1.71,0,0,10000,1018,9.84,66,304,1.71,0,0,10000,1018,9.84,66,304,1.71,0,0,10000,1018,9.84,66,304,1.71,0,0,10000,1018,9.84,66,304,1.71,0,0,10000,1018,9.84,66,304,1.71,0,0,10000,1018,9.84,66,304,1.71,0,0,10000,1018,9.84,66,304,1.71,0,0,10000,1018,9.84,66,304,1.71,0,0,10000,1018,9.84,66,304,1.71,0,0,10000
1018,9.84,66,60,2.06,0,0,10000,11,0,28,8,1018,9.88,65,305,2.8,33,0,10000,1018,9.88,65,305,2.8,33,0,10000,1018,9.88,65,305,2.8,33,0,10000,1018,9.88,65,305,2.8,33,0,10000,1018,9.88,65,305,2.8,33,0,10000,1018,9.88,65,305,2.8,33,0,10000,1018,9.88,65,305,2.8,33,0,10000,1018,9.88,65,305,2.8,33,0,10000,1018,9.88,65,305,2.8,33,0,10000,1018,9.88,65,305,2.8,33,0,10000,1018,9.88,65,305,2.8,33,0,10000,1018,9.88,65,305,2.8,33,0,10000
1018,9.84,66,60,2.06,0,0,10000,14,0,28,8,1017,10.13,64,323,3.19,55,0,10000,1017,10.13,64,323,3.19,55,0,10000,1017,10.13,64,323,3.19,55,0,10000,1017,10.13,64,323,3.19,55,0,10000,1017,10.13,64,323,3.19,55,0,10000,1017,10.13,64,323,3.19,55,0,10000,1017,10.13,64,323,3.19,55,0,10000,1017,10.13,64,323,3.19,55,0,10000,1017,10.13,64,323,3.19,55,0,10000,1017,10.13,64,323,3.19,55,0,10000,1017,10.13,64,323,3.19,55,0,10000,1017,10.13,64,323,3.19,55,0,10000
1018,9.84,66,60,2.06,0,0,10000,17,0,28,8,1015,8.86,75,21,3.04,61,0,10000,1015,8.86,75,21,3.04,61,0,10000,1015,8.86,75,21,3.04,61,0,10000,1015,8.86,75,21,3.04,61,0,10000,1015,8.86,75,21,3.04,61,0,10000,1015,8.86,75,21,3.04,61,0,10000,1015,8.86,75,21,3.04,61,0,10000,1015,8.86,75,21,3.04,61,0,10000,1015,8.86,75,21,3.04,61,0,10000,1015,8.86,75,21,3.04,61,0,10000,1015,8.86,75,21,3.04,61,0,10000,1015,8.86,75,21,3.04,61,0,10000
1018,9.84,66,60,2.06,0,0,10000,20,0,28,8,1015,6.65,78,14,0.82,67,0,10000,1015,6.65,78,14,0.82,67,0,10000,1015,6.65,78,14,0.82,67,0,10000,1015,6.65,78,14,0.82,67,0,10000,1015,6.65,78,14,0.82,67,0,10000,1015,6.65,78,14,0.82,67,0,10000,1015,6.65,78,14,0.82,67,0,10000,1015,6.65,78,14,0.82,67,0,10000,1015,6.65,78,14,0.82,67,0,10000,1015,6.65,78,14,0.82,67,0,10000,1015,6.65,78,14,0.82,67,0,10000,1015,6.65,78,14,0.82,67,0,10000
1018,9.84,66,60,2.06,0,0,10000,23,0,28,8,1014,6.33,79,158,1.22,64,0,10000,1014,6.33,79,158,1.22,64,0,10000,1014,6.33,79,158,1.22,64,0,10000,1014,6.33,79,158,1.22,64,0,10000,1014,6.33,79,158,1.22,64,0,10000,1014,6.33,79,158,1.22,64,0,10000,1014,6.33,79,158,1.22,64,0,10000,1014,6.33,79,158,1.22,64,0,10000,1014,6.33,79,158,1.22,64,0,10000,1014,6.33,79,158,1.22,64,0,10000,1014,6.33,79,158,1.22,64,0,10000,1014,6.33,79,158,1.22,64,0,10000
1018,9.84,66,60,2.06,0,0,10000,2,0,29,8,1011,6.52,77,180,2.05,98,0,10000,1011,6.52,77,180,2.05,98,0,10000,1011,6.52,77,180,2.05,98,0,10000,1011,6.52,77,180,2.05,98,0,10000,1011,6.52,77,180,2.05,98,0,10000,1011,6.52,77,180,2.05,98,0,10000,1011,6.52,77,180,2.05,98,0,10000,1011,6.52,77,180,2.05,98,0,10000,1011,6.52,77,180,2.05,98,0,10000,1011,6.52,77,180,2.05,98,0,10000,1011,6.52,77,180,2.05,98,0,10000,1011,6.52,77,180,2.05,98,0,10000
1018,9.84,66,60,2.06,0,0,10000,5,0,29,8,1010,6.8,81,195,3.12,99,0,10000,1010,6.8,81,195,3.12,99,0,10000,1010,6.8,81,195,3.12,99,0,10000,1010,6.8,81,195,3.12,99,0,10000,1010,6.8,81,195,3.12,99,0,10000,1010,6.8,81,195,3.12,99,0,10000,1010,6.8,81,195,3.12,99,0,10000,1010,6.8,81,195,3.12,99,0,10000,1010,6.8,81,195,3.12,99,0,10000,1010,6.8,81,195,3.12,99,0,10000,1010,6.8,81,195,3.12,99,0,10000,1010,6.8,81,195,3.12,99,0,10000
1018,9.84,66,60,2.06,0,0,10000,8,0,29,8,1018,9.84,66,304,1.71,0,0,10000,1018,9.84,66,304,1.71,0,0,10000,1018,9.84,66,304,1.71,0,0,10000,1018,9.84,66,304,1.71,0,0,10000,1018,9.84,66,304,1.71,0,0,10000,1018,9.84,66,304,1.71,0,0,10000,1018,9.84,66,304,1.71,0,0,10000,1018,9.84,66,304,1.71,0,0,10000,1018,9.84,66,304,1.71,0,0,10000,1018,9.84,66,304,1.71,0,0,10000,1018,9.84,66,304,1.71,0,0,10000,1018,9.84,66,304,1.71,0,0,10000
1018,9.84,66,60,2.06,0,0,10000,11,0,29,8,1018,9.88,65,305,2.8,33,0,10000,1018,9.88,65,305,2.8,33,0,10000,1018,9.88,65,305,2.8,33,0,10000,1018,9.88,65,305,2.8,33,0,10000,1018,9.88,65,305,2.8,33,0,10000,1018,9.88,65,305,2.8,33,0,10000,1018,9.88,65,305,2.8,33,0,10000,1018,9.88,65,305,2.8,33,0,10000,1018,9.88,65,305,2.8,33,0,10000,1018,9.88,65,305,2.8,33,0,10000,1018,9.88,65,305,2.8,33,0,10000,1018,9.88,65,305,2.8,33,0,10000
1018,9.84,66,60,2.06,0,0,10000,14,0,29,8,1017,10.13,64,323,3.19,55,0,10000,1017,10.13,64,323,3.19,55,0,10000,1017,10.13,64,323,3.19,55,0,10000,1017,10.13,64,323,3.19,55,0,10000,1017,10.13,64,323,3.19,55,0,10000,1017,10.13,64,323,3.19,55,0,10000,1017,10.13,64,323,3.19,55,0,10000,1017,10.13,64,323,3.19,55,0,10000,1017,10.13,64,323,3.19,55,0,10000,1017,10.13,64,323,3.19,55,0,10000,1017,10.13,64,323,3.19,55,0,10000,1017,10.13,64,323,3.19,55,0,10000
1018,9.84,66,60,2.06,0,0,10000,17,0,29,8,1015,8.86,75,21,3.04,61,0,10000,1015,8.86,75,21,3.04,61,0,10000,1015,8.86,75,21,3.04,61,0,10000,1015,8.86,75,21,3.04,61,0,10000,1015,8.86,75,21,3.04,61,0,10000,1015,8.86,75,21,3.04,61,0,10000,1015,8.86,75,21,3.04,61,0,10000,1015,8.86,75,21,3.04,61,0,10000,1015,8.86,75,21,3.04,61,0,10000,1015,8.86,75,21,3.04,61,0,10000,1015,8.86,75,21,3.04,61,0,10000,1015,8.86,75,21,3.04,61,0,10000
1018,9.84,66,60,2.06,0,0,10000,20,0,29,8,1015,6.65,78,14,0.82,67,0,10000,1015,6.65,78,14,0.82,67,0,10000,1015,6.65,78,14,0.82,67,0,10000,1015,6.65,78,14,0.82,67,0,10000,1015,6.65,78,14,0.82,67,0,10000,1015,6.65,78,14,0.82,67,0,10000,1015,6.65,78,14,0.82,67,0,10000,1015,6.65,78,14,0.82,67,0,10000,1015,6.65,78,14,0.82,67,0,10000,1015,6.65,78,14,0.82,67,0,10000,1015,6.65,78,14,0.82,67,0,10000,1015,6.65,78,14,0.82,67,0,10000
1018,9.84,66,60,2.06,0,0,10000,23,0,29,8,1014,6.33,79,158,1.22,64,0,10000,1014,6.33,79,158,1.22,64,0,10000,1014,6.33,79,158,1.22,64,0,10000,1014,6.33,79,158,1.22,64,0,10000,1014,6.33,79,158,1.22,64,0,10000,1014,6.33,79,158,1.22,64,0,10000,1014,6.33,79,158,1.22,64,0,10000,1014,6.33,79,158,1.22,64,0,10000,1014,6.33,79,158,1.22,64,0,10000,1014,6.33,79,158,1.22,64,0,10000,1014,6.33,79,158,1.22,64,0,10000,1014,6.33,79,158,1.22,64,0,10000
1018,9.84,66,60,2.06,0,0,10000,2,0,30,8,1011,6.52,77,180,2.05,98,0,10000,1011,6.52,77,180,2.05,98,0,10000,1011,6.52,77,180,2.05,98,0,10000,1011,6.52,77,180,2.05,98,0,10000,1011,6.52,77,180,2.05,98,0,10000,1011,6.52,77,180,2.05,98,0,10000,1011,6.52,77,180,2.05,98,0,10000,1011,6.52,77,180,2.05,98,0,10000,1011,6.52,77,180,2.05,98,0,10000,1011,6.52,77,180,2.05,98,0,10000,1011,6.52,77,180,2.05,98,0,10000,1011,6.52,77,180,2.05,98,0,10000
1018,9.84,66,60,2.06,0,0,10000,5,0,30,8,1010,6.8,81,195,3.12,99,0,10000,1010,6.8,81,195,3.12,99,0,10000,1010,6.8,81,195,3.12,99,0,10000,1010,6.8,81,195,3.12,99,0,10000,1010,6.8,81,195,3.12,99,0,10000,1010,6.8,81,195,3.12,99,0,10000,1010,6.8,81,195,3.12,99,0,10000,1010,6.8,81,195,3.12,99,0,10000,1010,6.8,81,195,3.12,99,0,10000,1010,6.8,81,195,3.12,99,0,10000,1010,6.8,81,195,3.12,99,0,10000,1010,6.8,81,195,3.12,99,0,10000
1018,9.84,66,60,2.06,0,0,10000,8,0,30,8,1018,9.84,66,304,1.71,0,0,10000,1018,9.84,66,304,1.71,0,0,10000,1018,9.84,66,304,1.71,0,0,10000,1018,9.84,66,304,1.71,0,0,10000,1018,9.84,66,304,1.71,0,0,10000,1018,9.84,66,304,1.71,0,0,10000,1018,9.84,66,304,1.71,0,0,10000,1018,9.84,66,304,1.71,0,0,10000,1018,9.84,66,304,1.71,0,0,10000,1018,9.84,66,304,1.71,0,0,10000,1018,9.84,66,304,1.71,0,0,10000,1018,9.84,66,304,1.71,0,0,10000
1018,9.84,66,60,2.06,0,0,10000,11,0,30,8,1018,9.88,65,305,2.8,33,0,10000,1018,9.88,65,305,2.8,33,0,10000,1018,9.88,65,305,2.8,33,0,10000,1018,9.88,65,305,2.8,33,0,10000,1018,9.88,65,305,2.8,33,0,10000,1018,9.88,65,305,2.8,33,0,10000,1018,9.88,65,305,2.8,33,0,10000,1018,9.88,65,305,2.8,33,0,10000,1018,9.88,65,305,2.8,33,0,10000,1018,9.88,65,305,2.8,33,0,10000,1018,9.88,65,305,2.8,33,0,10000,1018,9.88,65,305,2.8,33,0,10000
1018,9.84,66,60,2.06,0,0,10000,14,0,30,8,1017,10.13,64,323,3.19,55,0,10000,1017,10.13,64,323,3.19,55,0,10000,1017,10.13,64,323,3.19,55,0,10000,1017,10.13,64,323,3.19,55,0,10000,1017,10.13,64,323,3.19,55,0,10000,1017,10.13,64,323,3.19,55,0,10000,1017,10.13,64,323,3.19,55,0,10000,1017,10.13,64,323,3.19,55,0,10000,1017,10.13,64,323,3.19,55,0,10000,1017,10.13,64,323,3.19,55,0,10000,1017,10.13,64,323,3.19,55,0,10000,1017,10.13,64,323,3.19,55,0,10000
1018,9.84,66,60,2.06,0,0,10000,17,0,30,8,1015,8.86,75,21,3.04,61,0,10000,1015,8.86,75,21,3.04,61,0,10000,1015,8.86,75,21,3.04,61,0,10000,1015,8.86,75,21,3.04,61,0,10000,1015,8.86,75,21,3.04,61,0,10000,1015,8.86,75,21,3.04,61,0,10000,1015,8.86,75,21,3.04,61,0,10000,1015,8.86,75,21,3.04,61,0,10000,1015,8.86,75,21,3.04,61,0,10000,1015,8.86,75,21,3.04,61,0,10000,1015,8.86,75,21,3.04,61,0,10000,1015,8.86,75,21,3.04,61,0,10000
1018,9.84,66,60,2.06,0,0,10000,20,0,30,8,1015,6.65,78,14,0.82,67,0,10000,1015,6.65,78,14,0.82,67,0,10000,1015,6.65,78,14,0.82,67,0,10000,1015,6.65,78,14,0.82,67,0,10000,1015,6.65,78,14,0.82,67,0,10000,1015,6.65,78,14,0.82,67,0,10000,1015,6.65,78,14,0.82,67,0,10000,1015,6.65,78,14,0.82,67,0,10000,1015,6.65,78,14,0.82,67,0,10000,1015,6.65,78,14,0.82,67,0,10000,1015,6.65,78,14,0.82,67,0,10000,1015,6.65,78,14,0.82,67,0,10000
1018,9.84,66,60,2.06,0,0,10000,23,0,30,8,1014,6.33,79,158,1.22,64,0,10000,1014,6.33,79,158,1.22,64,0,10000,1014,6.33,79,158,1.22,64,0,10000,1014,6.33,79,158,1.22,64,0,10000,1014,6.33,79,158,1.22,64,0,10000,1014,6.33,79,158,1.22,64,0,10000,1014,6.33,79,158,1.22,64,0,10000,1014,6.33,79,158,1.22,64,0,10000,1014,6.33,79,158,1.22,64,0,10000,1014,6.33,79,158,1.22,64,0,10000,1014,6.33,79,158,1.22,64,0,10000,1014,6.33,79,158,1.22,64,0,10000
1018,9.84,66,60,2.06,0,0,10000,2,0,31,8,1011,6.52,77,180,2.05,98,0,10000,1011,6.52,77,180,2.05,98,0,10000,1011,6.52,77,180,2.05,98,0,10000,1011,6.52,77,180,2.05,98,0,10000,1011,6.52,77,180,2.05,98,0,10000,1011,6.52,77,180,2.05,98,0,10000,1011,6.52,77,180,2.05,98,0,10000,1011,6.52,77,180,2.05,98,0,10000,1011,6.52,77,180,2.05,98,0,10000,1011,6.52,77,180,2.05,98,0,10000,1011,6.52,77,180,2.05,98,0,10000,1011,6.52,77,180,2.05,98,0,10000
1018,9.84,66,60,2.06,0,0,10000,5,0,31,8,1010,6.8,81,195,3.12,99,0,10000,1010,6.8,81,195,3.12,99,0,10000,1010,6.8,81,195,3.12,99,0,10000,1010,6.8,81,195,3.12,99,0,10000,1010,6.8,81,195,3.12,99,0,10000,1010,6.8,81,195,3.12,99,0,10000,1010,6.8,81,195,3.12,99,0,10000,1010,6.8,81,195,3.12,99,0,10000,1010,6.8,81,195,3.12,99,0,10000,1010,6.8,81,195,3.12,99,0,10000,1010,6.8,81,195,3.12,99,0,10000,1010,6.8,81,195,3.12,99,0,10000
1018,9.84,66,60,2.06,0,0,10000,8,0,31,8,1018,9.84,66,304,1.71,0,0,10000,1018,9.84,66,304,1.71,0,0,10000,1018,9.84,66,304,1.71,0,0,10000,1018,9.84,66,304,1.71,0,0,10000,1018,9.84,66,304,1.71,0,0,10000,1018,9.84,66,304,1.71,0,0,10000,1018,9.84,66,304,1.71,0,0,10000,1018,9.84,66,304,1.71,0,0,10000,1018,9.84,66,304,1.71,0,0,10000,1018,9.84,66,304,1.71,0,0,10000,1018,9.84,66,304,1.71,0,0,10000,1018,9.84,66,304,1.71,0,0,10000
1018,9.84,66,60,2.06,0,0,10000,11,0,31,8,1018,9.88,65,305,2.8,33,0,10000,1018,9.88,65,305,2.8,33,0,10000,1018,9.88,65,305,2.8,33,0,10000,1018,9.88,65,305,2.8,33,0,10000,1018,9.88,65,305,2.8,33,0,10000,1018,9.88,65,305,2.8,33,0,10000,1018,9.88,65,305,2.8,33,0,10000,1018,9.88,65,305,2.8,33,0,10000,1018,9.88,65,305,2.8,33,0,10000,1018,9.88,65,305,2.8,33,0,10000,1018,9.88,65,305,2.8,33,0,10000,1018,9.88,65,305,2.8,33,0,10000
1018,9.84,66,60,2.06,0,0,10000,14,0,31,8,1017,10.13,64,323,3.19,55,0,10000,1017,10.13,64,323,3.19,55,0,10000,1017,10.13,64,323,3.19,55,0,10000,1017,10.13,64,323,3.19,55,0,10000,1017,10.13,64,323,3.19,55,0,10000,1017,10.13,64,323,3.19,55,0,10000,1017,10.13,64,323,3.19,55,0,10000,1017,10.13,64,323,3.19,55,0,10000,1017,10.13,64,323,3.19,55,0,10000,1017,10.13,64,323,3.19,55,0,10000,1017,10.13,64,323,3.19,55,0,10000,1017,10.13,64,323,3.19,55,0,10000
1018,9.84,66,60,2.06,0,0,10000,17,0,31,8,1015,8.86,75,21,3.04,61,0,10000,1015,8.86,75,21,3.04,61,0,10000,1015,8.86,75,21,3.04,61,0,10000,1015,8.86,75,21,3.04,61,0,10000,1015,8.86,75,21,3.04,61,0,10000,1015,8.86,75,21,3.04,61,0,10000,1015,8.86,75,21,3.04,61,0,10000,1015,8.86,75,21,3.04,61,0,10000,1015,8.86,75,21,3.04,61,0,10000,1015,8.86,75,21,3.04,61,0,10000,1015,8.86,75,21,3.04,61,0,10000,1015,8.86,75,21,3.04,61,0,10000
1018,9.84,66,60,2.06,0,0,10000,20,0,31,8,1015,6.65,78,14,0.82,67,0,10000,1015,6.65,78,14,0.82,67,0,10000,1015,6.65,78,14,0.82,67,0,10000,1015,6.65,78,14,0.82,67,0,10000,1015,6.65,78,14,0.82,67,0,10000,1015,6.65,78,14,0.82,67,0,10000,1015,6.65,78,14,0.82,67,0,10000,1015,6.65,78,14,0.82,67,0,10000,1015,6.65,78,14,0.82,67,0,10000,1015,6.65,78,14,0.82,67,0,10000,1015,6.65,78,14,0.82,67,0,10000,1015,6.65,78,14,0.82,67,0,10000
1018,9.84,66,60,2.06,0,0,10000,23,0,31,8,1014,6.33,79,158,1.22,64,0,10000,1014,6.33,79,158,1.22,64,0,10000,1014,6.33,79,158,1.22,64,0,10000,1014,6.33,79,158,1.22,64,0,10000,1014,6.33,79,158,1.22,64,0,10000,1014,6.33,79,158,1.22,64,0,10000,1014,6.33,79,158,1.22,64,0,10000,1014,6.33,79,158,1.22,64,0,10000,1014,6.33,79,158,1.22,64,0,10000,1014,6.33,79,158,1.22,64,0,10000,1014,6.33,79,158,1.22,64,0,10000,1014,6.33,79,158,1.22,64,0,10000
1018,9.84,66,60,2.06,0,0,10000,2,0,1,9,1011,6.52,77,180,2.05,98,0,10000,1011,6.52,77,180,2.05,98,0,10000,1011,6.52,77,180,2.05,98,0,10000,1011,6.52,77,180,2.05,98,0,10000,1011,6.52,77,180,2.05,98,0,10000,1011,6.52,77,180,2.05,98,0,10000,1011,6.52,77,180,2.05,98,0,10000,1011,6.52,77,180,2.05,98,0,10000,1011,6.52,77,180,2.05,98,0,10000,1011,6.52,77,180,2.05,98,0,10000,1011,6.52,77,180,2.05,98,0,10000,1011,6.52,77,180,2.05,98,0,10000
1018,9.84,66,60,2.06,0,0,10000,5,0,1,9,1010,6.8,81,195,3.12,99,0,10000,1010,6.8,81,195,3.12,99,0,10000,1010,6.8,81,195,3.12,99,0,10000,1010,6.8,81,195,3.12,99,0,10000,1010,6.8,81,195,3.12,99,0,10000,1010,6.8,81,195,3.12,99,0,10000,1010,6.8,81,195,3.12,99,0,10000,1010,6.8,81,195,3.12,99,0,10000,1010,6.8,81,195,3.12,99,0,10000,1010,6.8,81,195,3.12,99,0,10000,1010,6.8,81,195,3.12,99,0,10000,1010,6.8,81,195,3.12,99,0,10000
1018,9.84,66,60,2.06,0,0,10000,8,0,1,9,1018,9.84,66,304,1.71,0,0,10000,1018,9.84,66,304,1.71,0,0,10000,1018,9.84,66,304,1.71,0,0,10000,1018,9.84,66,304,1.71,0,0,10000,1018,9.84,66,304,1.71,0,0,10000,1018,9.84,66,304,1.71,0,0,10000,1018,9.84,66,304,1.71,0,0,10000,1018,9.84,66,304,1.71,0,0,10000,1018,9.84,66,304,1.71,0,0,10000,1018,9.84,66,304,1.71,0,0,10000,1018,9.84,66,304,1.71,0,0,10000,1018,9.84,66,304,1.71,0,0,10000
1018,9.84,66,60,2.06,0,0,10000,11,0,1,9,1018,9.88,65,305,2.8,33,0,10000,1018,9.88,65,305,2.8,33,0,10000,1018,9.88,65,305,2.8,33,0,10000,1018,9.88,65,305,2.8,33,0,10000,1018,9.88,65,305,2.8,33,0,10000,1018,9.88,65,305,2.8,33,0,10000,1018,9.88,65,305,2.8,33,0,10000,1018,9.88,65,305,2.8,33,0,10000,1018,9.88,65,305,2.8,33,0,10000,1018,9.88,65,305,2.8,33,0,10000,1018,9.88,65,305,2.8,33,0,10000,1018,9.88,65,305,2.8,33,0,10000
1018,9.84,66,60,2.06,0,0,10000,14,0,1,9,1017,10.13,64,323,3.19,55,0,10000,1017,10.13,64,323,3.19,55,0,10000,1017,10.13,64,323,3.19,55,0,10000,1017,10.13,64,323,3.19,55,0,10000,1017,10.13,64,323,3.19,55,0,10000,1017,10.13,64,323,3.19,55,0,10000,1017,10.13,64,323,3.19,55,0,10000,1017,10.13,64,323,3.19,55,0,10000,1017,10.13,64,323,3.19,55,0,10000,1017,10.13,64,323,3.19,55,0,10000,1017,10.13,64,323,3.19,55,0,10000,1017,10.13,64,323,3.19,55,0,10000
1018,9.84,66,60,2.06,0,0,10000,17,0,1,9,1015,8.86,75,21,3.04,61,0,10000,1015,8.86,75,21,3.04,61,0,10000,1015,8.86,75,21,3.04,61,0,10000,1015,8.86,75,21,3.04,61,0,10000,1015,8.86,75,21,3.04,61,0,10000,1015,8.86,75,21,3.04,61,0,10000,1015,8.86,75,21,3.04,61,0,10000,1015,8.86,75,21,3.04,61,0,10000,1015,8.86,75,21,3.04,61,0,10000,1015,8.86,75,21,3.04,61,0,10000,1015,8.86,75,21,3.04,61,0,10000,1015,8.86,75,21,3.04,61,0,10000
1018,9.84,66,60,2.06,0,0,10000,20,0,1,9,1015,6.65,78,14,0.82,67,0,10000,1015,6.65,78,14,0.82,67,0,10000,1015,6.65,78,14,0.82,67,0,10000,1015,6.65,78,14,0.82,67,0,10000,1015,6.65,78,14,0.82,67,0,10000,1015,6.65,78,14,0.82,67,0,10000,1015,6.65,78,14,0.82,67,0,10000,1015,6.65,78,14,0.82,67,0,10000,1015,6.65,78,14,0.82,67,0,10000,1015,6.65,78,14,0.82,67,0,10000,1015,6.65,78,14,0.82,67,0,10000,1015,6.65,78,14,0.82,67,0,10000
1018,9.84,66,60,2.06,0,0,10000,23,0,1,9,1014,6.33,79,158,1.22,64,0,10000,1014,6.33,79,158,1.22,64,0,10000,1014,6.33,79,158,1.22,64,0,10000,1014,6.33,79,158,1.22,64,0,10000,1014,6.33,79,158,1.22,64,0,10000,1014,6.33,79,158,1.22,64,0,10000,1014,6.33,79,158,1.22,64,0,10000,1014,6.33,79,158,1.22,64,0,10000,1014,6.33,79,158,1.22,64,0,10000,1014,6.33,79,158,1.22,64,0,10000,1014,6.33,79,158,1.22,64,0,10000,1014,6.33,79,158,1.22,64,0,10000
1018,9.84,66,60,2.06,0,0,10000,2,0,2,9,1011,6.52,77,180,2.05,98,0,10000,1011,6.52,77,180,2.05,98,0,10000,1011,6.52,77,180,2.05,98,0,10000,1011,6.52,77,180,2.05,98,0,10000,1011,6.52,77,180,2.05,98,0,10000,1011,6.52,77,180,2.05,98,0,10000,1011,6.52,77,180,2.05,98,0,10000,1011,6.52,77,180,2.05,98,0,10000,1011,6.52,77,180,2.05,98,0,10000,1011,6.52,77,180,2.05,98,0,10000,1011,6.52,77,180,2.05,98,0,10000,1011,6.52,77,180,2.05,98,0,10000
1018,9.84,66,60,2.06,0,0,10000,5,0,2,9,1010,6.8,81,195,3.12,99,0,10000,1010,6.8,81,195,3.12,99,0,10000,1010,6.8,81,195,3.12,99,0,10000,1010,6.8,81,195,3.12,99,0,10000,1010,6.8,81,195,3.12,99,0,10000,1010,6.8,81,195,3.12,99,0,10000,1010,6.8,81,195,3.12,99,0,10000,1010,6.8,81,195,3.12,99,0,10000,1010,6.8,81,195,3.12,99,0,10000,1010,6.8,81,195,3.12,99,0,10000,1010,6.8,81,195,3.12,99,0,10000,1010,6.8,81,195,3.12,99,0,10000
1018,9.84,66,60,2.06,0,0,10000,8,0,2,9,1018,9.84,66,304,1.71,0,0,10000,1018,9.84,66,304,1.71,0,0,10000,1018,9.84,66,304,1.71,0,0,10000,1018,9.84,66,304,1.71,0,0,10000,1018,9.84,66,304,1.71,0,0,10000,1018,9.84,66,304,1.71,0,0,10000,1018,9.84,66,304,1.71,0,0,10000,1018,9.84,66,304,1.71,0,0,10000,1018,9.84,66,304,1.71,0,0,10000,1018,9.84,66,304,1.71,0,0,10000,1018,9.84,66,304,1.71,0,0,10000,1018,9.84,66,304,1.71,0,0,10000
1018,9.84,66,60,2.06,0,0,10000,11,0,2,9,1018,9.88,65,305,2.8,33,0,10000,1018,9.88,65,305,2.8,33,0,10000,1018,9.88,65,305,2.8,33,0,10000,1018,9.88,65,305,2.8,33,0,10000,1018,9.88,65,305,2.8,33,0,10000,1018,9.88,65,305,2.8,33,0,10000,1018,9.88,65,305,2.8,33,0,10000,1018,9.88,65,305,2.8,33,0,10000,1018,9.88,65,305,2.8,33,0,10000,1018,9.88,65,305,2.8,33,0,10000,1018,9.88,65,305,2.8,33,0,10000,1018,9.88,65,305,2.8,33,0,10000
1018,9.84,66,60,2.06,0,0,10000,14,0,2,9,1017,10.13,64,323,3.19,55,0,10000,1017,10.13,64,323,3.19,55,0,10000,1017,10.13,64,323,3.19,55,0,10000,1017,10.13,64,323,3.19,55,0,10000,1017,10.13,64,323,3.19,55,0,10000,1017,10.13,64,323,3.19,55,0,10000,1017,10.13,64,323,3.19,55,0,10000,1017,10.13,64,323,3.19,55,0,10000,1017,10.13,64,323,3.19,55,0,10000,1017,10.13,64,323,3.19,55,0,10000,1017,10.13,64,323,3.19,55,0,10000,1017,10.13,64,323,3.19,55,0,10000
1018,9.84,66,60,2.06,0,0,10000,17,0,2,9,1015,8.86,75,21,3.04,61,0,10000,1015,8.86,75,21,3.04,61,0,10000,1015,8.86,75,21,3.04,61,0,10000,1015,8.86,75,21,3.04,61,0,10000,1015,8.86,75,21,3.04,61,0,10000,1015,8.86,75,21,3.04,61,0,10000,1015,8.86,75,21,3.04,61,0,10000,1015,8.86,75,21,3.04,61,0,10000,1015,8.86,75,21,3.04,61,0,10000,1015,8.86,75,21,3.04,61,0,10000,1015,8.86,75,21,3.04,61,0,10000,1015,8.86,75,21,3.04,61,0,10000
1018,9.84,66,60,2.06,0,0,10000,20,0,2,9,1015,6.65,78,14,0.82,67,0,10000,1015,6.65,78,14,0.82,67,0,10000,1015,6.65,78,14,0.82,67,0,10000,1015,6.65,78,14,0.82,67,0,10000,1015,6.65,78,14,0.82,67,0,10000,1015,6.65,78,14,0.82,67,0,10000,1015,6.65,78,14,0.82,67,0,10000,1015,6.65,78,14,0.82,67,0,10000,1015,6.65,78,14,0.82,67,0,10000,1015,6.65,78,14,0.82,67,0,10000,1015,6.65,78,14,0.82,67,0,10000,1015,6.65,78,14,0.82,67,0,10000
1018,9.84,66,60,2.06,0,0,10000,23,0,2,9,1014,6.33,79,158,1.22,64,0,10000,1014,6.33,79,158,1.22,64,0,10000,1014,6.33,79,158,1.22,64,0,10000,1014,6.33,79,158,1.22,64,0,10000,1014,6.33,79,158,1.22,64,0,10000,1014,6.33,79,158,1.22,64,0,10000,1014,6.33,79,158,1.22,64,0,10000,1014,6.33,79,158,1.22,64,0,10000,1014,6.33,79,158,1.22,64,0,10000,1014,6.33,79,158,1.22,64,0,10000,1014,6.33,79,158,1.22,64,0,10000,1014,6.33,79,158,1.22,64,0,10000
1018,9.84,66,60,2.06,0,0,10000,2,0,3,9,1011,6.52,77,180,2.05,98,0,10000,1011,6.52,77,180,2.05,98,0,10000,1011,6.52,77,180,2.05,98,0,10000,1011,6.52,77,180,2.05,98,0,10000,1011,6.52,77,180,2.05,98,0,10000,1011,6.52,77,180,2.05,98,0,10000,1011,6.52,77,180,2.05,98,0,10000,1011,6.52,77,180,2.05,98,0,10000,1011,6.52,77,180,2.05,98,0,10000,1011,6.52,77,180,2.05,98,0,10000,1011,6.52,77,180,2.05,98,0,10000,1011,6.52,77,180,2.05,98,0,10000
1018,9.84,66,60,2.06,0,0,10000,5,0,3,9,1010,6.8,81,195,3.12,99,0,10000,1010,6.8,81,195,3.12,99,0,10000,1010,6.8,81,195,3.12,99,0,10000,1010,6.8,81,195,3.12,99,0,10000,1010,6.8,81,195,3.12,99,0,10000,1010,6.8,81,195,3.12,99,0,10000,1010,6.8,81,195,3.12,99,0,10000,1010,6.8,81,195,3.12,99,0,10000,1010,6.8,81,195,3.12,99,0,10000,1010,6.8,81,195,3.12,99,0,10000,1010,6.8,81,195,3.12,99,0,10000,1010,6.8,81,195,3.12,99,0,10000
1018,9.84,66,60,2.06,0,0,10000,8,0,3,9,1018,9.84,66,304,1.71,0,0,10000,1018,9.84,66,304,1.71,0,0,10000,1018,9.84,66,304,1.71,0,0,10000,1018,9.84,66,304,1.71,0,0,10000,1018,9.84,66,304,1.71,0,0,10000,1018,9.84,66,304,1.71,0,0,10000,1018,9.84,66,304,1.71,0,0,10000,1018,9.84,66,304,1.71,0,0,10000,1018,9.84,66,304,1.71,0,0,10000,1018,9.84,66,304,1.71,0,0,10000,1018,9.84,66,304,1.71,0,0,10000,1018,9.84,66,304,1.71,0,0,10000
1018,9.84,66,60,2.06,0,0,10000,11,0,3,9,1018,9.88,65,305,2.8,33,0,10000,1018,9.88,65,305,2.8,33,0,10000,1018,9.88,65,305,2.8,33,0,10000,1018,9.88,65,305,2.8,33,0,10000,1018,9.88,65,305,2.8,33,0,10000,1018,9.88,65,305,2.8,33,0,10000,1018,9.88,65,305,2.8,33,0,10000,1018,9.88,65,305,2.8,33,0,10000,1018,9.88,65,305,2.8,33,0,10000,1018,9.88,65,305,2.8,33,0,10000,1018,9.88,65,305,2.8,33,0,10000,1018,9.88,65,305,2.8,33,0,10000
1018,9.84,66,60,2.06,0,0,10000,14,0,3,9,1017,10.13,64,323,3.19,55,0,10000,1017,10.13,64,323,3.19,55,0,10000,1017,10.13,64,323,3.19,55,0,10000,1017,10.13,64,323,3.19,55,0,10000,1017,10.13,64,323,3.19,55,0,10000,1017,10.13,64,323,3.19,55,0,10000,1017,10.13,64,323,3.19,55,0,10000,1017,10.13,64,323,3.19,55,0,10000,1017,10.13,64,323,3.19,55,0,10000,1017,10.13,64,323,3.19,55,0,10000,1017,10.13,64,323,3.19,55,0,10000,1017,10.13,64,323,3.19,55,0,10000
1018,9.84,66,60,2.06,0,0,10000,17,0,3,9,1015,8.86,75,21,3.04,61,0,10000,1015,8.86,75,21,3.04,61,0,10000,1015,8.86,75,21,3.04,61,0,10000,1015,8.86,75,21,3.04,61,0,10000,1015,8.86,75,21,3.04,61,0,10000,1015,8.86,75,21,3.04,61,0,10000,1015,8.86,75,21,3.04,61,0,10000,1015,8.86,75,21,3.04,61,0,10000,1015,8.86,75,21,3.04,61,0,10000,1015,8.86,75,21,3.04,61,0,10000,1015,8.86,75,21,3.04,61,0,10000,1015,8.86,75,21,3.04,61,0,10000
1018,9.84,66,60,2.06,0,0,10000,20,0,3,9,1015,6.65,78,14,0.82,67,0,10000,1015,6.65,78,14,0.82,67,0,10000,1015,6.65,78,14,0.82,67,0,10000,1015,6.65,78,14,0.82,67,0,10000,1015,6.65,78,14,0.82,67,0,10000,1015,6.65,78,14,0.82,67,0,10000,1015,6.65,78,14,0.82,67,0,10000,1015,6.65,78,14,0.82,67,0,10000,1015,6.65,78,14,0.82,67,0,10000,1015,6.65,78,14,0.82,67,0,10000,1015,6.65,78,14,0.82,67,0,10000,1015,6.65,78,14,0.82,67,0,10000
1018,9.84,66,60,2.06,0,0,10000,23,0,3,9,1014,6.33,79,158,1.22,64,0,10000,1014,6.33,79,158,1.22,64,0,10000,1014,6.33,79,158,1.22,64,0,10000,1014,6.33,79,158,1.22,64,0,10000,1014,6.33,79,158,1.22,64,0,10000,1014,6.33,79,158,1.22,64,0,10000,1014,6.33,79,158,1.22,64,0,10000,1014,6.33,79,158,1.22,64,0,10000,1014,6.33,79,158,1.22,64,0,10000,1014,6.33,79,158,1.22,64,0,10000,1014,6.33,79,158,1.22,64,0,10000,1014,6.33,79,158,1.22,64,0,10000
1018,9.84,66,60,2.06,0,0,10000,2,0,4,9,1011,6.52,77,180,2.05,98,0,10000,1011,6.52,77,180,2.05,98,0,10000,1011,6.52,77,180,2.05,98,0,10000,1011,6.52,77,180,2.05,98,0,10000,1011,6.52,77,180,2.05,98,0,10000,1011,6.52,77,180,2.05,98,0,10000,1011,6.52,77,180,2.05,98,0,10000,1011,6.52,77,180,2.05,98,0,10000,1011,6.52,77,180,2.05,98,0,10000,1011,6.52,77,180,2.05,98,0,10000,1011,6.52,77,180,2.05,98,0,10000,1011,6.52,77,180,2.05,98,0,10000
1018,9.84,66,60,2.06,0,0,10000,5,0,4,9,1010,6.8,81,195,3.12,99,0,10000,1010,6.8,81,195,3.12,99,0,10000,1010,6.8,81,195,3.12,99,0,10000,1010,6.8,81,195,3.12,99,0,10000,1010,6.8,81,195,3.12,99,0,10000,1010,6.8,81,195,3.12,99,0,10000,1010,6.8,81,195,3.12,99,0,10000,1010,6.8,81,195,3.12,99,0,10000,1010,6.8,81,195,3.12,99,0,10000,1010,6.8,81,195,3.12,99,0,10000,1010,6.8,81,195,3.12,99,0,10000,1010,6.8,81,195,3.12,99,0,10000
1018,9.84,66,60,2.06,0,0,10000,8,0,4,9,1018,9.84,66,304,1.71,0,0,10000,1018,9.84,66,304,1.71,0,0,10000,1018,9.84,66,304,1.71,0,0,10000,1018,9.84,66,304,1.71,0,0,10000,1018,9.84,66,304,1.71,0,0,10000,1018,9.84,66,304,1.71,0,0,10000,1018,9.84,66,304,1.71,0,0,10000,1018,9.84,66,304,1.71,0,0,10000,1018,9.84,66,304,1.71,0,0,10000,1018,9.84,66,304,1.71,0,0,10000,1018,9.84,66,304,1.71,0,0,10000,1018,9.84,66,304,1.71,0,0,10000
1018,9.84,66,60,2.06,0,0,10000,11,0,4,9,1018,9.88,65,305,2.8,33,0,10000,1018,9.88,65,305,2.8,33,0,10000,1018,9.88,65,305,2.8,33,0,10000,1018,9.88,65,305,2.8,33,0,10000,1018,9.88,65,305,2.8,33,0,10000,1018,9.88,65,305,2.8,33,0,10000,1018,9.88,65,305,2.8,33,0,10000,1018,9.88,65,305,2.8,33,0,10000,1018,9.88,65,305,2.8,33,0,10000,1018,9.88,65,305,2.8,33,0,10000,1018,9.88,65,305,2.8,33,0,10000,1018,9.88,65,305,2.8,33,0,10000
1018,9.84,66,60,2.06,0,0,10000,14,0,4,9,1017,10.13,64,323,3.19,55,0,10000,1017,10.13,64,323,3.19,55,0,10000,1017,10.13,64,323,3.19,55,0,10000,1017,10.13,64,323,3.19,55,0,10000,1017,10.13,64,323,3.19,55,0,10000,1017,10.13,64,323,3.19,55,0,10000,1017,10.13,64,323,3.19,55,0,10000,1017,10.13,64,323,3.19,55,0,10000,1017,10.13,64,323,3.19,55,0,10000,1017,10.13,64,323,3.19,55,0,10000,1017,10.13,64,323,3.19,55,0,10000,1017,10.13,64,323,3.19,55,0,10000
1018,9.84,66,60,2.06,0,0,10000,17,0,4,9,1015,8.86,75,21,3.04,61,0,10000,1015,8.86,75,21,3.04,61,0,10000,1015,8.86,75,21,3.04,61,0,10000,1015,8.86,75,21,3.04,61,0,10000,1015,8.86,75,21,3.04,61,0,10000,1015,8.86,75,21,3.04,61,0,10000,1015,8.86,75,21,3.04,61,0,10000,1015,8.86,75,21,3.04,61,0,10000,1015,8.86,75,21,3.04,61,0,10000,1015,8.86,75,21,3.04,61,0,10000,1015,8.86,75,21,3.04,61,0,10000,1015,8.86,75,21,3.04,61,0,10000
1018,9.84,66,60,2.06,0,0,10000,20,0,4,9,1015,6.65,78,14,0.82,67,0,10000,1015,6.65,78,14,0.82,67,0,10000,1015,6.65,78,14,0.82,67,0,10000,1015,6.65,78,14,0.82,67,0,10000,1015,6.65,78,14,0.82,67,0,10000,1015,6.65,78,14,0.82,67,0,10000,1015,6.65,78,14,0.82,67,0,10000,1015,6.65,78,14,0.82,67,0,10000,1015,6.65,78,14,0.82,67,0,10000,1015,6.65,78,14,0.82,67,0,10000,1015,6.65,78,14,0.82,67,0,10000,1015,6.65,78,14,0.82,67,0,10000
1018,9.84,66,60,2.06,0,0,10000,23,0,4,9,1014,6.33,79,158,1.22,64,0,10000,1014,6.33,79,158,1.22,64,0,10000,1014,6.33,79,158,1.22,64,0,10000,1014,6.33,79,158,1.22,64,0,10000,1014,6.33,79,158,1.22,64,0,10000,1014,6.33,79,158,1.22,64,0,10000,1014,6.33,79,158,1.22,64,0,10000,1014,6.33,79,158,1.22,64,0,10000,1014,6.33,79,158,1.22,64,0,10000,1014,6.33,79,158,1.22,64,0,10000,1014,6.33,79,158,1.22,64,0,10000,1014,6.33,79,158,1.22,64,0,10000
1018,9.84,66,60,2.06,0,0,10000,2,0,5,9,1011,6.52,77,180,2.05,98,0,10000,1011,6.52,77,180,2.05,98,0,10000,1011,6.52,77,180,2.05,98,0,10000,1011,6.52,77,180,2.05,98,0,10000,1011,6.52,77,180,2.05,98,0,10000,1011,6.52,77,180,2.05,98,0,10000,1011,6.52,77,180,2.05,98,0,10000,1011,6.52,77,180,2.05,98,0,10000,1011,6.52,77,180,2.05,98,0,10000,1011,6.52,77,180,2.05,98,0,10000,1011,6.52,77,180,2.05,98,0,10000,1011,6.52,77,180,2.05,98,0,10000
1018,9.84,66,60,2.06,0,0,10000,5,0,5,9,1010,6.8,81,195,3.12,99,0,10000,1010,6.8,81,195,3.12,99,0,10000,1010,6.8,81,195,3.12,99,0,10000,1010,6.8,81,195,3.12,99,0,10000,1010,6.8,81,195,3.12,99,0,10000,1010,6.8,81,195,3.12,99,0,10000,1010,6.8,81,195,3.12,99,0,10000,1010,6.8,81,195,3.12,99,0,10000,1010,6.8,81,195,3.12,99,0,10000,1010,6.8,81,195,3.12,99,0,10000,1010,6.8,81,195,3.12,99,0,10000,1010,6.8,81,195,3.12,99,0,10000
1018,9.84,66,60,2.06,0,0,10000,8,0,5,9,1018,9.84,66,304,1.71,0,0,10000,1018,9.84,66,304,1.71,0,0,10000,1018,9.84,66,304,1.71,0,0,10000,1018,9.84,66,304,1.71,0,0,10000,1018,9.84,66,304,1.71,0,0,10000,1018,9.84,66,304,1.71,0,0,10000,1018,9.84,66,304,1.71,0,0,10000,1018,9.84,66,304,1.71,0,0,10000,1018,9.84,66,304,1.71,0,0,10000,1018,9.84,66,304,1.71,0,0,10000,1018,9.84,66,304,1.71,0,0,10000,1018,9.84,66,304,1.71,0,0,10000
1018,9.84,66,60,2.06,0,0,10000,11,0,5,9,1018,9.88,65,305,2.8,33,0,10000,1018,9.88,65,305,2.8,33,0,10000,1018,9.88,65,305,2.8,33,0,10000,1018,9.88,65,305,2.8,33,0,10000,1018,9.88,65,305,2.8,33,0,10000,1018,9.88,65,305,2.8,33,0,10000,1018,9.88,65,305,2.8,33,0,10000,1018,9.88,65,305,2.8,33,0,10000,1018,9.88,65,305,2.8,33,0,10000,1018,9.88,65,305,2.8,33,0,10000,1018,9.88,65,305,2.8,33,0,10000,1018,9.88,65,305,2.8,33,0,10000
1018,9.84,66,60,2.06,0,0,10000,14,0,5,9,1017,10.13,64,323,3.19,55,0,10000,1017,10.13,64,323,3.19,55,0,10000,1017,10.13,64,323,3.19,55,0,10000,1017,10.13,64,323,3.19,55,0,10000,1017,10.13,64,323,3.19,55,0,10000,1017,10.13,64,323,3.19,55,0,10000,1017,10.13,64,323,3.19,55,0,10000,1017,10.13,64,323,3.19,55,0,10000,1017,10.13,64,323,3.19,55,0,10000,1017,10.13,64,323,3.19,55,0,10000,1017,10.13,64,323,3.19,55,0,10000,1017,10.13,64,323,3.19,55,0,10000
1018,9.84,66,60,2.06,0,0,10000,17,0,5,9,1015,8.86,75,21,3.04,61,0,10000,1015,8.86,75,21,3.04,61,0,10000,1015,8.86,75,21,3.04,61,0,10000,1015,8.86,75,21,3.04,61,0,10000,1015,8.86,75,21,3.04,61,0,10000,1015,8.86,75,21,3.04,61,0,10000,1015,8.86,75,21,3.04,61,0,10000,1015,8.86,75,21,3.04,61,0,10000,1015,8.86,75,21,3.04,61,0,10000,1015,8.86,75,21,3.04,61,0,10000,1015,8.86,75,21,3.04,61,0,10000,1015,8.86,75,21,3.04,61,0,10000
1018,9.84,66,60,2.06,0,0,10000,20,0,5,9,1015,6.65,78,14,0.82,67,0,10000,1015,6.65,78,14,0.82,67,0,10000,1015,6.65,78,14,0.82,67,0,10000,1015,6.65,78,14,0.82,67,0,10000,1015,6.65,78,14,0.82,67,0,10000,1015,6.65,78,14,0.82,67,0,10000,1015,6.65,78,14,0.82,67,0,10000,1015,6.65,78,14,0.82,67,0,10000,1015,6.65,78,14,0.82,67,0,10000,1015,6.65,78,14,0.82,67,0,10000,1015,6.65,78,14,0.82,67,0,10000,1015,6.65,78,14,0.82,67,0,10000
1018,9.84,66,60,2.06,0,0,10000,23,0,5,9,1014,6.33,79,158,1.22,64,0,10000,1014,6.33,79,158,1.22,64,0,10000,1014,6.33,79,158,1.22,64,0,10000,1014,6.33,79,158,1.22,64,0,10000,1014,6.33,79,158,1.22,64,0,10000,1014,6.33,79,158,1.22,64,0,10000,1014,6.33,79,158,1.22,64,0,10000,1014,6.33,79,158,1.22,64,0,10000,1014,6.33,79,158,1.22,64,0,10000,1014,6.33,79,158,1.22,64,0,10000,1014,6.33,79,158,1.22,64,0,10000,1014,6.33,79,158,1.22,64,0,10000
1018,9.84,66,60,2.06,0,0,10000,2,0,6,9,1011,6.52,77,180,2.05,98,0,10000,1011,6.52,77,180,2.05,98,0,10000,1011,6.52,77,180,2.05,98,0,10000,1011,6.52,77,180,2.05,98,0,10000,1011,6.52,77,180,2.05,98,0,10000,1011,6.52,77,180,2.05,98,0,10000,1011,6.52,77,180,2.05,98,0,10000,1011,6.52,77,180,2.05,98,0,10000,1011,6.52,77,180,2.05,98,0,10000,1011,6.52,77,180,2.05,98,0,10000,1011,6.52,77,180,2.05,98,0,10000,1011,6.52,77,180,2.05,98,0,10000
1018,9.84,66,60,2.06,0,0,10000,5,0,6,9,1010,6.8,81,195,3.12,99,0,10000,1010,6.8,81,195,3.12,99,0,10000,1010,6.8,81,195,3.12,99,0,10000,1010,6.8,81,195,3.12,99,0,10000,1010,6.8,81,195,3.12,99,0,10000,1010,6.8,81,195,3.12,99,0,10000,1010,6.8,81,195,3.12,99,0,10000,1010,6.8,81,195,3.12,99,0,10000,1010,6.8,81,195,3.12,99,0,10000,1010,6.8,81,195,3.12,99,0,10000,1010,6.8,81,195,3.12,99,0,10000,1010,6.8,81,195,3.12,99,0,10000
1018,9.84,66,60,2.06,0,0,10000,8,0,6,9,1018,9.84,66,304,1.71,0,0,10000,1018,9.84,66,304,1.71,0,0,10000,1018,9.84,66,304,1.71,0,0,10000,1018,9.84,66,304,1.71,0,0,10000,1018,9.84,66,304,1.71,0,0,10000,1018,9.84,66,304,1.71,0,0,10000,1018,9.84,66,304,1.71,0,0,10000,1018,9.84,66,304,1.71,0,0,10000,1018,9.84,66,304,1.71,0,0,10000,1018,9.84,66,304,1.71,0,0,10000,1018,9.84,66,304,1.71,0,0,10000,1018,9.84,66,304,1.71,0,0,10000
1018,9.84,66,60,2.06,0,0,10000,11,0,6,9,1018,9.88,65,305,2.8,33,0,10000,1018,9.88,65,305,2.8,33,0,10000,1018,9.88,65,305,2.8,33,0,10000,1018,9.88,65,305,2.8,33,0,10000,1018,9.88,65,305,2.8,33,0,10000,1018,9.88,65,305,2.8,33,0,10000,1018,9.88,65,305,2.8,33,0,10000,1018,9.88,65,305,2.8,33,0,10000,1018,9.88,65,305,2.8,33,0,10000,1018,9.88,65,305,2.8,33,0,10000,1018,9.88,65,305,2.8,33,0,10000,1018,9.88,65,305,2.8,33,0,10000
1018,9.84,66,60,2.06,0,0,10000,14,0,6,9,1017,10.13,64,323,3.19,55,0,10000,1017,10.13,64,323,3.19,55,0,10000,1017,10.13,64,323,3.19,55,0,10000,1017,10.13,64,323,3.19,55,0,10000,1017,10.13,64,323,3.19,55,0,10000,1017,10.13,64,323,3.19,55,0,10000,1017,10.13,64,323,3.19,55,0,10000,1017,10.13,64,323,3.19,55,0,10000,1017,10.13,64,323,3.19,55,0,10000,1017,10.13,64,323,3.19,55,0,10000,1017,10.13,64,323,3.19,55,0,10000,1017,10.13,64,323,3.19,55,0,10000
1018,9.84,66,60,2.06,0,0,10000,17,0,6,9,1015,8.86,75,21,3.04,61,0,10000,1015,8.86,75,21,3.04,61,0,10000,1015,8.86,75,21,3.04,61,0,10000,1015,8.86,75,21,3.04,61,0,10000,1015,8.86,75,21,3.04,61,0,10000,1015,8.86,75,21,3.04,61,0,10000,1015,8.86,75,21,3.04,61,0,10000,1015,8.86,75,21,3.04,61,0,10000,1015,8.86,75,21,3.04,61,0,10000,1015,8.86,75,21,3.04,61,0,10000,1015,8.86,75,21,3.04,61,0,10000,1015,8.86,75,21,3.04,61,0,10000
1018,9.84,66,60,2.06,0,0,10000,20,0,6,9,1015,6.65,78,14,0.82,67,0,10000,1015,6.65,78,14,0.82,67,0,10000,1015,6.65,78,14,0.82,67,0,10000,1015,6.65,78,14,0.82,67,0,10000,1015,6.65,78,14,0.82,67,0,10000,1015,6.65,78,14,0.82,67,0,10000,1015,6.65,78,14,0.82,67,0,10000,1015,6.65,78,14,0.82,67,0,10000,1015,6.65,78,14,0.82,67,0,10000,1015,6.65,78,14,0.82,67,0,10000,1015,6.65,78,14,0.82,67,0,10000,1015,6.65,78,14,0.82,67,0,10000
1018,9.84,66,60,2.06,0,0,10000,23,0,6,9,1014,6.33,79,158,1.22,64,0,10000,1014,6.33,79,158,1.22,64,0,10000,1014,6.33,79,158,1.22,64,0,10000,1014,6.33,79,158,1.22,64,0,10000,1014,6.33,79,158,1.22,64,0,10000,1014,6.33,79,158,1.22,64,0,10000,1014,6.33,79,158,1.22,64,0,10000,1014,6.33,79,158,1.22,64,0,10000,1014,6.33,79,158,1.22,64,0,10000,1014,6.33,79,158,1.22,64,0,10000,1014,6.33,79,158,1.22,64,0,10000,1014,6.33,79,158,1.22,64,0,10000
1018,9.84,66,60,2.06,0,0,10000,2,0,7,9,1011,6.52,77,180,2.05,98,0,10000,1011,6.52,77,180,2.05,98,0,10000,1011,6.52,77,180,2.05,98,0,10000,1011,6.52,77,180,2.05,98,0,10000,1011,6.52,77,180,2.05,98,0,10000,1011,6.52,77,180,2.05,98,0,10000,1011,6.52,77,180,2.05,98,0,10000,1011,6.52,77,180,2.05,98,0,10000,1011,6.52,77,180,2.05,98,0,10000,1011,6.52,77,180,2.05,98,0,10000,1011,6.52,77,180,2.05,98,0,10000,1011,6.52,77,180,2.05,98,0,10000
1018,9.84,66,60,2.06,0,0,10000,5,0,7,9,1010,6.8,81,195,3.12,99,0,10000,1010,6.8,81,195,3.12,99,0,10000,1010,6.8,81,195,3.12,99,0,10000,1010,6.8,81,195,3.12,99,0,10000,1010,6.8,81,195,3.12,99,0,10000,1010,6.8,81,195,3.12,99,0,10000,1010,6.8,81,195,3.12,99,0,10000,1010,6.8,81,195,3.12,99,0,10000,1010,6.8,81,195,3.12,99,0,10000,1010,6.8,81,195,3.12,99,0,10000,1010,6.8,81,195,3.12,99,0,10000,1010,6.8,81,195,3.12,99,0,10000
1018,9.84,66,60,2.06,0,0,10000,8,0,7,9,1018,9.84,66,304,1.71,0,0,10000,1018,9.84,66,304,1.71,0,0,10000,1018,9.84,66,304,1.71,0,0,10000,1018,9.84,66,304,1.71,0,0,10000,1018,9.84,66,304,1.71,0,0,10000,1018,9.84,66,304,1.71,0,0,10000,1018,9.84,66,304,1.71,0,0,10000,1018,9.84,66,304,1.71,0,0,10000,1018,9.84,66,304,1.71,0,0,10000,1018,9.84,66,304,1.71,0,0,10000,1018,9.84,66,304,1.71,0,0,10000,1018,9.84,66,304,1.71,0,0,10000
1018,9.84,66,60,2.06,0,0,10000,11,0,7,9,1018,9.88,65,305,2.8,33,0,10000,1018,9.88,65,305,2.8,33,0,10000,1018,9.88,65,305,2.8,33,0,10000,1018,9.88,65,305,2.8,33,0,10000,1018,9.88,65,305,2.8,33,0,10000,1018,9.88,65,305,2.8,33,0,10000,1018,9.88,65,305,2.8,33,0,10000,1018,9.88,65,305,2.8,33,0,10000,1018,9.88,65,305,2.8,33,0,10000,1018,9.88,65,305,2.8,33,0,10000,1018,9.88,65,305,2.8,33,0,10000,1018,9.88,65,305,2.8,33,0,10000
1018,9.84,66,60,2.06,0,0,10000,14,0,7,9,1017,10.13,64,323,3.19,55,0,10000,1017,10.13,64,323,3.19,55,0,10000,1017,10.13,64,323,3.19,55,0,10000,1017,10.13,64,323,3.19,55,0,10000,1017,10.13,64,323,3.19,55,0,10000,1017,10.13,64,323,3.19,55,0,10000,1017,10.13,64,323,3.19,55,0,10000,1017,10.13,64,323,3.19,55,0,10000,1017,10.13,64,323,3.19,55,0,10000,1017,10.13,64,323,3.19,55,0,10000,1017,10.13,64,323,3.19,55,0,10000,1017,10.13,64,323,3.19,55,0,10000
1018,9.84,66,60,2.06,0,0,10000,17,0,7,9,1015,8.86,75,21,3.04,61,0,10000,1015,8.86,75,21,3.04,61,0,10000,1015,8.86,75,21,3.04,61,0,10000,1015,8.86,75,21,3.04,61,0,10000,1015,8.86,75,21,3.04,61,0,10000,1015,8.86,75,21,3.04,61,0,10000,1015,8.86,75,21,3.04,61,0,10000,1015,8.86,75,21,3.04,61,0,10000,1015,8.86,75,21,3.04,61,0,10000,1015,8.86,75,21,3.04,61,0,10000,1015,8.86,75,21,3.04,61,0,10000,1015,8.86,75,21,3.04,61,0,10000
1018,9.84,66,60,2.06,0,0,10000,20,0,7,9,1015,6.65,78,14,0.82,67,0,10000,1015,6.65,78,14,0.82,67,0,10000,1015,6.65,78,14,0.82,67,0,10000,1015,6.65,78,14,0.82,67,0,10000,1015,6.65,78,14,0.82,67,0,10000,1015,6.65,78,14,0.82,67,0,10000,1015,6.65,78,14,0.82,67,0,10000,1015,6.65,78,14,0.82,67,0,10000,1015,6.65,78,14,0.82,67,0,10000,1015,6.65,78,14,0.82,67,0,10000,1015,6.65,78,14,0.82,67,0,10000,1015,6.65,78,14,0.82,67,0,10000
1018,9.84,66,60,2.06,0,0,10000,23,0,7,9,1014,6.33,79,158,1.22,64,0,10000,1014,6.33,79,158,1.22,64,0,10000,1014,6.33,79,158,1.22,64,0,10000,1014,6.33,79,158,1.22,64,0,10000,1014,6.33,79,158,1.22,64,0,10000,1014,6.33,79,158,1.22,64,0,10000,1014,6.33,79,158,1.22,64,0,10000,1014,6.33,79,158,1.22,64,0,10000,1014,6.33,79,158,1.22,64,0,10000,1014,6.33,79,158,1.22,64,0,10000,1014,6.33,79,158,1.22,64,0,10000,1014,6.33,79,158,1.22,64,0,10000
1018,9.84,66,60,2.06,0,0,10000,2,0,8,9,1011,6.52,77,180,2.05,98,0,10000,1011,6.52,77,180,2.05,98,0,10000,1011,6.52,77,180,2.05,98,0,10000,1011,6.52,77,180,2.05,98,0,10000,1011,6.52,77,180,2.05,98,0,10000,1011,6.52,77,180,2.05,98,0,10000,1011,6.52,77,180,2.05,98,0,10000,1011,6.52,77,180,2.05,98,0,10000,1011,6.52,77,180,2.05,98,0,10000,1011,6.52,77,180,2.05,98,0,10000,1011,6.52,77,180,2.05,98,0,10000,1011,6.52,77,180,2.05,98,0,10000
1018,9.84,66,60,2.06,0,0,10000,5,0,8,9,1010,6.8,81,195,3.12,99,0,10000,1010,6.8,81,195,3.12,99,0,10000,1010,6.8,81,195,3.12,99,0,10000,1010,6.8,81,195,3.12,99,0,10000,1010,6.8,81,195,3.12,99,0,10000,1010,6.8,81,195,3.12,99,0,10000,1010,6.8,81,195,3.12,99,0,10000,1010,6.8,81,195,3.12,99,0,10000,1010,6.8,81,195,3.12,99,0,10000,1010,6.8,81,195,3.12,99,0,10000,1010,6.8,81,195,3.12,99,0,10000,1010,6.8,81,195,3.12,99,0,10000
1018,9.84,66,60,2.06,0,0,10000,8,0,8,9,1018,9.84,66,304,1.71,0,0,10000,1018,9.84,66,304,1.71,0,0,10000,1018,9.84,66,304,1.71,0,0,10000,1018,9.84,66,304,1.71,0,0,10000,1018,9.84,66,304,1.71,0,0,10000,1018,9.84,66,304,1.71,0,0,10000,1018,9.84,66,304,1.71,0,0,10000,1018,9.84,66,304,1.71,0,0,10000,1018,9.84,66,304,1.71,0,0,10000,1018,9.84,66,304,1.71,0,0,10000,1018,9.84,66,304,1.71,0,0,10000,1018,9.84,66,304,1.71,0,0,10000
1018,9.84,66,60,2.06,0,0,10000,11,0,8,9,1018,9.88,65,305,2.8,33,0,10000,1018,9.88,65,305,2.8,33,0,10000,1018,9.88,65,305,2.8,33,0,10000,1018,9.88,65,305,2.8,33,0,10000,1018,9.88,65,305,2.8,33,0,10000,1018,9.88,65,305,2.8,33,0,10000,1018,9.88,65,305,2.8,33,0,10000,1018,9.88,65,305,2.8,33,0,10000,1018,9.88,65,305,2.8,33,0,10000,1018,9.88,65,305,2.8,33,0,10000,1018,9.88,65,305,2.8,33,0,10000,1018,9.88,65,305,2.8,33,0,10000
1018,9.84,66,60,2.06,0,0,10000,14,0,8,9,1017,10.13,64,323,3.19,55,0,10000,1017,10.13,64,323,3.19,55,0,10000,1017,10.13,64,323,3.19,55,0,10000,1017,10.13,64,323,3.19,55,0,10000,1017,10.13,64,323,3.19,55,0,10000,1017,10.13,64,323,3.19,55,0,10000,1017,10.13,64,323,3.19,55,0,10000,1017,10.13,64,323,3.19,55,0,10000,1017,10.13,64,323,3.19,55,0,10000,1017,10.13,64,323,3.19,55,0,10000,1017,10.13,64,323,3.19,55,0,10000,1017,10.13,64,323,3.19,55,0,10000
1018,9.84,66,60,2.06,0,0,10000,17,0,8,9,1015,8.86,75,21,3.04,61,0,10000,1015,8.86,75,21,3.04,61,0,10000,1015,8.86,75,21,3.04,61,0,10000,1015,8.86,75,21,3.04,61,0,10000,1015,8.86,75,21,3.04,61,0,10000,1015,8.86,75,21,3.04,61,0,10000,1015,8.86,75,21,3.04,61,0,10000,1015,8.86,75,21,3.04,61,0,10000,1015,8.86,75,21,3.04,61,0,10000,1015,8.86,75,21,3.04,61,0,10000,1015,8.86,75,21,3.04,61,0,10000,1015,8.86,75,21,3.04,61,0,10000
1018,9.84,66,60,2.06,0,0,10000,20,0,8,9,1015,6.65,78,14,0.82,67,0,10000,1015,6.65,78,14,0.82,67,0,10000,1015,6.65,78,14,0.82,67,0,10000,1015,6.65,78,14,0.82,67,0,10000,1015,6.65,78,14,0.82,67,0,10000,1015,6.65,78,14,0.82,67,0,10000,1015,6.65,78,14,0.82,67,0,10000,1015,6.65,78,14,0.82,67,0,10000,1015,6.65,78,14,0.82,67,0,10000,1015,6.65,78,14,0.82,67,0,10000,1015,6.65,78,14,0.82,67,0,10000,1015,6.65,78,14,0.82,67,0,10000
1018,9.84,66,60,2.06,0,0,10000,23,0,8,9,1014,6.33,79,158,1.22,64,0,10000,1014,6.33,79,158,1.22,64,0,10000,1014,6.33,79,158,1.22,64,0,10000,1014,6.33,79,158,1.22,64,0,10000,1014,6.33,79,158,1.22,64,0,10000,1014,6.33,79,158,1.22,64,0,10000,1014,6.33,79,158,1.22,64,0,10000,1014,6.33,79,158,1.22,64,0,10000,1014,6.33,79,158,1.22,64,0,10000,1014,6.33,79,158,1.22,64,0,10000,1014,6.33,79,158,1.22,64,0,10000,1014,6.33,79,158,1.22,64,0,10000
1018,9.84,66,60,2.06,0,0,10000,2,0,9,9,1011,6.52,77,180,2.05,98,0,10000,1011,6.52,77,180,2.05,98,0,10000,1011,6.52,77,180,2.05,98,0,10000,1011,6.52,77,180,2.05,98,0,10000,1011,6.52,77,180,2.05,98,0,10000,1011,6.52,77,180,2.05,98,0,10000,1011,6.52,77,180,2.05,98,0,10000,1011,6.52,77,180,2.05,98,0,10000,1011,6.52,77,180,2.05,98,0,10000,1011,6.52,77,180,2.05,98,0,10000,1011,6.52,77,180,2.05,98,0,10000,1011,6.52,77,180,2.05,98,0,10000
1018,9.84,66,60,2.06,0,0,10000,5,0,9,9,1010,6.8,81,195,3.12,99,0,10000,1010,6.8,81,195,3.12,99,0,10000,1010,6.8,81,195,3.12,99,0,10000,1010,6.8,81,195,3.12,99,0,10000,1010,6.8,81,195,3.12,99,0,10000,1010,6.8,81,195,3.12,99,0,10000,1010,6.8,81,195,3.12,99,0,10000,1010,6.8,81,195,3.12,99,0,10000,1010,6.8,81,195,3.12,99,0,10000,1010,6.8,81,195,3.12,99,0,10000,1010,6.8,81,195,3.12,99,0,10000,1010,6.8,81,195,3.12,99,0,10000
1018,9.84,66,60,2.06,0,0,10000,8,0,9,9,1018,9.84,66,304,1.71,0,0,10000,1018,9.84,66,304,1.71,0,0,10000,1018,9.84,66,304,1.71,0,0,10000,1018,9.84,66,304,1.71,0,0,10000,1018,9.84,66,304,1.71,0,0,10000,1018,9.84,66,304,1.71,0,0,10000,1018,9.84,66,304,1.71,0,0,10000,1018,9.84,66,304,1.71,0,0,10000,1018,9.84,66,304,1.71,0,0,10000,1018,9.84,66,304,1.71,0,0,10000,1018,9.84,66,304,1.71,0,0,10000,1018,9.84,66,304,1.71,0,0,10000
1018,9.84,66,60,2.06,0,0,10000,11,0,9,9,1018,9.88,65,305,2.8,33,0,10000,1018,9.88,65,305,2.8,33,0,10000,1018,9.88,65,305,2.8,33,0,10000,1018,9.88,65,305,2.8,33,0,10000,1018,9.88,65,305,2.8,33,0,10000,1018,9.88,65,305,2.8,33,0,10000,1018,9.88,65,305,2.8,33,0,10000,1018,9.88,65,305,2.8,33,0,10000,1018,9.88,65,305,2.8,33,0,10000,1018,9.88,65,305,2.8,33,0,10000,1018,9.88,65,305,2.8,33,0,10000,1018,9.88,65,305,2.8,33,0,10000
1018,9.84,66,60,2.06,0,0,10000,14,0,9,9,1017,10.13,64,323,3.19,55,0,10000,1017,10.13,64,323,3.19,55,0,10000,1017,10.13,64,323,3.19,55,0,10000,1017,10.13,64,323,3.19,55,0,10000,1017,10.13,64,323,3.19,55,0,10000,1017,10.13,64,323,3.19,55,0,10000,1017,10.13,64,323,3.19,55,0,10000,1017,10.13,64,323,3.19,55,0,10000,1017,10.13,64,323,3.19,55,0,10000,1017,10.13,64,323,3.19,55,0,10000,1017,10.13,64,323,3.19,55,0,10000,1017,10.13,64,323,3.19,55,0,10000
1018,9.84,66,60,2.06,0,0,10000,17,0,9,9,1015,8.86,75,21,3.04,61,0,10000,1015,8.86,75,21,3.04,61,0,10000,1015,8.86,75,21,3.04,61,0,10000,1015,8.86,75,21,3.04,61,0,10000,1015,8.86,75,21,3.04,61,0,10000,1015,8.86,75,21,3.04,61,0,10000,1015,8.86,75,21,3.04,61,0,10000,1015,8.86,75,21,3.04,61,0,10000,1015,8.86,75,21,3.04,61,0,10000,1015,8.86,75,21,3.04,61,0,10000,1015,8.86,75,21,3.04,61,0,10000,1015,8.86,75,21,3.04,61,0,10000
1018,9.84,66,60,2.06,0,0,10000,20,0,9,9,1015,6.65,78,14,0.82,67,0,10000,1015,6.65,78,14,0.82,67,0,10000,1015,6.65,78,14,0.82,67,0,10000,1015,6.65,78,14,0.82,67,0,10000,1015,6.65,78,14,0.82,67,0,10000,1015,6.65,78,14,0.82,67,0,10000,1015,6.65,78,14,0.82,67,0,10000,1015,6.65,78,14,0.82,67,0,10000,1015,6.65,78,14,0.82,67,0,10000,1015,6.65,78,14,0.82,67,0,10000,1015,6.65,78,14,0.82,67,0,10000,1015,6.65,78,14,0.82,67,0,10000
1018,9.84,66,60,2.06,0,0,10000,23,0,9,9,1014,6.33,79,158,1.22,64,0,10000,1014,6.33,79,158,1.22,64,0,10000,1014,6.33,79,158,1.22,64,0,10000,1014,6.33,79,158,1.22,64,0,10000,1014,6.33,79,158,1.22,64,0,10000,1014,6.33,79,158,1.22,64,0,10000,1014,6.33,79,158,1.22,64,0,10000,1014,6.33,79,158,1.22,64,0,10000,1014,6.33,79,158,1.22,64,0,10000,1014,6.33,79,158,1.22,64,0,10000,1014,6.33,79,158,1.22,64,0,10000,1014,6.33,79,158,1.22,64,0,10000
1018,9.84,66,60,2.06,0,0,10000,2,0,10,9,1011,6.52,77,180,2.05,98,0,10000,1011,6.52,77,180,2.05,98,0,10000,1011,6.52,77,180,2.05,98,0,10000,1011,6.52,77,180,2.05,98,0,10000,1011,6.52,77,180,2.05,98,0,10000,1011,6.52,77,180,2.05,98,0,10000,1011,6.52,77,180,2.05,98,0,10000,1011,6.52,77,180,2.05,98,0,10000,1011,6.52,77,180,2.05,98,0,10000,1011,6.52,77,180,2.05,98,0,10000,1011,6.52,77,180,2.05,98,0,10000,1011,6.52,77,180,2.05,98,0,10000
1018,9.84,66,60,2.06,0,0,10000,5,0,10,9,1010,6.8,81,195,3.12,99,0,10000,1010,6.8,81,195,3.12,99,0,10000,1010,6.8,81,195,3.12,99,0,10000,1010,6.8,81,195,3.12,99,0,10000,1010,6.8,81,195,3.12,99,0,10000,1010,6.8,81,195,3.12,99,0,10000,1010,6.8,81,195,3.12,99,0,10000,1010,6.8,81,195,3.12,99,0,10000,1010,6.8,81,195,3.12,99,0,10000,1010,6.8,81,195,3.12,99,0,10000,1010,6.8,81,195,3.12,99,0,10000,1010,6.8,81,195,3.12,99,0,10000
1018,9.84,66,60,2.06,0,0,10000,8,0,10,9,1018,9.84,66,304,1.71,0,0,10000,1018,9.84,66,304,1.71,0,0,10000,1018,9.84,66,304,1.71,0,0,10000,1018,9.84,66,304,1.71,0,0,10000,1018,9.84,66,304,1.71,0,0,10000,1018,9.84,66,304,1.71,0,0,10000,1018,9.84,66,304,1.71,0,0,10000,1018,9.84,66,304,1.71,0,0,10000,1018,9.84,66,304,1.71,0,0,10000,1018,9.84,66,304,1.71,0,0,10000,1018,9.84,66,304,1.71,0,0,10000,1018,9.84,66,304,1.71,0,0,10000
1018,9.84,66,60,2.06,0,0,10000,11,0,10,9,1018,9.88,65,305,2.8,33,0,10000,1018,9.88,65,305,2.8,33,0,10000,1018,9.88,65,305,2.8,33,0,10000,1018,9.88,65,305,2.8,33,0,10000,1018,9.88,65,305,2.8,33,0,10000,1018,9.88,65,305,2.8,33,0,10000,1018,9.88,65,305,2.8,33,0,10000,1018,9.88,65,305,2.8,33,0,10000,1018,9.88,65,305,2.8,33,0,10000,1018,9.88,65,305,2.8,33,0,10000,1018,9.88,65,305,2.8,33,0,10000,1018,9.88,65,305,2.8,33,0,10000
1018,9.84,66,60,2.06,0,0,10000,14,0,10,9,1017,10.13,64,323,3.19,55,0,10000,1017,10.13,64,323,3.19,55,0,10000,1017,10.13,64,323,3.19,55,0,10000,1017,10.13,64,323,3.19,55,0,10000,1017,10.13,64,323,3.19,55,0,10000,1017,10.13,64,323,3.19,55,0,10000,1017,10.13,64,323,3.19,55,0,10000,1017,10.13,64,323,3.19,55,0,10000,1017,10.13,64,323,3.19,55,0,10000,1017,10.13,64,323,3.19,55,0,10000,1017,10.13,64,323,3.19,55,0,10000,1017,10.13,64,323,3.19,55,0,10000
1018,9.84,66,60,2.06,0,0,10000,17,0,10,9,1015,8.86,75,21,3.04,61,0,10000,1015,8.86,75,21,3.04,61,0,10000,1015,8.86,75,21,3.04,61,0,10000,1015,8.86,75,21,3.04,61,0,10000,1015,8.86,75,21,3.04,61,0,10000,1015,8.86,75,21,3.04,61,0,10000,1015,8.86,75,21,3.04,61,0,10000,1015,8.86,75,21,3.04,61,0,10000,1015,8.86,75,21,3.04,61,0,10000,1015,8.86,75,21,3.04,61,0,10000,1015,8.86,75,21,3.04,61,0,10000,1015,8.86,75,21,3.04,61,0,10000
1018,9.84,66,60,2.06,0,0,10000,20,0,10,9,1015,6.65,78,14,0.82,67,0,10000,1015,6.65,78,14,0.82,67,0,10000,1015,6.65,78,14,0.82,67,0,10000,1015,6.65,78,14,0.82,67,0,10000,1015,6.65,78,14,0.82,67,0,10000,1015,6.65,78,14,0.82,67,0,10000,1015,6.65,78,14,0.82,67,0,10000,1015,6.65,78,14,0.82,67,0,10000,1015,6.65,78,14,0.82,67,0,10000,1015,6.65,78,14,0.82,67,0,10000,1015,6.65,78,14,0.82,67,0,10000,1015,6.65,78,14,0.82,67,0,10000
1018,9.84,66,60,2.06,0,0,10000,23,0,10,9,1014,6.33,79,158,1.22,64,0,10000,1014,6.33,79,158,1.22,64,0,10000,1014,6.33,79,158,1.22,64,0,10000,1014,6.33,79,158,1.22,64,0,10000,1014,6.33,79,158,1.22,64,0,10000,1014,6.33,79,158,1.22,64,0,10000,1014,6.33,79,158,1.22,64,0,10000,1014,6.33,79,158,1.22,64,0,10000,1014,6.33,79,158,1.22,64,0,10000,1014,6.33,79,158,1.22,64,0,10000,1014,6.33,79,158,1.22,64,0,10000,1014,6.33,79,158,1.22,64,0,10000
1018,9.84,66,60,2.06,0,0,10000,2,0,11,9,1011,6.52,77,180,2.05,98,0,10000,1011,6.52,77,180,2.05,98,0,10000,1011,6.52,77,180,2.05,98,0,10000,1011,6.52,77,180,2.05,98,0,10000,1011,6.52,77,180,2.05,98,0,10000,1011,6.52,77,180,2.05,98,0,10000,1011,6.52,77,180,2.05,98,0,10000,1011,6.52,77,180,2.05,98,0,10000,1011,6.52,77,180,2.05,98,0,10000,1011,6.52,77,180,2.05,98,0,10000,1011,6.52,77,180,2.05,98,0,10000,1011,6.52,77,180,2.05,98,0,10000
1018,9.84,66,60,2.06,0,0,10000,5,0,11,9,1010,6.8,81,195,3.12,99,0,10000,1010,6.8,81,195,3.12,99,0,10000,1010,6.8,81,195,3.12,99,0,10000,1010,6.8,81,195,3.12,99,0,10000,1010,6.8,81,195,3.12,99,0,10000,1010,6.8,81,195,3.12,99,0,10000,1010,6.8,81,195,3.12,99,0,10000,1010,6.8,81,195,3.12,99,0,10000,1010,6.8,81,195,3.12,99,0,10000,1010,6.8,81,195,3.12,99,0,10000,1010,6.8,81,195,3.12,99,0,10000,1010,6.8,81,195,3.12,99,0,10000
1018,9.84,66,60,2.06,0,0,10000,8,0,11,9,1018,9.84,66,304,1.71,0,0,10000,1018,9.84,66,304,1.71,0,0,10000,1018,9.84,66,304,1.71,0,0,10000,1018,9.84,66,304,1.71,0,0,10000,1018,9.84,66,304,1.71,0,0,10000,1018,9.84,66,304,1.71,0,0,10000,1018,9.84,66,304,1.71,0,0,10000,1018,9.84,66,304,1.71,0,0,10000,1018,9.84,66,304,1.71,0,0,10000,1018,9.84,66,304,1.71,0,0,10000,1018,9.84,66,304,1.71,0,0,10000,1018,9.84,66,304,1.71,0,0,10000
1018,9.84,66,60,2.06,0,0,10000,11,0,11,9,1018,9.88,65,305,2.8,33,0,10000,1018,9.88,65,305,2.8,33,0,10000,1018,9.88,65,305,2.8,33,0,10000,1018,9.88,65,305,2.8,33,0,10000,1018,9.88,65,305,2.8,33,0,10000,1018,9.88,65,305,2.8,33,0,10000,1018,9.88,65,305,2.8,33,0,10000,1018,9.88,65,305,2.8,33,0,10000,1018,9.88,65,305,2.8,33,0,10000,1018,9.88,65,305,2.8,33,0,10000,1018,9.88,65,305,2.8,33,0,10000,1018,9.88,65,305,2.8,33,0,10000
1018,9.84,66,60,2.06,0,0,10000,14,0,11,9,1017,10.13,64,323,3.19,55,0,10000,1017,10.13,64,323,3.19,55,0,10000,1017,10.13,64,323,3.19,55,0,10000,1017,10.13,64,323,3.19,55,0,10000,1017,10.13,64,323,3.19,55,0,10000,1017,10.13,64,323,3.19,55,0,10000,1017,10.13,64,323,3.19,55,0,10000,1017,10.13,64,323,3.19,55,0,10000,1017,10.13,64,323,3.19,55,0,10000,1017,10.13,64,323,3.19,55,0,10000,1017,10.13,64,323,3.19,55,0,10000,1017,10.13,64,323,3.19,55,0,10000
1018,9.84,66,60,2.06,0,0,10000,17,0,11,9,1015,8.86,75,21,3.04,61,0,10000,1015,8.86,75,21,3.04,61,0,10000,1015,8.86,75,21,3.04,61,0,10000,1015,8.86,75,21,3.04,61,0,10000,1015,8.86,75,21,3.04,61,0,10000,1015,8.86,75,21,3.04,61,0,10000,1015,8.86,75,21,3.04,61,0,10000,1015,8.86,75,21,3.04,61,0,10000,1015,8.86,75,21,3.04,61,0,10000,1015,8.86,75,21,3.04,61,0,10000,1015,8.86,75,21,3.04,61,0,10000,1015,8.86,75,21,3.04,61,0,10000
1018,9.84,66,60,2.06,0,0,10000,20,0,11,9,1015,6.65,78,14,0.82,67,0,10000,1015,6.65,78,14,0.82,67,0,10000,1015,6.65,78,14,0.82,67,0,10000,1015,6.65,78,14,0.82,67,0,10000,1015,6.65,78,14,0.82,67,0,10000,1015,6.65,78,14,0.82,67,0,10000,1015,6.65,78,14,0.82,67,0,10000,1015,6.65,78,14,0.82,67,0,10000,1015,6.65,78,14,0.82,67,0,10000,1015,6.65,78,14,0.82,67,0,10000,1015,6.65,78,14,0.82,67,0,10000,1015,6.65,78,14,0.82,67,0,10000
1018,9.84,66,60,2.06,0,0,10000,23,0,11,9,1014,6.33,79,158,1.22,64,0,10000,1014,6.33,79,158,1.22,64,0,10000,1014,6.33,79,158,1.22,64,0,10000,1014,6.33,79,158,1.22,64,0,10000,1014,6.33,79,158,1.22,64,0,10000,1014,6.33,79,158,1.22,64,0,10000,1014,6.33,79,158,1.22,64,0,10000,1014,6.33,79,158,1.22,64,0,10000,1014,6.33,79,158,1.22,64,0,10000,1014,6.33,79,158,1.22,64,0,10000,1014,6.33,79,158,1.22,64,0,10000,1014,6.33,79,158,1.22,64,0,10000
1018,9.84,66,60,2.06,0,0,10000,2,0,12,9,1011,6.52,77,180,2.05,98,0,10000,1011,6.52,77,180,2.05,98,0,10000,1011,6.52,77,180,2.05,98,0,10000,1011,6.52,77,180,2.05,98,0,10000,1011,6.52,77,180,2.05,98,0,10000,1011,6.52,77,180,2.05,98,0,10000,1011,6.52,77,180,2.05,98,0,10000,1011,6.52,77,180,2.05,98,0,10000,1011,6.52,77,180,2.05,98,0,10000,1011,6.52,77,180,2.05,98,0,10000,1011,6.52,77,180,2.05,98,0,10000,1011,6.52,77,180,2.05,98,0,10000
1018,9.84,66,60,2.06,0,0,10000,5,0,12,9,1010,6.8,81,195,3.12,99,0,10000,1010,6.8,81,195,3.12,99,0,10000,1010,6.8,81,195,3.12,99,0,10000,1010,6.8,81,195,3.12,99,0,10000,1010,6.8,81,195,3.12,99,0,10000,1010,6.8,81,195,3.12,99,0,10000,1010,6.8,81,195,3.12,99,0,10000,1010,6.8,81,195,3.12,99,0,10000,1010,6.8,81,195,3.12,99,0,10000,1010,6.8,81,195,3.12,99,0,10000,1010,6.8,81,195,3.12,99,0,10000,1010,6.8,81,195,3.12,99,0,10000
1018,9.84,66,60,2.06,0,0,10000,8,0,12,9,1018,9.84,66,304,1.71,0,0,10000,1018,9.84,66,304,1.71,0,0,10000,1018,9.84,66,304,1.71,0,0,10000,1018,9.84,66,304,1.71,0,0,10000,1018,9.84,66,304,1.71,0,0,10000,1018,9.84,66,304,1.71,0,0,10000,1018,9.84,66,304,1.71,0,0,10000,1018,9.84,66,304,1.71,0,0,10000,1018,9.84,66,304,1.71,0,0,10000,1018,9.84,66,304,1.71,0,0,10000,1018,9.84,66,304,1.71,0,0,10000,1018,9.84,66,304,1.71,0,0,10000
1018,9.84,66,60,2.06,0,0,10000,11,0,12,9,1018,9.88,65,305,2.8,33,0,10000,1018,9.88,65,305,2.8,33,0,10000,1018,9.88,65,305,2.8,33,0,10000,1018,9.88,65,305,2.8,33,0,10000,1018,9.88,65,305,2.8,33,0,10000,1018,9.88,65,305,2.8,33,0,10000,1018,9.88,65,305,2.8,33,0,10000,1018,9.88,65,305,2.8,33,0,10000,1018,9.88,65,305,2.8,33,0,10000,1018,9.88,65,305,2.8,33,0,10000,1018,9.88,65,305,2.8,33,0,10000,1018,9.88,65,305,2.8,33,0,10000
1018,9.84,66,60,2.06,0,0,10000,14,0,12,9,1017,10.13,64,323,3.19,55,0,10000,1017,10.13,64,323,3.19,55,0,10000,1017,10.13,64,323,3.19,55,0,10000,1017,10.13,64,323,3.19,55,0,10000,1017,10.13,64,323,3.19,55,0,10000,1017,10.13,64,323,3.19,55,0,10000,1017,10.13,64,323,3.19,55,0,10000,1017,10.13,64,323,3.19,55,0,10000,1017,10.13,64,323,3.19,55,0,10000,1017,10.13,64,323,3.19,55,0,10000,1017,10.13,64,323,3.19,55,0,10000,1017,10.13,64,323,3.19,55,0,10000
1018,9.84,66,60,2.06,0,0,10000,17,0,12,9,1015,8.86,75,21,3.04,61,0,10000,1015,8.86,75,21,3.04,61,0,10000,1015,8.86,75,21,3.04,61,0,10000,1015,8.86,75,21,3.04,61,0,10000,1015,8.86,75,21,3.04,61,0,10000,1015,8.86,75,21,3.04,61,0,10000,1015,8.86,75,21,3.04,61,0,10000,1015,8.86,75,21,3.04,61,0,10000,1015,8.86,75,21,3.04,61,0,10000,1015,8.86,75,21,3.04,61,0,10000,1015,8.86,75,21,3.04,61,0,10000,1015,8.86,75,21,3.04,61,0,10000
1018,9.84,66,60,2.06,0,0,10000,20,0,12,9,1015,6.65,78,14,0.82,67,0,10000,1015,6.65,78,14,0.82,67,0,10000,1015,6.65,78,14,0.82,67,0,10000,1015,6.65,78,14,0.82,67,0,10000,1015,6.65,78,14,0.82,67,0,10000,1015,6.65,78,14,0.82,67,0,10000,1015,6.65,78,14,0.82,67,0,10000,1015,6.65,78,14,0.82,67,0,10000,1015,6.65,78,14,0.82,67,0,10000,1015,6.65,78,14,0.82,67,0,10000,1015,6.65,78,14,0.82,67,0,10000,1015,6.65,78,14,0.82,67,0,10000
1018,9.84,66,60,2.06,0,0,10000,23,0,12,9,1014,6.33,79,158,1.22,64,0,10000,1014,6.33,79,158,1.22,64,0,10000,1014,6.33,79,158,1.22,64,0,10000,1014,6.33,79,158,1.22,64,0,10000,1014,6.33,79,158,1.22,64,0,10000,1014,6.33,79,158,1.22,64,0,10000,1014,6.33,79,158,1.22,64,0,10000,1014,6.33,79,158,1.22,64,0,10000,1014,6.33,79,158,1.22,64,0,10000,1014,6.33,79,158,1.22,64,0,10000,1014,6.33,79,158,1.22,64,0,10000,1014,6.33,79,158,1.22,64,0,10000
1018,9.84,66,60,2.06,0,0,10000,2,0,13,9,1011,6.52,77,180,2.05,98,0,10000,1011,6.52,77,180,2.05,98,0,10000,1011,6.52,77,180,2.05,98,0,10000,1011,6.52,77,180,2.05,98,0,10000,1011,6.52,77,180,2.05,98,0,10000,1011,6.52,77,180,2.05,98,0,10000,1011,6.52,77,180,2.05,98,0,10000,1011,6.52,77,180,2.05,98,0,10000,1011,6.52,77,180,2.05,98,0,10000,1011,6.52,77,180,2.05,98,0,10000,1011,6.52,77,180,2.05,98,0,10000,1011,6.52,77,180,2.05,98,0,10000
1018,9.84,66,60,2.06,0,0,10000,5,0,13,9,1010,6.8,81,195,3.12,99,0,10000,1010,6.8,81,195,3.12,99,0,10000,1010,6.8,81,195,3.12,99,0,10000,1010,6.8,81,195,3.12,99,0,10000,1010,6.8,81,195,3.12,99,0,10000,1010,6.8,81,195,3.12,99,0,10000,1010,6.8,81,195,3.12,99,0,10000,1010,6.8,81,195,3.12,99,0,10000,1010,6.8,81,195,3.12,99,0,10000,1010,6.8,81,195,3.12,99,0,10000,1010,6.8,81,195,3.12,99,0,10000,1010,6.8,81,195,3.12,99,0,10000
1018,9.84,66,60,2.06,0,0,10000,8,0,13,9,1018,9.84,66,304,1.71,0,0,10000,1018,9.84,66,304,1.71,0,0,10000,1018,9.84,66,304,1.71,0,0,10000,1018,9.84,66,304,1.71,0,0,10000,1018,9.84,66,304,1.71,0,0,10000,1018,9.84,66,304,1.71,0,0,10000,1018,9.84,66,304,1.71,0,0,10000,1018,9.84,66,304,1.71,0,0,10000,1018,9.84,66,304,1.71,0,0,10000,1018,9.84,66,304,1.71,0,0,10000,1018,9.84,66,304,1.71,0,0,10000,1018,9.84,66,304,1.71,0,0,10000
1018,9.84,66,60,2.06,0,0,10000,11,0,13,9,1018,9.88,65,305,2.8,33,0,10000,1018,9.88,65,305,2.8,33,0,10000,1018,9.88,65,305,2.8,33,0,10000,1018,9.88,65,305,2.8,33,0,10000,1018,9.88,65,305,2.8,33,0,10000,1018,9.88,65,305,2.8,33,0,10000,1018,9.88,65,305,2.8,33,0,10000,1018,9.88,65,305,2.8,33,0,10000,1018,9.88,65,305,2.8,33,0,10000,1018,9.88,65,305,2.8,33,0,10000,1018,9.88,65,305,2.8,33,0,10000,1018,9.88,65,305,2.8,33,0,10000
1018,9.84,66,60,2.06,0,0,10000,14,0,13,9,1017,10.13,64,323,3.19,55,0,10000,1017,10.13,64,323,3.19,55,0,10000,1017,10.13,64,323,3.19,55,0,10000,1017,10.13,64,323,3.19,55,0,10000,1017,10.13,64,323,3.19,55,0,10000,1017,10.13,64,323,3.19,55,0,10000,1017,10.13,64,323,3.19,55,0,10000,1017,10.13,64,323,3.19,55,0,10000,1017,10.13,64,323,3.19,55,0,10000,1017,10.13,64,323,3.19,55,0,10000,1017,10.13,64,323,3.19,55,0,10000,1017,10.13,64,323,3.19,55,0,10000
1018,9.84,66,60,2.06,0,0,10000,17,0,13,9,1015,8.86,75,21,3.04,61,0,10000,1015,8.86,75,21,3.04,61,0,10000,1015,8.86,75,21,3.04,61,0,10000,1015,8.86,75,21,3.04,61,0,10000,1015,8.86,75,21,3.04,61,0,10000,1015,8.86,75,21,3.04,61,0,10000,1015,8.86,75,21,3.04,61,0,10000,1015,8.86,75,21,3.04,61,0,10000,1015,8.86,75,21,3.04,61,0,10000,1015,8.86,75,21,3.04,61,0,10000,1015,8.86,75,21,3.04,61,0,10000,1015,8.86,75,21,3.04,61,0,10000
1018,9.84,66,60,2.06,0,0,10000,20,0,13,9,1015,6.65,78,14,0.82,67,0,10000,1015,6.65,78,14,0.82,67,0,10000,1015,6.65,78,14,0.82,67,0,10000,1015,6.65,78,14,0.82,67,0,10000,1015,6.65,78,14,0.82,67,0,10000,1015,6.65,78,14,0.82,67,0,10000,1015,6.65,78,14,0.82,67,0,10000,1015,6.65,78,14,0.82,67,0,10000,1015,6.65,78,14,0.82,67,0,10000,1015,6.65,78,14,0.82,67,0,10000,1015,6.65,78,14,0.82,67,0,10000,1015,6.65,78,14,0.82,67,0,10000
1018,9.84,66,60,2.06,0,0,10000,23,0,13,9,1014,6.33,79,158,1.22,64,0,10000,1014,6.33,79,158,1.22,64,0,10000,1014,6.33,79,158,1.22,64,0,10000,1014,6.33,79,158,1.22,64,0,10000,1014,6.33,79,158,1.22,64,0,10000,1014,6.33,79,158,1.22,64,0,10000,1014,6.33,79,158,1.22,64,0,10000,1014,6.33,79,158,1.22,64,0,10000,1014,6.33,79,158,1.22,64,0,10000,1014,6.33,79,158,1.22,64,0,10000,1014,6.33,79,158,1.22,64,0,10000,1014,6.33,79,158,1.22,64,0,10000
1018,9.84,66,60,2.06,0,0,10000,2,0,14,9,1011,6.52,77,180,2.05,98,0,10000,1011,6.52,77,180,2.05,98,0,10000,1011,6.52,77,180,2.05,98,0,10000,1011,6.52,77,180,2.05,98,0,10000,1011,6.52,77,180,2.05,98,0,10000,1011,6.52,77,180,2.05,98,0,10000,1011,6.52,77,180,2.05,98,0,10000,1011,6.52,77,180,2.05,98,0,10000,1011,6.52,77,180,2.05,98,0,10000,1011,6.52,77,180,2.05,98,0,10000,1011,6.52,77,180,2.05,98,0,10000,1011,6.52,77,180,2.05,98,0,10000
1018,9.84,66,60,2.06,0,0,10000,5,0,14,9,1010,6.8,81,195,3.12,99,0,10000,1010,6.8,81,195,3.12,99,0,10000,1010,6.8,81,195,3.12,99,0,10000,1010,6.8,81,195,3.12,99,0,10000,1010,6.8,81,195,3.12,99,0,10000,1010,6.8,81,195,3.12,99,0,10000,1010,6.8,81,195,3.12,99,0,10000,1010,6.8,81,195,3.12,99,0,10000,1010,6.8,81,195,3.12,99,0,10000,1010,6.8,81,195,3.12,99,0,10000,1010,6.8,81,195,3.12,99,0,10000,1010,6.8,81,195,3.12,99,0,10000
1018,9.84,66,60,2.06,0,0,10000,8,0,14,9,1018,9.84,66,304,1.71,0,0,10000,1018,9.84,66,304,1.71,0,0,10000,1018,9.84,66,304,1.71,0,0,10000,1018,9.84,66,304,1.71,0,0,10000,1018,9.84,66,304,1.71,0,0,10000,1018,9.84,66,304,1.71,0,0,10000,1018,9.84,66,304,1.71,0,0,10000,1018,9.84,66,304,1.71,0,0,10000,1018,9.84,66,304,1.71,0,0,10000,1018,9.84,66,304,1.71,0,0,10000,1018,9.84,66,304,1.71,0,0,10000,1018,9.84,66,304,1.71,0,0,10000
1018,9.84,66,60,2.06,0,0,10000,11,0,14,9,1018,9.88,65,305,2.8,33,0,10000,1018,9.88,65,305,2.8,33,0,10000,1018,9.88,65,305,2.8,33,0,10000,1018,9.88,65,305,2.8,33,0,10000,1018,9.88,65,305,2.8,33,0,10000,1018,9.88,65,305,2.8,33,0,10000,1018,9.88,65,305,2.8,33,0,10000,1018,9.88,65,305,2.8,33,0,10000,1018,9.88,65,305,2.8,33,0,10000,1018,9.88,65,305,2.8,33,0,10000,1018,9.88,65,305,2.8,33,0,10000,1018,9.88,65,305,2.8,33,0,10000
1018,9.84,66,60,2.06,0,0,10000,14,0,14,9,1017,10.13,64,323,3.19,55,0,10000,1017,10.13,64,323,3.19,55,0,10000,1017,10.13,64,323,3.19,55,0,10000,1017,10.13,64,323,3.19,55,0,10000,1017,10.13,64,323,3.19,55,0,10000,1017,10.13,64,323,3.19,55,0,10000,1017,10.13,64,323,3.19,55,0,10000,1017,10.13,64,323,3.19,55,0,10000,1017,10.13,64,323,3.19,55,0,10000,1017,10.13,64,323,3.19,55,0,10000,1017,10.13,64,323,3.19,55,0,10000,1017,10.13,64,323,3.19,55,0,10000
1018,9.84,66,60,2.06,0,0,10000,17,0,14,9,1015,8.86,75,21,3.04,61,0,10000,1015,8.86,75,21,3.04,61,0,10000,1015,8.86,75,21,3.04,61,0,10000,1015,8.86,75,21,3.04,61,0,10000,1015,8.86,75,21,3.04,61,0,10000,1015,8.86,75,21,3.04,61,0,10000,1015,8.86,75,21,3.04,61,0,10000,1015,8.86,75,21,3.04,61,0,10000,1015,8.86,75,21,3.04,61,0,10000,1015,8.86,75,21,3.04,61,0,10000,1015,8.86,75,21,3.04,61,0,10000,1015,8.86,75,21,3.04,61,0,10000
1018,9.84,66,60,2.06,0,0,10000,20,0,14,9,1015,6.65,78,14,0.82,67,0,10000,1015,6.65,78,14,0.82,67,0,10000,1015,6.65,78,14,0.82,67,0,10000,1015,6.65,78,14,0.82,67,0,10000,1015,6.65,78,14,0.82,67,0,10000,1015,6.65,78,14,0.82,67,0,10000,1015,6.65,78,14,0.82,67,0,10000,1015,6.65,78,14,0.82,67,0,10000,1015,6.65,78,14,0.82,67,0,10000,1015,6.65,78,14,0.82,67,0,10000,1015,6.65,78,14,0.82,67,0,10000,1015,6.65,78,14,0.82,67,0,10000
1018,9.84,66,60,2.06,0,0,10000,23,0,14,9,1014,6.33,79,158,1.22,64,0,10000,1014,6.33,79,158,1.22,64,0,10000,1014,6.33,79,158,1.22,64,0,10000,1014,6.33,79,158,1.22,64,0,10000,1014,6.33,79,158,1.22,64,0,10000,1014,6.33,79,158,1.22,64,0,10000,1014,6.33,79,158,1.22,64,0,10000,1014,6.33,79,158,1.22,64,0,10000,1014,6.33,79,158,1.22,64,0,10000,1014,6.33,79,158,1.22,64,0,10000,1014,6.33,79,158,1.22,64,0,10000,1014,6.33,79,158,1.22,64,0,10000
1018,9.84,66,60,2.06,0,0,10000,2,0,15,9,1011,6.52,77,180,2.05,98,0,10000,1011,6.52,77,180,2.05,98,0,10000,1011,6.52,77,180,2.05,98,0,10000,1011,6.52,77,180,2.05,98,0,10000,1011,6.52,77,180,2.05,98,0,10000,1011,6.52,77,180,2.05,98,0,10000,1011,6.52,77,180,2.05,98,0,10000,1011,6.52,77,180,2.05,98,0,10000,1011,6.52,77,180,2.05,98,0,10000,1011,6.52,77,180,2.05,98,0,10000,1011,6.52,77,180,2.05,98,0,10000,1011,6.52,77,180,2.05,98,0,10000
1018,9.84,66,60,2.06,0,0,10000,5,0,15,9,1010,6.8,81,195,3.12,99,0,10000,1010,6.8,81,195,3.12,99,0,10000,1010,6.8,81,195,3.12,99,0,10000,1010,6.8,81,195,3.12,99,0,10000,1010,6.8,81,195,3.12,99,0,10000,1010,6.8,81,195,3.12,99,0,10000,1010,6.8,81,195,3.12,99,0,10000,1010,6.8,81,195,3.12,99,0,10000,1010,6.8,81,195,3.12,99,0,10000,1010,6.8,81,195,3.12,99,0,10000,1010,6.8,81,195,3.12,99,0,10000,1010,6.8,81,195,3.12,99,0,10000
1018,9.84,66,60,2.06,0,0,10000,8,0,15,9,1018,9.84,66,304,1.71,0,0,10000,1018,9.84,66,304,1.71,0,0,10000,1018,9.84,66,304,1.71,0,0,10000,1018,9.84,66,304,1.71,0,0,10000,1018,9.84,66,304,1.71,0,0,10000,1018,9.84,66,304,1.71,0,0,10000,1018,9.84,66,304,1.71,0,0,10000,1018,9.84,66,304,1.71,0,0,10000,1018,9.84,66,304,1.71,0,0,10000,1018,9.84,66,304,1.71,0,0,10000,1018,9.84,66,304,1.71,0,0,10000,1018,9.84,66,304,1.71,0,0,10000
1018,9.84,66,60,2.06,0,0,10000,11,0,15,9,1018,9.88,65,305,2.8,33,0,10000,1018,9.88,65,305,2.8,33,0,10000,1018,9.88,65,305,2.8,33,0,10000,1018,9.88,65,305,2.8,33,0,10000,1018,9.88,65,305,2.8,33,0,10000,1018,9.88,65,305,2.8,33,0,10000,1018,9.88,65,305,2.8,33,0,10000,1018,9.88,65,305,2.8,33,0,10000,1018,9.88,65,305,2.8,33,0,10000,1018,9.88,65,305,2.8,33,0,10000,1018,9.88,65,305,2.8,33,0,10000,1018,9.88,65,305,2.8,33,0,10000
1018,9.84,66,60,2.06,0,0,10000,14,0,15,9,1017,10.13,64,323,3.19,55,0,10000,1017,10.13,64,323,3.19,55,0,10000,1017,10.13,64,323,3.19,55,0,10000,1017,10.13,64,323,3.19,55,0,10000,1017,10.13,64,323,3.19,55,0,10000,1017,10.13,64,323,3.19,55,0,10000,1017,10.13,64,323,3.19,55,0,10000,1017,10.13,64,323,3.19,55,0,10000,1017,10.13,64,323,3.19,55,0,10000,1017,10.13,64,323,3.19,55,0,10000,1017,10.13,64,323,3.19,55,0,10000,1017,10.13,64,323,3.19,55,0,10000
1018,9.84,66,60,2.06,0,0,10000,17,0,15,9,1015,8.86,75,21,3.04,61,0,10000,1015,8.86,75,21,3.04,61,0,10000,1015,8.86,75,21,3.04,61,0,10000,1015,8.86,75,21,3.04,61,0,10000,1015,8.86,75,21,3.04,61,0,10000,1015,8.86,75,21,3.04,61,0,10000,1015,8.86,75,21,3.04,61,0,10000,1015,8.86,75,21,3.04,61,0,10000,1015,8.86,75,21,3.04,61,0,10000,1015,8.86,75,21,3.04,61,0,10000,1015,8.86,75,21,3.04,61,0,10000,1015,8.86,75,21,3.04,61,0,10000
1018,9.84,66,60,2.06,0,0,10000,20,0,15,9,1015,6.65,78,14,0.82,67,0,10000,1015,6.65,78,14,0.82,67,0,10000,1015,6.65,78,14,0.82,67,0,10000,1015,6.65,78,14,0.82,67,0,10000,1015,6.65,78,14,0.82,67,0,10000,1015,6.65,78,14,0.82,67,0,10000,1015,6.65,78,14,0.82,67,0,10000,1015,6.65,78,14,0.82,67,0,10000,1015,6.65,78,14,0.82,67,0,10000,1015,6.65,78,14,0.82,67,0,10000,1015,6.65,78,14,0.82,67,0,10000,1015,6.65,78,14,0.82,67,0,10000
1018,9.84,66,60,2.06,0,0,10000,23,0,15,9,1014,6.33,79,158,1.22,64,0,10000,1014,6.33,79,158,1.22,64,0,10000,1014,6.33,79,158,1.22,64,0,10000,1014,6.33,79,158,1.22,64,0,10000,1014,6.33,79,158,1.22,64,0,10000,1014,6.33,79,158,1.22,64,0,10000,1014,6.33,79,158,1.22,64,0,10000,1014,6.33,79,158,1.22,64,0,10000,1014,6.33,79,158,1.22,64,0,10000,1014,6.33,79,158,1.22,64,0,10000,1014,6.33,79,158,1.22,64,0,10000,1014,6.33,79,158,1.22,64,0,10000
1018,9.84,66,60,2.06,0,0,10000,2,0,16,9,1011,6.52,77,180,2.05,98,0,10000,1011,6.52,77,180,2.05,98,0,10000,1011,6.52,77,180,2.05,98,0,10000,1011,6.52,77,180,2.05,98,0,10000,1011,6.52,77,180,2.05,98,0,10000,1011,6.52,77,180,2.05,98,0,10000,1011,6.52,77,180,2.05,98,0,10000,1011,6.52,77,180,2.05,98,0,10000,1011,6.52,77,180,2.05,98,0,10000,1011,6.52,77,180,2.05,98,0,10000,1011,6.52,77,180,2.05,98,0,10000,1011,6.52,77,180,2.05,98,0,10000
1018,9.84,66,60,2.06,0,0,10000,5,0,16,9,1010,6.8,81,195,3.12,99,0,10000,1010,6.8,81,195,3.12,99,0,10000,1010,6.8,81,195,3.12,99,0,10000,1010,6.8,81,195,3.12,99,0,10000,1010,6.8,81,195,3.12,99,0,10000,1010,6.8,81,195,3.12,99,0,10000,1010,6.8,81,195,3.12,99,0,10000,1010,6.8,81,195,3.12,99,0,10000,1010,6.8,81,195,3.12,99,0,10000,1010,6.8,81,195,3.12,99,0,10000,1010,6.8,81,195,3.12,99,0,10000,1010,6.8,81,195,3.12,99,0,10000
1018,9.84,66,60,2.06,0,0,10000,8,0,16,9,1018,9.84,66,304,1.71,0,0,10000,1018,9.84,66,304,1.71,0,0,10000,1018,9.84,66,304,1.71,0,0,10000,1018,9.84,66,304,1.71,0,0,10000,1018,9.84,66,304,1.71,0,0,10000,1018,9.84,66,304,1.71,0,0,10000,1018,9.84,66,304,1.71,0,0,10000,1018,9.84,66,304,1.71,0,0,10000,1018,9.84,66,304,1.71,0,0,10000,1018,9.84,66,304,1.71,0,0,10000,1018,9.84,66,304,1.71,0,0,10000,1018,9.84,66,304,1.71,0,0,10000
1018,9.84,66,60,2.06,0,0,10000,11,0,16,9,1018,9.88,65,305,2.8,33,0,10000,1018,9.88,65,305,2.8,33,0,10000,1018,9.88,65,305,2.8,33,0,10000,1018,9.88,65,305,2.8,33,0,10000,1018,9.88,65,305,2.8,33,0,10000,1018,9.88,65,305,2.8,33,0,10000,1018,9.88,65,305,2.8,33,0,10000,1018,9.88,65,305,2.8,33,0,10000,1018,9.88,65,305,2.8,33,0,10000,1018,9.88,65,305,2.8,33,0,10000,1018,9.88,65,305,2.8,33,0,10000,1018,9.88,65,305,2.8,33,0,10000
1018,9.84,66,60,2.06,0,0,10000,14,0,16,9,1017,10.13,64,323,3.19,55,0,10000,1017,10.13,64,323,3.19,55,0,10000,1017,10.13,64,323,3.19,55,0,10000,1017,10.13,64,323,3.19,55,0,10000,1017,10.13,64,323,3.19,55,0,10000,1017,10.13,64,323,3.19,55,0,10000,1017,10.13,64,323,3.19,55,0,10000,1017,10.13,64,323,3.19,55,0,10000,1017,10.13,64,323,3.19,55,0,10000,1017,10.13,64,323,3.19,55,0,10000,1017,10.13,64,323,3.19,55,0,10000,1017,10.13,64,323,3.19,55,0,10000
1018,9.84,66,60,2.06,0,0,10000,17,0,16,9,1015,8.86,75,21,3.04,61,0,10000,1015,8.86,75,21,3.04,61,0,10000,1015,8.86,75,21,3.04,61,0,10000,1015,8.86,75,21,3.04,61,0,10000,1015,8.86,75,21,3.04,61,0,10000,1015,8.86,75,21,3.04,61,0,10000,1015,8.86,75,21,3.04,61,0,10000,1015,8.86,75,21,3.04,61,0,10000,1015,8.86,75,21,3.04,61,0,10000,1015,8.86,75,21,3.04,61,0,10000,1015,8.86,75,21,3.04,61,0,10000,1015,8.86,75,21,3.04,61,0,10000
1018,9.84,66,60,2.06,0,0,10000,20,0,16,9,1015,6.65,78,14,0.82,67,0,10000,1015,6.65,78,14,0.82,67,0,10000,1015,6.65,78,14,0.82,67,0,10000,1015,6.65,78,14,0.82,67,0,10000,1015,6.65,78,14,0.82,67,0,10000,1015,6.65,78,14,0.82,67,0,10000,1015,6.65,78,14,0.82,67,0,10000,1015,6.65,78,14,0.82,67,0,10000,1015,6.65,78,14,0.82,67,0,10000,1015,6.65,78,14,0.82,67,0,10000,1015,6.65,78,14,0.82,67,0,10000,1015,6.65,78,14,0.82,67,0,10000
1018,9.84,66,60,2.06,0,0,10000,23,0,16,9,1014,6.33,79,158,1.22,64,0,10000,1014,6.33,79,158,1.22,64,0,10000,1014,6.33,79,158,1.22,64,0,10000,1014,6.33,79,158,1.22,64,0,10000,1014,6.33,79,158,1.22,64,0,10000,1014,6.33,79,158,1.22,64,0,10000,1014,6.33,79,158,1.22,64,0,10000,1014,6.33,79,158,1.22,64,0,10000,1014,6.33,79,158,1.22,64,0,10000,1014,6.33,79,158,1.22,64,0,10000,1014,6.33,79,158,1.22,64,0,10000,1014,6.33,79,158,1.22,64,0,10000
1018,9.84,66,60,2.06,0,0,10000,2,0,17,9,1011,6.52,77,180,2.05,98,0,10000,1011,6.52,77,180,2.05,98,0,10000,1011,6.52,77,180,2.05,98,0,10000,1011,6.52,77,180,2.05,98,0,10000,1011,6.52,77,180,2.05,98,0,10000,1011,6.52,77,180,2.05,98,0,10000,1011,6.52,77,180,2.05,98,0,10000,1011,6.52,77,180,2.05,98,0,10000,1011,6.52,77,180,2.05,98,0,10000,1011,6.52,77,180,2.05,98,0,10000,1011,6.52,77,180,2.05,98,0,10000,1011,6.52,77,180,2.05,98,0,10000
1018,9.84,66,60,2.06,0,0,10000,5,0,17,9,1010,6.8,81,195,3.12,99,0,10000,1010,6.8,81,195,3.12,99,0,10000,1010,6.8,81,195,3.12,99,0,10000,1010,6.8,81,195,3.12,99,0,10000,1010,6.8,81,195,3.12,99,0,10000,1010,6.8,81,195,3.12,99,0,10000,1010,6.8,81,195,3.12,99,0,10000,1010,6.8,81,195,3.12,99,0,10000,1010,6.8,81,195,3.12,99,0,10000,1010,6.8,81,195,3.12,99,0,10000,1010,6.8,81,195,3.12,99,0,10000,1010,6.8,81,195,3.12,99,0,10000
1018,9.84,66,60,2.06,0,0,10000,8,0,17,9,1018,9.84,66,304,1.71,0,0,10000,1018,9.84,66,304,1.71,0,0,10000,1018,9.84,66,304,1.71,0,0,10000,1018,9.84,66,304,1.71,0,0,10000,1018,9.84,66,304,1.71,0,0,10000,1018,9.84,66,304,1.71,0,0,10000,1018,9.84,66,304,1.71,0,0,10000,1018,9.84,66,304,1.71,0,0,10000,1018,9.84,66,304,1.71,0,0,10000,1018,9.84,66,304,1.71,0,0,10000,1018,9.84,66,304,1.71,0,0,10000,1018,9.84,66,304,1.71,0,0,10000
1018,9.84,66,60,2.06,0,0,10000,11,0,17,9,1018,9.88,65,305,2.8,33,0,10000,1018,9.88,65,305,2.8,33,0,10000,1018,9.88,65,305,2.8,33,0,10000,1018,9.88,65,305,2.8,33,0,10000,1018,9.88,65,305,2.8,33,0,10000,1018,9.88,65,305,2.8,33,0,10000,1018,9.88,65,305,2.8,33,0,10000,1018,9.88,65,305,2.8,33,0,10000,1018,9.88,65,305,2.8,33,0,10000,1018,9.88,65,305,2.8,33,0,10000,1018,9.88,65,305,2.8,33,0,10000,1018,9.88,65,305,2.8,33,0,10000
1018,9.84,66,60,2.06,0,0,10000,14,0,17,9,1017,10.13,64,323,3.19,55,0,10000,1017,10.13,64,323,3.19,55,0,10000,1017,10.13,64,323,3.19,55,0,10000,1017,10.13,64,323,3.19,55,0,10000,1017,10.13,64,323,3.19,55,0,10000,1017,10.13,64,323,3.19,55,0,10000,1017,10.13,64,323,3.19,55,0,10000,1017,10.13,64,323,3.19,55,0,10000,1017,10.13,64,323,3.19,55,0,10000,1017,10.13,64,323,3.19,55,0,10000,1017,10.13,64,323,3.19,55,0,10000,1017,10.13,64,323,3.19,55,0,10000
1018,9.84,66,60,2.06,0,0,10000,17,0,17,9,1015,8.86,75,21,3.04,61,0,10000,1015,8.86,75,21,3.04,61,0,10000,1015,8.86,75,21,3.04,61,0,10000,1015,8.86,75,21,3.04,61,0,10000,1015,8.86,75,21,3.04,61,0,10000,1015,8.86,75,21,3.04,61,0,10000,1015,8.86,75,21,3.04,61,0,10000,1015,8.86,75,21,3.04,61,0,10000,1015,8.86,75,21,3.04,61,0,10000,1015,8.86,75,21,3.04,61,0,10000,1015,8.86,75,21,3.04,61,0,10000,1015,8.86,75,21,3.04,61,0,10000
1018,9.84,66,60,2.06,0,0,10000,20,0,17,9,1015,6.65,78,14,0.82,67,0,10000,1015,6.65,78,14,0.82,67,0,10000,1015,6.65,78,14,0.82,67,0,10000,1015,6.65,78,14,0.82,67,0,10000,1015,6.65,78,14,0.82,67,0,10000,1015,6.65,78,14,0.82,67,0,10000,1015,6.65,78,14,0.82,67,0,10000,1015,6.65,78,14,0.82,67,0,10000,1015,6.65,78,14,0.82,67,0,10000,1015,6.65,78,14,0.82,67,0,10000,1015,6.65,78,14,0.82,67,0,10000,1015,6.65,78,14,0.82,67,0,10000
1018,9.84,66,60,2.06,0,0,10000,23,0,17,9,1014,6.33,79,158,1.22,64,0,10000,1014,6.33,79,158,1.22,64,0,10000,1014,6.33,79,158,1.22,64,0,10000,1014,6.33,79,158,1.22,64,0,10000,1014,6.33,79,158,1.22,64,0,10000,1014,6.33,79,158,1.22,64,0,10000,1014,6.33,79,158,1.22,64,0,10000,1014,6.33,79,158,1.22,64,0,10000,1014,6.33,79,158,1.22,64,0,10000,1014,6.33,79,158,1.22,64,0,10000,1014,6.33,79,158,1.22,64,0,10000,1014,6.33,79,158,1.22,64,0,10000
1018,9.84,66,60,2.06,0,0,10000,2,0,18,9,1011,6.52,77,180,2.05,98,0,10000,1011,6.52,77,180,2.05,98,0,10000,1011,6.52,77,180,2.05,98,0,10000,1011,6.52,77,180,2.05,98,0,10000,1011,6.52,77,180,2.05,98,0,10000,1011,6.52,77,180,2.05,98,0,10000,1011,6.52,77,180,2.05,98,0,10000,1011,6.52,77,180,2.05,98,0,10000,1011,6.52,77,180,2.05,98,0,10000,1011,6.52,77,180,2.05,98,0,10000,1011,6.52,77,180,2.05,98,0,10000,1011,6.52,77,180,2.05,98,0,10000
1018,9.84,66,60,2.06,0,0,10000,5,0,18,9,1010,6.8,81,195,3.12,99,0,10000,1010,6.8,81,195,3.12,99,0,10000,1010,6.8,81,195,3.12,99,0,10000,1010,6.8,81,195,3.12,99,0,10000,1010,6.8,81,195,3.12,99,0,10000,1010,6.8,81,195,3.12,99,0,10000,1010,6.8,81,195,3.12,99,0,10000,1010,6.8,81,195,3.12,99,0,10000,1010,6.8,81,195,3.12,99,0,10000,1010,6.8,81,195,3.12,99,0,10000,1010,6.8,81,195,3.12,99,0,10000,1010,6.8,81,195,3.12,99,0,10000
1018,9.84,66,60,2.06,0,0,10000,8,0,18,9,1018,9.84,66,304,1.71,0,0,10000,1018,9.84,66,304,1.71,0,0,10000,1018,9.84,66,304,1.71,0,0,10000,1018,9.84,66,304,1.71,0,0,10000,1018,9.84,66,304,1.71,0,0,10000,1018,9.84,66,304,1.71,0,0,10000,1018,9.84,66,304,1.71,0,0,10000,1018,9.84,66,304,1.71,0,0,10000,1018,9.84,66,304,1.71,0,0,10000,1018,9.84,66,304,1.71,0,0,10000,1018,9.84,66,304,1.71,0,0,10000,1018,9.84,66,304,1.71,0,0,10000
1018,9.84,66,60,2.06,0,0,10000,11,0,18,9,1018,9.88,65,305,2.8,33,0,10000,1018,9.88,65,305,2.8,33,0,10000,1018,9.88,65,305,2.8,33,0,10000,1018,9.88,65,305,2.8,33,0,10000,1018,9.88,65,305,2.8,33,0,10000,1018,9.88,65,305,2.8,33,0,10000,1018,9.88,65,305,2.8,33,0,10000,1018,9.88,65,305,2.8,33,0,10000,1018,9.88,65,305,2.8,33,0,10000,1018,9.88,65,305,2.8,33,0,10000,1018,9.88,65,305,2.8,33,0,10000,1018,9.88,65,305,2.8,33,0,10000
1018,9.84,66,60,2.06,0,0,10000,14,0,18,9,1017,10.13,64,323,3.19,55,0,10000,1017,10.13,64,323,3.19,55,0,10000,1017,10.13,64,323,3.19,55,0,10000,1017,10.13,64,323,3.19,55,0,10000,1017,10.13,64,323,3.19,55,0,10000,1017,10.13,64,323,3.19,55,0,10000,1017,10.13,64,323,3.19,55,0,10000,1017,10.13,64,323,3.19,55,0,10000,1017,10.13,64,323,3.19,55,0,10000,1017,10.13,64,323,3.19,55,0,10000,1017,10.13,64,323,3.19,55,0,10000,1017,10.13,64,323,3.19,55,0,10000
1018,9.84,66,60,2.06,0,0,10000,17,0,18,9,1015,8.86,75,21,3.04,61,0,10000,1015,8.86,75,21,3.04,61,0,10000,1015,8.86,75,21,3.04,61,0,10000,1015,8.86,75,21,3.04,61,0,10000,1015,8.86,75,21,3.04,61,0,10000,1015,8.86,75,21,3.04,61,0,10000,1015,8.86,75,21,3.04,61,0,10000,1015,8.86,75,21,3.04,61,0,10000,1015,8.86,75,21,3.04,61,0,10000,1015,8.86,75,21,3.04,61,0,10000,1015,8.86,75,21,3.04,61,0,10000,1015,8.86,75,21,3.04,61,0,10000
1018,9.84,66,60,2.06,0,0,10000,20,0,18,9,1015,6.65,78,14,0.82,67,0,10000,1015,6.65,78,14,0.82,67,0,10000,1015,6.65,78,14,0.82,67,0,10000,1015,6.65,78,14,0.82,67,0,10000,1015,6.65,78,14,0.82,67,0,10000,1015,6.65,78,14,0.82,67,0,10000,1015,6.65,78,14,0.82,67,0,10000,1015,6.65,78,14,0.82,67,0,10000,1015,6.65,78,14,0.82,67,0,10000,1015,6.65,78,14,0.82,67,0,10000,1015,6.65,78,14,0.82,67,0,10000,1015,6.65,78,14,0.82,67,0,10000
1018,9.84,66,60,2.06,0,0,10000,23,0,18,9,1014,6.33,79,158,1.22,64,0,10000,1014,6.33,79,158,1.22,64,0,10000,1014,6.33,79,158,1.22,64,0,10000,1014,6.33,79,158,1.22,64,0,10000,1014,6.33,79,158,1.22,64,0,10000,1014,6.33,79,158,1.22,64,0,10000,1014,6.33,79,158,1.22,64,0,10000,1014,6.33,79,158,1.22,64,0,10000,1014,6.33,79,158,1.22,64,0,10000,1014,6.33,79,158,1.22,64,0,10000,1014,6.33,79,158,1.22,64,0,10000,1014,6.33,79,158,1.22,64,0,10000
1018,9.84,66,60,2.06,0,0,10000,2,0,19,9,1011,6.52,77,180,2.05,98,0,10000,1011,6.52,77,180,2.05,98,0,10000,1011,6.52,77,180,2.05,98,0,10000,1011,6.52,77,180,2.05,98,0,10000,1011,6.52,77,180,2.05,98,0,10000,1011,6.52,77,180,2.05,98,0,10000,1011,6.52,77,180,2.05,98,0,10000,1011,6.52,77,180,2.05,98,0,10000,1011,6.52,77,180,2.05,98,0,10000,1011,6.52,77,180,2.05,98,0,10000,1011,6.52,77,180,2.05,98,0,10000,1011,6.52,77,180,2.05,98,0,10000
1018,9.84,66,60,2.06,0,0,10000,5,0,19,9,1010,6.8,81,195,3.12,99,0,10000,1010,6.8,81,195,3.12,99,0,10000,1010,6.8,81,195,3.12,99,0,10000,1010,6.8,81,195,3.12,99,0,10000,1010,6.8,81,195,3.12,99,0,10000,1010,6.8,81,195,3.12,99,0,10000,1010,6.8,81,195,3.12,99,0,10000,1010,6.8,81,195,3.12,99,0,10000,1010,6.8,81,195,3.12,99,0,10000,1010,6.8,81,195,3.12,99,0,10000,1010,6.8,81,195,3.12,99,0,10000,1010,6.8,81,195,3.12,99,0,10000
1018,9.84,66,60,2.06,0,0,10000,8,0,19,9,1018,9.84,66,304,1.71,0,0,10000,1018,9.84,66,304,1.71,0,0,10000,1018,9.84,66,304,1.71,0,0,10000,1018,9.84,66,304,1.71,0,0,10000,1018,9.84,66,304,1.71,0,0,10000,1018,9.84,66,304,1.71,0,0,10000,1018,9.84,66,304,1.71,0,0,10000,1018,9.84,66,304,1.71,0,0,10000,1018,9.84,66,304,1.71,0,0,10000,1018,9.84,66,304,1.71,0,0,10000,1018,9.84,66,304,1.71,0,0,10000,1018,9.84,66,304,1.71,0,0,10000
1018,9.84,66,60,2.06,0,0,10000,11,0,19,9,1018,9.88,65,305,2.8,33,0,10000,1018,9.88,65,305,2.8,33,0,10000,1018,9.88,65,305,2.8,33,0,10000,1018,9.88,65,305,2.8,33,0,10000,1018,9.88,65,305,2.8,33,0,10000,1018,9.88,65,305,2.8,33,0,10000,1018,9.88,65,305,2.8,33,0,10000,1018,9.88,65,305,2.8,33,0,10000,1018,9.88,65,305,2.8,33,0,10000,1018,9.88,65,305,2.8,33,0,10000,1018,9.88,65,305,2.8,33,0,10000,1018,9.88,65,305,2.8,33,0,10000
1018,9.84,66,60,2.06,0,0,10000,14,0,19,9,1017,10.13,64,323,3.19,55,0,10000,1017,10.13,64,323,3.19,55,0,10000,1017,10.13,64,323,3.19,55,0,10000,1017,10.13,64,323,3.19,55,0,10000,1017,10.13,64,323,3.19,55,0,10000,1017,10.13,64,323,3.19,55,0,10000,1017,10.13,64,323,3.19,55,0,10000,1017,10.13,64,323,3.19,55,0,10000,1017,10.13,64,323,3.19,55,0,10000,1017,10.13,64,323,3.19,55,0,10000,1017,10.13,64,323,3.19,55,0,10000,1017,10.13,64,323,3.19,55,0,10000
1018,9.84,66,60,2.06,0,0,10000,17,0,19,9,1015,8.86,75,21,3.04,61,0,10000,1015,8.86,75,21,3.04,61,0,10000,1015,8.86,75,21,3.04,61,0,10000,1015,8.86,75,21,3.04,61,0,10000,1015,8.86,75,21,3.04,61,0,10000,1015,8.86,75,21,3.04,61,0,10000,1015,8.86,75,21,3.04,61,0,10000,1015,8.86,75,21,3.04,61,0,10000,1015,8.86,75,21,3.04,61,0,10000,1015,8.86,75,21,3.04,61,0,10000,1015,8.86,75,21,3.04,61,0,10000,1015,8.86,75,21,3.04,61,0,10000
1018,9.84,66,60,2.06,0,0,10000,20,0,19,9,1015,6.65,78,14,0.82,67,0,10000,1015,6.65,78,14,0.82,67,0,10000,1015,6.65,78,14,0.82,67,0,10000,1015,6.65,78,14,0.82,67,0,10000,1015,6.65,78,14,0.82,67,0,10000,1015,6.65,78,14,0.82,67,0,10000,1015,6.65,78,14,0.82,67,0,10000,1015,6.65,78,14,0.82,67,0,10000,1015,6.65,78,14,0.82,67,0,10000,1015,6.65,78,14,0.82,67,0,10000,1015,6.65,78,14,0.82,67,0,10000,1015,6.65,78,14,0.82,67,0,10000
1018,9.84,66,60,2.06,0,0,10000,23,0,19,9,1014,6.33,79,158,1.22,64,0,10000,1014,6.33,79,158,1.22,64,0,10000,1014,6.33,79,158,1.22,64,0,10000,1014,6.33,79,158,1.22,64,0,10000,1014,6.33,79,158,1.22,64,0,10000,1014,6.33,79,158,1.22,64,0,10000,1014,6.33,79,158,1.22,64,0,10000,1014,6.33,79,158,1.22,64,0,10000,1014,6.33,79,158,1.22,64,0,10000,1014,6.33,79,158,1.22,64,0,10000,1014,6.33,79,158,1.22,64,0,10000,1014,6.33,79,158,1.22,64,0,10000
1018,9.84,66,60,2.06,0,0,10000,2,0,20,9,1011,6.52,77,180,2.05,98,0,10000,1011,6.52,77,180,2.05,98,0,10000,1011,6.52,77,180,2.05,98,0,10000,1011,6.52,77,180,2.05,98,0,10000,1011,6.52,77,180,2.05,98,0,10000,1011,6.52,77,180,2.05,98,0,10000,1011,6.52,77,180,2.05,98,0,10000,1011,6.52,77,180,2.05,98,0,10000,1011,6.52,77,180,2.05,98,0,10000,1011,6.52,77,180,2.05,98,0,10000,1011,6.52,77,180,2.05,98,0,10000,1011,6.52,77,180,2.05,98,0,10000
1018,9.84,66,60,2.06,0,0,10000,5,0,20,9,1010,6.8,81,195,3.12,99,0,10000,1010,6.8,81,195,3.12,99,0,10000,1010,6.8,81,195,3.12,99,0,10000,1010,6.8,81,195,3.12,99,0,10000,1010,6.8,81,195,3.12,99,0,10000,1010,6.8,81,195,3.12,99,0,10000,1010,6.8,81,195,3.12,99,0,10000,1010,6.8,81,195,3.12,99,0,10000,1010,6.8,81,195,3.12,99,0,10000,1010,6.8,81,195,3.12,99,0,10000,1010,6.8,81,195,3.12,99,0,10000,1010,6.8,81,195,3.12,99,0,10000
1018,9.84,66,60,2.06,0,0,10000,8,0,20,9,1018,9.84,66,304,1.71,0,0,10000,1018,9.84,66,304,1.71,0,0,10000,1018,9.84,66,304,1.71,0,0,10000,1018,9.84,66,304,1.71,0,0,10000,1018,9.84,66,304,1.71,0,0,10000,1018,9.84,66,304,1.71,0,0,10000,1018,9.84,66,304,1.71,0,0,10000,1018,9.84,66,304,1.71,0,0,10000,1018,9.84,66,304,1.71,0,0,10000,1018,9.84,66,304,1.71,0,0,10000,1018,9.84,66,304,1.71,0,0,10000,1018,9.84,66,304,1.71,0,0,10000
1018,9.84,66,60,2.06,0,0,10000,11,0,20,9,1018,9.88,65,305,2.8,33,0,10000,1018,9.88,65,305,2.8,33,0,10000,1018,9.88,65,305,2.8,33,0,10000,1018,9.88,65,305,2.8,33,0,10000,1018,9.88,65,305,2.8,33,0,10000,1018,9.88,65,305,2.8,33,0,10000,1018,9.88,65,305,2.8,33,0,10000,1018,9.88,65,305,2.8,33,0,10000,1018,9.88,65,305,2.8,33,0,10000,1018,9.88,65,305,2.8,33,0,10000,1018,9.88,65,305,2.8,33,0,10000,1018,9.88,65,305,2.8,33,0,10000
1018,9.84,66,60,2.06,0,0,10000,14,0,20,9,1017,10.13,64,323,3.19,55,0,10000,1017,10.13,64,323,3.19,55,0,10000,1017,10.13,64,323,3.19,55,0,10000,1017,10.13,64,323,3.19,55,0,10000,1017,10.13,64,323,3.19,55,0,10000,1017,10.13,64,323,3.19,55,0,10000,1017,10.13,64,323,3.19,55,0,10000,1017,10.13,64,323,3.19,55,0,10000,1017,10.13,64,323,3.19,55,0,10000,1017,10.13,64,323,3.19,55,0,10000,1017,10.13,64,323,3.19,55,0,10000,1017,10.13,64,323,3.19,55,0,10000
1018,9.84,66,60,2.06,0,0,10000,17,0,20,9,1015,8.86,75,21,3.04,61,0,10000,1015,8.86,75,21,3.04,61,0,10000,1015,8.86,75,21,3.04,61,0,10000,1015,8.86,75,21,3.04,61,0,10000,1015,8.86,75,21,3.04,61,0,10000,1015,8.86,75,21,3.04,61,0,10000,1015,8.86,75,21,3.04,61,0,10000,1015,8.86,75,21,3.04,61,0,10000,1015,8.86,75,21,3.04,61,0,10000,1015,8.86,75,21,3.04,61,0,10000,1015,8.86,75,21,3.04,61,0,10000,1015,8.86,75,21,3.04,61,0,10000
1018,9.84,66,60,2.06,0,0,10000,20,0,20,9,1015,6.65,78,14,0.82,67,0,10000,1015,6.65,78,14,0.82,67,0,10000,1015,6.65,78,14,0.82,67,0,10000,1015,6.65,78,14,0.82,67,0,10000,1015,6.65,78,14,0.82,67,0,10000,1015,6.65,78,14,0.82,67,0,10000,1015,6.65,78,14,0.82,67,0,10000,1015,6.65,78,14,0.82,67,0,10000,1015,6.65,78,14,0.82,67,0,10000,1015,6.65,78,14,0.82,67,0,10000,1015,6.65,78,14,0.82,67,0,10000,1015,6.65,78,14,0.82,67,0,10000
1018,9.84,66,60,2.06,0,0,10000,23,0,20,9,1014,6.33,79,158,1.22,64,0,10000,1014,6.33,79,158,1.22,64,0,10000,1014,6.33,79,158,1.22,64,0,10000,1014,6.33,79,158,1.22,64,0,10000,1014,6.33,79,158,1.22,64,0,10000,1014,6.33,79,158,1.22,64,0,10000,1014,6.33,79,158,1.22,64,0,10000,1014,6.33,79,158,1.22,64,0,10000,1014,6.33,79,158,1.22,64,0,10000,1014,6.33,79,158,1.22,64,0,10000,1014,6.33,79,158,1.22,64,0,10000,1014,6.33,79,158,1.22,64,0,10000
1018,9.84,66,60,2.06,0,0,10000,2,0,21,9,1011,6.52,77,180,2.05,98,0,10000,1011,6.52,77,180,2.05,98,0,10000,1011,6.52,77,180,2.05,98,0,10000,1011,6.52,77,180,2.05,98,0,10000,1011,6.52,77,180,2.05,98,0,10000,1011,6.52,77,180,2.05,98,0,10000,1011,6.52,77,180,2.05,98,0,10000,1011,6.52,77,180,2.05,98,0,10000,1011,6.52,77,180,2.05,98,0,10000,1011,6.52,77,180,2.05,98,0,10000,1011,6.52,77,180,2.05,98,0,10000,1011,6.52,77,180,2.05,98,0,10000
1018,9.84,66,60,2.06,0,0,10000,5,0,21,9,1010,6.8,81,195,3.12,99,0,10000,1010,6.8,81,195,3.12,99,0,10000,1010,6.8,81,195,3.12,99,0,10000,1010,6.8,81,195,3.12,99,0,10000,1010,6.8,81,195,3.12,99,0,10000,1010,6.8,81,195,3.12,99,0,10000,1010,6.8,81,195,3.12,99,0,10000,1010,6.8,81,195,3.12,99,0,10000,1010,6.8,81,195,3.12,99,0,10000,1010,6.8,81,195,3.12,99,0,10000,1010,6.8,81,195,3.12,99,0,10000,1010,6.8,81,195,3.12,99,0,10000
1018,9.84,66,60,2.06,0,0,10000,8,0,21,9,1018,9.84,66,304,1.71,0,0,10000,1018,9.84,66,304,1.71,0,0,10000,1018,9.84,66,304,1.71,0,0,10000,1018,9.84,66,304,1.71,0,0,10000,1018,9.84,66,304,1.71,0,0,10000,1018,9.84,66,304,1.71,0,0,10000,1018,9.84,66,304,1.71,0,0,10000,1018,9.84,66,304,1.71,0,0,10000,1018,9.84,66,304,1.71,0,0,10000,1018,9.84,66,304,1.71,0,0,10000,1018,9.84,66,304,1.71,0,0,10000,1018,9.84,66,304,1.71,0,0,10000
1018,9.84,66,60,2.06,0,0,10000,11,0,21,9,1018,9.88,65,305,2.8,33,0,10000,1018,9.88,65,305,2.8,33,0,10000,1018,9.88,65,305,2.8,33,0,10000,1018,9.88,65,305,2.8,33,0,10000,1018,9.88,65,305,2.8,33,0,10000,1018,9.88,65,305,2.8,33,0,10000,1018,9.88,65,305,2.8,33,0,10000,1018,9.88,65,305,2.8,33,0,10000,1018,9.88,65,305,2.8,33,0,10000,1018,9.88,65,305,2.8,33,0,10000,1018,9.88,65,305,2.8,33,0,10000,1018,9.88,65,305,2.8,33,0,10000
1018,9.84,66,60,2.06,0,0,10000,14,0,21,9,1017,10.13,64,323,3.19,55,0,10000,1017,10.13,64,323,3.19,55,0,10000,1017,10.13,64,323,3.19,55,0,10000,1017,10.13,64,323,3.19,55,0,10000,1017,10.13,64,323,3.19,55,0,10000,1017,10.13,64,323,3.19,55,0,10000,1017,10.13,64,323,3.19,55,0,10000,1017,10.13,64,323,3.19,55,0,10000,1017,10.13,64,323,3.19,55,0,10000,1017,10.13,64,323,3.19,55,0,10000,1017,10.13,64,323,3.19,55,0,10000,1017,10.13,64,323,3.19,55,0,10000
1018,9.84,66,60,2.06,0,0,10000,17,0,21,9,1015,8.86,75,21,3.04,61,0,10000,1015,8.86,75,21,3.04,61,0,10000,1015,8.86,75,21,3.04,61,0,10000,1015,8.86,75,21,3.04,61,0,10000,1015,8.86,75,21,3.04,61,0,10000,1015,8.86,75,21,3.04,61,0,10000,1015,8.86,75,21,3.04,61,0,10000,1015,8.86,75,21,3.04,61,0,10000,1015,8.86,75,21,3.04,61,0,10000,1015,8.86,75,21,3.04,61,0,10000,1015,8.86,75,21,3.04,61,0,10000,1015,8.86,75,21,3.04,61,0,10000
1018,9.84,66,60,2.06,0,0,10000,20,0,21,9,1015,6.65,78,14,0.82,67,0,10000,1015,6.65,78,14,0.82,67,0,10000,1015,6.65,78,14,0.82,67,0,10000,1015,6.65,78,14,0.82,67,0,10000,1015,6.65,78,14,0.82,67,0,10000,1015,6.65,78,14,0.82,67,0,10000,1015,6.65,78,14,0.82,67,0,10000,1015,6.65,78,14,0.82,67,0,10000,1015,6.65,78,14,0.82,67,0,10000,1015,6.65,78,14,0.82,67,0,10000,1015,6.65,78,14,0.82,67,0,10000,1015,6.65,78,14,0.82,67,0,10000
1018,9.84,66,60,2.06,0,0,10000,23,0,21,9,1014,6.33,79,158,1.22,64,0,10000,1014,6.33,79,158,1.22,64,0,10000,1014,6.33,79,158,1.22,64,0,10000,1014,6.33,79,158,1.22,64,0,10000,1014,6.33,79,158,1.22,64,0,10000,1014,6.33,79,158,1.22,64,0,10000,1014,6.33,79,158,1.22,64,0,10000,1014,6.33,79,158,1.22,64,0,10000,1014,6.33,79,158,1.22,64,0,10000,1014,6.33,79,158,1.22,64,0,10000,1014,6.33,79,158,1.22,64,0,10000,1014,6.33,79,158,1.22,64,0,10000
1018,9.84,66,60,2.06,0,0,10000,2,0,22,9,1011,6.52,77,180,2.05,98,0,10000,1011,6.52,77,180,2.05,98,0,10000,1011,6.52,77,180,2.05,98,0,10000,1011,6.52,77,180,2.05,98,0,10000,1011,6.52,77,180,2.05,98,0,10000,1011,6.52,77,180,2.05,98,0,10000,1011,6.52,77,180,2.05,98,0,10000,1011,6.52,77,180,2.05,98,0,10000,1011,6.52,77,180,2.05,98,0,10000,1011,6.52,77,180,2.05,98,0,10000,1011,6.52,77,180,2.05,98,0,10000,1011,6.52,77,180,2.05,98,0,10000
1018,9.84,66,60,2.06,0,0,10000,5,0,22,9,1010,6.8,81,195,3.12,99,0,10000,1010,6.8,81,195,3.12,99,0,10000,1010,6.8,81,195,3.12,99,0,10000,1010,6.8,81,195,3.12,99,0,10000,1010,6.8,81,195,3.12,99,0,10000,1010,6.8,81,195,3.12,99,0,10000,1010,6.8,81,195,3.12,99,0,10000,1010,6.8,81,195,3.12,99,0,10000,1010,6.8,81,195,3.12,99,0,10000,1010,6.8,81,195,3.12,99,0,10000,1010,6.8,81,195,3.12,99,0,10000,1010,6.8,81,195,3.12,99,0,10000
1018,9.84,66,60,2.06,0,0,10000,8,0,22,9,1018,9.84,66,304,1.71,0,0,10000,1018,9.84,66,304,1.71,0,0,10000,1018,9.84,66,304,1.71,0,0,10000,1018,9.84,66,304,1.71,0,0,10000,1018,9.84,66,304,1.71,0,0,10000,1018,9.84,66,304,1.71,0,0,10000,1018,9.84,66,304,1.71,0,0,10000,1018,9.84,66,304,1.71,0,0,10000,1018,9.84,66,304,1.71,0,0,10000,1018,9.84,66,304,1.71,0,0,10000,1018,9.84,66,304,1.71,0,0,10000,1018,9.84,66,304,1.71,0,0,10000
1018,9.84,66,60,2.06,0,0,10000,11,0,22,9,1018,9.88,65,305,2.8,33,0,10000,1018,9.88,65,305,2.8,33,0,10000,1018,9.88,65,305,2.8,33,0,10000,1018,9.88,65,305,2.8,33,0,10000,1018,9.88,65,305,2.8,33,0,10000,1018,9.88,65,305,2.8,33,0,10000,1018,9.88,65,305,2.8,33,0,10000,1018,9.88,65,305,2.8,33,0,10000,1018,9.88,65,305,2.8,33,0,10000,1018,9.88,65,305,2.8,33,0,10000,1018,9.88,65,305,2.8,33,0,10000,1018,9.88,65,305,2.8,33,0,10000
1018,9.84,66,60,2.06,0,0,10000,14,0,22,9,1017,10.13,64,323,3.19,55,0,10000,1017,10.13,64,323,3.19,55,0,10000,1017,10.13,64,323,3.19,55,0,10000,1017,10.13,64,323,3.19,55,0,10000,1017,10.13,64,323,3.19,55,0,10000,1017,10.13,64,323,3.19,55,0,10000,1017,10.13,64,323,3.19,55,0,10000,1017,10.13,64,323,3.19,55,0,10000,1017,10.13,64,323,3.19,55,0,10000,1017,10.13,64,323,3.19,55,0,10000,1017,10.13,64,323,3.19,55,0,10000,1017,10.13,64,323,3.19,55,0,10000
1018,9.84,66,60,2.06,0,0,10000,17,0,22,9,1015,8.86,75,21,3.04,61,0,10000,1015,8.86,75,21,3.04,61,0,10000,1015,8.86,75,21,3.04,61,0,10000,1015,8.86,75,21,3.04,61,0,10000,1015,8.86,75,21,3.04,61,0,10000,1015,8.86,75,21,3.04,61,0,10000,1015,8.86,75,21,3.04,61,0,10000,1015,8.86,75,21,3.04,61,0,10000,1015,8.86,75,21,3.04,61,0,10000,1015,8.86,75,21,3.04,61,0,10000,1015,8.86,75,21,3.04,61,0,10000,1015,8.86,75,21,3.04,61,0,10000
1018,9.84,66,60,2.06,0,0,10000,20,0,22,9,1015,6.65,78,14,0.82,67,0,10000,1015,6.65,78,14,0.82,67,0,10000,1015,6.65,78,14,0.82,67,0,10000,1015,6.65,78,14,0.82,67,0,10000,1015,6.65,78,14,0.82,67,0,10000,1015,6.65,78,14,0.82,67,0,10000,1015,6.65,78,14,0.82,67,0,10000,1015,6.65,78,14,0.82,67,0,10000,1015,6.65,78,14,0.82,67,0,10000,1015,6.65,78,14,0.82,67,0,10000,1015,6.65,78,14,0.82,67,0,10000,1015,6.65,78,14,0.82,67,0,10000
1018,9.84,66,60,2.06,0,0,10000,23,0,22,9,1014,6.33,79,158,1.22,64,0,10000,1014,6.33,79,158,1.22,64,0,10000,1014,6.33,79,158,1.22,64,0,10000,1014,6.33,79,158,1.22,64,0,10000,1014,6.33,79,158,1.22,64,0,10000,1014,6.33,79,158,1.22,64,0,10000,1014,6.33,79,158,1.22,64,0,10000,1014,6.33,79,158,1.22,64,0,10000,1014,6.33,79,158,1.22,64,0,10000,1014,6.33,79,158,1.22,64,0,10000,1014,6.33,79,158,1.22,64,0,10000,1014,6.33,79,158,1.22,64,0,10000
